0,1,2
2.25056153794867e-06,0.0,1.4436915171245347e-06
4.2671739429351873e-05,1.233624367387165e-05,1.945662332673237e-05
4.288449315936305e-05,1.3621390592106763e-05,1.958682920303545e-05
4.274764787624008e-05,1.3751734282436701e-05,1.8948496992834408e-05
4.291473813282209e-05,1.3297779156573597e-05,1.966879731867266e-05
4.291846173146041e-05,1.3673755729541881e-05,1.9419205129906915e-05
4.268613056410686e-05,1.35403445369775e-05,1.9276037560302938e-05
4.296706647437532e-05,1.3583105559291653e-05,2.0094214238497444e-05
4.284809801902156e-05,1.365599652160654e-05,1.9057435658851317e-05
4.2619178020686374e-05,1.3543817638748124e-05,1.9547861285502676e-05
4.298811720218509e-05,2.015654846303505e-05,1.909943762445465e-05
4.252148015439161e-05,1.5404177230493587e-05,2.069829547963309e-05
4.280194076272892e-05,2.3009794291510842e-05,1.9373278767496062e-05
4.2243163716193524e-05,2.1347605426313975e-05,1.9554780537873738e-05
4.124121872280284e-05,1.9809105847237164e-05,1.9240607884967175e-05
4.3825383080076105e-05,1.5842531692260574e-05,1.91256640755455e-05
4.564723796590897e-05,1.5458688121725572e-05,1.9765648507927834e-05
4.097018731328686e-05,1.4045733485943402e-05,1.9616609392869577e-05
4.424016012762877e-05,1.4876042133664668e-05,1.886016852040484e-05
4.254084436524863e-05,1.3439562203352296e-05,1.942573264841485e-05
4.26357745709538e-05,1.3988341441972807e-05,1.949122329278907e-05
4.2738340089272244e-05,1.383941120707277e-05,1.874333237992687e-05
4.270423880370799e-05,1.351826750209284e-05,1.899135888379533e-05
4.185527001936862e-05,1.3757711557502716e-05,1.9907805744878714e-05
4.3571973019425056e-05,1.4281170545942246e-05,1.9968571523349963e-05
4.2429318182257705e-05,1.306113643096296e-05,1.97646393235118e-05
4.3143606599187476e-05,1.3591309123235362e-05,1.9145062951793078e-05
4.1775953040996685e-05,1.3740444859422497e-05,1.9008796152775175e-05
4.1529838172209564e-05,1.3568740660048207e-05,1.9264693783043186e-05
4.150220418523531e-05,1.3744423898742753e-05,1.939960840900312e-05
4.172277182078687e-05,1.3299490013878313e-05,1.910094812501484e-05
4.1555521556801976e-05,1.3984834221218988e-05,1.957067905095755e-05
4.19782297922211e-05,1.349311970642475e-05,1.9524937406458776e-05
4.243397525897308e-05,1.3111499192746124e-05,1.9658375395010806e-05
4.293768080060545e-05,1.3147387665526367e-05,1.9558170370146398e-05
4.253858344782202e-05,1.2864441329156762e-05,1.9864680571117787e-05
4.282020591745095e-05,1.3869377464175158e-05,1.958115435172658e-05
4.288696350158716e-05,1.3232858618650312e-05,1.9454051457614696e-05
4.327378717789543e-05,1.318000455029278e-05,1.9368922535250023e-05
4.297180712910631e-05,1.3776519501789153e-05,1.9603130385803525e-05
4.208454260151484e-05,1.366208841233174e-05,1.954529197064403e-05
4.2724176751107734e-05,1.3640763293096824e-05,1.9575384567360742e-05
4.268343313015066e-05,1.3478200920644667e-05,2.036525071197559e-05
4.323062565163127e-05,1.3162092043330631e-05,2.0157003585126177e-05
4.184688577652196e-05,1.3586111410859303e-05,1.955111321876757e-05
4.3058519049736785e-05,1.3626771356030076e-05,1.957035874511348e-05
4.320272551922244e-05,1.3438747100735781e-05,1.928232718455547e-05
4.1605370096249314e-05,1.3554807073887787e-05,2.00802430845215e-05
4.537820110613211e-05,1.3394641348440927e-05,1.9299533259982127e-05
4.626392025613768e-05,1.3623172035295284e-05,1.9497128500916007e-05
5.232469896846226e-05,1.3166406490654481e-05,2.013448867273837e-05
5.2074846838152665e-05,1.3542300941367102e-05,1.9475789617899863e-05
6.367425798750048e-05,1.4634949758374205e-05,1.8958758083726934e-05
5.302207441204132e-05,1.353548568943097e-05,2.0180776534743927e-05
5.652626286291706e-05,1.3753481170510894e-05,1.9113883095087658e-05
6.128344492125848e-05,1.388831224105047e-05,2.037109184129804e-05
4.528656313027568e-05,1.3803352526338131e-05,1.9405238076615207e-05
4.533557308933567e-05,1.4235495264074416e-05,1.9543744701877586e-05
5.5907251849163234e-05,1.335431885735261e-05,1.983301429390849e-05
5.994418645684618e-05,1.3741861747291751e-05,2.0855274765381182e-05
6.424558736512154e-05,1.3727531298002305e-05,1.852617204804119e-05
5.09898579343826e-05,1.3711710247790165e-05,1.9316471998536145e-05
4.511482097868225e-05,1.3337791375249707e-05,1.8854255164484356e-05
5.978063824315427e-05,1.486086515726015e-05,2.082322671185466e-05
6.009432099048695e-05,1.3211443756517837e-05,1.874768666766613e-05
4.374129930994286e-05,1.3472126642000149e-05,2.0007934422210384e-05
4.2011684545286695e-05,1.4431254470750332e-05,1.8716505037446042e-05
4.1392146977159426e-05,1.2912193808674033e-05,2.038610031377175e-05
4.132227821173729e-05,1.306565047229924e-05,1.8103619113389867e-05
4.160941270129115e-05,1.4051053122798862e-05,2.873529897307492e-05
4.185681667877361e-05,1.4143359276488354e-05,1.795517131348845e-05
4.287536190531682e-05,1.7313805669303406e-05,2.249405637115842e-05
4.249821513440111e-05,1.4839492398266429e-05,2.119637201445812e-05
4.291955574444728e-05,1.4794655649765787e-05,2.066368084683745e-05
4.253424538546824e-05,1.5085666963301491e-05,3.39590657672062e-05
4.289148997486336e-05,1.7083494122722697e-05,1.781878404131021e-05
4.279308177501662e-05,1.3605003507137781e-05,2.015978901511062e-05
4.196022413452738e-05,1.3449507705445284e-05,1.963445598448743e-05
4.226779288728721e-05,1.3752354705047765e-05,2.0798753075723654e-05
4.2690726040746085e-05,1.3215902281391577e-05,2.223503767368129e-05
4.295063992685755e-05,1.5265705436142695e-05,1.9693647868734842e-05
4.2818612264454714e-05,1.3362919002730677e-05,1.9559562279027887e-05
4.226103799737757e-05,1.3657795211656775e-05,1.9938171258218064e-05
4.356281955438135e-05,1.3491443713462559e-05,1.934456867275003e-05
4.239012273728804e-05,1.3724388147693389e-05,1.9580760076678418e-05
4.2578465677252095e-05,1.3480049883582978e-05,1.9642964552986086e-05
4.379979076361451e-05,1.3645179039372125e-05,1.9410740474086197e-05
4.219630183797563e-05,1.3630146795549081e-05,1.9553935053409078e-05
4.2765540856635196e-05,1.4479274035892331e-05,1.9338656366016948e-05
4.207937008914087e-05,1.3561276319080662e-05,1.942311962011445e-05
4.304195439544856e-05,1.5037302235327843e-05,1.9610501062743424e-05
4.268842249075533e-05,1.4686583104719376e-05,1.955254721451638e-05
4.264403018169105e-05,1.534386686387279e-05,2.1908298610355814e-05
4.278988226360525e-05,1.831488942379167e-05,2.080304536264066e-05
4.273389236914227e-05,2.5393017371015957e-05,2.3408693427882098e-05
4.268102440619259e-05,2.431200161110425e-05,2.0243559533525967e-05
4.266983904017252e-05,3.1002628042235967e-05,2.4516686548494705e-05
4.284912070943392e-05,1.6700974230730027e-05,2.369217389134093e-05
4.258449662302155e-05,1.4669973130096991e-05,2.1742504835771114e-05
4.2828347304748604e-05,1.647091553879321e-05,2.301901916681004e-05
4.2571791800583016e-05,1.5016471210600458e-05,2.529755946397927e-05
4.2771914977493e-05,2.2890759118538994e-05,2.0406824083103458e-05
4.2681192426243796e-05,3.682605674256933e-05,1.988170438291803e-05
4.252052331139566e-05,3.231184117439057e-05,1.8940285708595185e-05
4.2668723399401645e-05,3.3763814991871755e-05,1.942869579579565e-05
4.24597627716139e-05,5.002448265287285e-05,1.9258374545643165e-05
4.293263706131256e-05,2.346903003967782e-05,1.9744742903640145e-05
4.260968620656058e-05,2.598284155808983e-05,2.115379101041981e-05
4.256097707184381e-05,1.5546458205264458e-05,2.2324740560009104e-05
4.283752508854377e-05,3.304337702246585e-05,2.2853336600832107e-05
4.259992914185773e-05,5.902656222730229e-05,1.947883680713858e-05
4.536026960778372e-05,4.1601863053699616e-05,1.9481750250633922e-05
4.332561758928932e-05,3.059288431300544e-05,1.9547253514247133e-05
4.2325711001467424e-05,2.5531232549909078e-05,2.0104402767060493e-05
4.2824129013752096e-05,2.008630870349748e-05,1.906324866979503e-05
4.2812882511498174e-05,2.226035642202362e-05,1.9582012437240338e-05
4.2914359655696897e-05,3.3064512498413025e-05,1.9341202460054774e-05
4.551289606919085e-05,3.574973517913804e-05,1.943898499121133e-05
4.1946916044253155e-05,2.6433834003682934e-05,1.9486850128487276e-05
4.240710663907521e-05,3.4890663528948094e-05,1.90777312445789e-05
4.340804097864748e-05,2.4520640412788452e-05,1.9098449170087405e-05
4.197045255750709e-05,2.949982817805008e-05,1.943662920893985e-05
4.282991147192661e-05,3.30078706554815e-05,1.9701671342851058e-05
4.134804836667172e-05,2.070625577871965e-05,1.881854100702185e-05
4.402840522175211e-05,1.7499896131596415e-05,1.9108948340544884e-05
4.676506070914854e-05,2.4628198731733163e-05,1.950987958935002e-05
4.7585877740772276e-05,2.0991596159802838e-05,1.93176556376784e-05
5.031203717948074e-05,3.666307802546953e-05,1.9566808268791648e-05
5.787899545680375e-05,3.198696547509261e-05,1.9535997471393784e-05
5.365830364894464e-05,4.1922056524583695e-05,1.963413471912645e-05
6.591389266922931e-05,3.4087163792690945e-05,1.9209331403544637e-05
4.5860742882979366e-05,3.093498022153085e-05,1.9355878253008994e-05
4.179201991973969e-05,2.9171247226713604e-05,2.4931636478271457e-05
4.300347434764262e-05,3.887184468595706e-05,2.9690471866814504e-05
4.259763940353878e-05,4.724468232737422e-05,2.2925551643595554e-05
4.281124300177907e-05,4.5069350311450765e-05,3.615945892292416e-05
4.274308786989422e-05,3.224728700459423e-05,3.5104960128151674e-05
4.232810414578125e-05,3.2600693246820354e-05,1.9149939464710997e-05
5.1548732801336425e-05,3.11128412528916e-05,1.8872879340960935e-05
7.968649959146035e-05,5.836979630942096e-05,1.9732143637156697e-05
7.788966398550201e-05,5.290477693847606e-05,1.9471989569410654e-05
8.747428761296305e-05,4.0882659888268336e-05,1.9546815376543237e-05
8.242265603144006e-05,4.0010125209377634e-05,1.896474022032635e-05
7.770377893734804e-05,3.566437185568816e-05,1.8922795668459002e-05
6.701307378193633e-05,3.761618732042393e-05,1.9647262356556893e-05
4.8271808693698404e-05,2.685536470551142e-05,2.0934487557582316e-05
4.329483254878142e-05,2.411689640574366e-05,2.204395720447394e-05
4.250071628121077e-05,2.9683090444194702e-05,3.0318172499068652e-05
4.2588010110193864e-05,2.6325141468745982e-05,3.9314489905923896e-05
4.1968499499489556e-05,2.4171341143528478e-05,4.541453361724734e-05
4.249324455486203e-05,2.953026029075545e-05,2.9343760108133665e-05
4.863500597735992e-05,2.870960324995231e-05,1.9806840218734577e-05
6.663477320770993e-05,4.332489599534029e-05,1.8815627422554827e-05
9.178947672410232e-05,5.110861578884851e-05,1.9491040703769613e-05
7.615718153758166e-05,4.761931590380186e-05,1.968342307009152e-05
0.00011664560088320286,4.4583716178294705e-05,1.9453496415735573e-05
0.00011687000847125261,4.016912222247981e-05,1.894072503773714e-05
0.00012347172998758538,3.578486727789709e-05,1.9084662444583955e-05
6.252724336690107e-05,3.410487103629123e-05,2.0141786831118224e-05
4.331803323566419e-05,3.0499244474189167e-05,2.1112431053964543e-05
4.2136588639181124e-05,3.395530258451629e-05,2.2802571539557448e-05
4.3048561819887255e-05,2.86288098783416e-05,3.251689018256343e-05
4.228510617394932e-05,2.664744393356955e-05,4.149180776579442e-05
4.2917723876598755e-05,3.33215703966161e-05,3.2957685644063873e-05
4.2756976508826486e-05,2.5778386067258907e-05,4.254127371126515e-05
4.2994410840719865e-05,2.6528515847341616e-05,2.269332971025051e-05
5.521802320174629e-05,4.4709481581151064e-05,1.9295329562396545e-05
9.201160313352829e-05,6.28651574821859e-05,1.965152951015625e-05
0.00011452868720652987,4.5478564638941066e-05,1.9715598680818404e-05
0.00011771962846580663,5.95756954244564e-05,1.899519057740662e-05
9.602829558787107e-05,4.559093420891003e-05,1.981123135030849e-05
0.00012133991182963655,3.843207703866369e-05,2.0406854839620793e-05
8.980165715911425e-05,4.161425627756898e-05,1.999715360625487e-05
6.768753138402416e-05,3.6356384470366265e-05,1.9544576007319845e-05
4.442889329766331e-05,3.9012194448382335e-05,2.85573403235162e-05
4.317469033594534e-05,5.214454697732407e-05,4.1234724951806355e-05
4.258352913893759e-05,4.371542108351889e-05,4.416366439883746e-05
4.288537662432645e-05,4.102226528502228e-05,4.452493024462711e-05
4.25774703398929e-05,3.983976258382427e-05,4.024464458808552e-05
4.2305792838988054e-05,3.4332755112131964e-05,2.3721401230334393e-05
5.7322734750471224e-05,4.1221060190537176e-05,1.9222309585984476e-05
0.00011229807938434533,8.083583772467761e-05,2.119765241161531e-05
0.0001406835975353715,6.54904963104741e-05,1.9633515710637538e-05
0.00010844027839596038,7.714838964130166e-05,1.9772025869571052e-05
0.00013352418513292718,6.714749458502922e-05,2.142920067079501e-05
0.0001484648313504522,6.475110013724361e-05,2.267017034910168e-05
6.009084673792131e-05,4.049234885883379e-05,1.63831326789321e-05
5.2550698987587907e-05,3.860987161658613e-05,2.2642944558981525e-05
4.271203548853464e-05,3.896952769298912e-05,2.2568181526736454e-05
4.3217914753768125e-05,4.6475743227176734e-05,3.376506340401875e-05
4.250177612448169e-05,3.31566693773766e-05,4.4157463478384785e-05
4.27225755629479e-05,3.65833316300268e-05,4.223034157718075e-05
4.288898860977497e-05,3.6218793478539626e-05,3.3091966293623546e-05
4.4675413785171256e-05,3.7176111736414444e-05,2.2874658060629827e-05
6.868171794081945e-05,3.9316219172036424e-05,1.9894731999556824e-05
9.574306459041892e-05,6.899984527358071e-05,2.043727591996003e-05
0.00012289546154590881,7.917583547850882e-05,1.903001586981201e-05
0.00016253321749672977,5.861280206715946e-05,2.1020744761433008e-05
0.0001610860974502515,6.548180582342411e-05,2.0866095321281365e-05
0.0001642892885206493,4.7933643444224575e-05,1.9258400326158664e-05
8.04021596421478e-05,3.1935991141551765e-05,2.1517040303944414e-05
5.4312845276172086e-05,3.9867747955781854e-05,2.5375619406249328e-05
4.1780903784456315e-05,3.643921849061371e-05,3.3210435133881335e-05
4.3161756584595425e-05,3.907162168708567e-05,3.2837868398356565e-05
4.28702016142779e-05,3.9945392948705914e-05,3.249718816647373e-05
4.27363503149536e-05,3.624884543782514e-05,3.808824831025959e-05
4.789128748264204e-05,3.791259370075295e-05,1.940177692489442e-05
6.095159222166302e-05,4.6404178716237255e-05,2.027603009082668e-05
9.353868743147586e-05,5.801691436133183e-05,1.9352283400664305e-05
0.00010966453983684233,5.60836037330148e-05,1.893722113173624e-05
0.00013340625842012344,4.64789300720847e-05,2.020366253134398e-05
0.00012545156233642274,5.132418467155731e-05,1.9213221487568433e-05
0.00014944622073159052,5.122180722139546e-05,1.9838421223994374e-05
7.524153830672731e-05,3.399584270759703e-05,2.109441312995841e-05
5.017840738446466e-05,3.570257817685274e-05,1.946498692923626e-05
4.432859163898684e-05,4.3196759056201016e-05,2.8407441834126246e-05
4.2704474071797446e-05,5.613522294794393e-05,3.951756687705199e-05
4.2518779082456604e-05,4.763217292264699e-05,3.29059414052324e-05
4.289961710128409e-05,4.986497574587467e-05,4.0365259628067916e-05
4.235445150328587e-05,5.2439034346722925e-05,2.1942423626200024e-05
4.6431097548520487e-05,3.7517353583780277e-05,2.1388565415350058e-05
8.532034536658628e-05,4.5510698127575467e-05,1.9986803415577015e-05
0.00014447102448229997,7.873252292313282e-05,1.8944731577423824e-05
0.00013252237828282888,7.549530242670244e-05,2.049123475961423e-05
0.00012128682798149271,7.582694939515023e-05,2.041129025741384e-05
0.0001385324521389464,5.588488716703921e-05,1.9807804606912782e-05
0.0001130678568085841,5.062829029355953e-05,2.0452890558431137e-05
9.953223412480839e-05,4.870929252888345e-05,1.973769800301284e-05
4.22681186751106e-05,3.7443641051595474e-05,3.267234113621953e-05
4.4125822208798125e-05,3.723439418820362e-05,3.180479365155975e-05
4.28038852987811e-05,5.3927538288292e-05,3.175865014114265e-05
4.3084063418064036e-05,3.3800960729308826e-05,4.5186991498979975e-05
4.2385269262013024e-05,3.636997030888267e-05,3.8045931750900765e-05
4.247584190125053e-05,3.6814346880191804e-05,4.085077738867682e-05
4.222519297428562e-05,3.8724149413233986e-05,2.031083579137061e-05
5.667721964286443e-05,4.379054366097535e-05,1.9092912659743887e-05
7.371262802443823e-05,0.00011995266027886142,2.0304818292515847e-05
8.458689430369759e-05,0.00012072520741128301,1.917992487534548e-05
0.00011819489055639565,0.00012386408050730325,1.9726812330276288e-05
0.00014314086254216818,8.826886206350081e-05,2.183114062546565e-05
0.00012499695941414757,7.077716038381254e-05,2.0448747669092882e-05
0.00012520494631417022,7.185001520785938e-05,2.0527764316167206e-05
6.69956722435927e-05,3.6041870586132064e-05,1.946711719682248e-05
4.156680372943811e-05,4.826366274016891e-05,3.532345629443157e-05
4.300908117329527e-05,4.387387383758323e-05,3.264414387608383e-05
4.284853644094255e-05,3.0650924484803e-05,2.516629944665283e-05
4.5526305872272136e-05,3.43082546915241e-05,2.0416012658870387e-05
5.3679390988747854e-05,3.992533209157045e-05,1.921472055528284e-05
8.867615236795246e-05,1.8266213170647917e-05,1.9251344342592345e-05
0.0001375654976760643,2.346357970687052e-05,2.055175173268253e-05
0.00012734183770803044,2.721351331326005e-05,1.9803448918480626e-05
8.791000765398849e-05,3.8493093359051046e-05,2.0756020397456608e-05
0.0001554065921801806,4.4149100948871475e-05,2.005533577147389e-05
0.00014025539614465288,4.640052445111564e-05,2.130136006751826e-05
7.974162373216132e-05,4.0458512351975175e-05,2.588242421062148e-05
4.182515046522895e-05,5.252356971418237e-05,4.7927388917230476e-05
4.270934367923474e-05,6.819334172121216e-05,4.115192909655896e-05
4.220362603518879e-05,5.4734401563010235e-05,2.8492541553895025e-05
4.494097793454443e-05,3.811715140557226e-05,2.684191091571364e-05
6.18767735629433e-05,4.567298990551194e-05,2.0524314302292623e-05
8.276011309874321e-05,4.160479507842041e-05,1.873109471034695e-05
8.091175576794286e-05,3.4964465536262425e-05,2.0232060501257364e-05
0.0001002028935194943,6.158633943384117e-05,1.9402723634840412e-05
0.00010748169361590954,5.751469407327292e-05,1.95100496955547e-05
0.00010184771362204969,4.906621554027879e-05,1.89197746676939e-05
0.00011589478318285273,4.311843475903743e-05,1.9473958748221775e-05
8.447770733368998e-05,5.454990892815204e-05,2.2737929336926756e-05
4.0266426904054245e-05,4.9113316728721655e-05,4.285756990142886e-05
4.2883152818831146e-05,8.661058982767144e-05,7.07316963280391e-05
4.2704655297711727e-05,5.2071313335488866e-05,4.534530748429688e-05
4.325128812524781e-05,5.050397718378008e-05,4.347401274685581e-05
4.147643431224424e-05,3.851395625282805e-05,3.5151534294044496e-05
5.6103930210724686e-05,3.428176352429091e-05,2.293307684212209e-05
7.7670395338032e-05,5.8214156827016693e-05,1.8725418829035335e-05
9.112447389348687e-05,6.520222609363912e-05,1.9570114673115314e-05
9.752933193279745e-05,8.423734482079225e-05,1.9370775564198085e-05
0.00013836728689966548,7.344882982920353e-05,1.991129779710832e-05
0.00014412217725009668,7.239707485325653e-05,2.1003408302533445e-05
9.974553068246905e-05,5.09868665673352e-05,2.008922959788606e-05
5.023711950229881e-05,3.719787367813865e-05,2.5099836034038204e-05
4.639345998839417e-05,6.0567919901881595e-05,2.6194750996708648e-05
4.3085466231786995e-05,6.732274264678039e-05,5.326123667700244e-05
4.269342838597367e-05,7.113774570541409e-05,5.0698916692937245e-05
4.2812100728042426e-05,4.457995316638375e-05,5.316944397293355e-05
5.3201046583239986e-05,3.3136949207843717e-05,2.459952493207851e-05
6.922220194383044e-05,4.616168743936555e-05,2.2106450115799703e-05
6.135598471644243e-05,3.0761771553411424e-05,1.9427100195912316e-05
7.278224769677877e-05,7.28158666612444e-05,1.868178521021946e-05
9.696696613403332e-05,7.529119368742343e-05,1.9872820334683184e-05
0.00011390546884626929,8.324490339568946e-05,2.0788132868743146e-05
0.00016679875652130248,7.366165022972382e-05,2.0408154828288616e-05
0.00012736587617382612,6.052788833073919e-05,1.9121771688688226e-05
9.28678394416238e-05,4.781523253853948e-05,2.0298248703767285e-05
4.210884210806398e-05,4.011301623967789e-05,3.556277263536245e-05
4.145856882132648e-05,7.31515792936932e-05,4.3170116920236976e-05
4.298863230360439e-05,6.594504374788812e-05,4.2795718827619565e-05
4.277571375496336e-05,3.9603131253187484e-05,3.390092629587116e-05
4.609270167378554e-05,3.9340467566901794e-05,2.4626193817880447e-05
6.471345586248844e-05,4.7763941249883146e-05,2.0259884256574877e-05
8.479705484134569e-05,7.132949757846063e-05,1.8963996971024245e-05
9.80772174023059e-05,6.36824829527427e-05,1.947895587248283e-05
0.00011256465692980555,6.923246141283812e-05,1.9671144662822826e-05
0.00012242147662291813,5.970899774826677e-05,1.8600586653718664e-05
0.0001334951472699686,6.773744212487998e-05,2.1637573882475893e-05
0.00013083930968491587,5.7257479015504485e-05,1.9932617420792554e-05
9.564256427495366e-05,4.988635749612058e-05,2.0382660688653688e-05
4.4997224337066654e-05,4.857445047846909e-05,3.1141497252455966e-05
4.2471635015317585e-05,4.6158924139376725e-05,3.8147728030253344e-05
4.229967450555705e-05,4.412734572916577e-05,4.1548332549865564e-05
4.2789187464222774e-05,4.5384592993613636e-05,3.261619110986658e-05
4.2805224691733204e-05,3.383079834236469e-05,2.4590697538258155e-05
5.1032931466465925e-05,2.6105133129377122e-05,2.0402405712047768e-05
8.251593945601598e-05,1.7959477521998223e-05,1.904606837342726e-05
0.0001329843466106695,3.982354678865152e-05,2.0655099772568518e-05
0.00016175055324254116,3.9024546218797695e-05,2.042695748414758e-05
0.00014494410759340325,2.8796639889883126e-05,2.2226048714948376e-05
0.00020770143187846202,3.98235082360543e-05,2.1054478884607874e-05
0.00014563190941373704,5.4072795665351944e-05,2.1936627580030344e-05
0.0001172629670104186,4.008521453302549e-05,2.715888334051897e-05
4.2603875043027985e-05,3.4810912618223885e-05,4.869290641174473e-05
4.247098607720545e-05,3.927904491156653e-05,5.1748442110977066e-05
4.420022357408016e-05,5.1360324255025346e-05,3.2672348929025926e-05
4.304436248446564e-05,2.5001707391894e-05,5.684207677662201e-05
4.5062204100361215e-05,2.4178275221871102e-05,2.1018671995622906e-05
7.994010452517131e-05,4.514106299296827e-05,1.870255641051699e-05
9.778241602077742e-05,5.4532552048343066e-05,2.0401318666927183e-05
0.00013264200295637352,4.98127013386096e-05,1.938401710674498e-05
0.0001210811741947282,4.1014126299643294e-05,2.0033084954604874e-05
0.00012610363565670468,4.6760810463979395e-05,2.2637719940803435e-05
0.0001465316952305784,4.4928610607826157e-05,1.9886181882355913e-05
0.00014739247603529293,4.6269033726247246e-05,2.031479045799145e-05
0.00013531866253387647,4.6630700120680044e-05,2.4105199214545793e-05
5.0105848274029086e-05,5.549193560167254e-05,2.7898529397987205e-05
4.2616942164386276e-05,5.500485990509674e-05,3.9631980357484056e-05
4.29200957842113e-05,5.1507710085161305e-05,3.662147542144112e-05
4.208755830404698e-05,3.690730165359923e-05,2.6842837258129748e-05
4.287637158995494e-05,3.135883465049005e-05,2.4942907827885107e-05
5.3717936919568385e-05,2.4635553713494574e-05,2.0259118346075412e-05
7.049101480820497e-05,2.8893362607220752e-05,1.8105252540863147e-05
0.00010524580406581663,6.659659486700776e-05,1.9796447437201437e-05
0.00011082184758436142,6.901921355364493e-05,2.1057809158264716e-05
0.00015249646841368757,5.615406927518052e-05,1.971337942087814e-05
0.00014032219291471026,4.86086600826674e-05,1.9937407851102763e-05
0.00014692180119936892,6.55158036917669e-05,1.9612960198642783e-05
9.782564294576802e-05,5.740030570194676e-05,2.3420982995148167e-05
4.839154769069154e-05,3.621136421415372e-05,2.8306830472955012e-05
4.1866134797601265e-05,3.9251181531341216e-05,3.420167761703396e-05
4.276105921235285e-05,3.6279768488256534e-05,2.7984275732784168e-05
4.2545403803160296e-05,2.85131678756656e-05,2.547864252434806e-05
4.3007889962609626e-05,2.2672823615721426e-05,1.994771974820786e-05
5.512572452559539e-05,2.520805738683407e-05,2.0194677772451542e-05
6.897003049893157e-05,3.223315220685308e-05,1.9938883382337736e-05
0.00011011885222984574,3.867584341776365e-05,1.8845067747985668e-05
0.00012416900923369666,3.8966371847948265e-05,2.0645319166447963e-05
0.00015286654171262626,3.8589015095187306e-05,1.867069898754181e-05
0.00024186227362861247,3.368203996259922e-05,2.033603570502862e-05
0.00015958816976933577,3.487152030571927e-05,2.137221304245429e-05
7.828825712959287e-05,2.4755822494562095e-05,2.3998690682560664e-05
4.203445100131375e-05,3.934916883579831e-05,2.210616903077778e-05
4.3091457259833985e-05,3.811856317099682e-05,2.7000278367665943e-05
4.257801883795764e-05,3.556802987873198e-05,3.423567615165268e-05
4.290421373298159e-05,2.9354954575921967e-05,2.9071227951078525e-05
4.248709034072817e-05,1.873000623884735e-05,2.648777956796522e-05
4.5197189474492913e-05,1.411650484747895e-05,1.946752034655219e-05
7.492516755007728e-05,1.5534259404503815e-05,2.0028350950269668e-05
9.588368908225675e-05,2.8622031901337496e-05,2.012442581595053e-05
0.00011468580998638344,4.503862856779506e-05,1.9349020484042967e-05
0.00015245056670437407,4.452350721564358e-05,2.0422062462088773e-05
0.00019189122179056996,3.164585442659629e-05,2.054640945644337e-05
0.0001611077407733319,3.167130538654917e-05,2.066462419819004e-05
0.00017274008320043775,3.0791913641223804e-05,2.5439784003182807e-05
0.00010361406541491647,3.735156681443641e-05,3.110308600675182e-05
4.477557895484097e-05,5.34621970120952e-05,3.830629472254543e-05
4.2747386323753745e-05,4.093015195962835e-05,2.8713179732591245e-05
4.260983698259224e-05,4.518675347895851e-05,4.453174880438837e-05
4.3107519377372225e-05,2.3418236928200998e-05,3.0170322644380577e-05
4.3201694306844726e-05,2.7277050175200657e-05,2.3371561163116894e-05
4.978710215709725e-05,1.8331014314014737e-05,1.934584752234514e-05
8.4162737796305e-05,1.920664608576317e-05,1.891364664743378e-05
7.318513686385586e-05,5.117879201741005e-05,2.064682606849999e-05
0.00015671926817987014,3.2896897956504744e-05,1.9714266908259503e-05
0.00020429879343959457,3.304690990560744e-05,2.0634333732516553e-05
0.0002174773608561509,2.57747135349895e-05,2.0547930863017427e-05
0.00018947263972421524,3.986001058308375e-05,2.4138378864648758e-05
0.00013907554611392926,2.7734861527561882e-05,2.2739113722707318e-05
8.02844523113322e-05,3.6515473323675e-05,2.268235185223233e-05
4.189201814369881e-05,3.604492172024631e-05,4.193826956083058e-05
4.2465434380574154e-05,4.286057291338352e-05,3.559891289850015e-05
4.241043639922282e-05,2.6789020730006996e-05,2.9629370424082423e-05
4.2582956120895686e-05,2.01778874799885e-05,2.0433770813781394e-05
4.7498715128426736e-05,1.675272753857371e-05,2.0525323184301668e-05
7.685199062166249e-05,1.3717393091212671e-05,1.9668552472467126e-05
0.00011096832440671278,2.7387096003579358e-05,2.02634817787839e-05
0.00011294323226820779,3.379201615551608e-05,2.0893315857151152e-05
0.0001675298806246417,2.5121347520951075e-05,1.924761376102424e-05
0.0001518716214090432,4.368618719297501e-05,2.038423222415986e-05
0.00015908148405500812,2.9483800386174153e-05,1.9881901072835716e-05
0.0001461627988373948,3.991277762338541e-05,2.3269475694149832e-05
7.658840013906598e-05,3.273616768865395e-05,1.8279779062453372e-05
4.4225669788033885e-05,3.2829995609802155e-05,3.378630870258803e-05
4.158086883762735e-05,2.3066113893008833e-05,3.500260854366388e-05
4.29074687690445e-05,2.628584957705016e-05,4.018834562387497e-05
4.277168032785994e-05,2.6840933420544387e-05,3.4764079885079015e-05
4.263254440957098e-05,1.4389707104669469e-05,2.5946388561273182e-05
4.25690544579993e-05,1.3609258006113124e-05,2.2336632831922997e-05
6.289001311969855e-05,1.3733298688975992e-05,1.9681017697621428e-05
0.0001172279543774124,2.6498395406981957e-05,2.0077815972143753e-05
0.00014566111676344917,2.059284598615818e-05,1.9992123934571282e-05
0.00011813157431788567,2.0733193557305186e-05,2.0038310727450437e-05
0.00015586113025818803,2.4612832886390377e-05,1.759942577109541e-05
0.0001814774308289202,2.6913746510359714e-05,1.9855412630391812e-05
0.0001267780009947872,1.803810192872568e-05,2.267381612812258e-05
6.751132990757469e-05,2.350161925306793e-05,2.7632969113796647e-05
4.303559564846182e-05,5.955959290560031e-05,3.40511121907372e-05
4.2708839600891224e-05,3.3865785892430724e-05,3.8189779085726626e-05
4.2483559755055464e-05,3.1504311278780504e-05,3.321722876506783e-05
4.299011698094546e-05,2.0065790670500405e-05,3.867467869653751e-05
4.2284850769647166e-05,1.3999244847965053e-05,2.4528456531243137e-05
4.3843294761547466e-05,1.7476595872665256e-05,1.8692284677399584e-05
6.181491707451414e-05,4.029874897554464e-05,1.9002809406174492e-05
8.905486288028897e-05,6.71002014578903e-05,1.974253295792039e-05
0.00012601603942954397,5.4988619396851845e-05,2.163153208670332e-05
0.0001666438490536848,5.0435511312105775e-05,2.012842543823723e-05
0.00015887779602326014,4.1112456738421344e-05,1.836945956554814e-05
8.435418588604194e-05,3.2265538680444906e-05,2.3272592766829803e-05
4.3727324568862966e-05,2.8134184976522647e-05,2.2198110306703712e-05
4.091460022209503e-05,3.7335293156672834e-05,2.46764003526323e-05
4.27241275428969e-05,3.449616185257298e-05,3.055143310888297e-05
4.263855039425835e-05,3.1433130859568335e-05,4.3351519458809665e-05
4.27914191459422e-05,2.9292121962125017e-05,5.107885867118966e-05
4.2872785143117654e-05,2.3772925953267077e-05,3.852421045976939e-05
4.263630631612614e-05,2.335318640064088e-05,3.597435501285662e-05
4.2355076708719966e-05,1.8090774154160273e-05,2.0211924440900474e-05
7.264351876436593e-05,4.0662155776445276e-05,1.9154378342136625e-05
9.439797683910456e-05,5.416987522906425e-05,2.1353697077870494e-05
0.0001038508331719612,5.329516425376824e-05,1.9642649995716965e-05
0.00013032870657696095,4.5258954517350955e-05,2.056514523705033e-05
0.00013579387279605726,3.698478707519825e-05,2.0451975883588604e-05
0.00013839599796511948,4.046107888690642e-05,2.048725731114587e-05
8.942374042817392e-05,3.6338325763169976e-05,1.7600814408353927e-05
4.0824843055133896e-05,3.49039669221618e-05,3.719590368696402e-05
4.1084569247686886e-05,5.252002099062736e-05,4.2197925072002815e-05
4.150816498622589e-05,5.453628719661374e-05,4.340956103590088e-05
4.1540740066920986e-05,2.729710964700871e-05,5.905011486792233e-05
4.1406618247492585e-05,2.547491809407276e-05,3.49988541069024e-05
4.7559869628912565e-05,1.9773316979012633e-05,2.408300201750535e-05
6.040333162076195e-05,2.6530600879937084e-05,2.0007785788038746e-05
8.346625118875295e-05,5.021347730064463e-05,1.8775901822323248e-05
8.285765849976201e-05,3.318871183921601e-05,1.928695645347034e-05
0.00012365821929606114,3.630794263706605e-05,2.106561066270274e-05
0.0001640982155186066,3.8300821357921675e-05,2.0634921182818288e-05
0.0001575368007544853,3.073625115185052e-05,2.1508648303694143e-05
0.00014983527007554897,3.786454323677635e-05,1.9111136683385154e-05
7.556098938948707e-05,3.96164725961512e-05,2.264643154781254e-05
4.211894267427851e-05,3.819780926118455e-05,2.4965357045871885e-05
4.242747164425964e-05,3.6653211588912884e-05,3.466376221930828e-05
4.2377503068564695e-05,4.164480354923228e-05,4.598757425426925e-05
4.2352878153906204e-05,3.142375228378569e-05,3.9011235291184224e-05
4.258670325725689e-05,2.6021749182678633e-05,3.74027632369689e-05
4.284063669274474e-05,1.8397089900759055e-05,2.9343599662468024e-05
5.150621543265288e-05,2.0644207244657763e-05,1.918633394168978e-05
7.372388888398973e-05,5.867921164917078e-05,1.9711751925228782e-05
0.0001288996289872557,5.2574814139223494e-05,2.035510334224e-05
0.00010433542994348954,3.96758202016656e-05,2.1818057525706536e-05
0.0001865553626498695,5.3151567548184176e-05,2.0645447195377642e-05
0.0001672268603294924,4.754846612257779e-05,2.3311972467023877e-05
0.00014945335899511748,3.9543533327162094e-05,2.534043126928509e-05
5.534206136417197e-05,4.904441339931509e-05,3.7636327954948534e-05
4.303790772610227e-05,6.220180854029423e-05,5.664810038524592e-05
4.280646750885353e-05,5.911527491264224e-05,5.980561603983858e-05
4.2505689198151234e-05,4.88046019297883e-05,5.4294501698350926e-05
4.297533585486235e-05,5.714604475684837e-05,6.356008305289152e-05
4.9002079281308396e-05,3.265898565132375e-05,3.765402876354074e-05
7.352587962515144e-05,7.161781843990411e-05,2.004740724032672e-05
8.596220234085905e-05,7.082880873667818e-05,1.9128209138159492e-05
0.00010662949478103201,7.805607966474781e-05,2.0505181146353025e-05
0.00010724073388360011,8.04103187320493e-05,1.994415826658269e-05
0.00014133011629212432,8.653174498817861e-05,2.1486465914470898e-05
0.00011926838300610143,6.835510172962245e-05,2.157082558504442e-05
8.325530679599069e-05,5.169935667623804e-05,2.2261612952050315e-05
4.4185486927119656e-05,5.363273422460679e-05,2.3019692150896277e-05
4.2665389701141974e-05,7.084496767873815e-05,2.9196691532007435e-05
4.2710921243269694e-05,6.229818188558056e-05,3.892360001627182e-05
4.266479094440001e-05,3.682762456975297e-05,3.6673717854966984e-05
4.2693366849562154e-05,4.444469625809688e-05,3.6493499645899874e-05
4.2594848946464484e-05,2.848362287945605e-05,3.941726909811649e-05
4.503754938696147e-05,2.099288390269294e-05,3.0040679688267956e-05
8.107671046090558e-05,3.752375838521616e-05,1.959260627927506e-05
0.00010757501213149112,5.5698269572665996e-05,1.9810841119554112e-05
0.00011646764754388527,4.7727603125053974e-05,1.9728065562958364e-05
0.0001203429097951414,3.568197884053603e-05,2.251943491039743e-05
0.00013281162092823706,3.9171393047974235e-05,2.4880184065239063e-05
0.00012677908871012278,3.078445026556409e-05,2.3727186445654524e-05
0.00011675287958127001,3.095965479804619e-05,3.0539713673363164e-05
4.146260341258312e-05,4.131746669173708e-05,4.431745928343389e-05
4.328705102125241e-05,5.895978175104233e-05,3.983476460109769e-05
4.227569163049339e-05,3.787415665911453e-05,4.6287908316706706e-05
4.3131265356350924e-05,3.4630716592021214e-05,3.0239705964589802e-05
4.199995291855885e-05,3.214167943610846e-05,3.324649913395206e-05
6.205752049975643e-05,2.7751170165828398e-05,1.9588007044148982e-05
6.864942772324411e-05,3.9390661605121505e-05,1.9022859851247632e-05
8.7127940226992e-05,6.020657929695972e-05,2.2483706573837025e-05
9.992017710146684e-05,5.25838043715865e-05,1.9848733914713535e-05
0.00010739670314890759,4.765296284631404e-05,2.518356295421853e-05
0.00010731435274237811,5.791059684860933e-05,2.013844568708123e-05
5.014348486554354e-05,2.832579065298546e-05,2.0426810600469025e-05
4.2208524791931265e-05,4.526904060071501e-05,3.2027138020076505e-05
4.291207204005332e-05,5.36258099855047e-05,4.9877617011837575e-05
4.257032227542368e-05,5.537234466146401e-05,5.2592255553918224e-05
4.1741267687029903e-05,4.729384185623076e-05,3.3169588655823644e-05
4.197749136437778e-05,3.4442617450523016e-05,3.417614485712761e-05
4.141510951740201e-05,2.1556682723584686e-05,3.708940984282094e-05
4.595658277366965e-05,2.0548648474232324e-05,2.1125129796928378e-05
8.633324087711003e-05,4.084789450546633e-05,2.0106041583858315e-05
0.00012654609764695124,5.669840265134951e-05,2.1176916641536535e-05
0.00012345130720468943,4.061394518480199e-05,2.289116675044056e-05
0.0001547161386429252,3.143171241774212e-05,1.9509664022621108e-05
0.00014691186531990753,4.070070022557437e-05,2.0424903040350274e-05
8.791751415060389e-05,3.6761797899842466e-05,2.2050737079908346e-05
4.120406788047149e-05,3.7017675668025166e-05,2.4272361863921786e-05
4.310068240400255e-05,5.491911445915321e-05,3.729188272384221e-05
4.2227507565257836e-05,6.646411717468936e-05,5.0631648533254745e-05
4.2387636476632906e-05,5.2209353212946394e-05,4.6778621432785884e-05
4.302437586375163e-05,2.5968338793376233e-05,3.434644464778813e-05
4.2856352592934854e-05,2.6997719703842904e-05,2.2805650982320457e-05
4.753461350446742e-05,2.0154423243994303e-05,2.2485227048036905e-05
7.807187676924344e-05,2.1028128247131406e-05,1.9908809363187175e-05
9.27768098826931e-05,5.4291475100285426e-05,1.9220855803077085e-05
0.00016428692598879024,5.7591181307401484e-05,2.0263549180246088e-05
0.00011330608964215117,5.2994744237935265e-05,1.9453564183606888e-05
0.0001617919357545361,4.316388193721821e-05,2.1221256507715224e-05
0.00016104385588278092,5.374575961731409e-05,3.080472074119989e-05
5.881592653891765e-05,3.6593271698919236e-05,2.8568014314203084e-05
4.48264515304686e-05,4.7955210870611605e-05,4.710835869445873e-05
4.26959802643978e-05,4.99654104532965e-05,3.5612832638207694e-05
4.2613589230313664e-05,6.045213233875302e-05,5.812481540601766e-05
4.280990971892607e-05,4.940807291344384e-05,3.7908130033343925e-05
4.274831604561769e-05,2.7044787142784798e-05,3.197539372564506e-05
4.2994073792215206e-05,2.0860868778456165e-05,2.7058198706271243e-05
5.976688547690401e-05,1.862542480576046e-05,2.0102575672922284e-05
7.338458864097674e-05,2.2839359520148152e-05,1.9191493877173115e-05
0.00012202215530010107,5.7073210386420213e-05,2.2450836446878954e-05
0.00016772725453250814,5.0805254052761486e-05,2.0443211062968203e-05
0.0002220381186020859,3.889198628598933e-05,2.4093087036689553e-05
0.0001506626818508039,4.8437050145082596e-05,2.6301734004263722e-05
0.00010485675671560557,5.376664663629072e-05,4.440322960252985e-05
5.751265566232178e-05,3.749197222305156e-05,2.4519252540038395e-05
4.293286026950227e-05,3.870847092272811e-05,2.8738515711239644e-05
4.283574135115487e-05,2.5060151714910716e-05,3.204809868847746e-05
4.282138837879756e-05,2.8233383510212207e-05,3.750152461670098e-05
4.2641752861527495e-05,2.1630438176032385e-05,2.545541195615897e-05
4.2795994522748516e-05,1.3562471419277245e-05,3.1267658380045303e-05
4.259008698838329e-05,1.4117154023551848e-05,1.8564055728802487e-05
8.226747879348295e-05,4.253427510420238e-05,2.0772800354009745e-05
0.00014725360884824569,4.358426473103805e-05,2.192148737111488e-05
0.00015979525320005905,4.366608401255689e-05,1.9746314362620865e-05
0.0002119885830398971,2.91052383412449e-05,1.9580906776237582e-05
0.00010668051876820072,2.77255178870206e-05,3.97733157682012e-05
7.706951450032307e-05,2.920894762137749e-05,2.825167667282358e-05
4.493906322153407e-05,4.296198511326566e-05,2.4486481708532183e-05
4.224934416676262e-05,2.8119772120831498e-05,2.179185152851204e-05
4.2931835214403694e-05,4.2659328498473316e-05,3.8684251888128076e-05
4.285232722395449e-05,4.024840560589382e-05,3.057014321043994e-05
4.4426872591429856e-05,4.979991871280731e-05,2.427048041219848e-05
4.390080869370649e-05,9.324275678991967e-05,2.0139747963412447e-05
4.2859195928031114e-05,0.0002628852292596662,2.528893315741243e-05
4.268000627234869e-05,0.00022888650111724474,3.5372100678969786e-05
4.2742029490909774e-05,0.0002882540574455561,3.8067518699733684e-05
4.266476866177982e-05,0.00021895572872836057,3.3103855784304415e-05
4.1817116807578715e-05,0.0002468260747428985,3.483798103928848e-05
4.254702487742179e-05,0.00034607145268637394,2.8248193195885564e-05
4.264482431608485e-05,0.00034321262413072873,4.524006417142346e-05
4.2612821180227914e-05,0.000376104018135095,4.235870299154954e-05
4.274929533494287e-05,0.0002240678036108079,4.380758931390005e-05
4.276184443369857e-05,0.0002651063903087447,3.0435621389841572e-05
4.2757987102959305e-05,0.00036277843046036653,4.044013936129076e-05
4.241017240929068e-05,0.0003083294239249668,3.52705955581456e-05
4.140932032896672e-05,0.00032508057448811024,3.32423420822181e-05
4.18502946740773e-05,0.0003954883641067397,3.313875593448756e-05
4.1731423298188016e-05,0.00036146304938938556,3.691121104807849e-05
4.162183731750702e-05,0.0002984468466678436,3.0124353783342884e-05
4.168722733083996e-05,0.0003670066089239299,5.146284695360492e-05
4.1894201622199035e-05,0.000598236070850362,3.8712934662612495e-05
4.161385817496921e-05,0.0007407708822012182,4.932035725019546e-05
4.184154131507967e-05,0.0005422456778489959,4.583970483352573e-05
4.206201954730204e-05,0.0005838803359756639,4.926462560959522e-05
4.261891390342498e-05,0.0006791980666093877,6.956503887359133e-05
4.2912181252177104e-05,0.0006064436093356562,4.266595811998286e-05
4.271054654964246e-05,0.00044365196323042255,4.1221061654823645e-05
4.2595024860929695e-05,0.0004930199332159191,4.8136733483090665e-05
4.2828360892599446e-05,0.0005788436235343397,4.5008378394015835e-05
4.257025591869024e-05,0.00036918791504092496,5.016485730152453e-05
4.28386936255265e-05,0.0003596387539778334,4.400987821320257e-05
4.299044816434616e-05,0.0002879900484833797,5.431167541303239e-05
4.283932050384465e-05,0.0002647893288440173,5.708781875412683e-05
4.26936314215709e-05,0.00019437486861825448,4.657712862046637e-05
4.261637352101388e-05,0.0002104911512697072,4.649721035363541e-05
4.276581641533994e-05,0.0001910814594407384,3.293968748664611e-05
4.281316863853135e-05,8.211985261723952e-05,3.352600363243141e-05
4.278646845705225e-05,8.149611902794618e-05,2.525546085763608e-05
4.267400474418537e-05,5.8613766161101924e-05,1.8599126298681768e-05
4.267904567313962e-05,5.4833913200695864e-05,1.9358558501210154e-05
4.2789381604961816e-05,6.821786545287977e-05,1.916646983090686e-05
4.2666250719776145e-05,7.327483656496269e-05,2.2030063010376465e-05
4.285844852347509e-05,7.46818905045643e-05,1.973637347056467e-05
4.2483644992898914e-05,6.475462903207329e-05,1.9336084800301024e-05
4.271942834748188e-05,7.333659121300685e-05,2.1220929331207116e-05
4.266292080501444e-05,7.817830651681845e-05,2.146189013927824e-05
4.267732429070747e-05,8.132285807946004e-05,2.7108638239354832e-05
4.2678583959059324e-05,0.00011636489004757778,2.461539785585387e-05
4.267281237844145e-05,9.140432001458976e-05,2.297374293185328e-05
4.227598554280121e-05,8.451018727555493e-05,2.27639153695236e-05
4.210843449982349e-05,7.655478110223157e-05,2.8512167196339534e-05
4.288401990379498e-05,8.865962573594288e-05,4.1815315101985105e-05
4.2597510782798055e-05,6.520704232606533e-05,2.9201912943648268e-05
4.2677874171204165e-05,8.701285836764328e-05,2.0345640874950276e-05
4.2730704972200326e-05,0.00010509707294332316,2.87155526821703e-05
4.258711629518075e-05,8.992441968075582e-05,2.454279551216132e-05
4.277311096302583e-05,8.989108957109693e-05,3.470505871741914e-05
4.2740450244309616e-05,6.154646158051946e-05,2.659199610405949e-05
4.27342362672789e-05,8.376851824436925e-05,2.340341568423554e-05
4.279106238755048e-05,4.312235834476041e-05,3.031291069561348e-05
4.2547238954284695e-05,3.9550676617352566e-05,2.4541904744808106e-05
4.2859847599174825e-05,4.6042189730464145e-05,3.558910513874025e-05
4.273405447747791e-05,3.6279907613803175e-05,2.244604764925384e-05
4.275395127478987e-05,4.49807047516515e-05,2.5446826666950527e-05
4.268524962753872e-05,4.222479853524419e-05,2.672078907608011e-05
4.1912430933734864e-05,3.709167551136261e-05,2.873840643019321e-05
4.248580858984497e-05,4.6358482394737165e-05,2.5126253193974436e-05
4.2590587199811125e-05,4.9874156037503784e-05,2.290088591067274e-05
4.27254608621297e-05,5.0915658211003743e-05,2.6436629315043093e-05
4.253655857610283e-05,3.923273387982818e-05,2.060798562276034e-05
4.279842378309695e-05,3.7861951466453546e-05,2.6581597396155844e-05
4.2636694852262733e-05,3.7356087108264544e-05,2.00815936470633e-05
4.256737143805367e-05,4.8276242783913406e-05,1.990833649756496e-05
4.271672887625755e-05,4.351554135407554e-05,2.4015079535715246e-05
4.264908307959558e-05,3.965144583581548e-05,2.282356370187699e-05
4.28205307071039e-05,5.6162277268043684e-05,2.4552815278227058e-05
4.2476615326449974e-05,4.537751621683128e-05,2.1364904721110634e-05
4.238459623593371e-05,4.546728907151021e-05,2.4776939001753816e-05
4.220452208755887e-05,5.404234684505127e-05,2.5711799909871046e-05
4.277435717085609e-05,5.118855628950314e-05,2.265714301145749e-05
4.2864944916800595e-05,4.7205731342501166e-05,2.1290738110861796e-05
4.2604403588484275e-05,4.093818889653988e-05,2.305077424978208e-05
4.2667066536523636e-05,4.334833519124004e-05,2.1516663076113217e-05
4.2921037129417526e-05,4.9885643252096656e-05,2.2870180264833452e-05
4.309596244638669e-05,4.428811484743278e-05,2.489217178812453e-05
4.265696996299084e-05,4.557086060898996e-05,1.9847880718657507e-05
4.2598803411237895e-05,4.0134060476759714e-05,2.1511463362742233e-05
4.277967320376774e-05,3.6926094804243806e-05,2.0268145901241043e-05
4.28873056989687e-05,4.035116925081184e-05,2.1335371798176795e-05
4.256054806319298e-05,3.824851312536737e-05,2.1863911107118384e-05
4.268195987606305e-05,3.380274497693847e-05,2.033599272706965e-05
4.288560334316571e-05,4.2060955118330414e-05,2.2276382659498494e-05
4.261618079908658e-05,4.354914735785087e-05,2.128296042059219e-05
4.2743237791000866e-05,3.4351517042328084e-05,1.916473343499092e-05
4.2518502741586414e-05,4.4679569813297346e-05,1.8939663179651232e-05
4.279572720406577e-05,4.5967787313507814e-05,2.0924715827277395e-05
4.287064153686515e-05,2.9333453273920895e-05,2.186126584263093e-05
4.2469427826290483e-05,2.8086635035968755e-05,2.109779045667892e-05
4.283482387108961e-05,3.756321325937506e-05,1.9740899952012113e-05
4.1555159318704684e-05,3.1783681871075944e-05,1.961815262802702e-05
4.8132219008607534e-05,4.569617342419896e-05,1.9002851695404387e-05
4.7442807133926126e-05,4.158760539460182e-05,2.146586569779174e-05
5.331874863713892e-05,3.841962764305151e-05,1.950176437532036e-05
4.305268588119304e-05,4.072691451892929e-05,1.916141319725284e-05
5.570096171481964e-05,2.1545488723440086e-05,1.9275277463748352e-05
4.5420072417243774e-05,3.7737094453405005e-05,2.0047860816703176e-05
8.853343926205071e-05,3.291129759702471e-05,1.9984131813544082e-05
6.32638557175369e-05,2.7518889910993494e-05,1.9947484288422858e-05
4.168093045336718e-05,4.423579213830964e-05,2.8834248282478824e-05
4.1880805288201376e-05,3.5556149183082476e-05,3.60806339332953e-05
4.480171710383729e-05,4.864558657921236e-05,4.180391733697775e-05
5.569230541169645e-05,6.107687949224782e-05,2.0545727243188593e-05
5.193029201052468e-05,4.414129969788405e-05,1.9340416915838432e-05
4.150671537900052e-05,3.857808476389834e-05,4.399849461037775e-05
4.255483347151312e-05,5.5231864907909765e-05,6.581485466483628e-05
4.2888907692031354e-05,3.393203791233646e-05,4.189968484638484e-05
4.4385269216036246e-05,2.988587833897327e-05,2.2060972029436243e-05
6.893467654720098e-05,4.841560495506769e-05,1.9624339925030653e-05
8.727318093121995e-05,7.110554948667413e-05,1.8468917655241058e-05
8.405729664218598e-05,5.2465911723516e-05,2.1798351960455874e-05
0.00011280432819404495,5.990421606622221e-05,1.785739130660602e-05
0.00011492404470004657,4.5775575437545515e-05,2.2681061389278056e-05
7.477837259102671e-05,5.415443510033313e-05,2.019896911200192e-05
6.129905328037921e-05,4.466743213235702e-05,1.8257290561791707e-05
4.5141596571056654e-05,3.275550742472433e-05,2.706970821975574e-05
4.39524206990427e-05,3.774122028488591e-05,2.3743272531149272e-05
4.2540401736914645e-05,3.237910106399511e-05,2.9669146801376556e-05
4.268323957148823e-05,4.287780788480689e-05,4.866558104204444e-05
4.278311683265201e-05,4.257553371701306e-05,6.751898390660926e-05
4.263930494744273e-05,3.992643698865095e-05,6.677219458850914e-05
4.429600184181481e-05,3.382650972490353e-05,1.8272803089018908e-05
6.119080758697493e-05,3.613282029760967e-05,1.8882440740526364e-05
7.54391200622706e-05,6.680168360162497e-05,2.2329943182313185e-05
8.841309020510835e-05,8.201994182911676e-05,2.0549508782607973e-05
0.00010986347726543499,6.408096597219525e-05,2.6290188415600824e-05
0.00010380225580917113,5.35794756514818e-05,2.0175058631330957e-05
0.00013974494028616392,6.831110838930954e-05,2.0076814349039295e-05
0.00014071511108909362,4.9345383886389985e-05,1.942608160106829e-05
7.376421371311892e-05,3.8931161597304254e-05,1.8844547783416488e-05
4.0813786196167715e-05,3.514553151194644e-05,3.099996185028431e-05
4.2038469637191156e-05,4.237934318833681e-05,2.4443541867640306e-05
4.2473872481423315e-05,4.115856769089987e-05,3.2890633857221016e-05
4.257903035977506e-05,4.3856955039629494e-05,4.700797438385251e-05
4.2414659237692834e-05,3.0953851524930794e-05,4.237832105566497e-05
4.271313853678293e-05,3.3372925778394346e-05,3.455964881339923e-05
4.213638760802496e-05,2.2963487972411654e-05,2.2160154417179e-05
6.384650371444423e-05,2.9635360794486586e-05,1.9861450438156682e-05
6.351451464446711e-05,4.1699603485154666e-05,2.1004637476096376e-05
9.975505783284433e-05,5.444017866636841e-05,2.0633575616528787e-05
0.00010252796346662762,6.222976903870859e-05,2.3511593518392717e-05
0.0001602193571756061,4.7270611802758824e-05,2.159501878605141e-05
0.00014400968865345475,3.887770320186945e-05,2.2237513840366318e-05
0.00011601203659026283,3.207041067639693e-05,2.043114095087617e-05
7.109794558715521e-05,3.29837731401561e-05,1.900046703525504e-05
4.2554908443719344e-05,5.9010510730388434e-05,3.237954826516898e-05
4.24386850954761e-05,4.004322412296091e-05,3.1154946803297886e-05
4.2385759861645056e-05,4.012010550624723e-05,5.072159095391271e-05
4.28799441033334e-05,3.0239866901951018e-05,4.242541340715888e-05
4.242795299433055e-05,2.408783276621307e-05,3.7049934384603135e-05
4.256931421878107e-05,2.465060841899458e-05,2.1766908037008647e-05
4.504824341857727e-05,2.6339181819245992e-05,1.8683976200009057e-05
7.23488880930745e-05,5.964492221757212e-05,1.908312518200006e-05
8.668612424344247e-05,6.146552154604024e-05,2.453111013863918e-05
8.6685690645254e-05,5.3513405553786694e-05,2.097914580229343e-05
0.00013425730698145343,3.4598872154134594e-05,2.0231367331757788e-05
0.00013872592148061357,5.0353552319961634e-05,2.354415732284565e-05
0.00015924663379564662,4.719520297314261e-05,2.3260462694167927e-05
9.414035008660893e-05,4.57421718354567e-05,2.210013857272486e-05
5.6785421851088816e-05,4.2791471577743324e-05,1.7987573804276736e-05
4.210729336591612e-05,5.1596690563116e-05,2.8902582134406884e-05
4.2108214815925746e-05,4.000485626932004e-05,4.1916658231144764e-05
4.1864943705149925e-05,5.5077161555274754e-05,5.640576209160031e-05
4.142839143241872e-05,3.676000358751708e-05,4.415582791864381e-05
4.300264485209482e-05,3.4707460189231656e-05,5.642161871875828e-05
4.220800557959592e-05,2.40131124888876e-05,3.0502270855237158e-05
5.515975844772925e-05,3.6099525008097544e-05,1.968323704431896e-05
8.854133312972578e-05,6.996355320666225e-05,2.1440527400677924e-05
0.00011531315677888898,8.362648999536759e-05,2.2231980091538263e-05
0.00010138488369641151,6.213395489865548e-05,1.8737063597882298e-05
0.00015890897979261353,6.470107584505058e-05,2.4399634684755257e-05
0.00011900312780170452,7.129973558427594e-05,2.679465501609357e-05
0.00011526916407092358,5.452769418402337e-05,2.7119755334936713e-05
5.970353478659263e-05,4.7200215049088e-05,2.5135959266862073e-05
4.499965291870467e-05,5.703869098137915e-05,4.301075982027669e-05
4.271922796760919e-05,5.648440113077413e-05,6.401835960986091e-05
4.31893101267633e-05,5.8300521619507605e-05,5.0048095414467755e-05
4.279028204109636e-05,3.1337730168274905e-05,8.397099825335985e-05
4.243306242642575e-05,3.884615234795774e-05,6.670620045724718e-05
4.308964787924197e-05,3.478890212676333e-05,4.291435826161205e-05
4.47970564056277e-05,3.462363526828938e-05,1.916591070312279e-05
6.670871321148297e-05,8.002682094954139e-05,3.292306688450708e-05
9.313620750788232e-05,6.833505711000499e-05,2.1242544292334742e-05
0.000121234917980928,5.508144681840244e-05,2.087787425409715e-05
0.00014757936626446977,5.335475740395168e-05,1.703571783257196e-05
0.00010933871097876135,3.7446754736549794e-05,2.5022379740136104e-05
0.00010870880977080333,4.8828395466991024e-05,1.7464505483673064e-05
6.451602902188825e-05,5.0215315218906654e-05,2.0973333833733678e-05
4.2062485590577126e-05,4.344753404552648e-05,3.1559959471572085e-05
4.2853168406509215e-05,4.596327342234474e-05,4.195807064242274e-05
4.274086312761938e-05,5.112361987912095e-05,4.8327446408507057e-05
4.3058613864559445e-05,4.6870662762472646e-05,5.124048362091571e-05
4.2732480505947026e-05,3.825474248614569e-05,6.883535166878119e-05
4.22510901807982e-05,3.4208086811702285e-05,3.774982246497416e-05
4.5411392071628144e-05,4.2904612534755415e-05,2.068436578838373e-05
6.872802475129448e-05,5.537224420649523e-05,1.699687026885499e-05
0.00013816770607043337,7.084988493833322e-05,2.032651584316092e-05
0.00011710334818587853,6.932754584575207e-05,2.9597306977962033e-05
0.00017033974760494175,6.583543253810831e-05,1.8533151491135768e-05
0.00017429540579854574,5.52165771954094e-05,2.507180526919228e-05
0.00017198331963072633,5.8548580289539134e-05,1.841877682731585e-05
8.633654356287934e-05,4.2241360078492106e-05,2.325996084934445e-05
5.7320972305490156e-05,3.527989689445121e-05,1.9559877441110984e-05
4.459070154553047e-05,4.499963992088851e-05,3.937105704835631e-05
4.259467248630244e-05,5.876515732087029e-05,4.269295624212077e-05
4.2579168148222376e-05,3.686400507206145e-05,6.355766997671708e-05
4.27083137583395e-05,3.798268719862108e-05,5.225508433795767e-05
4.261445411430032e-05,2.597515300877262e-05,6.839228475541859e-05
4.5365954334783965e-05,3.498696903349696e-05,3.122952921941646e-05
6.366098438974177e-05,5.2205269075003e-05,2.182537859994227e-05
6.515005505853821e-05,9.991441050289041e-05,1.763302161823077e-05
8.623752870185796e-05,6.38610690339192e-05,2.000040114396029e-05
9.506590970971729e-05,5.457397848850576e-05,2.3710950570148272e-05
0.00011065854842513545,5.4586288081388546e-05,2.1233715360011727e-05
0.00013116710462782066,5.819516150495474e-05,2.033502748382432e-05
0.00010039567382250425,5.0259701149935056e-05,2.0189527716532042e-05
6.198618684720714e-05,4.277950174696343e-05,2.4660261365738735e-05
4.369130097984453e-05,3.756936478524153e-05,1.9825568058635667e-05
4.2284113224013705e-05,5.4228304826011705e-05,3.9138745526088316e-05
4.271363199222833e-05,5.1872561278294425e-05,5.8759367381924223e-05
4.218220431539521e-05,4.11096590823945e-05,4.1263163959328605e-05
4.266353174898541e-05,4.2156400378345896e-05,6.315048063925133e-05
5.052207758296845e-05,3.24777787714936e-05,3.441495731550503e-05
7.038535013577985e-05,5.8574244481306434e-05,1.9614646662660108e-05
9.589209084822415e-05,0.00010523360271724513,1.9177597494959287e-05
0.0001075955497961445,0.00010374588230163795,2.0339320200832845e-05
0.00011770672418886186,7.679688441186272e-05,2.0629484038181544e-05
0.00013960529627325967,6.73567770235195e-05,2.4366197808731726e-05
0.00013567305785677775,6.508098861984112e-05,3.3031169082402555e-05
0.00013013743600509998,4.6778897864427906e-05,2.200500543871442e-05
5.735925860399505e-05,4.7890990965981925e-05,3.08325752445171e-05
4.169570276644663e-05,5.5801189141391205e-05,5.679669767602036e-05
4.244650483087753e-05,6.340655803313666e-05,4.4333586837694836e-05
4.287429129362863e-05,4.9918526374881364e-05,4.820625233662668e-05
4.243770160428539e-05,4.74017021139872e-05,6.789226723782348e-05
4.300269132727408e-05,4.648112814432892e-05,4.2992123487408664e-05
4.4042280695464345e-05,4.788419711019287e-05,3.160791326820345e-05
6.581209110663622e-05,5.1509562981308935e-05,1.9220985387278232e-05
7.60053162051122e-05,8.311890853427429e-05,2.1642885821506754e-05
9.172608118461767e-05,8.348551113158464e-05,1.9685919681258214e-05
0.00010647173479185313,7.163837263860274e-05,1.7424739401583622e-05
0.0001271603909276564,7.141046507697979e-05,2.8208454161955387e-05
0.00011557492897452448,5.9298610039490996e-05,1.9698678317041642e-05
0.00010552042705853637,7.311694827446757e-05,2.3462921866759246e-05
5.983824069062393e-05,4.9943809056536284e-05,2.092190941084482e-05
4.274020874163398e-05,6.350845554909057e-05,5.260037040358156e-05
4.1726185136212736e-05,6.861035073804089e-05,5.4602665181775475e-05
4.282708895516407e-05,4.662178421959595e-05,6.00517266047973e-05
4.299694794099196e-05,5.1334832646148245e-05,7.171519748453647e-05
4.2180405998806236e-05,4.0074124171525224e-05,5.190810821929404e-05
4.9088972255049156e-05,4.65193309602796e-05,2.2085436553567207e-05
5.67329426564811e-05,5.964530883590058e-05,1.83490662545438e-05
7.737449884729131e-05,8.499746861303947e-05,2.208948193516136e-05
0.00011045183246977786,7.729528975700006e-05,2.0584033337343043e-05
0.00014227884790557255,6.625440274930838e-05,2.092341556894084e-05
0.00013816331386102832,5.104569339422937e-05,2.884437123171324e-05
0.00016837768014511313,6.145524386639068e-05,2.408642871301936e-05
0.0001708857082144277,7.102449834405888e-05,1.9679108026222637e-05
5.1499133810750664e-05,5.884867770134861e-05,2.9929153050147762e-05
4.291940315397369e-05,5.886451990392061e-05,5.4998063874585055e-05
4.261906979081686e-05,7.025805392184559e-05,4.829620140355928e-05
4.2185265010630245e-05,4.453466445710319e-05,5.734719414988376e-05
4.3106128268846076e-05,3.606413007716469e-05,5.788420561088969e-05
4.168655588728143e-05,3.805672404666893e-05,3.2541655190385655e-05
4.502801575810622e-05,3.383102957315032e-05,1.993311626392824e-05
6.632054681290355e-05,7.554654303319808e-05,2.0597762073109037e-05
8.324557712327874e-05,9.13116993734775e-05,2.001957660235476e-05
0.00011240364907312283,7.173855599017287e-05,2.0679353803103595e-05
0.00013463779795074514,6.240149336520062e-05,2.0686170696251338e-05
0.00019244713764692277,6.719506275647547e-05,2.6082882405660258e-05
0.0001214736414010531,5.334043238562458e-05,1.978278061272931e-05
0.00014213736982924275,5.266880076760572e-05,2.1361959231214202e-05
4.2857220961991515e-05,6.363914404630577e-05,3.1870315529545225e-05
4.229906522766669e-05,8.202283980082825e-05,4.619172906224378e-05
4.280327329979628e-05,7.137660045636096e-05,3.658786811861603e-05
4.290325074180146e-05,5.801362314286962e-05,4.403650045247787e-05
4.247165779815987e-05,5.235814468392164e-05,6.204287370024986e-05
4.234745181747712e-05,3.350110450767829e-05,4.960282300473296e-05
4.465750428835236e-05,3.9010174412226206e-05,3.0971539333677354e-05
5.2182452972431295e-05,4.009677439922088e-05,2.064221690320167e-05
8.838092003429665e-05,9.709085358736047e-05,1.8134671856095964e-05
0.00011566414370690836,5.876405402034379e-05,2.132242921727645e-05
0.00013232282663921068,7.081077447924855e-05,2.898943115944519e-05
0.0001781803922316172,6.122727145395857e-05,2.0111283088173337e-05
0.0001961435893917951,7.278351401311056e-05,2.3152112328261863e-05
0.00012680239287490735,6.381849840465747e-05,2.773317778817841e-05
5.40092177425322e-05,5.5318508962187704e-05,3.5619821447383516e-05
4.429854855402482e-05,6.96764240477421e-05,5.636066701185882e-05
4.2641474065021614e-05,7.205679642709128e-05,5.680000545048358e-05
4.279484379367204e-05,4.886513565594441e-05,4.961124418116469e-05
4.227120532959816e-05,4.2169199172121804e-05,5.681718744526165e-05
4.490291843509908e-05,3.232695714039835e-05,2.887246687834022e-05
5.330804859170257e-05,4.4801675452896814e-05,2.3295413787760566e-05
8.761773383639593e-05,0.00010866153842300718,2.1490486495281403e-05
0.0001429199627352773,5.9141427473647925e-05,2.0421477289858105e-05
0.00014130678083517978,9.056654151720522e-05,2.4456809397719327e-05
0.0001653937553129481,6.489554977214596e-05,2.102130940741631e-05
0.00016668704641460862,6.77263833514985e-05,2.364968794353217e-05
0.00011723599178822042,4.7451334769732514e-05,2.382173778755714e-05
4.541499049992126e-05,5.572076446213714e-05,2.661439067146887e-05
4.258767836290645e-05,6.976756428898057e-05,4.605383678814689e-05
4.320812946389196e-05,6.520049928496973e-05,5.513581938444645e-05
4.260396841345937e-05,5.027193454679946e-05,6.252238368298357e-05
4.274468328731018e-05,4.491045782515357e-05,7.010361961803824e-05
4.218719979689922e-05,3.3467802502258334e-05,5.015220106599827e-05
5.661383061465131e-05,2.561182217050373e-05,1.850238719526942e-05
7.309220698786589e-05,6.622235776358565e-05,2.7392633534759624e-05
7.789304892739323e-05,7.101406854175706e-05,2.473955821855611e-05
8.690835406412134e-05,5.940518761462954e-05,2.118001299891148e-05
0.0001234389823184756,6.570797625997215e-05,2.1256963860878387e-05
0.00013520693976545317,5.1881122955066417e-05,2.128030695502048e-05
0.00015569679668734794,6.146289085336321e-05,2.1479022256869486e-05
0.00010330183314110287,4.836560336116236e-05,2.8274339950655758e-05
4.409599049665758e-05,7.925889912655747e-05,3.493024348891982e-05
4.3200603404329743e-05,6.935674647650103e-05,6.0971248902603744e-05
4.195833376797964e-05,5.984597322654217e-05,5.698207793102483e-05
4.3033571546402524e-05,4.3302931870812245e-05,6.509148194993485e-05
4.2792521680894426e-05,3.624851089000458e-05,5.286736696206162e-05
4.3036801186531194e-05,4.853370025671211e-05,2.147172371792294e-05
5.191569599979573e-05,4.7471823283018466e-05,1.8796974989072622e-05
8.475595341991493e-05,7.989490292317213e-05,1.7465424609710568e-05
0.00013544934918826356,8.144532008767413e-05,2.2801460200483346e-05
0.0001309466089633471,8.292678489908667e-05,2.0942406681285775e-05
0.00014349422801728906,8.109146705535864e-05,2.24844105106925e-05
0.0001578461721749136,8.067010298731247e-05,2.1924323038930992e-05
0.00013893408918846717,6.318348471598512e-05,3.1458010090013036e-05
6.561147220963903e-05,3.8618176671434415e-05,3.467290125545919e-05
4.277229514627834e-05,5.52809650770314e-05,2.6249699592675314e-05
4.25131872179918e-05,3.6555779326192804e-05,4.5472622464188816e-05
4.2551623955660034e-05,4.0775286925125445e-05,4.147522370402612e-05
4.26069008790364e-05,1.850163789598014e-05,2.15733560736453e-05
4.255803045452922e-05,1.8771730656510498e-05,2.1691048193588358e-05
4.248813938261265e-05,2.4082329222352428e-05,1.9342224641150095e-05
6.851023866204287e-05,6.364926532674175e-05,2.1012667114561622e-05
0.00010172731801134206,0.00013127965739077042,1.9108998865142722e-05
0.0001787764733990116,0.00011307143303952216,2.536730557280098e-05
0.00020406449769836855,0.00010933928219941435,2.4956670785130088e-05
0.00021108642365732066,0.00012114850987302362,2.7199887257154386e-05
0.00016579622442648657,9.425647100044898e-05,3.0994081729716075e-05
0.00011655158573169899,4.2838938715590305e-05,3.121845932341216e-05
4.660418548837697e-05,3.813808634589577e-05,2.0691239014860586e-05
4.163489666866305e-05,3.456707113153712e-05,2.1359298547665163e-05
4.1541783075444983e-05,4.3849192648366396e-05,3.606851662823374e-05
4.254130109984544e-05,3.828397059272071e-05,4.932542082940472e-05
4.2493027740420076e-05,3.133519359778347e-05,3.112103723516668e-05
4.261149241756357e-05,1.709707188098264e-05,2.698958225089143e-05
4.6533461574824745e-05,2.940623710128154e-05,2.432207980813672e-05
7.223341235828684e-05,7.905990358963777e-05,1.9687965183854406e-05
0.00012224011940759283,0.00011479428266156333,2.2812761312707152e-05
0.00017768341257095698,9.652586594711465e-05,3.257691807682761e-05
0.00018581714666936476,0.00010552413311742725,2.93918734948595e-05
0.00018938812677873784,9.705437075306022e-05,2.9911558766286816e-05
0.00018386151353581682,6.811586068181441e-05,3.342649593491842e-05
8.910988301504829e-05,3.983944671205109e-05,2.4293649156126307e-05
4.4005436065219784e-05,2.0330568958790705e-05,2.5644451425044234e-05
4.2576483629090945e-05,4.565662430351836e-05,2.9540729184871496e-05
4.2797754522325706e-05,3.227850734280224e-05,5.090437997068431e-05
4.114740522709326e-05,3.5619908135475774e-05,5.682896523315432e-05
4.1955348606279586e-05,2.7094591268053136e-05,3.8422948952359094e-05
4.263585931767011e-05,2.49158065309274e-05,2.555436845256054e-05
4.756953290510069e-05,2.194707110533045e-05,2.4813035003035112e-05
8.061785590786741e-05,6.230577541266769e-05,1.8447549392703878e-05
0.00017254764173131322,8.793940858566884e-05,3.5158615653472224e-05
0.00015544144922898794,7.88716940149925e-05,2.447919856948033e-05
0.0002213376826239255,4.6949906401145824e-05,3.557484243458475e-05
0.0002585033546006343,6.038006334037505e-05,3.14525736592941e-05
0.000198715163832901,5.214869695794322e-05,2.4204795871796137e-05
0.00013866562702244067,4.33105827886493e-05,2.5025474137221338e-05
4.243751999709389e-05,4.438025203000961e-05,2.2919110494523665e-05
4.2987780528847e-05,3.9841845211689985e-05,3.798690339806399e-05
4.297001074519358e-05,5.200144470116186e-05,3.291252945858858e-05
4.265073150236276e-05,3.888058098382885e-05,2.9579668349057897e-05
4.2579620039759906e-05,2.580153724800027e-05,2.921505716816597e-05
4.137819292509448e-05,1.522242602383983e-05,1.813939512203433e-05
4.964936059650427e-05,2.7392717292578085e-05,2.1621782957481626e-05
0.00011154998663869265,5.1307647040061967e-05,1.9106434009010798e-05
0.0001451510636485409,5.606862646607702e-05,2.8682327322471225e-05
0.00018852294510054434,6.979756863948693e-05,2.872358972638267e-05
0.00026615291960865764,4.181045894881663e-05,3.034608849759479e-05
0.00016092743972080824,6.20044062264924e-05,4.413863089815173e-05
0.00011126794968973286,4.673127580048231e-05,2.7700957725613763e-05
6.10193944828552e-05,5.598273245809082e-05,2.8719832391885804e-05
4.292606603144122e-05,4.577010737008891e-05,2.1656008301107476e-05
4.2670563288993435e-05,3.0341004176577256e-05,2.779817604277923e-05
4.26652148780704e-05,5.6705826508398614e-05,4.593992152024384e-05
4.2599543776304926e-05,3.441016086554782e-05,4.2564979668640035e-05
4.2825590717257e-05,3.151847227002236e-05,7.198612782502778e-05
4.2131286918447585e-05,1.610906757491648e-05,2.5999514463563855e-05
4.1179032602798316e-05,1.3559008569217212e-05,1.717760818110037e-05
8.467346909071693e-05,1.4545977123532338e-05,2.43665620058664e-05
0.00012062752716929026,5.301561023401291e-05,2.646067018091003e-05
0.0001707232636522349,5.480070420020411e-05,3.282794850910875e-05
0.0002332775714669566,3.9118464091245645e-05,2.940842898190965e-05
0.0002508863886384205,4.296364033208988e-05,2.2865667989364623e-05
0.00017173029076047896,4.3538534085314496e-05,2.3842583958614272e-05
0.00020674893181067634,2.545105037697226e-05,3.747848315072133e-05
7.906459782361708e-05,3.1421194718177505e-05,3.863508699396334e-05
4.235345278175373e-05,4.384990763391272e-05,5.406092257814521e-05
4.241086364345392e-05,3.669191860936394e-05,4.17007071906994e-05
4.27392298115592e-05,3.936742561862161e-05,4.2084452713311296e-05
4.311831393351895e-05,3.0390586466850776e-05,3.128042385469598e-05
4.076476342362412e-05,2.3689734409231277e-05,1.8981313123731523e-05
5.123810259817674e-05,3.450997242451015e-05,1.9114762090737257e-05
8.823786929635701e-05,7.872340896033947e-05,2.06148277044349e-05
0.0001497396279773966,0.0001025757901184221,2.075616956094706e-05
0.00014695703183186025,6.643814093933997e-05,2.5588869497141787e-05
0.00019766883348950158,6.59541110260875e-05,2.1810811141662613e-05
0.0001630208346728068,4.7114315519820594e-05,2.474443748527122e-05
0.00012055468253493018,6.09110283435399e-05,2.5074375190996534e-05
3.766648845129339e-05,3.261787438539443e-05,2.7376533514669177e-05
4.134940198127879e-05,3.221920033610104e-05,2.9610540845510514e-05
4.157914028837695e-05,2.1310512345991127e-05,4.566829688798179e-05
4.1022671375685604e-05,2.529050404127986e-05,3.957686792418258e-05
4.127508767851396e-05,2.295776161403751e-05,3.910304759223493e-05
4.2585494284139714e-05,1.9505163880921827e-05,2.5986639012245406e-05
4.3763669081187116e-05,1.6990902076940982e-05,2.101866195744151e-05
6.868917936117213e-05,1.478131478656053e-05,2.0119565483582847e-05
0.00013215539152099608,2.0430996591755957e-05,2.3328951351402337e-05
0.00019953382406754372,2.072743264683652e-05,2.308156728282995e-05
0.00018973470675064162,2.6549361985956922e-05,1.9148832825131023e-05
0.0001939044152396363,1.8144705257441275e-05,2.419917622404455e-05
0.00021173568572294244,2.8967838945277434e-05,2.738085335451501e-05
0.00016283754726146072,2.986154612877101e-05,2.5631046477414544e-05
0.00010730299691026346,2.768346325069615e-05,2.1121850934520126e-05
4.3060479861196654e-05,3.004311066547416e-05,4.7639507997701e-05
4.277493339031935e-05,3.841241017482844e-05,4.976530075083474e-05
4.205483090117923e-05,3.044839997713211e-05,3.9126721291040666e-05
4.244196330546401e-05,3.746380162557017e-05,3.293012581991661e-05
4.594336966121659e-05,2.5125682276332383e-05,2.308217227806608e-05
6.262269671339027e-05,2.1865328694090634e-05,2.7819647565934248e-05
0.00012194710262292574,4.1055663007512064e-05,2.3285486544466494e-05
0.00012640897052278887,3.814222946104451e-05,2.5174969340540087e-05
0.0001721212419715812,3.5500110084889516e-05,1.8805280041647166e-05
0.00017311903581855858,3.830050507648508e-05,3.606278155842802e-05
0.00013219625921493617,2.8930607333137458e-05,2.3557501988751285e-05
0.00010697729017508095,2.375550518699754e-05,2.2128476830971523e-05
4.426881984954889e-05,2.9945752956166416e-05,2.6661387815920536e-05
4.208951497275848e-05,4.946252288917208e-05,4.2754143992880246e-05
4.276361247320892e-05,5.678586658419249e-05,6.326482523945743e-05
4.1823499741440174e-05,3.705538607178482e-05,5.464402493348786e-05
4.143358624787652e-05,3.384055802881036e-05,4.6631765172406855e-05
4.070686992236006e-05,1.8255603692551858e-05,1.8797453220003034e-05
4.4670731020630684e-05,1.4799901270521332e-05,2.042405100837641e-05
7.929833208535796e-05,2.4936811297422424e-05,2.036845324994374e-05
0.00013747163394896235,3.051493206982059e-05,2.5561132071914018e-05
0.00012152281510736884,3.767342112727334e-05,2.31697948616727e-05
0.00018321781361237298,2.814778081329905e-05,2.8427236338046668e-05
0.0002109733440420314,2.1048497944704535e-05,2.7626360141876915e-05
0.00019835608359670688,2.640524203855188e-05,2.6986808915054893e-05
0.0001325660980575094,2.175765652346229e-05,2.0145677649789917e-05
4.1857606393733704e-05,3.7941228296176636e-05,2.5115042774928042e-05
4.255755363374192e-05,6.057353975307933e-05,3.852842803297563e-05
4.2183964942523745e-05,4.310561227839571e-05,4.279360702810209e-05
4.2262982115062185e-05,4.397847077271422e-05,4.5309365599592866e-05
4.258510134604876e-05,3.630868370642304e-05,3.657221758619045e-05
4.6132834260816935e-05,1.480603490971344e-05,3.5157401734409176e-05
6.652226321605781e-05,1.712546428677797e-05,1.3426285096045375e-05
8.132656581324227e-05,3.2556126048213226e-05,2.6185961811613366e-05
0.00020524335203937484,3.934170387935865e-05,2.4378420448663006e-05
0.00017207138561417423,2.2305266902318264e-05,3.0593068916857643e-05
0.000248450693235327,3.090675217295668e-05,3.519164633473792e-05
0.00028872698903342097,3.8433011955376626e-05,2.7640492986620303e-05
0.00018200651283812875,3.108790831461761e-05,4.0067940302890294e-05
9.390882680236245e-05,3.711539200097036e-05,2.0896584005409835e-05
4.075885163729254e-05,4.938772557352422e-05,3.3461936638303765e-05
4.2772669676196525e-05,5.6689872009183515e-05,5.575623200996915e-05
4.2379817787150385e-05,4.8662015534262085e-05,5.461492984238703e-05
4.239432051690528e-05,2.7745018751943462e-05,3.744635813053066e-05
4.0736651813375604e-05,2.4363614421503144e-05,2.32172178451151e-05
5.865341263806556e-05,1.3632753161374466e-05,1.7795434303078396e-05
8.048954339479053e-05,1.4207250357003432e-05,2.9583492411155986e-05
0.00010801977639346205,1.812696884886833e-05,3.6662976847310346e-05
0.00011896963963494045,2.8542908905180298e-05,2.9502426731102816e-05
0.0002061449162374629,2.415943833593559e-05,2.4055721327442824e-05
0.0001901381745119579,4.049358663706926e-05,3.913753615826465e-05
0.00017695569247621278,3.489511705268455e-05,2.9316245234554118e-05
0.0001947284397419935,3.1174818259600556e-05,2.257773785373729e-05
5.398970741556042e-05,5.4637221663718094e-05,6.230635201683655e-05
4.2360438164905645e-05,4.707467725351189e-05,5.602745789818897e-05
4.258062463122769e-05,5.0344402239232974e-05,5.948307779021889e-05
4.245392653501767e-05,3.8084472733110886e-05,4.593088278681989e-05
4.474033775267116e-05,3.6562279846634737e-05,2.356406006573053e-05
7.36777950875478e-05,3.6569885450532524e-05,1.9433468066836214e-05
8.97461316475301e-05,6.633841203836255e-05,1.8839833544461725e-05
0.0001747724631741221,5.58145487844186e-05,2.1488855538613906e-05
0.00019633331467673544,6.758118045993911e-05,2.958348076447237e-05
0.0002073849032409214,4.437541324449512e-05,3.792949567326787e-05
0.000143342229933765,6.965321859699003e-05,2.816478827071478e-05
8.546719351940624e-05,3.615342071825012e-05,1.774087275288494e-05
5.161551687024257e-05,3.309334356970339e-05,2.420642599556544e-05
4.37103395847771e-05,5.131396624676654e-05,2.076440042714012e-05
4.236062136442342e-05,4.7397980196137724e-05,2.3146721785671787e-05
4.140262672848394e-05,3.399666806188861e-05,2.3468159343877915e-05
4.410436174111965e-05,4.032875497898658e-05,2.1907734152222246e-05
4.532060205420407e-05,3.636277049906767e-05,1.8995602522622334e-05
4.961865728773773e-05,1.609654290337659e-05,1.7665759812786064e-05
6.561505623267294e-05,3.076824299441228e-05,2.114144688732722e-05
6.71631323314159e-05,2.829669986567751e-05,1.872032742120666e-05
9.136544706990435e-05,2.8304876188087747e-05,2.1647229439452075e-05
0.0001322509971458885,1.6775085920379685e-05,1.8243056233444575e-05
0.00015885177579832543,3.392581583966603e-05,2.4702117942521084e-05
0.0001914494866127825,2.566765129131454e-05,2.6323022473331293e-05
0.00024113233301534365,4.619078469676907e-05,3.593457411440681e-05
0.0001488811633998921,3.535782425537093e-05,4.961219726709487e-05
0.00011717840067319685,4.3281134648225364e-05,3.4392316563049976e-05
5.146938115785815e-05,4.495867231845807e-05,2.1487249984062374e-05
6.547429732790988e-05,3.7039883552090204e-05,2.979774088728959e-05
4.059946468260023e-05,4.944071383590654e-05,2.258725330726463e-05
5.0482643359828216e-05,4.647133813136861e-05,1.9588616813877023e-05
4.330439141995157e-05,5.2103668870131515e-05,2.0953996879029548e-05
4.235127017594209e-05,9.92802140394744e-05,1.986532968189181e-05
4.401146809072998e-05,4.0207266076848213e-05,3.811554460298794e-05
4.24108275637991e-05,3.476247932322707e-05,2.0307145994706844e-05
4.297431325539946e-05,4.75569109812568e-05,2.0973163622386437e-05
4.237894307152601e-05,4.9025566010030273e-05,2.228490567603103e-05
4.2733699119708034e-05,4.515806600082328e-05,2.107730205629821e-05
4.263775152139715e-05,3.843837515461246e-05,2.0538170594761596e-05
4.264124525434454e-05,3.476050911189077e-05,1.8827905297591484e-05
4.282272082491545e-05,3.974330748775401e-05,1.9542575701052555e-05
4.236823160681524e-05,3.373125787829778e-05,1.93215113313272e-05
4.2789740400621665e-05,2.6135066438826015e-05,1.89344366935984e-05
4.599409965237555e-05,2.4546091610275767e-05,1.9654791713037413e-05
4.385192193698373e-05,2.05970409896139e-05,2.0070504615432582e-05
4.3268696819573905e-05,2.6295588530089732e-05,1.929964927967376e-05
5.494792186254926e-05,1.800863611663317e-05,1.9578427500164254e-05
6.072104318036509e-05,1.6623500508785584e-05,2.8583440200122824e-05
4.943681634571817e-05,1.413311130590955e-05,1.8692139544072007e-05
5.087332121647137e-05,1.3782988849015965e-05,1.9616565833757704e-05
4.695215231990346e-05,1.3483268526215398e-05,2.1702708524173885e-05
4.454917735387198e-05,1.3626232066599186e-05,1.789064345302904e-05
4.3677446550063334e-05,1.3731104486396362e-05,2.044792862761824e-05
4.4882518324982356e-05,1.3364287203785352e-05,1.8779989832182765e-05
4.614019315036799e-05,1.3679095973202493e-05,1.9579253898882597e-05
4.266139962624038e-05,1.37209090144097e-05,1.9817403681372526e-05
4.3139358155031005e-05,1.3430214742129466e-05,1.8980063223352773e-05
4.1736694124665516e-05,1.3466756356592669e-05,1.9500171224535733e-05
4.0826025957585445e-05,1.3605645772258868e-05,1.9162000444339356e-05
4.324840266804131e-05,1.369617385080346e-05,1.9526886949279286e-05
4.3640284998218705e-05,1.3653690048158751e-05,1.988669934803511e-05
4.155991245056612e-05,1.3496339456651184e-05,1.9003122829417408e-05
4.213653965962294e-05,1.3812050710839685e-05,1.958585518423206e-05
4.272834624885036e-05,1.3634931660817528e-05,1.973635979084065e-05
4.3706332092483536e-05,1.395034866163769e-05,1.9321518348078825e-05
4.367333547634189e-05,1.3797574961245119e-05,1.917581177167449e-05
4.243921661895911e-05,1.3344271314963407e-05,1.9265655473645894e-05
4.184578337458333e-05,1.3871464548174117e-05,1.9570301451494742e-05
4.344098253568518e-05,1.3737418103119125e-05,1.9392215986044903e-05
4.229586666383511e-05,1.365035406251991e-05,1.960868268838567e-05
4.1522545579084636e-05,1.3689702986994235e-05,1.9142463611387938e-05
4.395626315726986e-05,1.3815133115713252e-05,1.9805978868134845e-05
4.323025664234592e-05,1.3782506216557522e-05,1.9499304503369786e-05
4.238967180071995e-05,1.3726577872148483e-05,1.935233458880248e-05
4.191039763895788e-05,1.3464849844240235e-05,1.9853434368997115e-05
4.2557421255550177e-05,1.3480617931236338e-05,1.9332008341734764e-05
4.281434083623026e-05,1.3710455632462982e-05,1.956348061867175e-05
4.2203453076581355e-05,1.3583701152128924e-05,1.937947091846581e-05
4.0543968558850454e-05,1.3553777380366228e-05,1.9169379856975866e-05
4.104102430289913e-05,1.336480238023796e-05,1.9979500279987406e-05
4.214250379845908e-05,1.384548137366437e-05,1.955898771484499e-05
4.223089672450442e-05,1.3415071689450997e-05,2.2066291091391576e-05
4.212628660752671e-05,1.3501343228199402e-05,1.9804328395256476e-05
4.262604879841092e-05,1.3461822876337237e-05,2.4835880087579198e-05
4.2697332592069867e-05,1.4292517607543686e-05,2.0791404092506128e-05
4.292041418921144e-05,1.4418649793697114e-05,2.446978192097049e-05
4.235801763570635e-05,1.7501641800947708e-05,3.246262207424522e-05
4.229110010783188e-05,1.6610039228517338e-05,4.872773847253597e-05
4.2860088615270794e-05,1.6754039041693146e-05,4.783179724057618e-05
4.263550210453104e-05,1.4969992668998343e-05,6.951841057059482e-05
4.26428193168249e-05,1.298109340694964e-05,9.04085867887261e-05
4.2798189115274e-05,1.3948950727780129e-05,6.261403590315239e-05
4.2551484330033415e-05,1.2907516078293214e-05,6.069286315643296e-05
4.24059506804042e-05,1.4920917410279344e-05,3.08099567911313e-05
4.299159689253429e-05,1.9661488615696498e-05,3.275331109989566e-05
4.2336157284808e-05,1.3552475068081548e-05,1.8151474217233955e-05
4.262617929441603e-05,1.3526460713819688e-05,2.3598365767156794e-05
4.122178495890694e-05,1.3897963453928241e-05,6.460096020532546e-05
4.202631029329496e-05,1.454101621902737e-05,2.9328603528711027e-05
4.1351238633069445e-05,1.335424457023393e-05,1.651629992920789e-05
4.1090013819484736e-05,1.440752967255321e-05,2.3077415239640686e-05
4.3891586972364394e-05,1.3183383216528455e-05,1.675276395829428e-05
4.1590651485137186e-05,1.3664038408478519e-05,1.9964193193118262e-05
4.4129340465985934e-05,1.406737769002575e-05,1.925551314798213e-05
4.25925049239595e-05,1.3877262872874496e-05,1.9000133224835736e-05
4.294961524465179e-05,1.3557679503719555e-05,1.950473432771105e-05
4.175876455065009e-05,1.4552031575476577e-05,1.952609401996597e-05
4.342296034792525e-05,1.7712240472285147e-05,1.9922896065622808e-05
4.3073777339088795e-05,1.8215721408338937e-05,2.1922672039620396e-05
4.2805359044564283e-05,1.7038694088071793e-05,1.8955950651928787e-05
4.532838279544649e-05,1.9450982521789227e-05,1.8157359777433156e-05
4.543727499026318e-05,1.7016892091277213e-05,1.9894361419119377e-05
4.561588877958656e-05,1.6482084032221068e-05,1.9689419700625878e-05
4.281338407571056e-05,2.1794884470729416e-05,1.8899284186773e-05
4.4411212913075814e-05,1.601098038491955e-05,1.999746498768218e-05
4.1486611381742476e-05,1.789712237368235e-05,1.8884167577652988e-05
4.363380844715436e-05,1.750979348024373e-05,1.976313861177914e-05
4.264999345764409e-05,1.7515285429396953e-05,1.926073284508334e-05
4.320661424287664e-05,1.5484237088685404e-05,2.0119820728723425e-05
4.344862974406283e-05,1.4782944953424249e-05,1.9060062254538934e-05
4.176798411208438e-05,1.3674519228423776e-05,1.9096339365205494e-05
4.395302679654378e-05,1.3939189291534148e-05,1.979146324629255e-05
4.241928614646895e-05,1.4966012465151834e-05,2.022837497833052e-05
4.2581462057569294e-05,2.3637682760764278e-05,2.8978418144021133e-05
4.275626763046603e-05,2.1674011219889878e-05,2.854923751627325e-05
4.2314049060223625e-05,1.9558833313837454e-05,5.110414443265654e-05
4.3327107159711884e-05,1.6257889326567467e-05,8.783421500254463e-05
4.238772235112265e-05,1.3734288095577086e-05,0.00011194350466666947
4.244124496835866e-05,1.3614173788027984e-05,9.412698043007595e-05
4.2643980577850016e-05,1.4071604418859351e-05,8.10431974872472e-05
4.3070043611805884e-05,1.3467847360146834e-05,0.00011568059512001127
4.260671894371626e-05,1.3573013584675663e-05,8.541073963286294e-05
4.279964322449814e-05,1.4497831462225719e-05,9.277938088292359e-05
4.27601795126975e-05,1.3966189746952296e-05,0.00012947801042685115
4.246167383826105e-05,1.3617933156950812e-05,8.641738775878593e-05
4.2647442678571676e-05,1.3453694421059482e-05,0.0001133984420320644
4.234933712723432e-05,1.4728828811030325e-05,9.374312862405532e-05
4.2875333147094355e-05,1.3883705070725228e-05,0.00012670424155260208
4.127470310777426e-05,1.434481451584979e-05,0.00010592121705769841
4.1765329897316405e-05,1.4606379191377527e-05,0.00015990795426404247
4.162135535807465e-05,1.3461967759980097e-05,9.602526320213301e-05
4.1618507439125096e-05,1.3540423893800834e-05,0.00012468115733639705
4.197337342702667e-05,1.3711550038806309e-05,0.000105194124729735
4.281942973648256e-05,1.3692796076441027e-05,9.580890325992186e-05
4.2491293934290295e-05,1.4828418600600913e-05,0.00011766898902180855
4.2726819210656685e-05,1.4189653579705919e-05,6.547241502801171e-05
4.217548043015995e-05,1.3371638987109691e-05,5.418047412454996e-05
4.2690117988968266e-05,1.3797199665361859e-05,5.6045706935776705e-05
4.2479721050767696e-05,1.3621347762011737e-05,3.672707280325538e-05
4.2435854775249025e-05,1.4422870403905108e-05,3.2663569603101904e-05
4.2834481319005137e-05,1.3451625155269654e-05,2.972627815552187e-05
4.2520112820056966e-05,1.4527456956727747e-05,2.867094991742647e-05
4.791478404683858e-05,1.420050649379334e-05,1.5680882133821683e-05
4.515486614479869e-05,1.378772182519583e-05,2.483522176099484e-05
4.6977863203210294e-05,1.390711874336148e-05,1.739465930768347e-05
4.199722565459752e-05,1.3890334183770392e-05,2.0632830258522362e-05
4.2639486939037855e-05,1.3653808953577595e-05,1.8999345675183575e-05
4.3892642386822446e-05,1.3639915609502395e-05,1.8941124831144408e-05
4.237885636452887e-05,1.4133823054081063e-05,2.046842824711348e-05
4.301208740798757e-05,1.3646983934449963e-05,2.373682405504951e-05
4.232766694258316e-05,1.3917410569774802e-05,2.4143936981175783e-05
4.306508559238864e-05,1.382880947616627e-05,2.9626923874559453e-05
4.278767062714906e-05,1.359691178720368e-05,3.5125972617818804e-05
4.2195320165774316e-05,1.3464088631280902e-05,3.325190574543058e-05
4.3098483911308e-05,1.4080052686509248e-05,5.568245874304267e-05
4.2494880999583985e-05,1.3550312696111177e-05,4.188689433277659e-05
4.263304197593243e-05,1.3139281946905612e-05,3.600113642363567e-05
4.264717033947818e-05,1.356469471114341e-05,2.690994753834275e-05
4.2710028319561386e-05,1.4333201535521312e-05,2.1909169484217727e-05
4.262808250132366e-05,1.3213499377640048e-05,2.0997037500052328e-05
4.249070556397783e-05,1.5989539512588636e-05,2.1181661275022634e-05
4.275121933460468e-05,1.825446113606688e-05,2.5985648068740375e-05
4.2519459802861093e-05,1.3728677739592854e-05,3.547434287128226e-05
4.256731030181982e-05,1.3854247170317357e-05,4.317238910189758e-05
4.266968484444078e-05,2.2324748070019495e-05,4.441988882646797e-05
4.2777857361215864e-05,2.640429382331888e-05,5.8481435765980196e-05
4.251539472534205e-05,5.169065928321004e-05,4.350377667710958e-05
4.2564728246361483e-05,1.691651976280184e-05,3.260884451101731e-05
4.270010274922242e-05,1.6080756406751106e-05,3.8450493626882574e-05
4.2399148442200384e-05,1.3315935645703548e-05,3.603334225601884e-05
4.2693252671597295e-05,1.3727454957859208e-05,3.1328150928118245e-05
4.2628524515748725e-05,1.4680296945819293e-05,2.916670533707588e-05
4.269862873115926e-05,1.2816796225791904e-05,3.182861656149782e-05
4.276935937014059e-05,1.3525818435091708e-05,2.2693713403860727e-05
4.238760993757751e-05,1.3633566327442281e-05,3.3238008385580996e-05
4.2664723841880915e-05,1.4836924862038359e-05,3.2912342193327506e-05
4.2941539031744466e-05,1.3800607373681828e-05,2.750352015397084e-05
4.259938235918526e-05,1.4213988834086422e-05,3.556118196627267e-05
4.27523403413943e-05,1.3386094470320132e-05,3.5568868391351316e-05
4.265426754500368e-05,1.4492351245056767e-05,2.3764062447497736e-05
4.2549009885988196e-05,1.66158297052732e-05,3.097424078063682e-05
4.1765954956645144e-05,1.83198367056292e-05,2.5624885532664622e-05
4.167489874816965e-05,1.4937189218509062e-05,3.3232291043390204e-05
4.29104615614051e-05,1.389879375707892e-05,3.538859526315719e-05
4.2526047363935506e-05,1.3735920504132082e-05,2.9000892940374e-05
4.273513512089266e-05,1.3389047378495888e-05,3.4227060579610226e-05
4.260501871613087e-05,1.3650072163500227e-05,3.2677935959526394e-05
4.2500774507061576e-05,1.344177480405051e-05,3.283018033691576e-05
4.2661536372179396e-05,1.3590518989960998e-05,2.5116990131195395e-05
4.279277347450261e-05,1.3921293393934775e-05,3.23560875052209e-05
4.25332897430053e-05,1.3387651674747759e-05,2.8053985254423708e-05
4.272346846846631e-05,1.3505669315350133e-05,2.843895234311944e-05
4.2481454329390544e-05,1.3704051282275031e-05,3.158161316733299e-05
4.256843396433396e-05,1.3507827975445253e-05,3.247084188679139e-05
4.265899009624263e-05,1.3990933044851772e-05,2.8338088762893678e-05
4.2540819795249266e-05,1.3429236778392806e-05,3.453365853829382e-05
4.27833542926237e-05,1.3458875006051585e-05,3.041459622778575e-05
4.2595356790116055e-05,1.4085937096339762e-05,3.04582666620945e-05
4.266731333700591e-05,1.3650837681611349e-05,3.484945473953616e-05
4.199504754069494e-05,1.383289066325233e-05,2.73377479061665e-05
4.1373094918526474e-05,1.4097775907657707e-05,2.4270485564734657e-05
4.187535250821384e-05,1.3455377247737488e-05,2.5291300826353335e-05
4.156313063504058e-05,1.3825265812101861e-05,3.608386410746789e-05
4.164873611443909e-05,1.3820879215700189e-05,2.943976616691657e-05
4.1484460489300545e-05,1.3545960853207361e-05,2.733237477219319e-05
4.134214390433044e-05,1.3723911310989933e-05,2.766389667705482e-05
4.190691208350472e-05,1.3858846859875484e-05,3.814573495951379e-05
4.142177984249429e-05,1.349516507161752e-05,2.468080831192765e-05
4.1636984005890556e-05,1.3788372043563868e-05,2.1705081689162853e-05
4.166700889982167e-05,1.372580320776251e-05,2.78761435947672e-05
4.164791169387172e-05,1.4103720323817014e-05,2.888396278166283e-05
4.165221005678177e-05,1.3810402415401767e-05,2.397117984827446e-05
4.167561799476971e-05,1.3592294945965478e-05,2.1889411251905245e-05
4.168963721895125e-05,1.3720325766826135e-05,2.198719250770864e-05
4.168725123236072e-05,1.3927278009759903e-05,2.7090768248285713e-05
4.1791567073232725e-05,1.419610157427087e-05,2.707891712532273e-05
4.162570032349322e-05,1.3395413967600689e-05,2.4357155281187205e-05
4.266740994353313e-05,1.4032679230240319e-05,2.9719650985917666e-05
4.299671883927658e-05,1.381374689117365e-05,2.388570268010426e-05
4.256617852661293e-05,1.3734818254533821e-05,2.3809903250366915e-05
4.286789144316572e-05,1.3677235239129005e-05,2.2243476786862894e-05
4.264965951733757e-05,1.378827202188404e-05,2.397970004686556e-05
4.279079939806252e-05,1.3312982712250232e-05,2.4549625506580243e-05
4.272190022675204e-05,1.3659363603437668e-05,2.6448308927058405e-05
4.264790428351261e-05,1.3569889781592791e-05,2.2407450895940428e-05
4.294494294299511e-05,1.391565004723816e-05,2.194790701025795e-05
4.26112012246449e-05,1.3654258737005875e-05,2.2959400275439633e-05
4.257536176737631e-05,1.4023093892774341e-05,2.0093184573539702e-05
4.225347172905458e-05,1.3933656730387156e-05,2.3987139742871476e-05
4.2553764815238536e-05,1.369347423860745e-05,2.271050055055568e-05
4.2929365899908586e-05,1.3485331369338382e-05,2.093782188381965e-05
4.275414235962671e-05,1.3516449976123112e-05,2.250330853144078e-05
4.2434608403709717e-05,1.357210201149428e-05,2.5806576960007988e-05
4.3075790235889146e-05,1.3427996447035184e-05,2.2003655809506028e-05
4.250109501299448e-05,1.3597534357359109e-05,1.9921291387881012e-05
4.2806180972547735e-05,1.3477850534400205e-05,2.1338873812766222e-05
4.264601951945224e-05,1.3386987891408353e-05,2.6252068743843892e-05
4.270082277798792e-05,1.339838121793946e-05,2.1964443058521964e-05
4.2632566692191173e-05,1.359760959076084e-05,2.5430588391444077e-05
4.28949783781718e-05,1.3673262851625622e-05,2.1262207703043323e-05
4.2610654709278606e-05,1.307022959963433e-05,2.314195500275673e-05
4.281733501557028e-05,1.366317594602151e-05,2.432986479561805e-05
4.2457535328139785e-05,1.381981427584833e-05,2.3225736345082736e-05
4.2709389454103075e-05,1.3180224887037184e-05,2.1905637453301097e-05
4.278028711269144e-05,1.3354550899293827e-05,2.1239822340763936e-05
4.260487299688975e-05,1.3580695640484918e-05,2.856443154993116e-05
4.289728505682433e-05,1.3252316969101229e-05,2.184850416266926e-05
4.2737996755022325e-05,1.3436244212243763e-05,2.059852827537956e-05
4.285695960788871e-05,1.359309592999125e-05,2.1190974431846145e-05
4.2624326015356926e-05,1.3354733175674482e-05,2.5151254173181316e-05
4.29522960439499e-05,1.3566172167998047e-05,2.419957939110873e-05
4.284813063350157e-05,1.3871068890694005e-05,2.2395847237248747e-05
4.2475998525333126e-05,1.3746595866450662e-05,2.8141838694963895e-05
4.28473129250051e-05,1.3823846313698595e-05,1.9938779895944948e-05
4.251363588991808e-05,1.3782830048967298e-05,2.271766312318846e-05
4.2728279477159956e-05,1.3671734482159082e-05,2.206114660197045e-05
4.2560521578707266e-05,1.348526683500495e-05,2.3699394544962617e-05
4.2613818568497666e-05,1.3305242248407012e-05,2.381181367155705e-05
4.274747698218562e-05,1.3179907623452892e-05,2.17106701376224e-05
4.258715001924429e-05,1.377463955350322e-05,2.735824359835881e-05
4.258986678905785e-05,1.3631439346681872e-05,2.585482409939388e-05
4.251011967426166e-05,1.3450561680201644e-05,2.289943290591623e-05
4.2767012946569597e-05,1.3141914716925385e-05,2.359759014410656e-05
4.289103751943912e-05,1.3369507080369658e-05,2.120655974499286e-05
4.2551638252916745e-05,1.312927513708928e-05,2.5771521574142753e-05
4.260910895027337e-05,1.3454913439545635e-05,2.3925803611106745e-05
4.261303636667435e-05,1.3608214369664751e-05,2.1700937888624595e-05
4.2655621455196525e-05,1.3469542454913608e-05,2.1830983823747373e-05
4.2732847123261306e-05,1.389295718354333e-05,2.0472054129783145e-05
4.2770770724018805e-05,1.3103574985962041e-05,2.1950043372100936e-05
4.275179775504512e-05,1.4337184040869033e-05,2.3291626183858937e-05
4.2545885517029095e-05,1.4063943383462175e-05,2.2097905332429946e-05
4.270052128049428e-05,1.3777706471955754e-05,2.277772246166876e-05
4.27055172076507e-05,1.3865890193756059e-05,1.8126264401345794e-05
4.2751936180138725e-05,1.4048852124233235e-05,2.1448859647392738e-05
4.2699355235527035e-05,1.3969963301860844e-05,2.3728263462552414e-05
4.2683495976234554e-05,1.3891305375182128e-05,2.4371395208788727e-05
4.276596027921187e-05,1.3529787104289425e-05,2.0624787063781012e-05
4.273433754860889e-05,1.4070793428118122e-05,1.986687073767257e-05
4.274672879546415e-05,1.3460600177950255e-05,2.1997687312378387e-05
4.268729679097305e-05,1.3790576226710981e-05,2.2459054129626565e-05
4.267759482900146e-05,1.3608079282221297e-05,2.5346388131879393e-05
4.2454652957530923e-05,1.3689422162315169e-05,2.1754699575495805e-05
4.267558908395586e-05,1.3092382432660089e-05,2.2498381466391492e-05
4.267396725481376e-05,1.3733034400047473e-05,2.0823903415987388e-05
4.2496833175391656e-05,1.3959464038180158e-05,2.17788739666247e-05
4.26815172068018e-05,1.3624356670334237e-05,2.0723081873619265e-05
4.281600380636519e-05,1.4031884504674962e-05,2.233618092557066e-05
4.251698625012068e-05,1.4008927093982493e-05,2.1202997121818613e-05
4.268500513717299e-05,1.3815683150824043e-05,2.4679206821325296e-05
4.26409867759503e-05,1.3717156350594451e-05,2.461734353531142e-05
4.2809266269614454e-05,1.3694336039407063e-05,2.066410028916721e-05
4.2548012224870035e-05,1.387404502793288e-05,2.2456667646508777e-05
4.2479579205974006e-05,1.3121378540290607e-05,2.3230545919545876e-05
4.2661247098294554e-05,1.3933165141679638e-05,2.432916998529322e-05
4.281143917978625e-05,1.368388582704938e-05,2.323221838221201e-05
4.250814798069768e-05,1.3772916547623026e-05,2.189381593325379e-05
4.2764169666043014e-05,1.37137770479967e-05,2.0809813923827747e-05
4.24258738894423e-05,1.4185496922891616e-05,2.3440199056352638e-05
4.205177279800409e-05,1.3646537372551392e-05,2.429279187460054e-05
4.244857193043572e-05,1.367209417594495e-05,2.4517879944685462e-05
4.2596454222803e-05,1.34310256930803e-05,2.4296898648796804e-05
4.114818464586278e-05,1.3800903668652608e-05,2.0878333895524293e-05
4.263106571670505e-05,1.3787474040327652e-05,2.0788751265907734e-05
4.2381174316687976e-05,1.3614216087489694e-05,2.1437979470135815e-05
4.2812611245608425e-05,1.323236566804553e-05,2.3297254180505434e-05
4.252053444361081e-05,1.4080089008530195e-05,2.3539842313362593e-05
4.170403062744299e-05,1.3531134927688981e-05,2.2500805141874024e-05
4.2041676406370245e-05,1.3026318629272283e-05,2.4401392299466806e-05
4.265995881723938e-05,1.3192777607855533e-05,2.1124980277846817e-05
4.2647373520594554e-05,1.34333062760561e-05,2.0577942350996636e-05
4.270677696695202e-05,1.3809978663630317e-05,2.235287734833946e-05
4.2575896859489145e-05,1.3379091176375369e-05,2.294334079593341e-05
4.285130600692355e-05,1.417808809037524e-05,2.1216478778995906e-05
4.2168365307588826e-05,1.3738537124936557e-05,2.0660657747129107e-05
4.2614944159140575e-05,1.3938322510966827e-05,2.3250228947517827e-05
4.253363773386809e-05,1.3722604444410536e-05,1.9375076254704028e-05
4.2611135340848706e-05,1.3684255659427435e-05,2.1310668194303163e-05
4.221670187689597e-05,1.3668727883668907e-05,2.1973326353406096e-05
4.141438292208477e-05,1.3944924344286846e-05,2.4008378483237892e-05
4.148774525674526e-05,1.365834273656219e-05,2.3378720589164458e-05
4.166406264630496e-05,1.3864762354387495e-05,2.1802618576174382e-05
4.139748876696103e-05,1.375930952235649e-05,2.1952266445879333e-05
4.1650765415397475e-05,1.3955622378034605e-05,2.401850905446423e-05
4.171263568423456e-05,1.3827983284500078e-05,2.254875286840985e-05
4.151380100665847e-05,1.3931398900695057e-05,2.2005861185387942e-05
4.1565111023373904e-05,1.3790308960324183e-05,2.0389973400085637e-05
4.1449662276136224e-05,1.3653689447892248e-05,2.1577762198177197e-05
4.180525238552946e-05,1.3611908162829422e-05,2.268154395608235e-05
4.1481296375422974e-05,1.3590653311439383e-05,2.3034957272685118e-05
4.257183807567344e-05,1.3768559399522929e-05,2.3804049208422386e-05
4.255430465491372e-05,1.3757826816345186e-05,1.9620278019178983e-05
4.263430892024189e-05,1.3376462636642827e-05,2.0550501132063914e-05
4.25730416100123e-05,1.3903920868187924e-05,2.1046265269433208e-05
4.260809488187078e-05,1.3676210687663116e-05,2.0768774467967434e-05
4.261493284502649e-05,1.3517880724123188e-05,2.1963643870925865e-05
4.181103482551407e-05,1.3929507360899152e-05,2.5733730641377406e-05
4.173956320300931e-05,1.3399407721408352e-05,2.164111895169185e-05
4.2740581338875924e-05,1.3902889695600607e-05,2.5186451613166127e-05
4.29150250784005e-05,1.3706988881949656e-05,2.7953214518063874e-05
4.2700643516582206e-05,1.3863801500519912e-05,3.1376144638102235e-05
4.288306412490783e-05,1.3434816987683006e-05,3.2085526467255934e-05
4.269158283932484e-05,1.3940172407274076e-05,2.8965768825344186e-05
4.254028006471344e-05,1.3154788748579449e-05,3.608802384000853e-05
4.274978455214296e-05,1.3618396143328938e-05,2.8923139069974013e-05
4.2727531435957645e-05,1.3907718600876252e-05,2.7881397844922164e-05
4.275868008335237e-05,1.3563029089027623e-05,2.443705889263015e-05
4.263058630385786e-05,1.3373514746035652e-05,2.3132526036135913e-05
4.278161677575554e-05,1.389187183804097e-05,2.1805563690762144e-05
4.2517620513535804e-05,1.3691605970507225e-05,2.3053862522048885e-05
4.270532550435746e-05,1.3783372697275809e-05,3.353322435486916e-05
4.2614221310941506e-05,1.34543925082653e-05,3.475778836627086e-05
4.284820202883566e-05,1.389681744740301e-05,3.4858783500997246e-05
4.2786368048837175e-05,1.3650132938209936e-05,2.9283587112729494e-05
4.26494450221071e-05,1.4040742846646027e-05,3.294394482857399e-05
4.2701355087046975e-05,1.3576033709341572e-05,2.805120050993537e-05
4.269952061804361e-05,1.3399262811617519e-05,3.3659557562728535e-05
4.240755783030181e-05,1.394952040300268e-05,4.375654461597378e-05
4.297092813430936e-05,1.3347365841127613e-05,3.896353061008995e-05
4.263731574610574e-05,1.3666358588579897e-05,4.387061940377634e-05
4.274124255971401e-05,1.3759406573505828e-05,2.7924035846638164e-05
4.267717011316563e-05,1.3233340927598647e-05,3.36257974340981e-05
4.252411432389635e-05,1.362393065392098e-05,2.7187567472566342e-05
4.252149550666218e-05,1.3595528628229658e-05,3.508575116626389e-05
4.268402988600428e-05,1.3728961930610239e-05,3.1944647036823423e-05
4.277750036635553e-05,1.3342973479666398e-05,2.4693078748576625e-05
4.269429728083196e-05,1.3574506308486889e-05,3.769098848749763e-05
4.264402052285732e-05,1.3759874839252007e-05,3.013505563373542e-05
4.293847014196217e-05,1.346873908460111e-05,3.0305313416629786e-05
4.2393651128804776e-05,1.3005467897073686e-05,2.7977065653317367e-05
4.260740721292677e-05,1.3006147613623397e-05,3.6792615557557085e-05
4.260393989170552e-05,1.3862509331374894e-05,3.613395836108424e-05
4.272496971680084e-05,1.3850814771103614e-05,3.825553994289521e-05
4.2446539828233655e-05,1.3858380941655924e-05,3.424402143011207e-05
4.276048251995235e-05,1.379838846560233e-05,2.8578224268756e-05
4.2760959713632475e-05,1.3836610856969855e-05,2.6957681956716327e-05
4.276623474652297e-05,1.3140765847907687e-05,3.666666050885947e-05
4.2422675360285215e-05,1.4120319983703666e-05,3.8201396431247756e-05
4.2829773137782466e-05,1.3501480939055455e-05,2.5890496231149028e-05
4.274394670574111e-05,1.3337911254893698e-05,2.757813025763056e-05
4.26781143869448e-05,1.356702939006027e-05,2.7006095273627294e-05
4.262719556209049e-05,1.3862992956319431e-05,3.973213375516593e-05
4.292819416150451e-05,1.382543087402155e-05,3.2434900503730545e-05
4.237384124280652e-05,1.3462341205823237e-05,2.95238081861271e-05
4.255429690601886e-05,1.4117627976588665e-05,2.843265989653787e-05
4.297982790376409e-05,1.3668453822219818e-05,3.132109830406904e-05
4.230508620821638e-05,1.3652506305561474e-05,2.9236499282632168e-05
4.271588268238702e-05,1.3893699247091718e-05,2.8784203215082017e-05
4.2646480596886247e-05,1.390901068774042e-05,3.353420714582e-05
4.251186695910292e-05,1.3600522097476641e-05,3.323224066630104e-05
4.265184197720373e-05,1.3761075522324972e-05,2.9919958361261934e-05
4.242386756232008e-05,1.3870691884676489e-05,3.549765587969489e-05
4.282866311768885e-05,1.3492617246697592e-05,3.426502984495983e-05
4.246071808665874e-05,1.3793443827125884e-05,3.074872730195466e-05
4.273580576409586e-05,1.329912693336155e-05,3.454567830094568e-05
4.252872355209547e-05,1.2944077304837265e-05,3.185230215006385e-05
4.2635693916963645e-05,1.3104896027016366e-05,3.983617809026896e-05
4.2390904873172986e-05,1.3119668774379533e-05,2.5766693939495155e-05
4.274894630725612e-05,1.3347740191420598e-05,2.8287861456703923e-05
4.2814277403522286e-05,1.3497299535174535e-05,4.047233483859714e-05
4.2397455963509856e-05,1.3348205652619071e-05,3.735267012075383e-05
4.201299443593598e-05,1.3311825546225009e-05,3.120287674292399e-05
4.241096230543917e-05,1.3704317629672502e-05,2.6112995714981936e-05
4.2596461844368606e-05,1.3780405987517952e-05,2.6912117028956573e-05
4.273192162145279e-05,1.3354511116716594e-05,2.405950168848925e-05
4.256646239809925e-05,1.3758470631728414e-05,3.163716092689839e-05
4.2578827615216144e-05,1.3883879061040716e-05,2.9142787031979366e-05
4.277032643585699e-05,1.2756647042806436e-05,2.771836701150221e-05
4.263945511411294e-05,1.3408481543137895e-05,2.982562660882593e-05
4.2625590267562075e-05,1.3903747062613547e-05,3.474468524444774e-05
4.281811428882065e-05,1.308619935571187e-05,2.9541468147726846e-05
4.283025595213985e-05,1.3737167007548123e-05,3.585542251670404e-05
4.2048416562465716e-05,1.3942709617822402e-05,2.7287027522788774e-05
4.256007128788042e-05,1.3411445843303227e-05,3.170990825431374e-05
4.245824149620603e-05,1.3664574946687936e-05,3.713915246649435e-05
4.254893436154816e-05,1.3823107540247293e-05,3.29757721977586e-05
4.241033315338427e-05,1.3147030401796655e-05,3.690624904663764e-05
4.234584981531952e-05,1.3720675844979269e-05,2.8704081555304127e-05
4.249274719768437e-05,1.3964074209980026e-05,2.6944712658973912e-05
4.2467957737244436e-05,1.3935539543581399e-05,3.147836290040118e-05
4.252359673046158e-05,1.3428099171051145e-05,3.343093042076362e-05
4.245114707373432e-05,1.4089069865121928e-05,2.288757895797744e-05
4.243276584929845e-05,1.3635527839142014e-05,4.6185742646969175e-05
4.2151769303018224e-05,1.3905094176607235e-05,3.951254964540851e-05
4.2559345711197235e-05,1.3709017032965675e-05,3.7936304416454905e-05
4.248468847436015e-05,1.357412629602095e-05,4.244055738304553e-05
4.221833280098508e-05,1.3532591381135717e-05,3.5160290949249884e-05
4.239616364429821e-05,1.3511302499864542e-05,3.526424607194656e-05
4.240464704707847e-05,1.3098448296204878e-05,3.545534059561817e-05
4.261102820237283e-05,1.3206681194333214e-05,2.8848962928194056e-05
4.2230303351971086e-05,1.3618639873129723e-05,4.676397457203052e-05
4.227287256071577e-05,1.334177004537196e-05,2.733890164307695e-05
4.239628709910903e-05,1.3270365684547869e-05,3.533955020152746e-05
4.2571421636239394e-05,1.3480339496254602e-05,2.6744550303305915e-05
4.212287418340566e-05,1.3621756033899146e-05,3.221613218919117e-05
4.243604989824234e-05,1.3416556646461686e-05,3.900139074449527e-05
4.25578429531015e-05,1.3673069991000376e-05,3.426485279636404e-05
4.229752090395778e-05,1.3676441667485051e-05,2.7354614320920234e-05
4.248139488481684e-05,1.3595552223932827e-05,2.5107038090368406e-05
4.2278459550288974e-05,1.3601240968910133e-05,3.807200604141414e-05
4.243437600962352e-05,1.3401019295997684e-05,3.116629589683839e-05
4.238487965267268e-05,1.353778332713773e-05,2.733008455756192e-05
4.256504020304419e-05,1.3400161856225168e-05,3.232400051416562e-05
4.226243423545384e-05,1.3587791279405792e-05,2.8669530824600997e-05
4.131443996811868e-05,1.3350795204587485e-05,2.2667692377638104e-05
4.134218088438502e-05,1.394397826061322e-05,2.5598152196550926e-05
4.215065029711695e-05,1.3882189853120508e-05,3.433246501106879e-05
4.2392342220409776e-05,1.333955925929331e-05,2.9345176434620868e-05
4.2403593997732966e-05,1.3733912971929385e-05,2.6389193886018346e-05
4.251667483913479e-05,1.3625889356490007e-05,2.588370564211573e-05
4.242457156578894e-05,1.3441720898299537e-05,3.5958513460627725e-05
4.250391859386582e-05,1.3988925138619379e-05,2.55303152515296e-05
4.223915548209334e-05,1.3398239611888129e-05,2.8271850781749207e-05
4.2530921018624215e-05,1.3870049241404558e-05,3.0868142890483344e-05
4.235610553223523e-05,1.3953689597201447e-05,2.7665337041753448e-05
4.232638117173337e-05,1.361098871257127e-05,3.393022964303327e-05
4.2441616096766664e-05,1.389931280982637e-05,2.2978707060588023e-05
4.2525672652118376e-05,1.3538362741201127e-05,3.053394930788045e-05
4.1630278174125125e-05,1.3851096073267399e-05,2.6485032536882613e-05
4.148574977079988e-05,1.3823456740738038e-05,2.2209786890892148e-05
4.1452380501141305e-05,1.3968458406452555e-05,2.8238993059801488e-05
4.165992424532305e-05,1.374607534671668e-05,2.323936372533808e-05
4.15082050676574e-05,1.3914774774548277e-05,3.366334630021228e-05
4.1617372262408024e-05,1.3780047381715122e-05,2.94493327830736e-05
4.1729485910764194e-05,1.3997458652283967e-05,2.4258268088459544e-05
4.2868637337960535e-05,1.340835499604509e-05,2.728018653522568e-05
4.247028644385864e-05,1.3506410869013053e-05,2.6342492148820896e-05
4.2685561056714504e-05,1.3711954479731503e-05,2.5798325354529084e-05
4.269861316060996e-05,1.3666124341398244e-05,2.3603102929996568e-05
4.248984731020755e-05,1.3609144276642838e-05,2.83215700100925e-05
4.284861684936914e-05,1.3549662560308206e-05,3.1505457456848515e-05
4.238644394717994e-05,1.312780060516161e-05,2.1923050059697856e-05
4.263303522748174e-05,1.366344916050366e-05,2.8172751806394558e-05
4.2585746577969984e-05,1.4055026808819093e-05,3.3919151717753945e-05
4.280476763597108e-05,1.3544255741635425e-05,2.803240462659673e-05
4.239710955516784e-05,1.367129496884445e-05,2.452829774313159e-05
4.246879965648986e-05,1.3968237153676455e-05,3.5006251355014225e-05
4.275336743376101e-05,1.354953198642761e-05,2.7802252095341373e-05
4.261185458744876e-05,1.3678990057996998e-05,2.6279419806463088e-05
4.269663393642986e-05,1.361489365763191e-05,2.463235506105832e-05
4.2493137061683226e-05,1.3716186260808173e-05,2.7153006068090236e-05
4.278641179553233e-05,1.3912541137415246e-05,2.3421901063613858e-05
4.2505535620875886e-05,1.3423193636299401e-05,2.3703831649264374e-05
4.2314572383475024e-05,1.3777255537661403e-05,2.3351635951449624e-05
4.3003498976759144e-05,1.3618341863548267e-05,2.466366613631976e-05
4.271497113222722e-05,1.3627430778342387e-05,2.4820004182188883e-05
4.249917861670838e-05,1.357170616984149e-05,2.2843495953139835e-05
4.2710710804385595e-05,1.3595896414244635e-05,2.079875740246706e-05
4.267046806489816e-05,1.4149137064123351e-05,2.8831610681478993e-05
4.288016725695343e-05,1.359674168725178e-05,2.607779184337744e-05
4.2324505557189696e-05,1.3706040822398791e-05,2.1104890791008302e-05
4.261775522536482e-05,1.3690044274881075e-05,2.3789062807146876e-05
4.2476269190956375e-05,1.3473396686549677e-05,2.52270985485481e-05
4.289808770408854e-05,1.381346336529532e-05,2.299842551195752e-05
4.254040875821374e-05,1.3560071624851844e-05,2.5674593106543854e-05
4.261876834789291e-05,1.3512072123376128e-05,2.221697073604645e-05
4.276729496268672e-05,1.3902803243581729e-05,2.470963348287114e-05
4.268811377187376e-05,1.3667511127550825e-05,2.4183857133550644e-05
4.2588676878949625e-05,1.2959770290166261e-05,2.1645298966739278e-05
4.242045350110857e-05,1.376203784772656e-05,2.3873309140931553e-05
4.2730597979243615e-05,1.531332963779164e-05,2.124698782626666e-05
4.282977148250211e-05,1.3064153993127548e-05,2.421490559445516e-05
4.256519423506688e-05,1.3714108480940013e-05,2.0463074083068023e-05
4.27861218486214e-05,1.3263482612728694e-05,2.3520092331779096e-05
4.2816200912056955e-05,1.4031331083970144e-05,1.940459784691484e-05
4.2408728077134584e-05,1.3457177552709253e-05,2.0901244197446544e-05
4.31582129203889e-05,1.3253187357804564e-05,2.122717182459155e-05
4.239276724547381e-05,1.3342172712498268e-05,1.9898969731571015e-05
4.259663879565778e-05,1.3221891203443192e-05,1.9774305712161323e-05
4.263153559804778e-05,1.3895232432332706e-05,2.0361537713142754e-05
4.2724771938082994e-05,1.3527481382880068e-05,2.0650975446301346e-05
4.268758779289783e-05,1.3521916677063928e-05,2.0037637066661063e-05
4.2644255790946774e-05,1.3160332065780266e-05,2.0022803276358305e-05
4.303561960114166e-05,1.3508121751328873e-05,2.3154084633318917e-05
4.285042230549152e-05,1.3849724109604721e-05,2.0494796972059247e-05
4.2589270269672854e-05,1.3993759523600602e-05,2.2018137478312383e-05
4.248548326359014e-05,1.3585204127650741e-05,1.9746337939068327e-05
4.2852251172007525e-05,1.384456513051191e-05,1.965478060071746e-05
4.2504854773142144e-05,1.3867322650185088e-05,2.009290915133022e-05
4.2876410734606904e-05,1.3633497204139644e-05,1.9256799852485074e-05
4.247876062436262e-05,1.4001923013324813e-05,1.9733172593987546e-05
4.3110550795972815e-05,1.318025595111294e-05,1.944348672623164e-05
4.258041006323765e-05,1.3656916669333441e-05,1.924673213125061e-05
4.258595436112955e-05,1.3434988770768542e-05,1.9898951090908668e-05
4.37537989523662e-05,1.3869671815882612e-05,1.9117515907964844e-05
4.5870558650875634e-05,1.3454511117743095e-05,2.3027439104481574e-05
4.157585048233159e-05,1.3341456701709831e-05,1.8590301788208308e-05
4.4132560526577434e-05,1.366758983976979e-05,2.190541019444936e-05
4.2637915672685264e-05,1.3498936457381206e-05,1.9642775484953744e-05
4.281602742821633e-05,1.3577498134509369e-05,1.9786396969720953e-05
4.361010245133912e-05,1.3450660908347345e-05,2.001502504299424e-05
4.2538092191080065e-05,1.3718577110921615e-05,2.518321858303807e-05
4.429885535436995e-05,1.3263897242268286e-05,2.0463542841753225e-05
4.233883228536683e-05,1.3649336656271771e-05,1.953595474788017e-05
4.257762182760416e-05,1.3398415785559336e-05,1.99765313664102e-05
4.2929366517228116e-05,1.352017387489468e-05,1.9342887226230234e-05
4.239152138993063e-05,1.3605229601125756e-05,1.9838800567413274e-05
4.367652093371533e-05,1.334558150574594e-05,1.956999403773807e-05
4.26384942693403e-05,1.3560720685745763e-05,1.990687104353128e-05
4.258562739323679e-05,1.33461758946396e-05,1.9172546981280902e-05
4.28039172447825e-05,1.3412254832019244e-05,1.9819864596684057e-05
4.2904072242890836e-05,1.3792803856631509e-05,1.9320602482650884e-05
4.234457479469711e-05,1.348786752032538e-05,1.972742129508376e-05
4.346556301612736e-05,1.3557405918618314e-05,1.9941851431894973e-05
4.284353913362793e-05,1.3698447503429634e-05,1.9446852998044052e-05
4.4609066345202565e-05,1.3653911282744958e-05,1.9361505837878213e-05
4.2913725757216525e-05,1.3471323468365881e-05,1.9614010852819774e-05
4.378293117412113e-05,1.3426249756776087e-05,1.952692790382571e-05
4.210117590957907e-05,1.4161044705360836e-05,1.9897325855708914e-05
4.332321583206067e-05,1.368175003790384e-05,1.966298515071685e-05
4.267816482354192e-05,1.371471402762836e-05,1.9647591325338e-05
4.24418399608939e-05,1.3048170303591178e-05,1.9794829390775704e-05
4.407597427189103e-05,1.3794562514704012e-05,1.9413633535805274e-05
4.1905976812159906e-05,1.366457195217663e-05,2.0426754581421846e-05
4.338814111861211e-05,1.3772224592685234e-05,1.9070890180046262e-05
4.282409527263553e-05,1.3264510128010443e-05,1.9551566972495492e-05
4.5207156424567075e-05,1.361157947258107e-05,1.8907414973909907e-05
4.262226197241148e-05,1.3281406716032506e-05,2.0006149375149106e-05
4.6027343759078574e-05,1.5084134525409353e-05,1.8698781927923848e-05
4.4874165022577015e-05,1.5303728897180236e-05,2.073146598377207e-05
4.206638995242429e-05,1.665069972107247e-05,1.901747339616122e-05
4.375043682060209e-05,1.9111738646699903e-05,2.0228587798101215e-05
4.138051757223593e-05,1.9706967091712712e-05,1.954028285581444e-05
4.4232604395233466e-05,2.1446402449569747e-05,1.9309070762574265e-05
4.321689744529067e-05,2.096025368061305e-05,1.9783392399403966e-05
4.613992609847628e-05,2.3612865132491833e-05,1.9734879850261677e-05
4.3396659811207884e-05,2.2089610779478797e-05,2.024797750891594e-05
4.3676893961333006e-05,2.0309916353795644e-05,1.931081772909238e-05
4.16097955255168e-05,1.6640819294337915e-05,1.999698256440752e-05
4.400842720315268e-05,1.614859414843295e-05,1.9698704927577638e-05
4.275987175901719e-05,1.4488528244456233e-05,1.9740641828320804e-05
4.13046861467592e-05,2.559556922508699e-05,1.9507075344336044e-05
4.2419540582159245e-05,1.37799839091457e-05,1.9474817299851566e-05
4.012793948845683e-05,1.763521215831787e-05,1.9750787701013905e-05
4.312748087613727e-05,1.3574364955672991e-05,1.8984201965395186e-05
4.018992550200551e-05,1.3420533548895719e-05,1.9309332319608075e-05
4.385058845400636e-05,1.4225373820977438e-05,1.9388167570468794e-05
4.201516007015016e-05,1.3843600370648801e-05,1.941965021615033e-05
4.277039929547755e-05,1.3977058451928314e-05,1.9780047318818104e-05
4.27918906279956e-05,1.3683064073219953e-05,1.980338690827921e-05
4.2968816305801735e-05,1.3674148220559346e-05,1.9474579198686114e-05
4.2243804173267563e-05,1.3862776647783903e-05,1.926709946928895e-05
4.275525373941491e-05,1.3661349439928472e-05,1.9536074150892092e-05
4.288834368708194e-05,1.4721504136900876e-05,1.9415012798162933e-05
4.29808009403132e-05,1.3471152780653028e-05,1.9610073513831595e-05
4.227686094203875e-05,1.4329151170358046e-05,1.9557132923182507e-05
4.2944577485286574e-05,1.3869819893113089e-05,1.9692786086125125e-05
4.224782487170842e-05,1.3666751906384888e-05,1.961829824722372e-05
4.3495876118413436e-05,1.5082265515502512e-05,1.933410652782186e-05
4.195047455027634e-05,1.3981488620302685e-05,1.9668941363306657e-05
4.253122059708403e-05,1.367581693928699e-05,1.9410149498071405e-05
4.2658620113797955e-05,1.3695033459057982e-05,1.9877244858435007e-05
4.268595880603243e-05,1.418408825642814e-05,1.9398550047071695e-05
4.232199679449877e-05,1.4043958888265706e-05,1.996648789372557e-05
4.2907986189675286e-05,1.3833385647856744e-05,1.9625662189355354e-05
4.267674764832918e-05,1.3913321788940892e-05,1.965454567653069e-05
4.2715824147308016e-05,1.9459169259619102e-05,1.95655097877534e-05
4.1845531854960426e-05,1.4428502798295994e-05,1.9650943077067495e-05
4.310855643780087e-05,1.4241675087813821e-05,1.9499114100653968e-05
4.2957478181051554e-05,1.4024370374556838e-05,1.97238182545334e-05
4.2665883356676204e-05,1.3904498808727795e-05,1.9354945197846974e-05
4.316879824273201e-05,1.3725546567115999e-05,1.9669633179546508e-05
4.1867654931593276e-05,1.3979816440703451e-05,1.9401176168685196e-05
4.258421517988609e-05,1.453731279369208e-05,1.9614450420704087e-05
4.287369240046246e-05,2.3731373059234783e-05,1.9443881246843375e-05
4.2738428974189446e-05,1.4159955441215288e-05,1.9864783653247286e-05
4.21407701469434e-05,1.5953786449429686e-05,1.9668672230181983e-05
4.2869307126238706e-05,1.448546124983352e-05,1.9604462877396145e-05
4.260859250280191e-05,1.340184362106811e-05,1.9771233833125735e-05
4.267991014785366e-05,1.3916792520376475e-05,1.9349819019964798e-05
4.267387890649843e-05,1.4221833741316913e-05,2.1119786442795884e-05
4.2491726417210885e-05,1.3786430118183367e-05,1.8918883651863894e-05
4.269570679753087e-05,1.3727287898745999e-05,2.268814194616553e-05
4.249408988471259e-05,1.3187380203589782e-05,1.93601320501835e-05
4.2105250504391737e-05,1.3263738288742389e-05,2.0367092292019608e-05
4.166896214883309e-05,1.4110803598393895e-05,2.4797419168010038e-05
4.14542984435684e-05,1.6136978623109143e-05,2.0885411336806214e-05
4.155975504545495e-05,1.3316993836793856e-05,2.1539308030256167e-05
4.15030059775745e-05,1.3519103504981977e-05,2.6475569737147708e-05
4.155089267442236e-05,1.3841131482763559e-05,2.3054099153991814e-05
4.174295145276119e-05,2.282188588281997e-05,1.8842598013009138e-05
4.171555152424844e-05,2.0346922386096367e-05,2.082269210760046e-05
4.135556311666733e-05,1.3505569608014412e-05,2.2821303724924745e-05
4.145953622355591e-05,1.4374894644362256e-05,2.3489296857661657e-05
4.1613183148001555e-05,1.3442099434541888e-05,2.434537016995364e-05
4.157332406975911e-05,1.32889984976714e-05,2.411556236383561e-05
4.237218005073373e-05,1.4069998302517206e-05,2.314734607153923e-05
4.2220043687848375e-05,1.3565977023723974e-05,2.433181144122498e-05
4.23870466875087e-05,1.4120478109660439e-05,2.1277115135944767e-05
4.243608062097337e-05,1.3551687320187967e-05,2.7583264261750174e-05
4.260289917510818e-05,1.614575825051645e-05,2.7190349094157186e-05
4.273275299055967e-05,1.6481885897903226e-05,2.0253360913766728e-05
4.231344455547514e-05,1.562928770155736e-05,2.0833466109451138e-05
4.261548121576197e-05,1.633525664459512e-05,2.271757712271949e-05
4.261607627995545e-05,1.2912896782637517e-05,2.193585478817539e-05
4.240525795466965e-05,1.4105771903984987e-05,2.2569060117234585e-05
4.271271376637742e-05,1.3980210334096909e-05,2.0407331759386693e-05
4.2614200538082514e-05,1.8644568972234764e-05,2.1632229335182273e-05
4.268068765668431e-05,1.4303444920145126e-05,1.939718456313244e-05
4.257986731317942e-05,1.736323685221919e-05,2.234144490842027e-05
4.2678372228692754e-05,1.6523236052847778e-05,2.0900609568306194e-05
4.2543169620330445e-05,1.3713954037228858e-05,2.1701083306027157e-05
4.256533657098771e-05,1.4025380253173125e-05,2.2768443757819058e-05
4.2606783281371464e-05,1.3086823828416528e-05,2.2068652398239408e-05
4.264554047040292e-05,1.369018146306189e-05,2.011201215282199e-05
4.2711423848231785e-05,1.3827647221660299e-05,2.1302736791710685e-05
4.260541154508246e-05,1.3939929267507978e-05,2.1375963030862976e-05
4.258249764461652e-05,1.715848169851597e-05,1.9995544469111338e-05
4.280373148503713e-05,1.2733238999089735e-05,2.1457257959553998e-05
4.2634989258658604e-05,1.4312075562123994e-05,2.0227263307432964e-05
4.249094949045684e-05,2.2966064201810355e-05,2.1476636861992303e-05
4.175648335149162e-05,1.3658632469422116e-05,2.4170413830546522e-05
4.153959936957108e-05,1.3723672010996779e-05,2.0175230179972914e-05
4.1431770478084216e-05,2.2223891785211337e-05,2.415230903963561e-05
4.172314515017206e-05,1.4882195246741503e-05,2.4031459455216007e-05
4.165154497968615e-05,1.3845691959843976e-05,2.497390405835631e-05
4.1628248363849705e-05,1.3820872224383773e-05,1.964184269809266e-05
4.1501300675008676e-05,1.661925632223643e-05,2.0058601065784388e-05
4.180766300123651e-05,1.5660150843981314e-05,2.1756441153177875e-05
4.157323455729056e-05,1.391754183217131e-05,2.197252869507338e-05
4.1661267969175244e-05,1.3959597423038872e-05,2.0516822576155392e-05
4.169073428784031e-05,1.6012797354534312e-05,2.2611183315390805e-05
4.150991062488174e-05,1.3761627301107637e-05,1.9187946525676124e-05
4.157426110396045e-05,2.4588373852623137e-05,1.9486717138477162e-05
4.147198131249752e-05,1.635540414635983e-05,2.196868822061049e-05
4.224381847961922e-05,1.4905719340845281e-05,2.166295802304319e-05
4.2522468138486144e-05,1.5863260458992556e-05,2.2406012732290037e-05
4.2756350467243465e-05,1.783945642628737e-05,1.9980011361724338e-05
4.2706756903498896e-05,1.5025147764973212e-05,2.162697435011296e-05
4.2556858243187886e-05,1.9091387317757836e-05,1.9087088062192946e-05
4.222967047098791e-05,1.8991223383366673e-05,1.9957134342973858e-05
4.174551238975255e-05,2.156793806666002e-05,2.0446286259874214e-05
4.204197271974408e-05,2.0824101135161754e-05,1.9803010579835246e-05
4.315230904467171e-05,2.5326180128715235e-05,1.947651511272852e-05
4.232070972648216e-05,3.794960523077151e-05,1.9677935606523535e-05
4.270964085662854e-05,2.3807239151878433e-05,1.8993099242834432e-05
4.2751608434627995e-05,1.9570241921513798e-05,2.069306411016214e-05
4.2585597402649e-05,1.5897112439660078e-05,1.8965431172546233e-05
4.3201152802794244e-05,1.5196628703506576e-05,1.8883730504057895e-05
4.258070519426837e-05,1.3379983691947927e-05,1.9569428823160705e-05
4.1533445224786194e-05,1.3738708501023212e-05,1.905548367631127e-05
4.365629266203541e-05,1.3745955087642869e-05,1.842314737473316e-05
4.2980920916306787e-05,1.324485091004135e-05,2.0617332561414516e-05
4.266907713827095e-05,1.3796765394147315e-05,2.0466299957604406e-05
4.282075631635962e-05,1.5218383083563935e-05,2.2224313952534657e-05
4.619871807705067e-05,1.6483209958528812e-05,1.8810321512319207e-05
4.1655596032796896e-05,2.0820368971072866e-05,2.1511942563847696e-05
4.7239672846330904e-05,2.2307340749776474e-05,1.707438307676057e-05
4.9400206039535986e-05,3.686944926705849e-05,2.1293804087463287e-05
4.543358901912598e-05,2.8869565966402888e-05,1.985246563435794e-05
4.3307941730006406e-05,4.2010801268261843e-05,1.8664712092686388e-05
4.187364334029553e-05,1.828777966856876e-05,2.0060868500877404e-05
4.4460588645165446e-05,1.7785236945973005e-05,1.9611798138612356e-05
4.611630148531276e-05,1.421482789950801e-05,1.9535729356903176e-05
4.29470608827387e-05,1.4821541983849328e-05,1.970019292912184e-05
5.668636097929891e-05,1.3843509164086498e-05,1.857290180396376e-05
4.465232268557884e-05,1.3716216434485062e-05,2.0522895715657798e-05
4.988829921188653e-05,1.4478965089779195e-05,1.8665522860601412e-05
4.2474723085774715e-05,1.5883829975429364e-05,2.6837459424662312e-05
4.1830012098671434e-05,1.687998752203157e-05,2.2580681789463598e-05
4.205078671930096e-05,1.4728945186526232e-05,1.9935998382720753e-05
4.2454057356735576e-05,2.0653705455391247e-05,2.242517702143232e-05
4.28103370086319e-05,1.432105519349136e-05,2.1547889902819863e-05
4.2269559316991944e-05,1.8681866218912547e-05,2.5111038799003893e-05
4.350181784502638e-05,1.4569349234818674e-05,2.7202212291612683e-05
4.191278722998959e-05,1.590783633389492e-05,3.438095936544983e-05
4.2262456008756996e-05,1.5992675380971376e-05,3.053496704652048e-05
4.2088447680725946e-05,1.5551930951005487e-05,2.2300790297435925e-05
4.31482034491637e-05,1.8135846285360913e-05,2.6552393837491197e-05
4.308433406606582e-05,1.6043123947184766e-05,2.1295227210735844e-05
4.1674170706755834e-05,1.7259385420373973e-05,2.2673840032751968e-05
4.2297509189666016e-05,1.9676397165966364e-05,2.2191907499689024e-05
4.25288193673623e-05,1.726612202983091e-05,2.1570158366444048e-05
4.297709827369545e-05,1.7550213436337004e-05,2.4709026161851e-05
4.2231130573782136e-05,1.7179757333742884e-05,2.1192766789610573e-05
4.255251823451545e-05,2.1313181009077197e-05,2.0810868318079656e-05
4.216592218654114e-05,1.967791135236041e-05,2.2000418547278856e-05
4.2052951789628425e-05,1.5681739030384277e-05,2.1460659732355224e-05
4.3421034306447836e-05,1.6080325377458848e-05,1.9638703358850764e-05
4.249406154485769e-05,1.8337585684804482e-05,2.383164210044697e-05
4.226816758091445e-05,1.6998068101656827e-05,2.4604298497123978e-05
4.242084160068771e-05,1.557218378707148e-05,2.1278787722849303e-05
4.1732950353434714e-05,1.4845450985347953e-05,2.426381265507871e-05
4.349264558186405e-05,1.5030839795429074e-05,2.1120854038372274e-05
4.34243731888273e-05,1.6656940800459097e-05,1.9768368225072664e-05
4.2242669542247314e-05,1.429272232741141e-05,2.0621572268169075e-05
4.2272546897947906e-05,1.7553998617643174e-05,1.9795924666556884e-05
4.260124901520612e-05,1.6042615463760512e-05,2.1642434387736387e-05
4.153243664404727e-05,1.5725708552452035e-05,2.0267244574618815e-05
4.2789185617948535e-05,1.5372406751410495e-05,2.116291773617718e-05
4.3097668221889765e-05,1.7176086553760683e-05,1.9998223581962905e-05
4.286716861315654e-05,1.6875138958951652e-05,2.1063820661879617e-05
4.299682417695294e-05,2.0045775069519323e-05,2.0867647602074158e-05
4.2684411200752945e-05,1.7455913600699092e-05,2.0347364305024485e-05
4.271800052265462e-05,1.429834794641316e-05,2.2953368441278597e-05
4.24525417474797e-05,1.5248401404583945e-05,1.8855008856561993e-05
4.253667105786008e-05,1.6961336000633765e-05,2.0149336207513357e-05
4.2691646549428696e-05,1.643872934380397e-05,2.0251188764177642e-05
4.228169870202692e-05,1.4326293692188407e-05,2.0311717556751318e-05
4.2359359422334816e-05,1.6372495583709678e-05,2.3135359276649224e-05
4.3129163991579844e-05,1.7145455411586852e-05,2.4223211650920008e-05
4.291215544071747e-05,1.697203485846899e-05,2.2296663652738858e-05
4.29969299784716e-05,1.7075845760103904e-05,2.091147089856804e-05
4.180786926553992e-05,1.715648928581004e-05,1.9813996648281317e-05
4.305648334820944e-05,1.520038166080262e-05,2.1012871726497906e-05
4.2872867325058906e-05,1.70351813984837e-05,2.3346263000121325e-05
4.229965389640711e-05,1.80309691496916e-05,2.1421299630475234e-05
4.122215070424318e-05,2.0742939706810405e-05,2.108242467855348e-05
4.449285816917836e-05,1.920835919506203e-05,2.8834725515594073e-05
4.249020225984168e-05,1.6681437803924836e-05,2.6781763237551105e-05
4.27922444714568e-05,1.743601071055423e-05,2.425074049511977e-05
4.2236871336172045e-05,1.381440913945653e-05,2.1940732381651175e-05
4.289391626116412e-05,1.3879334092599116e-05,2.57981416902453e-05
4.289083190997189e-05,1.6864830594016668e-05,2.547535884644958e-05
4.2562947937767605e-05,1.9730245190601183e-05,1.966854412657426e-05
4.2448276044524394e-05,1.3935149447661387e-05,2.752976801701834e-05
4.2406297964134865e-05,1.5849678420636336e-05,2.6077676925808645e-05
4.3012030500904076e-05,1.4433181695867603e-05,3.156589444326841e-05
4.224967634399945e-05,1.5655859517877958e-05,2.3366031652258813e-05
4.29528884433239e-05,1.6057073520130416e-05,2.254853622265074e-05
4.2702375521912474e-05,1.584917655947038e-05,2.6994552119958825e-05
4.2424165876582265e-05,2.2326062625026566e-05,2.341366516508181e-05
4.281221279597958e-05,1.7586273995675582e-05,2.455158746140995e-05
4.258263486917713e-05,1.7678645323861987e-05,3.0767305062688874e-05
4.2477195147512245e-05,1.6299435297497667e-05,3.2132733761471854e-05
4.273915983503685e-05,1.5224844620504996e-05,3.3620483480376604e-05
4.232104736729525e-05,1.5201664325132925e-05,3.663586186689827e-05
4.290866207156796e-05,1.3962737109967093e-05,3.483187762753914e-05
4.2642517073545604e-05,1.3234514694246969e-05,3.705089469448808e-05
4.2844934614549854e-05,1.518450274488714e-05,2.6372421351084087e-05
4.237116960212006e-05,1.395466769217979e-05,3.866406705952841e-05
4.2825677774089854e-05,1.4369326445944352e-05,4.656027959242692e-05
4.27859327828628e-05,1.5953769980825428e-05,4.559309484278629e-05
4.266011546860682e-05,1.492956860811745e-05,3.717888950887982e-05
4.2533464747975815e-05,1.4323128676210217e-05,3.167840434116442e-05
4.263105047357385e-05,1.4248812246862031e-05,4.50365832202948e-05
4.271969461115077e-05,1.4585341824222553e-05,3.8752567205477815e-05
4.239065485307947e-05,1.3909651582117988e-05,3.618318125646169e-05
4.2721655936475146e-05,1.3289390921187305e-05,3.892691037400198e-05
4.286780089387321e-05,1.4513981540460463e-05,3.061398073299415e-05
4.2427478583704214e-05,1.483473568846705e-05,4.177932462290812e-05
4.289430067728972e-05,1.5432469083620502e-05,4.901845502786273e-05
4.262873630068498e-05,1.3864857585446089e-05,4.680352722630232e-05
4.2237714333168696e-05,1.3500458316286767e-05,4.5144594828059326e-05
4.271208172212937e-05,1.6156330855725543e-05,4.203409486075671e-05
4.284537644707598e-05,1.6880500386662333e-05,4.664142163790075e-05
4.27681833934912e-05,1.7276372367618363e-05,6.677037890341353e-05
4.2711553687695415e-05,1.4760889022369384e-05,4.995400672115125e-05
4.248977271345211e-05,1.4805382585656445e-05,6.435460214122557e-05
4.26408916064247e-05,1.3657782398226459e-05,6.736985589782307e-05
4.277636073311442e-05,1.5418609520523318e-05,5.7765781249976556e-05
4.1401540711376585e-05,1.556913949546157e-05,4.6088013379517177e-05
4.185186317045009e-05,1.3364001632005796e-05,4.7926051809952245e-05
4.163150195381604e-05,1.4067346532371516e-05,6.367024838482393e-05
4.158854419074487e-05,1.3400293168004396e-05,6.375736827294531e-05
