0,1,2,3,4,5
0.7397,-0.0921,2.115,-0.722,-0.46399999999999997,0.47
0.7165,-0.0691,2.115,-0.8119999999999999,-0.371,0.47
0.7628,-0.046,2.115,-0.8119999999999999,-0.46399999999999997,0.47
0.7397,-0.0691,2.115,-0.8119999999999999,-0.371,0.47
0.7397,-0.0921,2.115,-0.8119999999999999,-0.371,0.47
0.7628,-0.0691,2.115,-0.8119999999999999,-0.27799999999999997,0.403
0.7397,-0.0921,2.2471,-0.8119999999999999,-0.46399999999999997,0.5369999999999999
0.7397,-0.0691,2.2471,-0.722,-0.5569999999999999,0.403
0.7628,-0.0691,2.115,-0.722,-0.46399999999999997,0.47
0.7628,-0.0921,2.2471,-0.722,-0.46399999999999997,0.403
0.7628,-0.1151,2.2471,-0.8119999999999999,-0.371,0.403
0.7165,-0.0691,2.115,-0.722,-0.46399999999999997,0.47
0.6934,-0.0691,2.115,-0.8119999999999999,-0.371,0.47
0.7397,-0.0691,2.2471,-0.8119999999999999,-0.27799999999999997,0.403
0.7628,-0.0691,2.115,-0.8119999999999999,-0.46399999999999997,0.5369999999999999
0.7628,-0.0691,2.115,-0.8119999999999999,-0.46399999999999997,0.47
0.6934,-0.046,2.115,-0.8119999999999999,-0.46399999999999997,0.5369999999999999
0.6934,-0.046,1.9828,-0.722,-0.371,0.5369999999999999
0.7397,-0.0691,2.2471,-0.8119999999999999,-0.46399999999999997,0.403
0.7165,-0.0691,2.115,-0.8119999999999999,-0.46399999999999997,0.5369999999999999
0.7165,-0.0921,2.115,-0.903,-0.371,0.5369999999999999
0.7165,-0.0921,2.115,-0.903,-0.371,0.5369999999999999
0.7165,-0.0691,1.9828,-0.8119999999999999,-0.46399999999999997,0.47
0.7397,-0.1151,2.115,-0.903,-0.27799999999999997,0.403
0.7397,-0.0691,2.2471,-0.8119999999999999,-0.27799999999999997,0.403
0.7165,-0.0921,2.2471,-0.8119999999999999,-0.46399999999999997,0.403
0.7628,-0.1151,2.2471,-0.8119999999999999,-0.371,0.403
0.6934,-0.0691,2.115,-0.8119999999999999,-0.46399999999999997,0.403
0.6934,-0.0921,2.115,-0.8119999999999999,-0.371,0.5369999999999999
0.7165,-0.0691,2.115,-0.8119999999999999,-0.371,0.47
0.7397,-0.0921,2.115,-0.8119999999999999,-0.46399999999999997,0.47
0.6934,-0.0921,2.115,-0.8119999999999999,-0.46399999999999997,0.5369999999999999
0.7165,-0.0921,2.115,-0.722,-0.46399999999999997,0.47
0.7165,-0.0921,2.115,-0.722,-0.46399999999999997,0.47
0.7397,-0.0691,2.2471,-0.8119999999999999,-0.46399999999999997,0.403
0.6934,-0.046,2.115,-0.8119999999999999,-0.46399999999999997,0.403
0.7397,-0.0691,2.115,-0.8119999999999999,-0.46399999999999997,0.47
0.6934,-0.0921,2.2471,-0.8119999999999999,-0.27799999999999997,0.403
0.7165,-0.1151,2.115,-0.903,-0.27799999999999997,0.47
0.7397,-0.0691,2.2471,-0.8119999999999999,-0.46399999999999997,0.403
0.7397,-0.0691,2.115,-0.8119999999999999,-0.46399999999999997,0.47
0.7165,-0.0691,1.9828,-0.722,-0.371,0.47
0.7165,-0.046,2.115,-0.8119999999999999,-0.27799999999999997,0.403
0.7397,-0.0691,2.2471,-0.8119999999999999,-0.46399999999999997,0.403
0.7165,-0.0921,2.2471,-0.8119999999999999,-0.46399999999999997,0.403
0.6934,-0.046,2.115,-0.8119999999999999,-0.46399999999999997,0.403
0.7165,-0.0691,2.2471,-0.8119999999999999,-0.371,0.335
0.7165,-0.0921,2.2471,-0.8119999999999999,-0.46399999999999997,0.403
0.7165,-0.0691,2.115,-0.8119999999999999,-0.371,0.47
0.7165,-0.0691,2.115,-0.8119999999999999,-0.371,0.47
0.7397,-0.0691,2.115,-0.722,-0.5569999999999999,0.47
0.7397,-0.0691,2.115,-0.8119999999999999,-0.46399999999999997,0.47
0.7165,-0.0691,2.115,-0.903,-0.27799999999999997,0.47
0.7397,-0.0921,2.115,-0.903,-0.371,0.403
0.7397,-0.0691,2.2471,-0.8119999999999999,-0.46399999999999997,0.403
0.6934,-0.0691,2.115,-0.8119999999999999,-0.46399999999999997,0.47
0.6934,-0.0691,1.9828,-0.8119999999999999,-0.5569999999999999,0.47
0.6934,-0.0691,1.9828,-0.8119999999999999,-0.46399999999999997,0.47
0.7165,-0.0921,2.2471,-0.8119999999999999,-0.46399999999999997,0.403
0.7165,-0.046,2.115,-0.8119999999999999,-0.46399999999999997,0.403
0.6934,-0.046,2.115,-0.8119999999999999,-0.46399999999999997,0.47
0.6934,-0.0691,2.115,-0.8119999999999999,-0.46399999999999997,0.47
0.6934,-0.0691,2.115,-0.8119999999999999,-0.46399999999999997,0.47
0.7165,-0.0921,2.115,-0.903,-0.371,0.403
0.7165,-0.0921,2.2471,-0.8119999999999999,-0.46399999999999997,0.403
0.7165,-0.0921,2.2471,-0.8119999999999999,-0.46399999999999997,0.403
0.6703,-0.0921,2.115,-0.8119999999999999,-0.46399999999999997,0.47
0.6934,-0.046,2.115,-0.8119999999999999,-0.46399999999999997,0.47
0.7397,-0.0691,2.115,-0.8119999999999999,-0.46399999999999997,0.47
0.6934,-0.046,2.115,-0.8119999999999999,-0.46399999999999997,0.5369999999999999
0.6934,-0.0691,2.115,-0.8119999999999999,-0.46399999999999997,0.47
0.7165,-0.046,2.2471,-0.8119999999999999,-0.46399999999999997,0.403
0.7165,-0.0921,2.115,-0.903,-0.371,0.403
0.7397,-0.0921,2.115,-0.8119999999999999,-0.46399999999999997,0.47
0.7165,-0.0691,2.115,-0.903,-0.5569999999999999,0.403
0.6703,-0.046,1.9828,-0.8119999999999999,-0.5569999999999999,0.47
0.6934,-0.0921,1.9828,-0.8119999999999999,-0.5569999999999999,0.47
0.7165,-0.046,2.115,-0.8119999999999999,-0.46399999999999997,0.47
0.6934,-0.0691,2.115,-0.8119999999999999,-0.46399999999999997,0.47
0.6934,-0.0921,2.115,-0.8119999999999999,-0.371,0.403
0.6703,-0.0691,2.115,-0.8119999999999999,-0.46399999999999997,0.403
0.6934,-0.0921,2.2471,-0.8119999999999999,-0.46399999999999997,0.403
0.7165,-0.0921,2.2471,-0.8119999999999999,-0.46399999999999997,0.403
0.7165,-0.046,2.2471,-0.8119999999999999,-0.46399999999999997,0.403
0.6934,-0.0691,2.115,-0.722,-0.371,0.403
0.6934,-0.0691,2.115,-0.8119999999999999,-0.5569999999999999,0.403
0.6934,-0.046,2.115,-0.8119999999999999,-0.46399999999999997,0.47
0.7165,-0.046,2.2471,-0.8119999999999999,-0.46399999999999997,0.403
0.7165,-0.0921,2.2471,-0.903,-0.371,0.335
0.6934,-0.0691,2.115,-0.8119999999999999,-0.5569999999999999,0.403
0.6934,-0.0691,2.115,-0.8119999999999999,-0.5569999999999999,0.403
0.6703,-0.0691,2.115,-0.722,-0.46399999999999997,0.403
0.6703,-0.0691,2.115,-0.8119999999999999,-0.5569999999999999,0.403
0.6934,-0.0921,2.2471,-0.8119999999999999,-0.46399999999999997,0.403
0.6934,-0.0691,2.115,-0.8119999999999999,-0.5569999999999999,0.403
0.6703,-0.046,2.115,-0.8119999999999999,-0.46399999999999997,0.47
0.6934,-0.023,2.2471,-0.8119999999999999,-0.46399999999999997,0.403
0.6934,-0.0691,2.115,-0.8119999999999999,-0.5569999999999999,0.403
0.6934,-0.0921,2.2471,-0.8119999999999999,-0.46399999999999997,0.403
0.6703,-0.046,2.115,-0.8119999999999999,-0.46399999999999997,0.403
0.6934,-0.0921,1.9828,-0.8119999999999999,-0.46399999999999997,0.47
0.6703,-0.0691,2.115,-0.722,-0.371,0.47
0.6703,-0.0691,1.9828,-0.8119999999999999,-0.46399999999999997,0.47
0.6472,-0.0691,1.9828,-0.8119999999999999,-0.46399999999999997,0.47
0.6703,-0.0691,1.9828,-0.8119999999999999,-0.5569999999999999,0.47
0.6703,-0.0691,1.9828,-0.8119999999999999,-0.5569999999999999,0.47
0.6934,-0.0691,1.9828,-0.722,-0.46399999999999997,0.5369999999999999
0.6703,-0.046,2.115,-0.8119999999999999,-0.46399999999999997,0.47
0.6934,-0.0921,2.2471,-0.8119999999999999,-0.46399999999999997,0.403
0.6934,-0.0921,2.2471,-0.8119999999999999,-0.46399999999999997,0.403
0.6934,-0.0691,2.115,-0.8119999999999999,-0.5569999999999999,0.403
0.6934,-0.0691,2.115,-0.8119999999999999,-0.46399999999999997,0.403
0.6703,-0.0691,1.9828,-0.8119999999999999,-0.46399999999999997,0.47
0.6703,-0.046,1.9828,-0.8119999999999999,-0.46399999999999997,0.47
0.6703,-0.0691,1.9828,-0.8119999999999999,-0.46399999999999997,0.47
0.6703,-0.0691,2.115,-0.722,-0.46399999999999997,0.47
0.6934,-0.0691,2.115,-0.8119999999999999,-0.5569999999999999,0.403
0.6934,-0.0921,2.115,-0.8119999999999999,-0.371,0.403
0.6934,-0.0691,2.115,-0.8119999999999999,-0.5569999999999999,0.403
0.6934,-0.0691,2.115,-0.8119999999999999,-0.371,0.335
0.6934,-0.046,1.9828,-0.8119999999999999,-0.5569999999999999,0.47
0.6703,-0.0691,2.115,-0.722,-0.46399999999999997,0.47
0.6934,-0.046,2.115,-0.8119999999999999,-0.5569999999999999,0.403
0.6934,-0.046,2.115,-0.8119999999999999,-0.5569999999999999,0.403
0.6934,-0.046,2.115,-0.722,-0.46399999999999997,0.403
0.6934,-0.0691,1.9828,-0.8119999999999999,-0.5569999999999999,0.47
0.6703,-0.0691,1.9828,-0.8119999999999999,-0.46399999999999997,0.5369999999999999
0.6703,-0.0691,1.9828,-0.8119999999999999,-0.5569999999999999,0.47
0.6472,-0.0921,2.115,-0.903,-0.46399999999999997,0.47
0.6472,-0.1151,2.2471,-0.722,-0.65,0.403
0.6472,-0.1151,2.115,-0.722,-0.7430000000000001,0.47
0.6472,-0.1382,2.2471,-0.722,-0.65,0.335
0.6241,-0.1842,2.2471,-0.541,-0.9289999999999999,0.403
0.6472,-0.2764,2.3793,-0.361,-0.9289999999999999,0.335
0.7165,-0.3224,2.5115,-0.18,-0.9289999999999999,0.403
0.7165,-0.3915,2.3793,-0.18,-0.836,0.403
0.7397,-0.5067,2.6437,0.18,-1.022,0.403
0.7397,-0.5528,2.7759,0.361,-1.022,0.335
0.7165,-0.6449,2.7759,0.541,-1.022,0.403
0.6703,-0.737,2.9081,0.6320000000000001,-1.207,0.403
0.6241,-0.8061,3.0403,0.993,-1.3,0.403
0.601,-0.9213,3.1725,1.173,-1.4860000000000002,0.47
0.6472,-1.1056,3.4368,1.535,-1.393,0.47
0.6934,-1.1516,3.569,1.625,-1.393,0.47
0.7628,-1.2207,3.569,1.715,-1.115,0.47
0.7859,-1.2668,3.7012,1.896,-1.115,0.47
0.8321,-1.4971,3.9656,2.347,-1.115,0.335
0.7859,-1.6123,4.0978,2.7089999999999996,-1.3,0.403
0.809,-1.9348,4.3621,3.341,-1.207,0.268
0.9015,-2.073,4.6265,3.5210000000000004,-1.115,0.268
1.1095,-2.3954,5.2875,4.334,-0.9289999999999999,0.268
1.0864,-2.5336,5.5518,4.785,-0.836,0.47
0.9708,-2.8561,6.345,5.689,-1.3,0.268
0.9015,-2.9252,6.4771,5.869,-1.5790000000000002,0.268
0.8321,-3.0404,6.6093,6.14,-1.672,0.201
0.8321,-3.1095,6.8737,6.411,-1.765,0.201
0.9015,-3.2477,7.1381,6.682,-1.5790000000000002,0.134
1.1095,-3.455,7.6668,7.314,-1.115,0.067
1.1789,-3.5471,7.799,7.314,-1.022,0.067
1.202,-3.5471,7.9312,7.495000000000001,-0.9289999999999999,0.067
1.1789,-3.6162,7.9312,7.404,-1.022,0.067
1.0171,-3.7314,8.3278,7.946,-1.3,-0.134
0.9246,-3.8465,8.5922,8.217,-1.4860000000000002,-0.0
0.8552,-3.9156,8.8565,8.578,-1.672,-0.0
0.8321,-4.0999,9.1209,9.030000000000001,-1.4860000000000002,-0.0
0.8784,-4.2381,9.2531,9.391,-1.672,-0.134
1.1789,-4.5145,9.7818,9.751999999999999,-0.9289999999999999,-0.0
1.1326,-4.5606,9.7818,9.933,-1.022,-0.0
1.1326,-4.5606,9.7818,9.933,-1.022,-0.0
1.0402,-4.5606,10.1784,10.204,-1.207,-0.0
0.9246,-4.6067,10.1784,10.384,-1.393,-0.067
0.809,-4.7909,10.8393,11.015999999999998,-1.672,-0.134
0.809,-4.7909,10.8393,11.015999999999998,-1.672,-0.134
0.8321,-4.9291,11.1037,11.197,-1.393,-0.134
0.9477,-4.9291,11.2359,11.378,-1.115,-0.134
1.1326,-4.9291,10.9715,11.107,-0.7430000000000001,-0.134
1.1326,-4.9291,10.9715,11.107,-0.7430000000000001,-0.134
1.202,-4.9522,10.7072,11.015999999999998,-0.65,-0.067
1.202,-4.9522,10.7072,11.015999999999998,-0.65,-0.067
0.7859,-5.0213,10.7072,11.287,-1.5790000000000002,-0.134
0.5547,-4.9752,10.8393,11.468,-2.137,-0.201
0.5085,-5.0213,10.8393,11.468,-2.044,-0.201
0.601,-4.9982,10.9715,11.468,-1.8579999999999999,-0.134
0.7628,-5.0213,10.9715,11.378,-1.4860000000000002,-0.134
0.9708,-5.0443,10.8393,11.287,-1.022,-0.134
0.9939,-5.0443,10.8393,11.287,-0.9289999999999999,-0.134
0.8321,-5.0443,10.575,11.287,-1.393,-0.201
0.8784,-4.9982,10.7072,11.015999999999998,-1.3,-0.201
0.8784,-4.9061,10.4428,10.926,-1.207,-0.134
0.809,-4.86,10.3106,10.565,-1.393,-0.067
0.6934,-4.6988,9.914,10.113000000000001,-1.5790000000000002,-0.134
0.6934,-4.6067,9.6497,9.841999999999999,-1.5790000000000002,-0.134
0.7628,-4.5836,9.3853,9.661999999999999,-1.393,-0.067
0.809,-4.5376,9.2531,9.391,-1.393,-0.134
0.8321,-4.5145,8.9887,9.120000000000001,-1.3,-0.134
0.8321,-4.4685,8.9887,9.030000000000001,-1.207,-0.067
0.8321,-4.4685,8.9887,9.030000000000001,-1.207,-0.067
0.7859,-4.3994,8.8565,8.939,-1.393,-0.067
0.6934,-4.3303,8.7243,8.759,-1.672,-0.201
0.7165,-4.2842,8.5922,8.578,-1.5790000000000002,-0.134
0.7859,-4.2151,8.46,8.398,-1.393,-0.134
0.8321,-4.0999,7.9312,7.856,-1.207,-0.0
0.7397,-4.0538,7.9312,7.856,-1.4860000000000002,-0.0
0.416,-3.9847,7.9312,7.765,-2.23,-0.134
0.5547,-4.0078,8.0634,7.765,-2.044,-0.201
0.7859,-4.0538,8.1956,7.946,-1.393,-0.067
0.9939,-4.0538,8.3278,7.946,-1.115,-0.134
1.1095,-4.0769,8.3278,8.036,-0.7430000000000001,-0.067
1.1095,-4.0999,8.3278,8.036,-0.7430000000000001,-0.0
0.8784,-4.146,8.3278,8.307,-1.207,-0.067
0.9246,-4.192,8.46,8.307,-1.115,-0.0
1.0402,-4.169,8.3278,8.398,-0.836,-0.0
1.0864,-4.169,8.3278,8.307,-0.65,-0.0
1.0402,-4.146,8.1956,8.217,-0.9289999999999999,0.067
0.9708,-4.0769,8.0634,8.036,-1.022,0.067
0.9246,-4.0308,7.9312,7.856,-1.115,-0.067
0.9246,-4.0078,7.799,7.765,-1.115,-0.0
0.9015,-3.9847,7.799,7.584999999999999,-1.3,0.067
0.8784,-3.9387,7.6668,7.495000000000001,-1.3,0.134
0.8321,-3.8235,7.5346,7.224,-1.393,0.134
0.8321,-3.7544,7.4025,7.043,-1.3,-0.0
0.809,-3.6392,6.8737,6.772,-1.3,0.067
0.809,-3.6392,6.8737,6.772,-1.3,0.067
0.6934,-3.478,6.6093,6.321,-1.393,0.067
0.6703,-3.4089,6.4771,6.05,-1.4860000000000002,0.067
0.6934,-3.3628,6.4771,5.959,-1.4860000000000002,0.067
0.8321,-3.3859,6.4771,5.959,-1.115,0.067
0.8321,-3.3859,6.4771,6.05,-1.115,-0.0
0.8321,-3.4089,6.6093,6.321,-1.207,-0.0
0.8552,-3.4319,6.6093,6.321,-1.115,-0.0
0.8552,-3.4319,6.7415,6.23,-1.115,-0.134
0.8321,-3.478,6.7415,6.23,-1.115,-0.0
0.8321,-3.5241,6.7415,6.321,-1.207,0.067
0.8321,-3.5241,6.7415,6.5920000000000005,-1.393,0.067
0.8552,-3.6162,7.1381,6.862,-1.3,-0.0
0.8552,-3.6392,7.1381,6.862,-1.207,-0.0
0.8784,-3.6853,7.2703,6.953,-1.3,-0.067
0.9015,-3.7544,7.5346,7.224,-1.3,-0.0
0.9015,-3.8696,7.6668,7.495000000000001,-1.207,-0.0
0.9246,-3.9387,7.9312,7.765,-1.115,-0.0
0.9939,-4.0538,8.3278,8.307,-1.115,0.067
1.0402,-4.169,8.46,8.488,-1.115,-0.0
1.0864,-4.2151,8.5922,8.759,-0.836,-0.0
1.0864,-4.2612,8.7243,8.939,-0.9289999999999999,-0.0
1.0864,-4.3763,8.8565,9.030000000000001,-1.022,-0.0
0.9477,-4.3994,8.9887,9.21,-1.3,-0.0
0.9015,-4.4224,8.9887,9.120000000000001,-1.3,-0.067
0.9246,-4.4915,9.1209,9.301,-1.393,-0.0
1.0171,-4.5376,9.2531,9.481,-1.207,-0.067
1.0171,-4.5376,9.2531,9.481,-1.207,-0.067
0.9939,-4.7218,9.6497,10.023,-1.115,-0.0
0.9708,-4.837,10.0462,10.294,-1.3,-0.067
0.9708,-4.837,10.0462,10.294,-1.3,-0.067
0.9939,-4.9061,10.1784,10.565,-1.207,-0.067
1.0633,-4.9291,10.3106,10.655,-1.022,-0.134
1.1095,-4.9522,10.4428,10.835999999999999,-1.022,-0.067
1.0633,-4.9982,10.575,11.015999999999998,-1.115,-0.134
1.0864,-5.0443,10.7072,11.107,-1.115,-0.067
1.1095,-5.0443,10.575,11.107,-1.022,-0.134
1.1095,-5.0443,10.575,11.107,-1.022,-0.134
1.0633,-5.0904,10.8393,11.197,-0.9289999999999999,-0.067
1.0864,-5.1364,10.8393,11.378,-0.9289999999999999,-0.134
1.0402,-5.1595,10.8393,11.468,-1.022,-0.134
1.0171,-5.1364,10.7072,11.378,-1.115,-0.067
0.9477,-5.0443,10.575,10.926,-1.3,-0.067
0.9015,-4.9982,10.4428,10.565,-1.393,-0.067
0.9015,-4.9522,10.1784,10.384,-1.4860000000000002,-0.067
0.8784,-4.9291,10.0462,10.294,-1.4860000000000002,-0.067
0.9246,-4.9061,10.1784,10.204,-1.393,-0.067
0.9708,-4.86,10.0462,10.294,-1.3,-0.067
0.8784,-4.7218,9.5175,9.751999999999999,-1.4860000000000002,-0.0
0.9015,-4.6067,9.2531,9.301,-1.4860000000000002,-0.067
0.9015,-4.5606,9.1209,9.030000000000001,-1.4860000000000002,-0.0
0.8784,-4.4685,8.9887,8.939,-1.4860000000000002,-0.0
0.9015,-4.4454,8.9887,8.849,-1.3,-0.0
0.9015,-4.4685,8.8565,8.759,-1.393,-0.0
0.8784,-4.4224,8.8565,8.668,-1.3,-0.0
0.8784,-4.4224,8.8565,8.668,-1.3,-0.0
0.8552,-4.3303,8.7243,8.488,-1.393,-0.0
0.8321,-4.3303,8.7243,8.398,-1.4860000000000002,-0.067
0.8784,-4.3072,8.7243,8.307,-1.393,-0.0
0.8784,-4.3072,8.7243,8.307,-1.393,-0.0
0.9246,-4.3072,8.7243,8.398,-1.3,-0.134
0.9477,-4.3303,8.5922,8.307,-1.207,0.067
0.9939,-4.3303,8.5922,8.398,-1.207,0.067
0.9708,-4.3533,8.5922,8.488,-1.3,-0.0
0.9708,-4.3303,8.5922,8.488,-1.3,-0.0
0.9246,-4.3072,8.5922,8.398,-1.3,0.067
0.8784,-4.2842,8.46,8.126999999999999,-1.3,0.067
0.8552,-4.2151,8.3278,8.126999999999999,-1.393,-0.0
0.8321,-4.146,8.1956,7.856,-1.4860000000000002,0.067
0.8321,-4.1229,8.1956,7.856,-1.5790000000000002,0.067
0.8321,-4.1229,8.1956,7.856,-1.5790000000000002,0.067
0.809,-4.0308,7.9312,7.584999999999999,-1.4860000000000002,-0.0
0.8784,-4.0538,8.0634,7.404,-1.393,0.134
0.8784,-4.0308,7.9312,7.404,-1.3,0.134
0.9246,-4.0078,7.9312,7.404,-1.207,0.067
0.9246,-3.9847,7.799,7.404,-1.207,0.067
0.9015,-3.9617,7.799,7.314,-1.207,0.134
0.9477,-3.9156,7.799,7.224,-1.207,0.067
0.9246,-3.8696,7.5346,7.043,-1.3,0.067
0.9015,-3.8465,7.4025,6.862,-1.3,0.067
0.8784,-3.8005,7.2703,6.5920000000000005,-1.207,-0.0
0.8552,-3.8005,7.1381,6.682,-1.393,-0.0
0.8321,-3.7314,7.1381,6.5920000000000005,-1.4860000000000002,0.134
0.8321,-3.6623,7.1381,6.501,-1.3,0.067
0.809,-3.6162,7.1381,6.501,-1.4860000000000002,0.067
0.8784,-3.5932,7.0059,6.23,-1.207,-0.0
0.8784,-3.5932,6.8737,6.14,-1.207,0.067
0.8784,-3.5471,6.8737,6.14,-1.207,0.067
0.8784,-3.478,6.7415,6.05,-1.3,0.067
0.7397,-3.3859,6.6093,5.779,-1.4860000000000002,0.067
0.6703,-3.3859,6.6093,5.779,-1.5790000000000002,0.134
0.7165,-3.3859,6.6093,5.779,-1.4860000000000002,0.067
0.8784,-3.478,6.8737,6.05,-1.115,-0.0
0.9015,-3.501,6.8737,6.05,-1.115,-0.0
0.9015,-3.501,6.8737,6.05,-1.115,-0.0
0.8784,-3.5241,6.8737,6.14,-1.207,0.134
0.9015,-3.5701,6.8737,6.14,-1.3,0.067
0.9015,-3.5471,6.8737,6.14,-1.207,0.067
0.8552,-3.501,6.8737,6.14,-1.3,0.067
0.8784,-3.478,6.8737,6.05,-1.207,-0.067
0.9477,-3.5932,7.0059,6.23,-1.115,-0.0
0.9477,-3.5932,7.0059,6.23,-1.115,-0.0
0.9939,-3.7314,7.1381,6.772,-1.115,-0.0
0.9939,-3.6853,7.1381,6.682,-0.9289999999999999,-0.0
0.9246,-3.9156,7.799,7.314,-1.3,-0.0
0.8784,-4.0769,8.1956,7.856,-1.4860000000000002,-0.0
0.9939,-3.7314,8.7243,7.495000000000001,-1.115,0.067
1.1326,-3.501,8.46,7.043,-0.836,0.201
1.202,-3.5241,8.3278,6.953,-0.7430000000000001,0.134
1.1789,-3.9387,8.3278,7.495000000000001,-1.022,0.067
1.0864,-4.0999,8.3278,7.946,-1.115,-0.0
0.9477,-4.2151,8.5922,8.398,-1.3,0.067
0.9246,-4.2612,8.5922,8.488,-1.4860000000000002,-0.0
0.9246,-4.2612,8.5922,8.488,-1.4860000000000002,-0.0
0.9708,-4.3533,8.8565,8.849,-1.207,-0.067
1.0633,-4.4685,8.9887,9.030000000000001,-1.115,-0.0
1.1095,-4.5606,9.2531,9.21,-1.115,-0.0
1.202,-4.6067,9.3853,9.481,-1.022,-0.0
1.1789,-4.6758,9.5175,9.751999999999999,-0.7430000000000001,-0.0
1.202,-4.837,9.7818,10.023,-0.9289999999999999,-0.0
1.1326,-4.9291,10.1784,10.384,-0.9289999999999999,0.134
1.0402,-5.0213,10.575,11.015999999999998,-1.207,-0.0
1.0402,-5.0213,10.575,11.015999999999998,-1.207,-0.0
1.0633,-5.1595,10.8393,11.197,-1.022,-0.067
1.202,-5.1364,10.8393,11.107,-0.836,-0.067
1.2251,-5.1595,10.575,11.107,-0.836,-0.0
1.1095,-5.2286,10.7072,11.378,-1.022,-0.067
0.9939,-5.2055,10.7072,11.468,-1.207,-0.067
0.9015,-5.1825,10.7072,11.107,-1.4860000000000002,-0.067
0.8552,-5.1364,10.7072,11.107,-1.4860000000000002,-0.067
0.9015,-5.2055,10.8393,11.287,-1.4860000000000002,-0.067
0.9246,-5.2977,10.8393,11.468,-1.393,-0.067
1.0171,-5.3898,11.1037,11.738999999999999,-1.393,-0.067
1.1095,-5.4128,11.1037,11.738999999999999,-1.022,-0.067
1.1789,-5.3898,10.9715,11.558,-0.7430000000000001,-0.134
1.1326,-5.3437,10.8393,11.648,-1.022,-0.067
0.9939,-5.2286,10.575,11.015999999999998,-1.3,-0.0
0.8784,-5.1595,10.3106,10.926,-1.4860000000000002,-0.0
0.8321,-5.0673,10.1784,10.565,-1.4860000000000002,-0.0
0.9015,-5.0213,10.1784,10.294,-1.3,-0.067
0.9708,-4.9982,10.1784,10.204,-1.207,-0.067
0.7165,-4.837,9.6497,9.751999999999999,-1.765,-0.0
0.6934,-4.7679,9.5175,9.571,-1.765,-0.0
0.809,-4.7449,9.5175,9.391,-1.5790000000000002,-0.067
0.8552,-4.7679,9.3853,9.481,-1.5790000000000002,-0.134
0.9015,-4.7449,9.5175,9.481,-1.393,-0.0
0.9246,-4.6067,9.3853,9.030000000000001,-1.3,-0.067
0.8321,-4.5836,9.2531,8.939,-1.5790000000000002,-0.0
0.7859,-4.5606,9.1209,9.030000000000001,-1.5790000000000002,-0.0
1.0171,-4.6527,9.2531,9.120000000000001,-1.207,-0.067
1.0633,-4.6988,9.2531,9.21,-1.115,0.067
0.9939,-4.6067,9.2531,9.030000000000001,-1.207,-0.0
0.9477,-4.5836,8.9887,8.849,-1.3,-0.0
0.9477,-4.5606,8.9887,8.668,-1.3,-0.0
0.9477,-4.5606,8.9887,8.759,-1.207,-0.0
0.9246,-4.5836,8.9887,9.030000000000001,-1.393,0.067
0.9477,-4.6067,9.1209,9.030000000000001,-1.4860000000000002,0.067
0.9939,-4.5836,9.1209,9.030000000000001,-1.022,0.067
1.0633,-4.5606,8.9887,8.849,-0.9289999999999999,0.134
1.0633,-4.5145,8.8565,8.578,-1.115,0.134
1.0171,-4.4915,8.7243,8.578,-1.022,0.067
0.9015,-4.4224,8.5922,8.488,-1.393,-0.0
0.8552,-4.3994,8.46,8.398,-1.393,0.067
0.8784,-4.3533,8.46,8.126999999999999,-1.3,-0.0
0.8784,-4.2381,8.3278,7.856,-1.3,0.134
0.9015,-4.146,8.1956,7.765,-1.207,0.067
0.9708,-4.0538,7.9312,7.404,-1.207,0.134
0.9246,-4.0308,7.9312,7.404,-1.207,0.134
0.9246,-4.0308,7.9312,7.314,-1.393,0.067
0.809,-3.9847,7.799,7.224,-1.4860000000000002,0.201
0.809,-3.9847,7.799,7.224,-1.5790000000000002,0.134
0.7859,-3.9847,7.799,7.224,-1.4860000000000002,0.067
0.6703,-3.9387,7.799,7.224,-1.951,-0.0
0.7859,-3.9847,7.9312,7.224,-1.672,0.067
0.7859,-3.9847,7.9312,7.224,-1.672,0.067
1.1789,-3.9847,7.9312,7.314,-0.65,0.134
1.2482,-3.9847,7.799,7.224,-0.5569999999999999,0.134
1.0864,-3.9617,7.6668,7.224,-1.022,0.134
0.809,-3.8465,7.4025,6.862,-1.4860000000000002,-0.0
0.809,-3.9156,7.6668,7.043,-1.672,0.067
0.8552,-3.9156,7.5346,6.953,-1.393,0.067
0.9015,-3.8465,7.5346,6.953,-1.3,0.067
0.7628,-3.8235,7.2703,6.682,-1.4860000000000002,0.134
0.8552,-3.8005,7.2703,6.5920000000000005,-1.207,0.134
0.9708,-3.7774,7.2703,6.501,-0.9289999999999999,0.134
1.0171,-3.7314,7.2703,6.411,-0.9289999999999999,0.067
0.9477,-3.7314,7.2703,6.5920000000000005,-1.207,0.134
0.8552,-3.7314,7.2703,6.5920000000000005,-1.4860000000000002,0.067
0.809,-3.7314,7.2703,6.5920000000000005,-1.4860000000000002,0.067
0.809,-3.7314,7.2703,6.5920000000000005,-1.4860000000000002,0.134
0.8552,-3.7314,7.1381,6.501,-1.207,-0.0
0.9246,-3.7544,7.2703,6.501,-1.115,0.201
0.9939,-3.7083,7.1381,6.321,-0.9289999999999999,0.067
0.9939,-3.7083,7.1381,6.321,-0.9289999999999999,0.067
0.9939,-3.6162,7.0059,6.05,-1.022,0.134
0.9246,-3.5471,7.0059,6.05,-1.115,0.067
0.8784,-3.5701,6.8737,6.05,-1.207,0.067
0.7859,-3.6162,7.0059,6.411,-1.4860000000000002,0.201
0.8321,-3.7083,7.2703,6.5920000000000005,-1.393,0.067
0.8784,-3.6623,7.1381,6.321,-1.115,-0.0
0.9477,-3.6623,7.0059,6.23,-1.115,0.067
0.9708,-3.6392,7.0059,6.14,-0.9289999999999999,0.067
0.9708,-3.6623,7.1381,6.23,-0.9289999999999999,0.134
0.9708,-3.6853,7.2703,6.501,-0.9289999999999999,0.067
0.9708,-3.7774,7.4025,6.772,-1.115,0.067
0.9015,-3.8235,7.5346,7.043,-1.393,0.134
0.9015,-3.8235,7.5346,7.043,-1.393,0.134
0.9477,-3.8235,7.5346,6.862,-1.115,-0.0
1.0402,-3.8926,7.6668,7.133000000000001,-1.207,0.067
1.0633,-3.9847,7.799,7.314,-1.022,0.134
1.0633,-4.0538,8.0634,7.495000000000001,-0.9289999999999999,0.134
1.0171,-4.0999,8.3278,7.856,-1.022,0.134
0.9477,-4.0999,8.3278,7.765,-1.3,0.067
0.9477,-4.146,8.3278,7.856,-1.207,0.067
0.9477,-4.2151,8.46,8.126999999999999,-1.207,-0.0
1.0171,-4.3303,8.7243,8.578,-1.115,0.067
1.1095,-4.4915,9.2531,9.120000000000001,-1.022,0.067
1.1095,-4.4915,9.2531,9.120000000000001,-1.022,0.067
1.0171,-4.5606,9.1209,9.030000000000001,-1.115,0.067
1.0171,-4.5376,9.1209,9.030000000000001,-1.393,0.134
0.9708,-4.5376,8.9887,8.939,-1.393,0.134
0.9708,-4.5606,8.9887,9.030000000000001,-1.207,0.067
1.0171,-4.6067,9.1209,9.030000000000001,-1.207,0.067
0.9939,-4.6988,9.5175,9.481,-1.393,0.067
1.0171,-4.7909,9.6497,9.661999999999999,-1.207,-0.0
1.0171,-4.7909,9.6497,9.661999999999999,-1.207,-0.0
1.0864,-4.9061,10.0462,10.113000000000001,-1.115,-0.0
1.0633,-4.9291,10.0462,10.294,-1.207,-0.134
1.0864,-4.9522,10.1784,10.294,-1.207,-0.0
0.9939,-4.7909,9.5175,9.661999999999999,-1.3,-0.067
0.9939,-4.837,9.7818,9.933,-1.393,-0.0
1.1326,-4.9522,9.7818,10.113000000000001,-0.9289999999999999,-0.0
1.0864,-4.8831,9.7818,9.841999999999999,-1.115,0.067
1.0171,-4.7909,9.6497,9.661999999999999,-1.207,-0.0
0.9015,-4.814,9.6497,9.933,-1.5790000000000002,-0.0
0.9015,-4.7218,9.7818,9.751999999999999,-1.4860000000000002,-0.0
0.9015,-4.7218,9.7818,9.751999999999999,-1.4860000000000002,-0.0
0.8552,-4.0308,9.7818,8.488,-1.5790000000000002,0.134
0.9015,-4.3533,9.6497,8.939,-1.393,0.134
0.9939,-4.6297,9.3853,9.391,-1.3,0.067
1.0633,-4.6297,9.1209,9.21,-1.207,0.134
1.0171,-4.5836,8.9887,9.030000000000001,-1.115,0.067
0.9015,-4.5145,8.8565,8.849,-1.393,0.067
0.7859,-4.3763,8.5922,8.488,-1.5790000000000002,-0.067
0.809,-4.3994,8.5922,8.488,-1.4860000000000002,-0.0
0.8552,-4.3533,8.5922,8.398,-1.4860000000000002,0.067
0.9477,-4.3763,8.5922,8.488,-1.393,0.067
0.9708,-4.3763,8.46,8.307,-1.3,0.067
0.9939,-4.169,8.1956,7.675,-1.022,0.134
0.9477,-4.0769,7.9312,7.314,-1.115,0.134
0.7859,-3.9617,7.6668,7.133000000000001,-1.5790000000000002,0.067
0.7165,-3.8926,7.6668,6.953,-1.4860000000000002,0.067
0.7859,-3.8465,7.5346,6.862,-1.5790000000000002,0.134
0.8321,-3.8005,7.2703,6.5920000000000005,-1.207,0.134
0.9015,-3.7314,7.2703,6.501,-1.022,0.134
0.9939,-3.7314,7.1381,6.321,-0.9289999999999999,0.134
1.0171,-3.7083,7.1381,6.411,-0.9289999999999999,0.201
0.9246,-3.6392,7.1381,6.321,-1.115,0.134
0.809,-3.6162,7.0059,6.321,-1.3,0.134
0.809,-3.5701,6.7415,6.14,-1.207,0.134
0.8784,-3.5701,6.7415,6.05,-1.115,0.134
0.9477,-3.478,6.7415,5.869,-1.022,0.067
0.9246,-3.4319,6.6093,5.869,-0.9289999999999999,0.067
0.9246,-3.4319,6.6093,5.869,-0.9289999999999999,0.067
0.8552,-3.4089,6.7415,5.869,-1.207,0.067
0.7397,-3.4319,6.7415,6.05,-1.4860000000000002,0.067
0.6241,-3.501,6.7415,6.05,-1.765,-0.0
0.9015,-3.501,6.7415,5.869,-0.9289999999999999,-0.0
1.1326,-3.4319,6.8737,5.598,-0.46399999999999997,0.201
1.0864,-3.3859,6.7415,5.598,-0.5569999999999999,0.268
0.9708,-3.455,6.7415,5.869,-0.836,0.067
0.9015,-3.6162,7.0059,6.321,-1.207,-0.0
0.8784,-3.8005,7.4025,6.953,-1.393,-0.0
0.9477,-3.8696,7.6668,7.133000000000001,-1.115,-0.0
0.9939,-3.9156,7.799,7.224,-1.022,0.067
0.9939,-3.9617,7.9312,7.314,-1.115,0.134
1.0402,-4.0078,8.0634,7.495000000000001,-1.115,0.067
1.0171,-4.0769,8.1956,7.765,-1.022,0.067
1.0171,-4.2612,8.5922,8.398,-1.115,0.067
1.0633,-4.3763,8.9887,8.849,-1.115,0.134
1.0402,-4.6297,9.5175,9.481,-1.207,-0.0
1.0864,-4.7218,9.5175,9.751999999999999,-1.207,0.067
1.0864,-4.7218,9.5175,9.751999999999999,-1.207,0.067
1.202,-4.7909,9.6497,9.751999999999999,-0.9289999999999999,0.067
1.202,-4.7909,9.6497,9.751999999999999,-0.9289999999999999,0.067
1.1558,-5.0673,10.4428,10.745000000000001,-1.115,-0.0
0.8784,-5.2516,10.7072,11.287,-1.5790000000000002,-0.0
0.8784,-5.2516,10.7072,11.287,-1.5790000000000002,-0.0
0.7859,-5.2977,10.7072,11.378,-1.672,-0.201
1.0171,-5.3207,10.8393,11.648,-1.207,-0.201
1.0171,-5.3898,10.8393,11.468,-1.022,-0.067
1.0864,-5.4359,10.9715,11.738999999999999,-1.115,-0.067
1.1789,-5.505,11.1037,11.829,-0.7430000000000001,0.067
1.1095,-5.4819,11.2359,11.829,-1.022,0.067
1.1095,-5.4819,11.2359,11.829,-1.022,0.067
1.0633,-5.4589,11.1037,11.738999999999999,-1.115,-0.067
1.0633,-5.505,11.1037,11.829,-1.022,-0.0
1.1095,-5.528,11.1037,12.010000000000002,-0.836,-0.0
1.1558,-5.5741,11.2359,12.010000000000002,-0.7430000000000001,0.067
1.1326,-5.3898,10.7072,11.287,-0.9289999999999999,0.067
1.1326,-5.3898,10.7072,11.287,-0.9289999999999999,0.067
0.9708,-5.0443,10.0462,10.294,-1.207,0.067
0.9477,-4.8831,9.5175,9.751999999999999,-1.3,0.067
0.9477,-4.814,9.3853,9.391,-1.207,0.134
0.8321,-4.7218,9.2531,9.120000000000001,-1.4860000000000002,-0.0
0.7859,-4.6988,9.1209,9.120000000000001,-1.5790000000000002,0.067
0.8321,-4.6297,8.9887,8.939,-1.393,-0.0
0.8784,-4.5376,8.7243,8.668,-1.3,-0.0
0.8784,-4.4224,8.46,8.307,-1.3,-0.0
1.0171,-4.0769,7.799,7.314,-0.836,0.067
0.9708,-3.9617,7.4025,7.043,-0.9289999999999999,0.134
0.8552,-3.8926,7.4025,6.682,-1.3,0.067
0.7165,-3.8235,7.4025,6.772,-1.672,0.134
0.3467,-3.7314,7.1381,6.682,-2.415,0.067
0.4623,-3.7083,7.1381,6.682,-2.137,0.067
0.6241,-3.7314,7.1381,6.682,-1.765,0.067
0.8552,-3.6623,7.0059,6.14,-1.022,0.067
0.9015,-3.5701,6.7415,6.05,-1.115,0.067
0.8552,-3.501,6.4771,5.779,-1.022,0.067
0.7397,-3.3398,6.345,5.507999999999999,-1.207,0.067
0.6934,-3.2707,6.2128,5.417999999999999,-1.4860000000000002,0.201
0.6934,-3.2246,6.2128,5.056000000000001,-1.3,0.134
0.9246,-3.1786,6.2128,4.966,-0.836,0.134
0.6703,-3.1555,6.2128,4.966,-1.393,0.134
0.6703,-3.1555,6.2128,4.966,-1.393,0.134
0.5779,-3.1555,6.2128,5.056000000000001,-1.765,0.134
0.7859,-3.2246,6.4771,5.327,-1.207,0.067
1.1095,-3.2937,6.7415,5.327,-0.371,0.134
1.2944,-3.3398,7.0059,5.598,0.0,0.134
1.202,-3.455,7.1381,6.05,-0.371,0.201
0.9246,-3.501,7.0059,6.14,-1.022,0.067
0.8321,-3.5701,7.0059,6.14,-1.3,-0.0
0.9015,-3.6162,7.0059,6.23,-1.115,0.067
1.1326,-3.6392,7.1381,6.411,-0.5569999999999999,0.134
1.1326,-3.6392,7.1381,6.411,-0.5569999999999999,0.134
0.9477,-3.7083,7.2703,6.682,-1.022,0.067
0.601,-3.7083,7.2703,6.772,-1.8579999999999999,0.067
0.601,-3.7083,7.2703,6.772,-1.8579999999999999,0.067
0.8552,-3.8235,7.5346,7.043,-1.393,0.134
1.0402,-3.8926,7.9312,7.133000000000001,-1.022,-0.0
1.3407,-4.146,8.5922,7.946,-0.27799999999999997,0.134
1.1558,-4.2842,8.8565,8.578,-0.836,0.134
0.9939,-4.3994,8.9887,8.849,-1.207,0.067
0.7859,-4.4915,8.9887,8.939,-1.4860000000000002,-0.067
0.5779,-4.5145,9.1209,9.030000000000001,-2.044,-0.0
1.0402,-4.7909,9.7818,9.751999999999999,-1.207,-0.067
1.3407,-4.837,10.0462,9.933,-0.371,-0.0
1.3869,-4.8831,10.1784,10.113000000000001,-0.46399999999999997,0.134
1.202,-4.9291,9.914,9.933,-0.9289999999999999,0.134
1.202,-4.9291,9.914,9.933,-0.9289999999999999,0.134
1.0633,-4.9291,9.7818,10.023,-1.115,0.067
1.0402,-5.0213,10.1784,10.204,-1.207,-0.0
1.0864,-5.1595,10.4428,10.655,-1.115,-0.0
1.1558,-5.2286,10.7072,11.015999999999998,-0.7430000000000001,-0.0
1.1326,-5.2746,10.7072,11.107,-0.836,-0.067
1.0402,-5.3207,10.575,11.378,-1.115,-0.0
1.1789,-5.3207,10.8393,11.287,-0.7430000000000001,-0.0
1.202,-5.3437,10.7072,11.197,-0.65,-0.067
1.2251,-5.3668,10.8393,11.378,-0.5569999999999999,0.067
1.2251,-5.3668,10.8393,11.378,-0.7430000000000001,-0.0
1.2713,-5.1595,10.575,10.565,-0.65,0.201
1.3407,-5.0904,10.4428,10.384,-0.27799999999999997,0.134
1.2251,-5.0673,10.4428,10.384,-0.836,0.134
0.8552,-5.0904,10.3106,10.565,-1.5790000000000002,-0.067
0.6472,-5.1134,10.4428,10.655,-2.044,-0.067
0.7859,-5.1134,10.3106,10.655,-1.4860000000000002,-0.134
0.7859,-5.1134,10.3106,10.655,-1.4860000000000002,-0.134
1.1326,-5.0443,10.1784,10.294,-0.836,-0.0
1.0402,-4.9291,10.0462,9.933,-1.022,-0.134
0.8784,-4.9291,9.6497,9.841999999999999,-1.3,-0.067
0.8552,-4.9291,9.6497,9.841999999999999,-1.4860000000000002,-0.0
0.9477,-4.837,9.6497,9.661999999999999,-1.115,-0.134
1.0171,-4.8831,9.6497,9.661999999999999,-1.022,-0.0
1.0171,-4.9522,9.7818,9.841999999999999,-1.022,-0.0
1.0171,-4.9291,9.7818,9.933,-1.022,-0.067
1.0864,-4.9291,9.7818,9.841999999999999,-0.9289999999999999,-0.067
1.1326,-4.8831,9.6497,9.841999999999999,-0.7430000000000001,0.067
1.0864,-4.837,9.6497,9.571,-0.7430000000000001,-0.067
1.0864,-4.837,9.5175,9.481,-0.836,-0.0
1.0402,-4.837,9.3853,9.391,-1.022,-0.0
0.9939,-4.86,9.3853,9.301,-1.115,0.134
0.9477,-4.837,9.2531,9.391,-1.3,0.134
0.9015,-4.7909,9.3853,9.391,-1.3,0.067
0.8552,-4.7679,9.2531,9.391,-1.393,0.067
0.9246,-4.7218,9.2531,9.120000000000001,-1.3,-0.067
0.9708,-4.6988,9.1209,9.030000000000001,-1.207,-0.067
1.0171,-4.6527,8.9887,8.939,-1.022,-0.0
1.0633,-4.6527,8.9887,8.759,-0.9289999999999999,0.201
1.0171,-4.5145,8.8565,8.488,-1.207,0.067
0.9708,-4.5376,8.8565,8.398,-1.115,-0.0
0.8784,-4.4915,8.7243,8.578,-1.3,0.067
0.809,-4.4224,8.5922,8.488,-1.393,-0.0
0.8321,-4.3072,8.3278,7.946,-1.207,-0.0
0.8321,-4.3072,8.3278,7.946,-1.207,-0.0
0.9015,-4.0538,7.799,7.224,-1.022,-0.0
0.9015,-4.0078,7.799,7.224,-1.115,-0.0
0.9246,-4.0078,7.6668,7.224,-1.207,0.067
0.8784,-3.9156,7.4025,6.953,-1.115,0.134
0.7397,-3.7314,7.0059,6.411,-1.393,0.134
0.6241,-3.6853,6.8737,6.321,-1.5790000000000002,0.067
0.6703,-3.6392,7.0059,6.23,-1.4860000000000002,-0.067
0.8552,-3.6623,7.0059,6.14,-1.022,-0.0
1.0633,-3.6853,7.1381,6.23,-0.65,0.134
1.1095,-3.7314,7.2703,6.321,-0.65,0.201
1.0402,-3.7774,7.2703,6.501,-0.7430000000000001,0.201
0.6934,-3.8005,7.2703,6.682,-1.5790000000000002,0.134
0.7628,-3.7774,7.2703,6.5920000000000005,-1.3,-0.0
0.7628,-3.7774,7.2703,6.5920000000000005,-1.3,-0.0
1.2251,-3.6162,7.2703,6.14,-0.27799999999999997,0.134
0.6703,-3.478,6.7415,6.14,-1.4860000000000002,0.134
0.4623,-3.4319,6.7415,5.959,-1.951,0.067
0.6472,-3.5701,6.8737,6.05,-1.5790000000000002,0.067
0.9939,-3.5241,6.8737,5.959,-0.7430000000000001,0.067
0.9939,-3.5241,6.8737,5.959,-0.7430000000000001,0.067
1.1095,-3.455,6.8737,5.598,-0.5569999999999999,0.134
0.9477,-3.4319,6.7415,5.869,-0.9289999999999999,0.134
0.9477,-3.4319,6.7415,5.869,-0.9289999999999999,0.134
0.9708,-3.478,6.6093,5.689,-0.836,0.134
0.9708,-3.4319,6.7415,5.598,-0.7430000000000001,0.134
0.7628,-3.3628,6.4771,5.598,-1.3,-0.0
0.9015,-3.478,6.7415,5.869,-1.207,0.067
1.0633,-3.6623,7.2703,6.501,-0.836,0.067
1.1095,-3.6853,7.4025,6.411,-0.7430000000000001,0.067
1.0864,-3.6853,7.1381,6.321,-0.7430000000000001,0.067
1.0402,-3.6162,6.8737,6.14,-0.836,0.134
0.8784,-3.6162,7.0059,6.05,-1.115,0.067
0.8784,-3.6162,7.0059,6.05,-1.115,0.067
0.9015,-3.7774,7.5346,6.772,-1.115,-0.067
0.9015,-3.7774,7.5346,6.772,-1.115,-0.067
1.1326,-3.9617,7.9312,7.224,-0.7430000000000001,0.067
1.2251,-4.0078,8.0634,7.404,-0.65,-0.0
1.2482,-4.0538,8.0634,7.495000000000001,-0.46399999999999997,0.134
1.1789,-4.0999,8.1956,7.584999999999999,-0.5569999999999999,0.067
1.1095,-4.169,8.3278,7.946,-0.836,0.067
0.9477,-4.2842,8.5922,8.307,-1.207,0.067
0.9246,-4.3303,8.5922,8.307,-1.207,0.067
0.9708,-4.3994,8.7243,8.398,-1.115,0.067
1.1558,-4.5606,9.1209,8.759,-0.836,-0.0
1.202,-4.6527,9.3853,9.120000000000001,-0.7430000000000001,0.067
1.2482,-4.7909,9.7818,9.571,-0.65,-0.0
1.2713,-4.837,9.914,9.661999999999999,-0.5569999999999999,-0.0
1.2713,-4.86,9.7818,9.751999999999999,-0.65,-0.0
1.2251,-4.7679,9.5175,9.481,-0.65,0.067
1.0171,-4.7218,9.3853,9.030000000000001,-1.207,-0.067
0.9477,-4.7449,9.3853,9.301,-1.3,0.067
0.9477,-4.86,9.7818,9.661999999999999,-1.393,-0.067
0.9246,-5.0213,10.1784,10.113000000000001,-1.393,-0.0
1.2713,-5.1364,10.8393,10.926,-0.5569999999999999,-0.0
1.2713,-5.1364,10.8393,10.926,-0.5569999999999999,-0.0
1.3869,-5.2286,10.8393,10.926,-0.27799999999999997,0.067
1.0171,-5.1134,10.3106,10.204,-1.115,-0.0
0.9477,-5.1134,10.1784,10.384,-1.3,-0.067
0.9477,-5.1134,10.1784,10.384,-1.3,-0.067
0.9015,-5.1595,10.4428,10.745000000000001,-1.393,-0.134
0.9708,-5.0443,10.3106,10.204,-1.207,-0.067
1.0864,-4.9752,10.0462,9.933,-0.836,-0.0
1.202,-4.9522,9.914,9.841999999999999,-0.7430000000000001,0.067
1.1095,-4.9291,9.914,9.751999999999999,-0.836,-0.0
1.0171,-4.9752,9.914,9.933,-1.115,-0.0
0.9477,-4.9982,10.0462,10.113000000000001,-1.207,-0.0
0.9708,-5.0213,10.1784,10.204,-1.207,-0.0
1.0171,-4.9752,9.914,9.751999999999999,-1.115,-0.067
1.0402,-4.9752,9.7818,9.841999999999999,-1.022,-0.067
1.0633,-4.9982,10.0462,10.113000000000001,-1.022,-0.067
1.1095,-4.9522,9.914,9.933,-0.836,-0.134
1.1095,-4.8831,9.6497,9.751999999999999,-0.9289999999999999,-0.0
1.0633,-4.7679,9.3853,9.301,-1.022,-0.0
0.9477,-4.6758,9.1209,9.030000000000001,-1.3,-0.0
0.8784,-4.5836,8.9887,8.849,-1.393,-0.0
0.7859,-4.3994,8.5922,8.217,-1.4860000000000002,-0.0
0.7397,-4.3303,8.46,7.946,-1.4860000000000002,-0.0
0.8784,-4.3763,8.5922,8.036,-1.207,-0.0
0.9246,-4.3994,8.7243,8.307,-1.115,-0.0
0.9246,-4.4224,8.7243,8.217,-1.115,-0.067
0.9015,-4.4454,8.7243,8.398,-1.207,-0.067
0.9015,-4.3994,8.5922,8.307,-1.207,-0.067
0.8321,-4.3763,8.5922,8.307,-1.3,-0.067
0.8321,-4.3763,8.46,8.126999999999999,-1.3,-0.0
0.809,-4.3533,8.46,8.126999999999999,-1.3,-0.0
0.9015,-4.3533,8.46,8.036,-1.115,-0.0
0.9939,-4.2381,8.3278,7.856,-0.9289999999999999,0.134
0.9939,-4.2381,8.3278,7.856,-0.9289999999999999,0.134
0.9939,-4.146,8.0634,7.224,-1.022,0.134
0.9246,-4.0769,7.9312,7.224,-1.022,0.067
0.8784,-4.0078,7.5346,7.043,-1.207,0.134
0.9015,-3.9847,7.799,7.133000000000001,-1.3,0.067
0.9015,-3.9617,7.4025,7.043,-1.207,0.067
0.9477,-3.9156,7.5346,6.862,-1.022,-0.0
0.9477,-3.9156,7.4025,6.772,-1.022,-0.0
0.9477,-3.9156,7.4025,6.772,-1.022,-0.0
0.7859,-3.8235,7.2703,6.5920000000000005,-1.393,-0.0
0.7859,-3.7774,7.0059,6.321,-1.207,0.067
0.8321,-3.7314,7.1381,6.321,-1.115,0.067
1.0171,-3.6853,7.1381,6.05,-0.65,0.067
1.1558,-3.6853,7.0059,5.959,-0.46399999999999997,0.134
0.8552,-3.5932,6.7415,5.959,-1.207,-0.0
0.6703,-3.478,6.6093,5.779,-1.4860000000000002,0.067
0.8552,-3.4089,6.4771,5.507999999999999,-1.022,-0.0
1.0864,-3.3398,6.6093,5.237,-0.27799999999999997,0.134
1.0864,-3.2937,6.4771,5.056000000000001,-0.371,0.134
0.9015,-3.2707,6.4771,5.147,-0.9289999999999999,0.067
0.6241,-3.2707,6.345,5.327,-1.672,0.134
0.5779,-3.5241,7.0059,6.14,-1.8579999999999999,0.067
0.809,-3.5932,7.1381,6.321,-1.207,-0.0
1.2944,-3.6162,7.4025,6.05,-0.185,0.067
1.5256,-3.5241,7.4025,5.959,0.46399999999999997,0.134
1.4563,-3.5932,7.5346,6.14,0.185,0.134
1.0402,-3.7774,7.5346,6.5920000000000005,-0.836,0.134
0.9015,-3.8696,7.5346,6.953,-1.3,0.067
0.9015,-3.9387,7.799,7.224,-1.3,0.067
1.1558,-4.0078,8.0634,7.224,-0.65,-0.0
1.0864,-4.0308,8.0634,7.224,-0.836,-0.0
0.9477,-4.0999,8.1956,7.404,-1.115,-0.0
0.8552,-4.2842,8.5922,8.126999999999999,-1.393,-0.134
0.8552,-4.2842,8.5922,8.126999999999999,-1.393,-0.134
0.9477,-4.3763,8.8565,8.307,-1.207,0.067
1.1095,-4.3533,8.7243,8.307,-0.836,-0.0
1.3176,-4.3533,8.8565,8.036,-0.46399999999999997,0.067
1.2251,-4.4454,9.1209,8.488,-0.7430000000000001,0.134
1.1095,-4.6297,9.3853,8.939,-1.022,0.134
0.9708,-4.7679,9.7818,9.391,-1.393,-0.067
0.8321,-4.9291,10.1784,9.841999999999999,-1.672,-0.067
1.1095,-4.9982,10.3106,10.023,-0.9289999999999999,-0.067
1.2944,-4.9752,10.3106,10.023,-0.65,-0.067
1.2482,-5.0904,10.7072,10.294,-0.7430000000000001,-0.0
1.2251,-5.1364,10.7072,10.565,-0.65,-0.067
1.1789,-5.1595,10.8393,10.655,-0.9289999999999999,-0.134
1.2482,-5.2516,10.9715,11.015999999999998,-0.5569999999999999,-0.067
1.2251,-5.2055,10.9715,10.745000000000001,-0.5569999999999999,-0.0
1.2251,-5.2055,10.9715,10.745000000000001,-0.5569999999999999,-0.0
1.2251,-5.2516,11.1037,10.926,-0.5569999999999999,-0.067
1.2713,-5.2746,11.1037,11.197,-0.5569999999999999,-0.067
1.2251,-5.2977,11.1037,11.015999999999998,-0.7430000000000001,-0.067
1.1789,-5.3437,11.1037,11.107,-0.9289999999999999,-0.067
1.1326,-5.3898,11.1037,11.287,-1.022,-0.134
1.1789,-5.4128,11.2359,11.468,-0.836,-0.067
1.1789,-5.4359,11.3681,11.378,-0.836,-0.067
1.1789,-5.4359,11.2359,11.287,-0.836,-0.067
1.1326,-5.4589,11.1037,11.287,-0.836,-0.067
1.0633,-5.4128,11.1037,11.287,-1.115,-0.067
1.0402,-5.3207,10.9715,11.107,-1.022,-0.134
0.9015,-5.2516,10.7072,10.655,-1.3,-0.067
0.9477,-5.2286,10.7072,10.655,-1.207,-0.134
0.9477,-5.2286,10.7072,10.655,-1.207,-0.134
1.0171,-5.2516,10.7072,10.565,-1.022,-0.067
1.0633,-5.2286,10.7072,10.474,-0.9289999999999999,-0.067
0.9477,-5.0673,10.1784,9.933,-1.207,-0.067
0.9477,-5.0673,10.1784,9.933,-1.207,-0.067
0.9015,-4.814,9.6497,9.21,-1.3,-0.134
0.8784,-4.6527,9.3853,8.759,-1.3,-0.134
0.8552,-4.6067,9.2531,8.668,-1.3,-0.134
0.8552,-4.5606,9.1209,8.488,-1.393,-0.067
0.9015,-4.5145,8.9887,8.217,-1.3,-0.067
0.9477,-4.4224,8.7243,8.036,-1.115,-0.0
0.9477,-4.3072,8.7243,7.856,-1.022,-0.0
0.9246,-4.192,8.46,7.675,-1.115,-0.0
0.8552,-4.169,8.3278,7.495000000000001,-1.207,-0.0
0.6934,-4.1229,8.1956,7.314,-1.672,-0.067
0.6241,-4.0769,7.9312,7.224,-1.765,-0.067
0.9708,-4.0078,7.9312,6.953,-0.836,-0.067
1.1095,-3.9847,7.9312,6.862,-0.46399999999999997,-0.0
1.1095,-3.9617,7.9312,6.953,-0.5569999999999999,0.067
1.0864,-4.0078,7.9312,7.043,-0.7430000000000001,-0.0
0.9939,-4.0078,7.9312,7.043,-0.836,-0.0
0.9708,-3.9847,7.9312,7.043,-0.9289999999999999,-0.0
0.9477,-3.9617,7.6668,6.862,-1.022,-0.0
0.9939,-3.8696,7.5346,6.5920000000000005,-0.9289999999999999,0.067
0.8784,-3.8696,7.5346,6.501,-1.115,0.134
0.7859,-3.8235,7.5346,6.5920000000000005,-1.3,0.067
0.9015,-3.9156,7.6668,6.772,-1.115,-0.0
0.9708,-3.9387,7.6668,6.772,-0.836,-0.0
1.0402,-3.9156,7.6668,6.682,-0.65,-0.0
0.9939,-3.8465,7.5346,6.5920000000000005,-0.836,-0.067
0.9477,-3.8696,7.6668,6.682,-0.9289999999999999,-0.067
0.8784,-3.8465,7.5346,6.5920000000000005,-1.115,-0.0
0.8552,-3.8005,7.5346,6.411,-1.115,-0.067
0.8552,-3.6853,7.2703,6.05,-1.022,-0.067
0.8784,-3.6392,7.1381,5.869,-1.022,-0.0
0.9246,-3.6392,7.0059,5.959,-0.836,0.067
1.202,-3.501,7.2703,5.598,-0.185,0.134
1.1095,-3.478,7.1381,5.507999999999999,-0.46399999999999997,0.134
0.9939,-3.501,7.0059,5.598,-0.836,-0.0
0.8784,-3.5471,7.1381,5.869,-0.9289999999999999,-0.067
0.7859,-3.6392,7.2703,6.14,-1.3,-0.134
0.7859,-3.6162,7.4025,6.23,-1.3,-0.201
0.7859,-3.2707,7.4025,5.598,-1.115,-0.0
0.9015,-3.2477,7.1381,5.147,-0.7430000000000001,-0.0
0.9015,-3.2477,7.1381,5.147,-0.7430000000000001,-0.0
0.9477,-3.5701,7.2703,5.779,-0.7430000000000001,-0.134
1.0402,-3.6392,7.5346,6.23,-0.7430000000000001,-0.134
0.9939,-3.6392,7.799,6.321,-0.7430000000000001,-0.201
0.9708,-3.7083,7.6668,6.411,-0.9289999999999999,-0.201
1.0171,-3.7774,7.5346,6.501,-0.9289999999999999,-0.067
0.9939,-3.6392,7.1381,6.05,-0.836,-0.134
0.9939,-3.6162,7.1381,5.959,-0.65,-0.067
0.9708,-3.6392,7.2703,6.14,-0.836,-0.134
0.9246,-3.7083,7.5346,6.411,-1.115,-0.0
1.0171,-3.9156,7.9312,6.953,-0.836,-0.0
1.0633,-3.9617,8.1956,7.133000000000001,-0.836,-0.067
1.0402,-3.9847,8.3278,7.224,-0.836,-0.134
1.0864,-4.0538,8.5922,7.404,-0.836,-0.067
1.0633,-4.2151,8.8565,7.856,-0.9289999999999999,-0.067
1.0633,-4.2151,8.8565,7.856,-0.9289999999999999,-0.067
1.1095,-4.4454,9.3853,8.398,-0.9289999999999999,0.067
1.0864,-4.5145,9.5175,8.668,-1.022,-0.0
1.0171,-4.5836,9.6497,8.759,-1.022,-0.067
0.9939,-4.5606,9.7818,8.759,-1.115,-0.067
1.0171,-4.4915,9.5175,8.398,-1.115,-0.134
1.0864,-4.4915,9.5175,8.578,-0.9289999999999999,-0.201
1.1095,-4.5836,9.7818,8.668,-0.9289999999999999,-0.067
1.1326,-4.6758,10.0462,9.030000000000001,-0.9289999999999999,-0.134
1.1095,-4.7679,10.3106,9.391,-0.7430000000000001,-0.201
1.0864,-4.7909,10.575,9.661999999999999,-0.9289999999999999,-0.134
1.0864,-4.7909,10.4428,9.391,-1.115,-0.201
1.0171,-4.7679,9.914,9.030000000000001,-1.115,-0.067
0.9708,-4.6758,9.7818,8.759,-1.207,-0.134
1.0171,-4.6297,9.7818,8.849,-1.022,-0.134
1.1095,-4.6988,10.0462,9.030000000000001,-0.9289999999999999,-0.067
1.1095,-4.6988,10.0462,9.030000000000001,-0.9289999999999999,-0.067
0.9708,-4.5145,9.5175,8.398,-1.115,-0.201
0.9477,-4.4454,9.2531,8.217,-1.393,-0.134
0.9477,-4.3763,9.1209,8.036,-1.3,-0.067
0.9015,-4.3533,8.9887,8.036,-1.3,-0.134
0.8784,-4.3072,9.1209,8.036,-1.393,-0.201
0.9015,-4.3072,9.1209,7.946,-1.3,-0.134
0.9477,-4.169,8.7243,7.404,-1.022,-0.134
0.9477,-4.169,8.7243,7.404,-1.022,-0.134
0.9708,-3.9387,8.0634,6.5920000000000005,-1.022,-0.067
0.9708,-3.9387,8.0634,6.5920000000000005,-1.022,-0.067
0.8321,-3.7314,7.6668,6.14,-1.3,-0.134
0.7859,-3.7083,7.5346,6.05,-1.3,-0.067
0.7859,-3.6392,7.4025,5.869,-1.207,-0.134
0.7859,-3.6392,7.4025,5.869,-1.207,-0.134
0.8321,-3.5471,7.1381,5.598,-1.115,-0.134
0.8321,-3.5241,7.0059,5.507999999999999,-1.022,-0.134
0.8552,-3.5241,7.1381,5.598,-1.115,-0.067
0.8552,-3.501,7.1381,5.689,-1.022,-0.134
0.9015,-3.5471,7.2703,5.689,-0.9289999999999999,-0.134
0.9477,-3.5241,7.1381,5.598,-0.9289999999999999,-0.134
0.9477,-3.5241,7.1381,5.598,-0.9289999999999999,-0.134
0.7165,-3.5241,7.2703,5.689,-1.4860000000000002,-0.0
0.7397,-3.5241,7.4025,5.779,-1.4860000000000002,-0.134
0.7397,-3.5241,7.4025,5.779,-1.4860000000000002,-0.134
1.0864,-3.5241,7.6668,5.598,-0.46399999999999997,-0.0
1.1326,-3.5241,7.5346,5.598,-0.5569999999999999,-0.067
0.9246,-3.501,7.2703,5.598,-0.9289999999999999,-0.134
0.9246,-3.5241,7.4025,5.507999999999999,-0.9289999999999999,-0.134
0.9939,-3.5241,7.5346,5.689,-0.7430000000000001,-0.134
1.0633,-3.5471,7.5346,5.689,-0.5569999999999999,-0.0
1.0633,-3.5471,7.5346,5.689,-0.5569999999999999,-0.0
0.9708,-3.5701,7.5346,5.869,-0.836,-0.067
0.9015,-3.5932,7.5346,5.779,-1.022,-0.134
0.9015,-3.5932,7.5346,5.779,-1.022,-0.134
0.9246,-3.5932,7.6668,5.779,-0.9289999999999999,-0.134
0.9015,-3.5932,7.6668,5.869,-1.022,-0.134
0.809,-3.6392,7.6668,6.05,-1.3,-0.201
0.7165,-3.7544,8.0634,6.501,-1.5790000000000002,-0.201
0.9246,-3.8005,8.3278,6.5920000000000005,-1.115,-0.201
1.202,-3.7544,8.1956,6.321,-0.46399999999999997,-0.201
1.3176,-3.6623,8.0634,6.14,-0.27799999999999997,-0.0
1.2251,-3.6162,7.799,5.869,-0.371,-0.0
1.0402,-3.6623,7.6668,6.05,-0.65,-0.067
1.0171,-3.7774,8.1956,6.501,-1.022,-0.134
0.9939,-3.8465,8.5922,6.772,-1.022,-0.134
0.9939,-3.8465,8.5922,6.772,-1.022,-0.134
0.9477,-3.8235,8.1956,6.411,-1.022,-0.201
1.0402,-3.7774,8.1956,6.321,-0.7430000000000001,-0.134
1.0633,-3.8696,8.46,6.772,-0.836,-0.201
1.0633,-3.9847,8.7243,7.043,-1.115,-0.268
1.0402,-4.0078,8.7243,7.043,-1.115,-0.201
1.0171,-3.9156,8.7243,6.862,-1.022,-0.268
1.0402,-3.9847,8.7243,7.043,-1.022,-0.201
1.0171,-4.0769,8.8565,7.224,-1.115,-0.201
0.9015,-3.9387,8.8565,7.043,-1.207,-0.134
0.9015,-3.9387,8.8565,7.043,-1.207,-0.134
0.9939,-3.8926,8.3278,6.682,-1.115,-0.067
0.9708,-3.9617,8.5922,6.953,-1.022,-0.134
0.9246,-4.0538,8.7243,7.224,-1.3,-0.134
0.9015,-4.169,9.1209,7.495000000000001,-1.5790000000000002,-0.134
0.9015,-4.0769,9.1209,7.495000000000001,-1.4860000000000002,-0.201
0.9477,-3.5932,9.1209,6.682,-1.207,-0.067
0.9939,-3.0864,9.3853,5.779,-0.836,0.134
0.9477,-3.2016,9.3853,6.05,-1.115,0.067
1.0171,-4.146,9.3853,7.675,-1.207,-0.268
0.9939,-4.0308,9.1209,7.314,-1.207,-0.201
1.0171,-4.0078,8.8565,7.133000000000001,-1.207,-0.268
1.0864,-3.9847,8.7243,6.772,-0.9289999999999999,-0.201
0.9939,-3.9847,8.7243,7.224,-1.207,-0.134
0.8321,-4.0308,8.9887,7.224,-1.4860000000000002,-0.201
0.7628,-4.0308,8.8565,7.224,-1.5790000000000002,-0.268
0.8784,-3.8005,8.5922,6.682,-1.3,-0.268
0.9939,-3.9156,8.5922,6.682,-1.022,-0.134
0.9939,-3.9387,8.46,6.772,-0.9289999999999999,-0.134
1.0633,-4.0538,8.7243,7.133000000000001,-1.022,-0.201
1.0171,-4.0078,8.9887,7.224,-1.115,-0.201
0.9477,-3.6392,8.8565,6.5920000000000005,-1.207,-0.134
0.8321,-3.2477,8.9887,5.959,-1.3,0.134
0.7859,-3.1555,8.9887,5.598,-1.3,0.134
0.8784,-3.1786,9.1209,5.689,-1.3,0.134
0.9477,-3.4089,9.1209,6.14,-1.022,-0.067
0.9477,-3.4089,9.1209,6.14,-1.022,-0.067
0.9939,-2.9252,8.7243,5.147,-0.836,0.134
0.9939,-2.9252,8.7243,5.147,-0.836,0.134
0.9708,-3.5471,8.7243,6.321,-1.022,-0.201
0.9708,-3.5471,8.7243,6.321,-1.022,-0.201
0.8321,-3.3398,9.3853,6.321,-1.207,-0.0
0.9015,-2.6258,9.5175,5.147,-0.9289999999999999,0.201
1.0402,-2.2803,9.5175,4.424,-0.27799999999999997,0.268
1.0633,-2.787,9.7818,5.689,-0.65,0.201
1.0171,-2.9943,9.914,5.959,-0.836,0.067
0.9708,-2.8561,10.0462,5.869,-1.022,0.134
0.9015,-2.3263,10.0462,4.966,-0.836,0.335
0.8321,-1.4511,9.7818,3.341,-0.65,0.604
0.9477,-1.7044,9.7818,3.702,-0.5569999999999999,0.604
0.9477,-1.7044,9.7818,3.702,-0.5569999999999999,0.604
0.9939,-2.2112,9.2531,4.334,-0.5569999999999999,0.335
0.9939,-2.119,8.8565,4.1530000000000005,-0.46399999999999997,0.335
0.9708,-1.9808,8.5922,3.702,-0.46399999999999997,0.403
0.8552,-1.6814,8.46,3.16,-0.7430000000000001,0.5369999999999999
0.7628,-1.6353,8.46,3.16,-0.9289999999999999,0.5369999999999999
0.7165,-1.5893,8.3278,2.979,-0.9289999999999999,0.5369999999999999
0.6934,-1.382,8.3278,2.618,-0.7430000000000001,0.738
0.7859,-1.5202,8.46,2.889,-0.7430000000000001,0.5369999999999999
0.8552,-1.4511,8.5922,2.979,-0.46399999999999997,0.671
0.7628,-0.2303,8.5922,0.722,-0.27799999999999997,1.0739999999999998
0.7859,-0.3455,8.46,0.903,-0.27799999999999997,1.007
0.8321,-0.6449,8.1956,1.535,-0.46399999999999997,0.94
0.8321,-0.7601,8.1956,1.715,-0.371,0.873
0.7859,-0.8061,8.1956,1.806,-0.46399999999999997,0.806
0.7859,-0.8752,8.3278,1.896,-0.5569999999999999,0.738
0.8321,-0.9213,8.46,2.076,-0.5569999999999999,0.738
0.9246,-0.5297,8.5922,1.444,-0.092,0.94
0.9246,0.691,8.46,-0.27,0.092,1.343
0.9015,0.3455,8.1956,0.09,0.092,1.2759999999999998
0.8552,-0.3915,8.1956,1.2640000000000002,-0.371,1.0739999999999998
0.8321,-0.4376,7.9312,1.2640000000000002,-0.27799999999999997,1.141
0.8321,-0.4376,7.9312,1.2640000000000002,-0.27799999999999997,1.141
0.7859,0.691,7.6668,-0.541,-0.092,1.343
0.7165,0.5988,7.6668,-0.451,-0.371,1.41
0.7628,0.4606,7.799,-0.18,-0.27799999999999997,1.544
0.809,0.1842,7.9312,0.27,-0.371,1.4769999999999999
0.809,0.5528,7.9312,-0.18,-0.27799999999999997,1.612
0.8552,0.7601,7.9312,-0.6320000000000001,0.0,1.612
0.8321,0.8983,8.0634,-0.722,-0.092,1.4769999999999999
0.6472,1.3589,7.9312,-1.625,-0.185,1.746
0.6934,1.2898,7.6668,-1.535,-0.185,1.612
0.7165,0.9674,7.6668,-1.083,-0.185,1.4769999999999999
0.809,0.8292,7.799,-0.8119999999999999,-0.185,1.343
0.8552,0.8752,7.799,-0.903,-0.092,1.41
0.9477,1.2668,8.3278,-1.2640000000000002,0.27799999999999997,1.4769999999999999
0.9477,1.2668,8.3278,-1.2640000000000002,0.27799999999999997,1.4769999999999999
1.0171,1.8426,8.46,-2.167,0.46399999999999997,1.6789999999999998
0.8784,2.0499,8.5922,-2.347,0.27799999999999997,1.746
0.7859,1.8887,8.0634,-2.257,0.0,1.612
0.8321,1.8426,7.799,-2.347,0.0,1.612
0.8784,1.0825,7.5346,-1.083,0.0,1.41
0.8784,1.2438,7.4025,-1.625,0.092,1.4769999999999999
0.8784,1.2438,7.4025,-1.625,0.092,1.4769999999999999
0.6934,1.5662,7.2703,-1.896,-0.27799999999999997,1.4769999999999999
0.7628,1.7505,7.5346,-2.257,0.185,1.4769999999999999
0.8321,1.7044,7.6668,-1.986,0.185,1.544
0.8321,1.7735,7.9312,-2.076,0.092,1.612
0.8321,1.7275,8.0634,-1.896,0.092,1.544
0.9015,1.8887,8.1956,-2.167,0.27799999999999997,1.612
0.9477,2.2342,8.3278,-2.799,0.5569999999999999,1.6789999999999998
0.9939,2.9713,8.5922,-3.612,0.836,1.813
0.9015,3.2246,8.5922,-3.792,0.65,2.015
0.8321,3.6162,8.46,-4.244,0.5569999999999999,2.015
0.7859,3.501,8.1956,-4.063,0.46399999999999997,1.813
0.8321,3.1555,8.1956,-3.5210000000000004,0.371,1.6789999999999998
1.0171,2.3263,8.0634,-2.167,0.371,1.4769999999999999
0.9939,2.4185,7.9312,-2.257,0.371,1.544
0.8784,2.764,7.9312,-2.889,0.27799999999999997,1.612
0.809,2.9713,7.799,-3.341,0.27799999999999997,1.612
0.8552,2.8561,7.6668,-3.16,0.185,1.612
0.9708,2.2112,7.9312,-1.896,0.27799999999999997,1.41
0.9477,2.3724,8.1956,-2.076,0.27799999999999997,1.4769999999999999
0.9246,2.4415,8.46,-2.076,0.27799999999999997,1.41
0.9939,2.5336,8.7243,-2.076,0.46399999999999997,1.41
1.0864,3.2937,8.8565,-3.5210000000000004,1.022,1.746
1.0864,3.2937,8.8565,-3.5210000000000004,1.022,1.746
0.9477,3.5701,8.8565,-3.792,0.7430000000000001,1.6789999999999998
0.7397,3.5241,8.5922,-3.612,0.185,1.612
0.7397,3.5241,8.5922,-3.612,0.185,1.612
0.8321,3.2937,8.3278,-3.431,0.65,1.6789999999999998
0.9708,3.478,8.46,-3.8819999999999997,0.836,1.612
0.9246,3.501,8.5922,-3.702,0.65,1.612
0.8321,3.5471,8.5922,-3.702,0.5569999999999999,1.544
0.8321,3.5471,8.5922,-3.8819999999999997,0.46399999999999997,1.544
0.9015,3.3859,8.5922,-3.431,0.65,1.612
0.9246,3.4319,8.5922,-3.5210000000000004,0.7430000000000001,1.6789999999999998
0.9477,3.5471,8.7243,-3.702,0.7430000000000001,1.6789999999999998
0.8321,3.4089,8.3278,-3.5210000000000004,0.46399999999999997,1.6789999999999998
0.6241,2.9943,8.0634,-2.979,-0.092,1.41
0.6703,2.9713,7.9312,-3.16,0.0,1.544
0.6703,2.9713,7.9312,-3.16,0.0,1.544
0.6472,3.0864,7.6668,-3.341,0.0,1.4769999999999999
0.6703,2.9943,7.6668,-3.341,0.0,1.4769999999999999
0.6472,3.2016,7.9312,-3.431,0.0,1.4769999999999999
0.6472,3.2016,7.9312,-3.431,0.0,1.4769999999999999
0.7165,3.2246,7.9312,-3.5210000000000004,0.27799999999999997,1.41
0.7165,3.0864,7.6668,-3.431,0.185,1.41
0.7165,2.9252,7.4025,-3.431,0.185,1.343
0.7628,2.8331,7.1381,-3.25,0.27799999999999997,1.41
0.809,2.7409,7.1381,-3.07,0.371,1.41
0.7628,2.7179,7.2703,-2.979,0.092,1.2759999999999998
0.416,2.6949,7.6668,-2.618,-0.65,1.2759999999999998
0.3005,2.9482,7.6668,-2.979,-0.9289999999999999,1.41
0.416,3.0404,7.5346,-3.25,-0.371,1.343
0.6703,2.9713,7.5346,-3.341,0.092,1.2759999999999998
0.9246,2.9252,7.4025,-3.431,0.5569999999999999,1.2759999999999998
0.9939,2.9482,7.4025,-3.341,0.65,1.343
0.7859,3.0864,7.6668,-3.612,0.371,1.343
0.7165,3.0634,7.6668,-3.431,0.092,1.343
0.7165,3.0634,7.6668,-3.431,0.092,1.343
0.6934,2.9252,7.2703,-3.341,0.185,1.2759999999999998
0.7859,2.9482,7.2703,-3.5210000000000004,0.371,1.41
0.7859,2.9482,7.2703,-3.5210000000000004,0.371,1.41
0.6472,2.9482,7.4025,-3.341,0.092,1.343
0.6241,3.0173,7.2703,-3.341,0.0,1.2759999999999998
0.809,2.9482,7.4025,-3.5210000000000004,0.371,1.41
0.8784,2.9943,7.5346,-3.5210000000000004,0.46399999999999997,1.41
0.8784,3.0404,7.5346,-3.612,0.46399999999999997,1.343
0.7397,3.2016,7.9312,-3.612,0.092,1.4769999999999999
0.7165,3.3859,8.0634,-3.792,0.185,1.4769999999999999
0.7628,3.455,8.1956,-3.8819999999999997,0.371,1.41
0.809,3.4319,8.1956,-3.8819999999999997,0.371,1.4769999999999999
0.809,3.4319,8.1956,-3.8819999999999997,0.371,1.343
0.9015,3.4319,8.1956,-3.8819999999999997,0.7430000000000001,1.41
0.9708,3.4089,8.3278,-3.8819999999999997,0.836,1.41
0.9708,3.455,8.3278,-3.8819999999999997,0.836,1.4769999999999999
0.9015,3.501,8.1956,-3.8819999999999997,0.65,1.4769999999999999
0.7397,3.6623,8.5922,-3.973,0.371,1.4769999999999999
0.7397,3.6623,8.5922,-3.973,0.371,1.4769999999999999
0.6703,3.7544,8.7243,-4.063,0.27799999999999997,1.544
0.6703,3.7083,8.7243,-4.063,0.092,1.4769999999999999
0.7397,3.5932,8.5922,-3.973,0.27799999999999997,1.544
0.809,3.5241,8.46,-3.792,0.371,1.544
0.8552,3.7083,8.7243,-4.063,0.7430000000000001,1.544
0.8321,3.7544,8.8565,-4.063,0.5569999999999999,1.4769999999999999
0.7397,4.0078,9.2531,-3.973,0.46399999999999997,1.612
0.7397,4.0999,9.3853,-4.1530000000000005,0.5569999999999999,1.6789999999999998
0.7628,4.2151,9.5175,-4.063,0.46399999999999997,1.612
0.7628,4.169,9.3853,-4.063,0.5569999999999999,1.612
0.7859,3.9847,8.9887,-3.8819999999999997,0.371,1.544
0.8552,3.7774,8.9887,-3.792,0.46399999999999997,1.4769999999999999
0.8784,3.7314,8.7243,-3.702,0.46399999999999997,1.41
0.7628,3.7774,8.8565,-3.702,0.185,1.4769999999999999
0.6934,3.7314,9.1209,-3.25,0.0,1.544
0.4392,3.9847,9.2531,-3.5210000000000004,-0.27799999999999997,1.544
0.416,4.0769,9.3853,-3.612,-0.46399999999999997,1.544
0.6241,4.0308,9.1209,-3.792,0.0,1.4769999999999999
0.9246,3.7544,8.5922,-3.792,0.7430000000000001,1.41
0.8321,3.5932,8.3278,-3.702,0.46399999999999997,1.41
0.7859,3.5241,8.1956,-3.612,0.27799999999999997,1.41
0.7397,3.6392,8.3278,-3.702,0.185,1.4769999999999999
0.7397,3.7083,8.46,-3.612,0.27799999999999997,1.41
0.7165,3.7314,8.5922,-3.792,0.185,1.41
0.7165,3.7314,8.5922,-3.792,0.185,1.41
0.6703,3.5701,8.1956,-3.702,0.0,1.41
0.6472,3.501,8.1956,-3.612,0.092,1.343
0.7165,3.455,7.9312,-3.612,0.27799999999999997,1.2759999999999998
0.7165,3.3859,7.799,-3.5210000000000004,0.185,1.343
0.5316,3.2707,7.6668,-3.341,-0.27799999999999997,1.343
0.3467,3.1555,7.5346,-3.25,-0.65,1.343
0.416,3.0864,7.6668,-3.07,-0.371,1.2759999999999998
0.7397,3.2016,7.9312,-3.25,0.27799999999999997,1.343
0.809,3.478,7.9312,-3.5210000000000004,0.46399999999999997,1.343
0.7165,3.5241,8.0634,-3.612,0.27799999999999997,1.343
0.7397,3.5471,8.0634,-3.702,0.27799999999999997,1.2089999999999999
0.8321,3.5701,8.0634,-3.702,0.46399999999999997,1.2759999999999998
0.8552,3.5241,8.0634,-3.5210000000000004,0.5569999999999999,1.4769999999999999
0.8552,3.5241,8.0634,-3.5210000000000004,0.5569999999999999,1.4769999999999999
0.6472,3.501,7.9312,-3.612,0.092,1.343
0.6934,3.501,8.0634,-3.702,0.27799999999999997,1.343
0.7397,3.5241,8.0634,-3.612,0.27799999999999997,1.343
0.7628,3.5932,8.1956,-3.702,0.371,1.343
0.7397,3.7083,8.46,-3.702,0.27799999999999997,1.41
0.8321,3.6623,8.3278,-3.792,0.5569999999999999,1.343
0.7859,3.6392,8.3278,-3.792,0.46399999999999997,1.41
0.6241,3.6853,8.1956,-3.702,-0.092,1.343
0.6241,3.6853,8.1956,-3.702,-0.092,1.343
0.6472,3.7083,8.3278,-3.702,0.0,1.41
0.6934,3.6392,8.1956,-3.8819999999999997,0.27799999999999997,1.343
0.7859,3.3628,7.6668,-3.431,0.185,1.2759999999999998
0.809,3.3168,7.6668,-3.341,0.371,1.343
0.7859,3.4319,7.799,-3.431,0.371,1.343
0.7397,3.4319,7.9312,-3.431,0.371,1.41
0.4392,3.6623,8.3278,-3.5210000000000004,-0.27799999999999997,1.343
0.5085,3.7083,8.3278,-3.612,-0.185,1.343
0.5085,3.7083,8.3278,-3.612,-0.185,1.343
0.9246,3.7774,8.5922,-3.792,0.836,1.4769999999999999
1.0402,3.8235,8.7243,-3.8819999999999997,1.115,1.4769999999999999
0.7397,4.0308,8.9887,-3.8819999999999997,0.46399999999999997,1.4769999999999999
0.7628,4.0308,8.8565,-4.063,0.46399999999999997,1.41
0.7859,4.0308,8.8565,-4.063,0.46399999999999997,1.4769999999999999
0.7628,4.0078,8.8565,-3.973,0.371,1.4769999999999999
0.809,4.0308,8.9887,-4.1530000000000005,0.5569999999999999,1.4769999999999999
0.6703,4.1229,8.9887,-3.8819999999999997,0.092,1.544
0.6703,4.1229,8.9887,-3.8819999999999997,0.092,1.544
0.809,4.2151,9.2531,-3.973,0.65,1.544
0.8552,4.192,9.2531,-3.973,0.7430000000000001,1.4769999999999999
0.7628,4.169,9.1209,-3.973,0.5569999999999999,1.4769999999999999
0.7165,4.192,9.1209,-4.063,0.5569999999999999,1.4769999999999999
0.6472,4.192,9.1209,-3.973,0.185,1.544
0.601,4.1229,9.1209,-3.973,0.092,1.612
0.5779,3.9156,8.5922,-3.792,0.0,1.41
0.6241,3.8696,8.46,-3.8819999999999997,-0.092,1.2759999999999998
0.6934,3.8926,8.46,-3.8819999999999997,0.27799999999999997,1.343
0.809,3.9156,8.46,-3.8819999999999997,0.46399999999999997,1.41
0.9708,3.8465,8.5922,-3.8819999999999997,0.9289999999999999,1.41
0.9939,3.8005,8.46,-3.8819999999999997,0.836,1.41
0.6934,3.6392,8.5922,-3.341,0.185,1.2759999999999998
0.4392,3.8005,8.7243,-3.5210000000000004,-0.27799999999999997,1.2089999999999999
0.5547,3.9617,8.7243,-3.8819999999999997,0.092,1.343
0.5547,3.9617,8.7243,-3.8819999999999997,0.092,1.343
0.601,4.0308,8.7243,-3.973,0.185,1.41
0.7628,4.0999,8.8565,-4.063,0.46399999999999997,1.41
0.6934,4.192,9.1209,-3.973,0.27799999999999997,1.343
0.6934,4.192,9.1209,-3.973,0.27799999999999997,1.343
0.7397,4.2151,9.1209,-4.063,0.46399999999999997,1.41
0.8552,4.2151,8.9887,-4.244,0.9289999999999999,1.343
0.8321,4.1229,8.8565,-4.1530000000000005,0.5569999999999999,1.343
0.7859,4.0538,8.8565,-4.063,0.65,1.343
0.7397,4.0308,8.5922,-4.1530000000000005,0.371,1.343
0.6703,3.9617,8.46,-3.973,0.185,1.343
0.6472,3.7544,8.1956,-3.792,0.092,1.343
0.6934,3.6623,8.0634,-3.792,0.185,1.2759999999999998
0.6934,3.6623,8.0634,-3.792,0.185,1.2759999999999998
0.6934,3.6623,8.0634,-3.792,0.185,1.141
0.601,3.5932,7.9312,-3.702,0.0,1.343
0.6241,3.5471,7.9312,-3.612,0.092,1.343
0.6934,3.501,7.799,-3.5210000000000004,0.185,1.343
0.601,3.6853,8.0634,-3.702,0.092,1.2759999999999998
0.5779,3.6853,7.9312,-3.792,0.0,1.2759999999999998
0.6703,3.6162,7.799,-3.702,0.185,1.2759999999999998
0.7628,3.5471,7.799,-3.702,0.27799999999999997,1.2089999999999999
0.7859,3.5471,7.799,-3.702,0.27799999999999997,1.2759999999999998
0.7859,3.5932,7.9312,-3.702,0.371,1.2759999999999998
0.7397,3.6623,7.799,-3.702,0.46399999999999997,1.2089999999999999
0.7397,3.5701,7.6668,-3.702,0.371,1.141
0.6934,3.501,7.5346,-3.612,0.185,1.141
0.6241,3.5241,7.6668,-3.612,0.092,1.2089999999999999
0.5779,3.5932,7.799,-3.612,0.0,1.2089999999999999
0.5779,3.6392,7.799,-3.702,0.0,1.2759999999999998
0.6934,3.3628,7.5346,-3.5210000000000004,0.185,1.141
0.7859,3.2246,7.5346,-3.431,0.46399999999999997,1.2089999999999999
0.6241,3.6623,8.0634,-3.702,0.092,1.2089999999999999
0.5316,3.6623,7.9312,-3.8819999999999997,-0.092,1.2089999999999999
0.5316,3.6623,7.9312,-3.8819999999999997,-0.092,1.2089999999999999
0.6241,3.6623,7.9312,-3.792,0.092,1.2759999999999998
0.7397,3.6623,7.9312,-3.8819999999999997,0.27799999999999997,1.343
0.7165,3.7083,8.0634,-3.8819999999999997,0.371,1.2759999999999998
0.6934,3.8235,8.1956,-3.8819999999999997,0.371,1.141
0.809,3.8235,8.3278,-3.8819999999999997,0.5569999999999999,1.2759999999999998
0.809,3.8235,8.3278,-3.8819999999999997,0.5569999999999999,1.2759999999999998
0.7628,3.7083,8.1956,-3.8819999999999997,0.46399999999999997,1.343
0.7628,3.7083,8.1956,-3.8819999999999997,0.46399999999999997,1.343
0.6241,3.9387,8.46,-3.973,0.092,1.41
0.6703,4.0769,8.7243,-4.063,0.27799999999999997,1.41
0.8784,4.0538,8.5922,-4.1530000000000005,0.7430000000000001,1.2759999999999998
0.8552,3.9847,8.46,-4.1530000000000005,0.7430000000000001,1.41
0.8552,3.9847,8.46,-4.063,0.65,1.343
0.7397,4.1229,8.8565,-4.244,0.46399999999999997,1.41
0.7397,4.1229,8.8565,-4.244,0.46399999999999997,1.41
0.7397,4.3303,9.2531,-4.1530000000000005,0.46399999999999997,1.343
0.7397,4.3303,9.2531,-4.1530000000000005,0.46399999999999997,1.343
0.6934,4.169,8.7243,-4.1530000000000005,0.27799999999999997,1.343
0.6934,3.9617,8.3278,-4.063,0.371,1.2759999999999998
0.7628,3.7774,8.46,-3.792,0.185,1.343
0.7397,3.7083,8.46,-3.612,0.185,1.343
0.7628,3.5471,8.7243,-3.25,0.27799999999999997,1.2759999999999998
0.6934,4.0769,9.1209,-3.8819999999999997,0.371,1.343
0.6703,4.2612,9.1209,-4.063,0.371,1.41
0.7165,4.2842,9.1209,-4.063,0.371,1.4769999999999999
0.7397,4.3303,9.1209,-4.244,0.46399999999999997,1.41
0.7397,4.3763,9.2531,-4.1530000000000005,0.5569999999999999,1.41
0.7397,4.4454,9.3853,-4.244,0.65,1.343
0.7859,4.4454,9.2531,-4.1530000000000005,0.65,1.343
0.8321,4.3994,9.2531,-4.244,0.7430000000000001,1.41
0.7859,4.3994,9.2531,-4.244,0.65,1.343
0.7397,4.4685,9.1209,-4.244,0.5569999999999999,1.343
0.6241,4.5145,9.2531,-4.244,0.27799999999999997,1.343
0.6241,4.5145,9.2531,-4.334,0.371,1.343
0.809,4.3763,9.2531,-4.244,0.5569999999999999,1.343
0.7628,4.2842,8.8565,-4.1530000000000005,0.46399999999999997,1.343
0.6703,4.1229,8.7243,-4.244,0.27799999999999997,1.343
0.6472,4.0308,8.46,-4.063,0.185,1.41
0.6472,4.0308,8.46,-4.063,0.185,1.41
0.6703,4.0078,8.1956,-4.063,0.185,1.2759999999999998
0.6934,3.9387,8.1956,-3.973,0.371,1.2759999999999998
0.7165,3.8465,8.1956,-3.8819999999999997,0.092,1.343
0.6934,3.7544,7.9312,-3.8819999999999997,0.185,1.2759999999999998
0.7628,3.6623,7.9312,-3.612,0.371,1.343
0.7397,3.5701,8.1956,-3.341,0.185,1.2759999999999998
0.601,3.8235,8.3278,-3.702,0.0,1.2759999999999998
0.5779,3.8926,8.3278,-3.8819999999999997,-0.092,1.2759999999999998
0.6472,4.0078,8.3278,-4.063,0.27799999999999997,1.2089999999999999
0.7628,3.9847,8.3278,-4.063,0.46399999999999997,1.2759999999999998
0.809,3.9847,8.46,-4.063,0.65,1.2759999999999998
0.809,4.0308,8.46,-4.1530000000000005,0.65,1.343
0.7397,4.1229,8.5922,-4.244,0.65,1.343
0.7859,4.4224,9.2531,-4.244,0.5569999999999999,1.41
0.7859,4.4454,9.3853,-4.244,0.65,1.41
0.7628,4.5606,9.3853,-4.244,0.5569999999999999,1.2759999999999998
0.7397,4.6067,9.5175,-4.334,0.5569999999999999,1.41
0.8321,4.7218,9.6497,-4.334,0.65,1.4769999999999999
0.8552,4.7679,9.7818,-4.334,0.7430000000000001,1.4769999999999999
0.8552,4.814,9.7818,-4.334,0.836,1.544
0.7859,4.9061,10.0462,-4.334,0.65,1.41
0.7397,5.0213,10.1784,-4.244,0.46399999999999997,1.4769999999999999
0.7397,5.0213,10.1784,-4.244,0.46399999999999997,1.4769999999999999
0.6934,5.0904,10.1784,-4.1530000000000005,0.5569999999999999,1.4769999999999999
0.6934,5.1364,10.1784,-4.244,0.65,1.544
0.6703,5.1595,10.3106,-4.1530000000000005,0.65,1.4769999999999999
0.7165,5.1825,10.3106,-4.244,0.7430000000000001,1.544
0.6934,5.0904,10.0462,-4.1530000000000005,0.65,1.4769999999999999
0.6472,5.0904,9.914,-4.063,0.5569999999999999,1.612
0.6472,5.1364,10.0462,-4.063,0.46399999999999997,1.4769999999999999
0.6241,5.1595,10.0462,-4.1530000000000005,0.46399999999999997,1.41
0.6241,5.2055,10.1784,-4.244,0.5569999999999999,1.41
0.6703,5.2286,10.1784,-4.1530000000000005,0.65,1.544
0.7165,5.2286,10.3106,-4.244,0.7430000000000001,1.4769999999999999
0.7397,5.1134,9.914,-4.1530000000000005,0.7430000000000001,1.41
0.7397,5.1134,9.914,-4.1530000000000005,0.7430000000000001,1.41
0.7397,5.0213,9.914,-4.1530000000000005,0.65,1.544
0.6703,4.86,9.5175,-4.063,0.46399999999999997,1.544
0.6472,4.7449,9.2531,-3.973,0.185,1.4769999999999999
0.6934,4.6758,9.1209,-3.973,0.371,1.343
0.7165,4.6758,9.1209,-3.973,0.46399999999999997,1.343
0.7397,4.6988,9.2531,-3.973,0.5569999999999999,1.41
0.6934,4.6527,9.1209,-3.792,0.371,1.41
0.7628,4.7449,9.2531,-3.792,0.5569999999999999,1.41
0.7628,4.86,9.3853,-4.063,0.65,1.41
0.6934,4.7449,9.1209,-3.973,0.46399999999999997,1.4769999999999999
0.6703,4.6988,8.9887,-3.8819999999999997,0.371,1.41
0.6934,4.6758,8.9887,-3.8819999999999997,0.46399999999999997,1.41
0.7165,4.3994,8.5922,-3.8819999999999997,0.46399999999999997,1.2759999999999998
0.7165,4.3994,8.5922,-3.8819999999999997,0.46399999999999997,1.2759999999999998
0.7165,4.169,8.0634,-3.702,0.27799999999999997,1.141
0.7165,4.169,8.0634,-3.612,0.371,1.2089999999999999
0.6241,4.169,8.0634,-3.612,0.185,1.2759999999999998
0.601,4.2381,8.3278,-3.612,0.092,1.2759999999999998
0.601,4.3763,8.5922,-3.612,0.185,1.343
0.6241,4.3994,8.5922,-3.612,0.185,1.2759999999999998
0.7165,4.3533,8.46,-3.612,0.27799999999999997,1.343
0.7859,4.2381,8.0634,-3.792,0.46399999999999997,1.2089999999999999
0.8552,4.169,7.799,-3.612,0.65,1.2759999999999998
0.7165,3.8465,7.5346,-3.431,0.27799999999999997,1.141
0.6472,3.7544,7.4025,-3.341,0.185,1.0739999999999998
0.6472,3.7083,7.4025,-3.341,0.185,1.141
0.5547,3.7314,7.4025,-3.341,0.0,1.141
0.601,3.7314,7.6668,-3.25,0.185,1.0739999999999998
0.5779,3.8926,7.4025,-3.341,0.092,1.2089999999999999
0.6472,3.9847,7.5346,-3.5210000000000004,0.185,1.141
0.7397,3.9617,7.6668,-3.5210000000000004,0.27799999999999997,1.141
0.8321,3.8696,7.6668,-3.5210000000000004,0.5569999999999999,1.141
0.8321,3.8696,7.6668,-3.5210000000000004,0.5569999999999999,1.0739999999999998
0.7628,3.9156,7.6668,-3.5210000000000004,0.371,1.141
0.6703,3.9387,7.6668,-3.431,0.185,1.2089999999999999
0.601,3.9847,7.5346,-3.431,0.092,1.2089999999999999
0.7165,3.9617,7.6668,-3.612,0.371,1.0739999999999998
0.7628,3.9617,7.6668,-3.5210000000000004,0.27799999999999997,1.141
0.7859,3.9847,7.6668,-3.5210000000000004,0.27799999999999997,1.141
0.7859,3.9847,7.799,-3.612,0.5569999999999999,1.141
0.7859,4.0308,7.799,-3.5210000000000004,0.46399999999999997,1.141
0.7397,4.0769,7.799,-3.612,0.371,1.2089999999999999
0.7397,4.0769,7.9312,-3.702,0.371,1.2089999999999999
0.6703,4.0999,7.799,-3.612,0.27799999999999997,1.2089999999999999
0.6703,4.1229,7.799,-3.702,0.27799999999999997,1.0739999999999998
0.6472,4.2151,7.9312,-3.792,0.185,1.0739999999999998
0.6934,4.2381,8.0634,-3.792,0.27799999999999997,1.141
0.7397,4.2842,8.0634,-3.8819999999999997,0.371,1.2089999999999999
0.6934,4.5836,8.7243,-3.973,0.371,1.141
0.5085,4.6297,8.9887,-3.792,-0.185,1.343
0.4392,4.7218,9.1209,-3.973,-0.27799999999999997,1.2759999999999998
0.5547,4.814,9.2531,-4.063,0.092,1.343
0.6934,4.9061,9.3853,-4.063,0.5569999999999999,1.41
0.8321,4.9752,9.6497,-4.1530000000000005,0.9289999999999999,1.4769999999999999
0.8321,4.9752,9.6497,-4.1530000000000005,0.9289999999999999,1.4769999999999999
0.7859,5.0904,9.6497,-4.334,0.65,1.544
0.7397,5.0904,9.5175,-4.334,0.65,1.41
0.809,5.1134,9.5175,-4.424,0.836,1.41
0.9015,5.0673,9.7818,-4.334,1.115,1.41
0.7859,5.0443,9.6497,-4.334,0.9289999999999999,1.41
0.7165,5.1134,9.5175,-4.334,0.46399999999999997,1.4769999999999999
0.6703,5.0673,9.6497,-4.244,0.46399999999999997,1.41
0.6703,5.0904,9.5175,-4.334,0.46399999999999997,1.41
0.7628,5.0904,9.5175,-4.424,0.7430000000000001,1.41
0.7628,5.1134,9.5175,-4.334,0.836,1.41
0.7628,5.1134,9.3853,-4.334,0.7430000000000001,1.343
0.7859,5.0443,9.6497,-4.334,0.836,1.343
0.7628,5.0904,9.5175,-4.334,0.7430000000000001,1.343
0.6703,4.8831,8.9887,-4.1530000000000005,0.46399999999999997,1.2759999999999998
0.6241,4.6758,8.7243,-3.973,0.185,1.2759999999999998
0.7165,4.6988,8.9887,-3.8819999999999997,0.5569999999999999,1.2759999999999998
0.7165,4.6988,8.9887,-3.8819999999999997,0.5569999999999999,1.2759999999999998
0.7859,4.9522,9.2531,-3.973,0.7430000000000001,1.343
0.7859,4.9982,9.2531,-4.063,0.65,1.343
0.6934,4.837,9.1209,-3.973,0.46399999999999997,1.343
0.7397,4.837,9.1209,-4.063,0.5569999999999999,1.343
0.8321,4.86,9.2531,-4.1530000000000005,0.7430000000000001,1.41
0.7397,4.9752,9.3853,-4.244,0.5569999999999999,1.343
0.6703,4.9752,9.3853,-4.244,0.46399999999999997,1.41
0.6472,4.9291,9.2531,-4.1530000000000005,0.371,1.41
0.6703,4.8831,9.1209,-4.1530000000000005,0.46399999999999997,1.343
0.7397,4.7449,8.8565,-4.063,0.46399999999999997,1.2759999999999998
0.6934,4.7679,8.9887,-3.8819999999999997,0.371,1.2759999999999998
0.6241,4.86,9.1209,-3.973,0.371,1.343
0.7397,4.9291,9.2531,-4.1530000000000005,0.5569999999999999,1.41
0.7859,4.9522,9.3853,-4.1530000000000005,0.7430000000000001,1.343
0.7859,4.9752,9.5175,-4.1530000000000005,0.5569999999999999,1.343
0.7397,5.0213,9.5175,-4.244,0.5569999999999999,1.343
0.6934,5.1134,9.6497,-4.1530000000000005,0.46399999999999997,1.343
0.6472,5.2055,9.7818,-4.334,0.5569999999999999,1.2089999999999999
0.7165,5.2055,9.6497,-4.244,0.65,1.41
0.809,5.0443,9.5175,-4.244,0.7430000000000001,1.343
0.7859,5.0673,9.5175,-4.244,0.7430000000000001,1.343
0.7397,5.2286,9.7818,-4.244,0.5569999999999999,1.41
0.7859,5.4819,10.3106,-4.424,0.7430000000000001,1.41
0.7859,5.4819,10.3106,-4.424,0.7430000000000001,1.41
0.809,5.528,10.4428,-4.424,0.836,1.41
0.8321,5.528,10.3106,-4.334,0.7430000000000001,1.41
0.8321,5.505,10.3106,-4.244,0.836,1.41
0.809,5.4819,10.3106,-4.244,0.836,1.343
0.7859,5.4128,10.1784,-4.244,0.65,1.41
0.7397,5.4128,10.0462,-4.244,0.5569999999999999,1.41
0.7165,5.3898,9.914,-4.244,0.65,1.343
0.6934,5.2055,9.6497,-4.1530000000000005,0.27799999999999997,1.2759999999999998
0.7165,5.0904,9.5175,-4.1530000000000005,0.46399999999999997,1.343
0.7628,5.0443,9.5175,-4.063,0.46399999999999997,1.2759999999999998
0.7859,5.0213,9.6497,-3.973,0.46399999999999997,1.2759999999999998
0.7859,5.2746,9.6497,-4.334,0.65,1.343
0.7859,5.2746,9.6497,-4.334,0.65,1.343
0.7397,5.1134,9.2531,-4.1530000000000005,0.5569999999999999,1.2759999999999998
0.7628,4.6988,8.8565,-3.8819999999999997,0.371,1.2089999999999999
0.7859,4.6758,8.7243,-3.8819999999999997,0.46399999999999997,1.2089999999999999
0.7859,4.6988,8.7243,-3.702,0.46399999999999997,1.2089999999999999
0.601,4.7218,8.9887,-3.792,0.092,1.2759999999999998
0.5779,4.837,8.9887,-3.792,0.0,1.2759999999999998
0.6703,4.7679,8.8565,-3.792,0.185,1.2089999999999999
0.7165,4.6297,8.5922,-3.792,0.27799999999999997,1.141
0.7628,4.4915,8.46,-3.702,0.185,1.141
0.7859,4.6758,8.7243,-3.702,0.46399999999999997,1.2089999999999999
0.7859,4.6758,8.7243,-3.702,0.46399999999999997,1.2089999999999999
0.7859,4.8831,8.9887,-3.8819999999999997,0.371,1.2089999999999999
0.7859,4.7679,8.8565,-3.8819999999999997,0.46399999999999997,1.2089999999999999
0.7859,4.6527,8.7243,-3.973,0.5569999999999999,1.141
0.7397,4.7218,8.8565,-3.792,0.371,1.2089999999999999
0.6934,4.9061,9.1209,-3.973,0.46399999999999997,1.2089999999999999
0.6934,5.0443,9.3853,-4.1530000000000005,0.371,1.2759999999999998
0.7165,5.1134,9.3853,-4.1530000000000005,0.46399999999999997,1.343
0.7859,5.1134,9.3853,-4.244,0.5569999999999999,1.2759999999999998
0.809,5.0443,9.3853,-4.1530000000000005,0.7430000000000001,1.2759999999999998
0.8552,4.9752,9.2531,-3.973,0.7430000000000001,1.2089999999999999
0.809,4.9061,9.1209,-3.8819999999999997,0.5569999999999999,1.2089999999999999
0.6934,4.7218,8.7243,-3.8819999999999997,0.27799999999999997,1.2759999999999998
0.6472,4.6988,8.7243,-3.8819999999999997,0.092,1.141
0.6703,4.6067,8.46,-3.792,0.092,1.2089999999999999
0.6241,4.6297,8.5922,-3.702,0.092,1.141
0.6241,4.6758,8.7243,-3.792,0.092,1.2089999999999999
0.6472,4.7449,8.8565,-3.792,0.185,1.2089999999999999
0.6934,4.6527,8.5922,-3.8819999999999997,0.27799999999999997,1.2089999999999999
0.7397,4.4685,8.46,-3.612,0.185,1.2759999999999998
0.7165,4.3994,8.3278,-3.612,0.185,1.141
0.6472,4.4224,8.3278,-3.612,0.092,1.2089999999999999
0.5779,4.4454,8.1956,-3.5210000000000004,0.0,1.2089999999999999
0.6241,4.5606,8.5922,-3.702,0.092,1.2759999999999998
0.6703,4.6297,8.5922,-3.792,0.185,1.141
0.7859,4.6067,8.46,-3.8819999999999997,0.46399999999999997,1.141
0.8321,4.5836,8.5922,-3.8819999999999997,0.65,1.141
0.8552,4.5606,8.5922,-3.8819999999999997,0.65,1.141
0.7859,4.5836,8.5922,-3.702,0.46399999999999997,1.141
0.5547,4.5606,8.46,-3.702,-0.185,1.141
0.6472,4.4915,8.3278,-3.792,0.092,1.141
0.8321,4.4224,8.1956,-3.792,0.5569999999999999,1.007
0.7859,4.192,8.0634,-3.431,0.27799999999999997,1.007
0.7859,4.192,8.0634,-3.431,0.27799999999999997,1.007
0.7628,4.192,8.1956,-3.341,0.27799999999999997,1.0739999999999998
0.4623,4.4224,8.46,-3.431,-0.371,1.0739999999999998
0.5547,4.4454,8.3278,-3.431,-0.185,1.141
0.8321,4.5606,8.5922,-3.792,0.5569999999999999,1.141
0.9477,4.6297,8.8565,-3.8819999999999997,0.9289999999999999,1.141
0.9246,4.7679,8.9887,-3.973,0.9289999999999999,1.2089999999999999
0.809,4.7909,9.1209,-3.8819999999999997,0.5569999999999999,1.2759999999999998
0.7859,4.86,9.2531,-3.8819999999999997,0.46399999999999997,1.2759999999999998
0.8552,4.837,9.1209,-3.8819999999999997,0.5569999999999999,1.2089999999999999
0.8321,4.7449,8.9887,-3.792,0.5569999999999999,1.2089999999999999
0.809,4.6988,8.9887,-3.792,0.5569999999999999,1.2089999999999999
0.6241,4.86,9.2531,-3.792,0.185,1.2759999999999998
0.5779,5.0443,9.3853,-3.8819999999999997,0.092,1.141
0.7397,5.3668,10.0462,-4.063,0.65,1.2759999999999998
0.8552,5.4589,10.3106,-4.1530000000000005,0.836,1.343
0.9246,5.5741,10.4428,-4.244,1.115,1.41
0.8784,5.6201,10.4428,-4.334,0.9289999999999999,1.4769999999999999
0.7397,5.551,10.3106,-4.244,0.65,1.41
0.5547,5.4359,9.914,-4.063,0.092,1.343
0.4392,5.2055,9.3853,-4.063,-0.092,1.2089999999999999
0.4392,5.2055,9.3853,-4.063,-0.092,1.2089999999999999
0.8321,4.8831,8.9887,-3.8819999999999997,0.5569999999999999,1.141
1.1095,4.7679,8.9887,-3.792,1.3,1.2089999999999999
0.9708,4.7679,9.1209,-3.792,0.836,1.141
0.4854,4.9752,9.3853,-3.5210000000000004,-0.27799999999999997,1.2089999999999999
0.4854,4.9752,9.3853,-3.5210000000000004,-0.27799999999999997,1.2089999999999999
0.2773,5.0213,9.1209,-3.702,-0.5569999999999999,1.2089999999999999
0.601,4.837,8.8565,-3.792,0.185,1.141
0.8784,4.7218,8.7243,-3.792,0.65,1.2089999999999999
0.9708,4.6527,8.5922,-3.792,0.9289999999999999,1.0739999999999998
0.5316,4.5376,8.3278,-3.431,-0.185,1.2089999999999999
0.3005,4.4454,8.3278,-3.341,-0.5569999999999999,1.0739999999999998
0.4392,4.4454,8.1956,-3.341,-0.371,1.007
0.6934,4.4224,8.1956,-3.702,0.185,1.007
1.0171,4.3072,8.0634,-3.5210000000000004,1.022,1.0739999999999998
1.1558,4.2151,8.0634,-3.431,1.3,1.0739999999999998
1.0402,4.2151,7.9312,-3.431,0.836,1.007
0.7397,4.2612,8.0634,-3.431,0.27799999999999997,1.0739999999999998
0.601,4.3763,8.1956,-3.5210000000000004,-0.092,1.141
0.6934,4.4224,8.1956,-3.612,0.27799999999999997,1.007
0.8784,4.3763,8.1956,-3.5210000000000004,0.5569999999999999,1.0739999999999998
0.809,4.3072,8.0634,-3.431,0.371,1.007
0.5779,4.2381,7.9312,-3.431,-0.185,1.141
0.3467,4.2151,8.1956,-3.16,-0.65,1.0739999999999998
0.5085,4.2842,8.1956,-3.431,-0.27799999999999997,1.0739999999999998
0.7628,4.3072,8.0634,-3.5210000000000004,0.371,1.007
0.8552,4.3533,8.1956,-3.5210000000000004,0.65,1.0739999999999998
0.8784,4.4915,8.5922,-3.702,0.65,1.141
0.809,4.6067,8.5922,-3.612,0.5569999999999999,1.2089999999999999
0.5316,4.86,9.1209,-3.792,0.0,1.141
0.7628,4.9522,9.2531,-3.792,0.46399999999999997,1.2089999999999999
0.9939,4.8831,9.1209,-4.063,1.115,1.2089999999999999
0.9477,4.837,8.9887,-3.973,0.9289999999999999,1.2089999999999999
0.5779,4.7679,8.7243,-3.792,0.0,1.2089999999999999
0.809,5.0443,9.3853,-3.973,0.65,1.141
1.1095,4.9982,9.5175,-3.973,1.207,1.2089999999999999
1.0633,4.9982,9.3853,-3.8819999999999997,1.022,1.2089999999999999
0.809,4.9522,9.2531,-3.973,0.65,1.2089999999999999
0.601,4.9291,9.2531,-3.792,0.0,1.2759999999999998
0.6472,4.9982,9.2531,-3.8819999999999997,0.092,1.2759999999999998
0.6703,4.8831,8.9887,-3.8819999999999997,0.185,1.343
0.7628,4.6067,8.46,-3.792,0.27799999999999997,1.0739999999999998
0.6472,4.5376,8.5922,-3.5210000000000004,0.092,1.2089999999999999
0.6241,4.6527,8.7243,-3.5210000000000004,0.0,1.0739999999999998
0.5547,4.9752,9.1209,-3.8819999999999997,0.092,1.141
0.5779,4.86,8.9887,-3.792,-0.092,1.2089999999999999
0.6472,4.6988,8.5922,-3.792,0.185,1.2089999999999999
0.8552,4.4685,8.46,-3.612,0.46399999999999997,1.141
0.8321,4.3763,8.3278,-3.702,0.46399999999999997,1.141
0.7397,4.4224,8.1956,-3.612,0.27799999999999997,1.0739999999999998
0.7397,4.4224,8.1956,-3.612,0.27799999999999997,1.0739999999999998
0.5547,4.3533,8.0634,-3.702,-0.092,1.0739999999999998
0.6241,4.2381,7.9312,-3.5210000000000004,-0.092,1.0739999999999998
0.6934,4.146,7.6668,-3.5210000000000004,0.092,1.141
0.7859,4.2151,7.9312,-3.431,0.371,1.141
0.809,4.2151,7.9312,-3.431,0.371,1.2089999999999999
0.809,4.169,7.6668,-3.431,0.371,1.0739999999999998
0.7628,4.0999,7.6668,-3.431,0.185,1.007
0.7397,4.169,7.799,-3.341,0.185,1.0739999999999998
0.7397,4.169,7.799,-3.341,0.185,1.0739999999999998
0.5779,4.3994,8.1956,-3.5210000000000004,-0.092,1.141
0.8321,4.4224,8.3278,-3.702,0.46399999999999997,1.141
0.8321,4.4224,8.3278,-3.702,0.46399999999999997,1.141
0.9477,4.3303,8.1956,-3.702,0.65,1.007
0.7859,4.3303,8.3278,-3.612,0.371,1.007
0.5085,4.4685,8.46,-3.431,-0.371,1.141
0.601,4.4915,8.3278,-3.612,-0.092,1.141
0.7165,4.4454,8.3278,-3.612,0.092,1.0739999999999998
0.7859,4.3994,8.3278,-3.612,0.371,1.0739999999999998
0.7165,4.3763,8.3278,-3.612,0.371,1.0739999999999998
0.6703,4.3763,8.46,-3.5210000000000004,0.0,1.007
0.809,4.5606,8.5922,-3.612,0.371,1.0739999999999998
0.8784,4.6527,8.7243,-3.792,0.7430000000000001,1.0739999999999998
0.8784,4.7218,8.8565,-3.792,0.7430000000000001,1.2089999999999999
0.7859,4.7679,8.8565,-3.792,0.5569999999999999,1.2089999999999999
0.809,4.7218,8.7243,-3.8819999999999997,0.46399999999999997,1.141
0.7859,4.7218,8.7243,-3.8819999999999997,0.46399999999999997,1.141
0.7859,4.7218,8.7243,-3.8819999999999997,0.46399999999999997,1.141
0.8321,4.7909,8.9887,-3.792,0.46399999999999997,1.2089999999999999
0.8321,4.814,8.8565,-3.792,0.5569999999999999,1.0739999999999998
0.7859,4.7909,8.8565,-3.702,0.5569999999999999,1.141
0.7628,4.7909,8.8565,-3.702,0.46399999999999997,1.141
0.7165,4.7218,8.8565,-3.702,0.371,1.141
0.7397,4.7218,8.8565,-3.702,0.371,1.141
0.7628,4.6067,8.46,-3.702,0.27799999999999997,1.141
0.7859,4.5376,8.3278,-3.702,0.5569999999999999,1.141
0.7859,4.5376,8.3278,-3.702,0.5569999999999999,1.141
0.7397,4.5145,8.1956,-3.612,0.371,1.0739999999999998
0.7165,4.4224,8.3278,-3.612,0.371,1.0739999999999998
0.6934,4.4224,8.3278,-3.5210000000000004,0.092,1.0739999999999998
0.6241,4.4685,8.1956,-3.5210000000000004,0.0,1.0739999999999998
0.6703,4.4915,8.46,-3.5210000000000004,0.092,1.2089999999999999
0.6703,4.5836,8.46,-3.612,0.185,1.141
0.7165,4.7218,8.7243,-3.702,0.27799999999999997,1.141
0.7165,4.7218,8.7243,-3.702,0.27799999999999997,1.141
0.7859,4.814,8.9887,-3.792,0.46399999999999997,1.141
0.8321,4.8831,9.1209,-3.8819999999999997,0.5569999999999999,1.0739999999999998
0.809,4.9061,9.1209,-3.8819999999999997,0.5569999999999999,1.2089999999999999
0.7859,4.9752,9.2531,-3.8819999999999997,0.5569999999999999,1.2759999999999998
0.6934,5.0443,9.3853,-3.973,0.371,1.2759999999999998
0.7165,5.0673,9.2531,-3.973,0.27799999999999997,1.2089999999999999
0.7397,5.0213,9.3853,-3.973,0.46399999999999997,1.2089999999999999
0.7628,5.0213,9.2531,-4.063,0.5569999999999999,1.2089999999999999
0.8321,5.0443,9.3853,-4.063,0.65,1.141
0.8321,5.0904,9.3853,-4.063,0.65,1.2089999999999999
0.8321,5.0904,9.3853,-4.063,0.5569999999999999,1.141
0.809,5.0904,9.3853,-4.063,0.5569999999999999,1.2089999999999999
0.7397,5.1364,9.3853,-4.063,0.371,1.2089999999999999
0.7397,5.1364,9.3853,-4.063,0.371,1.2089999999999999
0.7397,5.1825,9.3853,-4.063,0.46399999999999997,1.2089999999999999
0.7397,5.1825,9.3853,-4.063,0.46399999999999997,1.2089999999999999
0.7397,5.1364,9.2531,-4.1530000000000005,0.27799999999999997,1.2759999999999998
0.7397,5.0443,9.2531,-3.973,0.5569999999999999,1.2759999999999998
0.7397,4.9061,8.8565,-3.8819999999999997,0.371,1.2089999999999999
0.7397,4.5606,8.46,-3.702,0.27799999999999997,1.0739999999999998
0.7628,4.6527,8.5922,-3.792,0.27799999999999997,1.0739999999999998
0.7397,4.7679,8.7243,-3.702,0.27799999999999997,1.0739999999999998
0.6472,4.7909,8.7243,-3.792,0.092,1.2089999999999999
0.6241,4.7449,8.5922,-3.792,0.092,1.141
0.7165,4.5836,8.3278,-3.792,0.27799999999999997,1.141
0.8321,4.5376,8.46,-3.792,0.46399999999999997,1.0739999999999998
0.8321,4.6297,8.5922,-3.702,0.46399999999999997,1.0739999999999998
0.7628,4.7218,8.7243,-3.792,0.46399999999999997,1.141
0.7628,4.7218,8.7243,-3.792,0.46399999999999997,1.141
0.7628,4.7218,8.7243,-3.702,0.371,1.2089999999999999
0.7397,4.7449,8.8565,-3.702,0.371,1.2089999999999999
0.7165,4.7679,8.8565,-3.792,0.27799999999999997,1.141
0.809,4.8831,8.9887,-3.792,0.5569999999999999,1.2089999999999999
0.809,4.8831,8.9887,-3.792,0.5569999999999999,1.2089999999999999
0.7859,4.7909,8.8565,-3.702,0.371,1.2089999999999999
0.6703,4.837,8.8565,-3.792,0.27799999999999997,1.2089999999999999
0.6703,4.9061,9.1209,-3.792,0.092,1.2759999999999998
0.809,5.0213,9.2531,-3.973,0.65,1.2089999999999999
0.9015,4.9982,9.2531,-3.8819999999999997,0.7430000000000001,1.2759999999999998
0.9015,4.9982,9.2531,-3.8819999999999997,0.7430000000000001,1.2759999999999998
0.8784,4.9061,9.1209,-3.8819999999999997,0.65,1.2089999999999999
0.7859,4.8831,8.9887,-3.8819999999999997,0.46399999999999997,1.141
0.7165,4.837,8.9887,-3.8819999999999997,0.371,1.141
0.601,4.837,8.9887,-3.792,0.0,1.141
0.601,4.86,8.9887,-3.792,0.0,1.2089999999999999
0.601,4.86,8.9887,-3.792,0.0,1.2089999999999999
0.8321,4.8831,8.9887,-3.8819999999999997,0.5569999999999999,1.2089999999999999
0.9015,4.86,8.9887,-3.8819999999999997,0.65,1.141
0.8552,4.7679,8.8565,-3.8819999999999997,0.65,1.2759999999999998
0.7628,4.6988,8.5922,-3.702,0.27799999999999997,1.2089999999999999
0.6703,4.6297,8.46,-3.792,0.092,1.2089999999999999
0.6472,4.6297,8.46,-3.612,0.092,1.141
0.6472,4.5836,8.3278,-3.5210000000000004,0.0,1.2089999999999999
0.6934,4.5606,8.3278,-3.612,0.092,1.141
0.7859,4.5606,8.3278,-3.702,0.46399999999999997,1.0739999999999998
0.8321,4.4915,8.3278,-3.792,0.46399999999999997,1.0739999999999998
0.7859,4.4685,8.3278,-3.612,0.46399999999999997,1.0739999999999998
0.7628,4.4454,8.1956,-3.702,0.27799999999999997,1.0739999999999998
0.7397,4.3533,8.0634,-3.702,0.185,1.0739999999999998
0.6934,4.2612,7.9312,-3.5210000000000004,0.185,1.141
0.6934,4.2151,7.9312,-3.431,0.092,1.007
0.6934,4.192,7.799,-3.431,0.092,1.0739999999999998
0.6703,4.169,7.799,-3.431,0.185,1.0739999999999998
0.7165,4.169,7.799,-3.431,0.185,1.0739999999999998
0.7165,4.192,7.799,-3.431,0.27799999999999997,1.2089999999999999
0.7397,4.2612,7.799,-3.431,0.27799999999999997,1.0739999999999998
0.6934,4.2612,7.9312,-3.5210000000000004,0.185,1.0739999999999998
0.7165,4.2151,7.799,-3.431,0.185,1.141
0.6472,4.1229,7.9312,-3.341,-0.092,1.0739999999999998
0.5316,4.0999,7.9312,-3.25,-0.27799999999999997,1.0739999999999998
0.4623,4.0538,7.799,-3.16,-0.46399999999999997,1.0739999999999998
0.4623,4.2381,8.0634,-3.341,-0.46399999999999997,1.141
0.6703,4.4224,8.1956,-3.612,0.092,1.141
0.9708,4.5145,8.46,-3.702,0.836,1.141
0.8784,4.6297,8.5922,-3.8819999999999997,0.65,1.141
0.7628,4.6527,8.5922,-3.702,0.46399999999999997,1.2759999999999998
0.6934,4.6988,8.5922,-3.702,0.27799999999999997,1.2089999999999999
0.7859,4.814,8.8565,-3.792,0.65,1.2759999999999998
0.8321,4.8831,8.9887,-3.8819999999999997,0.65,1.2089999999999999
0.809,4.9061,8.9887,-3.973,0.5569999999999999,1.2089999999999999
0.6472,4.814,8.5922,-3.792,0.185,1.2089999999999999
0.7859,4.7449,8.7243,-3.792,0.371,1.141
0.7859,4.7449,8.7243,-3.792,0.371,1.141
0.8784,4.814,8.9887,-3.8819999999999997,0.65,1.2089999999999999
0.9015,4.814,8.9887,-3.973,0.65,1.141
0.7397,4.7679,8.7243,-3.702,0.27799999999999997,1.141
0.6934,4.6758,8.5922,-3.702,0.185,1.141
0.6934,4.6527,8.46,-3.5210000000000004,0.092,1.0739999999999998
0.6241,4.4685,8.1956,-3.5210000000000004,0.0,1.141
0.6472,4.4685,8.1956,-3.5210000000000004,-0.092,1.0739999999999998
0.7165,4.4685,8.1956,-3.612,0.27799999999999997,1.007
0.8321,4.5145,8.1956,-3.612,0.46399999999999997,1.141
0.7859,4.4915,8.1956,-3.612,0.371,1.0739999999999998
0.7165,4.5145,8.1956,-3.612,0.185,1.141
0.7397,4.4454,8.0634,-3.702,0.27799999999999997,1.141
0.809,4.0078,7.4025,-3.341,0.185,1.007
0.809,3.9387,7.5346,-3.16,0.185,0.94
0.809,3.9387,7.5346,-3.16,0.185,0.94
0.7397,3.7544,8.0634,-2.618,0.0,0.94
0.6241,4.0999,8.1956,-2.979,-0.092,1.007
0.5779,4.3072,8.3278,-3.341,-0.185,1.141
0.6934,4.4224,8.1956,-3.612,0.185,1.141
0.6934,4.4224,8.1956,-3.612,0.185,1.141
0.8552,4.5376,8.46,-3.612,0.371,1.141
0.7628,4.86,8.7243,-3.792,0.46399999999999997,1.2089999999999999
0.7628,4.86,8.7243,-3.792,0.46399999999999997,1.2089999999999999
0.7397,4.9061,8.8565,-3.8819999999999997,0.371,1.141
0.7859,4.8831,8.7243,-3.8819999999999997,0.371,1.2089999999999999
0.7628,4.6988,8.5922,-3.792,0.27799999999999997,1.2089999999999999
0.7628,4.6988,8.5922,-3.792,0.27799999999999997,1.2089999999999999
0.6703,4.9752,9.1209,-3.792,0.185,1.2089999999999999
0.6934,5.0673,9.1209,-3.973,0.46399999999999997,1.2089999999999999
0.809,4.9061,8.9887,-3.8819999999999997,0.46399999999999997,1.141
0.7628,5.1134,9.1209,-4.063,0.46399999999999997,1.2759999999999998
0.7859,5.1134,9.1209,-4.063,0.5569999999999999,1.141
0.8321,5.0673,9.1209,-3.973,0.5569999999999999,1.141
0.9015,4.9982,9.1209,-3.8819999999999997,0.5569999999999999,1.2089999999999999
0.8784,4.8831,8.9887,-3.792,0.46399999999999997,1.2089999999999999
0.8784,4.9061,8.9887,-3.792,0.46399999999999997,1.2089999999999999
0.809,4.9522,8.9887,-3.792,0.46399999999999997,1.141
0.7165,4.7909,8.46,-3.792,0.092,1.141
0.6934,4.5606,8.1956,-3.702,0.0,1.141
0.7397,4.86,8.7243,-3.8819999999999997,0.371,1.2089999999999999
0.7397,4.86,8.7243,-3.8819999999999997,0.371,1.2089999999999999
0.7165,4.8831,8.5922,-3.8819999999999997,0.27799999999999997,1.2089999999999999
0.7165,4.7218,8.3278,-3.8819999999999997,0.092,1.0739999999999998
0.7859,4.6758,8.1956,-3.792,0.27799999999999997,1.0739999999999998
0.8784,4.6527,8.3278,-3.702,0.5569999999999999,1.0739999999999998
0.6934,4.814,8.7243,-3.702,0.092,1.2759999999999998
0.601,4.9291,8.8565,-3.792,0.0,1.2759999999999998
0.6241,4.9522,8.8565,-3.8819999999999997,0.092,1.2089999999999999
0.7165,4.8831,8.5922,-3.8819999999999997,0.27799999999999997,1.2089999999999999
0.7628,4.6988,8.3278,-3.8819999999999997,0.46399999999999997,1.0739999999999998
0.7165,4.7218,8.46,-3.702,0.27799999999999997,1.141
0.6241,4.837,8.7243,-3.792,0.092,1.141
0.6703,5.0213,8.8565,-3.8819999999999997,0.185,1.2089999999999999
0.7859,4.9522,8.7243,-3.973,0.371,1.141
0.8321,4.814,8.5922,-3.792,0.371,1.2089999999999999
0.7859,4.8831,8.7243,-3.792,0.46399999999999997,1.0739999999999998
0.7859,4.9522,8.9887,-3.973,0.5569999999999999,1.2089999999999999
0.9246,4.814,8.5922,-3.8819999999999997,0.7430000000000001,1.0739999999999998
0.7628,4.6988,8.3278,-3.8819999999999997,0.46399999999999997,1.0739999999999998
0.7628,4.6988,8.3278,-3.8819999999999997,0.46399999999999997,1.0739999999999998
0.5316,4.5836,8.1956,-3.612,-0.27799999999999997,1.0739999999999998
0.6241,4.814,8.5922,-3.702,0.092,1.141
0.7628,4.9752,8.7243,-3.973,0.371,1.141
0.7628,4.9752,8.7243,-3.973,0.371,1.141
0.7165,4.9061,8.5922,-3.973,0.27799999999999997,1.0739999999999998
0.7859,4.6988,8.1956,-3.8819999999999997,0.371,1.141
0.8552,4.6297,8.1956,-3.792,0.46399999999999997,1.2089999999999999
0.7859,4.6527,8.1956,-3.612,0.27799999999999997,1.2089999999999999
0.601,4.6758,8.1956,-3.702,0.0,1.141
0.5547,4.7449,8.3278,-3.792,0.092,1.0739999999999998
0.5547,4.7449,8.3278,-3.792,0.092,1.0739999999999998
0.6472,4.7679,8.46,-3.702,0.092,1.2089999999999999
0.8552,4.8831,8.5922,-3.8819999999999997,0.5569999999999999,1.2089999999999999
0.8552,4.8831,8.7243,-3.973,0.65,1.2089999999999999
0.809,4.9522,8.7243,-3.8819999999999997,0.5569999999999999,1.2759999999999998
0.7628,4.9982,8.8565,-4.063,0.46399999999999997,1.2089999999999999
0.6934,5.0673,8.9887,-3.8819999999999997,0.185,1.2759999999999998
0.6472,5.1134,8.9887,-3.973,0.27799999999999997,1.343
0.6703,5.1134,9.1209,-4.063,0.27799999999999997,1.2759999999999998
0.7165,5.1364,9.1209,-4.063,0.46399999999999997,1.2089999999999999
0.809,5.0904,9.2531,-3.973,0.65,1.141
0.8321,5.1134,9.1209,-3.973,0.65,1.141
0.809,5.0673,9.1209,-4.063,0.5569999999999999,1.141
0.7859,5.0904,9.1209,-3.8819999999999997,0.371,1.2089999999999999
0.7628,5.0904,8.9887,-3.973,0.46399999999999997,1.2089999999999999
0.7397,5.0673,8.9887,-3.973,0.46399999999999997,1.2759999999999998
0.6934,5.0213,8.8565,-3.973,0.371,1.141
0.6934,5.0213,8.8565,-3.973,0.371,1.141
0.6703,4.9752,8.7243,-3.973,0.185,1.141
0.7165,4.9522,8.5922,-3.8819999999999997,0.27799999999999997,1.2089999999999999
0.7165,4.9291,8.7243,-3.8819999999999997,0.371,1.2089999999999999
0.7397,4.9291,8.5922,-3.973,0.371,1.141
0.7165,4.9522,8.7243,-3.973,0.27799999999999997,1.141
0.7165,4.9752,8.7243,-3.973,0.27799999999999997,1.141
0.7165,4.9982,8.8565,-3.973,0.371,1.2089999999999999
0.7165,4.9752,8.8565,-3.973,0.371,1.2089999999999999
0.7397,4.8831,8.7243,-3.973,0.27799999999999997,1.141
0.7397,4.8831,8.7243,-3.973,0.27799999999999997,1.141
0.7628,4.8831,8.7243,-3.8819999999999997,0.371,1.2089999999999999
0.7859,5.0213,8.8565,-3.973,0.46399999999999997,1.141
0.7859,4.9752,8.7243,-3.973,0.371,1.2089999999999999
0.7859,4.9752,8.7243,-3.973,0.371,1.2089999999999999
0.7628,4.7449,8.3278,-3.792,0.371,1.2089999999999999
0.7628,4.6988,8.3278,-3.702,0.185,1.141
0.7165,4.7218,8.3278,-3.702,0.27799999999999997,1.2089999999999999
0.7165,4.814,8.46,-3.702,0.27799999999999997,1.0739999999999998
0.7165,4.86,8.5922,-3.702,0.27799999999999997,1.2089999999999999
0.7165,4.86,8.5922,-3.702,0.27799999999999997,1.2089999999999999
0.7397,4.8831,8.7243,-3.702,0.371,1.2089999999999999
0.7628,4.8831,8.8565,-3.702,0.371,1.2089999999999999
0.7397,4.9522,8.8565,-3.702,0.27799999999999997,1.2759999999999998
0.6703,5.1134,8.9887,-3.8819999999999997,0.27799999999999997,1.2089999999999999
0.6934,5.2516,9.1209,-3.973,0.27799999999999997,1.2759999999999998
0.7397,5.2746,9.3853,-3.973,0.46399999999999997,1.2759999999999998
0.7628,5.3207,9.3853,-3.973,0.5569999999999999,1.343
0.809,5.4128,9.6497,-3.973,0.65,1.2759999999999998
0.8321,5.528,9.914,-3.973,0.7430000000000001,1.343
0.8552,5.528,9.914,-3.973,0.7430000000000001,1.343
0.8321,5.551,9.914,-3.973,0.65,1.41
0.8321,5.505,9.7818,-4.063,0.7430000000000001,1.343
0.7628,5.551,9.7818,-4.063,0.65,1.2759999999999998
0.7397,5.528,9.7818,-4.063,0.5569999999999999,1.2089999999999999
0.7397,5.505,9.6497,-4.1530000000000005,0.46399999999999997,1.2759999999999998
0.7859,5.3668,9.2531,-4.063,0.46399999999999997,1.2759999999999998
0.7628,5.2746,9.1209,-4.063,0.46399999999999997,1.343
0.7628,5.2286,9.1209,-3.973,0.5569999999999999,1.2759999999999998
0.7628,5.2516,9.1209,-3.973,0.5569999999999999,1.2759999999999998
0.7859,5.2746,9.3853,-3.8819999999999997,0.5569999999999999,1.343
0.7859,5.3668,9.5175,-4.063,0.5569999999999999,1.343
0.7859,5.3668,9.5175,-4.063,0.5569999999999999,1.343
0.7628,5.3437,9.3853,-4.063,0.371,1.343
0.7165,5.2977,9.2531,-4.063,0.371,1.343
0.7165,5.2286,9.1209,-3.973,0.27799999999999997,1.2759999999999998
0.7165,5.1825,9.1209,-3.973,0.27799999999999997,1.2759999999999998
0.6934,5.1595,8.9887,-3.973,0.371,1.2759999999999998
0.6934,5.1825,8.9887,-3.973,0.371,1.2089999999999999
0.7165,5.2286,9.1209,-3.8819999999999997,0.371,1.2759999999999998
0.7397,5.2516,9.2531,-3.973,0.371,1.343
0.7859,5.3437,9.3853,-4.1530000000000005,0.46399999999999997,1.2759999999999998
0.7859,5.3437,9.3853,-4.1530000000000005,0.46399999999999997,1.2759999999999998
0.809,5.3437,9.3853,-4.1530000000000005,0.46399999999999997,1.343
0.8321,5.3668,9.3853,-4.063,0.7430000000000001,1.343
0.7628,5.2516,9.1209,-4.063,0.371,1.2759999999999998
0.6934,5.1364,8.8565,-3.8819999999999997,0.27799999999999997,1.2759999999999998
0.6934,5.0443,8.8565,-3.792,0.092,1.2759999999999998
0.6703,5.0213,8.8565,-3.792,0.092,1.2089999999999999
0.6934,5.0673,8.9887,-3.8819999999999997,0.27799999999999997,1.2759999999999998
0.7628,5.1595,8.9887,-3.8819999999999997,0.371,1.2759999999999998
0.809,5.1134,8.8565,-3.8819999999999997,0.46399999999999997,1.2759999999999998
0.7859,5.0673,8.9887,-3.792,0.371,1.2759999999999998
0.7859,4.9982,8.7243,-3.792,0.46399999999999997,1.141
0.7628,4.9061,8.7243,-3.702,0.371,1.141
0.6934,4.8831,8.5922,-3.612,0.185,1.2089999999999999
0.6934,4.837,8.46,-3.612,0.185,1.2089999999999999
0.6934,4.7909,8.46,-3.792,0.27799999999999997,1.2089999999999999
0.6934,4.7909,8.46,-3.792,0.27799999999999997,1.2089999999999999
0.7165,4.7909,8.46,-3.702,0.185,1.141
0.7165,4.837,8.5922,-3.612,0.27799999999999997,1.2089999999999999
0.6934,4.9522,8.7243,-3.792,0.371,1.141
0.7397,5.1364,8.9887,-3.8819999999999997,0.371,1.2759999999999998
0.7628,5.2055,9.1209,-3.973,0.5569999999999999,1.2759999999999998
0.7859,5.2516,9.1209,-4.063,0.46399999999999997,1.2089999999999999
0.809,5.1825,8.9887,-3.973,0.46399999999999997,1.2759999999999998
0.809,5.0673,8.9887,-3.792,0.371,1.2089999999999999
0.7859,4.9752,8.7243,-3.792,0.46399999999999997,1.2089999999999999
0.7859,4.8831,8.5922,-3.702,0.371,1.2759999999999998
0.7165,4.7909,8.3278,-3.702,0.27799999999999997,1.2089999999999999
0.7859,4.7679,8.46,-3.612,0.46399999999999997,1.141
0.7859,4.86,8.5922,-3.792,0.46399999999999997,1.0739999999999998
0.7859,4.9522,8.8565,-3.8819999999999997,0.46399999999999997,1.2759999999999998
0.7859,4.9061,8.7243,-3.792,0.46399999999999997,1.2089999999999999
0.7628,4.86,8.7243,-3.702,0.371,1.2089999999999999
0.7397,4.814,8.46,-3.612,0.27799999999999997,1.2089999999999999
0.7397,4.7449,8.46,-3.612,0.185,1.2089999999999999
0.6934,4.6988,8.3278,-3.431,0.185,1.141
0.6703,4.6758,8.1956,-3.431,0.092,1.141
0.6703,4.6527,8.0634,-3.5210000000000004,0.185,1.2089999999999999
0.6703,4.6067,8.0634,-3.5210000000000004,0.185,1.2089999999999999
0.6934,4.5606,8.0634,-3.5210000000000004,0.185,1.141
0.6934,4.5606,8.0634,-3.5210000000000004,0.185,1.141
0.6934,4.6527,8.1956,-3.431,0.185,1.141
0.6934,4.6988,8.1956,-3.5210000000000004,0.27799999999999997,1.2089999999999999
0.7397,4.7218,8.3278,-3.431,0.185,1.141
0.7628,4.6988,8.1956,-3.612,0.27799999999999997,1.0739999999999998
0.7397,4.5836,8.0634,-3.5210000000000004,0.27799999999999997,1.0739999999999998
0.7859,4.6527,8.3278,-3.5210000000000004,0.27799999999999997,1.141
0.7859,4.7909,8.5922,-3.431,0.5569999999999999,1.2089999999999999
0.7397,4.9291,8.7243,-3.612,0.27799999999999997,1.2759999999999998
0.6241,5.0213,8.9887,-3.612,0.092,1.2089999999999999
0.5547,5.1364,8.9887,-3.612,0.0,1.2089999999999999
0.601,5.2055,9.1209,-3.702,0.092,1.343
1.1558,5.2746,9.3853,-3.8819999999999997,1.393,1.343
1.1095,5.2286,9.2531,-3.8819999999999997,1.207,1.2759999999999998
1.1095,5.2286,9.2531,-3.8819999999999997,1.207,1.2759999999999998
0.7165,4.9061,8.5922,-3.5210000000000004,0.185,1.2089999999999999
0.6934,4.814,8.5922,-3.5210000000000004,0.092,1.2089999999999999
0.7165,4.7679,8.46,-3.5210000000000004,0.27799999999999997,1.2089999999999999
0.6703,4.7449,8.3278,-3.431,0.185,1.141
0.601,4.7218,8.3278,-3.5210000000000004,-0.092,1.141
0.5779,4.6758,8.3278,-3.341,-0.185,1.141
0.6703,4.6758,8.3278,-3.431,0.092,1.2089999999999999
0.7859,4.6758,8.1956,-3.702,0.46399999999999997,1.141
0.7397,4.5836,7.9312,-3.702,0.27799999999999997,1.141
0.7397,4.3533,7.799,-3.431,0.27799999999999997,1.141
0.8321,4.2381,7.6668,-3.341,0.27799999999999997,1.0739999999999998
0.8784,4.192,7.6668,-3.341,0.371,1.0739999999999998
0.8552,4.2151,7.799,-3.16,0.27799999999999997,1.141
0.809,4.192,7.799,-2.979,0.092,1.2089999999999999
0.6472,4.3994,8.0634,-3.25,-0.185,1.141
0.416,4.4454,7.9312,-3.25,-0.46399999999999997,1.0739999999999998
0.6241,4.3994,7.9312,-3.341,-0.185,1.0739999999999998
0.809,4.4454,7.9312,-3.431,0.371,1.0739999999999998
0.809,4.6527,8.1956,-3.612,0.46399999999999997,1.0739999999999998
0.6934,4.7449,8.3278,-3.612,0.092,1.2089999999999999
0.6472,4.7449,8.46,-3.5210000000000004,0.0,1.2089999999999999
0.6472,4.7218,8.3278,-3.612,0.092,1.2089999999999999
0.9939,4.7679,8.46,-3.792,0.836,1.141
0.9939,4.7679,8.46,-3.792,0.836,1.141
0.9939,4.86,8.7243,-3.792,0.9289999999999999,1.2089999999999999
0.809,5.0673,8.9887,-3.792,0.5569999999999999,1.2089999999999999
0.809,5.0673,8.9887,-3.792,0.5569999999999999,1.2089999999999999
0.809,5.0673,8.8565,-3.792,0.65,1.2089999999999999
0.9015,4.8831,8.7243,-3.702,0.65,1.141
0.809,4.9061,8.5922,-3.702,0.46399999999999997,1.141
0.6934,4.9291,8.7243,-3.702,0.371,1.141
0.6472,5.0213,8.7243,-3.792,0.185,1.2759999999999998
0.7165,4.9752,8.7243,-3.792,0.371,1.141
0.8552,4.837,8.5922,-3.612,0.46399999999999997,1.2089999999999999
0.8321,4.6758,8.3278,-3.612,0.5569999999999999,1.141
0.6472,4.7218,8.46,-3.341,0.0,1.141
0.5547,4.7449,8.3278,-3.431,-0.27799999999999997,1.0739999999999998
0.5547,4.7679,8.3278,-3.612,-0.092,1.141
0.601,4.7449,8.3278,-3.431,-0.092,1.2089999999999999
0.6703,4.6758,8.0634,-3.5210000000000004,0.0,1.141
0.6703,4.4454,7.799,-3.5210000000000004,0.0,1.0739999999999998
0.601,4.4454,8.0634,-3.431,-0.092,1.0739999999999998
0.7859,4.4224,7.9312,-3.5210000000000004,0.371,1.0739999999999998
0.7859,4.3994,7.799,-3.5210000000000004,0.371,1.0739999999999998
0.7628,4.3072,7.6668,-3.431,0.185,1.0739999999999998
0.7165,4.2842,7.6668,-3.431,0.092,1.141
0.7165,4.2842,7.6668,-3.431,0.092,1.141
0.7397,4.3994,7.9312,-3.5210000000000004,0.27799999999999997,1.141
0.7628,4.5145,7.9312,-3.5210000000000004,0.27799999999999997,1.141
0.7165,4.5606,8.1956,-3.612,0.27799999999999997,1.2089999999999999
0.6934,4.5606,8.0634,-3.431,0.185,1.2759999999999998
0.6472,4.5145,7.9312,-3.612,-0.092,1.141
0.6934,4.5145,7.9312,-3.5210000000000004,0.092,1.141
0.6934,4.5145,7.9312,-3.5210000000000004,0.092,1.141
0.7397,4.5606,8.0634,-3.612,0.185,1.2089999999999999
0.7165,4.6067,8.1956,-3.612,0.27799999999999997,1.0739999999999998
0.7859,4.6067,8.0634,-3.702,0.371,1.0739999999999998
0.6934,4.6067,8.0634,-3.702,0.185,1.0739999999999998
0.6703,4.6297,8.3278,-3.5210000000000004,0.092,1.141
0.6703,4.6297,8.3278,-3.5210000000000004,0.092,1.141
0.8784,4.6758,8.46,-3.612,0.5569999999999999,1.2089999999999999
0.8784,4.814,8.5922,-3.792,0.65,1.141
0.8321,4.814,8.5922,-3.702,0.5569999999999999,1.2759999999999998
0.8321,4.7679,8.46,-3.8819999999999997,0.46399999999999997,1.141
0.7859,4.7218,8.46,-3.702,0.371,1.2759999999999998
0.7859,4.7679,8.46,-3.612,0.27799999999999997,1.2759999999999998
0.8552,4.7909,8.5922,-3.612,0.46399999999999997,1.2759999999999998
0.8321,4.8831,8.7243,-3.792,0.46399999999999997,1.2759999999999998
0.7165,4.8831,8.5922,-3.612,0.27799999999999997,1.2759999999999998
0.7397,4.9522,8.8565,-3.702,0.27799999999999997,1.2089999999999999
0.7628,4.9522,8.9887,-3.792,0.46399999999999997,1.2089999999999999
0.7397,4.9522,8.8565,-3.702,0.27799999999999997,1.2089999999999999
0.7165,4.9061,8.7243,-3.702,0.27799999999999997,1.2089999999999999
0.6934,4.8831,8.7243,-3.792,0.371,1.141
0.7397,4.8831,8.8565,-3.702,0.371,1.141
0.7165,4.9291,8.8565,-3.702,0.27799999999999997,1.2759999999999998
0.6934,4.9291,8.8565,-3.792,0.185,1.2759999999999998
0.6934,4.9291,8.8565,-3.702,0.27799999999999997,1.2759999999999998
0.7397,4.8831,8.7243,-3.612,0.27799999999999997,1.2759999999999998
0.8552,4.7909,8.5922,-3.792,0.5569999999999999,1.141
0.8552,4.7909,8.5922,-3.792,0.5569999999999999,1.141
0.809,4.86,8.7243,-3.702,0.46399999999999997,1.2089999999999999
0.7628,4.86,8.7243,-3.702,0.371,1.2089999999999999
0.7165,4.86,8.5922,-3.702,0.27799999999999997,1.2089999999999999
0.7397,4.7679,8.5922,-3.612,0.27799999999999997,1.141
0.7628,4.6067,8.3278,-3.612,0.185,1.141
0.7397,4.6067,8.3278,-3.5210000000000004,0.185,1.141
0.7165,4.6297,8.3278,-3.5210000000000004,0.092,1.141
0.7859,4.6297,8.3278,-3.612,0.185,1.141
0.809,4.6067,8.3278,-3.702,0.371,1.141
0.809,4.6067,8.3278,-3.5210000000000004,0.27799999999999997,1.141
0.6703,4.837,8.8565,-3.702,0.27799999999999997,1.2089999999999999
0.6703,4.837,8.8565,-3.702,0.27799999999999997,1.2089999999999999
0.6934,4.9522,8.9887,-3.792,0.371,1.2089999999999999
0.7628,4.8831,8.9887,-3.792,0.371,1.141
0.7628,4.8831,8.9887,-3.792,0.371,1.141
0.7628,4.7449,8.7243,-3.612,0.185,1.2089999999999999
0.7165,4.6988,8.5922,-3.5210000000000004,0.185,1.2089999999999999
0.6241,4.7679,8.7243,-3.702,0.092,1.2089999999999999
0.6241,4.7679,8.7243,-3.702,0.092,1.2089999999999999
0.7165,4.9752,9.1209,-3.792,0.27799999999999997,1.141
0.7859,5.0443,9.2531,-3.792,0.371,1.2759999999999998
0.8321,5.1595,9.2531,-3.792,0.65,1.343
0.8552,5.3207,9.6497,-3.8819999999999997,0.65,1.41
0.809,5.3898,9.914,-3.973,0.65,1.343
0.809,5.3898,9.914,-3.973,0.65,1.343
0.809,5.4128,9.7818,-3.973,0.5569999999999999,1.343
0.809,5.3437,9.6497,-3.973,0.65,1.343
0.809,5.4128,9.7818,-3.973,0.5569999999999999,1.2759999999999998
0.7859,5.4819,9.914,-3.8819999999999997,0.65,1.2759999999999998
0.7628,5.528,9.914,-3.8819999999999997,0.5569999999999999,1.343
0.7859,5.551,10.0462,-3.973,0.46399999999999997,1.2759999999999998
0.8552,5.4589,10.0462,-3.973,0.65,1.343
0.8552,5.4589,10.0462,-3.973,0.65,1.343
0.809,5.4819,10.0462,-3.973,0.5569999999999999,1.2759999999999998
0.601,4.8831,8.8565,-3.8819999999999997,0.0,1.2759999999999998
0.6241,4.7909,8.7243,-3.702,0.0,1.2759999999999998
0.6934,4.6758,8.8565,-3.341,0.0,1.2089999999999999
0.7628,4.814,9.2531,-3.16,0.371,1.2089999999999999
0.7165,5.1364,9.3853,-3.612,0.27799999999999997,1.2759999999999998
0.6703,5.1595,9.1209,-3.702,0.185,1.2759999999999998
0.6703,5.1595,9.1209,-3.702,0.185,1.2759999999999998
0.7397,5.0443,9.1209,-3.792,0.27799999999999997,1.2759999999999998
0.7397,4.8831,8.8565,-3.612,0.371,1.2089999999999999
0.7397,4.8831,8.8565,-3.612,0.371,1.2089999999999999
0.601,4.86,8.7243,-3.702,0.0,1.2759999999999998
0.6703,4.7909,8.46,-3.612,0.092,1.2759999999999998
0.7397,4.6758,8.3278,-3.612,0.27799999999999997,1.2089999999999999
0.809,4.5836,8.1956,-3.702,0.27799999999999997,1.141
0.7859,4.5836,8.3278,-3.5210000000000004,0.185,1.141
0.7859,4.6988,8.46,-3.612,0.371,1.141
0.6703,4.2842,7.799,-3.25,-0.092,1.141
0.6703,4.2842,7.799,-3.25,-0.092,1.141
0.6472,4.3303,7.9312,-3.341,-0.092,1.141
0.6934,4.3533,7.9312,-3.341,0.0,1.0739999999999998
0.7397,4.2842,7.9312,-3.341,0.185,1.0739999999999998
0.7397,4.0769,7.5346,-3.25,0.092,1.0739999999999998
0.7628,3.7314,7.799,-2.618,0.0,1.0739999999999998
0.809,3.5471,7.9312,-2.257,0.0,0.94
0.7859,3.7544,7.9312,-2.4379999999999997,0.092,1.0739999999999998
0.6472,4.2381,7.9312,-3.25,-0.092,1.141
0.6472,4.2381,7.9312,-3.25,-0.092,1.141
0.7165,4.146,7.6668,-3.341,0.0,1.0739999999999998
0.7628,4.0999,7.4025,-3.341,0.092,1.007
0.809,4.169,7.6668,-3.341,0.185,1.0739999999999998
0.7859,4.2612,7.799,-3.341,0.185,1.0739999999999998
0.7397,4.3533,7.799,-3.431,0.27799999999999997,1.007
0.7397,4.3533,7.9312,-3.5210000000000004,0.185,1.0739999999999998
0.809,4.3763,7.9312,-3.5210000000000004,0.371,1.0739999999999998
0.809,4.4915,8.1956,-3.5210000000000004,0.27799999999999997,1.141
0.809,4.6527,8.5922,-3.431,0.371,1.0739999999999998
0.809,4.837,8.8565,-3.5210000000000004,0.371,1.2089999999999999
0.8784,4.8831,8.7243,-3.612,0.65,1.2089999999999999
0.8784,4.8831,8.7243,-3.612,0.65,1.2089999999999999
0.8552,4.6297,8.46,-3.612,0.371,1.141
0.7397,4.5606,8.1956,-3.5210000000000004,0.185,1.0739999999999998
0.6472,4.4224,8.3278,-3.431,-0.092,1.0739999999999998
0.6241,4.4224,8.1956,-3.341,-0.092,1.141
0.6472,4.4224,8.1956,-3.341,-0.092,1.141
0.7165,4.5145,8.0634,-3.5210000000000004,0.185,1.0739999999999998
0.7165,4.5145,8.1956,-3.5210000000000004,0.185,1.141
0.6934,4.5376,8.1956,-3.5210000000000004,0.185,1.141
0.7165,4.4915,8.1956,-3.5210000000000004,0.185,1.141
0.7628,4.4454,8.3278,-3.431,0.185,1.141
0.7628,4.4915,8.1956,-3.341,0.27799999999999997,1.141
0.7397,4.5836,8.3278,-3.431,0.27799999999999997,1.141
0.7397,4.6297,8.46,-3.341,0.27799999999999997,1.141
0.7397,4.5376,8.1956,-3.5210000000000004,0.27799999999999997,1.2089999999999999
0.7165,4.4915,8.1956,-3.431,0.185,1.141
0.6703,4.4224,8.3278,-3.341,0.092,1.0739999999999998
0.6241,4.4454,8.3278,-3.431,-0.092,1.0739999999999998
0.5779,4.3763,8.1956,-3.341,-0.185,1.0739999999999998
0.6241,4.3072,7.9312,-3.25,-0.092,1.0739999999999998
0.6703,4.2612,7.9312,-3.25,-0.092,1.007
0.7165,4.2151,7.799,-3.25,0.185,1.0739999999999998
0.7859,4.2842,7.9312,-3.25,0.27799999999999997,1.0739999999999998
0.7859,4.3303,8.0634,-3.25,0.371,1.0739999999999998
0.809,4.3533,7.9312,-3.341,0.371,1.0739999999999998
0.8321,4.3072,7.9312,-3.25,0.27799999999999997,1.0739999999999998
0.8321,4.2842,7.9312,-3.25,0.371,1.007
0.7859,4.2151,7.799,-3.25,0.27799999999999997,1.007
0.7165,4.2612,7.799,-3.16,0.0,1.2089999999999999
0.6703,4.3533,7.9312,-3.25,0.092,1.141
0.6934,4.3533,7.9312,-3.341,0.092,1.0739999999999998
0.7165,4.3533,8.0634,-3.25,0.092,1.0739999999999998
0.7628,4.2842,8.0634,-3.16,0.27799999999999997,1.007
0.7628,4.2842,8.0634,-3.16,0.185,1.0739999999999998
0.7628,4.3072,7.9312,-3.16,0.185,1.141
0.7628,4.5376,8.3278,-3.25,0.185,1.141
0.9015,4.5606,8.46,-3.341,0.5569999999999999,1.141
0.9939,4.4915,8.5922,-3.341,0.65,1.2089999999999999
0.809,4.4915,8.3278,-3.25,0.27799999999999997,1.141
0.6703,4.5606,8.3278,-3.25,0.092,1.141
0.6934,4.6758,8.5922,-3.25,0.092,1.2089999999999999
0.7859,4.7449,8.7243,-3.341,0.371,1.141
0.9015,4.837,8.8565,-3.341,0.5569999999999999,1.2089999999999999
0.7628,4.9982,9.2531,-3.431,0.371,1.2759999999999998
0.6241,5.0673,9.3853,-3.25,0.0,1.343
0.6241,5.1595,9.5175,-3.431,0.092,1.141
0.6934,5.2746,9.6497,-3.431,0.27799999999999997,1.343
0.6934,5.3437,9.6497,-3.431,0.371,1.2759999999999998
0.6703,5.3668,9.7818,-3.612,0.371,1.343
0.6241,5.4128,10.0462,-3.5210000000000004,0.371,1.2759999999999998
0.6241,5.5971,10.3106,-3.612,0.27799999999999997,1.2089999999999999
0.6472,5.6432,10.4428,-3.431,0.27799999999999997,1.343
0.6934,5.6892,10.3106,-3.612,0.46399999999999997,1.2759999999999998
0.8321,5.7123,10.3106,-3.612,0.836,1.343
0.9246,5.7123,10.4428,-3.612,0.9289999999999999,1.343
0.8552,5.7123,10.3106,-3.702,0.7430000000000001,1.41
0.7628,5.6892,10.3106,-3.612,0.65,1.343
0.6472,5.6201,10.1784,-3.431,0.185,1.2759999999999998
0.5547,5.528,10.0462,-3.431,-0.092,1.343
0.6241,5.505,10.1784,-3.431,0.092,1.2759999999999998
0.6241,5.5971,10.1784,-3.5210000000000004,0.371,1.343
0.7397,5.6662,10.3106,-3.431,0.46399999999999997,1.41
0.8321,5.6201,10.1784,-3.702,0.65,1.2759999999999998
0.7859,5.4128,9.7818,-3.702,0.5569999999999999,1.2759999999999998
0.7859,5.4128,9.7818,-3.702,0.5569999999999999,1.2759999999999998
0.601,5.4128,9.6497,-3.431,0.27799999999999997,1.343
0.5085,5.3668,9.6497,-3.612,0.092,1.2759999999999998
0.4854,5.2977,9.5175,-3.5210000000000004,0.0,1.2759999999999998
0.5085,5.2286,9.3853,-3.341,0.0,1.2759999999999998
0.5316,5.0213,9.1209,-3.431,0.092,1.2089999999999999
0.4854,4.9752,9.1209,-3.341,0.092,1.141
0.4854,4.9752,9.1209,-3.341,0.092,1.141
0.5085,5.0673,9.2531,-3.341,0.0,1.141
0.601,5.1595,9.2531,-3.431,0.185,1.2089999999999999
0.6934,5.2055,9.3853,-3.5210000000000004,0.5569999999999999,1.2759999999999998
0.7859,4.9982,8.9887,-3.5210000000000004,0.5569999999999999,1.2089999999999999
0.7859,4.9982,8.9887,-3.5210000000000004,0.5569999999999999,1.2089999999999999
0.7397,4.837,8.8565,-3.341,0.371,1.2089999999999999
0.6934,4.7909,8.7243,-3.25,0.27799999999999997,1.2089999999999999
0.6241,4.7218,8.5922,-3.25,0.092,1.2759999999999998
0.4623,4.7679,8.7243,-3.25,-0.092,1.141
0.4623,4.7909,8.7243,-3.341,0.0,1.2089999999999999
0.4854,4.8831,8.8565,-3.431,0.092,1.2759999999999998
0.6472,4.9522,8.9887,-3.5210000000000004,0.371,1.2089999999999999
0.6472,4.9522,8.9887,-3.5210000000000004,0.371,1.2089999999999999
0.7397,4.9061,8.9887,-3.5210000000000004,0.46399999999999997,1.2759999999999998
0.8784,4.7218,8.5922,-3.431,0.7430000000000001,1.141
0.8552,4.6297,8.46,-3.431,0.7430000000000001,1.2089999999999999
0.7859,4.5836,8.3278,-3.25,0.46399999999999997,1.2759999999999998
0.601,4.6067,8.3278,-3.25,0.092,1.2759999999999998
0.3698,4.837,8.8565,-3.341,-0.27799999999999997,1.2089999999999999
0.3698,4.837,8.8565,-3.341,-0.27799999999999997,1.2089999999999999
0.4854,5.1825,9.3853,-3.431,0.092,1.343
0.7397,5.2516,9.5175,-3.702,0.7430000000000001,1.41
0.8321,5.2286,9.5175,-3.702,1.022,1.343
0.9015,5.2055,9.5175,-3.612,1.022,1.343
0.9015,5.2055,9.3853,-3.792,1.115,1.2759999999999998
0.8552,5.2286,9.5175,-3.702,0.9289999999999999,1.343
0.6241,5.2516,9.5175,-3.702,0.5569999999999999,1.2759999999999998
0.5779,5.2746,9.5175,-3.702,0.371,1.2759999999999998
0.6241,5.2977,9.6497,-3.792,0.46399999999999997,1.41
0.7859,5.3437,9.914,-3.792,0.9289999999999999,1.41
0.7859,5.3437,9.914,-3.792,0.9289999999999999,1.41
0.809,5.3898,9.914,-3.792,0.9289999999999999,1.343
0.6472,5.3207,9.6497,-3.702,0.5569999999999999,1.343
0.5779,5.2516,9.5175,-3.612,0.371,1.343
0.5316,5.2286,9.5175,-3.792,0.5569999999999999,1.2759999999999998
0.6472,5.3437,9.7818,-3.792,0.7430000000000001,1.2759999999999998
0.7397,5.4359,9.914,-3.8819999999999997,1.022,1.4769999999999999
0.8321,5.4819,10.0462,-4.063,1.115,1.4769999999999999
0.9477,5.4589,9.914,-3.973,1.393,1.41
1.0171,5.4128,9.914,-3.973,1.393,1.343
0.9477,5.505,10.1784,-3.8819999999999997,1.393,1.544
0.8552,5.5971,10.3106,-3.792,1.207,1.4769999999999999
0.7859,5.7123,10.4428,-3.973,1.207,1.4769999999999999
0.7628,5.8044,10.4428,-3.973,1.115,1.41
0.7397,5.8274,10.575,-3.973,1.115,1.41
0.7165,5.8044,10.575,-3.973,1.022,1.544
0.7397,5.7814,10.4428,-3.8819999999999997,1.022,1.4769999999999999
0.7165,5.7583,10.575,-3.8819999999999997,0.9289999999999999,1.544
0.6703,5.8274,10.575,-3.8819999999999997,1.022,1.4769999999999999
0.6703,5.8735,10.7072,-3.8819999999999997,0.7430000000000001,1.544
0.601,5.9426,10.7072,-3.973,0.7430000000000001,1.544
0.6241,5.8965,10.7072,-3.8819999999999997,0.7430000000000001,1.4769999999999999
0.7165,5.8965,10.7072,-3.973,1.022,1.343
0.7859,5.9196,10.7072,-3.792,1.115,1.41
0.8321,5.9887,10.8393,-3.8819999999999997,1.207,1.4769999999999999
0.809,6.0808,11.1037,-3.792,1.022,1.4769999999999999
0.7859,6.0578,11.1037,-3.792,1.022,1.4769999999999999
0.7628,5.9887,10.8393,-3.702,0.9289999999999999,1.41
0.7628,5.9426,10.575,-3.792,0.836,1.41
0.6934,5.8735,10.575,-3.702,0.7430000000000001,1.41
0.6472,5.8965,10.4428,-3.431,0.7430000000000001,1.41
0.5779,5.8735,10.4428,-3.612,0.65,1.41
0.5316,5.6662,10.0462,-3.612,0.5569999999999999,1.343
0.5316,5.6662,10.0462,-3.612,0.5569999999999999,1.343
0.809,5.6892,10.3106,-3.702,1.022,1.4769999999999999
0.7165,5.7123,10.0462,-3.702,0.9289999999999999,1.41
0.7165,5.5971,10.0462,-3.612,0.836,1.4769999999999999
0.7397,5.4819,9.7818,-3.612,0.836,1.4769999999999999
0.8321,5.3898,9.6497,-3.5210000000000004,1.115,1.343
0.8784,5.2746,9.3853,-3.5210000000000004,1.022,1.2759999999999998
0.7859,5.2977,9.3853,-3.5210000000000004,0.9289999999999999,1.343
0.6703,5.2977,9.3853,-3.5210000000000004,0.65,1.343
0.5316,5.2516,9.2531,-3.431,0.371,1.343
0.3929,5.1134,8.9887,-3.341,-0.092,1.2759999999999998
0.3698,5.0904,8.9887,-3.25,0.0,1.2759999999999998
0.416,5.0904,8.9887,-3.25,0.0,1.343
0.6241,4.9752,8.9887,-3.341,0.5569999999999999,1.2759999999999998
0.8321,5.0213,8.9887,-3.431,1.022,1.2089999999999999
0.8321,5.0213,8.9887,-3.431,1.022,1.2089999999999999
0.8552,5.1364,9.2531,-3.5210000000000004,1.022,1.41
0.8321,5.1825,9.2531,-3.5210000000000004,1.022,1.343
0.809,5.1825,9.2531,-3.612,0.9289999999999999,1.41
0.7628,5.0443,9.1209,-3.5210000000000004,0.7430000000000001,1.343
0.6934,5.0443,9.1209,-3.5210000000000004,0.65,1.2089999999999999
0.5779,5.0443,9.1209,-3.431,0.46399999999999997,1.2089999999999999
0.5085,5.0904,9.1209,-3.431,0.371,1.2759999999999998
0.5316,5.1134,9.1209,-3.341,0.371,1.2759999999999998
0.601,5.0443,8.9887,-3.431,0.46399999999999997,1.2089999999999999
0.7628,4.86,8.7243,-3.25,0.65,1.2089999999999999
0.8321,4.7909,8.7243,-3.341,0.836,1.2089999999999999
0.7859,4.814,8.5922,-3.341,0.836,1.2089999999999999
0.6472,4.9061,8.7243,-3.341,0.5569999999999999,1.2759999999999998
0.5547,4.9522,8.8565,-3.341,0.371,1.2759999999999998
0.6472,5.0673,8.9887,-3.341,0.5569999999999999,1.343
0.809,5.0443,9.1209,-3.341,0.9289999999999999,1.2759999999999998
0.9015,5.0443,9.2531,-3.431,1.207,1.2759999999999998
0.8784,5.0904,9.3853,-3.431,1.115,1.343
0.7859,5.0904,9.3853,-3.431,0.836,1.2759999999999998
0.6472,5.1595,9.2531,-3.431,0.65,1.2089999999999999
0.5547,5.1364,9.2531,-3.341,0.27799999999999997,1.2089999999999999
0.5085,5.1595,9.1209,-3.431,0.46399999999999997,1.2089999999999999
0.7165,5.1825,9.2531,-3.5210000000000004,0.7430000000000001,1.2759999999999998
0.8321,5.2055,9.3853,-3.5210000000000004,1.022,1.2759999999999998
0.8784,5.2746,9.5175,-3.612,1.3,1.343
0.6934,5.4359,9.7818,-3.431,0.7430000000000001,1.41
0.6934,5.4359,9.7818,-3.431,0.7430000000000001,1.41
0.6241,5.4359,9.7818,-3.612,0.7430000000000001,1.41
0.9708,5.2746,9.5175,-3.702,1.393,1.343
1.0864,5.2516,9.5175,-3.5210000000000004,1.672,1.343
1.1095,5.2516,9.6497,-3.5210000000000004,1.5790000000000002,1.343
1.0633,5.3437,9.7818,-3.5210000000000004,1.5790000000000002,1.343
0.7628,5.4819,10.0462,-3.5210000000000004,1.115,1.4769999999999999
0.7628,5.4819,10.0462,-3.5210000000000004,1.115,1.4769999999999999
0.6241,5.528,10.1784,-3.612,0.65,1.41
0.6472,5.551,10.1784,-3.5210000000000004,0.836,1.41
0.6703,5.5971,10.3106,-3.702,0.836,1.343
0.601,5.6662,10.1784,-3.5210000000000004,0.65,1.41
0.5316,5.6432,10.1784,-3.5210000000000004,0.5569999999999999,1.4769999999999999
0.4854,5.4819,9.914,-3.431,0.46399999999999997,1.343
0.5547,5.4359,9.914,-3.5210000000000004,0.65,1.343
0.7165,5.4589,9.7818,-3.5210000000000004,0.9289999999999999,1.343
0.8784,5.4819,10.0462,-3.431,1.115,1.41
0.8552,5.4819,10.0462,-3.612,1.207,1.41
0.7859,5.4359,9.7818,-3.612,1.022,1.41
0.7397,5.3437,9.6497,-3.431,0.836,1.41
0.6934,5.2516,9.5175,-3.431,0.65,1.343
0.6472,5.2516,9.3853,-3.431,0.65,1.343
0.6241,5.2286,9.2531,-3.431,0.5569999999999999,1.2759999999999998
0.6472,5.1134,8.9887,-3.431,0.7430000000000001,1.343
0.6934,5.0213,8.9887,-3.431,0.65,1.2759999999999998
0.6934,4.837,8.8565,-3.25,0.5569999999999999,1.2759999999999998
0.6934,4.837,8.8565,-3.25,0.5569999999999999,1.2759999999999998
0.5316,4.9752,8.9887,-3.25,0.46399999999999997,1.2089999999999999
0.601,5.0673,8.9887,-3.341,0.5569999999999999,1.2089999999999999
0.601,5.0673,8.9887,-3.341,0.5569999999999999,1.2089999999999999
0.8321,4.8831,8.7243,-3.25,0.9289999999999999,1.2759999999999998
0.7397,4.7679,8.5922,-3.341,0.7430000000000001,1.2089999999999999
0.601,4.7449,8.5922,-3.16,0.27799999999999997,1.2759999999999998
0.4392,4.86,8.8565,-3.07,0.185,1.141
0.601,4.9982,8.9887,-3.341,0.65,1.2089999999999999
0.8321,5.0673,9.2531,-3.25,1.115,1.2759999999999998
0.9015,5.1134,9.3853,-3.341,1.3,1.343
0.7859,5.1364,9.2531,-3.431,1.022,1.343
0.6703,5.1825,9.3853,-3.341,0.65,1.4769999999999999
0.6703,5.2516,9.3853,-3.5210000000000004,0.9289999999999999,1.2759999999999998
0.7165,5.2286,9.3853,-3.431,0.9289999999999999,1.2089999999999999
0.9015,5.1825,9.2531,-3.431,1.207,1.343
0.5547,5.2055,9.3853,-3.341,0.371,1.2089999999999999
0.3929,5.2746,9.914,-3.25,0.185,1.2759999999999998
0.3929,5.2746,9.914,-3.25,0.185,1.2759999999999998
0.6472,5.6432,10.4428,-3.5210000000000004,0.9289999999999999,1.2759999999999998
0.8321,5.7353,10.575,-3.5210000000000004,1.393,1.4769999999999999
0.9708,5.8274,10.7072,-3.5210000000000004,1.4860000000000002,1.41
0.9708,5.8505,10.7072,-3.5210000000000004,1.5790000000000002,1.4769999999999999
0.8784,5.8965,10.7072,-3.612,1.393,1.544
0.7628,5.9196,10.8393,-3.431,1.022,1.4769999999999999
0.6934,5.9656,10.7072,-3.431,0.9289999999999999,1.4769999999999999
0.7397,5.9656,10.8393,-3.5210000000000004,1.115,1.4769999999999999
0.9015,5.9656,10.9715,-3.5210000000000004,1.393,1.4769999999999999
1.1789,6.1038,11.3681,-3.5210000000000004,1.765,1.612
1.1789,6.1038,11.3681,-3.5210000000000004,1.765,1.612
0.8552,6.196,11.3681,-3.612,1.3,1.544
0.9015,6.1499,11.2359,-3.612,1.3,1.41
0.8321,6.1729,11.2359,-3.612,1.207,1.544
0.6934,6.1038,11.1037,-3.5210000000000004,0.836,1.4769999999999999
0.7397,5.9887,10.7072,-3.431,0.9289999999999999,1.343
0.7397,5.9887,10.7072,-3.431,0.9289999999999999,1.343
0.8784,5.8965,10.575,-3.25,1.3,1.4769999999999999
0.7397,5.528,10.0462,-3.431,0.836,1.4769999999999999
0.6703,5.4359,9.914,-3.341,0.65,1.343
0.7165,5.3437,10.3106,-2.7089999999999996,0.7430000000000001,1.41
0.7859,5.9196,10.8393,-3.25,1.115,1.4769999999999999
0.7397,5.9196,10.8393,-3.431,1.022,1.343
0.7165,5.8505,10.575,-3.341,0.9289999999999999,1.41
0.8321,5.7123,10.4428,-3.5210000000000004,1.115,1.4769999999999999
0.8552,5.7583,10.3106,-3.5210000000000004,1.207,1.544
0.6703,5.9656,10.8393,-3.341,0.9289999999999999,1.4769999999999999
0.601,6.0347,10.8393,-3.431,0.9289999999999999,1.41
0.6934,5.9656,10.7072,-3.431,0.836,1.343
0.809,5.8274,10.4428,-3.5210000000000004,1.207,1.4769999999999999
0.9246,5.7583,10.3106,-3.612,1.393,1.41
0.9015,5.8505,10.575,-3.431,1.207,1.544
0.7628,5.9656,10.8393,-3.341,1.022,1.4769999999999999
0.7165,6.0347,10.9715,-3.5210000000000004,0.836,1.612
0.8321,5.9426,10.8393,-3.5210000000000004,1.207,1.4769999999999999
0.8321,5.8735,10.4428,-3.431,1.115,1.4769999999999999
0.6934,5.9196,10.7072,-3.431,0.836,1.4769999999999999
0.6703,5.8274,10.4428,-3.25,0.836,1.4769999999999999
0.7165,5.6432,10.0462,-3.5210000000000004,0.9289999999999999,1.41
0.7165,5.6432,10.0462,-3.5210000000000004,0.9289999999999999,1.41
0.7397,4.7679,8.5922,-3.16,0.46399999999999997,1.2759999999999998
0.7165,4.6527,8.5922,-2.979,0.46399999999999997,1.2759999999999998
0.7628,4.6067,8.9887,-2.618,0.5569999999999999,1.2759999999999998
0.8321,4.5606,9.3853,-2.347,0.7430000000000001,1.141
0.8784,4.9752,9.5175,-2.799,1.022,1.343
0.8784,5.1364,9.3853,-3.16,0.9289999999999999,1.343
0.9015,5.0213,8.9887,-3.25,1.022,1.2759999999999998
0.9015,4.9982,9.1209,-3.25,0.9289999999999999,1.2759999999999998
0.7859,5.2746,9.5175,-3.341,0.9289999999999999,1.343
0.7859,5.2746,9.5175,-3.341,0.9289999999999999,1.343
0.6703,5.505,9.914,-3.431,0.65,1.343
0.7165,5.4128,9.6497,-3.431,0.836,1.41
0.809,5.2516,9.5175,-3.431,0.9289999999999999,1.2759999999999998
0.8552,5.2055,9.3853,-3.431,1.022,1.343
0.7628,5.4359,9.914,-3.431,0.836,1.41
0.6934,5.6432,10.3106,-3.431,0.65,1.41
0.6934,5.7814,10.4428,-3.341,0.7430000000000001,1.41
0.7397,5.8044,10.4428,-3.5210000000000004,0.836,1.41
0.9477,5.7123,10.3106,-3.612,1.207,1.41
0.9246,5.6892,10.3106,-3.612,1.207,1.41
0.8784,5.7583,10.3106,-3.612,1.207,1.41
0.8552,5.8274,10.575,-3.5210000000000004,1.022,1.4769999999999999
0.7859,5.8735,10.7072,-3.431,1.115,1.41
0.8321,5.7123,10.3106,-3.612,1.115,1.41
0.7859,5.528,9.914,-3.431,0.9289999999999999,1.343
0.7628,5.3898,9.6497,-3.341,0.836,1.41
0.7165,5.3437,9.5175,-3.341,0.65,1.343
0.7165,5.2977,9.5175,-3.341,0.65,1.343
0.7628,5.0443,9.1209,-3.16,0.65,1.2759999999999998
0.6472,5.0213,9.1209,-3.16,0.65,1.2089999999999999
0.7165,5.2516,9.5175,-3.16,0.65,1.2759999999999998
0.7628,5.3207,9.6497,-3.25,0.836,1.343
0.7859,5.3437,9.6497,-3.341,1.022,1.2759999999999998
0.8784,5.2286,9.2531,-3.25,1.022,1.343
0.8784,5.2286,9.2531,-3.25,1.022,1.343
0.7397,5.1825,9.1209,-3.25,0.7430000000000001,1.343
0.6472,5.1825,9.1209,-3.341,0.5569999999999999,1.41
0.5779,5.2516,9.1209,-3.341,0.5569999999999999,1.41
0.6241,5.2977,9.3853,-3.25,0.5569999999999999,1.41
0.809,5.4359,9.6497,-3.341,1.022,1.343
0.8552,5.4359,9.7818,-3.25,0.9289999999999999,1.343
0.8552,5.4819,9.7818,-3.341,1.115,1.343
0.8552,5.3898,9.7818,-3.25,0.9289999999999999,1.41
0.809,5.3898,9.6497,-3.341,1.022,1.343
0.7628,5.3668,9.5175,-3.341,0.836,1.343
0.7397,5.3668,9.6497,-3.25,0.7430000000000001,1.343
0.7397,5.3668,9.6497,-3.25,0.7430000000000001,1.343
0.7628,5.3668,9.7818,-3.25,0.836,1.2759999999999998
0.809,5.4589,9.7818,-3.25,0.9289999999999999,1.343
0.9015,5.505,9.914,-3.25,1.115,1.343
0.8552,5.3437,9.3853,-3.25,1.022,1.2759999999999998
0.8321,5.2516,9.2531,-3.25,0.9289999999999999,1.2759999999999998
0.7859,5.2055,9.1209,-3.25,0.9289999999999999,1.2759999999999998
0.7628,5.1825,9.1209,-3.07,0.836,1.2759999999999998
0.7628,5.2286,9.2531,-3.16,0.65,1.2759999999999998
0.7628,5.2746,9.3853,-3.07,0.836,1.343
0.809,5.2977,9.3853,-3.25,1.022,1.2759999999999998
0.8784,5.2977,9.3853,-3.07,1.022,1.343
0.8552,5.2746,9.3853,-3.16,1.022,1.2089999999999999
0.8552,5.2746,9.3853,-3.16,1.022,1.2089999999999999
0.7397,5.3207,9.5175,-3.25,0.7430000000000001,1.2759999999999998
0.7397,5.3437,9.3853,-3.16,0.836,1.41
0.7628,5.3437,9.5175,-3.25,0.836,1.343
0.8552,5.3898,9.6497,-3.25,1.207,1.2759999999999998
0.9246,5.4589,9.7818,-3.25,1.207,1.343
0.9477,5.505,9.914,-3.25,1.207,1.41
0.8784,5.6201,10.1784,-3.25,1.207,1.4769999999999999
0.8784,5.6892,10.1784,-3.25,1.207,1.343
0.8784,5.6892,10.3106,-3.431,1.115,1.343
0.8552,5.7353,10.3106,-3.341,1.115,1.41
0.8321,5.8044,10.4428,-3.341,1.022,1.41
0.8321,5.8044,10.4428,-3.341,1.022,1.41
0.8552,5.7583,10.1784,-3.431,1.207,1.4769999999999999
0.7628,5.6432,10.1784,-3.341,1.022,1.41
0.7165,5.6662,10.1784,-3.341,0.7430000000000001,1.2089999999999999
0.7165,5.7123,10.1784,-3.341,0.836,1.343
0.7628,5.8274,10.4428,-3.25,1.022,1.343
0.7628,5.8274,10.3106,-3.16,1.022,1.343
0.7628,5.7353,10.1784,-3.431,1.022,1.343
0.7397,5.6201,9.914,-3.431,0.9289999999999999,1.41
0.7859,5.4819,9.6497,-3.25,0.9289999999999999,1.41
0.7628,5.3668,9.5175,-3.25,0.836,1.41
0.7165,5.4128,9.6497,-3.25,0.836,1.41
0.7165,5.505,9.914,-3.25,0.7430000000000001,1.343
0.7165,5.5741,10.0462,-3.25,0.7430000000000001,1.343
0.7397,5.5971,9.914,-3.25,0.9289999999999999,1.41
0.7628,5.505,9.7818,-3.25,0.836,1.41
0.7628,5.3668,9.5175,-3.25,0.836,1.343
0.7397,5.2746,9.2531,-3.07,0.65,1.343
0.6703,5.1825,9.1209,-3.16,0.5569999999999999,1.2089999999999999
0.6703,5.1825,9.2531,-3.07,0.46399999999999997,1.2089999999999999
0.6703,5.1825,9.1209,-3.07,0.5569999999999999,1.2759999999999998
0.6703,5.1825,9.1209,-3.07,0.5569999999999999,1.2759999999999998
0.6934,5.1134,8.8565,-3.16,0.46399999999999997,1.343
0.7859,4.9752,8.8565,-3.16,0.7430000000000001,1.2089999999999999
0.8784,4.9291,8.7243,-3.25,0.9289999999999999,1.141
0.8784,4.86,8.5922,-3.16,1.022,1.141
0.809,4.814,8.5922,-3.16,0.836,1.141
0.6472,4.7449,8.46,-2.889,0.27799999999999997,1.141
0.5779,4.5606,8.0634,-2.799,0.185,1.141
0.809,4.4915,8.1956,-2.889,0.65,1.0739999999999998
0.9708,4.4224,8.0634,-2.889,0.9289999999999999,1.141
0.9477,4.4454,8.1956,-2.889,1.022,1.0739999999999998
0.7165,4.5376,8.1956,-2.799,0.371,1.2089999999999999
0.6472,4.5376,8.1956,-2.799,0.27799999999999997,1.141
0.6934,4.4685,8.1956,-2.889,0.371,1.2089999999999999
0.8552,4.2612,7.6668,-2.799,0.7430000000000001,1.007
0.809,4.2381,7.6668,-2.889,0.5569999999999999,1.0739999999999998
0.6703,4.3303,7.9312,-2.7089999999999996,0.185,1.0739999999999998
0.6472,4.6297,8.46,-2.889,0.371,1.141
0.6472,4.6297,8.46,-2.889,0.371,1.141
0.809,4.7679,8.5922,-3.16,0.836,1.2089999999999999
0.9708,4.6988,8.46,-2.979,1.022,1.141
0.9708,4.6988,8.46,-2.979,1.022,1.141
0.9708,4.6758,8.46,-2.889,1.022,1.141
0.8552,4.6988,8.46,-3.07,0.7430000000000001,1.2089999999999999
0.6934,4.9291,8.9887,-2.979,0.46399999999999997,1.2089999999999999
0.6703,5.0673,9.2531,-3.07,0.65,1.2089999999999999
0.7397,5.2286,9.2531,-3.07,0.65,1.2759999999999998
0.9015,5.3898,9.6497,-3.25,1.207,1.2089999999999999
0.9477,5.3898,9.6497,-3.25,1.115,1.343
0.7397,5.0904,9.1209,-3.25,0.65,1.41
0.7859,5.1364,8.8565,-3.16,0.836,1.2759999999999998
0.8321,5.0213,8.8565,-3.07,0.7430000000000001,1.2089999999999999
0.7628,4.6758,8.3278,-2.889,0.65,1.141
0.7628,4.3533,8.3278,-2.618,0.5569999999999999,1.141
0.809,3.8005,8.46,-1.535,0.371,0.94
0.8784,3.3398,8.8565,-0.27,0.46399999999999997,1.0739999999999998
0.9246,3.455,9.1209,-0.27,0.5569999999999999,1.0739999999999998
0.9015,3.8696,9.3853,-0.8119999999999999,0.65,1.007
0.809,5.1825,9.2531,-3.07,1.022,1.343
0.9015,5.2516,9.3853,-3.16,1.115,1.41
0.8321,5.3207,9.3853,-3.25,0.9289999999999999,1.41
0.6241,5.3207,9.3853,-3.25,0.46399999999999997,1.2759999999999998
0.6472,5.2746,9.1209,-3.341,0.65,1.141
0.7165,5.1364,8.8565,-3.341,0.65,1.2089999999999999
0.8552,4.86,8.5922,-3.25,0.7430000000000001,1.0739999999999998
0.809,4.7679,8.46,-3.16,0.7430000000000001,1.2089999999999999
0.6934,4.7679,8.3278,-2.979,0.46399999999999997,1.2089999999999999
0.6241,4.5836,8.0634,-2.889,0.27799999999999997,1.2089999999999999
0.6703,4.4224,7.9312,-2.799,0.27799999999999997,1.2089999999999999
0.6703,4.4224,7.9312,-2.799,0.27799999999999997,1.0739999999999998
0.6703,4.4224,7.9312,-2.799,0.27799999999999997,1.0739999999999998
0.7859,4.4454,8.0634,-2.889,0.65,1.141
0.809,4.2381,7.6668,-2.7089999999999996,0.46399999999999997,1.0739999999999998
0.7397,4.169,7.5346,-2.618,0.371,1.141
0.6703,4.2151,7.6668,-2.618,0.371,1.0739999999999998
0.6241,4.3072,7.6668,-2.7089999999999996,0.185,1.141
0.601,4.4224,7.9312,-2.799,0.185,1.0739999999999998
0.7165,4.3994,7.9312,-2.7089999999999996,0.371,1.007
0.7628,4.3072,7.799,-2.799,0.46399999999999997,1.0739999999999998
0.8321,4.2612,7.6668,-2.799,0.65,1.0739999999999998
0.809,4.146,7.4025,-2.7089999999999996,0.5569999999999999,1.0739999999999998
0.7859,4.0769,7.4025,-2.7089999999999996,0.5569999999999999,1.0739999999999998
0.7397,4.0308,7.2703,-2.7089999999999996,0.371,1.0739999999999998
0.6934,4.1229,7.4025,-2.7089999999999996,0.27799999999999997,1.0739999999999998
0.7165,4.192,7.5346,-2.799,0.46399999999999997,1.141
0.7165,4.2612,7.6668,-2.7089999999999996,0.46399999999999997,1.141
0.7397,4.3303,7.799,-2.889,0.371,1.0739999999999998
0.7397,4.3303,7.9312,-2.799,0.5569999999999999,1.0739999999999998
0.7628,4.3533,7.9312,-2.799,0.5569999999999999,1.007
0.809,4.3763,7.9312,-2.889,0.5569999999999999,1.0739999999999998
0.7859,4.4224,8.0634,-2.889,0.5569999999999999,1.007
0.7165,4.4915,8.0634,-2.889,0.46399999999999997,1.007
0.601,4.5376,8.0634,-2.799,0.27799999999999997,1.0739999999999998
0.5547,4.5606,8.1956,-2.799,0.0,1.141
0.6934,4.5836,8.3278,-2.889,0.46399999999999997,1.141
1.0402,4.5376,8.1956,-2.889,1.115,1.2089999999999999
0.9246,4.5606,8.0634,-2.979,0.836,1.0739999999999998
0.6703,4.5836,8.46,-2.889,0.27799999999999997,1.2089999999999999
0.4392,4.6527,8.5922,-2.799,-0.185,1.2089999999999999
0.416,4.814,8.8565,-2.799,-0.092,1.141
1.1326,5.1364,9.5175,-3.07,1.672,1.0739999999999998
1.3407,5.1825,9.7818,-3.07,1.951,1.2759999999999998
1.1558,5.3437,9.7818,-3.07,1.672,1.343
1.1558,5.3437,9.7818,-3.07,1.672,1.343
0.3467,5.4819,10.1784,-2.799,-0.185,1.343
0.3005,5.5971,10.3106,-2.889,-0.092,1.343
0.601,5.6892,10.3106,-2.979,0.5569999999999999,1.343
1.0402,5.7353,10.575,-3.25,1.672,1.41
1.3176,5.7814,10.7072,-3.16,2.137,1.41
1.2251,5.8044,10.7072,-3.25,1.765,1.4769999999999999
0.7859,5.8505,10.575,-3.16,1.022,1.4769999999999999
0.1618,5.7353,10.7072,-2.799,-0.46399999999999997,1.41
0.1618,5.7353,10.7072,-2.799,-0.46399999999999997,1.41
0.9708,5.7814,10.575,-3.25,1.4860000000000002,1.343
0.9708,5.7814,10.575,-3.25,1.4860000000000002,1.343
1.2713,5.6432,10.4428,-3.25,2.044,1.41
0.8552,5.4589,9.7818,-3.25,0.9289999999999999,1.2759999999999998
0.5547,5.2977,9.6497,-3.16,0.27799999999999997,1.2089999999999999
0.4392,5.2286,9.6497,-3.07,0.0,1.2759999999999998
0.5316,5.2516,9.6497,-3.16,0.185,1.2089999999999999
0.9708,5.3437,9.5175,-3.07,1.207,1.2089999999999999
0.9015,5.2977,9.3853,-3.16,1.022,1.2759999999999998
0.7397,5.2055,9.2531,-2.979,0.65,1.2759999999999998
0.6241,5.1364,9.1209,-3.07,0.46399999999999997,1.0739999999999998
0.601,5.0213,9.1209,-2.979,0.46399999999999997,1.141
0.6472,4.86,8.7243,-3.07,0.27799999999999997,1.2089999999999999
0.6472,4.5836,8.1956,-2.979,0.185,1.2089999999999999
0.6472,4.3763,8.0634,-2.889,0.185,1.2089999999999999
0.6703,4.3072,7.9312,-2.799,0.185,1.2089999999999999
0.7628,4.2842,8.0634,-2.7089999999999996,0.46399999999999997,1.0739999999999998
0.809,4.5376,8.3278,-2.799,0.7430000000000001,1.141
0.8321,4.6758,8.5922,-2.979,0.836,1.0739999999999998
0.6241,4.6758,8.46,-2.979,0.371,1.2089999999999999
0.6934,4.6297,8.46,-3.07,0.46399999999999997,1.141
0.7859,4.6758,8.46,-3.07,0.65,1.2089999999999999
0.8552,4.837,8.7243,-3.07,0.9289999999999999,1.2759999999999998
0.8552,5.2286,9.2531,-3.07,0.9289999999999999,1.2089999999999999
0.8784,5.2977,9.5175,-3.25,1.115,1.343
1.0864,5.2746,9.5175,-3.07,1.4860000000000002,1.2089999999999999
1.0864,5.3437,9.7818,-3.07,1.393,1.2089999999999999
0.809,5.528,9.914,-3.25,0.9289999999999999,1.41
0.7859,5.4819,9.7818,-3.25,0.9289999999999999,1.2759999999999998
0.809,5.3898,9.5175,-3.25,0.9289999999999999,1.2759999999999998
1.0171,5.3437,9.6497,-3.25,1.393,1.343
0.9708,5.4589,9.7818,-3.341,1.4860000000000002,1.41
0.7859,5.551,9.914,-3.431,0.9289999999999999,1.343
0.7859,5.551,9.914,-3.431,0.9289999999999999,1.343
0.6934,5.4589,9.7818,-3.25,0.7430000000000001,1.2759999999999998
0.7859,5.4589,9.7818,-3.25,0.836,1.2759999999999998
0.8321,5.4819,9.7818,-3.25,0.9289999999999999,1.2759999999999998
0.8321,5.5741,9.914,-3.341,1.115,1.41
0.8321,5.6432,10.0462,-3.341,1.022,1.41
0.8321,5.6432,10.1784,-3.431,1.022,1.343
0.8321,5.6201,10.0462,-3.431,1.022,1.41
0.8321,5.5741,9.914,-3.341,1.022,1.41
0.8552,5.5741,9.914,-3.341,1.022,1.41
0.8321,5.6201,10.1784,-3.341,0.9289999999999999,1.343
0.809,5.7814,10.3106,-3.25,1.022,1.41
0.8552,5.9196,10.575,-3.25,1.022,1.343
0.8784,5.9887,10.7072,-3.25,1.115,1.41
0.9015,5.9887,10.7072,-3.16,1.207,1.41
0.9477,5.8735,10.4428,-3.25,1.115,1.544
0.8321,5.7123,10.1784,-3.341,1.115,1.343
0.7397,5.7123,10.0462,-3.341,0.9289999999999999,1.2759999999999998
0.6934,5.6432,10.0462,-3.341,0.7430000000000001,1.343
0.7397,5.6432,10.0462,-3.341,0.7430000000000001,1.2759999999999998
0.7397,5.528,9.914,-3.25,0.7430000000000001,1.343
0.7397,5.528,9.914,-3.25,0.7430000000000001,1.343
0.7859,5.2286,9.2531,-3.16,0.5569999999999999,1.2759999999999998
0.7165,5.2055,9.1209,-3.07,0.5569999999999999,1.2759999999999998
0.7397,5.2055,9.2531,-3.07,0.46399999999999997,1.343
0.6703,5.2516,9.1209,-3.16,0.46399999999999997,1.2759999999999998
0.7165,5.2055,9.2531,-3.07,0.46399999999999997,1.2759999999999998
0.6934,5.1595,8.9887,-3.07,0.5569999999999999,1.343
0.7397,5.0213,8.9887,-3.07,0.5569999999999999,1.2089999999999999
0.7397,4.9291,8.8565,-3.07,0.65,1.141
0.7397,4.814,8.7243,-3.07,0.46399999999999997,1.141
0.7397,4.7449,8.5922,-2.979,0.371,1.141
0.7165,4.6988,8.46,-2.889,0.371,1.141
0.7165,4.6297,8.3278,-2.979,0.371,1.2089999999999999
0.7397,4.5836,8.1956,-2.799,0.371,1.141
0.7859,4.5376,8.0634,-2.889,0.5569999999999999,1.141
0.6241,4.6297,8.3278,-2.889,0.27799999999999997,1.141
0.5316,4.6988,8.3278,-2.7089999999999996,0.092,1.2089999999999999
0.5547,4.7449,8.46,-2.889,0.185,1.141
0.9246,4.5606,8.0634,-2.889,0.7430000000000001,1.141
0.8552,4.4454,8.1956,-2.889,0.65,1.0739999999999998
0.6703,4.3994,7.9312,-2.7089999999999996,0.27799999999999997,1.007
0.3698,4.3072,8.0634,-2.5280000000000005,-0.371,1.0739999999999998
0.3698,4.3072,8.0634,-2.5280000000000005,-0.371,1.0739999999999998
0.9708,4.5145,8.46,-2.799,1.022,1.2089999999999999
1.2251,4.6758,8.5922,-2.799,1.5790000000000002,1.2089999999999999
1.1558,4.86,8.8565,-2.799,1.5790000000000002,1.2759999999999998
0.3236,5.0213,9.2531,-2.7089999999999996,-0.27799999999999997,1.2089999999999999
0.208,4.9982,9.1209,-2.618,-0.65,1.2089999999999999
0.5316,5.0213,9.1209,-2.799,0.27799999999999997,1.0739999999999998
1.0402,4.8831,8.8565,-2.979,1.3,1.141
1.0402,4.6527,8.3278,-2.799,1.115,1.141
0.6934,4.6067,8.3278,-2.799,0.185,1.141
0.4392,4.5836,8.46,-2.5280000000000005,-0.185,1.141
0.6703,4.6758,8.46,-2.799,0.371,1.2759999999999998
0.9708,4.6758,8.46,-2.889,1.022,1.141
1.0171,4.5836,8.1956,-2.889,1.115,1.141
0.8552,4.4685,7.9312,-2.979,0.65,1.141
0.6241,4.3303,7.799,-2.618,0.185,1.007
0.6241,4.2612,7.6668,-2.7089999999999996,0.0,1.141
0.7397,4.2381,7.6668,-2.7089999999999996,0.27799999999999997,1.141
0.7628,4.2612,7.6668,-2.7089999999999996,0.27799999999999997,1.141
0.6703,4.2612,7.6668,-2.7089999999999996,0.185,1.2089999999999999
0.6241,4.2381,7.5346,-2.799,0.0,1.0739999999999998
0.6241,4.1229,7.4025,-2.7089999999999996,0.185,1.0739999999999998
0.6703,3.9156,7.1381,-2.618,0.27799999999999997,1.0739999999999998
0.7165,3.5932,7.1381,-2.076,0.27799999999999997,1.007
0.6934,3.5932,7.2703,-2.076,0.092,1.007
0.6703,3.6853,7.4025,-1.986,0.092,1.007
0.6934,3.8235,7.6668,-2.076,0.092,1.007
0.7859,4.169,7.6668,-2.7089999999999996,0.371,1.0739999999999998
0.7859,4.2151,7.799,-2.7089999999999996,0.46399999999999997,1.0739999999999998
0.7859,4.2151,7.799,-2.7089999999999996,0.46399999999999997,1.0739999999999998
0.809,4.0538,8.1956,-2.076,0.5569999999999999,1.007
0.8784,3.9617,8.5922,-1.535,0.46399999999999997,1.007
0.9015,4.192,8.9887,-1.806,0.65,1.141
0.8784,4.7218,9.1209,-2.618,0.836,1.2759999999999998
0.9015,4.9061,8.9887,-2.979,0.836,1.2759999999999998
0.9015,4.86,8.7243,-3.25,1.022,1.2759999999999998
0.9015,4.86,8.7243,-3.25,1.022,1.2759999999999998
0.8552,4.6988,8.3278,-3.16,0.7430000000000001,1.141
0.8552,3.4089,8.1956,-0.8119999999999999,0.185,1.0739999999999998
0.8552,3.3859,8.3278,-0.6320000000000001,0.27799999999999997,1.0739999999999998
0.8321,3.7083,8.46,-1.2640000000000002,0.371,1.0739999999999998
0.7859,3.9847,8.1956,-1.806,0.371,1.0739999999999998
0.7165,4.0078,8.1956,-1.806,0.27799999999999997,1.007
0.8552,3.4089,8.5922,-0.451,0.371,1.0739999999999998
0.9246,3.2707,8.8565,-0.18,0.371,1.0739999999999998
0.9246,3.2707,8.8565,-0.18,0.371,1.0739999999999998
0.8321,3.1786,8.7243,-0.09,0.092,1.007
0.8784,3.478,8.3278,-0.903,0.46399999999999997,1.007
0.9015,3.6392,8.1956,-1.444,0.5569999999999999,1.141
0.9015,3.6392,8.1956,-1.444,0.5569999999999999,1.141
0.7859,3.0634,8.1956,-0.27,0.0,1.007
0.7397,2.9022,8.1956,0.18,-0.092,0.94
0.6472,2.8561,8.3278,0.361,-0.27799999999999997,0.873
0.6472,2.8561,8.1956,0.27,-0.27799999999999997,0.873
0.6934,2.9482,8.1956,-0.18,-0.185,0.94
0.809,3.0404,8.1956,-0.361,0.185,1.007
0.9477,2.4415,8.46,0.903,0.27799999999999997,0.806
0.9246,2.3494,8.7243,1.3539999999999999,0.27799999999999997,0.738
0.9246,2.3724,8.7243,1.2640000000000002,0.092,0.806
0.8552,2.3954,8.5922,0.993,0.185,0.806
0.8552,2.2803,8.7243,1.3539999999999999,0.0,0.738
0.8784,2.073,8.7243,1.715,0.0,0.604
0.9246,1.8196,8.7243,2.257,0.0,0.604
0.9015,1.4971,8.46,2.4379999999999997,0.0,0.5369999999999999
0.9477,1.4971,8.46,2.5280000000000005,0.092,0.5369999999999999
0.9015,1.4511,8.46,2.7089999999999996,-0.185,0.604
0.809,1.3359,8.46,2.7089999999999996,-0.46399999999999997,0.604
0.7165,1.2438,8.1956,2.618,-0.46399999999999997,0.5369999999999999
0.7628,1.1977,8.1956,2.618,-0.371,0.5369999999999999
0.8552,1.0365,8.0634,2.979,-0.27799999999999997,0.5369999999999999
0.8552,0.7831,8.46,3.702,-0.46399999999999997,0.335
0.7397,1.0825,8.3278,3.07,-0.46399999999999997,0.47
0.7397,1.3589,8.1956,2.4379999999999997,-0.46399999999999997,0.604
0.7859,1.3359,7.9312,2.076,-0.27799999999999997,0.671
0.809,0.7601,7.6668,2.979,-0.371,0.47
0.809,0.7601,7.6668,2.979,-0.371,0.47
0.7628,0.4606,7.6668,3.5210000000000004,-0.5569999999999999,0.335
0.7859,0.5988,7.799,3.431,-0.46399999999999997,0.403
0.9939,0.8752,8.0634,2.799,0.092,0.5369999999999999
1.0864,0.8752,8.3278,3.07,0.185,0.5369999999999999
0.9477,0.5988,8.1956,3.702,-0.185,0.403
0.5779,0.0691,8.46,4.785,-1.207,0.134
0.601,-0.1151,8.1956,4.8759999999999994,-1.115,0.067
0.7165,-0.0691,7.9312,4.605,-0.9289999999999999,0.134
0.9246,-0.1612,7.799,4.424,-0.27799999999999997,0.201
0.8321,-0.3455,7.9312,4.8759999999999994,-0.5569999999999999,0.268
0.6472,-0.4606,7.9312,5.237,-1.207,0.268
0.6472,-0.5067,7.9312,5.237,-1.207,0.134
0.9246,-0.4146,7.799,4.605,-0.371,0.134
0.9708,-0.3224,7.5346,4.244,-0.27799999999999997,0.134
0.9246,-0.4376,7.4025,4.424,-0.46399999999999997,0.067
0.7859,-1.1516,7.5346,6.05,-0.836,-0.268
0.7859,-1.1516,7.5346,6.05,-0.836,-0.268
0.8784,-0.9674,7.9312,5.869,-0.5569999999999999,-0.067
0.809,-0.2764,7.799,4.244,-0.5569999999999999,0.335
0.7628,-0.2994,7.5346,4.1530000000000005,-0.7430000000000001,0.268
0.809,-0.7601,7.4025,4.8759999999999994,-0.65,0.134
0.8552,-1.2898,7.2703,5.869,-0.9289999999999999,0.067
0.8784,-1.6353,7.4025,6.321,-0.9289999999999999,-0.134
0.8784,-1.7966,7.4025,6.501,-1.022,-0.134
0.809,-1.4741,7.2703,6.05,-0.9289999999999999,-0.0
0.809,-1.2668,7.4025,5.598,-0.836,-0.0
0.8784,-1.405,7.4025,6.14,-0.7430000000000001,-0.067
0.9246,-1.7505,7.5346,6.5920000000000005,-0.7430000000000001,-0.201
0.7628,-2.2572,7.4025,7.404,-1.207,-0.268
0.7628,-2.4645,7.2703,7.404,-1.3,-0.403
0.8321,-2.5797,7.2703,7.495000000000001,-1.207,-0.47
0.9015,-2.5336,7.1381,7.314,-0.9289999999999999,-0.47
0.9246,-2.4876,7.1381,7.314,-1.022,-0.403
0.9246,-2.4876,7.1381,7.314,-1.022,-0.403
0.7165,-2.4415,7.0059,7.133000000000001,-1.393,-0.47
0.7397,-2.5106,7.0059,7.224,-1.3,-0.335
0.809,-2.7409,7.1381,7.584999999999999,-1.115,-0.47
0.8321,-2.8561,7.4025,7.765,-1.115,-0.403
0.7859,-2.8791,7.5346,8.036,-1.207,-0.47
0.7628,-2.8791,7.799,8.036,-1.207,-0.5369999999999999
0.8552,-2.7409,7.9312,7.946,-1.022,-0.403
0.9708,-2.6258,8.0634,7.856,-0.65,-0.268
0.8784,-3.1325,8.46,8.668,-0.9289999999999999,-0.5369999999999999
0.9708,-3.3168,8.1956,9.030000000000001,-0.7430000000000001,-0.5369999999999999
1.0633,-3.5932,8.3278,9.481,-0.5569999999999999,-0.671
1.1789,-3.8926,8.7243,10.204,-0.371,-0.806
1.0402,-3.8005,9.5175,10.474,-0.65,-0.738
1.0402,-3.8005,9.5175,10.474,-0.65,-0.738
0.9246,-3.5241,9.5175,10.113000000000001,-0.9289999999999999,-0.5369999999999999
1.0402,-3.4319,9.3853,9.571,-0.5569999999999999,-0.604
1.0633,-3.6623,9.1209,10.113000000000001,-0.5569999999999999,-0.671
1.0171,-3.8696,9.1209,10.294,-0.65,-0.873
0.8784,-4.0538,8.9887,10.474,-0.836,-0.806
0.8321,-4.3303,8.8565,10.835999999999999,-1.115,-0.738
1.0633,-3.9617,8.8565,9.933,-0.65,-0.604
0.8784,-4.3533,8.9887,10.926,-0.9289999999999999,-0.604
0.8784,-4.3533,8.9887,10.926,-0.9289999999999999,-0.604
0.8552,-4.6067,9.1209,11.468,-0.9289999999999999,-0.738
0.8784,-4.814,9.2531,12.010000000000002,-0.9289999999999999,-0.738
0.9939,-4.5145,9.5175,11.468,-0.65,-0.604
0.9477,-4.3303,9.3853,11.107,-0.9289999999999999,-0.604
0.8321,-4.3994,9.2531,11.107,-1.115,-0.5369999999999999
0.7859,-4.5376,9.2531,11.287,-1.115,-0.604
0.9246,-4.6527,8.9887,11.197,-0.836,-0.671
0.9246,-4.6527,8.9887,11.197,-0.836,-0.671
0.9015,-4.6988,9.1209,11.558,-0.9289999999999999,-0.671
0.8552,-4.6527,9.2531,11.468,-1.022,-0.604
0.7397,-4.6067,9.2531,11.558,-1.3,-0.5369999999999999
0.7397,-4.5145,9.2531,11.378,-1.207,-0.47
0.809,-4.4685,9.2531,11.107,-1.207,-0.268
0.8552,-4.3763,9.1209,10.745000000000001,-1.022,-0.268
0.8552,-4.3763,9.1209,10.745000000000001,-1.022,-0.268
0.7628,-4.3303,8.9887,10.655,-1.115,-0.268
0.7165,-4.2842,8.9887,10.655,-1.115,-0.268
0.7397,-4.192,8.5922,10.204,-1.022,-0.268
0.7397,-4.1229,8.3278,9.841999999999999,-1.115,-0.201
0.7859,-4.0078,8.1956,9.571,-1.115,-0.268
0.7165,-3.8696,7.9312,9.301,-1.207,-0.134
0.7165,-3.8696,7.9312,9.301,-1.207,-0.134
0.7165,-3.8235,7.799,9.030000000000001,-1.207,-0.201
0.7165,-3.8005,7.6668,8.849,-1.207,-0.201
0.6934,-3.7083,7.5346,8.668,-1.207,-0.268
0.6703,-3.5471,7.2703,8.126999999999999,-1.207,-0.134
0.6703,-3.5471,7.2703,8.126999999999999,-1.207,-0.134
0.7859,-3.4089,7.0059,7.675,-1.207,-0.201
0.5547,-3.2707,6.8737,7.495000000000001,-1.5790000000000002,-0.268
0.5085,-3.2707,6.8737,7.495000000000001,-1.672,-0.268
0.6241,-3.3168,6.8737,7.584999999999999,-1.393,-0.335
0.7628,-3.478,7.1381,8.217,-1.115,-0.134
0.7628,-3.478,7.1381,8.217,-1.115,-0.134
0.5547,-3.3859,7.0059,7.946,-1.5790000000000002,-0.201
1.0171,-3.1325,6.4771,6.953,-0.5569999999999999,-0.134
1.0171,-3.0864,6.4771,6.862,-0.5569999999999999,-0.067
0.9015,-3.2016,6.6093,7.043,-0.9289999999999999,-0.067
0.7397,-3.2707,7.1381,7.584999999999999,-1.207,-0.134
0.6472,-3.2707,7.2703,7.946,-1.5790000000000002,-0.134
0.6241,-3.2707,7.2703,7.946,-1.4860000000000002,-0.201
1.1095,-3.4319,7.4025,7.946,-0.46399999999999997,-0.268
1.1095,-3.4319,7.4025,7.946,-0.46399999999999997,-0.268
1.202,-3.5701,7.799,8.488,-0.185,-0.067
0.9477,-3.6853,7.9312,9.030000000000001,-0.65,-0.201
0.6703,-3.8005,8.1956,9.391,-1.4860000000000002,-0.201
0.4623,-3.8926,8.46,9.751999999999999,-1.8579999999999999,-0.201
1.4331,-4.1229,9.2531,10.474,0.27799999999999997,-0.134
1.7105,-4.2151,9.5175,10.655,0.836,-0.134
1.5487,-4.3072,9.6497,11.015999999999998,0.46399999999999997,-0.067
1.0864,-4.5376,10.0462,11.919,-0.5569999999999999,-0.201
1.0402,-4.5836,10.1784,11.829,-0.65,-0.201
1.202,-4.5836,10.0462,11.738999999999999,-0.185,-0.201
1.202,-4.5836,10.0462,11.738999999999999,-0.185,-0.201
1.1789,-4.6297,10.1784,12.010000000000002,-0.371,-0.134
0.9939,-4.8831,10.575,12.732000000000001,-0.65,-0.134
1.0633,-4.9291,10.575,12.912999999999998,-0.46399999999999997,-0.134
1.0633,-4.9291,10.575,12.912999999999998,-0.46399999999999997,-0.134
0.9477,-4.7679,10.1784,12.1,-0.836,-0.201
0.9477,-4.7449,10.1784,11.919,-0.836,-0.134
0.9246,-4.7909,10.1784,12.1,-0.836,-0.201
0.9015,-4.86,10.7072,12.642,-0.836,-0.335
1.0402,-5.0673,10.8393,13.093,-0.65,-0.201
1.1789,-5.1364,11.2359,13.453999999999999,-0.185,-0.201
1.2251,-5.1364,11.3681,13.545,0.0,-0.134
1.1789,-4.8831,10.9715,12.732000000000001,-0.27799999999999997,-0.067
1.1326,-4.7909,10.575,12.280999999999999,-0.371,-0.0
0.9939,-4.9061,10.3106,12.371,-0.5569999999999999,-0.134
0.8784,-4.9522,10.4428,12.642,-1.022,-0.201
0.6472,-4.9522,10.4428,12.822,-1.4860000000000002,-0.201
0.5085,-4.8831,10.1784,12.280999999999999,-1.765,-0.335
0.7165,-4.7909,10.0462,11.919,-1.3,-0.335
0.9939,-4.6067,9.5175,11.107,-0.65,-0.067
0.9939,-4.6067,9.5175,11.107,-0.65,-0.067
0.7397,-4.5606,9.5175,11.107,-1.3,-0.201
0.6472,-4.5376,9.5175,11.107,-1.393,-0.268
0.7397,-4.5376,9.3853,10.926,-1.3,-0.268
0.9708,-4.4915,9.2531,10.655,-0.7430000000000001,-0.201
1.1326,-4.3303,8.8565,10.113000000000001,-0.27799999999999997,-0.134
0.9939,-4.3303,8.8565,10.113000000000001,-0.65,-0.134
0.9246,-4.3072,8.9887,10.294,-0.836,-0.134
0.8784,-4.2842,8.9887,10.294,-0.9289999999999999,-0.201
0.8784,-4.2151,8.5922,9.933,-0.7430000000000001,-0.201
0.8784,-4.0999,8.3278,9.391,-0.836,-0.134
0.9015,-3.9847,8.1956,9.030000000000001,-0.7430000000000001,-0.134
0.8321,-3.8696,7.799,8.668,-0.9289999999999999,-0.134
0.8321,-3.8696,7.9312,8.849,-1.022,-0.067
0.9015,-3.9156,8.0634,9.030000000000001,-0.836,-0.134
0.8552,-3.8235,7.5346,8.488,-0.9289999999999999,-0.134
0.8321,-3.5471,7.0059,7.584999999999999,-1.022,-0.134
0.8552,-3.4089,6.8737,7.224,-0.9289999999999999,-0.134
0.809,-3.3168,6.6093,7.043,-1.022,-0.134
0.6934,-3.1786,6.345,6.772,-1.3,-0.134
0.6472,-3.1555,6.345,6.682,-1.393,-0.134
0.6472,-3.1555,6.345,6.682,-1.393,-0.134
0.5547,-3.1095,6.345,6.5920000000000005,-1.4860000000000002,-0.067
0.5547,-3.0634,6.2128,6.411,-1.4860000000000002,-0.134
0.601,-3.0634,6.0806,6.321,-1.393,-0.067
0.7628,-3.0634,6.0806,6.23,-0.9289999999999999,-0.067
0.7628,-3.0634,6.0806,6.23,-0.9289999999999999,-0.067
0.9708,-3.0404,6.2128,6.14,-0.5569999999999999,-0.0
0.8552,-3.0864,6.345,6.411,-0.7430000000000001,-0.0
0.7165,-3.1555,6.4771,6.682,-1.3,-0.067
0.7165,-3.2016,6.4771,6.772,-1.207,-0.134
0.7859,-3.2477,6.6093,6.953,-1.022,-0.067
0.9015,-3.2707,6.7415,6.862,-0.7430000000000001,-0.067
1.0633,-3.2707,6.8737,7.043,-0.5569999999999999,-0.0
1.0633,-3.2707,6.8737,7.043,-0.5569999999999999,-0.0
0.9477,-3.2937,6.8737,7.133000000000001,-0.836,-0.067
0.7859,-3.4319,7.1381,7.314,-1.207,-0.067
0.9015,-3.6162,7.5346,8.126999999999999,-0.836,-0.134
0.9708,-3.7083,7.799,8.578,-0.65,-0.134
1.0633,-3.8235,8.0634,8.939,-0.5569999999999999,-0.134
1.1095,-4.0078,8.3278,9.391,-0.46399999999999997,-0.134
1.1789,-4.192,8.9887,10.023,-0.371,-0.201
1.1789,-4.2842,9.2531,10.294,-0.46399999999999997,-0.201
1.202,-4.3763,9.3853,10.565,-0.185,-0.201
1.202,-4.4454,9.5175,10.745000000000001,-0.27799999999999997,-0.134
1.1558,-4.5836,9.6497,11.197,-0.46399999999999997,-0.201
1.1558,-4.6527,9.914,11.558,-0.46399999999999997,-0.134
1.1558,-4.7679,10.3106,11.738999999999999,-0.46399999999999997,-0.134
1.202,-4.9291,10.575,12.461,-0.27799999999999997,-0.201
1.202,-4.9752,10.7072,12.642,-0.27799999999999997,-0.201
1.202,-4.9752,10.7072,12.642,-0.27799999999999997,-0.201
1.1789,-4.9982,10.7072,12.551000000000002,-0.371,-0.134
1.1558,-4.9982,10.575,12.642,-0.46399999999999997,-0.201
1.1326,-5.0443,10.7072,12.732000000000001,-0.46399999999999997,-0.134
1.0402,-5.1364,10.7072,13.003,-0.65,-0.134
0.9477,-5.1595,10.9715,13.184000000000001,-0.7430000000000001,-0.335
1.0402,-5.2286,11.1037,13.184000000000001,-0.46399999999999997,-0.268
1.0864,-5.2286,10.9715,13.274,-0.371,-0.201
1.1326,-5.2746,11.2359,13.453999999999999,-0.371,-0.268
1.0864,-5.2977,11.3681,13.635,-0.46399999999999997,-0.268
0.9477,-5.2516,10.9715,13.184000000000001,-0.7430000000000001,-0.268
0.9708,-5.1595,10.575,12.912999999999998,-0.7430000000000001,-0.268
0.9939,-5.0673,10.4428,12.461,-0.65,-0.201
0.9708,-4.9752,10.3106,12.1,-0.836,-0.134
0.9246,-4.9061,10.1784,11.648,-0.9289999999999999,-0.0
0.809,-4.7679,9.914,11.378,-1.115,-0.134
0.7859,-4.7679,9.7818,11.378,-1.115,-0.268
0.7628,-4.814,9.914,11.558,-1.207,-0.403
0.7397,-4.86,10.0462,11.648,-1.207,-0.604
0.8552,-4.9291,10.1784,11.738999999999999,-1.022,-0.403
0.8784,-4.9061,10.0462,11.558,-0.9289999999999999,-0.335
0.8784,-4.7909,9.6497,11.197,-1.022,-0.201
0.8321,-4.6527,9.3853,10.745000000000001,-1.115,-0.268
0.809,-4.5376,9.1209,10.384,-1.115,-0.268
0.6703,-4.3533,8.46,9.841999999999999,-1.3,-0.201
0.6703,-4.192,8.1956,9.301,-1.207,-0.201
0.6703,-4.192,8.1956,9.301,-1.207,-0.201
0.7628,-4.0999,8.0634,8.939,-1.115,-0.201
0.9246,-3.8235,7.6668,8.126999999999999,-0.7430000000000001,-0.201
0.8784,-3.7544,7.4025,7.946,-0.9289999999999999,-0.134
0.4854,-3.3859,6.7415,7.043,-1.672,-0.201
0.6934,-3.3398,6.4771,6.772,-1.022,-0.201
1.0171,-3.3168,6.6093,6.772,-0.5569999999999999,-0.201
1.2251,-3.2937,6.7415,6.682,0.092,-0.201
1.0171,-3.1555,6.345,6.05,-0.46399999999999997,-0.067
0.809,-3.0404,6.0806,5.959,-0.9289999999999999,-0.0
0.809,-3.0404,6.0806,5.959,-0.9289999999999999,-0.0
0.7628,-2.9252,5.9484,5.598,-0.9289999999999999,-0.067
0.8552,-2.9713,5.9484,5.779,-0.7430000000000001,-0.0
0.9015,-3.0634,6.2128,6.14,-0.7430000000000001,-0.067
0.8552,-3.1325,6.345,6.501,-0.836,-0.067
0.7397,-3.0404,6.4771,6.501,-1.022,-0.201
0.9708,-3.2707,6.4771,6.772,-0.5569999999999999,-0.0
1.1095,-3.3398,6.7415,6.953,-0.371,-0.067
1.0402,-3.4089,6.8737,7.224,-0.46399999999999997,-0.067
0.9246,-3.501,7.1381,7.404,-0.836,-0.067
0.8321,-3.5701,7.1381,7.495000000000001,-1.115,-0.134
0.7628,-3.6162,7.2703,7.856,-1.207,-0.134
0.9015,-3.7083,7.6668,8.217,-0.7430000000000001,-0.134
0.9477,-3.8235,7.9312,8.668,-0.65,-0.201
1.0402,-3.9847,8.46,9.21,-0.65,-0.268
1.1095,-4.192,8.7243,9.841999999999999,-0.371,-0.268
1.2482,-4.5145,9.5175,10.655,-0.092,-0.067
1.2713,-4.6067,9.7818,10.926,0.0,-0.134
1.2944,-4.6758,9.7818,11.197,-0.092,-0.067
1.0633,-4.86,10.3106,11.919,-0.65,-0.201
1.1326,-5.0213,10.7072,12.461,-0.371,-0.134
1.1326,-5.0213,10.7072,12.461,-0.371,-0.134
1.2944,-5.2286,11.2359,12.822,0.0,-0.134
1.2944,-5.3668,11.6325,13.545,0.0,-0.134
1.2944,-5.528,12.029,14.177,0.092,-0.134
1.3176,-5.6662,12.4256,14.719,0.27799999999999997,-0.268
1.2713,-5.8044,12.5578,14.899000000000001,0.27799999999999997,-0.335
1.2713,-5.8735,12.5578,15.08,0.092,-0.335
1.202,-5.7814,12.2934,14.628,0.092,-0.268
1.0864,-5.5741,11.6325,13.453999999999999,-0.371,-0.268
1.0864,-5.5741,11.6325,13.453999999999999,-0.371,-0.268
0.9708,-5.505,11.5003,13.274,-0.5569999999999999,-0.268
0.9939,-5.4589,11.3681,13.093,-0.65,-0.335
0.9477,-5.4589,11.3681,13.093,-0.5569999999999999,-0.268
0.9708,-5.3898,11.3681,13.093,-0.5569999999999999,-0.268
1.1095,-5.1825,10.7072,12.280999999999999,-0.27799999999999997,-0.134
0.7859,-4.9061,10.0462,11.287,-1.115,-0.134
0.6241,-4.7909,9.7818,10.926,-1.393,-0.201
0.6241,-4.7449,9.6497,10.745000000000001,-1.3,-0.335
0.7859,-4.6988,9.6497,10.926,-1.022,-0.268
0.8784,-4.7449,9.6497,10.926,-0.836,-0.268
0.8784,-4.7449,9.6497,10.926,-0.836,-0.268
0.8321,-4.6527,9.6497,10.655,-0.9289999999999999,-0.268
0.8784,-4.5606,9.2531,10.204,-0.836,-0.268
0.8784,-4.5606,9.2531,10.204,-0.836,-0.268
0.9939,-4.5376,9.2531,10.023,-0.5569999999999999,-0.201
0.8552,-4.5145,9.2531,10.113000000000001,-0.836,-0.201
0.7628,-4.4224,8.8565,9.571,-1.115,-0.268
0.7628,-4.4224,8.8565,9.571,-1.115,-0.268
0.7628,-4.3303,8.7243,9.481,-1.022,-0.268
0.9015,-4.3763,8.8565,9.571,-0.7430000000000001,-0.201
0.9708,-4.3763,8.9887,9.661999999999999,-0.7430000000000001,-0.201
1.0171,-4.3763,8.8565,9.661999999999999,-0.46399999999999997,-0.268
1.0402,-4.3533,8.8565,9.391,-0.46399999999999997,-0.134
0.9477,-4.2151,8.46,9.030000000000001,-0.7430000000000001,-0.067
0.9477,-4.2151,8.46,9.030000000000001,-0.7430000000000001,-0.067
0.7859,-4.169,8.3278,8.939,-0.9289999999999999,-0.134
0.7859,-4.169,8.3278,8.939,-0.9289999999999999,-0.134
0.8321,-4.2612,8.5922,9.21,-0.836,-0.201
0.9015,-4.2842,8.5922,9.391,-0.9289999999999999,-0.201
0.9708,-4.2612,8.7243,9.301,-0.5569999999999999,-0.201
1.0171,-4.192,8.46,9.120000000000001,-0.46399999999999997,-0.134
1.0171,-4.146,8.3278,8.849,-0.5569999999999999,-0.134
0.9477,-4.1229,8.3278,8.849,-0.5569999999999999,-0.201
0.9477,-4.192,8.5922,9.030000000000001,-0.7430000000000001,-0.201
0.9246,-4.2612,8.7243,9.481,-0.836,-0.134
0.9708,-4.3072,8.8565,9.571,-0.7430000000000001,-0.201
1.0171,-4.3303,8.8565,9.481,-0.46399999999999997,-0.134
1.0402,-4.3072,8.7243,9.571,-0.46399999999999997,-0.134
1.0633,-4.3072,8.7243,9.481,-0.371,-0.134
0.9939,-4.3303,8.8565,9.661999999999999,-0.5569999999999999,-0.134
0.9939,-4.3303,8.8565,9.661999999999999,-0.5569999999999999,-0.134
0.9477,-4.3303,8.7243,9.661999999999999,-0.7430000000000001,-0.201
0.9246,-4.3072,8.5922,9.481,-0.836,-0.134
0.9708,-4.2612,8.5922,9.301,-0.7430000000000001,-0.201
0.9708,-4.2612,8.5922,9.21,-0.7430000000000001,-0.201
0.9708,-4.2151,8.5922,9.21,-0.7430000000000001,-0.134
0.9939,-4.2381,8.5922,9.120000000000001,-0.65,-0.134
0.9477,-4.169,8.3278,9.030000000000001,-0.65,-0.134
0.9477,-4.1229,8.3278,9.030000000000001,-0.65,-0.067
0.9477,-4.1229,8.3278,8.939,-0.65,-0.134
0.9015,-4.0999,8.3278,9.030000000000001,-0.65,-0.134
0.8784,-4.169,8.46,9.120000000000001,-0.7430000000000001,-0.201
0.8784,-4.169,8.46,9.120000000000001,-0.7430000000000001,-0.201
0.9015,-4.192,8.46,9.21,-0.7430000000000001,-0.134
1.0171,-4.2151,8.5922,9.391,-0.46399999999999997,-0.134
1.0402,-4.2381,8.7243,9.481,-0.46399999999999997,-0.134
1.0633,-4.2842,8.7243,9.481,-0.46399999999999997,-0.201
1.0171,-4.2612,8.5922,9.391,-0.46399999999999997,-0.134
0.9477,-4.192,8.46,9.21,-0.5569999999999999,-0.134
0.9015,-4.1229,8.3278,9.030000000000001,-0.65,-0.067
0.809,-3.9847,7.9312,8.488,-0.836,-0.134
0.7859,-3.9387,7.9312,8.488,-0.9289999999999999,-0.067
0.7859,-3.9387,7.9312,8.398,-1.022,-0.201
0.8552,-3.8926,7.9312,8.307,-0.9289999999999999,-0.134
0.8552,-3.8926,7.9312,8.307,-0.9289999999999999,-0.134
0.9015,-3.7774,7.799,7.856,-0.7430000000000001,-0.067
0.8321,-3.7544,7.6668,7.765,-0.7430000000000001,-0.067
0.8321,-3.7544,7.6668,7.765,-0.7430000000000001,-0.067
0.809,-3.6853,7.5346,7.675,-0.9289999999999999,-0.134
0.7628,-3.6623,7.4025,7.495000000000001,-0.9289999999999999,-0.201
0.7628,-3.6162,7.2703,7.404,-1.115,-0.201
0.6934,-3.5471,7.2703,7.224,-1.115,-0.134
0.7165,-3.501,7.1381,7.224,-1.022,-0.067
0.7859,-3.4319,7.0059,7.133000000000001,-1.022,-0.134
0.7859,-3.455,6.8737,6.953,-1.022,-0.134
0.7859,-3.455,7.0059,7.133000000000001,-0.9289999999999999,-0.134
0.809,-3.501,7.1381,7.224,-0.9289999999999999,-0.134
0.8321,-3.6623,7.5346,7.675,-0.836,-0.201
0.8321,-3.7083,7.5346,7.856,-0.9289999999999999,-0.067
0.9015,-3.7314,7.6668,7.856,-0.7430000000000001,-0.134
0.9939,-3.6853,7.5346,7.765,-0.5569999999999999,-0.067
0.8552,-3.5241,7.1381,7.224,-0.9289999999999999,-0.067
0.7628,-3.3859,6.7415,6.953,-0.9289999999999999,-0.0
0.7165,-3.3859,6.7415,6.862,-1.022,-0.067
0.7165,-3.3859,6.7415,6.862,-1.022,-0.067
0.7628,-3.3859,7.0059,6.953,-1.115,-0.134
0.8784,-3.4089,7.0059,7.043,-0.7430000000000001,-0.268
0.8321,-3.4319,6.8737,7.043,-0.836,-0.201
0.7859,-3.4089,6.7415,6.953,-1.022,-0.134
0.8552,-3.3859,6.7415,6.862,-0.836,-0.134
0.9477,-3.4319,7.0059,6.953,-0.65,-0.067
0.9015,-3.501,7.1381,7.224,-0.7430000000000001,-0.134
0.9015,-3.5932,7.4025,7.584999999999999,-0.7430000000000001,-0.134
0.8784,-3.6623,7.5346,7.856,-0.7430000000000001,-0.134
0.9477,-3.7083,7.6668,7.856,-0.65,-0.201
1.0171,-3.7774,7.6668,8.036,-0.5569999999999999,-0.067
0.9246,-3.7774,7.799,8.217,-0.65,-0.134
0.8784,-3.7774,7.799,8.126999999999999,-0.836,-0.201
0.8784,-3.7774,7.799,8.126999999999999,-0.836,-0.201
0.8552,-3.7544,7.799,8.126999999999999,-0.836,-0.134
0.8552,-3.8005,7.799,8.036,-0.836,-0.134
0.9708,-3.8926,8.1956,8.488,-0.7430000000000001,-0.134
0.9939,-3.9847,8.3278,8.759,-0.46399999999999997,-0.134
1.0171,-4.0078,8.46,9.030000000000001,-0.5569999999999999,-0.134
1.0402,-4.0769,8.5922,9.030000000000001,-0.371,-0.134
1.1326,-4.192,8.8565,9.391,-0.371,-0.201
1.1095,-4.3763,9.3853,10.113000000000001,-0.46399999999999997,-0.134
1.1095,-4.3763,9.3853,10.113000000000001,-0.46399999999999997,-0.134
1.1095,-4.6297,10.0462,10.926,-0.371,-0.201
1.202,-4.7679,10.4428,11.648,0.0,-0.201
1.3176,-4.9291,10.9715,12.190000000000001,0.0,-0.201
1.3407,-5.0904,11.2359,12.461,0.185,-0.201
1.202,-5.1825,11.1037,12.642,-0.092,-0.201
1.1326,-5.1825,10.9715,12.551000000000002,-0.27799999999999997,-0.201
1.1558,-5.2286,11.1037,12.822,-0.27799999999999997,-0.134
1.202,-5.2977,11.3681,12.822,-0.092,-0.134
1.1789,-5.3437,11.3681,13.184000000000001,-0.185,-0.201
1.0864,-5.3668,11.3681,13.274,-0.371,-0.201
0.9939,-5.2746,10.9715,12.732000000000001,-0.65,-0.201
1.0633,-5.1364,10.7072,12.190000000000001,-0.46399999999999997,-0.201
1.0864,-5.0673,10.575,11.919,-0.46399999999999997,-0.067
1.0633,-4.9982,10.4428,11.738999999999999,-0.5569999999999999,-0.134
0.9477,-4.9752,10.3106,11.738999999999999,-0.65,-0.201
0.7628,-4.9522,10.3106,11.558,-1.022,-0.268
0.7628,-4.9522,10.3106,11.558,-1.022,-0.268
0.9015,-4.6988,9.6497,10.655,-0.65,-0.335
0.8784,-4.4685,8.9887,9.661999999999999,-0.7430000000000001,-0.268
0.8321,-4.3994,8.8565,9.571,-1.022,-0.201
0.7859,-4.3533,8.7243,9.481,-1.022,-0.201
0.7859,-4.3533,8.7243,9.481,-1.022,-0.201
0.7859,-4.192,8.5922,9.030000000000001,-0.9289999999999999,-0.134
0.8321,-4.0769,8.1956,8.759,-1.022,-0.0
0.8321,-4.0769,8.1956,8.759,-1.022,-0.0
0.809,-4.0538,8.1956,8.578,-1.022,-0.134
0.6934,-3.6392,7.2703,7.404,-1.115,-0.067
0.7165,-3.5932,7.2703,7.404,-1.207,-0.067
0.7397,-3.6162,7.2703,7.314,-1.115,-0.067
0.7628,-3.5932,7.4025,7.314,-1.022,-0.067
0.7859,-3.5471,7.4025,7.224,-0.9289999999999999,-0.201
0.7859,-3.4089,7.4025,7.133000000000001,-0.836,-0.0
0.7397,-3.5701,7.2703,7.224,-1.115,-0.134
0.7628,-3.6623,7.0059,7.224,-0.9289999999999999,-0.201
0.8321,-3.6162,7.1381,7.224,-1.022,-0.201
0.8784,-3.5932,7.1381,7.224,-0.836,-0.134
0.8552,-3.5932,7.2703,7.224,-0.9289999999999999,-0.134
0.8552,-3.5701,7.1381,7.224,-0.836,-0.134
0.8321,-3.501,6.8737,7.043,-0.836,-0.067
0.7397,-3.4089,6.6093,6.772,-0.9289999999999999,-0.067
0.6703,-3.2016,6.4771,6.321,-1.115,-0.134
0.7628,-3.1786,6.4771,6.23,-0.7430000000000001,-0.201
0.9477,-3.3859,7.0059,6.862,-0.5569999999999999,-0.201
0.9708,-3.478,7.2703,7.224,-0.46399999999999997,-0.134
0.9015,-3.5241,7.2703,7.224,-0.836,-0.201
0.7165,-3.6162,7.2703,7.584999999999999,-1.207,-0.134
1.2251,-3.6162,7.799,7.584999999999999,-0.092,-0.067
1.2251,-3.6162,7.799,7.584999999999999,-0.092,-0.067
1.2482,-3.6853,7.6668,7.584999999999999,0.0,0.067
1.0633,-3.7314,7.799,7.856,-0.46399999999999997,-0.0
0.6241,-3.8005,7.799,8.307,-1.3,-0.134
0.6241,-3.8005,7.799,8.307,-1.3,-0.134
0.8552,-4.0078,8.3278,8.849,-0.9289999999999999,-0.201
1.2251,-4.146,8.5922,9.21,-0.185,-0.134
1.2251,-4.146,8.5922,9.21,-0.185,-0.134
0.9477,-4.169,8.5922,9.391,-0.836,-0.134
0.8321,-4.146,8.46,9.21,-1.022,-0.268
0.9246,-4.1229,8.46,9.120000000000001,-0.836,-0.201
0.9939,-4.1229,8.46,9.120000000000001,-0.65,-0.067
1.0402,-4.169,8.46,9.21,-0.46399999999999997,-0.0
1.0402,-4.192,8.5922,9.391,-0.65,-0.067
1.0633,-4.2612,8.8565,9.661999999999999,-0.5569999999999999,-0.134
1.0633,-4.3072,8.8565,9.751999999999999,-0.5569999999999999,-0.201
1.1326,-4.3533,8.9887,9.841999999999999,-0.46399999999999997,-0.134
1.1326,-4.3533,8.8565,9.751999999999999,-0.371,-0.134
1.1095,-4.3533,8.8565,9.751999999999999,-0.46399999999999997,-0.201
0.9708,-4.3072,8.5922,9.661999999999999,-0.65,-0.067
0.9477,-4.2842,8.7243,9.661999999999999,-0.836,-0.134
0.9015,-4.3303,8.8565,9.751999999999999,-0.7430000000000001,-0.134
1.0402,-4.5376,9.5175,10.384,-0.5569999999999999,-0.134
1.0864,-4.5836,9.5175,10.745000000000001,-0.46399999999999997,-0.134
1.1326,-4.6527,9.7818,11.015999999999998,-0.27799999999999997,-0.201
1.1789,-4.6527,9.7818,10.926,-0.27799999999999997,-0.067
1.1326,-4.5836,9.6497,10.565,-0.27799999999999997,-0.134
1.0402,-4.5145,9.3853,10.294,-0.65,-0.0
0.7859,-4.3763,8.9887,9.751999999999999,-1.115,-0.268
0.7859,-4.3763,9.2531,10.023,-1.022,-0.403
0.7859,-4.3763,9.2531,10.023,-1.022,-0.403
0.9246,-4.6067,9.6497,10.655,-0.65,-0.268
1.1558,-4.7449,9.914,11.107,-0.27799999999999997,-0.201
1.1558,-4.6527,9.6497,10.745000000000001,-0.27799999999999997,-0.067
1.1558,-4.6527,9.6497,10.745000000000001,-0.27799999999999997,-0.067
1.0633,-4.5836,9.3853,10.474,-0.371,-0.134
0.8552,-4.4915,9.2531,10.204,-0.9289999999999999,-0.134
0.809,-4.5145,9.3853,10.294,-1.207,-0.134
0.8552,-4.5606,9.5175,10.655,-1.022,-0.201
1.1095,-4.6297,9.6497,10.745000000000001,-0.371,-0.134
1.1558,-4.5836,9.5175,10.474,-0.185,-0.134
1.1558,-4.5376,9.2531,10.294,-0.27799999999999997,-0.134
1.0402,-4.4915,8.9887,10.023,-0.5569999999999999,-0.134
0.8784,-4.3763,8.8565,9.661999999999999,-0.9289999999999999,-0.067
0.7859,-4.2842,8.7243,9.481,-0.9289999999999999,-0.201
0.7628,-4.2381,8.7243,9.481,-1.022,-0.134
0.7397,-4.2381,8.5922,9.301,-1.022,-0.201
0.9246,-4.3072,8.5922,9.391,-0.9289999999999999,-0.134
0.9939,-4.3533,8.7243,9.661999999999999,-0.46399999999999997,-0.134
1.0402,-4.3763,8.7243,9.751999999999999,-0.5569999999999999,-0.134
1.0633,-4.3533,8.8565,9.751999999999999,-0.5569999999999999,-0.201
0.9939,-4.3072,8.5922,9.571,-0.65,-0.201
0.8321,-4.0308,8.0634,8.849,-0.9289999999999999,-0.201
0.8321,-4.0308,8.0634,8.849,-0.9289999999999999,-0.201
0.7165,-3.9387,7.799,8.398,-1.115,-0.134
0.7859,-3.9617,7.9312,8.578,-0.9289999999999999,-0.067
0.8552,-3.9847,7.9312,8.488,-0.836,-0.067
0.9708,-3.9617,7.9312,8.488,-0.5569999999999999,-0.067
1.0171,-3.8005,7.4025,7.946,-0.5569999999999999,-0.0
0.9477,-3.7314,7.2703,7.584999999999999,-0.65,-0.067
0.7397,-3.5471,7.0059,7.224,-1.022,-0.067
0.7397,-3.5471,7.0059,7.224,-1.022,-0.067
0.7165,-3.501,6.8737,7.224,-1.207,-0.067
0.8552,-3.5471,6.7415,7.133000000000001,-0.9289999999999999,-0.067
0.8552,-3.5471,6.7415,7.133000000000001,-0.9289999999999999,-0.067
0.9477,-3.5471,6.8737,7.133000000000001,-0.5569999999999999,-0.067
0.9015,-3.455,6.6093,6.862,-0.65,-0.067
0.8552,-3.3859,6.4771,6.682,-0.7430000000000001,-0.134
0.8321,-3.3398,6.4771,6.501,-0.836,-0.067
0.7628,-3.3398,6.4771,6.682,-0.9289999999999999,-0.134
0.7859,-3.4319,6.7415,6.953,-0.9289999999999999,-0.067
0.7628,-3.478,7.0059,7.224,-1.115,-0.067
0.6934,-3.5471,7.0059,7.224,-1.207,-0.134
0.6934,-3.5471,7.0059,7.224,-1.207,-0.134
0.8552,-3.455,6.6093,6.953,-0.836,-0.134
0.8552,-3.455,6.6093,6.953,-0.836,-0.134
1.202,-3.478,7.0059,6.953,0.0,-0.0
1.0864,-3.6162,7.1381,7.314,-0.27799999999999997,-0.134
0.9246,-3.6853,7.4025,7.765,-0.7430000000000001,-0.201
0.8321,-3.7774,7.5346,8.126999999999999,-0.9289999999999999,-0.201
0.9246,-3.8926,7.799,8.488,-0.7430000000000001,-0.201
1.1789,-3.9847,8.0634,8.668,-0.27799999999999997,-0.134
1.1789,-3.9847,8.0634,8.668,-0.27799999999999997,-0.134
1.1095,-4.0538,8.1956,9.030000000000001,-0.46399999999999997,-0.067
1.1095,-4.0538,8.1956,9.030000000000001,-0.46399999999999997,-0.067
0.7397,-4.0999,8.3278,9.030000000000001,-1.115,-0.134
0.7628,-4.146,8.46,9.301,-1.115,-0.201
0.9708,-4.3533,8.8565,9.751999999999999,-0.7430000000000001,-0.134
1.2251,-4.6527,9.7818,10.926,-0.185,-0.134
1.2251,-4.6527,9.7818,10.926,-0.185,-0.134
1.2251,-4.6988,9.6497,10.835999999999999,-0.185,-0.134
1.2251,-4.6988,9.5175,10.565,-0.27799999999999997,-0.134
1.2482,-4.7449,9.6497,10.926,-0.092,-0.067
1.2944,-4.86,10.0462,11.378,0.0,-0.067
1.2251,-4.9522,10.3106,11.829,-0.092,-0.067
1.0864,-5.0213,10.4428,12.010000000000002,-0.371,-0.201
0.9708,-5.0443,10.575,12.1,-0.65,-0.201
1.0171,-5.0443,10.4428,12.1,-0.5569999999999999,-0.268
1.2482,-5.1825,10.8393,12.461,0.0,-0.134
1.2251,-5.3207,10.9715,12.822,-0.092,-0.067
1.2251,-5.3668,10.9715,12.912999999999998,-0.092,-0.134
1.2251,-5.3668,10.9715,12.912999999999998,-0.092,-0.134
1.1789,-5.2516,10.8393,12.642,-0.092,-0.201
1.1558,-5.1595,10.7072,12.371,-0.27799999999999997,-0.067
0.9708,-5.1825,10.575,12.371,-0.7430000000000001,-0.134
0.8784,-5.2286,10.7072,12.642,-0.9289999999999999,-0.201
0.8552,-5.2746,10.7072,12.822,-1.022,-0.134
1.0402,-5.1364,10.4428,12.190000000000001,-0.5569999999999999,-0.268
1.0864,-4.9982,10.0462,11.468,-0.5569999999999999,-0.201
0.9939,-4.8831,9.6497,11.015999999999998,-0.65,-0.134
0.9477,-4.7218,9.3853,10.655,-0.836,-0.134
0.809,-4.5836,9.1209,10.294,-1.022,-0.201
0.6934,-4.4454,8.5922,9.661999999999999,-1.115,-0.134
0.6241,-4.2381,8.1956,9.120000000000001,-1.4860000000000002,-0.134
0.601,-4.0769,7.799,8.488,-1.393,-0.134
0.6472,-3.8926,7.6668,8.036,-1.3,-0.134
0.7397,-3.9387,7.6668,8.217,-1.207,-0.134
0.7859,-4.0308,7.9312,8.488,-1.022,-0.067
0.9246,-4.169,8.1956,9.030000000000001,-0.65,-0.134
0.9477,-4.2842,8.46,9.301,-0.5569999999999999,-0.134
0.9015,-4.3303,8.46,9.481,-0.7430000000000001,-0.067
0.8552,-4.3303,8.46,9.481,-0.7430000000000001,-0.201
0.8321,-4.3533,8.46,9.661999999999999,-0.7430000000000001,-0.134
0.8321,-4.3303,8.3278,9.391,-0.9289999999999999,-0.134
0.8784,-4.146,8.0634,9.030000000000001,-0.7430000000000001,-0.134
0.9015,-4.0538,7.799,8.668,-0.5569999999999999,-0.067
0.9246,-3.9387,7.5346,8.126999999999999,-0.7430000000000001,-0.0
0.7859,-3.8696,7.4025,7.765,-1.022,-0.067
0.601,-3.7314,7.1381,7.495000000000001,-1.3,-0.067
0.6703,-3.6623,7.0059,7.404,-1.3,-0.067
1.0171,-3.5701,6.8737,7.224,-0.371,-0.134
1.0864,-3.5471,6.8737,7.133000000000001,-0.27799999999999997,-0.134
0.4623,-3.5471,7.0059,7.314,-1.765,-0.067
0.5547,-3.5932,7.0059,7.314,-1.5790000000000002,-0.201
1.3638,-3.455,7.0059,6.862,0.371,-0.0
1.1558,-3.501,7.0059,6.862,-0.185,-0.0
0.809,-3.4319,6.7415,6.953,-0.836,-0.134
0.7397,-3.478,7.0059,7.133000000000001,-1.115,-0.134
0.7397,-3.478,7.0059,7.133000000000001,-1.115,-0.134
0.9939,-3.478,6.7415,6.953,-0.46399999999999997,-0.134
1.1095,-3.455,6.8737,6.953,-0.27799999999999997,-0.067
0.7859,-3.4089,6.6093,6.772,-0.9289999999999999,-0.067
0.7859,-3.4089,6.6093,6.772,-0.9289999999999999,-0.067
0.6472,-3.455,6.6093,6.953,-1.3,-0.067
0.6703,-3.5241,7.0059,7.224,-1.3,-0.201
0.8784,-3.5701,7.1381,7.224,-0.9289999999999999,-0.134
1.0633,-3.5241,6.8737,7.043,-0.371,-0.067
1.202,-3.478,6.8737,6.953,-0.092,-0.0
1.1789,-3.478,6.8737,6.953,-0.092,-0.0
0.9477,-3.6392,7.2703,7.404,-0.7430000000000001,-0.201
1.0171,-3.8926,7.799,8.217,-0.46399999999999997,-0.134
1.1095,-3.9617,8.0634,8.488,-0.27799999999999997,-0.134
1.1789,-4.0078,8.1956,8.759,-0.371,-0.134
1.1095,-4.1229,8.3278,8.939,-0.5569999999999999,-0.201
0.9939,-4.192,8.46,9.120000000000001,-0.836,-0.134
0.9708,-4.2612,8.46,9.120000000000001,-0.7430000000000001,-0.134
1.1095,-4.3303,8.7243,9.661999999999999,-0.46399999999999997,-0.201
1.0864,-4.4454,8.9887,9.933,-0.46399999999999997,-0.134
1.0633,-4.5145,9.2531,10.204,-0.7430000000000001,-0.134
1.0864,-4.6297,9.5175,10.655,-0.371,-0.201
1.2251,-4.7218,9.914,11.015999999999998,-0.27799999999999997,-0.134
1.3638,-4.7909,10.0462,11.015999999999998,0.0,-0.134
1.3407,-4.9061,10.1784,11.468,0.0,-0.067
0.9015,-5.0213,10.4428,12.010000000000002,-1.022,-0.335
0.9015,-5.0213,10.4428,12.010000000000002,-1.022,-0.335
0.8552,-5.1595,10.4428,12.371,-1.022,-0.335
1.202,-5.1825,10.7072,12.280999999999999,-0.27799999999999997,-0.134
1.0633,-5.1134,10.4428,12.1,-0.46399999999999997,-0.268
0.9939,-5.0443,10.1784,11.738999999999999,-0.836,-0.134
1.2251,-4.9752,10.1784,11.378,-0.185,-0.067
1.1558,-5.0673,10.4428,11.829,-0.371,-0.134
1.1558,-5.0673,10.4428,11.829,-0.371,-0.134
1.0171,-4.6297,10.8393,11.197,-0.5569999999999999,-0.067
1.0171,-4.4454,10.7072,10.926,-0.5569999999999999,-0.067
1.0402,-4.9061,10.4428,11.468,-0.5569999999999999,-0.134
1.1095,-5.0443,10.3106,11.648,-0.46399999999999997,-0.0
1.1095,-5.0443,10.1784,11.738999999999999,-0.371,-0.067
0.9939,-4.9752,9.914,11.378,-0.7430000000000001,-0.134
0.8784,-4.86,9.7818,10.926,-0.9289999999999999,-0.201
0.8784,-4.7679,9.5175,10.835999999999999,-0.836,-0.201
0.8552,-4.7218,9.2531,10.474,-1.115,-0.134
0.8321,-4.6758,9.3853,10.384,-1.022,-0.268
0.8321,-4.6758,9.3853,10.384,-1.022,-0.268
0.8784,-4.6758,9.3853,10.384,-1.022,-0.268
0.9246,-4.6297,9.1209,10.204,-0.836,-0.134
0.9246,-4.6297,9.1209,10.204,-0.836,-0.134
1.0402,-4.4685,8.8565,9.751999999999999,-0.5569999999999999,-0.201
0.9477,-4.3763,8.5922,9.481,-0.7430000000000001,-0.134
0.8552,-4.3994,8.5922,9.391,-1.022,-0.201
0.809,-4.3533,8.5922,9.301,-1.022,-0.268
0.8552,-4.2842,8.3278,9.030000000000001,-0.9289999999999999,-0.201
0.8552,-4.2842,8.3278,9.030000000000001,-0.9289999999999999,-0.201
0.9015,-4.2842,8.3278,9.030000000000001,-0.836,-0.134
0.8784,-4.3303,8.46,9.301,-0.836,-0.134
0.9477,-4.3533,8.5922,9.391,-0.65,-0.201
0.8552,-4.3303,8.46,9.21,-0.836,-0.268
0.6934,-4.3072,8.46,9.301,-1.207,-0.268
0.601,-4.2842,8.3278,9.301,-1.393,-0.201
0.6703,-4.2612,8.3278,9.120000000000001,-1.207,-0.201
0.8784,-4.192,8.1956,9.030000000000001,-0.9289999999999999,-0.201
1.202,-4.0308,8.0634,8.398,-0.27799999999999997,-0.201
1.202,-4.0308,8.0634,8.398,-0.27799999999999997,-0.201
0.5779,-4.0308,8.0634,8.578,-1.4860000000000002,-0.268
0.5779,-4.0308,8.0634,8.578,-1.4860000000000002,-0.268
0.4623,-4.0308,7.9312,8.578,-1.672,-0.201
1.0402,-3.9387,7.799,7.946,-0.371,-0.134
1.3638,-3.7544,7.5346,7.404,0.27799999999999997,-0.0
1.2713,-3.6162,7.2703,7.224,0.092,-0.0
0.9708,-3.5471,6.8737,7.043,-0.65,-0.134
0.3698,-3.478,7.0059,7.133000000000001,-2.044,-0.268
0.3698,-3.478,7.0059,7.133000000000001,-2.044,-0.268
0.7628,-3.7083,7.4025,7.584999999999999,-0.9289999999999999,-0.268
1.2944,-3.7083,7.6668,7.584999999999999,0.185,-0.134
1.5256,-3.6853,7.5346,7.495000000000001,0.46399999999999997,-0.0
1.1095,-3.7083,7.4025,7.675,-0.371,-0.134
0.7628,-3.7544,7.2703,7.495000000000001,-0.9289999999999999,-0.201
0.8552,-3.7544,7.2703,7.584999999999999,-0.9289999999999999,-0.134
0.9939,-3.7544,7.4025,7.584999999999999,-0.65,-0.201
1.0402,-3.7083,7.4025,7.495000000000001,-0.5569999999999999,-0.201
1.0171,-3.7314,7.4025,7.495000000000001,-0.5569999999999999,-0.134
0.7859,-3.8005,7.5346,7.765,-1.022,-0.134
0.9246,-3.8465,7.6668,7.946,-0.9289999999999999,-0.201
1.1095,-3.8696,7.5346,7.946,-0.46399999999999997,-0.201
1.1326,-3.8005,7.5346,7.946,-0.46399999999999997,-0.067
1.1326,-3.8005,7.5346,7.946,-0.46399999999999997,-0.067
0.9477,-3.6853,7.1381,7.314,-0.7430000000000001,-0.134
0.8552,-3.6392,7.1381,7.224,-1.115,-0.134
0.8552,-3.7083,7.2703,7.404,-0.9289999999999999,-0.134
0.9477,-3.7774,7.4025,7.856,-0.7430000000000001,-0.134
0.9477,-3.7544,7.4025,7.584999999999999,-0.7430000000000001,-0.268
0.9939,-3.7544,7.2703,7.404,-0.65,-0.134
1.0402,-3.6853,7.1381,7.224,-0.46399999999999997,-0.201
1.0402,-3.6623,7.1381,7.224,-0.65,-0.134
0.9015,-3.6853,7.2703,7.224,-0.7430000000000001,-0.201
0.809,-3.6853,7.1381,7.224,-1.115,-0.201
0.809,-3.6853,7.1381,7.224,-1.115,-0.201
0.7859,-3.6623,7.0059,7.224,-1.115,-0.201
0.8552,-3.6392,7.0059,7.224,-1.022,-0.134
0.9246,-3.7083,7.1381,7.314,-0.836,-0.134
0.9477,-3.8005,7.5346,7.765,-0.7430000000000001,-0.201
0.9477,-3.8926,7.5346,8.036,-0.7430000000000001,-0.067
0.9477,-3.8235,7.4025,7.856,-0.65,-0.201
0.9939,-3.8005,7.4025,7.675,-0.836,-0.134
0.9939,-3.7774,7.4025,7.675,-0.7430000000000001,-0.134
0.9708,-3.8696,7.5346,7.856,-0.7430000000000001,-0.134
0.9246,-3.9847,7.799,8.398,-0.7430000000000001,-0.201
0.9477,-4.192,8.46,9.030000000000001,-0.7430000000000001,-0.268
1.0402,-4.2612,8.46,9.21,-0.5569999999999999,-0.201
1.1326,-4.2842,8.5922,9.301,-0.46399999999999997,-0.201
1.1558,-4.3303,8.7243,9.391,-0.371,-0.201
1.1558,-4.3763,8.7243,9.661999999999999,-0.46399999999999997,-0.134
1.0864,-4.3994,8.8565,9.751999999999999,-0.5569999999999999,-0.268
1.0402,-4.4915,9.1209,10.023,-0.7430000000000001,-0.201
0.9708,-4.5145,9.1209,10.113000000000001,-0.7430000000000001,-0.201
0.9939,-4.5606,9.2531,10.294,-0.836,-0.134
1.0171,-4.6988,9.5175,10.655,-0.5569999999999999,-0.134
1.0633,-4.7909,9.7818,10.926,-0.5569999999999999,-0.201
1.1326,-4.8831,10.0462,11.378,-0.5569999999999999,-0.201
1.1558,-4.8831,10.0462,11.197,-0.46399999999999997,-0.067
1.1326,-4.86,9.914,11.015999999999998,-0.46399999999999997,-0.134
1.0864,-4.86,9.914,11.015999999999998,-0.65,-0.134
1.0633,-5.1595,10.575,12.190000000000001,-0.65,-0.335
1.0171,-5.3437,10.8393,12.732000000000001,-0.46399999999999997,-0.268
1.0171,-5.3437,10.8393,12.732000000000001,-0.46399999999999997,-0.268
1.0402,-5.3207,10.7072,12.371,-0.65,-0.268
1.1095,-5.2516,10.4428,12.190000000000001,-0.46399999999999997,-0.268
1.1789,-5.2516,10.575,12.010000000000002,-0.27799999999999997,-0.268
1.1326,-5.2977,10.575,12.190000000000001,-0.371,-0.201
1.0633,-5.3668,10.7072,12.642,-0.371,-0.201
1.0171,-5.505,11.1037,13.003,-0.65,-0.268
0.9246,-5.528,11.2359,13.003,-0.65,-0.268
1.0633,-5.4589,10.8393,12.822,-0.371,-0.268
1.1326,-5.3898,10.7072,12.551000000000002,-0.371,-0.201
1.1326,-5.3898,10.575,12.461,-0.371,-0.201
1.0402,-5.4128,10.7072,12.551000000000002,-0.5569999999999999,-0.201
0.9939,-5.3437,10.575,12.280999999999999,-0.65,-0.268
0.9477,-5.1825,10.1784,11.648,-0.65,-0.268
0.9015,-4.9752,9.7818,11.015999999999998,-0.836,-0.201
0.6934,-4.6067,8.9887,9.841999999999999,-1.207,-0.201
0.6934,-4.6067,8.9887,9.841999999999999,-1.207,-0.201
0.6472,-4.4915,8.5922,9.481,-1.3,-0.268
0.6703,-4.3303,8.1956,9.120000000000001,-1.207,-0.201
0.7397,-4.2151,7.9312,8.668,-1.115,-0.268
0.7859,-4.0999,7.6668,8.488,-1.115,-0.134
0.8321,-4.0078,7.5346,8.036,-1.022,-0.134
0.8321,-3.9617,7.5346,8.036,-1.022,-0.268
0.809,-4.0078,7.5346,8.036,-0.836,-0.268
0.809,-4.0078,7.6668,8.217,-1.022,-0.201
0.6703,-3.9156,7.4025,7.765,-1.3,-0.403
0.6241,-3.8465,7.2703,7.765,-1.393,-0.335
0.7628,-3.8465,7.2703,7.584999999999999,-1.115,-0.268
1.0402,-3.8235,7.4025,7.495000000000001,-0.5569999999999999,-0.201
1.2251,-3.8465,7.4025,7.584999999999999,-0.092,-0.067
1.0633,-3.8465,7.4025,7.765,-0.5569999999999999,-0.134
0.9708,-3.8696,7.4025,7.856,-0.65,-0.201
1.0864,-3.9617,7.6668,8.036,-0.46399999999999997,-0.134
1.0402,-3.9847,7.799,8.217,-0.46399999999999997,-0.134
0.9246,-4.0538,7.799,8.488,-0.836,-0.134
0.7859,-4.0308,7.799,8.307,-1.207,-0.134
0.9477,-4.0769,7.799,8.488,-0.7430000000000001,-0.201
0.9477,-4.0769,7.799,8.488,-0.7430000000000001,-0.201
0.9477,-4.0769,7.9312,8.488,-0.65,-0.201
0.9939,-4.0538,7.9312,8.307,-0.65,-0.201
0.9708,-3.9847,7.6668,8.126999999999999,-0.65,-0.134
0.6934,-4.0078,7.6668,8.036,-1.207,-0.268
0.7165,-4.0078,7.799,8.217,-1.207,-0.201
0.9015,-4.0308,7.9312,8.398,-0.9289999999999999,-0.134
1.0171,-4.0308,7.9312,8.217,-0.46399999999999997,-0.201
1.0864,-3.9847,7.9312,8.126999999999999,-0.371,-0.268
1.1095,-3.9387,7.6668,7.856,-0.27799999999999997,-0.201
1.0633,-3.9387,7.5346,8.036,-0.46399999999999997,-0.067
0.9477,-3.9847,7.799,8.126999999999999,-0.65,-0.201
1.0171,-4.0769,7.9312,8.488,-0.5569999999999999,-0.201
1.0171,-4.0769,7.9312,8.488,-0.5569999999999999,-0.201
0.9939,-4.169,8.1956,8.759,-0.65,-0.201
0.9246,-4.192,8.1956,8.939,-0.7430000000000001,-0.201
0.9015,-4.2842,8.3278,9.030000000000001,-0.836,-0.201
1.0633,-4.4685,8.7243,9.751999999999999,-0.5569999999999999,-0.201
1.0633,-4.4685,8.7243,9.751999999999999,-0.5569999999999999,-0.201
1.0633,-4.5145,8.8565,9.841999999999999,-0.65,-0.201
1.0864,-4.5606,8.8565,9.933,-0.65,-0.201
1.0402,-4.6297,9.2531,10.113000000000001,-0.836,-0.201
1.0171,-4.6758,9.2531,10.384,-0.836,-0.134
1.0633,-4.814,9.6497,10.835999999999999,-0.5569999999999999,-0.201
1.0864,-4.7909,9.5175,10.655,-0.5569999999999999,-0.134
1.1095,-4.7218,9.3853,10.474,-0.46399999999999997,-0.067
1.0633,-4.6527,8.9887,10.023,-0.65,-0.134
0.9939,-4.5376,8.7243,9.751999999999999,-0.7430000000000001,-0.067
0.9246,-4.5376,8.7243,9.661999999999999,-0.836,-0.268
0.8321,-4.5145,8.7243,9.571,-0.9289999999999999,-0.201
0.809,-4.4685,8.7243,9.571,-0.9289999999999999,-0.335
0.9246,-4.4915,8.5922,9.571,-0.7430000000000001,-0.201
1.0171,-4.4685,8.7243,9.391,-0.7430000000000001,-0.268
0.8552,-4.3303,8.3278,9.030000000000001,-0.9289999999999999,-0.134
0.7859,-4.192,7.9312,8.668,-1.022,-0.201
0.7628,-4.0769,7.799,8.398,-1.115,-0.134
0.7859,-4.0078,7.6668,8.036,-1.207,-0.201
0.7859,-3.8465,7.5346,7.675,-1.022,-0.134
0.7859,-3.8465,7.5346,7.675,-1.022,-0.134
0.809,-3.8696,7.4025,7.584999999999999,-1.022,-0.134
0.9246,-4.0078,7.9312,8.307,-0.836,-0.134
0.9015,-4.0538,7.9312,8.398,-0.65,-0.134
0.8784,-3.9156,7.6668,7.856,-0.836,-0.134
0.8784,-3.9387,7.5346,7.765,-0.9289999999999999,-0.201
0.9477,-3.8926,7.2703,7.584999999999999,-0.5569999999999999,-0.268
0.9939,-3.9156,7.4025,7.675,-0.65,-0.201
0.9246,-3.8696,7.4025,7.765,-0.7430000000000001,-0.201
0.7165,-3.7083,7.0059,7.314,-1.115,-0.268
0.5779,-3.5701,6.7415,7.043,-1.4860000000000002,-0.134
0.7397,-3.3859,6.2128,6.501,-1.115,-0.067
0.7397,-3.3859,6.2128,6.501,-1.115,-0.067
0.809,-3.3628,6.2128,6.321,-0.7430000000000001,-0.134
0.8552,-3.455,6.4771,6.682,-0.7430000000000001,-0.201
0.8321,-3.5241,6.7415,6.953,-0.9289999999999999,-0.201
0.809,-3.5241,6.7415,6.862,-0.9289999999999999,-0.268
0.8321,-3.3628,6.345,6.411,-0.7430000000000001,-0.134
0.8321,-3.3398,6.345,6.321,-0.836,-0.134
0.809,-3.3398,6.2128,6.321,-0.836,-0.067
1.0633,-3.4089,6.7415,6.5920000000000005,-0.185,-0.067
1.1558,-3.4089,6.7415,6.5920000000000005,-0.092,-0.067
1.0402,-3.4319,6.6093,6.682,-0.46399999999999997,-0.0
0.8784,-3.4089,6.4771,6.501,-0.5569999999999999,-0.134
0.5779,-3.455,6.345,6.772,-1.4860000000000002,-0.067
0.6472,-3.478,6.6093,6.953,-1.207,-0.067
0.9939,-3.5241,6.7415,6.953,-0.46399999999999997,-0.201
1.2944,-3.5701,7.1381,7.043,0.27799999999999997,-0.134
1.202,-3.7083,7.2703,7.224,0.0,-0.067
1.0171,-3.8235,7.5346,7.765,-0.46399999999999997,-0.201
0.9246,-3.9847,7.799,8.217,-0.65,-0.268
0.9015,-4.1229,8.1956,8.759,-0.7430000000000001,-0.201
1.2251,-4.3763,8.7243,9.481,-0.092,-0.268
1.3869,-4.4454,8.9887,9.661999999999999,0.27799999999999997,-0.201
1.3869,-4.5836,9.2531,10.113000000000001,0.185,-0.134
1.2482,-4.6988,9.5175,10.474,-0.092,-0.201
1.1558,-4.9982,10.0462,11.287,-0.27799999999999997,-0.134
1.1558,-5.1595,10.4428,11.829,-0.27799999999999997,-0.403
1.1789,-5.3207,10.8393,12.371,-0.092,-0.335
1.2251,-5.4819,11.2359,12.912999999999998,0.0,-0.201
1.2251,-5.5741,11.3681,13.184000000000001,0.0,-0.201
1.2251,-5.5741,11.3681,13.184000000000001,0.0,-0.201
1.2251,-5.6201,11.2359,13.003,-0.092,-0.201
1.2251,-5.8735,12.029,14.087,-0.092,-0.403
1.2251,-5.8735,12.029,14.087,-0.092,-0.403
1.1326,-5.9656,12.1612,14.448,-0.27799999999999997,-0.335
1.1326,-6.0117,12.1612,14.357,-0.092,-0.335
1.1789,-6.0117,12.1612,14.357,0.0,-0.268
1.2251,-5.9656,12.1612,14.177,0.092,-0.335
1.1558,-5.9656,12.1612,14.357,0.0,-0.335
1.1095,-6.0117,12.1612,14.448,-0.27799999999999997,-0.335
1.0633,-6.0578,12.1612,14.538,-0.27799999999999997,-0.268
0.9939,-6.1269,12.2934,14.719,-0.371,-0.403
1.0633,-6.0578,12.1612,14.448,-0.371,-0.335
1.1095,-6.0117,11.8968,14.177,-0.27799999999999997,-0.335
1.0402,-5.9426,11.6325,13.906,-0.27799999999999997,-0.201
0.9939,-5.7353,11.2359,13.093,-0.5569999999999999,-0.268
0.9015,-5.551,10.7072,12.461,-0.5569999999999999,-0.335
0.9015,-5.4128,10.1784,12.010000000000002,-0.7430000000000001,-0.201
0.8552,-5.2516,9.914,11.468,-0.7430000000000001,-0.268
0.809,-5.1134,9.6497,11.107,-0.836,-0.201
0.6703,-4.7449,9.1209,10.023,-1.207,-0.201
0.6472,-4.5836,8.7243,9.481,-1.022,-0.335
0.6241,-4.4454,8.46,9.030000000000001,-1.207,-0.268
0.6472,-4.3763,8.3278,8.939,-1.115,-0.268
0.7165,-4.4454,8.3278,9.120000000000001,-1.022,-0.268
0.7397,-4.4685,8.46,9.21,-1.022,-0.268
0.7628,-4.5145,8.46,9.391,-0.836,-0.268
0.7859,-4.4685,8.46,9.120000000000001,-0.7430000000000001,-0.335
0.8321,-4.4915,8.3278,9.21,-0.836,-0.268
0.809,-4.4685,8.3278,9.120000000000001,-0.836,-0.134
0.7397,-4.4454,8.1956,9.120000000000001,-0.9289999999999999,-0.201
0.6241,-4.3994,8.1956,9.030000000000001,-1.115,-0.268
0.5547,-4.2842,8.0634,8.759,-1.393,-0.335
0.5547,-4.2842,8.0634,8.759,-1.393,-0.335
0.7628,-4.2612,7.9312,8.668,-0.9289999999999999,-0.268
1.0171,-4.2612,8.0634,8.488,-0.371,-0.268
0.9708,-4.2151,7.9312,8.398,-0.5569999999999999,-0.134
0.9708,-4.2151,7.9312,8.398,-0.5569999999999999,-0.134
0.9477,-4.0769,7.5346,7.856,-0.46399999999999997,-0.201
0.9246,-3.9847,7.4025,7.765,-0.65,-0.134
0.9477,-3.8465,7.1381,7.404,-0.5569999999999999,-0.134
0.9015,-3.7544,7.0059,7.224,-0.7430000000000001,-0.134
0.9015,-3.7544,7.0059,7.224,-0.7430000000000001,-0.134
0.6934,-3.6392,6.8737,7.043,-1.3,-0.134
0.7397,-3.6162,6.7415,6.953,-1.022,-0.067
0.809,-3.5701,6.6093,6.772,-0.65,-0.201
0.8784,-3.5471,6.4771,6.682,-0.65,-0.134
0.8784,-3.478,6.4771,6.5920000000000005,-0.836,-0.201
0.8552,-3.478,6.345,6.501,-0.65,-0.268
0.601,-3.4089,6.345,6.411,-1.393,-0.134
0.7397,-3.3859,6.2128,6.411,-1.115,-0.134
0.9477,-3.3168,6.4771,6.14,-0.371,-0.067
1.0633,-3.2707,6.2128,5.959,-0.185,-0.067
1.0402,-3.2707,6.2128,5.959,-0.27799999999999997,-0.067
0.9708,-3.2937,6.2128,6.05,-0.46399999999999997,-0.0
0.8784,-3.3859,6.345,6.501,-0.65,-0.268
0.8784,-3.478,6.6093,6.772,-0.7430000000000001,-0.268
0.9477,-3.5241,7.0059,6.953,-0.5569999999999999,-0.268
0.9939,-3.5701,7.0059,7.224,-0.5569999999999999,-0.268
0.8552,-3.7314,7.1381,7.314,-0.9289999999999999,-0.201
0.8552,-3.7314,7.1381,7.314,-0.9289999999999999,-0.201
0.9246,-3.8696,7.4025,7.856,-0.7430000000000001,-0.201
0.9939,-4.0078,7.9312,8.398,-0.5569999999999999,-0.201
1.1095,-4.2151,8.1956,8.849,-0.27799999999999997,-0.201
1.0864,-4.2381,8.1956,8.939,-0.46399999999999997,-0.201
0.9939,-4.3072,8.3278,9.030000000000001,-0.7430000000000001,-0.134
0.9477,-4.3994,8.5922,9.21,-0.7430000000000001,-0.268
1.0633,-4.5606,8.8565,9.751999999999999,-0.5569999999999999,-0.201
1.2251,-4.7218,9.3853,10.384,-0.092,-0.201
1.3176,-5.0904,10.3106,11.468,0.185,-0.134
1.3176,-5.2055,10.7072,11.829,0.0,-0.268
1.2713,-5.3207,10.7072,12.280999999999999,0.0,-0.201
1.2251,-5.4128,10.8393,12.461,-0.185,-0.335
1.2713,-5.5741,11.1037,12.822,-0.092,-0.335
1.3407,-5.7123,11.5003,13.364,0.185,-0.335
1.3638,-5.8274,11.7647,13.725000000000001,0.185,-0.268
1.2713,-5.9426,12.029,14.177,0.0,-0.268
1.1326,-5.9656,12.029,14.087,-0.185,-0.335
1.1326,-5.9887,11.8968,14.087,-0.27799999999999997,-0.335
1.2251,-6.2881,12.69,14.990000000000002,0.185,-0.403
1.1558,-6.2651,12.69,14.809000000000001,-0.185,-0.335
1.1095,-6.219,12.4256,14.538,-0.185,-0.47
1.1095,-6.219,12.4256,14.538,-0.185,-0.47
1.1558,-6.1269,12.1612,14.267000000000001,-0.185,-0.268
1.1095,-6.1269,12.2934,14.448,-0.27799999999999997,-0.268
1.1095,-6.1038,12.2934,14.267000000000001,-0.371,-0.268
1.0633,-6.0347,12.029,13.995999999999999,-0.371,-0.268
1.0171,-5.9426,11.6325,13.545,-0.371,-0.268
1.0171,-5.8274,11.1037,13.003,-0.5569999999999999,-0.268
0.9015,-5.5971,10.575,12.190000000000001,-0.836,-0.268
0.8784,-5.551,10.4428,12.1,-0.836,-0.268
0.809,-5.505,10.3106,12.1,-1.022,-0.335
0.7859,-5.4128,10.1784,11.919,-1.022,-0.268
0.7859,-5.2977,9.914,11.558,-0.9289999999999999,-0.268
0.7628,-5.1134,9.6497,10.835999999999999,-1.022,-0.335
0.7859,-4.837,8.9887,10.023,-1.022,-0.268
0.7628,-4.7449,8.7243,9.571,-0.9289999999999999,-0.335
0.7628,-4.6297,8.46,9.301,-0.9289999999999999,-0.335
0.7165,-4.4685,8.1956,8.939,-1.115,-0.268
0.601,-4.0538,7.4025,7.765,-1.207,-0.335
0.5779,-3.9156,7.1381,7.495000000000001,-1.4860000000000002,-0.201
0.6241,-3.8235,7.0059,7.224,-1.4860000000000002,-0.268
0.7397,-3.8696,7.1381,7.404,-1.115,-0.134
0.8321,-3.9387,7.4025,7.675,-0.9289999999999999,-0.201
0.9015,-4.0078,7.4025,7.856,-0.7430000000000001,-0.201
0.9477,-4.0308,7.4025,7.856,-0.65,-0.201
0.9246,-3.9847,7.2703,7.675,-0.65,-0.134
0.8784,-3.9156,7.1381,7.404,-0.7430000000000001,-0.201
0.7628,-3.8465,7.0059,7.224,-0.9289999999999999,-0.201
0.7628,-3.8005,6.8737,7.224,-1.022,-0.201
0.809,-3.7774,6.8737,7.224,-0.836,-0.268
0.7397,-3.6853,6.8737,7.043,-1.022,-0.335
0.6703,-3.6392,6.7415,6.862,-1.115,-0.268
0.5779,-3.5471,6.345,6.5920000000000005,-1.207,-0.134
0.5779,-3.5471,6.345,6.5920000000000005,-1.207,-0.134
1.1095,-3.5241,6.7415,6.5920000000000005,-0.092,-0.134
1.2482,-3.455,6.8737,6.411,0.185,-0.067
1.1326,-3.478,6.7415,6.501,-0.092,-0.067
0.8552,-3.4319,6.345,6.321,-0.65,-0.134
0.6703,-3.455,6.2128,6.411,-1.3,-0.134
0.6934,-3.5241,6.345,6.682,-1.3,-0.134
0.9015,-3.5932,6.7415,6.862,-0.7430000000000001,-0.268
0.9939,-3.5932,6.7415,6.953,-0.5569999999999999,-0.201
0.9246,-3.5932,6.6093,6.953,-0.7430000000000001,-0.201
0.8321,-3.5932,6.6093,6.772,-0.836,-0.067
0.8784,-3.5241,6.4771,6.682,-0.7430000000000001,-0.201
0.9477,-3.5701,6.6093,6.862,-0.65,-0.201
1.0171,-3.7544,7.0059,7.224,-0.5569999999999999,-0.134
1.0402,-3.8926,7.4025,7.765,-0.5569999999999999,-0.134
0.6703,-4.0078,7.799,8.307,-1.207,-0.268
0.7165,-4.0999,7.9312,8.398,-1.207,-0.268
1.0171,-4.169,8.1956,8.578,-0.5569999999999999,-0.201
1.3176,-4.3072,8.46,9.030000000000001,0.092,-0.201
1.2944,-4.7218,9.5175,10.474,-0.092,-0.268
1.2944,-4.7218,9.5175,10.474,-0.092,-0.268
1.2251,-5.0213,10.0462,11.107,-0.185,-0.201
1.3869,-5.0443,10.0462,10.926,0.092,-0.134
1.2713,-5.1825,10.3106,11.468,-0.185,-0.201
1.0171,-5.3437,10.4428,12.1,-0.836,-0.268
0.7628,-5.4819,10.9715,12.732000000000001,-1.207,-0.268
0.7859,-5.5971,11.3681,13.184000000000001,-1.115,-0.335
1.0171,-5.5971,11.5003,13.093,-0.5569999999999999,-0.335
1.2713,-5.6892,11.3681,13.003,0.092,-0.335
1.2713,-5.6892,11.3681,13.003,0.092,-0.335
1.1789,-5.7353,11.1037,12.732000000000001,-0.27799999999999997,-0.134
1.1558,-5.7814,11.3681,13.184000000000001,-0.27799999999999997,-0.268
1.2251,-5.9426,11.7647,13.545,-0.185,-0.268
1.2944,-5.9887,11.8968,13.815999999999999,0.092,-0.134
1.2713,-5.9196,11.7647,13.635,0.092,-0.201
1.2251,-5.8044,11.5003,13.184000000000001,-0.092,-0.201
1.1789,-5.6201,10.9715,12.461,-0.27799999999999997,-0.268
1.1789,-5.6201,10.9715,12.461,-0.27799999999999997,-0.268
0.9939,-5.6892,10.9715,12.642,-0.65,-0.134
0.9246,-5.6892,10.9715,12.732000000000001,-0.7430000000000001,-0.201
0.9246,-5.6892,10.9715,12.642,-0.7430000000000001,-0.335
0.9015,-5.6892,10.9715,12.732000000000001,-0.7430000000000001,-0.268
1.0864,-5.505,10.4428,11.919,-0.371,-0.268
1.0864,-5.505,10.4428,11.919,-0.371,-0.268
0.9939,-5.4589,10.3106,11.738999999999999,-0.65,-0.201
0.809,-5.1825,9.6497,10.926,-0.9289999999999999,-0.268
0.8552,-5.0904,9.3853,10.745000000000001,-0.9289999999999999,-0.201
0.8321,-4.9291,9.2531,10.204,-1.115,-0.268
0.809,-4.7909,8.9887,9.751999999999999,-1.022,-0.268
0.809,-4.6527,8.7243,9.481,-0.9289999999999999,-0.268
0.809,-4.5836,8.5922,9.120000000000001,-0.836,-0.268
0.809,-4.192,7.799,8.126999999999999,-0.836,-0.201
0.6934,-3.9156,7.1381,7.314,-1.3,-0.134
0.601,-3.8005,7.0059,7.133000000000001,-1.393,-0.067
0.5779,-3.7314,6.8737,7.043,-1.3,-0.134
0.7165,-3.8696,7.1381,7.314,-1.115,-0.134
0.9246,-4.0769,7.9312,8.126999999999999,-0.5569999999999999,-0.268
0.9477,-4.1229,8.0634,8.307,-0.5569999999999999,-0.268
0.9708,-4.1229,7.5346,7.856,-0.5569999999999999,-0.268
0.9708,-4.0308,7.4025,7.675,-0.46399999999999997,-0.268
0.9246,-4.0078,7.5346,7.675,-0.65,-0.335
0.8552,-4.169,7.799,8.398,-0.7430000000000001,-0.134
0.7859,-4.2381,7.799,8.398,-0.836,-0.201
0.9015,-4.2151,7.799,8.217,-0.5569999999999999,-0.134
1.0171,-4.146,7.799,8.036,-0.27799999999999997,-0.134
1.0402,-4.146,7.9312,8.307,-0.371,-0.201
1.0171,-4.3303,8.0634,8.759,-0.371,-0.201
0.9246,-4.2842,8.1956,8.759,-0.65,-0.201
0.9246,-4.192,7.9312,8.398,-0.65,-0.268
0.9477,-4.0769,7.5346,8.036,-0.65,-0.201
0.8552,-3.9156,7.1381,7.404,-0.836,-0.134
0.7859,-3.9387,7.2703,7.404,-0.9289999999999999,-0.201
0.809,-3.9847,7.4025,7.765,-0.9289999999999999,-0.201
0.8552,-4.0308,7.6668,7.765,-0.65,-0.268
0.8552,-4.0308,7.6668,7.765,-0.65,-0.268
0.9939,-4.0308,7.5346,7.765,-0.371,-0.268
1.0402,-4.0999,7.6668,7.946,-0.371,-0.134
0.9015,-4.2612,8.0634,8.578,-0.7430000000000001,-0.268
0.8552,-4.3303,8.3278,8.939,-0.836,-0.335
0.8321,-4.3763,8.3278,8.939,-0.836,-0.335
0.8552,-4.4454,8.46,9.030000000000001,-0.836,-0.268
0.9939,-4.5836,8.7243,9.571,-0.5569999999999999,-0.268
1.1789,-4.814,9.5175,10.474,-0.185,-0.134
1.0864,-4.7218,9.1209,9.933,-0.371,-0.268
1.0864,-4.7218,9.1209,9.933,-0.371,-0.268
1.0864,-4.7449,9.1209,9.933,-0.371,-0.134
1.0171,-4.7679,9.2531,10.294,-0.5569999999999999,-0.335
0.9015,-4.7679,9.2531,10.294,-0.7430000000000001,-0.268
0.9246,-4.7449,9.1209,9.933,-0.836,-0.268
0.9246,-4.7449,9.1209,9.933,-0.836,-0.268
1.0402,-4.5606,8.5922,9.120000000000001,-0.46399999999999997,-0.134
1.0633,-4.5376,8.46,9.120000000000001,-0.5569999999999999,-0.134
0.9939,-4.5606,8.46,9.120000000000001,-0.65,-0.134
0.9015,-4.5376,8.5922,9.21,-0.7430000000000001,-0.268
0.8552,-4.5145,8.46,9.120000000000001,-0.7430000000000001,-0.268
0.8784,-4.4454,8.3278,9.030000000000001,-0.65,-0.335
0.9477,-4.3763,8.1956,8.668,-0.65,-0.134
0.9477,-4.3533,8.0634,8.668,-0.7430000000000001,-0.134
0.8784,-4.3763,8.1956,8.668,-0.65,-0.268
0.8784,-4.3533,8.1956,8.849,-0.836,-0.268
0.9015,-4.3303,8.0634,8.759,-0.7430000000000001,-0.268
0.9246,-4.3072,8.0634,8.488,-0.5569999999999999,-0.268
0.9477,-4.3072,8.0634,8.488,-0.5569999999999999,-0.268
0.9939,-4.3072,8.0634,8.488,-0.46399999999999997,-0.268
0.9015,-4.3763,8.1956,8.849,-0.7430000000000001,-0.134
0.9015,-4.3533,8.1956,8.668,-0.65,-0.268
0.9015,-4.2842,8.0634,8.398,-0.65,-0.268
0.8784,-4.2151,7.799,8.217,-0.5569999999999999,-0.134
0.9015,-4.146,7.799,7.946,-0.65,-0.201
0.8552,-4.1229,7.6668,7.856,-0.836,-0.134
0.8552,-4.0999,7.6668,7.856,-0.836,-0.134
0.8552,-4.0999,7.5346,7.765,-0.836,-0.134
0.8784,-4.0538,7.5346,7.765,-0.836,-0.134
0.8784,-3.9847,7.4025,7.675,-0.7430000000000001,-0.134
0.8784,-4.0078,7.4025,7.584999999999999,-0.7430000000000001,-0.134
0.8552,-4.0078,7.4025,7.584999999999999,-0.65,-0.268
0.7397,-3.9617,7.2703,7.404,-0.9289999999999999,-0.335
0.6472,-3.8696,7.2703,7.224,-1.115,-0.268
0.6703,-3.8005,7.0059,7.224,-1.3,-0.201
0.7165,-3.7774,7.0059,7.133000000000001,-0.9289999999999999,-0.268
0.8784,-3.7774,7.0059,7.043,-0.65,-0.201
1.1558,-3.7774,7.0059,6.862,0.0,-0.134
1.1789,-3.7544,7.1381,6.953,0.185,-0.067
1.0171,-3.7544,7.0059,7.043,-0.371,-0.134
0.8552,-3.6392,6.7415,6.862,-0.7430000000000001,-0.134
0.8321,-3.6392,6.6093,6.682,-0.7430000000000001,-0.201
0.8552,-3.6162,6.6093,6.682,-0.5569999999999999,-0.134
0.9015,-3.6162,6.6093,6.5920000000000005,-0.5569999999999999,-0.268
0.8784,-3.5932,6.6093,6.5920000000000005,-0.5569999999999999,-0.201
0.6703,-3.5701,6.6093,6.501,-1.115,-0.067
0.6703,-3.5701,6.6093,6.501,-1.115,-0.067
0.7397,-3.6853,7.0059,6.862,-0.836,-0.201
0.9246,-3.7774,7.1381,7.043,-0.46399999999999997,-0.201
1.0171,-3.8235,7.2703,7.224,-0.371,-0.134
1.0171,-3.8235,7.2703,7.314,-0.185,-0.067
1.0171,-3.8696,7.4025,7.224,-0.371,-0.134
0.9477,-4.0769,7.9312,8.217,-0.371,-0.201
0.9477,-4.0769,7.9312,8.217,-0.371,-0.201
1.0633,-4.3072,8.3278,8.849,-0.371,-0.268
1.1326,-4.4685,8.5922,9.030000000000001,-0.27799999999999997,-0.134
1.1326,-4.4685,8.5922,9.030000000000001,-0.27799999999999997,-0.134
1.1789,-4.4915,8.5922,9.120000000000001,-0.185,-0.134
1.0864,-4.5836,8.7243,9.481,-0.46399999999999997,-0.201
1.0864,-4.5836,8.7243,9.481,-0.46399999999999997,-0.201
1.0864,-4.6527,8.8565,9.661999999999999,-0.371,-0.134
1.0402,-4.6758,9.1209,9.841999999999999,-0.371,-0.201
1.0864,-4.8831,9.914,10.655,-0.27799999999999997,-0.268
1.1558,-4.9291,10.1784,10.835999999999999,-0.185,-0.201
1.1558,-4.9291,10.1784,10.835999999999999,-0.185,-0.201
1.2251,-5.2516,10.4428,11.558,-0.092,-0.268
1.2251,-5.3437,10.4428,11.738999999999999,-0.092,-0.201
1.2482,-5.3898,10.575,11.829,0.092,-0.335
1.202,-5.3898,10.575,11.829,0.092,-0.335
1.0864,-5.3668,10.3106,11.738999999999999,-0.46399999999999997,-0.201
1.0633,-5.3668,10.4428,11.829,-0.371,-0.201
1.0633,-5.3898,10.4428,12.010000000000002,-0.46399999999999997,-0.201
1.0171,-5.4128,10.575,12.010000000000002,-0.46399999999999997,-0.201
0.9246,-5.4128,10.4428,12.010000000000002,-0.65,-0.268
1.0171,-5.3898,10.4428,11.919,-0.5569999999999999,-0.268
1.0864,-5.3668,10.3106,11.738999999999999,-0.371,-0.201
1.0633,-5.3207,10.1784,11.558,-0.371,-0.201
1.0402,-5.2746,10.0462,11.378,-0.371,-0.201
0.9939,-5.2055,9.7818,11.107,-0.5569999999999999,-0.201
0.8784,-5.0904,9.5175,10.835999999999999,-0.7430000000000001,-0.201
0.809,-4.9291,9.3853,10.384,-1.022,-0.201
0.7859,-4.6758,8.7243,9.571,-0.9289999999999999,-0.268
0.7859,-4.5836,8.7243,9.120000000000001,-0.9289999999999999,-0.201
0.7628,-4.5606,8.46,9.030000000000001,-0.7430000000000001,-0.201
0.8321,-4.5376,8.5922,9.030000000000001,-0.9289999999999999,-0.268
0.9015,-4.5376,8.5922,9.030000000000001,-0.65,-0.268
0.9708,-4.5606,8.5922,9.030000000000001,-0.5569999999999999,-0.201
0.9939,-4.5606,8.5922,9.030000000000001,-0.46399999999999997,-0.268
0.9939,-4.6067,8.7243,9.301,-0.5569999999999999,-0.201
0.8784,-4.6758,8.8565,9.571,-0.7430000000000001,-0.201
0.809,-4.6527,8.7243,9.391,-0.836,-0.201
0.809,-4.6067,8.7243,9.120000000000001,-0.836,-0.268
0.8321,-4.4915,8.3278,8.759,-0.7430000000000001,-0.134
0.8784,-4.4685,8.3278,8.849,-0.7430000000000001,-0.201
0.8784,-4.4685,8.3278,9.030000000000001,-0.65,-0.201
0.9015,-4.4454,8.3278,8.939,-0.46399999999999997,-0.201
0.9015,-4.2381,7.9312,8.398,-0.5569999999999999,-0.201
0.4854,-4.0769,7.6668,8.126999999999999,-1.393,-0.201
0.4854,-4.0999,7.9312,8.398,-1.393,-0.268
0.7165,-3.7083,7.799,7.314,-0.9289999999999999,-0.0
0.9246,-4.2151,8.0634,8.307,-0.65,-0.134
1.1095,-4.3072,8.3278,8.578,-0.185,-0.201
1.1095,-4.3072,8.3278,8.578,-0.185,-0.201
1.2251,-4.3533,8.5922,9.030000000000001,-0.092,-0.201
0.9246,-4.0308,8.5922,8.488,-0.7430000000000001,-0.134
0.9015,-4.0999,8.46,8.307,-0.65,-0.201
0.9246,-4.2612,8.1956,8.398,-0.5569999999999999,-0.201
1.0171,-4.2381,8.1956,8.398,-0.371,-0.201
1.0402,-4.2842,8.0634,8.398,-0.27799999999999997,-0.134
0.9246,-4.3072,8.0634,8.488,-0.65,-0.134
0.8321,-4.3072,8.0634,8.488,-0.9289999999999999,-0.201
0.8784,-4.2842,8.0634,8.488,-0.65,-0.201
0.9939,-4.2151,7.799,8.126999999999999,-0.46399999999999997,-0.067
1.0864,-4.0538,7.5346,7.675,-0.27799999999999997,-0.134
1.0864,-4.0538,7.5346,7.675,-0.27799999999999997,-0.134
0.9246,-4.1229,7.6668,7.946,-0.5569999999999999,-0.067
0.9246,-3.8235,7.1381,7.133000000000001,-0.5569999999999999,-0.134
0.9246,-3.8235,7.1381,7.133000000000001,-0.5569999999999999,-0.134
0.9015,-3.7544,6.8737,6.953,-0.65,-0.201
0.809,-3.8005,7.0059,7.133000000000001,-0.836,-0.134
0.9477,-3.6162,6.7415,6.5920000000000005,-0.46399999999999997,-0.201
0.9477,-3.5932,6.7415,6.682,-0.5569999999999999,-0.134
0.9015,-3.6853,6.8737,6.862,-0.65,-0.134
0.8784,-3.7544,7.1381,7.133000000000001,-0.7430000000000001,-0.201
0.9015,-3.8005,7.2703,7.224,-0.7430000000000001,-0.201
0.9708,-3.8235,7.1381,7.133000000000001,-0.5569999999999999,-0.268
1.0171,-3.8235,7.1381,7.224,-0.46399999999999997,-0.134
0.9939,-3.8235,7.2703,7.224,-0.46399999999999997,-0.134
0.9246,-3.8005,6.8737,7.043,-0.5569999999999999,-0.067
0.8552,-3.7544,7.0059,7.043,-0.7430000000000001,-0.201
0.8321,-3.7314,7.1381,7.133000000000001,-0.7430000000000001,-0.201
0.809,-3.8005,7.0059,7.133000000000001,-0.836,-0.067
0.8321,-3.8005,7.0059,7.133000000000001,-0.836,-0.134
0.8552,-3.7774,7.1381,7.133000000000001,-0.7430000000000001,-0.134
0.9246,-3.7544,6.8737,6.953,-0.5569999999999999,-0.134
0.9939,-3.7544,7.0059,6.953,-0.46399999999999997,-0.134
0.9015,-3.8005,7.1381,7.224,-0.65,-0.201
0.8552,-3.8465,7.2703,7.224,-0.7430000000000001,-0.134
0.809,-3.8465,7.2703,7.224,-0.7430000000000001,-0.201
0.8552,-3.9156,7.4025,7.495000000000001,-0.836,-0.201
0.8552,-3.9617,7.5346,7.584999999999999,-0.65,-0.201
0.9246,-3.9847,7.6668,7.675,-0.65,-0.134
0.9708,-4.0078,7.799,7.675,-0.371,-0.134
0.9708,-4.0078,7.799,7.675,-0.371,-0.134
0.9477,-3.8926,7.4025,7.224,-0.46399999999999997,-0.134
0.6241,-3.8926,7.2703,7.404,-1.3,-0.201
0.6241,-3.8926,7.2703,7.404,-1.3,-0.201
0.9708,-4.1229,8.0634,8.217,-0.5569999999999999,-0.134
1.1326,-4.1229,8.0634,8.307,-0.185,-0.134
1.1095,-4.0999,7.9312,7.946,-0.185,-0.134
1.0633,-4.1229,7.799,7.765,-0.27799999999999997,-0.067
1.0633,-4.0769,7.799,7.765,-0.27799999999999997,-0.134
0.9939,-4.146,7.9312,7.946,-0.371,-0.201
1.0171,-4.3533,8.3278,8.668,-0.371,-0.201
1.0864,-4.5376,8.7243,9.21,-0.371,-0.201
1.0864,-4.6758,9.1209,9.661999999999999,-0.46399999999999997,-0.134
1.0633,-4.6988,9.1209,9.571,-0.46399999999999997,-0.201
1.1558,-4.7679,9.5175,10.113000000000001,-0.185,-0.201
1.1558,-4.7679,9.5175,10.113000000000001,-0.185,-0.201
1.1558,-5.0443,10.1784,10.926,-0.092,-0.335
1.1789,-5.0904,10.0462,10.835999999999999,-0.185,-0.335
1.1095,-4.9982,9.7818,10.474,-0.27799999999999997,-0.201
1.1095,-4.9752,9.914,10.474,-0.371,-0.335
1.0171,-5.0904,10.0462,10.835999999999999,-0.371,-0.201
0.9477,-5.2286,10.3106,11.378,-0.46399999999999997,-0.268
0.9477,-5.2286,10.3106,11.378,-0.46399999999999997,-0.268
1.0633,-5.3898,10.7072,11.919,-0.371,-0.335
1.2251,-5.4128,10.575,11.829,0.092,-0.268
1.2251,-5.4128,10.575,11.829,0.092,-0.268
1.2713,-5.4359,10.575,11.738999999999999,0.27799999999999997,-0.201
1.2251,-5.4819,10.7072,11.919,0.092,-0.134
0.9477,-5.5741,10.8393,12.280999999999999,-0.371,-0.201
0.8784,-5.4819,10.7072,12.010000000000002,-0.65,-0.201
0.8784,-5.3898,10.3106,11.558,-0.7430000000000001,-0.268
0.8784,-5.2746,10.0462,11.107,-0.5569999999999999,-0.268
0.9477,-5.1134,9.5175,10.655,-0.5569999999999999,-0.201
0.9246,-4.9752,9.5175,10.384,-0.5569999999999999,-0.201
0.9246,-4.7449,8.8565,9.481,-0.65,-0.134
0.9015,-4.6297,8.7243,9.120000000000001,-0.65,-0.134
0.8321,-4.5606,8.5922,9.030000000000001,-0.836,-0.268
0.7859,-4.5836,8.7243,9.21,-1.022,-0.201
0.7165,-4.6527,8.9887,9.481,-1.022,-0.268
0.7397,-4.6988,8.9887,9.481,-0.9289999999999999,-0.335
0.8321,-4.6758,8.9887,9.391,-0.836,-0.403
0.9246,-4.6297,8.7243,9.21,-0.5569999999999999,-0.268
0.9246,-4.4454,8.1956,8.488,-0.65,-0.201
0.8552,-4.3533,7.9312,8.307,-0.7430000000000001,-0.201
0.7859,-4.2842,7.9312,8.126999999999999,-0.836,-0.268
0.7397,-4.169,7.9312,8.036,-1.022,-0.201
0.7397,-4.169,7.9312,8.036,-1.022,-0.201
0.601,-4.0999,7.6668,7.856,-1.207,-0.201
0.6934,-4.0769,7.6668,7.675,-1.022,-0.201
0.809,-3.9847,7.5346,7.584999999999999,-0.836,-0.134
1.0171,-3.8926,7.4025,7.133000000000001,-0.46399999999999997,-0.201
1.1558,-3.8235,7.2703,7.043,0.0,-0.201
1.0402,-3.8465,7.2703,7.043,-0.092,-0.201
0.8552,-3.8465,7.2703,7.224,-0.7430000000000001,-0.201
0.7165,-3.8926,7.2703,7.224,-0.9289999999999999,-0.335
0.809,-3.9156,7.4025,7.224,-0.7430000000000001,-0.268
0.9939,-3.9847,7.5346,7.314,-0.46399999999999997,-0.201
1.0864,-4.0308,7.6668,7.584999999999999,-0.27799999999999997,-0.134
0.9015,-4.0308,7.5346,7.675,-0.65,-0.134
0.5779,-3.9617,7.4025,7.495000000000001,-1.393,-0.201
0.5316,-3.9156,7.2703,7.404,-1.3,-0.268
0.601,-3.9387,7.2703,7.495000000000001,-1.115,-0.201
0.7628,-4.0078,7.4025,7.584999999999999,-0.9289999999999999,-0.201
1.0171,-4.0308,7.5346,7.584999999999999,-0.092,-0.134
1.2944,-3.9847,7.6668,7.495000000000001,0.27799999999999997,-0.067
1.3176,-3.9387,7.6668,7.404,0.371,-0.067
0.6934,-3.8005,7.1381,7.043,-1.115,-0.201
0.6472,-3.7544,7.0059,7.133000000000001,-1.115,-0.201
0.6703,-3.8465,7.2703,7.224,-1.022,-0.268
1.1558,-4.0308,7.799,7.765,-0.092,-0.201
1.3407,-4.0078,7.9312,7.765,0.371,-0.067
1.1789,-4.0078,7.799,7.584999999999999,0.0,-0.134
0.9477,-4.0308,7.6668,7.584999999999999,-0.5569999999999999,-0.134
1.1326,-4.0999,7.6668,7.946,-0.092,-0.201
1.1789,-4.169,7.9312,8.217,-0.185,-0.201
1.1326,-4.2381,8.0634,8.488,-0.092,-0.201
0.9939,-4.169,7.9312,8.217,-0.371,-0.134
0.7859,-4.0769,7.6668,7.765,-0.836,-0.268
0.7397,-4.0308,7.5346,7.765,-1.022,-0.268
0.7628,-4.0308,7.5346,7.675,-0.9289999999999999,-0.268
0.9246,-4.2842,8.1956,8.488,-0.46399999999999997,-0.201
0.9246,-4.2842,8.1956,8.488,-0.46399999999999997,-0.201
1.0633,-4.3072,8.46,8.759,-0.27799999999999997,-0.268
1.2251,-4.2381,8.1956,8.488,0.092,-0.067
1.2251,-4.2381,8.1956,8.488,0.092,-0.067
1.1789,-4.2381,7.9312,8.126999999999999,-0.092,-0.067
0.8552,-4.3303,8.1956,8.668,-0.65,-0.201
0.8552,-4.3303,8.1956,8.668,-0.65,-0.201
0.9477,-4.4454,8.46,8.939,-0.65,-0.134
1.0633,-4.5606,8.7243,9.120000000000001,-0.371,-0.134
1.202,-4.6297,9.1209,9.571,0.0,-0.201
1.202,-4.6297,9.1209,9.571,0.0,-0.201
1.1789,-4.86,9.6497,10.113000000000001,0.0,-0.134
1.1558,-4.9061,9.6497,10.204,-0.092,-0.201
1.1558,-4.9291,9.6497,10.474,-0.27799999999999997,-0.201
1.1095,-5.0213,9.7818,10.565,-0.371,-0.268
1.0402,-5.0443,9.914,10.655,-0.371,-0.268
0.9939,-5.0904,10.0462,10.835999999999999,-0.46399999999999997,-0.268
1.0633,-5.1595,10.3106,11.015999999999998,-0.185,-0.268
1.1095,-5.0673,10.0462,10.745000000000001,-0.092,-0.268
1.0864,-5.1364,9.914,10.655,-0.185,-0.268
1.1326,-5.2286,10.1784,11.107,-0.185,-0.201
1.0633,-5.2286,10.0462,11.197,-0.371,-0.201
0.9708,-4.9522,9.5175,10.204,-0.5569999999999999,-0.201
0.8784,-4.814,8.9887,9.661999999999999,-0.65,-0.134
0.8321,-4.6988,8.8565,9.301,-0.836,-0.201
0.8321,-4.6988,8.9887,9.301,-0.836,-0.201
0.8784,-4.814,9.3853,9.933,-0.7430000000000001,-0.201
0.8784,-4.814,9.3853,9.933,-0.7430000000000001,-0.201
1.1095,-4.9522,9.5175,10.204,-0.185,-0.201
1.0402,-4.9291,9.6497,10.204,-0.27799999999999997,-0.268
0.9477,-4.9291,9.5175,10.294,-0.46399999999999997,-0.201
0.8784,-4.9061,9.3853,10.204,-0.836,-0.134
0.8552,-4.837,9.1209,9.841999999999999,-0.7430000000000001,-0.134
0.8321,-4.7449,8.9887,9.391,-0.7430000000000001,-0.201
0.8552,-4.6758,8.7243,9.120000000000001,-0.7430000000000001,-0.201
0.8321,-4.5606,8.46,8.939,-0.65,-0.268
0.9015,-4.3303,8.0634,8.126999999999999,-0.5569999999999999,-0.134
0.9246,-4.146,7.6668,7.675,-0.46399999999999997,-0.134
0.9246,-3.9847,7.4025,7.224,-0.5569999999999999,-0.134
0.3929,-3.5241,6.4771,6.411,-1.5790000000000002,-0.134
0.5316,-3.5241,6.4771,6.411,-1.207,-0.134
0.5316,-3.5241,6.4771,6.411,-1.207,-0.134
0.9015,-3.501,6.4771,6.23,-0.371,-0.134
1.0402,-3.4089,6.4771,6.05,-0.092,-0.067
0.6703,-3.3628,6.0806,5.869,-0.9289999999999999,-0.134
0.8321,-3.3398,6.345,5.779,-0.5569999999999999,-0.134
1.2251,-3.3628,6.6093,5.959,0.371,-0.134
1.0171,-3.501,6.6093,6.411,-0.092,-0.134
0.9246,-3.5701,6.6093,6.5920000000000005,-0.371,-0.134
0.9015,-3.5932,6.6093,6.682,-0.5569999999999999,-0.134
1.0402,-3.5241,6.6093,6.411,-0.092,-0.134
1.0633,-3.5932,6.6093,6.501,-0.092,-0.134
1.0633,-3.5932,6.6093,6.501,-0.092,-0.134
0.8552,-3.7314,7.2703,7.224,-0.65,-0.201
0.8552,-3.7314,7.2703,7.224,-0.65,-0.201
0.9246,-3.9156,7.4025,7.314,-0.5569999999999999,-0.201
1.0171,-3.9847,7.5346,7.404,-0.27799999999999997,-0.134
1.1095,-4.0308,7.6668,7.675,-0.185,-0.201
1.1789,-4.0769,7.799,7.765,-0.092,-0.134
1.202,-4.146,8.0634,7.946,-0.092,-0.201
1.0633,-4.2151,8.1956,8.307,-0.371,-0.134
1.0633,-4.2151,8.1956,8.307,-0.371,-0.134
0.9939,-4.2612,8.0634,8.307,-0.46399999999999997,-0.134
0.9246,-4.2612,8.1956,8.217,-0.65,-0.134
0.9246,-4.4454,8.46,9.030000000000001,-0.46399999999999997,-0.268
1.1095,-4.7449,9.2531,9.933,-0.27799999999999997,-0.201
1.1789,-4.86,9.6497,10.204,0.0,-0.134
1.2251,-4.9291,9.7818,10.474,0.0,-0.067
1.1095,-5.0673,10.0462,10.745000000000001,-0.185,-0.268
1.0171,-5.2055,10.1784,11.107,-0.27799999999999997,-0.201
0.9246,-5.1595,10.0462,10.926,-0.5569999999999999,-0.201
0.9708,-5.2286,10.1784,11.107,-0.46399999999999997,-0.201
1.0633,-5.3207,10.4428,11.378,-0.185,-0.134
1.1326,-5.2977,10.7072,11.648,-0.092,-0.134
1.1326,-4.9522,10.8393,10.926,-0.092,-0.134
1.1326,-4.9522,10.8393,10.926,-0.092,-0.134
1.0171,-5.2286,10.0462,11.015999999999998,-0.27799999999999997,-0.201
1.0864,-5.2746,10.1784,11.197,-0.185,-0.201
1.0402,-5.3437,10.3106,11.558,-0.092,-0.268
0.9708,-5.4128,10.575,11.648,-0.46399999999999997,-0.268
0.9246,-5.4819,10.575,11.738999999999999,-0.5569999999999999,-0.268
0.9939,-5.3898,10.575,11.558,-0.371,-0.201
1.0402,-5.2977,10.3106,11.378,-0.27799999999999997,-0.201
1.0633,-5.2286,10.0462,10.835999999999999,-0.185,-0.201
0.9015,-5.0904,9.6497,10.474,-0.65,-0.201
0.9015,-5.0904,9.6497,10.474,-0.65,-0.201
0.8552,-5.0213,9.6497,10.384,-0.65,-0.201
0.8321,-4.7909,8.9887,9.571,-0.7430000000000001,-0.201
0.8552,-4.7449,8.9887,9.391,-0.7430000000000001,-0.134
0.8321,-4.7449,8.8565,9.391,-0.5569999999999999,-0.201
0.8321,-4.6988,8.8565,9.301,-0.65,-0.201
0.8784,-4.6527,8.7243,9.030000000000001,-0.65,-0.201
0.9015,-4.5606,8.5922,8.939,-0.5569999999999999,-0.201
0.9708,-4.5145,8.3278,8.578,-0.46399999999999997,-0.201
0.9246,-4.5145,8.3278,8.668,-0.65,-0.201
0.8552,-4.5376,8.46,8.939,-0.65,-0.201
0.8552,-4.5145,8.5922,8.849,-0.7430000000000001,-0.201
0.7628,-4.4685,8.46,8.668,-0.65,-0.134
0.7628,-4.3763,8.3278,8.398,-0.836,-0.268
0.8321,-4.3072,8.1956,8.217,-0.5569999999999999,-0.268
0.9015,-4.2612,8.0634,8.036,-0.5569999999999999,-0.335
0.9015,-4.2612,8.0634,8.036,-0.5569999999999999,-0.335
0.8321,-4.1229,7.6668,7.675,-0.5569999999999999,-0.201
0.8552,-3.9387,7.4025,7.133000000000001,-0.65,-0.201
0.8321,-3.9617,7.4025,7.224,-0.65,-0.067
0.8321,-3.9847,7.4025,7.133000000000001,-0.65,-0.134
0.809,-3.9847,7.5346,7.224,-0.7430000000000001,-0.201
0.8784,-3.9847,7.4025,7.224,-0.5569999999999999,-0.134
0.9939,-3.8926,7.4025,7.133000000000001,-0.371,-0.134
0.9246,-3.7083,6.8737,6.5920000000000005,-0.371,-0.201
0.809,-3.6392,6.7415,6.501,-0.65,-0.201
0.7859,-3.6623,6.8737,6.5920000000000005,-0.7430000000000001,-0.201
0.8552,-3.7774,7.1381,6.953,-0.5569999999999999,-0.134
0.7859,-3.8465,7.1381,7.043,-0.65,-0.067
0.7859,-3.8465,7.1381,6.953,-0.65,-0.134
0.8552,-3.8696,6.8737,6.953,-0.7430000000000001,-0.067
0.9708,-3.8465,7.0059,6.862,-0.27799999999999997,-0.134
0.8784,-3.8005,7.1381,6.953,-0.46399999999999997,-0.201
0.8784,-3.8005,7.1381,6.953,-0.46399999999999997,-0.201
0.7397,-3.7083,7.0059,6.682,-0.836,-0.201
0.9246,-3.7083,6.8737,6.5920000000000005,-0.27799999999999997,-0.201
1.0633,-3.7544,7.1381,6.772,-0.092,-0.067
1.0633,-3.8465,7.5346,7.224,-0.185,-0.067
1.0402,-3.9847,7.799,7.495000000000001,-0.185,-0.134
1.0402,-4.146,8.0634,7.856,-0.185,-0.134
1.0402,-4.2612,8.3278,8.217,-0.185,-0.134
1.202,-4.3533,8.46,8.307,0.092,-0.201
1.2482,-4.3303,8.46,8.307,0.092,-0.0
1.1558,-4.3533,8.46,8.398,-0.092,-0.134
0.8784,-4.6758,9.2531,9.571,-0.7430000000000001,-0.268
0.9246,-4.837,9.7818,10.023,-0.5569999999999999,-0.335
1.1095,-4.9982,10.0462,10.384,-0.092,-0.268
1.2713,-5.0213,10.3106,10.474,0.27799999999999997,-0.268
1.3407,-4.9522,10.0462,10.113000000000001,0.371,-0.268
1.2251,-4.9522,9.6497,10.023,0.092,-0.067
1.1326,-4.9752,9.7818,10.204,-0.092,-0.134
1.0171,-5.0904,10.0462,10.565,-0.27799999999999997,-0.201
1.0171,-5.0904,10.0462,10.565,-0.27799999999999997,-0.201
0.9939,-5.3437,10.7072,11.558,-0.371,-0.335
1.0864,-5.3668,10.7072,11.648,-0.185,-0.201
1.0864,-5.3668,10.7072,11.648,-0.185,-0.201
1.1789,-5.2746,10.4428,11.107,0.092,-0.201
1.2251,-5.2977,10.4428,11.197,0.092,-0.201
1.2251,-5.2977,10.4428,11.197,0.092,-0.201
1.0171,-5.3207,10.3106,11.287,-0.27799999999999997,-0.134
0.8321,-5.1825,9.914,10.655,-0.65,-0.201
0.8784,-4.9522,9.6497,10.113000000000001,-0.5569999999999999,-0.268
0.8784,-4.9522,9.6497,10.113000000000001,-0.5569999999999999,-0.268
0.8552,-4.9291,9.3853,9.933,-0.5569999999999999,-0.268
0.8552,-4.814,9.1209,9.571,-0.7430000000000001,-0.134
0.8784,-4.6758,8.8565,9.030000000000001,-0.5569999999999999,-0.201
0.9015,-4.4915,8.46,8.578,-0.65,-0.134
0.6934,-4.169,7.799,7.765,-0.9289999999999999,-0.134
0.6472,-4.192,7.9312,7.946,-1.022,-0.268
0.6934,-4.192,7.799,7.765,-0.9289999999999999,-0.201
0.6934,-4.192,7.799,7.765,-0.9289999999999999,-0.201
0.809,-4.0078,7.4025,7.314,-0.836,-0.201
0.8552,-3.8235,7.0059,6.862,-0.5569999999999999,-0.134
0.8321,-3.7774,6.8737,6.772,-0.7430000000000001,-0.067
0.7628,-3.6853,6.6093,6.501,-0.65,-0.134
0.7165,-3.5701,6.4771,6.23,-0.9289999999999999,-0.0
0.601,-3.4319,6.2128,5.869,-1.022,-0.067
0.601,-3.4319,6.2128,5.869,-1.022,-0.067
0.5779,-3.5471,6.4771,6.321,-1.115,-0.067
0.416,-3.5241,6.6093,6.321,-1.4860000000000002,-0.201
0.4623,-3.5932,6.7415,6.411,-1.393,-0.268
0.7165,-3.5932,6.7415,6.5920000000000005,-0.7430000000000001,-0.335
1.0633,-3.455,6.6093,5.959,0.185,-0.134
1.0633,-3.455,6.6093,5.959,0.185,-0.134
0.7628,-3.4089,6.345,5.869,-0.65,-0.0
0.4623,-3.3628,6.2128,5.779,-1.3,-0.067
0.6241,-3.501,6.6093,6.14,-1.022,-0.134
0.6241,-3.501,6.6093,6.14,-1.022,-0.134
0.9708,-3.5701,6.8737,6.5920000000000005,-0.185,-0.201
1.6181,-3.5241,7.2703,6.321,1.207,-0.067
1.5025,-3.6623,7.4025,6.5920000000000005,0.836,-0.067
1.2482,-3.8005,7.2703,6.953,0.185,-0.067
1.1789,-3.8696,7.5346,7.133000000000001,0.092,-0.201
1.2251,-3.9847,7.799,7.404,0.092,-0.067
1.2482,-4.0538,7.9312,7.675,0.092,-0.134
1.2251,-4.169,8.1956,7.946,0.0,-0.134
1.2251,-4.169,8.1956,7.946,0.0,-0.134
0.9939,-4.3072,8.46,8.488,-0.5569999999999999,-0.201
1.0402,-4.3994,8.7243,8.578,-0.371,-0.268
1.1326,-4.4685,8.8565,8.849,-0.27799999999999997,-0.201
1.1789,-4.5376,8.9887,9.030000000000001,-0.185,-0.134
1.1789,-4.5376,8.9887,9.030000000000001,-0.185,-0.134
1.3638,-4.5836,9.1209,9.030000000000001,0.371,-0.201
1.3407,-4.5836,9.1209,9.120000000000001,0.27799999999999997,-0.201
1.1326,-4.6527,9.2531,9.301,-0.27799999999999997,-0.134
0.9708,-4.7218,9.3853,9.661999999999999,-0.65,-0.268
1.0171,-4.9752,10.0462,10.204,-0.46399999999999997,-0.335
1.0402,-5.1134,10.3106,10.565,-0.371,-0.268
1.1789,-5.2055,10.4428,10.835999999999999,0.0,-0.201
1.2944,-5.2516,10.7072,11.107,0.185,-0.201
1.2482,-5.2977,10.7072,11.197,0.0,-0.201
1.2251,-5.2746,10.4428,10.926,0.092,-0.201
1.1558,-5.2286,10.4428,10.926,-0.092,-0.201
1.1095,-5.2516,10.4428,10.926,-0.27799999999999997,-0.268
1.0864,-5.3668,10.575,11.197,-0.27799999999999997,-0.201
0.9708,-5.551,10.9715,11.738999999999999,-0.65,-0.335
1.0171,-5.5741,11.2359,11.919,-0.5569999999999999,-0.335
1.2251,-5.551,11.1037,11.919,0.185,-0.201
1.1789,-5.528,10.9715,11.738999999999999,0.0,-0.268
1.1326,-5.4359,10.7072,11.558,-0.185,-0.268
1.0402,-5.3898,10.575,11.197,-0.371,-0.201
1.0402,-5.3898,10.575,11.197,-0.371,-0.201
0.9246,-5.3898,10.575,11.197,-0.46399999999999997,-0.201
0.8552,-5.2746,10.3106,10.926,-0.7430000000000001,-0.403
0.9708,-5.1825,9.914,10.565,-0.46399999999999997,-0.268
0.9939,-5.0213,9.6497,9.841999999999999,-0.46399999999999997,-0.201
0.9246,-4.9061,9.2531,9.481,-0.5569999999999999,-0.201
0.809,-4.7909,9.1209,9.391,-0.836,-0.268
0.6934,-4.7218,8.9887,9.21,-1.022,-0.335
0.6703,-4.5606,8.7243,8.939,-1.022,-0.335
0.7165,-4.5606,8.5922,8.759,-0.836,-0.335
0.7859,-4.5376,8.5922,8.668,-0.836,-0.335
0.8321,-4.4915,8.46,8.578,-0.7430000000000001,-0.268
0.8552,-4.4915,8.46,8.488,-0.65,-0.268
0.9015,-4.4454,8.3278,8.398,-0.65,-0.201
0.8552,-4.4454,8.3278,8.398,-0.65,-0.201
0.7628,-4.3994,8.3278,8.307,-0.836,-0.268
0.5779,-4.4224,8.46,8.307,-1.3,-0.201
0.5085,-4.3994,8.46,8.398,-1.393,-0.268
0.5779,-4.4454,8.46,8.578,-1.207,-0.268
0.7628,-4.4685,8.5922,8.578,-0.7430000000000001,-0.268
1.0402,-4.4454,8.46,8.398,-0.27799999999999997,-0.201
1.2944,-4.3303,8.46,8.217,0.185,-0.134
1.1558,-4.3533,8.46,8.217,-0.27799999999999997,-0.201
1.0633,-4.3303,8.3278,8.217,-0.371,-0.134
1.0633,-4.3303,8.3278,8.217,-0.46399999999999997,-0.134
0.9708,-4.3303,8.3278,8.126999999999999,-0.5569999999999999,-0.134
0.9939,-4.3072,8.1956,8.126999999999999,-0.46399999999999997,-0.201
0.9939,-4.3072,8.1956,8.126999999999999,-0.46399999999999997,-0.201
0.8552,-4.3763,8.46,8.217,-0.7430000000000001,-0.268
0.8552,-4.3994,8.46,8.398,-0.65,-0.268
0.9015,-4.4224,8.46,8.488,-0.7430000000000001,-0.335
1.0171,-4.4685,8.5922,8.578,-0.5569999999999999,-0.134
1.0864,-4.3994,8.46,8.307,-0.185,-0.201
1.0633,-4.3533,8.3278,8.217,-0.46399999999999997,-0.134
1.0633,-4.3533,8.3278,8.217,-0.46399999999999997,-0.134
0.7165,-4.3763,8.46,8.307,-0.9289999999999999,-0.201
0.6241,-4.3763,8.46,8.398,-1.115,-0.268
0.6703,-4.3994,8.3278,8.307,-1.022,-0.335
0.809,-4.3533,8.1956,8.217,-0.836,-0.201
1.0402,-4.3072,8.1956,7.946,-0.371,-0.134
1.1789,-4.1229,7.9312,7.584999999999999,-0.092,-0.067
0.9939,-4.0769,7.799,7.404,-0.46399999999999997,-0.134
0.9939,-4.0308,7.6668,7.224,-0.46399999999999997,-0.134
0.9939,-3.9847,7.5346,6.953,-0.371,-0.201
0.7859,-3.8005,7.1381,6.772,-0.836,-0.201
0.809,-3.7314,6.8737,6.501,-0.65,-0.268
0.7628,-3.6392,6.7415,6.411,-0.65,-0.268
0.6934,-3.6162,6.7415,6.321,-1.115,-0.201
0.6934,-3.6392,6.7415,6.321,-0.9289999999999999,-0.201
0.8321,-3.7083,6.8737,6.5920000000000005,-0.836,-0.201
0.8784,-3.8005,7.0059,6.682,-0.5569999999999999,-0.134
0.9477,-3.8465,7.4025,6.953,-0.65,-0.268
1.0633,-3.8926,7.4025,7.043,-0.371,-0.134
0.9477,-3.8696,7.2703,6.862,-0.46399999999999997,-0.201
0.9015,-3.8696,7.4025,6.953,-0.65,-0.134
0.9246,-3.9387,7.5346,7.224,-0.7430000000000001,-0.134
0.9015,-4.0078,7.799,7.314,-0.65,-0.201
0.9015,-4.0078,7.799,7.314,-0.65,-0.201
0.9246,-4.0078,7.799,7.314,-0.65,-0.201
1.0864,-4.0078,7.799,7.314,-0.092,-0.201
1.0402,-4.0078,7.799,7.404,-0.27799999999999997,-0.201
1.0171,-4.0308,7.799,7.314,-0.371,-0.201
1.0633,-4.0538,7.9312,7.495000000000001,-0.185,-0.201
1.0633,-4.1229,8.0634,7.675,-0.371,-0.201
0.9477,-4.1229,7.9312,7.495000000000001,-0.46399999999999997,-0.201
0.9708,-4.0538,7.9312,7.495000000000001,-0.46399999999999997,-0.268
1.0171,-4.169,8.1956,7.675,-0.46399999999999997,-0.268
1.0864,-4.2381,8.46,8.036,-0.46399999999999997,-0.268
1.1095,-4.3072,8.5922,8.217,-0.371,-0.201
1.0864,-4.3303,8.46,8.307,-0.27799999999999997,-0.335
1.0864,-4.192,8.1956,7.856,-0.371,-0.201
0.9246,-4.0999,7.799,7.404,-0.5569999999999999,-0.134
0.9246,-4.0999,7.799,7.404,-0.5569999999999999,-0.134
0.9015,-4.169,8.0634,7.765,-0.65,-0.201
0.8552,-4.2151,8.1956,7.946,-0.836,-0.268
0.8552,-4.2381,8.3278,7.856,-0.7430000000000001,-0.335
0.8552,-4.2151,8.3278,7.946,-0.65,-0.335
0.9477,-4.2381,8.3278,7.946,-0.5569999999999999,-0.268
1.0633,-4.3303,8.5922,8.217,-0.5569999999999999,-0.201
1.0633,-4.3994,8.7243,8.578,-0.46399999999999997,-0.134
1.0171,-4.3763,8.5922,8.398,-0.65,-0.268
0.9708,-4.3533,8.46,8.217,-0.65,-0.201
0.9477,-4.2381,8.3278,8.036,-0.65,-0.134
0.8321,-4.2151,8.3278,7.946,-0.65,-0.268
0.8321,-4.2842,8.5922,8.217,-0.7430000000000001,-0.335
0.9246,-4.3994,8.5922,8.668,-0.7430000000000001,-0.268
0.9939,-4.192,8.5922,8.036,-0.46399999999999997,-0.201
1.0171,-4.2381,8.3278,7.856,-0.5569999999999999,-0.201
1.0171,-4.2151,8.1956,7.856,-0.46399999999999997,-0.201
0.9939,-4.2842,8.46,7.946,-0.5569999999999999,-0.268
0.9477,-4.3303,8.5922,8.036,-0.7430000000000001,-0.335
0.9246,-4.3533,8.5922,8.217,-0.65,-0.335
0.8552,-4.3533,8.5922,8.217,-0.7430000000000001,-0.335
0.8552,-4.2842,8.46,8.036,-0.65,-0.335
0.9708,-4.2612,8.3278,7.946,-0.5569999999999999,-0.268
0.9708,-4.2612,8.3278,7.946,-0.5569999999999999,-0.268
0.9939,-4.2612,8.3278,8.036,-0.65,-0.268
1.0171,-4.3533,8.46,8.217,-0.65,-0.201
1.0171,-4.4685,9.1209,8.849,-0.46399999999999997,-0.201
0.8784,-4.3763,8.7243,8.217,-0.836,-0.268
0.8784,-4.2612,8.3278,7.856,-0.65,-0.335
0.9246,-4.3072,8.46,8.036,-0.65,-0.403
0.9477,-4.3763,8.46,8.307,-0.7430000000000001,-0.335
0.8784,-4.3994,8.5922,8.307,-0.7430000000000001,-0.335
1.0171,-4.4685,8.9887,8.668,-0.46399999999999997,-0.268
1.0864,-4.3533,9.1209,8.578,-0.185,-0.268
0.9246,-3.8005,8.7243,7.314,-0.7430000000000001,-0.0
0.809,-4.0078,8.46,7.584999999999999,-0.836,-0.134
0.809,-4.0078,8.46,7.584999999999999,-0.836,-0.134
0.9246,-4.2842,8.46,7.946,-0.7430000000000001,-0.201
0.9246,-4.3072,8.5922,8.126999999999999,-0.65,-0.403
0.9708,-4.3072,8.5922,8.126999999999999,-0.65,-0.268
0.9015,-4.2842,8.46,7.856,-0.7430000000000001,-0.335
0.9939,-4.1229,8.0634,7.495000000000001,-0.46399999999999997,-0.201
0.9246,-4.0538,7.9312,7.224,-0.65,-0.268
0.8552,-3.9617,7.6668,7.043,-0.836,-0.335
0.809,-3.9156,7.5346,6.862,-0.9289999999999999,-0.268
0.7859,-3.8465,7.5346,6.772,-0.836,-0.268
0.7628,-3.8235,7.4025,6.682,-1.022,-0.268
0.7628,-3.8005,7.4025,6.682,-0.836,-0.201
0.7628,-3.7314,7.2703,6.5920000000000005,-0.7430000000000001,-0.268
0.8321,-3.501,6.7415,5.779,-0.65,-0.201
0.809,-3.4319,6.4771,5.507999999999999,-0.5569999999999999,-0.201
0.8321,-3.3628,6.4771,5.507999999999999,-0.46399999999999997,-0.201
0.809,-3.2937,6.4771,5.417999999999999,-0.65,-0.134
0.809,-3.2937,6.4771,5.327,-0.46399999999999997,-0.201
0.7397,-3.2937,6.345,5.327,-0.7430000000000001,-0.134
0.7628,-3.3168,6.4771,5.417999999999999,-0.7430000000000001,-0.201
0.8321,-3.3398,6.6093,5.507999999999999,-0.5569999999999999,-0.201
0.8552,-3.3398,6.6093,5.507999999999999,-0.46399999999999997,-0.268
0.8784,-3.3398,6.6093,5.417999999999999,-0.371,-0.201
0.809,-3.2937,6.4771,5.327,-0.5569999999999999,-0.268
0.9246,-3.2477,6.4771,5.147,-0.27799999999999997,-0.201
0.9939,-3.2477,6.345,5.056000000000001,0.0,-0.134
0.9477,-3.2016,6.2128,5.056000000000001,-0.185,-0.067
0.4623,-3.1786,6.2128,5.327,-1.3,-0.201
0.5779,-3.2937,6.4771,5.507999999999999,-1.115,-0.268
0.9939,-3.3628,7.0059,5.689,-0.185,-0.268
1.2482,-3.3628,7.0059,5.598,0.5569999999999999,-0.268
1.3176,-3.3628,7.0059,5.598,0.46399999999999997,-0.201
0.9015,-3.6162,7.4025,6.501,-0.5569999999999999,-0.335
0.6934,-3.7314,7.6668,6.682,-0.9289999999999999,-0.268
0.7165,-3.8696,7.9312,7.133000000000001,-1.022,-0.335
1.2713,-3.8696,8.0634,7.043,0.185,-0.335
1.4794,-3.7774,8.1956,6.862,0.5569999999999999,-0.201
1.2251,-3.8465,7.9312,7.133000000000001,0.0,-0.201
0.6703,-3.9156,8.1956,7.404,-1.115,-0.335
0.6241,-4.0078,8.46,7.675,-1.3,-0.403
0.6934,-4.1229,8.5922,7.765,-1.115,-0.47
1.2251,-4.3072,9.1209,8.398,0.0,-0.403
1.5025,-4.3994,9.5175,8.578,0.7430000000000001,-0.335
1.3869,-4.6297,10.0462,9.21,0.371,-0.403
1.2251,-4.837,10.575,9.751999999999999,-0.092,-0.335
1.3407,-4.9982,10.8393,10.294,0.371,-0.268
1.3176,-5.0213,10.9715,10.474,0.185,-0.335
1.3407,-5.0673,10.9715,10.384,0.27799999999999997,-0.335
1.2482,-5.2286,11.3681,11.107,0.0,-0.403
1.0864,-5.3207,11.5003,11.197,-0.27799999999999997,-0.403
1.1095,-5.3898,11.6325,11.558,-0.185,-0.47
1.1558,-5.4359,11.8968,11.648,-0.27799999999999997,-0.403
1.2251,-5.5741,12.029,11.919,0.092,-0.47
1.2944,-5.5971,12.029,12.010000000000002,0.185,-0.47
1.2944,-5.528,12.029,11.829,0.092,-0.403
1.2251,-5.505,11.6325,11.648,0.0,-0.47
1.2251,-5.4819,11.5003,11.558,0.092,-0.403
1.202,-5.4589,11.6325,11.558,0.092,-0.403
1.1326,-5.505,11.6325,11.738999999999999,-0.185,-0.335
0.809,-5.505,11.6325,11.558,-0.836,-0.5369999999999999
0.809,-5.505,11.6325,11.558,-0.836,-0.5369999999999999
0.8321,-5.2977,11.3681,11.015999999999998,-0.836,-0.604
0.9939,-5.2286,11.1037,10.745000000000001,-0.371,-0.403
0.9939,-5.1595,10.7072,10.565,-0.371,-0.403
1.0633,-5.0213,10.575,10.023,-0.371,-0.403
0.8552,-4.9522,10.3106,9.933,-0.836,-0.268
0.6934,-4.814,10.0462,9.391,-1.115,-0.403
0.6703,-4.6527,9.5175,9.030000000000001,-1.207,-0.403
0.7397,-4.5376,9.1209,8.578,-1.022,-0.403
0.809,-4.4224,8.8565,8.217,-0.9289999999999999,-0.403
0.8552,-4.2612,8.5922,7.675,-0.7430000000000001,-0.47
0.8552,-4.2151,8.46,7.675,-0.7430000000000001,-0.403
0.7859,-4.169,8.3278,7.495000000000001,-0.7430000000000001,-0.47
0.7859,-4.169,8.46,7.495000000000001,-0.65,-0.403
0.809,-4.192,8.46,7.584999999999999,-0.7430000000000001,-0.47
0.809,-4.2151,8.46,7.675,-0.7430000000000001,-0.47
0.8552,-3.9156,7.799,6.862,-0.7430000000000001,-0.201
0.7859,-3.8235,7.6668,6.5920000000000005,-0.65,-0.268
0.6934,-3.7314,7.5346,6.501,-1.022,-0.268
0.7628,-3.8465,7.799,6.682,-0.7430000000000001,-0.403
0.7859,-3.7544,8.0634,6.953,-0.7430000000000001,-0.335
0.7859,-3.3398,8.0634,6.05,-0.65,-0.201
0.8321,-3.0173,8.46,5.689,-0.46399999999999997,-0.067
1.0171,-3.0634,8.46,5.689,-0.092,-0.067
1.0171,-3.0634,8.46,5.689,-0.092,-0.067
1.1558,-3.6392,8.46,6.5920000000000005,0.0,-0.403
1.1326,-3.9617,8.3278,7.133000000000001,-0.092,-0.5369999999999999
1.0402,-3.7544,8.0634,6.682,-0.27799999999999997,-0.47
0.9939,-3.7314,7.9312,6.501,-0.27799999999999997,-0.47
0.9939,-3.8235,7.9312,6.5920000000000005,-0.27799999999999997,-0.47
0.9708,-3.8465,7.9312,6.5920000000000005,-0.371,-0.403
0.9708,-3.8465,7.9312,6.5920000000000005,-0.371,-0.403
0.9477,-3.8465,7.799,6.5920000000000005,-0.371,-0.403
0.9477,-3.8465,7.799,6.5920000000000005,-0.371,-0.403
0.9939,-3.7774,7.5346,6.411,-0.371,-0.335
1.0171,-3.7544,7.9312,6.682,-0.27799999999999997,-0.268
0.9939,-3.2937,8.3278,5.959,-0.185,-0.067
1.0171,-3.0634,8.46,5.689,-0.185,-0.067
1.0402,-3.1095,8.5922,5.689,-0.092,-0.134
1.202,-3.0173,8.8565,5.598,0.27799999999999997,-0.134
1.1095,-3.2246,8.8565,6.14,0.0,-0.268
1.0402,-2.9252,8.7243,5.327,-0.092,-0.0
0.9939,-3.0864,8.5922,5.689,-0.185,-0.134
1.0402,-3.2937,8.3278,5.959,-0.185,-0.268
1.0402,-3.2016,8.1956,5.598,-0.092,-0.067
0.8784,-2.8331,8.3278,4.966,-0.371,-0.067
0.7859,-2.9713,8.3278,5.327,-0.5569999999999999,-0.134
0.8784,-3.1325,8.46,5.869,-0.65,-0.201
0.9708,-2.9252,8.46,5.327,-0.27799999999999997,-0.067
0.9015,-2.4415,8.46,4.424,-0.092,0.134
0.9477,-2.5336,8.1956,4.694999999999999,0.0,0.067
0.9939,-2.9713,8.1956,5.237,-0.185,-0.067
0.9708,-3.0173,8.0634,5.417999999999999,-0.185,-0.0
0.8321,-2.5567,7.9312,4.424,-0.27799999999999997,0.134
0.8552,-2.4185,7.9312,4.244,-0.185,0.067
0.809,-2.2572,7.9312,3.973,-0.092,0.134
0.8321,-2.6258,8.3278,5.056000000000001,-0.27799999999999997,-0.0
0.8784,-1.6814,8.7243,3.341,0.092,0.335
0.9939,-1.4511,8.7243,2.799,0.5569999999999999,0.47
1.0402,-1.5662,8.5922,3.16,0.27799999999999997,0.335
1.0171,-1.6123,8.46,3.16,0.185,0.403
0.8321,-1.5202,8.5922,3.07,0.0,0.47
0.8552,-1.5432,8.5922,3.07,0.0,0.403
0.9015,-1.3359,8.5922,2.799,0.185,0.403
0.8552,-0.8061,8.46,1.896,0.27799999999999997,0.671
0.7859,-0.6219,8.3278,1.625,0.092,0.671
0.9246,-1.0595,8.46,2.4379999999999997,0.185,0.671
0.9477,-1.0825,8.5922,2.5280000000000005,0.371,0.5369999999999999
0.9708,-1.2668,8.7243,2.979,0.185,0.47
0.9477,-0.9213,8.9887,2.4379999999999997,0.371,0.5369999999999999
0.9477,-0.9213,8.9887,2.4379999999999997,0.371,0.5369999999999999
0.9477,-0.3455,9.2531,1.3539999999999999,0.65,0.806
0.9939,-0.714,9.3853,2.347,0.5569999999999999,0.738
0.9708,-1.0365,9.3853,2.979,0.27799999999999997,0.604
0.9015,-0.7601,9.1209,2.4379999999999997,0.27799999999999997,0.738
0.9015,-0.4837,8.8565,1.535,0.371,0.873
0.9015,-0.4837,8.7243,1.444,0.371,0.738
0.9477,-0.5758,8.5922,1.625,0.46399999999999997,0.806
0.7859,-0.1612,8.5922,0.903,0.185,0.94
0.7859,-0.1612,8.5922,0.903,0.185,0.94
0.8321,0.4837,8.7243,-0.18,0.5569999999999999,1.007
0.9015,0.737,8.5922,-0.27,0.65,1.141
0.8552,0.9213,8.7243,-0.361,0.5569999999999999,1.2089999999999999
0.8321,0.7831,8.3278,-0.451,0.371,1.2089999999999999
0.8552,0.6679,8.0634,-0.27,0.65,1.141
0.8552,0.714,7.9312,-0.451,0.5569999999999999,1.007
0.7859,0.8522,7.6668,-0.8119999999999999,0.46399999999999997,1.141
0.7165,1.1056,7.5346,-1.173,0.371,1.2759999999999998
0.7397,1.1516,7.6668,-1.083,0.27799999999999997,1.41
0.7859,0.9674,7.799,-0.8119999999999999,0.27799999999999997,1.2759999999999998
0.8321,0.6679,7.9312,-0.09,0.27799999999999997,1.0739999999999998
0.7859,0.8752,8.1956,-0.361,0.27799999999999997,1.2089999999999999
0.6934,1.2438,8.1956,-0.993,0.185,1.4769999999999999
0.5779,1.4741,7.799,-1.3539999999999999,0.0,1.343
0.5779,1.6814,7.6668,-1.986,0.092,1.544
0.9708,1.3589,7.4025,-1.535,0.7430000000000001,1.41
0.9708,1.3589,7.4025,-1.535,0.7430000000000001,1.41
0.9939,1.0365,7.4025,-0.903,0.65,1.4769999999999999
0.8321,1.0134,7.2703,-0.903,0.371,1.4769999999999999
0.7397,1.5202,7.1381,-1.625,0.371,1.41
0.809,1.8887,7.2703,-2.257,0.46399999999999997,1.612
0.9477,1.6353,7.5346,-1.625,0.836,1.41
0.809,1.7275,7.5346,-1.806,0.5569999999999999,1.4769999999999999
0.7165,1.8887,7.6668,-2.167,0.27799999999999997,1.4769999999999999
0.809,2.4415,7.9312,-2.979,0.7430000000000001,1.6789999999999998
0.8784,2.764,7.799,-3.25,0.9289999999999999,1.88
0.8321,2.9713,7.799,-3.792,0.9289999999999999,1.88
0.809,2.5797,7.4025,-2.889,0.46399999999999997,1.813
0.809,2.5797,7.4025,-2.889,0.46399999999999997,1.813
0.9015,2.4415,7.5346,-2.799,0.7430000000000001,1.88
0.9477,2.4185,7.6668,-2.7089999999999996,0.836,1.813
0.9939,2.1881,8.0634,-2.167,0.9289999999999999,1.612
1.0402,2.5567,8.0634,-2.5280000000000005,1.022,1.813
1.0171,3.2937,8.3278,-3.8819999999999997,1.207,2.082
0.9708,3.2937,8.3278,-3.612,1.207,2.015
0.9246,3.1325,8.46,-3.431,1.115,1.947
0.9708,3.0404,8.5922,-3.07,0.9289999999999999,1.88
0.8321,3.2477,8.5922,-3.431,0.9289999999999999,1.947
0.8321,3.2477,8.5922,-3.431,0.9289999999999999,1.947
0.9477,3.9387,8.46,-4.605,1.3,2.015
0.9477,4.0308,8.46,-4.8759999999999994,1.393,1.813
0.9015,3.9387,8.7243,-4.424,1.3,1.88
1.0171,3.7774,9.3853,-3.792,1.3,1.88
1.0633,4.2842,9.3853,-4.515000000000001,1.672,2.015
1.1326,4.4915,9.5175,-4.694999999999999,1.765,2.015
1.0402,4.5606,9.3853,-4.785,1.672,2.015
0.9246,4.6758,9.7818,-4.694999999999999,1.4860000000000002,2.015
0.9246,4.6527,9.7818,-4.515000000000001,1.4860000000000002,2.082
0.9477,4.5145,9.5175,-4.424,1.5790000000000002,2.015
0.9939,3.455,9.2531,-2.618,1.3,1.746
1.0633,3.3168,9.2531,-2.347,1.207,1.746
1.0633,3.3628,9.2531,-2.5280000000000005,1.3,1.746
0.8552,3.4319,8.7243,-2.889,0.836,1.88
0.7859,3.7544,8.5922,-3.702,0.836,1.813
0.7628,3.7774,8.3278,-3.702,0.7430000000000001,1.88
0.7628,3.5932,8.3278,-3.341,0.7430000000000001,1.88
0.8552,3.1095,8.8565,-2.347,0.7430000000000001,1.746
0.809,3.8005,8.9887,-3.5210000000000004,1.115,1.813
0.8552,3.8926,8.7243,-3.702,1.022,1.813
0.8552,3.8926,8.7243,-3.702,1.022,1.813
0.8552,3.8465,8.7243,-3.702,1.022,1.813
0.7397,3.7774,8.5922,-3.5210000000000004,0.836,1.813
0.6472,3.7774,8.5922,-3.612,0.5569999999999999,1.746
0.6241,3.8005,8.3278,-3.792,0.5569999999999999,1.746
0.6703,3.3859,7.799,-3.341,0.5569999999999999,1.6789999999999998
0.7165,3.2707,7.799,-3.25,0.65,1.612
0.7628,3.0634,7.9312,-2.7089999999999996,0.65,1.612
0.7628,2.9252,7.9312,-2.4379999999999997,0.65,1.612
0.7165,3.1786,7.799,-2.979,0.65,1.544
0.7859,3.0634,7.6668,-2.889,0.65,1.612
0.416,3.455,8.0634,-3.25,0.185,1.612
0.3467,3.8005,8.1956,-3.702,0.0,1.746
0.3467,3.8005,8.1956,-3.702,0.0,1.746
0.8321,3.8465,8.5922,-3.8819999999999997,0.9289999999999999,1.6789999999999998
1.0633,3.8005,8.5922,-3.8819999999999997,1.5790000000000002,1.612
1.0402,3.8465,8.5922,-3.792,1.5790000000000002,1.612
0.5779,4.0078,8.8565,-3.973,0.65,1.6789999999999998
0.5316,4.1229,8.8565,-4.063,0.46399999999999997,1.813
0.6472,4.146,8.9887,-4.244,0.9289999999999999,1.813
0.8321,4.192,9.1209,-4.1530000000000005,1.207,1.746
0.9939,4.2151,9.2531,-4.244,1.4860000000000002,1.746
1.0633,4.2612,9.2531,-4.424,1.672,1.813
0.8552,4.192,9.1209,-4.334,1.207,1.746
0.6934,3.9156,8.46,-3.8819999999999997,0.65,1.746
0.8552,3.8235,8.5922,-3.8819999999999997,0.9289999999999999,1.6789999999999998
0.9015,3.9387,8.5922,-3.973,1.3,1.6789999999999998
0.8321,4.0308,8.5922,-4.063,1.022,1.6789999999999998
0.7165,3.9847,8.46,-4.063,0.836,1.612
0.7165,3.9847,8.5922,-4.063,0.7430000000000001,1.746
0.7859,4.0769,8.46,-4.063,0.9289999999999999,1.746
0.7397,3.7314,8.0634,-3.8819999999999997,0.836,1.6789999999999998
0.7165,3.6853,8.0634,-3.792,0.7430000000000001,1.612
0.8784,3.9617,8.46,-4.063,1.207,1.6789999999999998
0.809,4.0078,8.5922,-4.1530000000000005,0.9289999999999999,1.6789999999999998
0.6934,3.9617,8.46,-3.973,0.65,1.746
0.6934,3.8465,8.3278,-3.8819999999999997,0.65,1.612
0.7397,3.6853,8.1956,-3.702,0.836,1.612
0.809,3.6853,8.1956,-3.702,0.9289999999999999,1.612
0.7859,3.8926,8.3278,-3.973,0.836,1.6789999999999998
0.809,3.8926,8.1956,-4.063,1.022,1.612
0.7859,3.8696,8.46,-3.973,1.022,1.612
0.7397,3.9387,8.46,-4.063,0.836,1.6789999999999998
0.7165,3.9847,8.46,-4.063,0.836,1.6789999999999998
0.7165,4.0078,8.5922,-4.063,0.7430000000000001,1.746
0.7165,3.9847,8.46,-4.063,0.836,1.746
0.7859,3.8926,8.3278,-3.973,0.836,1.6789999999999998
0.7859,3.8235,8.46,-3.973,0.836,1.6789999999999998
0.7628,3.8465,8.46,-3.8819999999999997,0.7430000000000001,1.612
0.6703,4.0769,8.7243,-4.1530000000000005,0.836,1.746
0.6703,4.0769,8.7243,-4.1530000000000005,0.836,1.746
0.601,4.169,8.8565,-4.334,0.65,1.746
0.6934,4.2151,8.9887,-4.244,0.7430000000000001,1.746
0.8784,4.3072,9.2531,-4.424,1.3,1.746
0.9246,4.3763,9.3853,-4.424,1.5790000000000002,1.6789999999999998
0.7628,4.3994,9.3853,-4.334,1.115,1.813
0.601,4.3763,9.3853,-4.424,0.5569999999999999,1.746
0.601,4.3763,9.3853,-4.424,0.5569999999999999,1.746
0.809,4.4454,9.5175,-4.515000000000001,1.207,1.746
0.9246,4.6758,9.7818,-4.605,1.5790000000000002,1.813
0.9246,4.7218,9.914,-4.605,1.672,1.813
0.7628,4.7218,9.914,-4.515000000000001,1.207,1.813
0.416,4.6527,9.7818,-4.424,0.5569999999999999,1.746
0.3929,4.6297,9.7818,-4.334,0.371,1.813
1.0864,4.5836,9.7818,-4.515000000000001,1.8579999999999999,1.813
1.0864,4.5836,9.7818,-4.515000000000001,1.8579999999999999,1.813
1.1558,4.5836,9.7818,-4.334,1.951,1.947
0.8552,4.7218,9.914,-4.515000000000001,1.393,1.746
0.7165,4.7218,9.6497,-4.605,1.022,1.746
0.6241,4.5606,9.2531,-4.334,0.7430000000000001,1.813
0.7165,4.4224,9.3853,-4.244,0.836,1.813
0.9477,4.4224,9.2531,-4.334,1.393,1.746
0.9939,4.4454,9.2531,-4.424,1.5790000000000002,1.746
0.7859,4.4454,9.1209,-4.334,1.207,1.6789999999999998
0.6241,4.5145,9.2531,-4.244,0.836,1.746
0.6934,4.6758,9.5175,-4.515000000000001,1.115,1.746
0.9015,4.5606,9.2531,-4.334,1.393,1.6789999999999998
0.8552,4.3763,8.9887,-4.334,1.3,1.746
0.8552,4.2151,8.5922,-4.1530000000000005,1.115,1.612
0.8552,4.0769,8.3278,-3.973,1.022,1.544
0.7628,4.0769,8.46,-3.973,1.022,1.612
0.416,4.0999,8.3278,-4.063,0.27799999999999997,1.6789999999999998
0.416,4.0999,8.3278,-4.063,0.27799999999999997,1.6789999999999998
0.6703,4.3533,8.8565,-4.244,0.9289999999999999,1.746
0.6703,4.3533,8.8565,-4.244,0.9289999999999999,1.746
0.9015,4.2612,8.7243,-4.244,1.207,1.612
0.7628,4.1229,8.5922,-4.063,0.9289999999999999,1.6789999999999998
0.7628,4.2151,8.7243,-4.063,1.022,1.6789999999999998
0.7628,4.2151,8.7243,-4.063,1.022,1.6789999999999998
0.5085,4.0999,8.3278,-3.973,0.371,1.6789999999999998
0.4623,4.0078,8.1956,-3.8819999999999997,0.27799999999999997,1.6789999999999998
0.6241,3.9617,8.1956,-3.973,0.5569999999999999,1.612
0.7397,3.9617,8.1956,-4.063,1.022,1.544
0.7859,3.9847,8.1956,-4.063,1.022,1.4769999999999999
0.7859,3.9847,8.1956,-4.063,1.115,1.612
0.809,4.0308,8.1956,-4.063,1.022,1.544
0.8552,4.0538,8.3278,-4.063,1.207,1.544
0.8784,4.0538,8.3278,-4.063,1.207,1.544
0.8321,3.9847,8.1956,-4.1530000000000005,1.115,1.6789999999999998
0.6472,3.6162,7.6668,-3.792,0.5569999999999999,1.41
0.5316,3.501,7.5346,-3.5210000000000004,0.27799999999999997,1.4769999999999999
0.4623,3.6392,7.799,-3.431,0.0,1.4769999999999999
0.6703,4.0999,8.46,-3.973,0.836,1.544
0.7165,4.1229,8.5922,-4.1530000000000005,0.9289999999999999,1.4769999999999999
0.7397,4.0999,8.46,-4.063,1.022,1.544
0.7628,4.0999,8.3278,-4.063,0.836,1.544
0.7165,4.1229,8.3278,-4.1530000000000005,1.022,1.343
0.4623,4.146,8.46,-4.063,0.371,1.612
0.4623,4.146,8.46,-4.063,0.371,1.612
0.5779,4.2381,8.5922,-4.244,0.65,1.544
0.8552,4.1229,8.3278,-4.1530000000000005,1.207,1.41
0.8552,4.1229,8.3278,-4.1530000000000005,1.207,1.41
0.7165,4.0308,8.1956,-4.063,0.9289999999999999,1.544
0.4854,4.0308,8.1956,-3.792,0.27799999999999997,1.612
0.5547,4.1229,8.3278,-3.973,0.46399999999999997,1.612
0.8321,4.1229,8.46,-4.1530000000000005,1.115,1.544
0.9477,4.1229,8.5922,-4.063,1.393,1.612
0.9246,4.1229,8.46,-4.063,1.393,1.544
0.809,4.146,8.46,-4.1530000000000005,1.022,1.4769999999999999
0.5547,4.3303,8.7243,-4.1530000000000005,0.65,1.4769999999999999
0.601,4.4224,8.8565,-4.244,0.5569999999999999,1.612
0.7165,4.4685,8.9887,-4.334,1.022,1.612
0.809,4.4685,8.9887,-4.334,1.3,1.544
0.7628,4.3533,8.8565,-4.334,1.022,1.544
0.6472,4.3763,8.9887,-4.334,0.9289999999999999,1.612
0.601,4.6297,9.2531,-4.515000000000001,0.836,1.544
0.6472,4.5836,9.1209,-4.424,1.022,1.612
0.7165,4.5376,8.9887,-4.334,1.022,1.544
0.7397,4.4454,8.9887,-4.424,1.022,1.544
0.7165,4.4915,8.9887,-4.424,1.115,1.612
0.6934,4.5145,8.8565,-4.515000000000001,0.9289999999999999,1.6789999999999998
0.6934,4.5145,8.8565,-4.515000000000001,0.9289999999999999,1.6789999999999998
0.601,4.3072,8.7243,-4.244,0.7430000000000001,1.612
0.6241,4.3072,8.5922,-4.244,0.7430000000000001,1.612
0.6703,4.2842,8.46,-4.244,0.7430000000000001,1.612
0.5779,4.2842,8.46,-4.244,0.5569999999999999,1.544
0.4854,4.0999,8.0634,-3.973,0.27799999999999997,1.544
0.4854,4.0538,8.0634,-3.973,0.27799999999999997,1.544
0.7165,4.1229,8.1956,-4.1530000000000005,0.836,1.544
1.0171,4.146,8.46,-4.244,1.4860000000000002,1.4769999999999999
1.0171,4.2612,8.7243,-4.334,1.672,1.612
0.8552,4.3303,8.7243,-4.244,1.207,1.612
0.416,4.1229,8.3278,-4.063,0.185,1.4769999999999999
0.416,4.0078,7.9312,-3.8819999999999997,0.092,1.41
0.6472,3.9617,7.9312,-4.1530000000000005,0.65,1.41
0.7859,3.8926,7.9312,-3.973,0.836,1.4769999999999999
0.7859,3.8926,7.9312,-3.973,0.836,1.4769999999999999
0.3005,3.7774,7.6668,-3.612,-0.185,1.41
0.3005,3.7774,7.6668,-3.612,-0.185,1.41
0.5779,3.7774,7.6668,-3.792,0.46399999999999997,1.343
0.9708,3.8005,7.9312,-3.8819999999999997,1.393,1.4769999999999999
1.2251,3.8696,8.1956,-4.1530000000000005,1.8579999999999999,1.41
1.1095,3.9617,8.3278,-4.063,1.672,1.41
0.7165,4.0078,8.0634,-4.063,0.7430000000000001,1.4769999999999999
0.6934,4.0078,8.0634,-4.1530000000000005,0.65,1.4769999999999999
0.7165,4.0769,8.0634,-4.063,0.7430000000000001,1.41
0.8321,4.0999,8.1956,-4.244,1.022,1.4769999999999999
0.8321,4.0769,8.1956,-4.1530000000000005,1.022,1.612
0.7165,4.0308,8.1956,-4.244,0.836,1.4769999999999999
0.6703,4.0538,8.1956,-4.1530000000000005,0.7430000000000001,1.4769999999999999
0.6934,4.192,8.5922,-4.244,0.65,1.4769999999999999
0.7628,4.2842,8.7243,-4.334,0.836,1.4769999999999999
0.7859,4.3303,8.8565,-4.424,1.022,1.544
0.809,4.4454,9.1209,-4.515000000000001,1.115,1.4769999999999999
0.8552,4.5376,9.1209,-4.605,1.207,1.612
0.8784,4.6297,9.2531,-4.694999999999999,1.207,1.544
0.809,4.6527,9.3853,-4.785,1.207,1.612
0.7628,4.6297,9.1209,-4.785,1.022,1.612
0.7628,4.2151,8.5922,-4.334,0.836,1.544
0.7628,4.192,8.3278,-4.334,0.9289999999999999,1.544
0.7859,4.169,8.1956,-4.424,1.022,1.544
0.6472,4.0538,8.0634,-4.244,0.46399999999999997,1.4769999999999999
0.5085,3.9617,7.9312,-4.063,0.185,1.4769999999999999
0.5085,4.0078,8.0634,-3.973,0.371,1.544
0.6241,4.2151,8.3278,-4.334,0.65,1.544
0.6934,4.2612,8.46,-4.424,0.836,1.4769999999999999
0.7397,4.2381,8.46,-4.424,0.7430000000000001,1.4769999999999999
0.8321,4.4454,8.9887,-4.424,1.115,1.612
0.8321,4.4454,8.9887,-4.424,1.115,1.612
0.8784,4.5376,8.9887,-4.515000000000001,1.207,1.544
0.7165,4.6067,8.9887,-4.694999999999999,0.9289999999999999,1.4769999999999999
0.6703,4.6067,9.1209,-4.785,0.7430000000000001,1.544
0.6472,4.6527,9.1209,-4.694999999999999,0.9289999999999999,1.612
0.7628,4.6297,8.9887,-4.785,0.9289999999999999,1.544
0.7628,4.6067,8.9887,-4.694999999999999,1.115,1.612
0.7628,4.6527,9.1209,-4.785,1.022,1.612
0.7165,4.7909,9.3853,-4.8759999999999994,1.022,1.612
0.7165,4.7909,9.3853,-4.8759999999999994,1.022,1.612
0.7628,4.7909,9.3853,-4.8759999999999994,1.022,1.612
0.6703,4.3994,8.8565,-4.515000000000001,0.7430000000000001,1.544
0.6472,4.2381,8.7243,-4.424,0.5569999999999999,1.544
0.7165,4.0999,9.1209,-3.792,0.65,1.544
0.7165,4.5376,9.2531,-4.334,0.9289999999999999,1.612
0.6934,4.6527,9.1209,-4.605,0.9289999999999999,1.612
0.6703,4.4685,8.8565,-4.515000000000001,0.7430000000000001,1.544
0.7165,4.3763,8.8565,-4.424,0.7430000000000001,1.4769999999999999
0.6472,4.6297,9.1209,-4.694999999999999,0.7430000000000001,1.612
0.6472,4.6297,9.1209,-4.694999999999999,0.7430000000000001,1.612
0.6241,4.6527,9.1209,-4.785,0.7430000000000001,1.544
0.809,4.6297,8.9887,-4.694999999999999,1.115,1.544
0.809,4.6297,8.9887,-4.694999999999999,1.115,1.544
0.7628,4.6067,8.9887,-4.605,0.9289999999999999,1.4769999999999999
0.6472,4.6758,9.1209,-4.694999999999999,0.836,1.544
0.6472,4.837,9.3853,-4.8759999999999994,0.65,1.6789999999999998
0.7165,4.814,9.3853,-4.8759999999999994,0.9289999999999999,1.612
0.6703,4.7909,9.1209,-4.966,0.7430000000000001,1.612
0.6934,4.4454,8.8565,-4.515000000000001,0.7430000000000001,1.544
0.7165,4.3763,8.8565,-4.424,0.7430000000000001,1.4769999999999999
0.6934,4.2612,8.8565,-4.063,0.65,1.544
0.6934,3.6853,9.6497,-2.7089999999999996,0.46399999999999997,1.41
0.6934,3.6853,9.6497,-2.7089999999999996,0.46399999999999997,1.41
0.6934,4.6067,9.3853,-4.424,0.836,1.544
0.7397,4.7218,9.3853,-4.605,1.115,1.544
0.809,4.814,9.5175,-4.785,1.115,1.612
0.7628,4.8831,9.6497,-4.785,0.9289999999999999,1.544
0.7165,4.9982,9.7818,-4.8759999999999994,0.9289999999999999,1.612
0.6703,5.0904,9.6497,-4.8759999999999994,0.9289999999999999,1.6789999999999998
0.6472,5.0443,9.6497,-4.966,0.9289999999999999,1.612
0.7628,4.814,9.2531,-4.966,0.836,1.612
0.6934,4.7449,8.9887,-4.785,0.9289999999999999,1.6789999999999998
0.6703,4.7218,9.1209,-4.785,0.836,1.612
0.6934,4.814,9.2531,-4.785,0.9289999999999999,1.544
0.6703,4.8831,9.3853,-4.785,0.836,1.612
0.6472,4.8831,9.2531,-4.785,0.65,1.544
0.6241,4.7218,8.9887,-4.785,0.65,1.4769999999999999
0.6703,4.3303,8.46,-4.424,0.65,1.41
0.6703,4.3303,8.46,-4.424,0.65,1.41
0.7397,4.5376,8.8565,-4.515000000000001,0.836,1.4769999999999999
0.7397,4.814,9.1209,-4.694999999999999,0.9289999999999999,1.544
0.6703,4.7909,9.1209,-4.785,0.836,1.544
0.5316,4.4685,8.5922,-4.424,0.27799999999999997,1.4769999999999999
0.601,4.3994,8.46,-4.334,0.371,1.41
0.6241,4.3533,8.5922,-4.424,0.5569999999999999,1.4769999999999999
0.8784,4.4224,8.5922,-4.424,1.115,1.544
0.8784,4.4224,8.5922,-4.424,1.115,1.544
0.9015,4.3994,8.5922,-4.515000000000001,1.207,1.544
0.7397,4.2842,8.1956,-4.334,0.65,1.4769999999999999
0.7397,4.2381,8.1956,-4.334,0.7430000000000001,1.41
0.7165,4.2612,8.3278,-4.334,0.7430000000000001,1.4769999999999999
0.7165,4.4224,8.7243,-4.334,0.7430000000000001,1.544
0.6934,4.7218,9.1209,-4.605,0.9289999999999999,1.544
0.7165,4.7909,9.2531,-4.694999999999999,0.836,1.544
0.6934,4.7449,9.1209,-4.694999999999999,0.836,1.4769999999999999
0.809,4.86,9.5175,-4.785,1.022,1.544
0.7628,5.0213,9.7818,-4.8759999999999994,1.115,1.612
0.7165,5.1825,9.914,-4.966,1.022,1.612
0.7165,5.2977,10.0462,-5.056000000000001,1.207,1.612
0.809,5.3437,10.1784,-4.966,1.115,1.612
0.8321,5.3668,10.1784,-4.966,1.3,1.544
0.809,5.3898,10.1784,-4.966,1.3,1.612
0.7628,4.9291,9.3853,-4.694999999999999,0.836,1.4769999999999999
0.7628,4.9291,9.3853,-4.694999999999999,0.836,1.4769999999999999
0.8784,4.7218,9.3853,-4.1530000000000005,1.022,1.544
0.8784,4.7449,9.7818,-4.1530000000000005,1.022,1.544
0.8784,5.0213,10.1784,-4.334,1.207,1.544
0.7859,5.3668,10.3106,-4.785,1.115,1.6789999999999998
0.7859,5.1825,9.6497,-4.785,1.022,1.544
0.7859,5.1825,9.6497,-4.785,1.022,1.544
0.809,5.1134,9.5175,-4.785,1.022,1.4769999999999999
0.7397,5.2286,9.6497,-4.8759999999999994,0.9289999999999999,1.612
0.7165,5.2286,9.6497,-4.8759999999999994,0.9289999999999999,1.612
0.7165,5.2286,9.6497,-4.8759999999999994,0.9289999999999999,1.612
0.7628,5.0213,9.3853,-4.785,0.9289999999999999,1.544
0.8552,5.0213,9.3853,-4.8759999999999994,1.207,1.4769999999999999
0.8552,5.0673,9.5175,-4.785,1.115,1.544
0.7859,5.0904,9.5175,-4.694999999999999,1.115,1.544
0.6934,5.1825,9.6497,-4.785,0.9289999999999999,1.544
0.7397,5.1595,9.5175,-4.694999999999999,0.836,1.544
0.7628,5.0673,9.3853,-4.785,0.9289999999999999,1.544
0.6241,4.9522,9.1209,-4.694999999999999,0.65,1.544
0.5779,4.9291,9.1209,-4.605,0.5569999999999999,1.41
0.601,4.9061,9.1209,-4.605,0.65,1.4769999999999999
0.6241,4.6527,8.5922,-4.424,0.65,1.4769999999999999
0.6703,4.4224,8.3278,-4.1530000000000005,0.5569999999999999,1.41
0.6934,4.3303,8.3278,-4.063,0.65,1.41
0.6934,4.192,8.5922,-3.702,0.65,1.343
0.7397,4.7449,9.1209,-4.1530000000000005,0.836,1.4769999999999999
0.7165,4.814,9.1209,-4.424,0.7430000000000001,1.4769999999999999
0.6241,4.7449,8.8565,-4.424,0.5569999999999999,1.4769999999999999
0.4854,4.6067,8.5922,-4.334,0.27799999999999997,1.41
0.4854,4.5376,8.46,-4.334,0.185,1.41
0.601,4.6297,8.46,-4.334,0.65,1.4769999999999999
0.8552,4.6067,8.5922,-4.424,1.022,1.544
0.8784,4.5836,8.5922,-4.424,1.022,1.4769999999999999
0.7628,4.5606,8.46,-4.334,0.9289999999999999,1.41
0.7859,4.5606,8.46,-4.334,0.836,1.343
0.6934,4.7449,8.8565,-4.334,0.836,1.41
0.6472,4.9061,9.1209,-4.515000000000001,0.836,1.544
0.7397,4.9982,9.3853,-4.694999999999999,1.022,1.41
0.6472,4.9752,9.2531,-4.694999999999999,0.65,1.343
0.6472,5.0673,9.2531,-4.694999999999999,0.7430000000000001,1.41
0.6934,5.1364,9.5175,-4.694999999999999,0.836,1.4769999999999999
0.7165,5.2286,9.7818,-4.785,1.022,1.544
0.7859,5.3437,10.0462,-4.966,1.207,1.612
0.5779,5.4128,10.1784,-4.966,0.7430000000000001,1.4769999999999999
0.5779,5.4128,10.1784,-4.966,0.7430000000000001,1.4769999999999999
0.7628,5.4819,10.1784,-4.966,1.115,1.612
0.7859,5.2516,9.7818,-4.8759999999999994,1.022,1.544
0.7628,5.2286,9.6497,-4.966,1.022,1.612
0.7165,5.1364,9.3853,-4.785,0.836,1.544
0.9015,4.86,9.2531,-4.424,1.022,1.544
0.6703,4.8831,8.9887,-4.424,0.5569999999999999,1.4769999999999999
0.601,4.8831,8.9887,-4.515000000000001,0.46399999999999997,1.544
0.4854,4.7449,8.9887,-4.244,0.27799999999999997,1.41
0.5547,4.7218,9.1209,-3.973,0.46399999999999997,1.4769999999999999
0.6472,4.9982,9.5175,-4.515000000000001,0.65,1.612
0.7397,5.0673,9.3853,-4.694999999999999,0.9289999999999999,1.544
0.7165,5.0904,9.2531,-4.785,0.836,1.544
0.7628,5.2516,9.6497,-4.785,1.115,1.612
0.7165,5.3898,9.7818,-4.966,1.115,1.544
0.7859,5.3668,9.7818,-4.966,1.022,1.4769999999999999
0.7628,5.2516,9.6497,-4.8759999999999994,1.115,1.544
0.7165,5.2286,9.5175,-4.785,0.9289999999999999,1.41
0.7165,5.2286,9.6497,-4.785,0.9289999999999999,1.544
0.7397,5.4128,9.914,-4.8759999999999994,1.115,1.4769999999999999
0.7165,5.4359,10.0462,-4.8759999999999994,0.9289999999999999,1.612
0.7165,5.4359,9.914,-4.8759999999999994,0.9289999999999999,1.612
0.7165,5.0213,9.2531,-4.785,0.836,1.544
0.7397,4.837,8.9887,-4.605,0.836,1.41
0.7628,4.814,9.1209,-4.424,0.836,1.343
0.6934,5.2746,9.6497,-4.694999999999999,1.022,1.544
0.6703,5.3668,9.7818,-4.785,0.836,1.4769999999999999
0.7859,5.1595,9.3853,-4.785,1.022,1.4769999999999999
0.9015,5.0213,9.2531,-4.694999999999999,1.207,1.41
0.9015,5.0213,9.2531,-4.694999999999999,1.207,1.41
0.7859,4.9752,9.1209,-4.605,1.022,1.544
0.6703,4.8831,8.8565,-4.605,0.5569999999999999,1.4769999999999999
0.6472,4.5606,8.46,-4.244,0.65,1.4769999999999999
0.6472,4.5606,8.46,-4.244,0.65,1.4769999999999999
0.7628,4.86,8.8565,-4.334,0.836,1.544
0.7628,5.0213,9.1209,-4.694999999999999,0.9289999999999999,1.4769999999999999
0.7397,5.0673,9.3853,-4.694999999999999,0.9289999999999999,1.41
0.6934,5.0904,9.1209,-4.694999999999999,0.836,1.4769999999999999
0.9015,5.1134,9.3853,-4.785,1.3,1.4769999999999999
0.9015,5.1134,9.3853,-4.785,1.3,1.4769999999999999
0.9015,5.1134,9.3853,-4.785,1.393,1.41
0.6241,5.1595,9.5175,-4.694999999999999,0.7430000000000001,1.544
0.5779,5.3207,9.6497,-4.694999999999999,0.65,1.4769999999999999
0.6241,5.3437,9.7818,-4.785,0.836,1.4769999999999999
0.809,5.2746,9.6497,-4.8759999999999994,1.207,1.612
0.8321,5.2286,9.5175,-4.785,1.207,1.544
0.7628,5.2286,9.2531,-4.785,0.9289999999999999,1.4769999999999999
0.7628,5.2286,9.2531,-4.785,0.9289999999999999,1.4769999999999999
0.6472,4.7909,8.7243,-4.515000000000001,0.5569999999999999,1.4769999999999999
0.6934,4.6758,8.5922,-4.424,0.65,1.4769999999999999
0.7628,4.6527,8.7243,-4.244,0.65,1.4769999999999999
0.6703,5.0904,9.2531,-4.605,0.836,1.612
0.601,5.1595,9.3853,-4.605,0.65,1.4769999999999999
0.6703,4.9982,8.9887,-4.605,0.7430000000000001,1.544
0.809,4.9061,8.9887,-4.605,0.836,1.41
0.809,4.9061,8.9887,-4.605,0.836,1.41
0.7628,4.8831,8.9887,-4.515000000000001,0.836,1.343
0.6703,4.9982,9.1209,-4.515000000000001,0.7430000000000001,1.4769999999999999
0.7397,4.9291,8.9887,-4.605,0.836,1.41
0.7859,4.7679,8.5922,-4.515000000000001,0.836,1.41
0.7628,4.5836,8.3278,-4.334,0.7430000000000001,1.343
0.6934,4.5606,8.1956,-4.244,0.65,1.2759999999999998
0.601,4.5606,8.3278,-4.1530000000000005,0.46399999999999997,1.2759999999999998
0.5547,4.5836,8.46,-4.334,0.27799999999999997,1.343
0.6472,4.5145,8.1956,-4.244,0.46399999999999997,1.343
0.6472,4.5145,8.1956,-4.244,0.46399999999999997,1.343
0.7397,4.4224,8.1956,-4.1530000000000005,0.65,1.343
0.6703,4.4454,8.1956,-4.063,0.371,1.41
0.601,4.5145,8.3278,-4.1530000000000005,0.371,1.343
0.5779,4.5836,8.3278,-4.244,0.27799999999999997,1.41
0.6934,4.5606,8.3278,-4.244,0.5569999999999999,1.343
0.6934,4.4915,8.1956,-4.244,0.5569999999999999,1.2759999999999998
0.6241,4.3994,7.9312,-4.1530000000000005,0.371,1.343
0.7165,4.3994,8.0634,-4.1530000000000005,0.5569999999999999,1.343
0.7628,4.4224,8.0634,-4.063,0.5569999999999999,1.2759999999999998
0.6472,4.4224,8.1956,-4.063,0.46399999999999997,1.343
0.601,4.4685,8.1956,-4.063,0.371,1.343
0.7165,4.4454,8.1956,-4.244,0.65,1.343
0.9015,4.3072,7.9312,-4.1530000000000005,0.9289999999999999,1.2759999999999998
0.6472,4.2842,7.9312,-4.063,0.371,1.2759999999999998
0.6241,4.0538,7.5346,-3.973,0.185,1.2759999999999998
0.6241,4.0538,7.5346,-3.973,0.185,1.2759999999999998
0.7165,3.8926,7.2703,-3.792,0.46399999999999997,1.2089999999999999
0.601,3.8696,7.2703,-3.702,0.371,1.2089999999999999
0.5085,3.8696,7.5346,-3.341,0.092,1.2089999999999999
0.4623,4.0769,7.799,-3.702,0.0,1.2089999999999999
0.3467,4.2151,7.9312,-3.792,-0.371,1.2759999999999998
0.4392,4.192,7.6668,-3.8819999999999997,-0.092,1.2089999999999999
0.5779,4.169,7.6668,-3.973,0.185,1.2089999999999999
0.6934,4.169,7.6668,-3.973,0.371,1.2759999999999998
0.9708,4.2842,8.0634,-4.244,1.207,1.2759999999999998
0.7859,4.3303,8.0634,-4.1530000000000005,0.7430000000000001,1.41
0.6472,4.3303,7.9312,-4.063,0.371,1.343
0.6934,4.2842,7.9312,-4.1530000000000005,0.46399999999999997,1.2759999999999998
0.7397,4.2381,7.9312,-4.063,0.5569999999999999,1.2759999999999998
0.809,4.2381,7.799,-4.063,0.7430000000000001,1.2759999999999998
0.8552,4.3303,7.9312,-4.1530000000000005,1.022,1.2759999999999998
0.809,4.3303,8.0634,-4.063,0.5569999999999999,1.343
0.6703,4.3072,8.0634,-4.063,0.46399999999999997,1.343
0.6934,4.3533,8.0634,-4.1530000000000005,0.5569999999999999,1.343
0.6934,4.4224,8.3278,-4.244,0.5569999999999999,1.2759999999999998
0.6934,4.5606,8.46,-4.1530000000000005,0.65,1.41
0.7859,4.7449,8.8565,-4.424,0.836,1.41
0.809,4.7449,8.8565,-4.424,0.836,1.343
0.8552,4.7449,8.7243,-4.424,0.9289999999999999,1.343
0.8321,4.814,8.9887,-4.334,1.022,1.343
0.809,4.9061,8.9887,-4.515000000000001,0.9289999999999999,1.343
0.8552,5.0213,9.2531,-4.694999999999999,1.022,1.544
0.8552,5.0213,9.2531,-4.694999999999999,1.022,1.544
0.9477,5.0443,9.3853,-4.605,1.207,1.41
0.8784,5.0213,9.3853,-4.515000000000001,1.115,1.343
0.5547,4.9291,9.1209,-4.424,0.185,1.343
0.3236,4.837,8.9887,-4.1530000000000005,-0.27799999999999997,1.2759999999999998
0.3929,4.837,8.9887,-4.244,-0.092,1.343
0.6703,4.7909,8.8565,-4.334,0.46399999999999997,1.343
0.6703,4.7909,8.8565,-4.334,0.46399999999999997,1.343
0.6703,4.814,8.8565,-4.334,0.5569999999999999,1.41
0.6241,4.9522,9.1209,-4.424,0.5569999999999999,1.41
0.7628,4.9752,9.1209,-4.424,0.7430000000000001,1.41
0.9015,4.9522,9.1209,-4.515000000000001,1.115,1.343
0.9246,4.837,8.8565,-4.424,1.115,1.343
0.8552,4.6758,8.5922,-4.244,0.836,1.343
0.7859,4.5836,8.46,-4.1530000000000005,0.65,1.2759999999999998
0.601,4.5606,8.3278,-4.063,0.27799999999999997,1.343
0.6241,4.6527,8.5922,-4.1530000000000005,0.371,1.2089999999999999
0.601,4.7218,8.7243,-4.244,0.371,1.2759999999999998
0.7859,4.6067,8.46,-4.1530000000000005,0.7430000000000001,1.343
0.7859,4.5145,8.1956,-4.244,0.836,1.343
0.7397,4.4224,8.1956,-4.063,0.5569999999999999,1.343
0.6472,4.3303,8.0634,-3.8819999999999997,0.371,1.2089999999999999
0.601,4.3303,8.0634,-3.8819999999999997,0.27799999999999997,1.2089999999999999
0.5779,4.3994,8.0634,-3.8819999999999997,0.27799999999999997,1.343
0.5547,4.4224,8.0634,-3.8819999999999997,0.185,1.41
0.6241,4.4224,8.1956,-4.063,0.46399999999999997,1.2759999999999998
0.6934,4.4224,8.0634,-3.973,0.46399999999999997,1.2759999999999998
0.7628,4.3763,7.9312,-4.063,0.5569999999999999,1.2089999999999999
0.6934,4.0308,7.4025,-3.792,0.46399999999999997,1.2089999999999999
0.6934,4.0308,7.4025,-3.792,0.46399999999999997,1.2089999999999999
0.6472,3.8696,7.4025,-3.5210000000000004,0.371,1.2089999999999999
0.6472,3.8696,7.4025,-3.5210000000000004,0.371,1.2089999999999999
0.6241,4.2842,7.799,-3.8819999999999997,0.371,1.2089999999999999
