0,1,2,3,4,5
-0.0924,0.2073,0.2643,-1.173,-0.27799999999999997,-0.067
-0.0924,0.1842,0.2643,-1.2640000000000002,-0.27799999999999997,-0.067
-0.0693,0.1842,0.1321,-1.2640000000000002,-0.185,-0.067
-0.0693,0.1842,0.1321,-1.173,-0.185,-0.0
-0.0924,0.1842,0.1321,-1.173,-0.185,-0.067
-0.0924,0.1842,0.1321,-1.173,-0.185,-0.067
-0.0924,0.1842,0.1321,-1.173,-0.185,-0.067
-0.0924,0.1842,0.2643,-1.173,-0.27799999999999997,-0.0
-0.0693,0.1842,0.2643,-1.083,-0.185,-0.0
-0.0693,0.1842,0.1321,-1.3539999999999999,-0.371,-0.134
-0.0924,0.1612,0.2643,-1.173,-0.27799999999999997,-0.0
-0.0693,0.1842,0.2643,-1.083,-0.27799999999999997,-0.0
-0.0693,0.1842,0.2643,-1.083,-0.27799999999999997,-0.0
-0.0924,0.1842,0.2643,-1.2640000000000002,-0.185,-0.0
-0.0693,0.1612,0.1321,-1.173,-0.185,-0.0
-0.0693,0.1612,0.2643,-1.2640000000000002,-0.092,-0.0
-0.0462,0.1612,0.2643,-1.173,-0.185,-0.0
-0.0924,0.1842,0.2643,-1.173,-0.27799999999999997,-0.134
-0.0924,0.1842,0.2643,-1.083,-0.27799999999999997,-0.067
-0.0924,0.1612,0.1321,-0.993,-0.27799999999999997,0.067
-0.0693,0.1842,0.2643,-1.083,-0.27799999999999997,-0.0
-0.0924,0.1612,0.1321,-0.993,-0.27799999999999997,-0.067
-0.0924,0.1612,0.2643,-1.083,-0.27799999999999997,0.067
-0.0462,0.1382,0.3965,-1.083,-0.27799999999999997,-0.0
-0.0924,0.1612,0.2643,-1.173,-0.27799999999999997,-0.0
-0.0693,0.1842,0.2643,-1.083,-0.185,0.067
-0.0462,0.1842,0.2643,-1.173,-0.27799999999999997,-0.067
-0.0693,0.1612,0.2643,-1.173,-0.27799999999999997,-0.067
-0.0924,0.1612,0.2643,-0.993,-0.27799999999999997,-0.067
-0.0924,0.1612,0.2643,-0.993,-0.185,0.067
-0.0693,0.1382,0.2643,-0.993,-0.27799999999999997,-0.0
-0.0924,0.1842,0.2643,-1.173,-0.371,-0.067
-0.0924,0.1382,0.2643,-1.083,-0.371,-0.0
-0.0924,0.1382,0.2643,-1.083,-0.371,-0.0
-0.0693,0.1842,0.3965,-1.083,-0.27799999999999997,-0.0
-0.0693,0.1842,0.3965,-1.083,-0.27799999999999997,-0.0
-0.0462,0.1382,0.3965,-1.083,-0.27799999999999997,-0.0
-0.0462,0.1612,0.2643,-0.993,-0.185,0.067
-0.0693,0.2073,0.2643,-1.083,-0.27799999999999997,-0.067
-0.0924,0.1612,0.2643,-0.903,-0.27799999999999997,-0.0
-0.0924,0.1612,0.2643,-0.903,-0.27799999999999997,-0.0
-0.0924,0.1612,0.2643,-0.993,-0.27799999999999997,-0.067
-0.0924,0.1612,0.2643,-0.993,-0.185,-0.0
-0.0924,0.1612,0.2643,-1.083,-0.27799999999999997,-0.0
-0.0462,0.1382,0.2643,-1.083,-0.27799999999999997,-0.134
-0.0924,0.1612,0.2643,-1.083,-0.27799999999999997,-0.067
-0.0924,0.1842,0.2643,-1.083,-0.27799999999999997,-0.067
-0.0693,0.1842,0.2643,-1.083,-0.185,-0.134
-0.0693,0.1382,0.2643,-1.173,-0.27799999999999997,-0.067
-0.0924,0.1842,0.2643,-1.083,-0.27799999999999997,-0.067
-0.0924,0.1612,0.2643,-1.083,-0.27799999999999997,-0.067
-0.0924,0.1612,0.1321,-0.993,-0.27799999999999997,-0.067
-0.0693,0.1382,0.2643,-0.993,-0.27799999999999997,-0.0
-0.0693,0.1382,0.2643,-0.993,-0.27799999999999997,-0.0
-0.0924,0.1612,0.1321,-0.993,-0.27799999999999997,-0.0
-0.0693,0.1842,0.1321,-0.993,-0.27799999999999997,-0.0
-0.0693,0.1612,0.1321,-1.083,-0.27799999999999997,-0.067
-0.0924,0.1612,0.2643,-0.903,-0.27799999999999997,-0.0
-0.0693,0.1151,0.1321,-0.8119999999999999,-0.27799999999999997,0.067
-0.0924,0.1612,0.2643,-0.903,-0.27799999999999997,-0.067
-0.0693,0.1382,0.2643,-0.993,-0.27799999999999997,-0.067
-0.0462,0.1382,0.2643,-0.993,-0.27799999999999997,-0.067
-0.0693,0.1151,0.2643,-0.993,-0.27799999999999997,-0.067
-0.0924,0.1612,0.2643,-0.903,-0.27799999999999997,-0.067
-0.0924,0.1612,0.1321,-0.903,-0.27799999999999997,-0.067
-0.0924,0.1382,0.1321,-0.903,-0.27799999999999997,-0.0
-0.0924,0.1382,0.1321,-0.903,-0.27799999999999997,-0.0
-0.0924,0.1612,0.1321,-0.993,-0.371,-0.067
-0.0924,0.1382,0.1321,-0.993,-0.27799999999999997,-0.0
-0.0924,0.1382,0.1321,-0.903,-0.371,-0.0
-0.0693,0.1151,0.1321,-1.083,-0.27799999999999997,-0.067
-0.0924,0.1842,0.1321,-0.993,-0.27799999999999997,-0.067
-0.0924,0.1382,0.1321,-0.993,-0.371,-0.067
-0.0924,0.1382,0.1321,-1.083,-0.27799999999999997,-0.067
-0.0693,0.1382,0.1321,-0.993,-0.27799999999999997,-0.0
-0.0693,0.1612,0.1321,-0.993,-0.371,-0.0
-0.0693,0.0921,0.1321,-1.083,-0.27799999999999997,-0.067
-0.0693,0.1382,0.2643,-0.993,-0.27799999999999997,-0.067
-0.0924,0.1151,0.1321,-0.993,-0.27799999999999997,-0.067
-0.0924,0.1382,0.1321,-0.903,-0.27799999999999997,-0.067
-0.0924,0.1842,0.1321,-0.993,-0.27799999999999997,-0.134
-0.0693,0.1612,0.1321,-0.993,-0.185,-0.067
-0.0693,0.1612,0.1321,-0.903,-0.185,-0.0
-0.0924,0.1382,0.1321,-0.903,-0.27799999999999997,-0.0
-0.0924,0.1612,0.1321,-0.993,-0.27799999999999997,-0.067
-0.0924,0.1612,0.1321,-0.993,-0.27799999999999997,-0.0
-0.0462,0.1382,0.1321,-1.083,-0.27799999999999997,-0.134
-0.0693,0.1382,0.2643,-0.903,-0.27799999999999997,-0.0
-0.0693,0.1612,0.2643,-0.903,-0.27799999999999997,-0.0
-0.0924,0.1842,0.1321,-0.903,-0.371,-0.134
-0.0924,0.1382,0.2643,-0.903,-0.27799999999999997,-0.0
-0.0693,0.1612,0.2643,-0.993,-0.27799999999999997,-0.067
-0.0462,0.1382,0.2643,-0.993,-0.27799999999999997,-0.067
-0.0924,0.1612,0.2643,-0.993,-0.27799999999999997,-0.0
-0.0693,0.1382,0.2643,-0.903,-0.27799999999999997,-0.0
-0.0924,0.1612,0.2643,-0.903,-0.27799999999999997,-0.067
-0.0924,0.1612,0.2643,-0.903,-0.27799999999999997,-0.067
-0.0462,0.1612,0.2643,-0.903,-0.27799999999999997,-0.0
-0.0924,0.1612,0.2643,-0.993,-0.27799999999999997,-0.0
-0.0924,0.1612,0.2643,-0.903,-0.27799999999999997,-0.067
-0.0924,0.1382,0.2643,-0.903,-0.27799999999999997,0.067
-0.0924,0.1382,0.2643,-0.993,-0.185,-0.067
-0.0924,0.1382,0.2643,-0.993,-0.185,-0.067
-0.0693,0.1382,0.3965,-0.993,-0.27799999999999997,-0.067
-0.0693,0.1151,0.2643,-0.8119999999999999,-0.371,-0.0
-0.0693,0.1151,0.2643,-0.8119999999999999,-0.371,-0.0
-0.0693,0.1842,0.2643,-1.083,-0.185,-0.067
-0.0693,0.1842,0.2643,-1.083,-0.185,-0.067
-0.0462,0.1382,0.2643,-0.903,-0.371,-0.0
-0.0462,0.1382,0.2643,-0.903,-0.371,-0.0
-0.0924,0.1612,0.2643,-0.903,-0.27799999999999997,-0.067
-0.0462,0.1151,0.2643,-0.8119999999999999,-0.371,-0.0
-0.0693,0.1382,0.2643,-0.8119999999999999,-0.371,-0.067
-0.0693,0.1382,0.2643,-0.8119999999999999,-0.371,-0.067
-0.0693,0.1382,0.2643,-0.993,-0.27799999999999997,-0.067
-0.0693,0.1382,0.2643,-0.903,-0.371,-0.067
-0.0693,0.1612,0.2643,-0.993,-0.27799999999999997,-0.134
-0.0693,0.1382,0.2643,-1.083,-0.185,-0.0
-0.0693,0.1612,0.2643,-1.083,-0.185,-0.067
-0.0693,0.1612,0.2643,-0.903,-0.27799999999999997,-0.067
-0.0462,0.0921,0.2643,-0.903,-0.371,-0.067
-0.0693,0.1382,0.2643,-0.903,-0.371,-0.067
-0.0693,0.1382,0.2643,-0.8119999999999999,-0.371,-0.067
-0.0693,0.1382,0.2643,-0.993,-0.27799999999999997,-0.067
-0.0693,0.1382,0.2643,-0.993,-0.27799999999999997,-0.067
-0.0462,0.1382,0.2643,-0.993,-0.27799999999999997,-0.067
-0.0924,0.1612,0.2643,-0.993,-0.27799999999999997,-0.067
-0.0462,0.1382,0.2643,-0.993,-0.27799999999999997,-0.067
-0.0462,0.1382,0.2643,-0.8119999999999999,-0.371,-0.0
-0.0231,0.1382,0.2643,-0.993,-0.27799999999999997,-0.134
-0.0462,0.1382,0.2643,-0.903,-0.371,-0.134
-0.0924,0.1842,0.2643,-0.903,-0.27799999999999997,-0.067
-0.0462,0.1382,0.2643,-1.083,-0.27799999999999997,-0.134
-0.0924,0.1612,0.2643,-0.903,-0.27799999999999997,-0.067
-0.0924,0.1612,0.2643,-0.903,-0.27799999999999997,-0.067
-0.0462,0.1151,0.2643,-0.993,-0.27799999999999997,-0.067
-0.0693,0.1151,0.2643,-0.993,-0.27799999999999997,-0.067
-0.0693,0.1151,0.1321,-0.993,-0.371,-0.0
-0.0693,0.1382,0.1321,-0.903,-0.371,-0.0
-0.0462,0.1382,0.2643,-0.993,-0.27799999999999997,-0.134
-0.0462,0.1382,0.2643,-0.993,-0.27799999999999997,-0.067
-0.0693,0.1382,0.2643,-0.903,-0.27799999999999997,-0.0
-0.0693,0.1382,0.2643,-0.903,-0.27799999999999997,-0.0
-0.0693,0.1382,0.1321,-0.993,-0.371,-0.134
-0.0693,0.1382,0.1321,-0.993,-0.371,-0.134
-0.0924,0.1382,0.1321,-0.903,-0.371,-0.0
-0.0462,0.1612,0.2643,-0.993,-0.371,-0.067
-0.0462,0.1612,0.2643,-0.993,-0.371,-0.067
-0.0693,0.1151,0.1321,-0.993,-0.371,-0.067
-0.0924,0.1151,0.1321,-0.903,-0.371,-0.067
-0.0924,0.1151,0.1321,-0.903,-0.371,-0.067
-0.0924,0.1382,0.1321,-0.993,-0.371,-0.134
-0.0924,0.1382,0.1321,-0.903,-0.371,-0.067
-0.0924,0.1612,0.1321,-0.993,-0.371,-0.201
-0.0693,0.1382,-0.0,-0.903,-0.371,-0.0
-0.0924,0.1151,0.1321,-0.903,-0.371,-0.067
-0.0462,0.1151,0.1321,-0.993,-0.371,-0.067
-0.0693,0.1382,0.1321,-0.993,-0.371,-0.067
-0.0924,0.1382,0.1321,-0.903,-0.371,-0.067
-0.0462,0.0921,0.2643,-0.722,-0.27799999999999997,0.067
-0.0924,0.1151,0.1321,-0.903,-0.371,-0.0
-0.0924,0.1151,0.1321,-0.903,-0.371,-0.0
-0.0693,0.1151,0.1321,-0.903,-0.371,0.067
-0.0462,0.1612,0.2643,-1.083,-0.27799999999999997,-0.134
-0.0924,0.1382,0.1321,-0.8119999999999999,-0.27799999999999997,-0.0
-0.0462,0.0921,0.2643,-0.993,-0.27799999999999997,-0.0
-0.0462,0.0921,0.2643,-0.993,-0.27799999999999997,-0.0
-0.0924,0.1382,0.1321,-0.903,-0.371,-0.0
-0.0924,0.1151,0.2643,-0.903,-0.27799999999999997,0.067
-0.0693,0.1382,-0.0,-0.903,-0.371,-0.067
-0.0924,0.1382,0.1321,-0.993,-0.371,-0.0
-0.0924,0.1382,-0.0,-0.903,-0.371,-0.067
-0.0924,0.1382,0.1321,-0.8119999999999999,-0.371,-0.067
-0.0924,0.1382,0.1321,-0.903,-0.371,-0.0
-0.0693,0.1382,0.1321,-0.8119999999999999,-0.27799999999999997,0.067
-0.0924,0.1382,0.1321,-0.903,-0.371,-0.0
-0.0924,0.1842,0.1321,-0.993,-0.371,-0.134
-0.0924,0.1382,0.1321,-0.903,-0.371,-0.134
-0.0462,0.0921,0.2643,-0.8119999999999999,-0.27799999999999997,-0.067
-0.0462,0.0921,0.2643,-0.8119999999999999,-0.27799999999999997,-0.067
-0.0693,0.1842,-0.0,-0.993,-0.27799999999999997,-0.067
-0.0693,0.1382,0.1321,-1.083,-0.46399999999999997,-0.134
-0.0924,0.1382,0.1321,-0.993,-0.27799999999999997,-0.067
-0.0693,0.1151,0.1321,-0.722,-0.27799999999999997,-0.0
-0.0924,0.1612,0.1321,-0.993,-0.371,-0.134
-0.0924,0.1612,0.1321,-0.993,-0.371,-0.134
-0.0693,0.0921,0.1321,-0.8119999999999999,-0.371,-0.067
-0.0693,0.0921,0.2643,-0.903,-0.371,-0.067
-0.0693,0.1151,0.2643,-0.993,-0.27799999999999997,-0.134
-0.0924,0.1842,0.1321,-0.993,-0.371,-0.067
-0.0924,0.1151,0.1321,-0.903,-0.27799999999999997,-0.134
-0.0693,0.1151,0.2643,-0.903,-0.371,-0.134
-0.0693,0.046,0.1321,-0.8119999999999999,-0.371,-0.067
-0.0924,0.1612,0.1321,-0.903,-0.27799999999999997,-0.067
-0.0693,0.1382,0.1321,-0.903,-0.27799999999999997,-0.067
-0.0693,0.1382,0.1321,-0.903,-0.27799999999999997,-0.067
-0.0693,0.1151,0.1321,-0.903,-0.27799999999999997,-0.067
-0.0693,0.1151,0.1321,-0.8119999999999999,-0.371,-0.067
-0.0924,0.1151,0.1321,-0.903,-0.27799999999999997,-0.067
-0.0693,0.0921,0.1321,-0.993,-0.371,-0.134
-0.0693,0.1612,-0.0,-0.903,-0.371,-0.067
-0.0693,0.1612,0.1321,-0.993,-0.27799999999999997,-0.067
-0.0693,0.1612,-0.0,-0.903,-0.27799999999999997,-0.134
-0.0693,0.1151,0.1321,-0.993,-0.371,-0.067
-0.0924,0.0691,0.1321,-0.8119999999999999,-0.371,-0.067
-0.0924,0.0691,0.1321,-0.8119999999999999,-0.371,-0.067
-0.0693,0.0921,0.1321,-0.903,-0.27799999999999997,-0.0
-0.0462,0.1382,0.1321,-0.903,-0.27799999999999997,-0.067
-0.0693,0.1382,0.1321,-0.993,-0.371,-0.067
-0.0693,0.1151,0.2643,-0.8119999999999999,-0.46399999999999997,-0.067
-0.0693,0.1151,0.2643,-0.8119999999999999,-0.46399999999999997,-0.067
-0.0693,0.1151,0.1321,-0.722,-0.371,0.067
-0.0693,0.0921,0.2643,-0.903,-0.371,-0.067
-0.0924,0.1382,0.1321,-0.8119999999999999,-0.27799999999999997,-0.0
-0.0924,0.1612,0.1321,-0.903,-0.371,-0.067
-0.0462,0.1151,0.2643,-0.903,-0.371,-0.067
-0.0462,0.1151,0.2643,-0.903,-0.371,-0.067
-0.0462,0.1151,0.2643,-0.8119999999999999,-0.46399999999999997,-0.0
-0.0693,0.1612,0.2643,-0.903,-0.371,-0.134
-0.0693,0.1382,0.2643,-0.8119999999999999,-0.46399999999999997,-0.0
-0.0462,0.0921,0.1321,-0.993,-0.371,-0.0
-0.0693,0.1382,0.1321,-0.993,-0.371,-0.067
-0.0693,0.1382,0.1321,-0.993,-0.371,-0.067
-0.0462,0.0921,0.1321,-0.993,-0.371,-0.067
-0.0924,0.0921,0.1321,-0.903,-0.27799999999999997,-0.067
-0.0924,0.0921,0.1321,-0.903,-0.27799999999999997,-0.067
-0.0693,0.1382,0.1321,-1.083,-0.371,-0.134
-0.0693,0.1382,0.1321,-0.903,-0.371,-0.0
-0.0924,0.1151,0.1321,-0.903,-0.27799999999999997,-0.134
-0.0693,0.1151,0.2643,-1.083,-0.27799999999999997,-0.067
-0.0462,0.1382,0.2643,-0.903,-0.371,-0.134
-0.0462,0.1151,0.2643,-0.903,-0.371,-0.067
-0.0462,0.1151,0.2643,-0.8119999999999999,-0.371,-0.0
-0.0462,0.1382,0.2643,-0.903,-0.371,-0.134
-0.0693,0.1612,0.1321,-1.083,-0.371,-0.067
-0.0924,0.1842,0.1321,-0.993,-0.371,-0.067
-0.0924,0.1842,0.1321,-0.993,-0.371,-0.067
-0.0693,0.1382,0.1321,-0.993,-0.371,-0.0
-0.0924,0.1151,0.1321,-0.903,-0.371,-0.0
-0.0693,0.1151,0.1321,-0.993,-0.371,-0.134
-0.0693,0.1151,0.2643,-0.993,-0.46399999999999997,-0.134
-0.0462,0.1382,0.2643,-0.8119999999999999,-0.371,-0.0
-0.0693,0.1382,0.1321,-0.993,-0.371,-0.067
-0.0462,0.1382,0.2643,-0.993,-0.371,-0.0
-0.0462,0.1151,0.2643,-0.8119999999999999,-0.46399999999999997,-0.0
-0.0924,0.1151,0.1321,-0.903,-0.371,-0.0
-0.0924,0.1382,0.1321,-0.903,-0.371,-0.0
-0.0462,0.1151,0.2643,-0.903,-0.46399999999999997,-0.067
-0.0462,0.1151,0.2643,-0.903,-0.371,-0.067
-0.0693,0.1382,0.1321,-0.903,-0.371,-0.0
-0.0693,0.1382,0.1321,-0.903,-0.371,-0.0
-0.0924,0.1382,0.1321,-0.903,-0.371,-0.067
-0.0693,0.1382,0.1321,-0.993,-0.371,-0.067
-0.0924,0.1151,0.1321,-0.8119999999999999,-0.27799999999999997,-0.0
-0.0924,0.1382,0.1321,-0.903,-0.371,-0.067
-0.0693,0.1382,0.2643,-0.993,-0.371,-0.067
-0.0924,0.1382,0.1321,-0.903,-0.371,-0.0
-0.0462,0.1151,0.1321,-0.903,-0.371,-0.0
-0.0924,0.1612,0.2643,-1.083,-0.27799999999999997,-0.134
-0.0924,0.1382,0.1321,-0.903,-0.371,-0.0
-0.0462,0.1382,0.2643,-1.083,-0.371,-0.134
-0.0693,0.1151,0.2643,-0.993,-0.371,-0.0
-0.0693,0.1151,0.2643,-1.083,-0.371,-0.067
-0.0462,0.1382,0.2643,-0.903,-0.371,-0.0
-0.0693,0.0691,0.1321,-0.8119999999999999,-0.371,-0.0
-0.0693,0.0691,0.2643,-0.993,-0.371,-0.067
-0.0693,0.1151,0.2643,-0.903,-0.371,-0.067
-0.0693,0.1842,0.1321,-0.903,-0.371,-0.067
-0.0462,0.1382,0.2643,-0.8119999999999999,-0.46399999999999997,-0.0
-0.0693,0.0921,0.2643,-0.903,-0.371,-0.067
-0.0693,0.1612,0.1321,-0.903,-0.371,-0.067
-0.0693,0.1612,0.1321,-0.903,-0.371,-0.067
-0.0693,0.0691,0.1321,-0.8119999999999999,-0.371,-0.067
-0.0462,0.1151,0.2643,-0.903,-0.46399999999999997,-0.134
-0.0924,0.1382,0.1321,-0.903,-0.371,-0.0
-0.0924,0.1842,0.1321,-0.993,-0.46399999999999997,-0.067
-0.0693,0.1612,0.1321,-0.993,-0.371,-0.134
-0.0693,0.0921,0.2643,-0.903,-0.46399999999999997,-0.134
-0.0693,0.0921,0.2643,-0.903,-0.371,-0.067
-0.0462,0.0921,0.2643,-0.903,-0.46399999999999997,-0.134
-0.0924,0.1151,0.1321,-0.903,-0.371,-0.067
-0.0693,0.1151,0.2643,-0.903,-0.371,-0.067
-0.0693,0.0921,0.1321,-0.903,-0.371,-0.0
-0.0924,0.1382,0.1321,-0.993,-0.371,-0.067
-0.0924,0.1382,0.1321,-0.993,-0.27799999999999997,-0.134
-0.0924,0.1151,0.1321,-0.993,-0.371,-0.134
-0.0693,0.0691,0.1321,-0.8119999999999999,-0.371,-0.067
-0.0924,0.1151,0.1321,-0.722,-0.371,-0.067
-0.0924,0.1151,0.1321,-0.8119999999999999,-0.371,-0.0
-0.0693,0.1382,-0.0,-0.903,-0.371,-0.067
-0.0693,0.1382,0.1321,-0.993,-0.27799999999999997,-0.134
-0.0693,0.1382,-0.0,-0.903,-0.371,-0.067
-0.0924,0.1382,0.1321,-0.8119999999999999,-0.27799999999999997,-0.0
-0.0693,0.1151,0.1321,-0.903,-0.27799999999999997,-0.067
-0.0924,0.1151,0.1321,-0.993,-0.371,-0.134
-0.0462,0.1612,0.2643,-0.903,-0.46399999999999997,-0.134
-0.0924,0.1382,0.1321,-1.083,-0.371,-0.134
-0.0924,0.1382,0.1321,-1.083,-0.371,-0.134
-0.0924,0.1151,0.1321,-0.903,-0.371,-0.0
-0.0924,0.1151,0.1321,-0.903,-0.27799999999999997,-0.067
-0.0693,0.1151,0.1321,-0.903,-0.371,-0.067
-0.0924,0.1151,0.1321,-0.993,-0.46399999999999997,-0.067
-0.0924,0.1151,0.1321,-0.903,-0.46399999999999997,-0.067
-0.0924,0.1151,0.1321,-0.903,-0.46399999999999997,-0.0
-0.0924,0.1382,0.1321,-0.903,-0.27799999999999997,-0.067
-0.0693,0.1382,0.1321,-0.903,-0.27799999999999997,-0.067
-0.0924,0.1382,-0.0,-0.903,-0.371,-0.067
-0.0693,0.1151,0.1321,-0.903,-0.371,-0.067
-0.0693,0.1151,0.1321,-0.903,-0.371,-0.067
-0.0924,0.1151,0.1321,-0.903,-0.27799999999999997,-0.067
-0.0693,0.1382,0.1321,-0.903,-0.46399999999999997,-0.067
-0.0693,0.1382,0.1321,-0.903,-0.27799999999999997,-0.134
-0.0693,0.1382,0.1321,-0.8119999999999999,-0.371,-0.067
-0.0924,0.1382,-0.0,-0.903,-0.371,-0.0
-0.0924,0.1151,0.1321,-0.8119999999999999,-0.371,-0.067
-0.0693,0.1151,0.1321,-0.903,-0.371,-0.067
-0.0693,0.1151,0.1321,-0.903,-0.371,-0.067
-0.0693,0.1151,0.1321,-0.903,-0.371,-0.067
-0.0693,0.1151,0.1321,-0.903,-0.5569999999999999,-0.134
-0.0693,0.1151,0.1321,-0.903,-0.371,-0.067
-0.0693,0.1382,0.1321,-1.083,-0.46399999999999997,-0.134
-0.0693,0.1382,0.1321,-1.083,-0.46399999999999997,-0.134
-0.0924,0.1151,0.1321,-0.903,-0.371,-0.201
-0.0693,0.1151,0.2643,-0.8119999999999999,-0.46399999999999997,-0.067
-0.0693,0.0921,0.1321,-0.903,-0.27799999999999997,-0.0
-0.0924,0.1151,0.1321,-0.8119999999999999,-0.371,-0.0
-0.0924,0.1151,0.1321,-0.8119999999999999,-0.371,-0.0
-0.0924,0.1151,0.1321,-0.8119999999999999,-0.371,-0.0
-0.0693,0.1382,-0.0,-0.903,-0.371,-0.067
-0.0693,0.1151,-0.0,-0.993,-0.371,-0.067
-0.0693,0.1151,-0.0,-0.993,-0.371,-0.067
-0.0693,0.1151,-0.0,-0.993,-0.46399999999999997,-0.134
-0.0693,0.1151,-0.0,-0.993,-0.46399999999999997,-0.134
-0.0924,0.1151,-0.0,-0.903,-0.46399999999999997,-0.067
-0.0693,0.1151,0.1321,-0.903,-0.371,-0.134
-0.0693,0.1151,0.1321,-0.903,-0.371,-0.134
-0.0924,0.1382,0.1321,-0.903,-0.371,-0.134
-0.0462,0.1151,0.1321,-0.903,-0.27799999999999997,-0.067
-0.0693,0.1382,0.1321,-0.8119999999999999,-0.371,-0.067
-0.0924,0.1151,-0.0,-0.993,-0.371,-0.134
-0.0693,0.1382,0.1321,-0.903,-0.371,-0.134
-0.0924,0.1151,-0.0,-0.903,-0.371,-0.067
-0.0693,0.0921,-0.0,-0.8119999999999999,-0.46399999999999997,-0.067
-0.0924,0.1151,0.1321,-0.903,-0.371,-0.134
-0.0924,0.1151,-0.0,-0.993,-0.371,-0.134
-0.0693,0.1151,-0.0,-0.903,-0.46399999999999997,-0.067
-0.0693,0.1382,0.1321,-0.903,-0.371,-0.134
-0.0693,0.1151,0.1321,-0.903,-0.371,-0.067
-0.0693,0.1151,-0.0,-0.993,-0.371,-0.067
-0.0924,0.1151,0.1321,-0.8119999999999999,-0.371,-0.067
-0.0693,0.1382,0.1321,-0.903,-0.371,-0.134
-0.0924,0.1151,0.1321,-0.8119999999999999,-0.371,-0.067
-0.0924,0.1382,-0.0,-0.903,-0.371,-0.067
-0.0693,0.1151,-0.0,-0.8119999999999999,-0.371,-0.067
-0.0693,0.1151,0.1321,-0.903,-0.371,-0.067
-0.0693,0.1612,-0.0,-0.8119999999999999,-0.371,-0.134
-0.0924,0.1151,0.1321,-0.903,-0.371,-0.134
-0.0924,0.1151,0.1321,-0.903,-0.371,-0.134
-0.0693,0.1151,0.1321,-0.903,-0.371,-0.067
-0.0924,0.1151,0.1321,-0.8119999999999999,-0.371,-0.067
-0.0693,0.1151,0.1321,-0.903,-0.371,-0.067
-0.0693,0.1151,0.1321,-0.903,-0.371,-0.067
-0.0924,0.1151,0.1321,-0.722,-0.371,-0.067
-0.0693,0.1382,0.2643,-0.903,-0.46399999999999997,-0.201
-0.0693,0.1151,0.1321,-0.903,-0.371,-0.134
-0.0924,0.1151,0.1321,-0.903,-0.371,-0.134
-0.0924,0.1151,0.1321,-0.903,-0.27799999999999997,-0.134
-0.0693,0.1382,0.1321,-0.903,-0.27799999999999997,-0.067
-0.0693,0.1382,0.1321,-0.903,-0.27799999999999997,-0.067
-0.0924,0.1382,0.1321,-0.8119999999999999,-0.371,-0.067
-0.0462,0.1151,0.1321,-0.903,-0.27799999999999997,-0.067
-0.0924,0.1151,0.1321,-0.903,-0.371,-0.067
-0.0924,0.1151,0.1321,-0.903,-0.371,-0.067
-0.0693,0.1151,0.1321,-0.993,-0.46399999999999997,-0.134
-0.0693,0.0921,0.1321,-0.993,-0.371,-0.067
-0.0693,0.1382,0.1321,-0.993,-0.371,-0.134
-0.0693,0.1382,0.1321,-0.993,-0.371,-0.134
-0.0462,0.1151,0.2643,-0.8119999999999999,-0.46399999999999997,-0.0
-0.0462,0.1151,0.2643,-0.8119999999999999,-0.46399999999999997,-0.0
-0.0693,0.1151,0.1321,-0.903,-0.371,-0.067
-0.0693,0.0921,0.1321,-0.722,-0.371,-0.0
-0.0693,0.0921,0.1321,-0.722,-0.371,-0.0
-0.0693,0.0691,0.1321,-0.8119999999999999,-0.371,-0.067
-0.0924,0.1151,0.1321,-0.903,-0.27799999999999997,-0.134
-0.0693,0.1382,0.1321,-0.903,-0.27799999999999997,-0.067
-0.0693,0.1151,0.1321,-0.903,-0.371,-0.134
-0.0924,0.1151,0.1321,-0.903,-0.27799999999999997,-0.067
-0.0924,0.1151,0.1321,-0.8119999999999999,-0.27799999999999997,-0.0
-0.0924,0.1151,-0.0,-0.903,-0.371,-0.134
-0.0924,0.1151,-0.0,-0.8119999999999999,-0.371,-0.0
-0.0693,0.0691,-0.0,-0.722,-0.371,-0.0
-0.0924,0.0691,0.1321,-0.722,-0.371,-0.067
-0.0924,0.1382,0.1321,-0.8119999999999999,-0.371,-0.067
-0.0924,0.1382,0.1321,-0.8119999999999999,-0.371,-0.067
-0.0924,0.1382,-0.0,-0.903,-0.371,-0.067
-0.0693,0.1151,-0.0,-0.8119999999999999,-0.371,-0.067
-0.0924,0.1151,-0.0,-0.8119999999999999,-0.371,-0.067
-0.0924,0.0921,-0.0,-0.8119999999999999,-0.371,-0.0
-0.0693,0.0921,-0.0,-0.8119999999999999,-0.371,-0.067
-0.0924,0.0921,0.1321,-0.903,-0.27799999999999997,-0.134
-0.0693,0.0921,0.1321,-0.903,-0.27799999999999997,-0.067
-0.0924,0.1151,-0.0,-0.993,-0.371,-0.134
-0.0924,0.1151,-0.0,-0.993,-0.371,-0.201
-0.0924,0.1151,0.1321,-0.8119999999999999,-0.371,-0.067
-0.0693,0.1151,0.1321,-0.8119999999999999,-0.371,-0.0
-0.0693,0.1382,-0.0,-0.903,-0.371,-0.0
-0.0693,0.1151,-0.0,-0.993,-0.371,-0.067
-0.0924,0.1382,-0.0,-0.8119999999999999,-0.371,-0.067
-0.0462,0.1382,-0.0,-0.722,-0.371,-0.0
-0.0693,0.1151,0.1321,-0.8119999999999999,-0.371,-0.0
-0.0693,0.0921,0.1321,-0.903,-0.371,-0.134
-0.0693,0.0921,0.1321,-0.903,-0.371,-0.134
-0.0693,0.1151,0.1321,-0.8119999999999999,-0.27799999999999997,-0.0
-0.0693,0.0921,-0.0,-0.8119999999999999,-0.371,-0.067
-0.0462,0.0691,-0.0,-0.8119999999999999,-0.371,-0.201
-0.0924,0.0691,0.1321,-0.8119999999999999,-0.371,-0.067
-0.0693,0.0921,0.1321,-0.8119999999999999,-0.46399999999999997,-0.067
-0.0693,0.1382,-0.0,-0.993,-0.371,-0.201
-0.0924,0.1612,-0.0,-0.993,-0.27799999999999997,-0.067
-0.0462,0.0921,0.1321,-0.903,-0.371,-0.067
-0.0462,0.0921,0.1321,-0.903,-0.371,-0.067
-0.0693,0.0921,-0.0,-0.8119999999999999,-0.371,-0.067
-0.0693,0.0691,0.1321,-0.903,-0.371,-0.134
-0.0924,0.0921,0.1321,-0.903,-0.371,-0.067
-0.0924,0.1151,-0.0,-0.722,-0.371,-0.067
-0.0693,0.1382,-0.0,-0.903,-0.371,-0.067
-0.0693,0.1382,-0.0,-0.903,-0.371,-0.067
-0.0924,0.1382,-0.0,-0.903,-0.371,-0.067
-0.0924,0.0921,0.1321,-0.903,-0.371,-0.134
-0.0924,0.0921,0.1321,-0.8119999999999999,-0.371,-0.134
-0.0693,0.0921,0.1321,-0.8119999999999999,-0.371,-0.0
-0.0693,0.1612,-0.0,-0.903,-0.371,-0.067
-0.0924,0.1151,0.1321,-0.8119999999999999,-0.371,-0.0
-0.0924,0.1382,-0.0,-0.8119999999999999,-0.46399999999999997,-0.134
-0.0924,0.1382,-0.0,-0.903,-0.46399999999999997,-0.067
-0.0924,0.1151,-0.0,-0.8119999999999999,-0.46399999999999997,-0.067
-0.0924,0.1151,-0.0,-0.903,-0.46399999999999997,-0.134
-0.0924,0.1151,-0.0,-0.903,-0.46399999999999997,-0.134
-0.0693,0.1151,-0.0,-0.8119999999999999,-0.371,-0.067
-0.0693,0.1151,-0.0,-0.8119999999999999,-0.46399999999999997,-0.067
-0.0693,0.0691,0.1321,-0.722,-0.46399999999999997,-0.134
-0.0693,0.1151,0.1321,-0.6320000000000001,-0.46399999999999997,-0.067
-0.0693,0.1151,-0.0,-0.8119999999999999,-0.371,-0.134
-0.0924,0.1151,0.1321,-0.903,-0.371,-0.134
-0.0924,0.1151,0.1321,-0.8119999999999999,-0.371,-0.067
-0.0693,0.0691,0.1321,-0.6320000000000001,-0.46399999999999997,-0.0
-0.0693,0.0691,0.1321,-0.6320000000000001,-0.46399999999999997,-0.0
-0.0924,0.1382,-0.0,-0.903,-0.46399999999999997,-0.067
-0.0693,0.0921,-0.0,-0.8119999999999999,-0.371,-0.067
-0.0693,0.0921,-0.0,-0.8119999999999999,-0.46399999999999997,-0.134
-0.0924,0.0921,0.1321,-0.903,-0.371,-0.067
-0.0924,0.0691,-0.0,-0.8119999999999999,-0.371,-0.067
-0.0924,0.0921,0.1321,-0.903,-0.371,-0.067
-0.0924,0.1151,-0.0,-0.722,-0.46399999999999997,-0.0
-0.0924,0.1151,-0.0,-0.722,-0.46399999999999997,-0.0
-0.0924,0.1151,-0.0,-0.8119999999999999,-0.46399999999999997,-0.067
-0.0693,0.1151,-0.0,-0.8119999999999999,-0.46399999999999997,-0.067
-0.0693,0.1151,-0.0,-0.8119999999999999,-0.46399999999999997,-0.067
-0.0693,0.0921,-0.0,-0.8119999999999999,-0.46399999999999997,-0.067
-0.0924,0.0921,0.1321,-0.722,-0.46399999999999997,-0.067
-0.0693,0.0691,-0.0,-0.8119999999999999,-0.371,-0.067
-0.0924,0.0921,-0.0,-0.8119999999999999,-0.46399999999999997,-0.134
-0.0693,0.1382,-0.0,-0.993,-0.46399999999999997,-0.134
-0.0693,0.1382,-0.0,-0.903,-0.46399999999999997,-0.067
-0.0924,0.1382,-0.0,-0.993,-0.371,-0.134
-0.0693,0.0921,0.1321,-0.903,-0.371,-0.067
-0.0693,0.0691,0.1321,-0.903,-0.371,-0.134
-0.0693,0.1151,-0.0,-0.8119999999999999,-0.46399999999999997,-0.134
-0.0693,0.1151,-0.0,-0.8119999999999999,-0.46399999999999997,-0.134
-0.0693,0.1151,-0.0,-0.8119999999999999,-0.46399999999999997,-0.067
-0.0924,0.0921,-0.0,-0.8119999999999999,-0.46399999999999997,-0.0
-0.0693,0.1151,-0.0,-0.903,-0.46399999999999997,-0.067
-0.0924,0.0921,0.1321,-0.903,-0.371,-0.067
-0.0693,0.1151,0.1321,-0.903,-0.371,-0.067
-0.0693,0.1151,0.1321,-0.903,-0.371,-0.067
-0.0693,0.0921,-0.0,-0.903,-0.46399999999999997,-0.067
-0.0693,0.0921,-0.0,-0.993,-0.46399999999999997,-0.067
-0.0693,0.0921,-0.0,-0.993,-0.46399999999999997,-0.067
-0.0693,0.0921,0.1321,-0.8119999999999999,-0.371,-0.0
-0.0693,0.0921,-0.0,-0.903,-0.46399999999999997,-0.067
-0.0693,0.1151,-0.0,-0.8119999999999999,-0.46399999999999997,-0.067
-0.0693,0.1151,0.1321,-0.722,-0.5569999999999999,-0.067
-0.0693,0.1151,-0.0,-0.903,-0.46399999999999997,-0.134
-0.0924,0.1151,-0.0,-0.903,-0.46399999999999997,-0.134
-0.0693,0.0921,-0.0,-0.8119999999999999,-0.46399999999999997,-0.201
-0.0693,0.1151,0.1321,-0.903,-0.371,-0.067
-0.0693,0.0921,0.1321,-0.903,-0.371,-0.067
-0.0693,0.1151,0.1321,-0.903,-0.371,-0.067
-0.0693,0.1151,-0.0,-0.8119999999999999,-0.46399999999999997,-0.067
-0.0693,0.0921,-0.0,-0.903,-0.371,-0.134
-0.0693,0.1151,-0.0,-0.722,-0.46399999999999997,-0.067
-0.0924,0.0921,-0.0,-0.903,-0.46399999999999997,-0.134
-0.0924,0.1151,-0.0,-0.8119999999999999,-0.46399999999999997,-0.067
-0.0924,0.1151,-0.0,-0.903,-0.46399999999999997,-0.067
-0.0924,0.1151,-0.0,-0.8119999999999999,-0.46399999999999997,-0.067
-0.0693,0.1151,-0.0,-0.8119999999999999,-0.46399999999999997,-0.067
-0.0924,0.1151,-0.0,-0.8119999999999999,-0.371,-0.134
-0.0924,0.1151,-0.0,-0.8119999999999999,-0.371,-0.134
-0.0693,0.0921,-0.0,-0.8119999999999999,-0.46399999999999997,-0.134
-0.0924,0.0921,-0.0,-0.722,-0.46399999999999997,-0.0
-0.0693,0.0921,-0.0,-0.8119999999999999,-0.46399999999999997,-0.0
-0.0924,0.0921,0.1321,-0.903,-0.371,-0.134
-0.0924,0.1151,-0.0,-0.8119999999999999,-0.46399999999999997,-0.134
-0.0924,0.1151,-0.0,-0.722,-0.46399999999999997,-0.0
-0.0693,0.1151,0.1321,-0.903,-0.371,-0.067
-0.0693,0.1151,-0.0,-0.8119999999999999,-0.371,-0.134
-0.0693,0.1151,0.1321,-0.903,-0.371,-0.134
-0.0693,0.1151,0.1321,-0.903,-0.371,-0.067
-0.0693,0.1151,-0.0,-0.722,-0.46399999999999997,-0.067
-0.0924,0.1151,-0.0,-0.903,-0.46399999999999997,-0.134
-0.0924,0.1151,-0.0,-0.8119999999999999,-0.46399999999999997,-0.067
-0.0693,0.1151,0.1321,-0.722,-0.46399999999999997,-0.0
-0.0693,0.1151,-0.0,-0.8119999999999999,-0.46399999999999997,-0.067
-0.0924,0.0921,-0.0,-0.8119999999999999,-0.371,-0.067
-0.0462,0.1151,0.1321,-0.903,-0.371,-0.067
-0.0462,0.1151,0.1321,-0.903,-0.371,-0.067
-0.0693,0.1382,0.1321,-0.8119999999999999,-0.371,-0.067
-0.0693,0.1151,-0.0,-0.903,-0.46399999999999997,-0.134
-0.0693,0.1151,-0.0,-0.903,-0.46399999999999997,-0.134
-0.0924,0.1151,0.1321,-0.8119999999999999,-0.371,-0.067
-0.0924,0.0921,-0.0,-0.8119999999999999,-0.371,-0.067
-0.0462,0.0921,-0.0,-0.903,-0.371,-0.0
-0.0462,0.0921,-0.0,-0.903,-0.371,-0.0
-0.0693,0.1151,0.1321,-0.722,-0.371,-0.0
-0.0693,0.1151,0.1321,-0.8119999999999999,-0.46399999999999997,-0.134
-0.0924,0.1382,0.1321,-0.8119999999999999,-0.46399999999999997,-0.134
-0.0924,0.1151,-0.0,-0.722,-0.371,-0.067
-0.0924,0.1151,-0.0,-0.722,-0.371,-0.067
-0.0693,0.1151,-0.0,-0.8119999999999999,-0.46399999999999997,-0.134
-0.0693,0.0921,-0.0,-0.8119999999999999,-0.371,-0.134
-0.0693,0.0691,-0.0,-0.8119999999999999,-0.371,-0.067
-0.0462,0.0691,-0.0,-0.6320000000000001,-0.371,-0.067
-0.0924,0.0921,0.1321,-0.722,-0.46399999999999997,-0.134
-0.0924,0.1382,-0.0,-0.722,-0.371,-0.0
-0.0924,0.0921,0.1321,-0.722,-0.46399999999999997,-0.134
-0.0924,0.0921,0.1321,-0.722,-0.46399999999999997,-0.067
-0.0924,0.0921,0.1321,-0.722,-0.46399999999999997,-0.134
-0.0693,0.1151,0.1321,-0.722,-0.46399999999999997,-0.134
-0.0693,0.0921,0.1321,-0.722,-0.371,-0.134
-0.0693,0.1151,0.1321,-0.722,-0.46399999999999997,-0.134
-0.0924,0.1382,0.1321,-0.8119999999999999,-0.371,-0.067
-0.0693,0.1151,-0.0,-0.8119999999999999,-0.371,-0.067
-0.0924,0.1382,-0.0,-0.722,-0.371,-0.067
-0.0924,0.0921,0.1321,-0.6320000000000001,-0.46399999999999997,-0.067
-0.0924,0.0921,0.1321,-0.8119999999999999,-0.371,-0.134
-0.0693,0.1151,0.1321,-0.722,-0.371,-0.134
-0.0693,0.1151,-0.0,-0.8119999999999999,-0.371,-0.134
-0.0693,0.1151,-0.0,-0.8119999999999999,-0.371,-0.067
-0.0924,0.1151,-0.0,-0.722,-0.371,-0.067
-0.0693,0.1151,-0.0,-0.722,-0.371,-0.0
-0.0693,0.1151,-0.0,-0.8119999999999999,-0.371,-0.067
-0.0693,0.1151,0.1321,-0.8119999999999999,-0.371,-0.067
-0.0693,0.0921,0.1321,-0.722,-0.46399999999999997,-0.067
-0.0924,0.1151,0.1321,-0.6320000000000001,-0.371,-0.067
-0.0693,0.1151,0.1321,-0.6320000000000001,-0.46399999999999997,-0.067
-0.0924,0.0921,0.1321,-0.722,-0.371,-0.067
-0.0693,0.1151,0.1321,-0.722,-0.371,-0.067
-0.0693,0.1151,0.1321,-0.8119999999999999,-0.371,-0.067
-0.0693,0.1151,0.1321,-0.8119999999999999,-0.371,-0.067
-0.0693,0.0921,0.1321,-0.722,-0.46399999999999997,-0.067
-0.0924,0.0921,0.1321,-0.722,-0.371,-0.067
-0.0693,0.1151,0.1321,-0.722,-0.371,-0.134
-0.0693,0.1382,0.2643,-0.8119999999999999,-0.27799999999999997,-0.067
-0.0924,0.1382,0.1321,-0.722,-0.371,-0.067
-0.0924,0.1382,0.1321,-0.722,-0.371,-0.067
-0.0693,0.1151,0.1321,-0.6320000000000001,-0.46399999999999997,-0.0
-0.0693,0.1151,0.1321,-0.722,-0.371,-0.067
-0.0693,0.0921,0.1321,-0.722,-0.371,-0.134
-0.0693,0.1151,0.1321,-0.8119999999999999,-0.371,-0.134
-0.0693,0.0691,0.2643,-0.722,-0.371,-0.067
-0.0693,0.0921,0.2643,-0.722,-0.371,-0.067
-0.0693,0.0921,0.2643,-0.722,-0.371,-0.067
-0.0693,0.0921,0.1321,-0.722,-0.371,-0.067
-0.0693,0.0921,0.1321,-0.722,-0.371,-0.201
-0.0693,0.0921,0.1321,-0.722,-0.371,-0.201
-0.0693,0.1151,0.1321,-0.722,-0.371,-0.067
-0.0693,0.1151,0.1321,-0.722,-0.371,-0.134
-0.0693,0.1151,0.1321,-0.722,-0.371,-0.134
-0.0462,0.1151,0.2643,-0.6320000000000001,-0.27799999999999997,-0.067
-0.0924,0.0921,0.1321,-0.722,-0.371,-0.067
-0.0693,0.0691,0.1321,-0.722,-0.371,-0.067
-0.0924,0.1151,0.1321,-0.6320000000000001,-0.371,-0.067
-0.0693,0.0921,0.1321,-0.541,-0.371,-0.0
-0.0693,0.0921,0.1321,-0.541,-0.371,-0.0
-0.0924,0.1151,0.1321,-0.6320000000000001,-0.371,-0.0
-0.0924,0.1151,0.1321,-0.6320000000000001,-0.371,-0.0
-0.0924,0.1151,0.1321,-0.722,-0.371,-0.134
-0.0693,0.1151,0.1321,-0.722,-0.371,-0.067
-0.0924,0.0921,0.1321,-0.6320000000000001,-0.27799999999999997,-0.067
-0.0693,0.1151,0.1321,-0.722,-0.371,-0.067
-0.0693,0.1151,0.1321,-0.6320000000000001,-0.371,-0.0
-0.0693,0.1151,0.1321,-0.722,-0.371,-0.067
-0.0693,0.1151,0.1321,-0.722,-0.371,-0.067
-0.0924,0.0921,0.1321,-0.722,-0.371,-0.067
-0.0693,0.0921,0.1321,-0.722,-0.371,-0.067
-0.0462,0.0921,0.2643,-0.722,-0.371,-0.134
-0.0462,0.1151,0.2643,-0.722,-0.371,-0.067
-0.0462,0.1151,0.2643,-0.722,-0.27799999999999997,-0.067
-0.0693,0.1382,0.1321,-0.6320000000000001,-0.371,-0.067
-0.0693,0.1382,0.1321,-0.8119999999999999,-0.27799999999999997,-0.067
-0.0693,0.0921,0.1321,-0.722,-0.371,-0.067
-0.0693,0.0921,0.1321,-0.722,-0.371,-0.067
-0.0693,0.0921,0.1321,-0.722,-0.371,-0.067
-0.0693,0.1151,0.2643,-0.6320000000000001,-0.371,-0.067
-0.0924,0.0691,0.1321,-0.541,-0.185,-0.134
-0.0924,0.046,0.1321,-0.541,-0.27799999999999997,-0.067
-0.0924,0.0691,0.1321,-0.6320000000000001,-0.27799999999999997,-0.134
-0.0924,0.1382,0.1321,-0.722,-0.371,-0.067
-0.0924,0.1382,0.1321,-0.541,-0.371,-0.067
-0.0462,0.0691,0.1321,-0.722,-0.371,-0.067
-0.0693,0.0691,0.1321,-0.722,-0.371,-0.134
-0.0924,0.1151,0.1321,-0.6320000000000001,-0.371,-0.067
-0.0693,0.0921,0.1321,-0.722,-0.371,-0.134
-0.0924,0.0921,0.1321,-0.722,-0.371,-0.134
-0.0924,0.0921,0.1321,-0.722,-0.371,-0.134
-0.0462,0.1382,0.1321,-0.722,-0.371,-0.067
-0.0924,0.1382,0.1321,-0.541,-0.371,-0.067
-0.0924,0.0921,0.1321,-0.6320000000000001,-0.371,-0.067
-0.0693,0.1151,0.2643,-0.6320000000000001,-0.27799999999999997,-0.067
-0.0693,0.1151,0.1321,-0.722,-0.371,-0.067
-0.0693,0.1151,0.1321,-0.722,-0.371,-0.067
-0.0924,0.1382,0.1321,-0.722,-0.371,-0.0
-0.0462,0.0921,0.1321,-0.8119999999999999,-0.371,-0.134
-0.0924,0.0921,0.1321,-0.6320000000000001,-0.371,-0.067
-0.0924,0.1151,0.1321,-0.541,-0.27799999999999997,-0.067
-0.0693,0.1382,0.1321,-0.722,-0.46399999999999997,-0.134
-0.0924,0.1382,0.1321,-0.722,-0.371,-0.134
-0.0693,0.1151,0.1321,-0.722,-0.371,-0.067
-0.0924,0.0921,0.1321,-0.722,-0.371,-0.067
-0.0693,0.1151,0.1321,-0.6320000000000001,-0.46399999999999997,-0.067
-0.0462,0.0921,0.1321,-0.6320000000000001,-0.371,-0.134
-0.0462,0.0921,0.2643,-0.722,-0.371,-0.134
-0.0924,0.1151,0.1321,-0.541,-0.371,-0.067
-0.0924,0.1382,0.1321,-0.8119999999999999,-0.371,-0.134
-0.0924,0.1151,0.1321,-0.6320000000000001,-0.371,-0.067
-0.0924,0.0921,0.1321,-0.6320000000000001,-0.371,-0.134
-0.0924,0.0921,0.1321,-0.6320000000000001,-0.371,-0.134
-0.0693,0.0921,0.1321,-0.722,-0.46399999999999997,-0.067
-0.0693,0.0921,0.1321,-0.722,-0.46399999999999997,-0.067
-0.0693,0.1382,0.1321,-0.6320000000000001,-0.371,-0.0
-0.0924,0.1382,0.1321,-0.903,-0.27799999999999997,-0.134
-0.0924,0.1151,0.1321,-0.6320000000000001,-0.371,-0.067
-0.0924,0.1151,0.1321,-0.6320000000000001,-0.46399999999999997,-0.067
-0.0693,0.1151,0.1321,-0.722,-0.371,-0.067
-0.0924,0.0921,-0.0,-0.6320000000000001,-0.371,-0.067
-0.0693,0.1151,0.1321,-0.6320000000000001,-0.371,-0.067
-0.0693,0.1151,0.1321,-0.6320000000000001,-0.371,-0.067
-0.0693,0.0921,0.1321,-0.541,-0.371,-0.0
-0.0924,0.1151,0.1321,-0.722,-0.46399999999999997,-0.134
-0.0924,0.0921,0.1321,-0.6320000000000001,-0.46399999999999997,-0.067
-0.0924,0.0921,0.1321,-0.6320000000000001,-0.46399999999999997,-0.067
-0.0924,0.1151,0.1321,-0.541,-0.371,-0.0
-0.0924,0.1151,0.1321,-0.541,-0.371,-0.067
-0.0924,0.1382,0.1321,-0.541,-0.371,-0.067
-0.0693,0.1151,0.1321,-0.722,-0.371,-0.134
-0.0924,0.0691,0.1321,-0.722,-0.371,-0.134
-0.0924,0.0921,-0.0,-0.8119999999999999,-0.371,-0.067
-0.0924,0.0921,0.1321,-0.722,-0.371,-0.134
-0.0924,0.1151,0.1321,-0.722,-0.46399999999999997,-0.134
-0.0693,0.0921,0.1321,-0.6320000000000001,-0.27799999999999997,-0.067
-0.0924,0.1151,0.1321,-0.6320000000000001,-0.46399999999999997,-0.067
-0.0693,0.1151,0.1321,-0.6320000000000001,-0.371,-0.067
-0.0693,0.0921,0.1321,-0.6320000000000001,-0.371,-0.134
-0.0693,0.1151,0.1321,-0.6320000000000001,-0.371,-0.134
-0.0693,0.1151,0.1321,-0.6320000000000001,-0.371,-0.134
-0.0924,0.1612,0.1321,-0.6320000000000001,-0.371,-0.067
-0.0693,0.1151,0.1321,-0.6320000000000001,-0.371,-0.067
-0.0693,0.0921,0.1321,-0.722,-0.371,-0.134
-0.0693,0.0921,0.1321,-0.722,-0.371,-0.201
-0.0693,0.0921,0.1321,-0.722,-0.46399999999999997,-0.134
-0.0924,0.1151,0.1321,-0.722,-0.371,-0.134
-0.0924,0.1151,0.1321,-0.722,-0.371,-0.134
-0.0924,0.1151,0.1321,-0.722,-0.371,-0.134
-0.0693,0.0921,0.1321,-0.722,-0.371,-0.134
-0.0693,0.1151,0.1321,-0.722,-0.46399999999999997,-0.134
-0.0693,0.1151,0.1321,-0.541,-0.371,-0.0
-0.0924,0.0921,0.1321,-0.722,-0.371,-0.067
-0.0924,0.0921,0.1321,-0.6320000000000001,-0.371,-0.067
-0.0693,0.1151,0.1321,-0.722,-0.46399999999999997,-0.134
-0.0924,0.1151,0.1321,-0.6320000000000001,-0.46399999999999997,-0.067
-0.0924,0.1151,-0.0,-0.541,-0.371,-0.067
-0.0462,0.1151,-0.0,-0.6320000000000001,-0.371,-0.067
-0.0693,0.0921,-0.0,-0.6320000000000001,-0.371,-0.134
-0.0462,0.0691,0.1321,-0.722,-0.46399999999999997,-0.134
-0.0462,0.0691,0.1321,-0.722,-0.46399999999999997,-0.134
-0.0924,0.0921,0.1321,-0.6320000000000001,-0.46399999999999997,-0.067
-0.0924,0.1151,-0.0,-0.6320000000000001,-0.371,-0.134
-0.0693,0.0921,0.1321,-0.722,-0.46399999999999997,-0.134
-0.0693,0.1151,-0.0,-0.6320000000000001,-0.371,-0.134
-0.0462,0.0921,-0.0,-0.6320000000000001,-0.371,-0.134
-0.0462,0.0921,-0.0,-0.6320000000000001,-0.371,-0.134
-0.0693,0.0921,-0.0,-0.6320000000000001,-0.371,-0.134
-0.0462,0.0691,0.1321,-0.722,-0.371,-0.067
-0.0693,0.0921,0.1321,-0.722,-0.371,-0.067
-0.0924,0.1151,0.1321,-0.6320000000000001,-0.46399999999999997,-0.067
-0.0924,0.1151,0.1321,-0.6320000000000001,-0.371,-0.0
-0.0924,0.1382,0.1321,-0.6320000000000001,-0.46399999999999997,-0.067
-0.0693,0.1151,0.1321,-0.6320000000000001,-0.46399999999999997,-0.067
-0.0924,0.0921,-0.0,-0.6320000000000001,-0.371,-0.067
-0.0924,0.1151,-0.0,-0.451,-0.371,-0.067
-0.0924,0.0921,-0.0,-0.722,-0.27799999999999997,-0.067
-0.0924,0.1151,-0.0,-0.541,-0.371,-0.067
-0.0924,0.0921,0.1321,-0.722,-0.371,-0.067
-0.0693,0.0921,0.1321,-0.6320000000000001,-0.27799999999999997,-0.067
-0.0693,0.1382,-0.0,-0.722,-0.27799999999999997,-0.201
-0.0693,0.1151,0.1321,-0.722,-0.46399999999999997,-0.201
-0.0693,0.1151,0.1321,-0.722,-0.371,-0.134
-0.0693,0.0921,-0.0,-0.6320000000000001,-0.371,-0.134
-0.0231,0.0691,0.1321,-0.6320000000000001,-0.46399999999999997,-0.067
-0.0693,0.0921,0.1321,-0.722,-0.46399999999999997,-0.134
-0.0924,0.1151,-0.0,-0.722,-0.27799999999999997,-0.067
-0.0693,0.1151,0.1321,-0.6320000000000001,-0.46399999999999997,-0.067
-0.0924,0.1151,-0.0,-0.722,-0.27799999999999997,-0.067
-0.0693,0.0691,-0.0,-0.722,-0.27799999999999997,-0.067
-0.0924,0.1382,0.1321,-0.6320000000000001,-0.371,-0.134
-0.0924,0.1382,0.1321,-0.6320000000000001,-0.371,-0.134
-0.0924,0.1151,-0.0,-0.6320000000000001,-0.371,-0.134
-0.0924,0.1151,-0.0,-0.6320000000000001,-0.371,-0.134
-0.0924,0.0921,-0.0,-0.8119999999999999,-0.371,-0.134
-0.0693,0.0921,-0.0,-0.541,-0.371,-0.0
-0.0924,0.0921,-0.0,-0.6320000000000001,-0.371,-0.067
-0.0924,0.1151,-0.0,-0.722,-0.27799999999999997,-0.067
-0.0924,0.1151,-0.0,-0.6320000000000001,-0.371,-0.134
-0.0924,0.0921,-0.0,-0.541,-0.46399999999999997,-0.067
-0.0693,0.0921,-0.0,-0.541,-0.371,-0.0
-0.0693,0.0921,-0.0,-0.541,-0.371,-0.0
-0.0924,0.0921,-0.0,-0.6320000000000001,-0.27799999999999997,-0.067
-0.0693,0.1151,-0.0,-0.722,-0.371,-0.067
-0.0693,0.1151,-0.0,-0.722,-0.371,-0.134
-0.0693,0.0921,-0.0,-0.722,-0.27799999999999997,-0.134
-0.0693,0.0921,-0.0,-0.722,-0.371,-0.134
-0.0693,0.0921,-0.0,-0.722,-0.371,-0.134
-0.0924,0.1151,-0.0,-0.722,-0.27799999999999997,-0.134
-0.0924,0.1382,-0.0,-0.722,-0.27799999999999997,-0.067
-0.0924,0.1151,-0.0,-0.722,-0.27799999999999997,-0.067
-0.0693,0.0921,-0.0,-0.722,-0.371,-0.134
-0.0924,0.0691,-0.0,-0.6320000000000001,-0.371,-0.067
-0.0924,0.1151,0.1321,-0.6320000000000001,-0.27799999999999997,-0.134
-0.0693,0.0921,-0.0,-0.6320000000000001,-0.27799999999999997,-0.067
-0.0924,0.0921,-0.0,-0.722,-0.27799999999999997,-0.067
-0.0924,0.0921,0.1321,-0.6320000000000001,-0.371,-0.067
-0.0924,0.0921,0.1321,-0.6320000000000001,-0.27799999999999997,-0.134
-0.0924,0.0921,0.1321,-0.6320000000000001,-0.27799999999999997,-0.134
-0.0924,0.0921,0.1321,-0.6320000000000001,-0.371,-0.134
-0.0693,0.0921,0.1321,-0.6320000000000001,-0.27799999999999997,-0.134
-0.0924,0.0921,-0.0,-0.722,-0.27799999999999997,-0.134
-0.0924,0.0921,-0.0,-0.722,-0.27799999999999997,-0.067
-0.0924,0.0691,-0.0,-0.541,-0.371,-0.067
-0.0924,0.0921,0.1321,-0.6320000000000001,-0.27799999999999997,-0.134
-0.0693,0.046,0.1321,-0.541,-0.185,-0.134
-0.0924,0.0921,0.1321,-0.541,-0.092,-0.134
-0.0693,0.0921,0.1321,-0.541,-0.092,-0.268
-0.0693,0.0691,0.1321,-0.451,0.0,-0.134
-0.0693,0.046,0.2643,-0.361,-0.092,-0.134
-0.0693,0.046,0.2643,-0.361,0.0,-0.067
-0.0231,0.046,0.2643,-0.361,-0.092,-0.134
-0.0462,0.023,0.2643,-0.361,0.0,-0.134
-0.0462,0.023,0.2643,-0.361,0.0,-0.134
-0.0693,0.0691,0.2643,-0.27,0.0,-0.201
-0.0693,0.023,0.2643,-0.27,0.0,-0.268
-0.0462,-0.023,0.3965,-0.18,0.0,-0.134
-0.0462,-0.0,0.3965,-0.18,0.0,-0.201
-0.0462,-0.0,0.3965,-0.18,0.0,-0.201
-0.0231,-0.0,0.2643,-0.27,0.0,-0.201
-0.0231,0.023,0.3965,-0.18,0.092,-0.268
-0.0462,-0.0,0.3965,-0.09,0.092,-0.201
-0.0231,-0.046,0.3965,0.09,0.092,-0.201
-0.0462,-0.023,0.3965,0.09,0.185,-0.335
-0.0462,-0.023,0.2643,0.18,0.092,-0.201
-0.0462,-0.046,0.3965,0.18,0.185,-0.335
-0.0693,-0.046,0.3965,0.27,0.185,-0.268
-0.0693,-0.023,0.3965,0.361,0.185,-0.268
-0.0693,-0.046,0.5287,0.451,0.185,-0.335
-0.0231,-0.1151,0.5287,0.541,0.27799999999999997,-0.201
-0.0462,-0.1382,0.6609,0.541,0.185,-0.201
-0.0693,-0.1151,0.6609,0.6320000000000001,0.27799999999999997,-0.268
-0.0462,-0.1612,0.7931,0.722,0.27799999999999997,-0.335
-0.0462,-0.1612,0.7931,0.722,0.27799999999999997,-0.335
-0.0693,-0.1382,0.9253,1.083,0.46399999999999997,-0.403
-0.0693,-0.1382,0.9253,1.083,0.46399999999999997,-0.403
-0.0693,-0.2073,0.9253,1.173,0.46399999999999997,-0.335
-0.0462,-0.1612,0.9253,1.173,0.46399999999999997,-0.47
-0.0462,-0.1612,0.9253,1.173,0.46399999999999997,-0.47
-0.0693,-0.2303,1.0575,1.3539999999999999,0.65,-0.335
-0.0231,-0.2533,1.0575,1.444,0.5569999999999999,-0.403
-0.0231,-0.2303,1.0575,1.535,0.65,-0.403
-0.0231,-0.2764,1.1896,1.715,0.836,-0.5369999999999999
-0.0,-0.3224,1.1896,1.896,0.836,-0.403
-0.0231,-0.3224,1.1896,1.986,0.7430000000000001,-0.403
-0.0231,-0.3224,1.1896,1.986,0.7430000000000001,-0.403
-0.0462,-0.3224,1.1896,2.167,0.9289999999999999,-0.403
-0.0231,-0.3915,1.3218,2.347,0.9289999999999999,-0.47
-0.0,-0.4146,1.454,2.4379999999999997,0.9289999999999999,-0.403
-0.0,-0.4146,1.3218,2.5280000000000005,1.022,-0.335
-0.0,-0.4837,1.454,2.7089999999999996,1.115,-0.47
-0.0,-0.4837,1.454,2.7089999999999996,1.115,-0.47
0.0231,-0.4837,1.454,2.799,1.115,-0.604
-0.0,-0.4837,1.5862,3.16,1.3,-0.5369999999999999
-0.0,-0.5067,1.5862,3.25,1.3,-0.671
-0.0,-0.5067,1.5862,3.25,1.3,-0.671
-0.0231,-0.5758,1.7184,3.341,1.207,-0.604
-0.0231,-0.5528,1.7184,3.5210000000000004,1.393,-0.604
-0.0,-0.6219,1.7184,3.702,1.4860000000000002,-0.5369999999999999
-0.0231,-0.5988,1.9828,3.792,1.4860000000000002,-0.671
-0.0231,-0.5988,1.9828,3.792,1.4860000000000002,-0.671
-0.0,-0.6679,1.8506,4.063,1.765,-0.604
-0.0,-0.6679,1.9828,4.063,1.765,-0.604
-0.0,-0.691,1.9828,4.334,1.672,-0.738
0.0231,-0.7601,2.115,4.515000000000001,1.8579999999999999,-0.738
0.0231,-0.7601,2.115,4.515000000000001,1.8579999999999999,-0.738
-0.0,-0.7601,2.115,4.605,1.951,-0.873
-0.0,-0.8061,2.2471,4.8759999999999994,1.8579999999999999,-0.873
-0.0462,-0.7831,2.2471,4.966,1.8579999999999999,-0.738
-0.0231,-0.8292,2.2471,5.056000000000001,1.8579999999999999,-0.873
-0.0231,-0.8292,2.2471,5.237,1.951,-0.806
-0.0,-0.8752,2.3793,5.417999999999999,2.044,-0.873
-0.0231,-0.8752,2.2471,5.507999999999999,2.137,-0.94
0.0231,-0.8522,2.3793,5.507999999999999,2.23,-1.007
0.0231,-0.8983,2.5115,5.598,2.415,-0.806
0.0231,-0.9213,2.5115,5.598,2.322,-1.007
-0.0,-0.9443,2.5115,5.869,2.322,-0.873
-0.0,-0.9213,2.5115,5.869,2.415,-1.007
-0.0,-0.9674,2.5115,6.05,2.415,-0.94
-0.0,-0.9904,2.5115,6.14,2.508,-1.007
-0.0,-0.9904,2.6437,6.321,2.508,-1.007
-0.0231,-1.0134,2.6437,6.501,2.23,-0.94
-0.0231,-1.1056,2.7759,6.682,2.694,-0.94
0.0231,-1.1286,3.0403,7.043,2.88,-1.007
0.0231,-1.1747,3.1725,7.404,3.066,-1.0739999999999998
0.0231,-1.1747,3.1725,7.404,3.066,-1.0739999999999998
0.0231,-1.1977,3.0403,7.584999999999999,2.88,-1.141
0.0231,-1.1977,3.1725,7.584999999999999,2.973,-1.0739999999999998
0.0231,-1.2207,3.1725,7.765,3.1590000000000003,-1.141
-0.0,-1.2207,3.1725,7.765,3.1590000000000003,-1.2089999999999999
0.0462,-1.2668,3.3046,8.036,3.1590000000000003,-1.141
0.0231,-1.2668,3.3046,8.036,3.066,-1.141
-0.0,-1.3359,3.1725,8.036,2.973,-1.141
-0.0,-1.3359,3.1725,8.036,2.973,-1.141
0.0462,-1.2668,3.3046,8.126999999999999,3.1590000000000003,-1.141
0.0693,-1.2668,3.3046,8.398,3.252,-1.141
0.0231,-1.2898,3.4368,8.488,3.1590000000000003,-1.2089999999999999
0.0231,-1.428,3.4368,8.849,3.252,-1.2759999999999998
0.0231,-1.428,3.4368,8.849,3.252,-1.2759999999999998
0.0462,-1.3589,3.4368,8.668,3.345,-1.2759999999999998
0.0693,-1.3589,3.4368,8.668,3.345,-1.2089999999999999
0.0462,-1.428,3.4368,8.759,3.345,-1.2089999999999999
-0.0,-1.405,3.4368,8.849,3.345,-1.2089999999999999
0.0231,-1.382,3.4368,9.030000000000001,3.345,-1.2089999999999999
0.0462,-1.405,3.4368,8.849,3.252,-1.2759999999999998
-0.0,-1.382,3.4368,8.939,3.345,-1.2089999999999999
0.0231,-1.5202,3.569,9.661999999999999,3.53,-1.343
0.0924,-1.5202,3.569,9.661999999999999,3.809,-1.343
0.0924,-1.5202,3.569,9.751999999999999,3.809,-1.343
-0.0,-1.6353,3.8334,10.384,3.623,-1.343
0.0231,-1.6584,3.8334,10.565,3.809,-1.343
0.0231,-1.6814,3.8334,10.926,3.902,-1.343
0.0231,-1.6584,3.8334,10.835999999999999,3.902,-1.41
0.0462,-1.6814,3.9656,11.015999999999998,3.902,-1.41
0.0462,-1.6814,3.9656,11.015999999999998,3.902,-1.41
0.0231,-1.6584,3.9656,10.926,4.088,-1.41
0.0231,-1.6584,3.9656,10.926,4.088,-1.41
0.0231,-1.7044,3.8334,10.835999999999999,3.7159999999999997,-1.41
0.0231,-1.7044,3.8334,10.835999999999999,3.7159999999999997,-1.41
-0.0,-1.7044,3.9656,10.926,3.7159999999999997,-1.343
0.0462,-1.7275,4.0978,11.287,4.088,-1.41
0.0462,-1.7275,4.0978,11.468,4.181,-1.544
0.0231,-1.7735,4.0978,11.648,4.088,-1.544
0.0462,-1.8887,4.0978,12.1,4.181,-1.544
0.0924,-1.8196,4.0978,11.738999999999999,4.46,-1.4769999999999999
0.1155,-1.7735,4.0978,11.378,4.46,-1.41
0.1155,-1.7505,4.0978,11.378,4.367,-1.41
0.0462,-1.8196,4.0978,11.738999999999999,4.088,-1.544
0.0231,-1.8426,4.0978,12.1,4.274,-1.612
0.0231,-1.8657,4.23,12.371,4.274,-1.6789999999999998
0.0231,-1.8887,4.23,12.371,4.367,-1.544
0.0231,-1.8887,4.23,12.371,4.367,-1.544
0.0924,-1.8887,4.23,12.461,4.6450000000000005,-1.612
0.0693,-1.9348,4.23,12.642,4.7379999999999995,-1.612
0.1155,-2.0039,4.4943,13.003,4.8309999999999995,-1.612
0.0924,-1.9808,4.3621,13.093,4.7379999999999995,-1.6789999999999998
0.0693,-2.0039,4.3621,13.274,4.6450000000000005,-1.612
0.0462,-2.0039,4.3621,13.093,4.553,-1.612
0.0462,-2.0269,4.6265,13.274,4.553,-1.6789999999999998
0.0462,-2.0269,4.6265,13.274,4.553,-1.6789999999999998
0.0231,-2.073,4.4943,13.453999999999999,4.6450000000000005,-1.6789999999999998
0.0924,-2.096,4.6265,13.815999999999999,5.017,-1.746
0.1155,-2.119,4.7587,13.906,5.11,-1.746
0.1155,-2.119,4.7587,13.906,5.11,-1.746
0.0924,-2.1651,4.7587,14.267000000000001,5.11,-1.6789999999999998
0.0924,-2.1651,4.7587,14.267000000000001,5.11,-1.6789999999999998
0.0231,-2.1881,4.8909,14.448,4.924,-1.813
0.0462,-2.2112,4.8909,14.448,4.924,-1.813
0.0462,-2.2112,4.8909,14.538,5.11,-1.88
0.0924,-2.2572,4.8909,14.899000000000001,5.389,-1.813
0.0924,-2.2572,4.8909,14.899000000000001,5.389,-1.813
0.0462,-2.2572,5.0231,14.990000000000002,5.482,-1.813
0.0924,-2.3494,5.0231,15.441,5.575,-1.88
0.0924,-2.3494,5.0231,15.441,5.575,-1.88
0.0693,-2.3724,5.2875,15.622,5.482,-2.015
0.0693,-2.3724,5.4196,15.892999999999999,5.760999999999999,-2.015
0.0693,-2.4185,5.4196,16.344,5.667999999999999,-2.082
0.0693,-2.4645,5.5518,16.525000000000002,5.760999999999999,-2.082
0.0693,-2.4415,5.4196,16.615,5.853000000000001,-2.149
0.0693,-2.4645,5.4196,16.705000000000002,5.760999999999999,-2.082
0.0693,-2.5106,5.5518,16.705000000000002,5.853000000000001,-2.149
0.0693,-2.5336,5.5518,16.886000000000003,5.760999999999999,-2.015
0.0693,-2.5567,5.5518,16.976,5.853000000000001,-2.149
0.1386,-2.6258,5.684,17.518,6.2250000000000005,-2.082
0.1386,-2.6258,5.684,17.518,6.2250000000000005,-2.082
0.1386,-2.6027,5.8162,17.427999999999997,6.3180000000000005,-2.149
0.1155,-2.6488,5.8162,17.879,6.3180000000000005,-2.082
0.1155,-2.6949,5.9484,18.15,6.3180000000000005,-2.2159999999999997
0.1155,-2.7409,6.0806,18.331,6.411,-2.2159999999999997
0.0924,-2.764,6.2128,18.511,6.504,-2.283
0.0924,-2.787,6.2128,18.602,6.69,-2.3499999999999996
0.1155,-2.764,6.2128,18.692,6.5969999999999995,-2.3499999999999996
0.0924,-2.81,6.2128,19.053,6.5969999999999995,-2.3499999999999996
0.1155,-2.8791,6.2128,19.234,6.5969999999999995,-2.3499999999999996
0.1155,-2.8331,6.345,19.234,6.69,-2.3499999999999996
0.1155,-2.8561,6.345,19.234,6.69,-2.3499999999999996
0.1386,-2.8331,6.345,19.234,6.69,-2.2159999999999997
0.0924,-2.787,6.2128,18.782,6.411,-2.283
0.0924,-2.787,6.0806,18.421,6.411,-2.2159999999999997
0.0924,-2.764,5.9484,18.240000000000002,6.3180000000000005,-2.2159999999999997
0.1155,-2.787,6.345,18.692,6.5969999999999995,-2.2159999999999997
0.1155,-2.8561,6.4771,19.414,6.968,-2.3499999999999996
0.1155,-2.8791,6.4771,19.956,6.968,-2.485
0.0924,-2.8791,6.4771,19.866,6.783,-2.485
0.0924,-2.9022,6.345,19.505,6.5969999999999995,-2.3499999999999996
0.1155,-2.8331,6.0806,18.692,6.69,-2.2159999999999997
0.0924,-2.7409,6.2128,18.602,6.5969999999999995,-2.2159999999999997
0.1155,-2.9022,6.4771,19.595,6.783,-2.4179999999999997
0.1155,-2.9943,6.7415,20.317,7.061,-2.5519999999999996
0.1386,-3.0404,6.8737,21.04,7.154,-2.5519999999999996
0.1155,-3.0404,6.6093,20.497999999999998,6.968,-2.485
0.1618,-2.9482,6.4771,19.956,7.061,-2.3499999999999996
0.208,-2.8561,6.345,19.414,7.154,-2.283
0.1155,-2.9482,6.4771,19.776,7.154,-2.485
0.1155,-3.0173,6.7415,20.317,7.061,-2.485
0.1155,-3.0173,6.7415,20.317,7.061,-2.485
0.1386,-3.0404,6.8737,20.859,7.34,-2.485
0.208,-2.9943,6.7415,20.497999999999998,7.433,-2.3499999999999996
0.1155,-3.1095,6.6093,20.679,7.154,-2.485
0.1155,-3.0404,6.6093,20.588,7.154,-2.485
0.1618,-3.0634,6.8737,21.04,7.526000000000001,-2.5519999999999996
0.1849,-3.0634,6.7415,20.948999999999998,7.526000000000001,-2.485
0.1849,-3.0864,6.7415,20.679,7.34,-2.4179999999999997
0.1618,-3.1095,6.7415,20.948999999999998,7.526000000000001,-2.5519999999999996
0.1386,-3.1325,7.1381,21.491,7.526000000000001,-2.5519999999999996
0.1155,-3.1555,7.1381,21.762,7.526000000000001,-2.686
0.0693,-3.2016,7.1381,21.852,7.433,-2.686
0.1618,-3.2016,7.1381,21.582,7.433,-2.5519999999999996
0.1618,-3.2016,7.1381,21.582,7.433,-2.5519999999999996
0.208,-3.1325,7.0059,21.582,7.712,-2.4179999999999997
0.208,-3.2016,7.1381,21.852,7.9910000000000005,-2.619
0.2311,-3.2937,7.4025,22.394,8.083,-2.753
0.208,-3.2477,7.4025,22.394,8.083,-2.821
0.1849,-3.2016,7.2703,22.214,7.9910000000000005,-2.619
0.1618,-3.2477,7.2703,22.033,7.898,-2.619
0.208,-3.2477,7.4025,22.304,7.9910000000000005,-2.686
0.208,-3.2937,7.4025,22.846000000000004,8.176,-2.686
0.1618,-3.3168,7.5346,22.846000000000004,7.9910000000000005,-2.888
0.1618,-3.3168,7.4025,22.936,7.9910000000000005,-2.753
0.2542,-3.3398,7.4025,22.846000000000004,8.548,-2.753
0.2542,-3.3398,7.4025,22.846000000000004,8.548,-2.753
0.1155,-3.3398,7.6668,23.117,7.805,-2.888
0.0924,-3.3398,7.5346,23.026,7.526000000000001,-2.821
0.1386,-3.2707,7.4025,22.756,7.619,-2.821
0.1386,-3.2707,7.2703,22.304,7.619,-2.753
0.1155,-3.3168,7.4025,22.936,7.526000000000001,-2.888
0.1155,-3.4089,7.9312,23.929000000000002,7.9910000000000005,-2.955
0.1618,-3.478,8.1956,24.561999999999998,8.455,-3.0220000000000002
0.1849,-3.6162,7.9312,25.013,8.362,-3.0220000000000002
0.1849,-3.6162,7.9312,25.013,8.362,-3.0220000000000002
0.1618,-3.5241,7.799,24.2,8.362,-2.821
0.2542,-3.4089,7.5346,23.659,8.548,-2.686
0.1618,-3.501,7.9312,24.020000000000003,8.455,-2.888
0.1386,-3.5471,7.799,24.381,8.269,-2.888
0.1618,-3.5701,7.9312,24.651999999999997,8.269,-2.955
0.1849,-3.5471,8.0634,24.561999999999998,8.455,-2.955
0.1849,-3.501,7.9312,24.2,8.641,-2.888
0.2311,-3.478,7.799,24.11,8.641,-2.753
0.2311,-3.501,7.799,24.11,8.641,-2.753
0.2773,-3.501,7.9312,24.291,8.734,-2.888
0.2311,-3.5471,7.799,24.2,8.455,-2.888
0.208,-3.4319,7.5346,23.749,8.455,-2.821
0.2311,-3.4089,7.5346,23.659,8.548,-2.821
0.2542,-3.5241,7.9312,24.381,8.734,-2.888
0.2311,-3.6162,8.1956,25.284,9.013,-3.089
0.1849,-3.7774,8.1956,26.368000000000002,9.013,-3.089
0.2311,-3.7083,8.0634,25.825999999999997,8.827,-3.089
0.2311,-3.5932,8.0634,25.103,8.827,-2.955
0.1849,-3.5701,7.9312,24.832,8.827,-2.888
0.1849,-3.6623,8.1956,25.825999999999997,8.827,-3.1559999999999997
0.1618,-3.6623,8.46,26.006,8.827,-3.224
0.1618,-3.6623,8.46,26.006,8.827,-3.224
0.1849,-3.5701,7.9312,24.923000000000002,8.455,-2.955
0.1849,-3.6162,8.1956,25.374,8.641,-3.0220000000000002
0.208,-3.7314,8.46,26.277,9.106,-3.1559999999999997
0.2311,-3.7083,8.5922,26.638,9.384,-3.1559999999999997
0.208,-3.7314,8.5922,26.638,9.384,-3.1559999999999997
0.208,-3.7314,8.5922,26.548,9.199,-3.1559999999999997
0.1849,-3.8696,8.46,26.909,9.106,-3.1559999999999997
0.1849,-3.7314,8.3278,26.368000000000002,8.92,-3.089
0.1618,-3.6392,8.0634,25.555,8.641,-3.0220000000000002
0.1155,-3.6162,7.9312,25.103,8.176,-2.955
0.1849,-3.5701,8.0634,25.194000000000003,8.734,-2.955
0.1849,-3.6392,8.1956,25.555,8.827,-2.955
0.1849,-3.8005,8.3278,26.368000000000002,8.92,-3.089
0.2311,-3.7544,8.7243,26.729,9.477,-3.224
0.2311,-3.6623,8.5922,26.187,9.384,-3.1559999999999997
0.1618,-3.7314,8.3278,26.368000000000002,8.92,-3.089
0.1618,-3.7314,8.3278,26.368000000000002,8.92,-3.089
0.1849,-3.5701,7.9312,24.923000000000002,8.734,-3.0220000000000002
0.1849,-3.5701,7.9312,24.923000000000002,8.734,-3.0220000000000002
0.1618,-3.6162,8.0634,25.194000000000003,8.455,-3.089
0.0924,-3.6392,8.1956,25.555,8.362,-3.089
0.1618,-3.6392,8.1956,25.735,8.641,-3.1559999999999997
0.1849,-3.6162,8.0634,25.374,8.827,-2.955
0.208,-3.6392,7.9312,25.465,8.92,-2.888
0.208,-3.5701,7.799,25.013,8.827,-2.888
0.208,-3.6162,7.9312,25.194000000000003,8.827,-2.888
0.2311,-3.6392,8.0634,25.825999999999997,9.199,-2.955
0.208,-3.6853,8.1956,26.277,9.013,-3.089
0.1618,-3.7774,8.3278,26.368000000000002,8.92,-3.224
0.1849,-3.7544,8.46,26.548,9.106,-3.224
0.2542,-3.7314,8.3278,26.458,9.477,-3.089
0.2542,-3.7314,8.3278,26.458,9.477,-3.089
0.2311,-3.6853,8.0634,26.006,9.013,-2.955
0.2311,-3.501,7.799,24.561999999999998,8.92,-2.821
0.2311,-3.501,7.799,24.561999999999998,8.92,-2.821
0.208,-3.6162,7.9312,25.103,8.734,-3.0220000000000002
0.1618,-3.6623,8.1956,26.006,8.734,-3.1559999999999997
0.2311,-3.5701,7.9312,25.013,9.013,-2.753
0.2311,-3.6623,7.799,25.374,8.827,-2.888
0.2311,-3.6162,7.799,25.284,8.92,-2.821
0.3236,-3.6162,8.0634,25.735,9.384,-2.888
0.3236,-3.6162,8.0634,25.735,9.384,-2.888
0.1849,-3.6853,7.9312,25.644999999999996,8.734,-3.0220000000000002
0.1849,-3.6853,7.9312,25.644999999999996,8.734,-3.0220000000000002
0.208,-3.5932,7.9312,25.103,8.734,-2.955
0.1618,-3.6162,7.799,25.103,8.734,-2.955
0.1618,-3.5932,7.799,25.194000000000003,8.641,-3.0220000000000002
0.208,-3.6162,7.9312,25.374,8.641,-2.955
0.2542,-3.5932,7.9312,25.194000000000003,8.827,-2.955
0.2542,-3.5471,7.799,24.470999999999997,8.92,-2.888
0.2542,-3.5471,7.799,24.470999999999997,8.92,-2.888
0.208,-3.5701,7.799,24.832,8.641,-2.955
0.208,-3.6162,7.9312,25.284,8.734,-3.0220000000000002
0.1849,-3.5932,8.0634,25.465,8.734,-3.089
0.1618,-3.5701,7.799,25.013,8.548,-3.0220000000000002
0.1618,-3.5701,7.799,25.013,8.548,-3.0220000000000002
0.2311,-3.5241,7.799,24.742,8.827,-2.888
0.2311,-3.5241,7.799,24.742,8.827,-2.888
0.2311,-3.5932,7.9312,25.374,8.734,-2.955
0.2311,-3.6853,8.3278,26.368000000000002,9.384,-3.1559999999999997
0.2311,-3.6853,8.3278,26.368000000000002,9.384,-3.1559999999999997
0.2311,-3.7083,8.1956,26.458,9.291,-3.089
0.208,-3.6162,7.9312,25.555,8.92,-2.888
0.2311,-3.5241,7.6668,24.561999999999998,8.734,-2.753
0.2311,-3.5241,7.6668,24.561999999999998,8.734,-2.753
0.1849,-3.3859,7.6668,24.020000000000003,8.455,-2.821
0.1849,-3.4319,7.6668,24.381,8.362,-2.888
0.1618,-3.5471,7.799,24.742,8.362,-2.888
0.1618,-3.5932,7.799,25.374,8.548,-3.089
0.1849,-3.5932,8.0634,25.644999999999996,8.827,-3.0220000000000002
0.2311,-3.5932,8.0634,25.465,9.013,-2.888
0.2311,-3.5701,7.799,25.103,8.92,-2.888
0.2542,-3.5241,7.799,24.832,8.92,-2.821
0.2311,-3.5471,7.799,24.923000000000002,8.827,-2.888
0.1849,-3.6623,8.0634,26.006,8.827,-3.089
0.2311,-3.7774,8.1956,26.638,9.291,-3.089
0.2542,-3.7083,8.0634,26.368000000000002,9.291,-3.0220000000000002
0.2773,-3.6392,7.9312,26.187,9.384,-2.955
0.1849,-3.6853,8.0634,26.277,8.734,-3.0220000000000002
0.1618,-3.7083,8.1956,26.368000000000002,8.827,-3.1559999999999997
0.1849,-3.6392,8.1956,26.277,8.92,-3.1559999999999997
0.1618,-2.9022,7.9312,21.311,7.898,-2.3499999999999996
0.208,-3.0404,7.799,21.852,8.083,-2.4179999999999997
0.2311,-3.3398,7.799,23.659,8.641,-2.619
0.2773,-3.455,7.799,24.470999999999997,8.827,-2.619
0.2311,-3.5932,7.9312,25.284,8.734,-2.753
0.1849,-3.8235,8.1956,27.361,9.199,-3.291
0.2542,-3.6853,8.46,27.0,9.57,-3.0220000000000002
0.208,-3.5471,8.3278,25.825999999999997,9.199,-2.821
0.1386,-3.7774,8.0634,26.638,8.734,-2.955
0.1849,-3.7544,8.0634,26.548,8.827,-3.089
0.2542,-3.7083,8.0634,26.458,9.291,-3.0220000000000002
0.208,-3.6853,8.1956,26.458,9.106,-3.089
0.208,-3.7314,8.1956,26.548,9.106,-3.089
0.1849,-3.6853,8.0634,26.368000000000002,8.92,-3.0220000000000002
0.1849,-3.7083,8.0634,26.458,8.92,-3.0220000000000002
0.1849,-3.6853,8.0634,26.458,9.013,-3.0220000000000002
0.1849,-3.7083,8.1956,26.548,9.199,-3.0220000000000002
0.208,-3.7314,8.3278,26.909,9.291,-2.955
0.2542,-3.8005,8.5922,27.271,9.477,-3.224
0.2311,-3.7544,8.5922,27.361,9.57,-3.1559999999999997
0.2311,-3.7774,8.5922,27.361,9.57,-3.1559999999999997
0.2311,-3.8005,8.5922,27.361,9.57,-3.089
0.2542,-3.8465,8.7243,27.541000000000004,9.663,-3.089
0.2542,-3.9387,8.8565,28.083,9.756,-3.291
0.208,-3.9156,8.9887,28.264,9.756,-3.224
0.208,-3.8926,8.9887,28.264,9.756,-3.224
0.2311,-3.9156,8.8565,28.264,9.756,-3.224
0.2542,-3.9617,8.8565,28.445,9.849,-3.1559999999999997
0.208,-3.9387,8.8565,28.174,9.663,-3.3579999999999997
0.1849,-3.9387,8.9887,28.174,9.477,-3.3579999999999997
0.208,-3.9156,9.1209,28.264,9.57,-3.224
0.2311,-3.9156,9.1209,28.083,9.663,-3.291
0.2542,-3.8235,9.1209,27.903,9.663,-3.224
0.208,-3.6853,8.9887,27.09,9.477,-3.089
0.2311,-3.6623,8.7243,26.819000000000003,9.57,-2.888
0.2311,-3.6162,8.7243,26.458,9.384,-2.821
0.208,-3.5701,8.5922,26.006,9.106,-2.888
0.1618,-3.5701,8.7243,26.097,8.92,-2.955
0.1849,-3.5932,8.7243,26.277,9.013,-2.955
0.1849,-3.5471,8.7243,25.916,9.013,-2.888
0.208,-3.3859,8.9887,25.194000000000003,9.106,-2.753
0.2311,-3.4089,8.8565,25.013,9.199,-2.686
0.2311,-3.4089,8.8565,25.013,9.199,-2.686
0.208,-3.5471,8.8565,25.825999999999997,9.106,-2.888
0.1849,-3.7083,8.8565,27.271,9.291,-3.089
0.208,-3.7314,8.8565,27.18,9.291,-3.089
0.1618,-3.3168,8.9887,24.651999999999997,8.827,-2.686
0.208,-3.2477,8.9887,24.291,8.92,-2.753
0.208,-3.1786,8.9887,24.11,8.92,-2.619
0.208,-3.1095,8.8565,23.387999999999998,8.827,-2.619
0.208,-3.0634,8.9887,23.207,8.734,-2.5519999999999996
0.208,-2.9482,8.9887,22.485,8.548,-2.485
0.1849,-2.7179,8.9887,21.22,8.548,-2.3499999999999996
0.1618,-2.3263,8.9887,18.782,8.083,-2.082
0.1618,-2.3263,8.9887,18.782,8.083,-2.082
0.1618,-2.1881,8.8565,18.060000000000002,8.083,-1.88
0.1386,-2.0039,8.9887,16.976,7.712,-1.813
0.1155,-1.7505,8.8565,15.441,7.34,-1.612
0.1386,-1.5893,8.8565,14.538,7.154,-1.544
0.1155,-1.428,8.8565,13.453999999999999,6.968,-1.41
0.0924,-1.2438,8.8565,12.461,6.8759999999999994,-1.2759999999999998
0.0693,-1.1056,8.7243,11.378,6.783,-1.0739999999999998
0.1155,-0.9904,8.7243,10.745000000000001,6.783,-0.873
0.1618,-0.8752,8.8565,10.113000000000001,6.69,-0.738
0.1386,-0.4837,8.7243,7.765,6.132,-0.47
-0.0693,-0.2073,8.5922,5.869,5.202999999999999,-0.47
-0.1155,-0.046,8.5922,4.785,4.553,-0.403
0.1618,0.2994,8.46,2.7089999999999996,5.667999999999999,0.335
0.2542,0.5067,8.5922,1.3539999999999999,6.132,0.873
0.1155,0.5758,8.46,0.993,5.202999999999999,0.5369999999999999
-0.1386,0.714,8.3278,0.09,3.809,0.134
0.0462,0.8752,8.3278,-0.722,4.553,0.671
0.2542,1.0825,8.1956,-2.167,5.575,1.343
0.1155,1.1516,8.1956,-2.618,4.924,1.141
-0.0,1.1747,8.1956,-2.889,4.088,0.873
-0.1618,1.2668,8.1956,-3.431,3.252,0.604
-0.1849,1.382,8.1956,-4.1530000000000005,2.973,0.94
-0.0,1.4971,8.1956,-4.966,3.902,1.2759999999999998
0.1618,1.7044,8.0634,-6.321,4.6450000000000005,1.88
0.0924,1.7735,8.1956,-7.043,3.995,1.746
-0.0693,1.8887,8.0634,-7.675,3.1590000000000003,1.6789999999999998
-0.0924,2.0269,7.9312,-8.307,2.88,1.6789999999999998
0.0231,2.119,8.0634,-9.030000000000001,3.53,2.015
0.2542,2.2803,7.799,-9.933,4.553,2.619
0.2542,2.2803,7.799,-9.933,4.553,2.619
0.0462,2.4185,7.5346,-11.015999999999998,3.345,2.4179999999999997
-0.0693,2.4876,7.5346,-11.648,2.694,2.4179999999999997
0.0693,2.7179,7.2703,-13.184000000000001,2.88,2.955
0.1618,2.6027,7.4025,-12.642,3.4379999999999997,3.089
0.1386,2.5567,7.1381,-12.461,3.4379999999999997,3.0220000000000002
0.0924,2.6488,7.0059,-13.274,3.1590000000000003,3.0220000000000002
0.0462,2.7409,7.0059,-13.453999999999999,2.787,3.0220000000000002
0.0462,2.7409,7.0059,-13.453999999999999,2.787,3.0220000000000002
0.0231,2.9022,6.8737,-14.448,2.601,3.1559999999999997
0.0462,2.9713,6.8737,-14.809000000000001,2.694,3.1559999999999997
0.0231,3.0404,6.8737,-15.441,2.601,3.291
0.0231,3.0634,6.8737,-15.983,2.601,3.4250000000000003
0.0462,3.1555,6.7415,-16.253999999999998,2.601,3.559
0.0693,3.2707,6.7415,-16.886000000000003,2.973,3.6270000000000002
0.0924,3.3859,6.8737,-17.699,3.066,3.828
0.0924,3.3859,6.7415,-17.97,2.973,3.828
0.0693,3.5471,6.7415,-18.421,2.973,4.097
0.1155,3.6162,6.6093,-19.143,3.252,4.231
0.1155,3.6853,6.7415,-19.685,3.252,4.433
0.0693,3.8465,6.6093,-20.769000000000002,2.88,4.433
0.0693,3.8465,6.6093,-20.769000000000002,2.88,4.433
0.0231,4.0769,6.4771,-22.394,2.787,4.6339999999999995
0.0693,4.146,6.4771,-22.936,2.973,4.769
0.0462,4.2381,6.4771,-23.296999999999997,3.066,4.769
-0.0,4.2842,6.345,-23.749,2.88,4.7010000000000005
-0.0231,4.3994,6.345,-24.381,2.694,4.769
-0.0231,4.4685,6.345,-25.103,2.694,4.9030000000000005
-0.1386,4.6527,6.4771,-26.458,2.137,4.769
-0.1849,4.7449,6.345,-27.09,1.765,4.769
-0.1386,4.9061,6.345,-27.993000000000002,2.23,4.835999999999999
-0.0,5.0213,6.345,-28.625,2.973,5.037000000000001
0.0924,5.1134,6.345,-29.167,3.623,5.305999999999999
0.0462,4.6988,6.6093,-27.0,3.4379999999999997,3.895
-0.0693,4.4915,6.7415,-25.735,2.88,3.492
-0.1386,4.3763,6.7415,-25.103,2.137,3.291
-0.208,4.3303,6.7415,-24.923000000000002,1.951,3.089
0.0462,4.3763,6.8737,-24.742,3.53,3.291
0.0924,4.3533,7.0059,-24.832,3.7159999999999997,3.3579999999999997
0.0924,4.3533,7.0059,-24.832,3.7159999999999997,3.3579999999999997
-0.2773,4.5376,7.2703,-25.555,1.951,3.0220000000000002
-0.2773,4.5376,7.2703,-25.555,1.951,3.0220000000000002
-0.0,4.6297,7.5346,-26.006,3.53,3.559
0.3005,4.6988,7.6668,-26.368000000000002,5.482,3.559
0.2311,4.7218,7.799,-26.548,4.924,3.492
0.1155,4.7449,7.9312,-26.819000000000003,4.46,3.4250000000000003
0.0924,4.837,7.9312,-27.09,4.367,3.559
0.1386,4.9522,8.1956,-27.722,4.8309999999999995,3.761
0.1155,5.1364,8.46,-28.354,5.017,3.694
0.1386,5.1595,8.5922,-28.625,4.924,3.694
0.0924,5.2286,8.8565,-28.896,4.8309999999999995,3.828
0.0924,5.2746,8.9887,-29.167,5.017,3.828
0.0924,5.3207,9.1209,-29.528,4.924,3.963
0.0924,5.3668,8.9887,-29.618000000000002,5.11,3.963
0.1155,5.3668,8.9887,-29.799000000000003,5.202999999999999,4.03
0.1155,5.4359,9.1209,-30.07,5.295999999999999,4.097
0.1155,5.505,9.2531,-30.251,5.389,4.164
0.1155,5.5741,9.5175,-30.612,5.482,4.097
0.0924,5.6892,9.7818,-31.154000000000003,5.482,4.097
0.1386,5.7353,9.914,-31.424,5.853000000000001,4.298
0.1386,5.8965,10.0462,-32.237,6.039,4.298
0.1155,5.9426,10.1784,-32.507999999999996,5.946,4.366
0.1155,5.9656,10.3106,-32.869,5.853000000000001,4.366
0.0924,6.0117,10.3106,-32.96,5.853000000000001,4.298
0.1155,5.9887,10.3106,-32.96,5.853000000000001,4.433
0.1618,6.0117,10.3106,-32.96,6.2250000000000005,4.567
0.1849,6.0117,10.3106,-32.96,6.3180000000000005,4.567
0.1849,6.0117,10.3106,-32.96,6.3180000000000005,4.567
0.1155,6.0578,10.3106,-33.050000000000004,6.039,4.567
0.0693,6.0578,10.4428,-33.050000000000004,5.760999999999999,4.6339999999999995
0.0693,6.0578,10.4428,-33.050000000000004,5.760999999999999,4.6339999999999995
0.0462,6.0808,10.575,-33.321,5.760999999999999,4.5
0.0462,6.0808,10.4428,-33.23,5.760999999999999,4.567
0.1155,6.0808,10.4428,-33.23,6.039,4.567
0.1386,6.0347,10.3106,-32.96,6.132,4.6339999999999995
0.1386,5.9656,10.3106,-32.778999999999996,5.946,4.6339999999999995
0.1155,5.9656,10.1784,-32.96,5.946,4.5
0.1155,5.9656,10.1784,-32.96,5.946,4.5
0.0693,5.8274,10.0462,-32.327,5.482,4.433
0.0462,5.8044,9.914,-32.147,5.482,4.366
0.0924,5.8735,10.0462,-32.507999999999996,5.667999999999999,4.433
0.0924,5.8735,10.0462,-32.418,5.482,4.433
0.0693,5.8274,10.0462,-32.147,5.575,4.433
0.1155,5.8735,10.0462,-32.237,5.667999999999999,4.433
0.1155,5.9196,9.914,-32.237,5.853000000000001,4.433
0.1155,5.8735,9.914,-32.057,5.760999999999999,4.366
0.1155,5.8274,9.7818,-32.057,5.575,4.366
0.1155,5.8044,9.914,-32.057,5.575,4.5
0.1155,5.8965,9.914,-32.237,5.667999999999999,4.5
0.0693,5.8735,9.914,-32.147,5.482,4.5
0.0693,5.8044,9.7818,-31.966,5.295999999999999,4.366
0.0924,5.7123,9.6497,-31.604999999999997,5.295999999999999,4.366
0.0924,5.6662,9.5175,-31.424,5.295999999999999,4.366
0.0462,5.5971,9.3853,-31.063000000000002,4.924,4.231
0.0462,5.5971,9.3853,-31.063000000000002,4.924,4.231
0.0462,5.528,9.3853,-30.612,5.017,4.231
0.0693,5.4128,9.1209,-30.251,4.8309999999999995,4.097
0.0231,5.3898,9.1209,-30.07,4.8309999999999995,4.097
0.0231,5.3668,8.8565,-29.799000000000003,4.6450000000000005,3.963
0.0231,5.3668,8.8565,-29.799000000000003,4.6450000000000005,3.963
0.0231,5.2746,8.9887,-29.528,4.7379999999999995,4.03
0.0231,5.0904,8.5922,-28.625,4.46,3.828
0.0231,4.9982,8.46,-28.354,4.274,3.828
0.0231,4.9752,8.3278,-28.083,4.181,3.895
0.0462,4.9291,8.1956,-27.903,4.181,3.761
-0.0,4.86,8.0634,-27.631999999999998,4.181,3.761
0.0462,4.837,7.9312,-27.541000000000004,4.088,3.828
0.0693,4.837,7.9312,-27.451,4.274,3.761
0.0462,4.86,7.799,-27.541000000000004,4.367,3.694
0.0693,4.814,7.9312,-27.271,4.367,3.694
0.0693,4.7909,7.799,-27.09,4.274,3.694
0.0462,4.6988,7.9312,-26.638,3.902,3.6270000000000002
0.0693,4.7218,7.9312,-26.548,4.088,3.694
0.0693,4.814,7.799,-27.18,4.367,3.6270000000000002
0.0924,4.7909,7.799,-27.0,4.367,3.694
0.0693,4.7218,7.799,-26.819000000000003,3.995,3.694
-0.1386,4.7218,7.799,-26.819000000000003,3.252,3.492
-0.1618,4.7679,7.6668,-26.909,2.973,3.559
-0.0924,4.6988,7.6668,-26.638,3.066,3.559
-0.1155,4.6067,7.799,-26.458,2.973,3.559
0.2311,4.6067,7.4025,-25.916,5.017,3.559
0.1386,4.4685,7.2703,-25.644999999999996,4.181,3.3579999999999997
0.0924,4.3763,7.2703,-25.194000000000003,4.088,3.3579999999999997
0.0924,4.3072,7.1381,-24.923000000000002,3.809,3.3579999999999997
0.0693,4.4454,7.4025,-25.555,3.995,3.3579999999999997
0.0462,4.5376,7.4025,-25.825999999999997,3.623,3.3579999999999997
-0.0693,4.5145,7.4025,-25.825999999999997,3.1590000000000003,3.291
-0.0924,4.4454,7.4025,-25.555,2.88,3.3579999999999997
-0.0462,4.4915,7.4025,-25.555,3.066,3.4250000000000003
0.0231,4.3533,7.1381,-25.103,3.53,3.3579999999999997
0.0231,4.3533,7.1381,-25.103,3.53,3.3579999999999997
-0.0462,4.3533,7.2703,-25.194000000000003,3.066,3.3579999999999997
0.0462,4.4224,7.2703,-25.465,3.623,3.492
0.1386,4.3072,7.1381,-24.923000000000002,4.181,3.291
0.0462,4.2842,7.0059,-24.832,3.623,3.1559999999999997
0.0231,4.3533,7.1381,-25.013,3.623,3.291
0.0231,4.3533,7.1381,-25.013,3.623,3.291
0.0924,4.3994,7.2703,-25.465,3.902,3.559
0.0693,4.3994,7.2703,-25.374,3.902,3.492
0.0693,4.3994,7.2703,-25.284,3.902,3.3579999999999997
0.0462,4.3763,7.1381,-25.284,3.53,3.224
-0.0231,4.4224,7.2703,-25.465,3.252,3.492
0.0231,4.4454,7.2703,-25.735,3.4379999999999997,3.492
-0.0,4.5606,7.4025,-25.825999999999997,3.623,3.4250000000000003
0.0462,4.5376,7.4025,-25.916,3.809,3.492
0.0693,4.4685,7.4025,-25.644999999999996,3.809,3.3579999999999997
0.1155,4.4454,7.2703,-25.644999999999996,3.995,3.492
-0.0,4.5606,7.5346,-26.277,3.7159999999999997,3.4250000000000003
0.0231,4.6297,7.6668,-26.368000000000002,3.7159999999999997,3.559
0.0231,4.6758,7.6668,-26.638,3.809,3.492
0.0231,4.6527,7.6668,-26.729,3.995,3.694
0.0231,4.6527,7.6668,-26.729,3.995,3.694
0.0231,4.7218,7.6668,-26.909,4.088,3.559
0.1618,4.814,7.9312,-27.541000000000004,4.7379999999999995,3.761
0.1618,4.814,7.9312,-27.541000000000004,4.7379999999999995,3.761
0.0231,4.86,7.9312,-27.812,4.274,3.828
0.0462,4.8831,8.0634,-27.993000000000002,4.367,3.828
0.0462,4.9522,8.1956,-28.174,4.46,3.828
0.0693,5.1364,8.46,-28.986,4.8309999999999995,3.895
0.0693,5.1364,8.46,-28.986,4.8309999999999995,3.895
0.0924,5.1595,8.5922,-29.256999999999998,4.8309999999999995,3.963
0.0924,5.1595,8.5922,-29.256999999999998,4.8309999999999995,3.963
0.0693,5.1364,8.46,-29.256999999999998,4.7379999999999995,4.097
-0.0231,5.2516,8.7243,-29.618000000000002,4.367,3.963
0.0231,5.2977,8.7243,-29.889000000000003,4.553,3.895
0.0462,5.3437,8.8565,-29.889000000000003,4.7379999999999995,4.097
0.0924,5.3207,8.9887,-30.16,4.924,4.097
0.0462,5.4359,8.9887,-30.520999999999997,5.11,4.097
0.0924,5.4819,8.9887,-30.612,5.11,4.164
0.0924,5.4819,9.1209,-30.883,5.202999999999999,4.231
0.0693,5.528,9.2531,-31.154000000000003,5.295999999999999,4.231
0.0462,5.5741,9.1209,-31.424,5.11,4.298
0.0462,5.7123,9.3853,-31.876,5.482,4.366
0.0924,5.7583,9.5175,-31.966,5.389,4.433
0.1155,5.7814,9.5175,-32.057,5.575,4.298
0.1155,5.7814,9.5175,-32.147,5.575,4.433
0.1155,5.8044,9.5175,-32.147,5.575,4.433
0.1155,5.7583,9.5175,-32.147,5.482,4.5
0.0693,5.8044,9.6497,-32.237,5.482,4.298
0.0693,5.8505,9.7818,-32.507999999999996,5.295999999999999,4.433
0.0693,5.8505,9.7818,-32.507999999999996,5.295999999999999,4.433
0.0462,5.8735,9.7818,-32.598,5.482,4.433
0.1155,5.9196,9.7818,-32.869,5.853000000000001,4.433
0.1155,5.8735,9.7818,-32.598,5.760999999999999,4.567
0.1155,5.8735,9.7818,-32.598,5.760999999999999,4.5
0.1155,5.8044,9.6497,-32.237,5.667999999999999,4.433
0.1155,5.8044,9.6497,-32.237,5.575,4.366
0.1155,5.8044,9.6497,-32.237,5.575,4.366
0.0924,5.7814,9.6497,-32.147,5.482,4.433
0.1155,5.7123,9.5175,-31.966,5.575,4.366
0.0693,5.505,9.1209,-31.063000000000002,5.017,4.164
0.0693,5.3668,8.9887,-30.430999999999997,4.8309999999999995,4.097
0.0231,5.3668,8.9887,-30.341,4.8309999999999995,4.03
-0.0,5.4359,8.9887,-30.612,4.6450000000000005,4.164
0.0231,5.5741,9.1209,-31.334,4.924,4.231
-0.0,5.6662,9.2531,-31.515,5.017,4.231
0.0462,5.528,9.1209,-31.154000000000003,5.11,4.298
0.0924,5.4819,8.9887,-30.792,5.202999999999999,4.231
0.0924,5.3898,8.9887,-30.430999999999997,5.202999999999999,4.231
0.0924,5.2746,8.9887,-30.07,4.8309999999999995,4.03
0.0231,5.2977,8.8565,-29.889000000000003,4.7379999999999995,4.03
0.0462,5.3668,8.7243,-30.07,4.8309999999999995,3.963
-0.0,5.2516,8.7243,-29.618000000000002,4.553,4.03
-0.0,5.2516,8.7243,-29.618000000000002,4.553,4.03
0.0693,5.0443,8.3278,-28.896,4.46,3.895
0.0693,5.0443,8.3278,-28.896,4.46,3.895
0.0924,5.3207,8.8565,-29.889000000000003,4.8309999999999995,4.03
0.0462,5.4589,8.8565,-30.430999999999997,4.924,4.03
0.0231,5.3898,8.8565,-30.16,4.7379999999999995,4.03
0.0462,5.0673,8.46,-28.986,4.553,3.963
0.0693,4.9752,8.1956,-28.354,4.367,3.828
0.0693,4.9752,8.1956,-28.354,4.367,3.828
-0.0,4.7679,7.9312,-27.722,3.809,3.694
-0.0,4.7679,7.9312,-27.722,3.809,3.694
0.0231,4.9522,8.0634,-28.354,4.088,3.828
0.0462,4.8831,7.9312,-28.174,4.181,3.828
0.0693,4.6758,7.799,-27.09,3.995,3.694
0.0693,4.6067,7.5346,-26.729,4.088,3.694
0.0462,4.5145,7.4025,-26.277,3.809,3.559
-0.0,4.3533,7.4025,-25.555,3.345,3.3579999999999997
-0.0,4.0308,7.2703,-23.749,3.1590000000000003,3.291
0.0462,3.9847,7.2703,-23.296999999999997,3.53,3.291
0.0462,4.192,7.2703,-24.381,3.623,3.3579999999999997
0.0462,4.3072,7.2703,-25.103,3.7159999999999997,3.4250000000000003
0.0924,4.146,7.2703,-24.11,3.995,3.291
0.0231,4.192,7.4025,-24.2,3.53,3.3579999999999997
-0.0462,4.2381,7.4025,-24.381,3.252,3.224
0.0231,4.8831,7.4025,-28.354,3.902,3.694
-0.0,4.9061,7.5346,-28.445,3.809,3.761
-0.0231,4.9291,7.6668,-28.354,3.809,3.694
-0.0,4.9061,7.6668,-27.993000000000002,3.902,3.761
0.0462,4.7679,7.5346,-27.271,4.181,3.6270000000000002
0.0462,4.5606,7.5346,-26.368000000000002,3.7159999999999997,3.559
0.0462,4.5376,7.4025,-26.187,3.623,3.492
0.0462,4.5376,7.4025,-26.187,3.623,3.492
0.0231,4.3533,7.1381,-25.555,3.252,3.4250000000000003
0.0462,4.4685,7.2703,-26.006,3.4379999999999997,3.559
0.0462,4.4685,7.2703,-26.006,3.4379999999999997,3.559
-0.0,4.5376,7.4025,-26.368000000000002,3.53,3.492
0.0231,4.4454,7.4025,-26.097,3.4379999999999997,3.492
0.0231,4.4224,7.4025,-26.097,3.4379999999999997,3.4250000000000003
0.0231,4.4685,7.4025,-26.187,3.53,3.492
0.0462,4.5376,7.5346,-26.458,3.7159999999999997,3.492
0.0231,4.6067,7.5346,-26.458,3.7159999999999997,3.559
0.0231,4.5836,7.6668,-26.548,3.809,3.559
-0.0231,4.5376,7.6668,-26.458,3.623,3.6270000000000002
-0.0231,4.5376,7.6668,-26.458,3.623,3.6270000000000002
0.0462,4.6758,7.799,-27.09,3.902,3.761
0.1386,4.6988,7.799,-27.271,4.46,3.828
-0.0,4.7449,7.799,-27.631999999999998,3.902,3.6270000000000002
-0.0,4.7449,7.799,-27.631999999999998,3.902,3.6270000000000002
-0.0231,4.7449,7.799,-27.631999999999998,3.7159999999999997,3.694
0.0693,4.814,8.0634,-27.903,4.274,3.761
0.0924,4.837,8.0634,-28.083,4.553,3.828
0.0924,4.837,8.0634,-28.083,4.553,3.828
-0.0231,4.9982,8.1956,-28.715000000000003,4.181,3.828
0.0462,4.9752,8.1956,-28.715000000000003,4.367,3.895
0.0693,5.0443,8.3278,-28.986,4.553,3.895
0.0693,5.0904,8.5922,-29.348,4.553,3.895
-0.1386,5.1825,8.5922,-29.709,3.53,3.828
-0.1386,5.1825,8.5922,-29.709,3.53,3.828
-0.1618,5.2055,8.7243,-29.618000000000002,3.4379999999999997,3.963
-0.0924,5.1825,8.7243,-29.709,3.809,4.164
0.2773,5.2055,8.7243,-29.528,5.853000000000001,4.164
0.3236,5.1825,8.7243,-29.709,6.039,4.03
0.208,5.2055,8.8565,-29.980000000000004,5.575,3.963
0.1386,5.3207,8.8565,-30.341,5.295999999999999,3.963
0.0924,5.3668,8.8565,-30.612,5.202999999999999,3.963
0.0462,5.4359,8.9887,-30.792,4.924,4.097
0.0231,5.4359,9.1209,-30.883,4.8309999999999995,4.164
-0.0,5.4359,9.1209,-30.792,4.553,4.097
-0.0462,5.3898,9.1209,-30.612,4.181,4.03
0.0231,5.3668,9.1209,-30.612,4.553,4.231
0.0231,5.3668,9.1209,-30.612,4.553,4.231
0.0924,5.4589,9.2531,-31.063000000000002,5.202999999999999,4.231
0.1155,5.528,9.1209,-31.244,5.295999999999999,4.298
0.0924,5.528,9.2531,-31.334,5.295999999999999,4.298
-0.0231,5.551,9.2531,-31.334,4.6450000000000005,4.164
-0.1386,5.528,9.1209,-31.244,3.995,4.164
-0.1618,5.4589,9.2531,-30.883,3.7159999999999997,4.164
-0.0924,5.4359,9.1209,-30.973000000000003,4.181,4.231
0.0924,5.4128,9.1209,-30.792,5.017,4.298
0.2773,5.3898,9.1209,-30.701999999999998,5.853000000000001,4.366
0.2773,5.3898,9.1209,-30.612,6.132,4.298
0.208,5.3898,8.9887,-30.792,5.667999999999999,4.097
0.0924,5.4589,9.1209,-30.792,5.11,4.03
-0.0462,5.4589,8.9887,-30.883,4.367,3.963
-0.1618,5.3668,9.1209,-30.792,3.623,4.03
-0.1386,5.2977,8.8565,-30.430999999999997,3.7159999999999997,4.231
0.1849,5.2055,8.7243,-29.889000000000003,5.295999999999999,4.164
0.2311,5.2055,8.7243,-29.709,5.482,4.097
0.0231,5.1364,8.5922,-29.348,4.274,4.03
0.0231,5.0673,8.46,-29.348,4.367,4.03
0.0693,5.0904,8.5922,-29.348,4.6450000000000005,4.097
0.0693,5.0443,8.3278,-29.077,4.7379999999999995,3.963
-0.0231,4.9061,8.0634,-28.354,3.902,3.963
0.0924,4.814,7.799,-27.812,4.46,3.761
0.1618,4.7449,7.6668,-27.541000000000004,4.6450000000000005,3.828
0.0924,4.5376,7.6668,-26.819000000000003,4.181,3.6270000000000002
0.0231,4.4685,7.5346,-26.368000000000002,3.809,3.559
-0.0231,4.5145,7.6668,-26.368000000000002,3.53,3.492
-0.0462,4.7449,7.5346,-27.722,3.623,3.559
-0.0462,4.86,7.5346,-28.264,3.53,3.6270000000000002
0.0231,4.9061,7.5346,-28.535,3.809,3.6270000000000002
0.0693,4.9061,7.5346,-28.535,4.274,3.761
0.1386,4.7679,7.6668,-27.993000000000002,4.6450000000000005,3.761
0.0462,5.1595,8.1956,-29.348,4.46,3.761
-0.0,4.814,7.799,-27.903,3.902,3.761
-0.0,4.814,7.799,-27.903,3.902,3.761
0.0462,4.6067,7.5346,-26.729,3.995,3.6270000000000002
0.0462,4.5606,7.5346,-26.458,3.809,3.492
0.0231,4.5606,7.5346,-26.638,3.809,3.559
0.0462,4.5606,7.4025,-26.638,3.809,3.6270000000000002
-0.0,4.6297,7.5346,-26.909,3.7159999999999997,3.6270000000000002
0.0231,4.5145,7.5346,-26.458,3.7159999999999997,3.559
0.0231,4.5606,7.4025,-26.638,3.623,3.6270000000000002
0.0231,4.6067,7.5346,-26.819000000000003,3.623,3.559
-0.0,4.6297,7.4025,-26.909,3.623,3.694
0.0231,4.5606,7.5346,-26.638,3.7159999999999997,3.559
0.0231,4.5145,7.4025,-26.458,3.623,3.559
0.0462,4.5145,7.4025,-26.368000000000002,3.53,3.6270000000000002
0.0231,4.5145,7.5346,-26.458,3.53,3.6270000000000002
-0.0231,4.6527,7.5346,-26.909,3.4379999999999997,3.6270000000000002
-0.0231,4.6527,7.5346,-26.909,3.4379999999999997,3.6270000000000002
0.0231,4.5836,7.5346,-26.729,3.7159999999999997,3.6270000000000002
0.0462,4.5376,7.5346,-26.548,3.995,3.6270000000000002
0.0462,4.5145,7.5346,-26.458,3.7159999999999997,3.559
0.0462,4.5606,7.5346,-26.458,3.7159999999999997,3.559
0.0462,4.5606,7.5346,-26.458,3.7159999999999997,3.559
0.0231,4.6297,7.5346,-27.09,3.7159999999999997,3.559
0.0231,4.6297,7.5346,-27.0,3.623,3.6270000000000002
0.0231,4.6297,7.5346,-27.0,3.7159999999999997,3.694
0.0462,4.6527,7.5346,-27.18,3.809,3.6270000000000002
0.0462,4.6988,7.6668,-27.361,3.995,3.694
0.0462,4.7449,7.6668,-27.541000000000004,3.995,3.694
0.0231,4.7449,7.6668,-27.631999999999998,3.902,3.694
-0.0231,4.7679,7.6668,-27.722,3.809,3.6270000000000002
-0.0,4.7679,7.6668,-27.631999999999998,3.623,3.6270000000000002
-0.0231,4.7679,7.799,-27.993000000000002,3.809,3.761
-0.0231,4.7679,7.799,-27.993000000000002,3.809,3.761
0.0462,4.9291,8.0634,-28.535,4.181,3.895
0.0924,4.9752,8.1956,-28.896,4.46,3.895
0.0693,4.9522,8.0634,-28.715000000000003,4.274,3.895
0.0693,4.9291,8.1956,-28.805999999999997,4.274,3.895
0.0462,4.9522,8.0634,-28.805999999999997,4.274,3.828
0.0231,4.9982,8.1956,-28.986,4.274,3.895
-0.0,5.0673,8.1956,-29.348,4.088,3.963
-0.0,5.1134,8.46,-29.709,4.274,3.963
0.0693,5.2055,8.5922,-29.799000000000003,4.6450000000000005,4.164
0.0693,5.1825,8.5922,-29.889000000000003,4.7379999999999995,4.03
0.0693,5.1825,8.5922,-29.889000000000003,4.7379999999999995,3.963
0.0693,5.2055,8.46,-29.980000000000004,4.6450000000000005,3.963
0.0693,5.1825,8.5922,-30.07,4.553,3.963
0.0462,5.2977,8.7243,-30.341,4.6450000000000005,3.963
0.0693,5.3437,8.8565,-30.612,4.7379999999999995,4.164
0.0693,5.3898,8.8565,-30.701999999999998,4.7379999999999995,4.097
0.0693,5.3668,8.8565,-30.701999999999998,4.8309999999999995,4.097
0.0693,5.3668,8.8565,-30.701999999999998,4.924,4.164
0.0924,5.3668,8.8565,-30.792,4.924,4.097
0.0693,5.3668,8.8565,-30.883,4.924,4.164
0.0693,5.3898,8.9887,-31.063000000000002,5.017,4.164
0.0693,5.4589,8.9887,-31.244,4.924,4.298
0.0462,5.4359,8.9887,-31.334,4.924,4.231
0.0462,5.4819,8.8565,-31.244,5.017,4.231
0.0693,5.505,8.8565,-31.334,4.8309999999999995,4.298
0.0462,5.4819,8.9887,-31.334,4.924,4.298
0.0693,5.4819,8.9887,-31.334,4.924,4.231
-0.0,5.528,9.1209,-31.515,4.7379999999999995,4.298
-0.0,5.528,9.1209,-31.515,4.7379999999999995,4.298
0.0462,5.528,8.9887,-31.515,4.924,4.366
0.0693,5.4589,8.8565,-31.244,5.017,4.298
0.0693,5.4819,8.8565,-31.244,5.017,4.231
0.0924,5.4359,8.9887,-31.063000000000002,5.11,4.231
0.0924,5.1825,8.7243,-29.980000000000004,4.924,4.03
0.0693,5.1134,8.5922,-29.799000000000003,4.6450000000000005,4.097
0.0693,5.1134,8.46,-29.528,4.553,4.03
-0.0,5.0673,8.46,-29.438,4.274,4.03
0.0231,5.0904,8.46,-29.348,4.367,3.963
0.0231,5.0904,8.46,-29.348,4.367,3.963
0.0693,4.7909,8.5922,-27.18,4.553,3.694
0.0693,4.814,8.5922,-27.271,4.46,3.6270000000000002
0.0462,5.2746,8.5922,-30.341,4.8309999999999995,3.694
0.0693,5.3207,8.46,-30.701999999999998,4.7379999999999995,3.761
-0.0,5.2055,8.3278,-30.16,4.274,3.694
-0.0462,4.9522,7.9312,-28.986,3.902,3.895
-0.0,4.837,8.0634,-28.445,3.902,3.895
-0.0462,4.9061,8.3278,-28.535,3.902,3.761
-0.0231,5.3898,8.46,-30.341,4.274,3.963
0.0231,5.2977,8.7243,-30.16,4.46,3.963
-0.0,5.0443,8.1956,-29.167,3.995,4.03
0.0693,4.9291,8.0634,-28.715000000000003,4.181,3.895
0.0462,4.837,7.9312,-28.174,4.181,3.761
-0.0231,4.7909,7.9312,-28.083,3.809,3.761
-0.0924,4.837,7.9312,-28.354,3.4379999999999997,3.761
-0.0693,4.9291,8.0634,-28.535,3.53,3.895
-0.0462,4.9752,7.9312,-28.625,3.7159999999999997,3.895
-0.0231,4.86,7.799,-28.264,3.902,3.761
-0.0,4.7449,7.6668,-27.631999999999998,3.902,3.761
0.0462,4.6527,7.6668,-27.271,3.809,3.761
-0.0,4.7909,7.799,-28.083,3.902,3.828
-0.0,4.8831,7.799,-28.445,3.902,3.895
-0.0231,4.8831,7.799,-28.354,3.902,3.895
-0.0462,4.7449,7.5346,-27.903,3.53,3.828
-0.0462,4.6297,7.5346,-27.271,3.345,3.761
0.1155,4.5836,7.4025,-27.09,4.367,3.761
0.1155,4.5836,7.4025,-27.09,4.367,3.761
-0.0231,4.6067,7.4025,-27.09,3.345,3.694
0.0462,4.4224,7.2703,-26.277,3.809,3.694
0.0462,4.4685,7.1381,-26.729,3.809,3.6270000000000002
0.0462,4.4685,7.1381,-26.729,3.809,3.6270000000000002
-0.0,4.5836,7.2703,-27.0,3.4379999999999997,3.6270000000000002
-0.0,4.5376,7.1381,-26.638,3.4379999999999997,3.694
0.0462,4.4685,7.2703,-26.458,3.7159999999999997,3.6270000000000002
0.0462,4.3994,7.1381,-26.097,3.623,3.6270000000000002
0.0231,4.3763,7.0059,-25.825999999999997,3.53,3.492
-0.0231,4.4224,7.0059,-26.097,3.4379999999999997,3.492
-0.0693,4.4454,7.1381,-26.277,3.066,3.4250000000000003
-0.2773,4.4454,7.1381,-26.187,2.137,3.6270000000000002
-0.1849,4.3994,7.2703,-26.097,2.322,3.6270000000000002
-0.0231,4.3763,7.1381,-25.916,3.252,3.694
0.1618,4.3994,7.1381,-25.916,4.181,3.559
0.208,4.4224,7.1381,-26.006,4.46,3.6270000000000002
0.1155,4.4685,7.2703,-26.187,4.181,3.559
0.0462,4.4915,7.2703,-26.368000000000002,3.809,3.559
0.0693,4.4685,7.2703,-26.548,3.809,3.559
0.0693,4.4685,7.4025,-26.548,3.995,3.6270000000000002
0.0462,4.4915,7.2703,-26.638,3.809,3.6270000000000002
-0.0,4.5145,7.2703,-26.638,3.623,3.6270000000000002
-0.0462,4.5145,7.4025,-26.638,3.4379999999999997,3.559
-0.0924,4.5606,7.4025,-26.819000000000003,2.973,3.559
-0.0924,4.5606,7.4025,-26.909,2.973,3.6270000000000002
-0.0693,4.5606,7.4025,-26.909,3.1590000000000003,3.694
0.0231,4.6067,7.5346,-27.271,3.809,3.828
0.0693,4.6758,7.6668,-27.361,4.088,3.761
0.0693,4.6758,7.6668,-27.361,4.088,3.761
0.0462,4.7679,7.6668,-27.993000000000002,4.181,3.761
-0.0,4.7909,7.799,-28.174,3.995,3.828
-0.0231,4.814,7.799,-28.174,3.809,3.895
-0.0,4.814,7.799,-28.354,3.995,3.963
0.0231,4.9061,7.9312,-28.625,4.088,3.895
0.0231,4.9061,7.9312,-28.625,4.088,3.895
0.1155,4.9982,8.3278,-29.167,4.8309999999999995,4.097
0.1386,5.0904,8.46,-29.528,5.11,4.03
0.1155,5.1364,8.46,-29.709,4.924,4.03
0.0924,5.1364,8.46,-29.889000000000003,4.7379999999999995,4.097
0.0693,5.3437,8.8565,-30.701999999999998,4.8309999999999995,4.164
0.0693,5.4359,8.8565,-31.334,5.017,4.298
0.0924,5.4819,8.9887,-31.515,5.202999999999999,4.366
0.1386,5.505,8.9887,-31.604999999999997,5.389,4.433
0.0462,5.7353,9.2531,-32.598,5.11,4.5
0.0693,5.6892,9.3853,-32.598,5.295999999999999,4.5
0.0924,5.6662,9.1209,-32.418,5.389,4.567
0.0924,5.7123,9.3853,-32.507999999999996,5.482,4.6339999999999995
0.0693,5.8044,9.5175,-33.050000000000004,5.482,4.567
0.0693,5.8274,9.5175,-33.050000000000004,5.482,4.567
0.0924,5.7583,9.5175,-32.96,5.482,4.567
0.0924,5.7123,9.3853,-32.598,5.482,4.6339999999999995
0.0924,5.7353,9.5175,-32.689,5.482,4.567
0.0693,5.7814,9.3853,-32.778999999999996,5.389,4.567
0.0462,5.8044,9.6497,-32.96,5.202999999999999,4.6339999999999995
0.0231,5.8044,9.6497,-33.050000000000004,5.202999999999999,4.567
-0.0,5.7814,9.6497,-32.96,5.11,4.6339999999999995
-0.0231,5.7814,9.5175,-32.869,5.202999999999999,4.567
-0.0,5.7583,9.5175,-32.869,5.11,4.6339999999999995
-0.0462,5.7814,9.5175,-32.778999999999996,4.8309999999999995,4.567
-0.0462,5.7123,9.3853,-32.598,4.7379999999999995,4.6339999999999995
-0.0693,5.7123,9.3853,-32.598,4.8309999999999995,4.6339999999999995
-0.0231,5.7123,9.3853,-32.418,4.924,4.567
0.0462,5.7353,9.3853,-32.598,5.295999999999999,4.6339999999999995
0.0462,5.7353,9.3853,-32.507999999999996,5.295999999999999,4.7010000000000005
0.0693,5.7123,9.3853,-32.507999999999996,5.389,4.6339999999999995
0.0462,5.7123,9.3853,-32.418,5.202999999999999,4.6339999999999995
0.0462,5.6892,9.2531,-32.327,5.11,4.6339999999999995
0.0693,5.6201,9.2531,-32.147,5.202999999999999,4.5
0.0462,5.5741,9.1209,-32.057,5.202999999999999,4.433
0.0693,5.5741,8.9887,-31.876,5.295999999999999,4.5
0.0693,5.505,8.9887,-31.695,5.202999999999999,4.433
0.0462,5.4589,8.8565,-31.515,5.017,4.433
0.0462,5.4589,8.8565,-31.515,5.017,4.433
0.0231,5.3668,8.7243,-31.063000000000002,4.6450000000000005,4.366
-0.0,5.3437,8.7243,-30.883,4.6450000000000005,4.366
0.0231,5.3437,8.7243,-30.701999999999998,4.46,4.366
0.0693,5.2516,8.5922,-30.251,4.8309999999999995,4.164
0.0693,5.2286,8.5922,-30.07,4.6450000000000005,4.298
0.0693,5.1825,8.5922,-29.889000000000003,4.6450000000000005,4.231
0.0462,5.0673,8.3278,-29.528,4.367,4.164
-0.0,5.0673,8.3278,-29.438,4.274,4.164
-0.0,5.0673,8.3278,-29.438,4.274,4.164
-0.0231,4.9982,8.1956,-29.256999999999998,3.995,4.164
-0.0231,4.9752,8.0634,-29.077,4.088,4.097
-0.0,4.9752,8.0634,-28.986,4.088,4.03
-0.0,4.9061,7.9312,-28.805999999999997,3.995,3.963
0.0462,4.8831,7.9312,-28.445,4.088,3.963
-0.0231,4.7909,7.799,-28.264,3.809,3.963
0.0231,4.837,7.9312,-28.445,3.809,3.963
0.0231,4.8831,7.9312,-28.625,3.995,3.895
-0.0,4.814,7.799,-28.083,3.809,3.895
-0.0,4.814,7.799,-28.083,3.809,3.895
-0.0,4.7679,7.5346,-27.903,3.809,3.895
-0.1849,4.6297,7.5346,-27.361,2.601,3.694
-0.2542,4.6067,7.5346,-27.18,2.137,3.761
-0.208,4.6297,7.5346,-27.271,2.415,3.963
-0.1618,4.6758,7.4025,-27.361,2.694,3.963
-0.0924,4.6988,7.5346,-27.631999999999998,3.1590000000000003,3.963
0.1155,4.6758,7.5346,-27.271,4.274,3.895
0.2542,4.6067,7.4025,-27.0,5.017,3.828
0.1386,4.5376,7.5346,-26.819000000000003,4.274,3.6270000000000002
0.1386,4.5376,7.5346,-26.819000000000003,4.274,3.6270000000000002
0.0462,4.5145,7.4025,-26.909,3.902,3.6270000000000002
0.0462,4.5606,7.4025,-26.909,3.809,3.6270000000000002
0.0462,4.6067,7.5346,-27.0,3.902,3.694
-0.0,4.5376,7.2703,-26.819000000000003,3.4379999999999997,3.6270000000000002
-0.0693,4.4915,7.1381,-26.458,2.973,3.6270000000000002
-0.0924,4.4224,7.1381,-26.368000000000002,2.601,3.6270000000000002
-0.0924,4.3763,7.1381,-26.187,2.694,3.6270000000000002
-0.0231,4.3763,7.2703,-26.097,3.1590000000000003,3.694
0.0462,4.4685,7.4025,-26.458,3.7159999999999997,3.6270000000000002
0.0462,4.5145,7.4025,-26.458,3.7159999999999997,3.6270000000000002
0.0693,4.5145,7.2703,-26.638,3.809,3.6270000000000002
0.0462,4.4915,7.2703,-26.548,3.809,3.694
-0.0,4.4915,7.1381,-26.548,3.4379999999999997,3.6270000000000002
0.0462,4.4915,7.1381,-26.548,3.623,3.694
0.0924,4.4915,7.2703,-26.729,3.995,3.694
0.1155,4.5376,7.4025,-26.909,4.088,3.6270000000000002
0.0462,4.5376,7.4025,-27.0,3.809,3.694
-0.0,4.5606,7.4025,-27.0,3.4379999999999997,3.694
0.0231,4.6297,7.4025,-27.18,3.53,3.761
0.0462,4.6297,7.4025,-27.271,3.902,3.828
0.0924,4.6527,7.5346,-27.361,4.088,3.828
0.0924,4.6527,7.5346,-27.361,4.088,3.828
0.0462,4.6758,7.799,-27.541000000000004,4.088,3.828
0.0462,4.6758,7.6668,-27.541000000000004,3.995,3.895
0.0462,4.6988,7.799,-27.631999999999998,3.995,3.828
0.0231,4.7679,7.6668,-27.903,3.7159999999999997,3.895
0.0231,4.7679,7.6668,-27.903,3.7159999999999997,3.895
0.0231,4.7449,7.799,-28.083,3.902,3.895
0.0231,4.7449,7.799,-28.083,3.902,3.895
0.0231,4.7909,7.799,-28.174,3.902,3.895
0.0462,4.86,7.9312,-28.625,4.088,4.03
0.0693,4.9291,8.0634,-28.986,4.274,3.895
0.0693,4.9752,8.3278,-29.256999999999998,4.553,4.03
0.0693,5.0213,8.3278,-29.256999999999998,4.553,4.03
0.0693,5.0673,8.46,-29.618000000000002,4.46,3.963
0.0693,5.1134,8.46,-29.980000000000004,4.553,4.03
0.0462,5.1595,8.5922,-30.07,4.553,4.097
0.0462,5.1825,8.5922,-30.251,4.553,4.164
0.0462,5.1595,8.5922,-30.07,4.553,4.231
0.0693,5.1825,8.7243,-30.341,4.553,4.164
0.0693,5.2055,8.7243,-30.520999999999997,4.553,4.164
0.0924,5.2977,8.8565,-30.792,4.6450000000000005,4.298
0.0693,5.3437,8.8565,-30.883,4.553,4.164
0.0462,5.3437,8.8565,-30.973000000000003,4.6450000000000005,4.164
0.0462,5.3668,8.8565,-30.973000000000003,4.553,4.164
0.0231,5.3437,8.7243,-31.063000000000002,4.553,4.231
0.0693,5.3668,8.8565,-31.244,4.6450000000000005,4.231
0.0462,5.3898,8.9887,-31.515,4.8309999999999995,4.231
0.0693,5.4589,9.1209,-31.515,4.8309999999999995,4.231
0.0462,5.505,9.1209,-31.785999999999998,4.7379999999999995,4.298
-0.0,5.4819,9.1209,-31.966,4.7379999999999995,4.366
-0.0,5.4819,9.1209,-31.966,4.7379999999999995,4.366
0.0231,5.505,9.1209,-31.966,4.7379999999999995,4.433
0.0693,5.5741,9.1209,-32.237,5.11,4.433
0.0693,5.6432,9.3853,-32.507999999999996,5.11,4.5
0.0462,5.6201,9.2531,-32.418,5.017,4.567
0.0231,5.5741,9.2531,-32.237,4.8309999999999995,4.433
-0.0,5.528,9.1209,-31.876,4.6450000000000005,4.366
-0.0,5.528,9.1209,-31.876,4.6450000000000005,4.366
-0.0,5.528,9.1209,-32.147,4.6450000000000005,4.433
0.0231,5.5971,9.2531,-32.237,4.8309999999999995,4.366
0.0231,5.5741,9.1209,-32.237,4.7379999999999995,4.366
-0.0,5.528,9.1209,-32.057,4.7379999999999995,4.366
-0.0231,5.4589,8.9887,-31.604999999999997,4.553,4.366
-0.0,5.4128,8.8565,-31.424,4.367,4.366
-0.0,5.4128,8.8565,-31.424,4.367,4.366
0.0231,5.3437,8.7243,-31.154000000000003,4.553,4.164
0.0231,5.3437,8.9887,-31.063000000000002,4.46,4.164
0.0231,5.3437,8.7243,-31.063000000000002,4.46,4.231
0.0462,5.3207,8.9887,-30.883,4.367,4.231
0.0231,5.2977,8.8565,-30.792,4.367,4.231
0.0231,5.2977,8.8565,-30.612,4.367,4.164
-0.0,5.1134,8.5922,-30.07,4.181,4.097
0.0462,5.0904,8.5922,-29.799000000000003,4.181,4.097
0.0462,5.0904,8.46,-29.799000000000003,4.274,3.963
0.0462,5.1364,8.46,-29.709,4.367,4.097
0.0693,5.1134,8.3278,-29.799000000000003,4.46,4.03
0.0693,5.0443,8.3278,-29.618000000000002,4.274,4.03
0.0231,4.9982,8.1956,-29.348,4.274,4.03
0.0462,4.9522,8.1956,-29.167,4.088,3.963
0.0231,4.8831,8.0634,-28.896,3.902,3.963
0.0231,4.8831,8.0634,-28.896,3.902,3.963
-0.0462,4.86,7.9312,-28.805999999999997,3.902,3.895
-0.0462,4.86,7.9312,-28.805999999999997,3.902,3.895
0.0462,4.814,7.9312,-28.445,3.995,3.828
0.0462,4.814,7.9312,-28.445,4.088,3.828
0.0462,4.7909,7.799,-28.264,3.995,3.828
0.0231,4.7679,7.799,-27.993000000000002,3.809,3.761
0.0231,4.6527,7.6668,-27.451,3.623,3.828
0.0462,4.5836,7.5346,-27.271,3.623,3.694
0.0462,4.5606,7.5346,-27.18,3.623,3.694
0.0231,4.4915,7.4025,-27.0,3.345,3.761
-0.0,4.4685,7.4025,-26.909,3.4379999999999997,3.694
-0.0,4.4454,7.2703,-26.638,3.4379999999999997,3.6270000000000002
0.0231,4.4454,7.2703,-26.638,3.345,3.559
0.0462,4.4915,7.1381,-26.909,3.345,3.6270000000000002
-0.0,4.4224,7.0059,-26.458,3.252,3.6270000000000002
0.0462,4.3533,7.1381,-26.097,3.252,3.559
0.0231,4.4224,7.0059,-26.368000000000002,3.4379999999999997,3.694
-0.0,4.3303,7.5346,-25.735,3.345,3.492
-0.0,4.192,7.6668,-24.651999999999997,3.4379999999999997,3.4250000000000003
0.0462,4.7449,7.5346,-27.993000000000002,3.902,3.828
0.0462,4.7449,7.5346,-27.993000000000002,3.902,3.828
0.0462,4.5145,7.4025,-26.638,3.7159999999999997,3.6270000000000002
0.0462,4.4454,7.4025,-26.368000000000002,3.53,3.6270000000000002
-0.0462,4.5145,7.2703,-26.729,3.066,3.492
-0.0462,4.5606,7.4025,-27.09,3.345,3.6270000000000002
-0.0,4.6297,7.5346,-27.361,3.623,3.761
0.0462,4.6758,7.6668,-27.541000000000004,3.809,3.761
0.0693,4.6527,7.6668,-27.451,4.088,3.694
0.0693,4.6067,7.5346,-27.361,3.995,3.694
0.0462,4.6297,7.5346,-27.451,3.809,3.6270000000000002
0.0462,4.6297,7.5346,-27.451,3.809,3.6270000000000002
0.0231,4.7909,7.6668,-28.174,3.902,3.761
0.0231,4.7909,7.6668,-28.174,3.902,3.761
0.0462,4.814,7.799,-28.445,3.995,3.828
0.0462,4.7679,7.799,-28.354,3.995,3.828
0.0693,4.837,7.9312,-28.715000000000003,4.274,3.895
0.0693,4.9061,7.9312,-28.986,4.274,3.963
0.0693,4.9752,8.0634,-29.077,4.367,3.895
0.0462,4.9522,8.1956,-29.167,4.181,3.895
0.0462,4.8831,8.0634,-29.077,4.181,3.828
0.0462,4.9291,8.0634,-29.077,4.181,3.895
0.0693,4.9522,8.1956,-29.438,4.274,3.963
0.0693,4.9522,8.1956,-29.438,4.274,3.963
0.0462,5.1134,8.3278,-29.980000000000004,4.274,3.963
0.0462,5.1134,8.46,-29.799000000000003,4.274,4.03
0.0462,5.0673,8.3278,-29.799000000000003,4.274,4.097
0.0693,5.0443,8.1956,-29.709,4.181,3.963
0.0231,5.0443,8.1956,-29.618000000000002,4.088,3.963
0.0231,5.1364,8.46,-30.07,4.181,4.097
0.0231,5.2055,8.5922,-30.430999999999997,4.46,3.963
0.0462,5.2516,8.5922,-30.520999999999997,4.46,4.03
0.0462,5.2286,8.5922,-30.520999999999997,4.6450000000000005,3.963
0.0693,5.1825,8.46,-30.251,4.553,4.097
0.0693,5.1595,8.46,-30.16,4.553,4.097
0.0693,5.1825,8.5922,-30.341,4.46,4.097
-0.0,5.2977,8.7243,-30.792,4.46,4.03
0.0231,5.3207,8.8565,-30.973000000000003,4.46,4.097
0.0231,5.2977,8.8565,-30.883,4.46,4.097
0.0462,5.2516,8.8565,-30.883,4.46,4.231
0.0462,5.2516,8.7243,-30.701999999999998,4.553,4.097
0.0693,5.3207,8.9887,-31.154000000000003,4.553,4.03
0.0693,5.3207,8.9887,-31.154000000000003,4.553,4.03
0.0924,5.4359,8.8565,-31.424,4.8309999999999995,4.164
0.0693,5.4128,8.7243,-31.334,4.7379999999999995,4.097
-0.0,5.3668,8.7243,-31.154000000000003,4.6450000000000005,4.097
0.0693,5.2746,8.8565,-30.973000000000003,4.553,4.097
0.0462,5.3668,8.7243,-31.063000000000002,4.6450000000000005,4.164
0.0462,5.3668,8.7243,-31.063000000000002,4.6450000000000005,4.164
0.0462,5.3207,8.8565,-31.154000000000003,4.6450000000000005,4.097
0.0693,5.3437,8.8565,-31.063000000000002,4.6450000000000005,4.097
0.0693,5.3437,8.8565,-31.063000000000002,4.6450000000000005,4.097
0.0462,5.2977,8.7243,-30.883,4.6450000000000005,4.03
0.0231,5.2746,8.7243,-30.612,4.367,4.097
0.0231,5.2746,8.7243,-30.612,4.367,4.097
-0.0,5.3207,8.7243,-30.701999999999998,4.274,4.03
0.0231,5.2516,8.5922,-30.612,4.367,4.03
0.0231,5.2055,8.5922,-30.341,4.367,4.03
0.0231,5.1364,8.46,-30.07,4.274,4.03
0.0462,5.0673,8.3278,-29.709,4.088,3.963
0.0462,5.0673,8.3278,-29.709,4.088,3.963
0.0462,5.0213,8.3278,-29.709,4.181,3.895
-0.0,5.0213,8.1956,-29.528,4.181,3.895
-0.0,5.0213,8.1956,-29.528,4.181,3.895
0.0231,4.9291,8.0634,-28.896,3.902,3.895
0.0231,4.86,7.9312,-28.805999999999997,3.902,3.828
0.0231,4.8831,7.9312,-28.625,4.088,3.694
0.0231,4.8831,7.9312,-28.625,4.088,3.694
0.0462,4.814,7.799,-28.445,4.181,3.694
0.0462,4.7449,7.799,-28.264,4.088,3.694
-0.0,4.7909,7.6668,-28.174,3.7159999999999997,3.694
-0.0,4.7679,7.6668,-28.264,3.7159999999999997,3.761
-0.0,4.7679,7.6668,-28.264,3.7159999999999997,3.761
0.0462,4.7909,7.799,-28.354,3.995,3.761
0.0231,4.7909,7.6668,-28.174,3.902,3.761
0.0231,4.7909,7.6668,-27.812,3.809,3.694
0.0462,4.7449,7.6668,-27.812,3.902,3.694
0.0462,4.7449,7.6668,-27.812,3.902,3.694
0.0462,4.7449,7.6668,-27.812,3.995,3.761
0.0462,4.6988,7.799,-27.903,3.995,3.694
0.0462,4.6988,7.799,-27.722,3.809,3.694
0.0462,4.6988,7.6668,-27.812,3.995,3.6270000000000002
0.0462,4.6988,7.6668,-27.812,3.995,3.6270000000000002
0.0462,4.6988,7.799,-27.903,3.995,3.6270000000000002
0.0462,4.7909,7.6668,-28.083,3.902,3.694
0.0462,4.7909,7.6668,-28.083,3.902,3.694
0.0462,4.7679,7.6668,-28.174,4.181,3.6270000000000002
0.0462,4.7449,7.6668,-27.903,4.088,3.694
0.0462,4.7218,7.6668,-27.903,3.995,3.694
0.0462,4.7218,7.6668,-27.812,3.995,3.6270000000000002
0.0462,4.7218,7.6668,-27.903,3.902,3.694
0.0462,4.6988,7.799,-27.903,3.995,3.694
0.0231,4.7909,7.6668,-28.174,3.902,3.694
0.0462,4.7679,7.6668,-28.083,3.902,3.694
0.0693,4.7218,7.6668,-27.993000000000002,4.088,3.694
0.0693,4.6758,7.6668,-27.631999999999998,4.088,3.6270000000000002
0.0462,4.6527,7.6668,-27.631999999999998,4.088,3.559
0.0462,4.6988,7.6668,-27.722,4.088,3.6270000000000002
0.0462,4.6988,7.6668,-27.722,4.088,3.6270000000000002
0.0231,4.7218,7.6668,-27.903,3.809,3.6270000000000002
-0.0,4.6527,7.6668,-27.631999999999998,3.7159999999999997,3.6270000000000002
-0.0,4.6297,7.6668,-27.451,3.623,3.6270000000000002
0.0231,4.6297,7.6668,-27.631999999999998,3.809,3.6270000000000002
0.0693,4.6988,7.6668,-27.631999999999998,3.902,3.6270000000000002
0.0462,4.7679,7.799,-28.174,4.088,3.694
0.0462,4.7679,7.799,-28.174,4.088,3.694
-0.0,4.7218,7.5346,-27.812,3.7159999999999997,3.694
-0.0,4.7218,7.5346,-27.903,3.809,3.6270000000000002
0.0231,4.7449,7.6668,-28.174,3.902,3.694
0.0462,4.7679,7.799,-28.354,4.181,3.761
0.0462,4.7679,7.799,-28.354,4.181,3.761
0.0462,4.7679,7.799,-28.354,4.181,3.761
0.0462,4.7449,7.6668,-28.264,4.181,3.694
0.0231,4.7449,7.6668,-28.174,3.902,3.694
0.0231,4.7449,7.799,-28.174,3.809,3.694
0.0231,4.814,7.9312,-28.354,3.902,3.761
0.0693,4.86,7.9312,-28.805999999999997,4.088,3.694
0.0693,4.837,7.9312,-28.805999999999997,4.181,3.761
0.0693,4.86,7.9312,-28.715000000000003,4.367,3.828
0.0693,4.837,8.0634,-28.805999999999997,4.088,3.828
0.0693,4.837,8.0634,-28.805999999999997,4.088,3.828
0.0462,4.837,7.9312,-28.805999999999997,3.902,3.761
0.0231,4.9291,8.0634,-29.167,3.995,3.895
0.0462,4.9522,8.1956,-29.348,4.181,3.828
0.0462,4.9752,8.1956,-29.348,4.274,3.828
0.0693,4.9752,8.1956,-29.348,4.274,3.895
0.0462,4.9522,8.0634,-29.348,4.274,3.895
0.0231,4.9522,8.0634,-29.348,3.995,3.895
0.0231,4.9522,8.0634,-29.348,3.995,3.828
0.0231,4.9752,8.0634,-29.348,3.995,3.895
-0.0,5.0213,8.1956,-29.799000000000003,4.181,3.895
-0.0,5.0904,8.3278,-29.889000000000003,4.181,3.895
0.0231,5.0904,8.3278,-29.889000000000003,4.181,3.963
0.0462,5.0904,8.46,-29.980000000000004,4.367,4.03
0.0693,5.0904,8.5922,-29.980000000000004,4.367,3.895
0.0231,5.1825,8.7243,-30.251,4.46,3.895
0.0231,5.1825,8.7243,-30.251,4.46,3.895
0.0231,5.2055,8.5922,-30.520999999999997,4.46,3.895
0.0231,5.2286,8.5922,-30.520999999999997,4.553,3.895
0.0231,5.2055,8.7243,-30.612,4.367,3.963
0.0693,5.2977,8.8565,-30.792,4.7379999999999995,4.03
0.0924,5.2746,8.9887,-30.792,4.553,4.164
0.0924,5.2516,8.8565,-30.701999999999998,4.8309999999999995,4.03
0.0924,5.2516,8.8565,-30.701999999999998,4.7379999999999995,4.03
0.0693,5.2516,8.8565,-30.883,4.8309999999999995,3.963
0.0693,5.2977,8.9887,-30.883,4.7379999999999995,3.963
0.0693,5.2286,8.8565,-30.520999999999997,4.6450000000000005,3.963
0.0462,5.2516,8.8565,-30.612,4.6450000000000005,3.963
0.0693,5.2746,8.8565,-30.701999999999998,4.7379999999999995,3.963
0.0693,5.2977,8.8565,-30.612,4.553,4.03
0.0693,5.2746,8.8565,-30.701999999999998,4.6450000000000005,3.963
0.0693,5.2746,8.8565,-30.701999999999998,4.6450000000000005,3.963
0.0462,5.2286,8.7243,-30.520999999999997,4.553,4.03
0.0231,5.2286,8.7243,-30.430999999999997,4.46,4.03
0.0231,5.2286,8.7243,-30.430999999999997,4.46,4.03
-0.0,5.2286,8.7243,-30.430999999999997,4.46,3.963
-0.0,5.2286,8.5922,-30.341,4.46,3.963
0.0231,5.2286,8.7243,-30.430999999999997,4.46,3.963
0.0462,5.2746,8.8565,-30.612,4.553,3.895
0.0462,5.2746,8.8565,-30.612,4.553,3.895
0.0462,5.2746,8.8565,-30.520999999999997,4.553,3.895
0.0462,5.2286,8.7243,-30.430999999999997,4.553,3.963
0.0462,5.2055,8.5922,-30.341,4.553,3.895
0.0693,5.1825,8.5922,-30.16,4.46,3.895
0.0693,5.1595,8.5922,-30.16,4.46,3.963
0.0693,5.1595,8.5922,-30.16,4.46,3.963
0.0462,5.2286,8.5922,-30.251,4.46,3.963
0.0462,5.1825,8.5922,-30.251,4.367,3.963
0.0462,5.1134,8.46,-29.889000000000003,4.46,3.963
0.0231,4.9982,8.3278,-29.438,4.181,3.895
0.0231,4.9522,8.3278,-29.256999999999998,4.181,3.828
0.0462,4.9982,8.1956,-29.256999999999998,4.274,3.895
0.0462,4.9982,8.3278,-29.348,4.181,3.828
0.0462,4.9752,8.3278,-29.167,4.274,3.895
0.0693,4.9291,8.1956,-28.986,4.274,3.828
0.0462,4.86,7.9312,-28.625,4.181,3.761
0.0693,4.814,7.9312,-28.445,4.181,3.694
0.0693,4.837,7.9312,-28.535,4.181,3.761
0.0462,4.86,8.0634,-28.625,4.088,3.694
0.0462,4.86,8.0634,-28.625,4.088,3.694
0.0693,4.837,7.9312,-28.354,4.088,3.761
0.0693,4.7909,7.9312,-28.264,4.181,3.6270000000000002
0.0462,4.7679,7.799,-28.083,4.181,3.559
0.0693,4.814,7.9312,-28.174,4.181,3.6270000000000002
0.0693,4.7909,7.9312,-28.174,4.088,3.6270000000000002
0.0462,4.7449,7.799,-27.993000000000002,4.088,3.694
0.0693,4.6527,7.799,-27.631999999999998,4.088,3.559
0.0693,4.6527,7.799,-27.631999999999998,4.088,3.559
0.0462,4.6067,7.6668,-27.18,3.902,3.3579999999999997
0.0462,4.6067,7.6668,-27.271,3.809,3.4250000000000003
0.0231,4.6297,7.6668,-27.271,3.809,3.492
0.0231,4.6527,7.799,-27.541000000000004,3.809,3.559
0.0231,4.6527,7.799,-27.541000000000004,3.809,3.559
0.0231,4.6067,7.6668,-27.18,3.7159999999999997,3.492
0.0462,4.5376,7.5346,-26.909,3.623,3.492
0.0462,4.4224,7.4025,-26.368000000000002,3.53,3.3579999999999997
0.0462,4.4224,7.4025,-26.368000000000002,3.53,3.3579999999999997
0.0462,4.4454,7.5346,-26.458,3.4379999999999997,3.3579999999999997
-0.0231,4.5376,7.6668,-27.0,3.53,3.4250000000000003
-0.0,4.5376,7.6668,-26.819000000000003,3.4379999999999997,3.4250000000000003
0.0231,4.4224,7.4025,-26.277,3.4379999999999997,3.3579999999999997
0.0231,4.4224,7.4025,-26.277,3.4379999999999997,3.3579999999999997
0.0462,4.3533,7.2703,-26.006,3.53,3.224
0.0231,4.3072,7.2703,-25.825999999999997,3.4379999999999997,3.224
0.0462,4.3533,7.2703,-26.006,3.4379999999999997,3.224
0.0231,4.3763,7.4025,-26.097,3.4379999999999997,3.291
0.0231,4.3994,7.2703,-26.006,3.4379999999999997,3.291
0.0462,4.2842,7.2703,-25.644999999999996,3.345,3.1559999999999997
-0.0,4.3072,7.1381,-25.735,3.345,3.224
0.0231,4.3072,7.2703,-25.916,3.252,3.224
-0.0,4.3303,7.2703,-26.006,3.1590000000000003,3.291
-0.0,4.3533,7.2703,-26.006,3.1590000000000003,3.291
0.0462,4.3303,7.1381,-25.825999999999997,3.623,3.291
0.0462,4.3303,7.1381,-25.825999999999997,3.623,3.291
0.0462,4.4224,7.5346,-26.368000000000002,3.7159999999999997,3.3579999999999997
0.0462,4.4224,7.4025,-26.368000000000002,3.623,3.3579999999999997
0.0462,4.3994,7.5346,-26.368000000000002,3.623,3.3579999999999997
0.0462,4.3763,7.4025,-26.277,3.345,3.3579999999999997
0.0231,4.4915,7.5346,-26.458,3.4379999999999997,3.3579999999999997
0.0231,4.5145,7.5346,-26.548,3.53,3.291
0.0231,4.4915,7.5346,-26.729,3.7159999999999997,3.3579999999999997
0.0462,4.5145,7.5346,-27.0,3.809,3.559
0.0462,4.5606,7.6668,-27.09,3.809,3.492
0.0231,4.6067,7.6668,-27.18,3.809,3.4250000000000003
0.0462,4.5836,7.6668,-27.271,3.902,3.4250000000000003
0.0462,4.5606,7.6668,-27.09,3.809,3.492
0.0462,4.5606,7.6668,-27.09,3.809,3.492
0.0462,4.5606,7.6668,-27.18,3.995,3.3579999999999997
0.0693,4.6758,7.799,-27.722,3.995,3.492
0.0462,4.7218,7.799,-27.903,3.995,3.559
0.0462,4.7449,7.9312,-27.993000000000002,3.902,3.6270000000000002
0.0462,4.7679,7.9312,-28.174,4.088,3.694
0.0462,4.7679,7.799,-28.174,4.088,3.559
0.0693,4.837,8.0634,-28.354,4.181,3.6270000000000002
0.0924,4.837,8.0634,-28.625,4.274,3.6270000000000002
0.0693,4.9522,8.1956,-29.077,4.46,3.694
0.0693,4.9982,8.3278,-29.348,4.46,3.761
0.0924,5.0213,8.3278,-29.528,4.553,3.828
0.0924,5.0213,8.46,-29.528,4.46,3.761
0.0693,5.0443,8.46,-29.709,4.46,3.761
0.0462,5.1134,8.46,-29.889000000000003,4.46,3.895
0.0462,5.1134,8.5922,-30.16,4.553,3.828
0.0693,5.2286,8.7243,-30.341,4.6450000000000005,3.761
0.0924,5.2516,8.8565,-30.701999999999998,4.7379999999999995,3.895
0.0693,5.2977,8.9887,-30.701999999999998,4.6450000000000005,3.963
0.0924,5.3668,8.9887,-31.244,4.924,3.963
0.0924,5.3668,8.9887,-31.244,4.924,3.963
0.0924,5.4128,8.9887,-31.515,5.202999999999999,4.097
0.0924,5.4128,9.1209,-31.515,5.11,4.097
0.0924,5.528,9.2531,-31.876,5.295999999999999,4.097
0.0924,5.551,9.2531,-32.147,5.202999999999999,4.231
0.0693,5.5971,9.3853,-32.327,5.295999999999999,4.164
0.0693,5.5971,9.2531,-32.327,5.202999999999999,4.164
0.0924,5.5971,9.2531,-32.418,5.202999999999999,4.164
0.0924,5.5971,9.3853,-32.327,5.295999999999999,4.231
0.0924,5.5971,9.3853,-32.327,5.295999999999999,4.164
0.1155,5.6892,9.5175,-32.507999999999996,5.389,4.231
0.1155,5.6892,9.5175,-32.507999999999996,5.389,4.231
0.1155,5.6892,9.5175,-32.689,5.482,4.298
0.0924,5.6201,9.3853,-32.418,5.389,4.231
0.0693,5.6432,9.3853,-32.507999999999996,5.11,4.231
0.0231,5.6432,9.2531,-32.598,5.11,4.164
0.0693,5.6432,9.2531,-32.507999999999996,5.017,4.231
0.0924,5.5971,9.2531,-32.327,5.11,4.164
0.0924,5.551,9.2531,-32.237,5.202999999999999,4.164
0.0924,5.528,9.1209,-31.966,5.202999999999999,4.164
0.0231,5.505,9.1209,-31.785999999999998,4.924,4.164
0.0231,5.505,9.1209,-31.785999999999998,4.924,4.164
0.0462,5.4819,8.9887,-31.515,4.8309999999999995,4.097
0.0231,5.4128,8.8565,-31.424,4.7379999999999995,4.231
0.0462,5.3668,8.8565,-31.154000000000003,4.6450000000000005,4.03
0.0693,5.2746,8.8565,-30.612,4.6450000000000005,3.963
0.0693,5.2516,8.8565,-30.520999999999997,4.6450000000000005,3.963
0.0693,5.2746,8.8565,-30.520999999999997,4.6450000000000005,3.895
0.0462,5.2746,8.8565,-30.520999999999997,4.46,3.963
-0.0,5.1595,8.7243,-30.07,4.367,3.963
0.0231,5.0904,8.5922,-29.799000000000003,4.274,3.895
0.0231,5.0443,8.46,-29.618000000000002,4.181,3.828
0.0462,4.9522,8.1956,-29.256999999999998,4.181,3.761
0.0462,4.9522,8.1956,-29.256999999999998,4.181,3.761
0.0693,4.9752,8.1956,-29.348,4.181,3.761
0.0693,4.9752,8.1956,-29.167,4.274,3.828
0.0693,4.9291,8.0634,-29.077,4.46,3.828
0.0693,4.86,8.0634,-28.986,4.367,3.828
0.0693,4.837,7.9312,-28.715000000000003,4.088,3.694
0.0462,4.814,7.9312,-28.445,4.088,3.492
0.0231,4.7449,7.799,-28.083,3.902,3.492
0.0231,4.6758,7.799,-27.812,3.902,3.492
0.0462,4.6758,7.6668,-27.722,3.902,3.4250000000000003
0.0462,4.5836,7.5346,-27.361,3.7159999999999997,3.3579999999999997
0.0462,4.5836,7.5346,-27.361,3.7159999999999997,3.3579999999999997
0.0462,4.4454,7.4025,-26.819000000000003,3.7159999999999997,3.3579999999999997
0.0231,4.4224,7.2703,-26.548,3.623,3.291
-0.0693,4.4454,7.4025,-26.638,3.066,3.3579999999999997
-0.2542,4.4454,7.4025,-26.638,2.23,3.224
-0.208,4.3994,7.2703,-26.458,2.23,3.4250000000000003
-0.0693,4.3994,7.2703,-26.187,2.88,3.3579999999999997
0.1155,4.3303,7.1381,-25.916,3.809,3.4250000000000003
0.3236,4.2842,7.1381,-25.825999999999997,5.017,3.291
0.3467,4.2842,7.0059,-25.825999999999997,5.202999999999999,3.224
0.1849,4.3303,7.1381,-26.097,4.367,3.1559999999999997
0.0462,4.3533,7.1381,-26.277,3.53,3.1559999999999997
0.0462,4.3303,7.1381,-26.187,3.53,3.224
0.0231,4.3533,7.0059,-26.187,3.623,3.224
0.0231,4.3533,7.0059,-26.006,3.4379999999999997,3.1559999999999997
-0.0693,4.3303,6.8737,-26.006,2.88,3.1559999999999997
-0.1386,4.2612,6.8737,-26.006,2.415,3.1559999999999997
-0.1386,4.3303,7.0059,-26.187,2.508,3.3579999999999997
-0.1849,4.3533,7.1381,-26.277,2.23,3.3579999999999997
-0.0693,4.3994,7.2703,-26.458,2.88,3.4250000000000003
0.0693,4.3994,7.1381,-26.638,3.809,3.3579999999999997
0.2311,4.3994,7.1381,-26.548,4.6450000000000005,3.291
0.2311,4.3994,7.1381,-26.548,4.6450000000000005,3.291
-0.1155,4.3763,7.1381,-26.638,2.694,3.224
0.0924,4.5145,7.4025,-27.0,4.181,3.224
0.0231,4.4685,7.2703,-27.0,3.4379999999999997,3.224
-0.0462,4.4454,7.2703,-27.0,3.1590000000000003,3.291
-0.0,4.4915,7.2703,-27.0,3.53,3.492
0.0462,4.6988,7.6668,-28.083,4.088,3.492
0.0693,4.6527,7.5346,-27.812,3.995,3.4250000000000003
0.1155,4.6067,7.4025,-27.631999999999998,4.274,3.492
0.1155,4.6297,7.5346,-27.631999999999998,4.181,3.559
0.0693,4.6527,7.5346,-27.722,4.181,3.492
0.0462,4.6988,7.6668,-27.903,3.902,3.492
0.0462,4.6988,7.6668,-27.812,4.088,3.559
0.0462,4.6988,7.6668,-27.812,4.088,3.559
0.1386,4.6988,7.6668,-28.174,4.553,3.559
0.1618,4.7679,7.799,-28.535,4.6450000000000005,3.492
0.1155,4.814,7.9312,-28.625,4.553,3.559
0.0924,4.86,7.9312,-28.896,4.367,3.6270000000000002
0.0693,4.9291,8.0634,-29.077,4.46,3.6270000000000002
0.0924,4.9982,8.1956,-29.438,4.553,3.694
0.0924,5.0443,8.1956,-29.799000000000003,4.8309999999999995,3.6270000000000002
0.0924,5.0673,8.3278,-29.980000000000004,4.7379999999999995,3.694
0.0924,5.0673,8.46,-30.16,4.7379999999999995,3.694
0.0924,5.1595,8.46,-30.520999999999997,4.924,3.761
0.0693,5.3207,8.7243,-31.154000000000003,5.11,3.761
0.0924,5.3207,8.8565,-31.244,4.7379999999999995,3.828
0.0231,5.3668,8.7243,-31.424,4.6450000000000005,3.828
0.0462,5.3668,8.7243,-31.515,4.8309999999999995,3.895
0.0924,5.3898,8.8565,-31.785999999999998,5.11,3.963
0.0693,5.4128,8.9887,-31.966,5.017,4.03
0.0924,5.505,8.9887,-32.327,5.202999999999999,3.963
0.0924,5.551,9.1209,-32.507999999999996,5.295999999999999,4.097
0.0924,5.551,9.1209,-32.507999999999996,5.202999999999999,4.164
0.0462,5.7353,9.3853,-33.321,5.11,4.231
0.0462,5.7353,9.3853,-33.321,5.11,4.231
0.0924,5.9426,9.7818,-34.224000000000004,5.575,4.433
0.0924,5.9426,9.7818,-34.224000000000004,5.575,4.433
0.0924,5.9426,9.7818,-34.224000000000004,5.575,4.433
0.1155,5.8505,9.6497,-34.134,5.760999999999999,4.366
0.1155,5.8735,9.6497,-34.224000000000004,5.667999999999999,4.366
0.1155,6.0117,9.914,-34.675,5.853000000000001,4.433
0.0924,6.0578,9.914,-34.855999999999995,5.760999999999999,4.5
0.0924,6.0578,9.914,-34.855999999999995,5.760999999999999,4.5
0.0924,6.0347,9.914,-34.946,5.760999999999999,4.366
0.0924,6.0347,9.914,-34.946,5.760999999999999,4.366
0.0924,5.9656,9.7818,-34.495,5.667999999999999,4.366
0.0693,5.9656,9.7818,-34.403999999999996,5.482,4.298
0.0693,5.9656,9.7818,-34.314,5.389,4.366
0.0231,6.0117,9.7818,-34.585,5.295999999999999,4.366
0.0693,6.0347,9.7818,-34.585,5.575,4.5
0.0693,5.9656,9.7818,-34.403999999999996,5.295999999999999,4.366
0.0693,5.8965,9.6497,-34.314,5.389,4.366
0.0693,5.8505,9.5175,-34.134,5.389,4.231
0.0462,5.8735,9.5175,-33.953,5.202999999999999,4.231
0.0462,5.8735,9.5175,-33.953,5.202999999999999,4.231
0.0462,5.7583,9.3853,-33.592,5.11,4.231
0.0231,5.6432,9.1209,-32.869,4.924,4.164
0.0231,5.6432,9.1209,-32.869,4.924,4.164
0.0231,5.5741,8.9887,-32.778999999999996,4.924,4.097
0.0924,5.3207,8.8565,-31.785999999999998,4.924,3.828
0.0462,5.2516,8.5922,-31.244,4.6450000000000005,3.895
0.0462,5.1364,8.5922,-30.612,4.367,3.828
0.0462,5.0213,8.46,-29.799000000000003,4.367,3.761
0.0231,4.9522,8.46,-29.348,4.367,3.761
-0.0,4.9061,8.46,-29.077,4.088,3.694
-0.0231,4.8831,8.46,-28.896,3.902,3.559
-0.0231,5.0443,8.3278,-29.709,3.995,3.761
0.0231,5.1825,8.5922,-30.792,4.367,3.828
-0.0231,4.9752,8.8565,-29.256999999999998,4.088,3.694
0.0231,4.9752,8.9887,-28.986,4.553,3.694
0.0924,5.505,8.9887,-31.966,5.017,4.03
0.0462,5.6432,8.8565,-32.689,4.924,4.097
0.0693,5.0673,8.1956,-30.16,4.46,3.694
0.0462,5.0213,8.1956,-29.799000000000003,4.181,3.6270000000000002
-0.0231,4.9982,8.1956,-29.889000000000003,3.902,3.6270000000000002
0.0462,5.1364,8.3278,-30.520999999999997,4.46,3.6270000000000002
0.0693,5.1595,8.3278,-30.612,4.553,3.6270000000000002
0.1386,5.0443,8.1956,-30.16,4.8309999999999995,3.6270000000000002
0.1155,4.9291,8.0634,-29.618000000000002,4.7379999999999995,3.492
0.0462,4.9061,8.0634,-29.348,4.088,3.4250000000000003
-0.1386,4.9061,8.0634,-29.528,3.066,3.492
-0.2773,4.9291,8.0634,-29.438,2.415,3.6270000000000002
-0.2311,4.9752,8.0634,-29.348,2.787,3.694
-0.0924,4.9061,8.0634,-29.348,3.1590000000000003,3.6270000000000002
0.0462,4.7909,7.799,-28.805999999999997,3.902,3.6270000000000002
0.0462,4.7909,7.799,-28.805999999999997,3.902,3.6270000000000002
0.3698,4.8831,7.9312,-29.256999999999998,5.853000000000001,3.492
0.2773,4.8831,7.9312,-29.256999999999998,5.389,3.492
0.1618,4.86,7.9312,-29.167,4.924,3.492
0.0924,4.7679,7.6668,-28.715000000000003,4.553,3.4250000000000003
0.1155,4.7679,7.799,-28.715000000000003,4.367,3.492
-0.0462,4.7909,7.799,-28.805999999999997,3.623,3.4250000000000003
-0.0924,4.837,7.9312,-28.805999999999997,3.1590000000000003,3.492
-0.0924,4.814,7.799,-28.805999999999997,3.4379999999999997,3.492
-0.0,4.7679,7.799,-28.535,3.809,3.559
0.0693,4.7218,7.6668,-28.264,4.181,3.492
0.0693,4.6067,7.5346,-27.631999999999998,4.181,3.291
0.0693,4.6067,7.5346,-27.631999999999998,4.181,3.291
0.0693,4.6527,7.6668,-27.993000000000002,4.088,3.4250000000000003
-0.0924,4.7449,7.5346,-28.083,3.252,3.3579999999999997
0.1155,4.6067,7.5346,-27.722,4.181,3.3579999999999997
0.2311,4.4915,7.5346,-27.361,4.6450000000000005,3.224
0.1849,4.5145,7.5346,-27.271,4.46,3.224
0.0693,4.5606,7.5346,-27.451,3.995,3.224
-0.0462,4.5836,7.4025,-27.541000000000004,3.345,3.1559999999999997
-0.1386,4.5606,7.4025,-27.541000000000004,2.694,3.224
0.0231,4.4915,7.2703,-27.271,3.345,3.3579999999999997
0.1386,4.4454,7.2703,-26.909,4.274,3.224
0.2773,4.4454,7.2703,-26.819000000000003,4.8309999999999995,3.224
0.2773,4.4454,7.2703,-26.819000000000003,4.8309999999999995,3.224
0.1155,4.5376,7.4025,-27.271,4.274,3.1559999999999997
0.0693,4.5836,7.4025,-27.451,3.902,3.224
0.0693,4.5836,7.4025,-27.631999999999998,3.995,3.224
0.1386,4.5606,7.4025,-27.541000000000004,4.274,3.291
0.1386,4.5606,7.4025,-27.541000000000004,4.274,3.291
-0.0462,4.5145,7.5346,-27.271,3.345,3.089
-0.0924,4.5376,7.2703,-27.361,2.88,3.224
-0.0693,4.5836,7.4025,-27.631999999999998,2.973,3.291
-0.0693,4.5836,7.4025,-27.631999999999998,2.973,3.291
0.0462,4.6988,7.5346,-28.083,3.902,3.492
0.0462,4.7218,7.6668,-28.354,4.088,3.4250000000000003
0.0693,4.7218,7.5346,-28.264,4.181,3.291
0.0693,4.7218,7.5346,-28.264,4.181,3.291
0.0924,4.6527,7.799,-28.264,4.181,3.3579999999999997
0.0231,4.8831,7.9312,-29.167,3.995,3.492
0.0462,4.86,7.799,-29.167,4.181,3.559
0.0924,4.837,7.799,-28.986,4.367,3.559
0.0924,4.7909,7.799,-28.896,4.46,3.4250000000000003
0.1155,4.837,7.9312,-28.986,4.367,3.559
0.0462,4.9291,8.0634,-29.528,4.274,3.559
0.0462,4.9982,8.1956,-29.709,4.181,3.559
0.0693,4.9061,8.0634,-29.167,4.274,3.559
0.0693,4.8831,8.0634,-29.167,4.181,3.492
0.0693,4.8831,8.0634,-29.167,4.181,3.492
0.0693,5.0443,8.3278,-29.980000000000004,4.367,3.6270000000000002
0.0462,5.1134,8.46,-30.430999999999997,4.367,3.761
0.0462,5.0904,8.5922,-30.341,4.274,3.761
0.0462,5.1134,8.5922,-30.341,4.46,3.6270000000000002
0.0693,5.0673,8.46,-30.251,4.553,3.761
0.0462,5.1364,8.5922,-30.520999999999997,4.46,3.6270000000000002
0.0462,5.1825,8.7243,-30.701999999999998,4.274,3.761
0.0924,5.2516,8.8565,-31.154000000000003,4.7379999999999995,3.761
0.0924,5.2977,8.8565,-31.244,4.6450000000000005,3.828
0.0924,5.2977,8.8565,-31.244,4.6450000000000005,3.828
0.0693,5.3207,8.9887,-31.424,4.8309999999999995,3.761
0.0924,5.3207,8.9887,-31.604999999999997,4.8309999999999995,3.694
0.0693,5.3207,8.9887,-31.604999999999997,4.8309999999999995,3.828
0.0693,5.3437,8.9887,-31.604999999999997,4.7379999999999995,3.761
0.0693,5.3898,8.9887,-31.785999999999998,4.924,3.828
0.0924,5.4359,9.1209,-31.966,4.924,3.761
0.0924,5.4589,8.8565,-32.057,5.11,3.895
0.1155,5.4589,8.9887,-32.237,5.202999999999999,3.895
0.1155,5.4359,8.9887,-32.237,5.202999999999999,3.828
0.0924,5.4359,8.8565,-31.966,5.017,3.895
0.0924,5.4359,8.8565,-31.966,5.017,3.895
0.0693,5.4589,8.9887,-32.147,4.924,3.828
0.0924,5.4819,8.9887,-32.147,4.924,3.895
0.0462,5.4819,8.9887,-32.147,4.7379999999999995,3.895
0.0462,5.4819,8.9887,-32.147,4.7379999999999995,3.895
0.0924,5.4819,8.9887,-32.237,4.924,3.895
0.0924,5.4819,8.9887,-32.237,4.924,3.963
0.0924,5.4359,8.9887,-32.147,5.11,3.895
0.0924,5.4589,8.9887,-32.057,5.11,3.895
0.0924,5.528,8.9887,-32.507999999999996,5.202999999999999,3.828
0.0924,5.528,8.9887,-32.418,5.11,3.828
0.0693,5.3898,8.8565,-31.966,4.8309999999999995,3.828
0.0462,5.3898,8.8565,-31.695,4.7379999999999995,3.828
0.0693,5.4128,8.9887,-31.966,4.6450000000000005,3.694
0.0693,5.4359,8.8565,-32.057,4.7379999999999995,3.895
0.0693,5.4128,8.8565,-31.876,4.7379999999999995,3.761
0.0924,5.3437,8.8565,-31.515,4.6450000000000005,3.694
0.0693,5.2286,8.7243,-31.154000000000003,4.7379999999999995,3.761
0.0462,5.2286,8.5922,-30.883,4.553,3.6270000000000002
0.0462,5.2286,8.5922,-30.883,4.553,3.6270000000000002
0.0693,5.2286,8.5922,-31.154000000000003,4.553,3.694
0.0462,5.3898,8.7243,-31.515,4.7379999999999995,3.761
0.0693,5.2977,8.5922,-31.244,4.7379999999999995,3.694
0.0924,5.0904,8.3278,-30.430999999999997,4.553,3.6270000000000002
0.0924,5.0904,8.3278,-30.430999999999997,4.553,3.6270000000000002
0.0693,4.9982,8.1956,-29.980000000000004,4.181,3.6270000000000002
0.0693,5.0443,8.3278,-30.16,4.181,3.761
0.0693,5.0904,8.3278,-30.16,4.274,3.694
0.0693,5.0904,8.3278,-30.16,4.274,3.694
0.0693,5.0443,8.1956,-29.980000000000004,4.181,3.694
0.0693,4.86,7.9312,-29.077,4.274,3.492
0.0693,4.86,7.9312,-29.077,4.274,3.492
0.0462,4.814,7.799,-28.896,3.995,3.3579999999999997
0.0231,4.837,7.799,-29.077,3.902,3.492
0.0462,4.86,7.9312,-29.077,3.902,3.559
0.0462,4.837,7.799,-28.896,4.088,3.492
0.0462,4.837,7.799,-28.896,4.088,3.492
0.0693,4.6988,7.799,-28.354,4.181,3.3579999999999997
0.0462,4.6527,7.6668,-28.174,3.902,3.3579999999999997
0.0462,4.6527,7.799,-28.264,3.7159999999999997,3.291
-0.0,4.7218,7.5346,-28.264,3.623,3.291
0.0462,4.6988,7.6668,-28.264,3.809,3.3579999999999997
0.0462,4.6527,7.6668,-28.083,3.809,3.291
0.0462,4.6067,7.5346,-27.812,3.902,3.224
0.0462,4.6067,7.5346,-27.631999999999998,3.809,3.224
0.0693,4.5606,7.5346,-27.541000000000004,3.809,3.224
0.0462,4.5836,7.5346,-27.541000000000004,3.809,3.224
0.0462,4.6297,7.5346,-27.812,3.623,3.291
0.0462,4.6297,7.5346,-27.812,3.623,3.291
0.0231,4.6297,7.5346,-27.903,3.623,3.291
0.0462,4.5145,7.2703,-27.451,3.7159999999999997,3.224
-0.0462,4.4915,7.4025,-27.18,2.973,3.089
-0.1849,4.4915,7.2703,-27.18,2.137,3.224
-0.0924,4.4224,7.2703,-26.819000000000003,2.601,3.224
0.0231,4.3763,7.1381,-26.638,3.1590000000000003,3.1559999999999997
0.1849,4.3303,7.1381,-26.458,4.088,3.1559999999999997
0.0462,4.4685,7.4025,-27.09,3.623,3.1559999999999997
0.1386,4.4685,7.4025,-27.18,3.995,3.1559999999999997
0.1386,4.4685,7.4025,-27.18,3.995,3.1559999999999997
0.0924,4.3763,7.2703,-26.729,3.7159999999999997,3.0220000000000002
-0.0231,4.3533,7.1381,-26.638,2.973,3.0220000000000002
-0.1155,4.4454,7.2703,-26.819000000000003,2.415,3.089
-0.0462,4.4685,7.2703,-27.0,2.88,3.291
-0.0462,4.4685,7.2703,-27.0,2.88,3.291
0.0462,4.5376,7.4025,-27.361,3.53,3.291
-0.0924,4.5145,7.2703,-27.271,2.787,3.1559999999999997
-0.208,4.4915,7.4025,-27.18,2.044,3.089
-0.1849,4.5376,7.2703,-27.451,2.322,3.3579999999999997
-0.0231,4.5836,7.4025,-27.541000000000004,3.1590000000000003,3.4250000000000003
0.208,4.5836,7.4025,-27.631999999999998,4.367,3.3579999999999997
0.3467,4.5836,7.5346,-27.722,5.482,3.1559999999999997
0.3929,4.6297,7.6668,-27.812,5.482,3.1559999999999997
0.3005,4.6527,7.5346,-28.083,5.017,3.224
0.1618,4.7218,7.6668,-28.445,4.6450000000000005,3.291
0.1849,4.837,7.799,-28.986,4.7379999999999995,3.3579999999999997
0.1155,4.86,7.799,-29.077,4.6450000000000005,3.4250000000000003
-0.0693,4.7909,7.6668,-28.896,3.345,3.3579999999999997
-0.1618,4.7679,7.6668,-28.715000000000003,2.973,3.3579999999999997
-0.1618,4.7679,7.6668,-28.715000000000003,2.973,3.3579999999999997
0.0231,4.8831,7.799,-29.348,3.809,3.559
0.1155,5.0213,8.0634,-29.799000000000003,4.6450000000000005,3.694
0.1849,5.0904,8.1956,-30.251,5.017,3.559
0.1849,5.0904,8.1956,-30.251,5.017,3.559
0.1155,5.1595,8.46,-30.701999999999998,4.6450000000000005,3.6270000000000002
-0.0,5.3207,8.7243,-31.515,4.181,3.6270000000000002
0.0462,5.3668,8.5922,-31.876,4.6450000000000005,3.6270000000000002
0.0693,5.3437,8.7243,-31.876,4.7379999999999995,3.761
0.1618,5.3437,8.5922,-31.695,5.11,3.694
0.2311,5.2977,8.5922,-31.424,5.389,3.6270000000000002
0.1849,5.3207,8.5922,-31.515,5.575,3.6270000000000002
0.1618,5.4589,8.7243,-32.237,5.482,3.761
0.0924,5.551,8.9887,-32.689,5.389,3.828
0.0924,5.6662,9.1209,-33.14,5.295999999999999,3.828
0.1155,5.6662,9.1209,-33.14,5.295999999999999,3.895
0.1618,5.5741,8.9887,-33.050000000000004,5.389,3.828
0.1618,5.5741,8.9887,-33.050000000000004,5.389,3.828
0.1155,5.7814,9.3853,-33.863,5.667999999999999,3.963
0.1155,5.7814,9.3853,-33.863,5.667999999999999,3.963
0.0924,5.8044,9.5175,-33.953,5.667999999999999,4.03
0.1386,5.7814,9.3853,-33.772000000000006,5.667999999999999,3.963
0.1386,5.7814,9.3853,-33.772000000000006,5.667999999999999,3.963
0.1155,5.8274,9.3853,-33.863,5.667999999999999,3.963
0.0924,5.8735,9.5175,-34.224000000000004,5.760999999999999,3.963
0.0924,5.8965,9.5175,-34.134,5.667999999999999,4.03
0.0924,5.9196,9.5175,-34.134,5.482,4.164
0.0693,5.8735,9.3853,-34.043,5.482,4.03
0.0924,5.7814,9.3853,-33.863,5.575,4.03
0.0924,5.8044,9.3853,-33.953,5.575,4.03
0.0924,5.8735,9.5175,-34.224000000000004,5.482,4.097
0.0924,5.9426,9.5175,-34.495,5.667999999999999,4.164
0.0924,5.9196,9.5175,-34.403999999999996,5.482,4.03
0.0924,5.8274,9.3853,-33.953,5.482,4.097
0.0924,5.6432,8.9887,-33.14,5.11,3.963
0.0924,5.5971,8.9887,-32.96,5.202999999999999,3.895
0.0924,5.6432,8.9887,-33.14,5.202999999999999,3.895
0.0924,5.7123,9.1209,-33.321,5.11,4.03
0.0693,5.7353,9.2531,-33.592,5.202999999999999,4.03
0.0462,5.6432,8.8565,-33.050000000000004,5.017,3.963
0.0462,5.505,8.7243,-32.689,4.8309999999999995,3.761
0.0231,5.4128,8.46,-32.057,4.7379999999999995,3.694
0.0231,5.3437,8.5922,-31.785999999999998,4.46,3.694
-0.0,5.3437,8.5922,-31.695,4.46,3.694
0.0231,5.3668,8.46,-31.695,4.46,3.761
0.0693,5.3898,8.3278,-31.876,4.553,3.761
0.0693,5.3898,8.46,-31.876,4.6450000000000005,3.6270000000000002
0.0462,5.2977,8.5922,-31.604999999999997,4.553,3.761
0.0462,5.2286,8.46,-31.063000000000002,4.553,3.6270000000000002
-0.0231,5.0443,8.0634,-30.07,3.902,3.559
-0.1386,4.9291,7.799,-29.528,3.1590000000000003,3.492
-0.1849,4.7679,7.6668,-28.986,2.787,3.559
-0.0693,4.7909,7.5346,-28.805999999999997,3.252,3.492
0.1386,4.7449,7.5346,-28.535,4.274,3.694
0.3467,4.7218,7.5346,-28.535,5.575,3.4250000000000003
0.416,4.7218,7.4025,-28.354,5.853000000000001,3.291
0.0693,4.7218,7.2703,-28.445,4.274,3.089
-0.0,4.6988,7.5346,-28.445,3.623,3.224
0.0693,4.6988,7.4025,-28.354,4.088,3.3579999999999997
0.0693,4.6988,7.4025,-28.354,4.088,3.3579999999999997
0.0924,4.6758,7.4025,-28.264,4.181,3.3579999999999997
-0.1155,4.5836,7.1381,-27.722,2.601,3.3579999999999997
-0.1155,4.5836,7.1381,-27.722,2.601,3.3579999999999997
0.1386,4.6527,7.1381,-28.083,4.274,3.492
0.1849,4.6758,7.2703,-28.174,4.46,3.3579999999999997
0.0462,4.6758,7.2703,-28.083,3.995,3.224
0.0462,4.5606,7.1381,-27.722,3.7159999999999997,3.291
0.0462,4.5145,7.1381,-27.631999999999998,3.623,3.224
0.0693,4.5836,7.1381,-27.722,3.7159999999999997,3.224
0.1386,4.5836,7.1381,-27.812,4.181,3.291
0.1618,4.5836,7.1381,-27.722,4.274,3.224
0.1155,4.5376,7.1381,-27.722,3.995,3.224
0.0462,4.5376,7.1381,-27.722,3.7159999999999997,3.224
0.0231,4.5606,7.1381,-27.812,3.252,3.224
-0.0231,4.5836,7.1381,-27.812,3.252,3.3579999999999997
-0.0231,4.6297,7.2703,-27.903,3.252,3.291
-0.0,4.6297,7.1381,-27.903,3.4379999999999997,3.3579999999999997
0.0924,4.5606,7.1381,-27.722,3.902,3.224
0.0924,4.5606,7.1381,-27.722,3.902,3.224
0.1386,4.6067,7.2703,-27.993000000000002,4.274,3.291
0.1386,4.6988,7.2703,-28.354,4.274,3.291
0.1155,4.7909,7.5346,-28.896,4.367,3.4250000000000003
0.0924,4.837,7.5346,-29.077,4.181,3.492
0.0462,4.86,7.4025,-29.167,3.995,3.4250000000000003
0.0462,4.814,7.5346,-29.256999999999998,4.088,3.3579999999999997
0.0693,4.837,7.5346,-29.167,4.181,3.4250000000000003
0.0924,4.837,7.5346,-29.438,4.274,3.492
0.0924,4.9061,7.6668,-29.618000000000002,4.274,3.492
0.0924,4.9982,7.9312,-29.889000000000003,4.46,3.492
0.0693,5.0673,8.0634,-30.430999999999997,4.553,3.4250000000000003
0.0693,5.0673,7.9312,-30.430999999999997,4.46,3.559
0.0462,5.0443,7.9312,-30.430999999999997,4.367,3.492
0.0693,5.0904,8.0634,-30.701999999999998,4.46,3.6270000000000002
0.0693,5.2286,8.1956,-31.244,4.553,3.559
0.0924,5.2516,8.3278,-31.515,4.7379999999999995,3.6270000000000002
0.0924,5.3668,8.3278,-31.876,4.924,3.761
0.1155,5.3207,8.3278,-31.785999999999998,4.8309999999999995,3.694
0.0924,5.3207,8.5922,-31.785999999999998,4.924,3.694
0.0924,5.3898,8.3278,-32.057,4.924,3.694
0.0693,5.4589,8.46,-32.507999999999996,5.017,3.828
0.0693,5.551,8.5922,-32.96,5.017,3.828
0.0924,5.6201,8.8565,-33.321,5.11,3.895
0.0693,5.6662,8.7243,-33.321,5.389,3.895
0.0693,5.6662,8.7243,-33.321,5.389,3.895
0.0924,5.6201,8.8565,-33.411,5.295999999999999,3.828
0.0462,5.8044,9.1209,-34.043,5.017,3.895
0.0462,5.8274,9.2531,-34.224000000000004,5.11,3.963
0.0462,5.8274,9.2531,-34.224000000000004,5.11,3.963
0.0924,5.7814,9.1209,-34.224000000000004,5.202999999999999,4.03
0.0924,5.7814,9.1209,-34.134,5.389,3.963
0.0462,5.8505,9.2531,-34.585,5.202999999999999,4.097
-0.0231,5.9887,9.3853,-34.946,5.017,4.231
-0.0693,6.0117,9.3853,-35.127,4.7379999999999995,4.231
-0.0924,5.9887,9.5175,-34.946,4.6450000000000005,4.366
-0.0924,5.9656,9.3853,-34.766,4.46,4.298
-0.1155,5.9196,9.5175,-34.855999999999995,4.553,4.366
-0.1155,5.9196,9.5175,-34.946,4.46,4.5
-0.0924,5.9887,9.5175,-34.946,4.46,4.567
-0.0924,6.0578,9.6497,-35.217,4.46,4.7010000000000005
-0.1386,6.0347,9.6497,-35.217,4.274,4.6339999999999995
-0.1386,5.9887,9.5175,-34.946,4.367,4.5
-0.1386,5.9887,9.5175,-34.946,4.367,4.5
-0.0924,5.8505,9.3853,-34.314,4.274,4.298
-0.0924,5.8274,9.3853,-34.403999999999996,4.46,4.231
-0.0924,5.8735,9.3853,-34.495,4.553,4.231
-0.0924,5.9196,9.5175,-34.585,4.367,4.298
-0.0,5.7123,8.9887,-33.772000000000006,4.8309999999999995,3.963
-0.0231,5.6662,8.8565,-33.682,4.6450000000000005,3.963
0.0231,5.5741,8.7243,-33.23,4.6450000000000005,3.963
0.0924,5.4589,8.46,-32.598,5.11,3.828
0.0693,5.4359,8.46,-32.237,4.8309999999999995,3.828
-0.0693,5.3668,8.5922,-31.966,4.088,3.559
-0.0693,5.3668,8.5922,-31.966,4.088,3.559
-0.0693,5.3668,8.0634,-32.057,4.088,3.761
-0.0231,5.2286,8.1956,-31.334,4.088,3.761
-0.0,5.1595,8.1956,-30.883,4.274,3.694
-0.0,5.1595,8.1956,-30.883,4.274,3.694
-0.0231,4.9752,8.5922,-29.799000000000003,4.181,3.6270000000000002
-0.0231,4.814,8.9887,-28.264,4.367,3.492
0.0231,5.1595,9.2531,-30.16,4.6450000000000005,3.6270000000000002
0.0693,5.6201,8.8565,-33.050000000000004,5.11,3.895
-0.0,5.3207,8.5922,-31.604999999999997,4.181,3.694
0.0693,5.1825,8.1956,-30.973000000000003,4.367,3.559
0.0924,5.0673,7.9312,-30.520999999999997,4.6450000000000005,3.559
0.0231,5.2746,8.1956,-31.334,4.088,3.559
-0.0,5.4359,8.1956,-31.966,4.367,3.694
0.0462,5.4819,8.3278,-32.327,4.553,3.694
0.1386,5.3207,8.3278,-31.785999999999998,5.017,3.6270000000000002
0.1386,5.3207,8.3278,-31.785999999999998,5.017,3.6270000000000002
0.1849,5.2055,8.1956,-31.334,5.202999999999999,3.492
0.1155,5.1595,8.0634,-30.973000000000003,4.7379999999999995,3.4250000000000003
-0.0693,5.2055,8.1956,-31.154000000000003,3.995,3.492
-0.2311,5.2516,8.1956,-31.424,3.066,3.492
-0.0693,5.2286,8.0634,-31.244,3.809,3.694
0.1155,5.1364,7.9312,-30.792,4.924,3.559
0.2773,5.0673,7.799,-30.612,5.482,3.4250000000000003
0.208,5.0673,7.9312,-30.701999999999998,5.202999999999999,3.3579999999999997
0.0231,5.1134,7.9312,-30.792,4.274,3.224
-0.208,5.1364,8.0634,-30.973000000000003,2.88,3.492
0.208,5.1134,8.0634,-30.792,5.11,3.6270000000000002
0.3236,5.0213,7.9312,-30.520999999999997,5.760999999999999,3.4250000000000003
0.208,4.9752,7.799,-30.07,5.11,3.291
-0.1849,4.9061,7.6668,-29.889000000000003,2.973,3.3579999999999997
-0.2311,4.9982,7.799,-30.07,2.601,3.4250000000000003
-0.2311,4.9982,7.799,-30.07,2.601,3.4250000000000003
0.1618,5.0213,7.799,-30.341,4.8309999999999995,3.559
0.2542,4.9522,7.6668,-29.889000000000003,5.389,3.4250000000000003
0.1155,4.8831,7.6668,-29.709,4.553,3.3579999999999997
-0.0693,4.837,7.4025,-29.167,3.345,3.224
-0.1155,4.837,7.4025,-29.256999999999998,2.787,3.4250000000000003
-0.1155,4.837,7.4025,-29.256999999999998,2.787,3.4250000000000003
-0.0231,4.86,7.5346,-29.348,3.623,3.559
0.1155,4.814,7.2703,-29.077,4.274,3.291
0.1155,4.814,7.2703,-29.077,4.274,3.291
0.1155,4.7449,7.1381,-28.896,4.181,3.224
0.0924,4.7218,7.1381,-28.805999999999997,4.088,3.224
-0.0,4.6988,7.2703,-28.625,3.53,3.224
-0.0693,4.7679,7.2703,-29.077,3.252,3.4250000000000003
0.0231,4.7909,7.2703,-28.986,3.7159999999999997,3.3579999999999997
0.1386,4.6758,7.1381,-28.535,4.274,3.291
0.0693,4.6758,7.2703,-28.535,3.995,3.0220000000000002
0.0462,4.7679,7.2703,-28.986,3.809,3.224
0.0231,4.814,7.2703,-29.077,3.809,3.291
0.0231,4.814,7.2703,-29.077,3.809,3.291
0.0231,4.7909,7.4025,-29.077,3.7159999999999997,3.291
0.0462,4.6988,7.2703,-28.715000000000003,3.809,3.1559999999999997
0.0693,4.6758,7.2703,-28.625,3.809,3.224
0.0924,4.6758,7.2703,-28.625,3.902,3.291
0.0462,4.837,7.4025,-29.256999999999998,3.995,3.291
0.0462,4.837,7.4025,-29.256999999999998,3.995,3.291
0.0462,4.8831,7.5346,-29.528,3.902,3.4250000000000003
0.0462,4.8831,7.5346,-29.618000000000002,3.902,3.3579999999999997
0.0462,4.86,7.5346,-29.528,3.902,3.3579999999999997
0.0693,4.7449,7.2703,-29.256999999999998,4.088,3.224
0.0462,4.7909,7.2703,-29.348,3.902,3.224
0.0231,4.8831,7.5346,-29.709,3.902,3.291
0.0462,4.9752,7.6668,-30.16,4.181,3.3579999999999997
0.0693,4.9291,7.6668,-30.07,4.181,3.3579999999999997
0.0462,4.9291,7.6668,-30.16,4.274,3.3579999999999997
0.0462,4.9982,7.799,-30.430999999999997,4.274,3.3579999999999997
0.0462,5.0213,7.9312,-30.701999999999998,4.367,3.492
0.0693,5.1825,8.1956,-31.515,4.553,3.492
0.0462,5.2286,8.1956,-31.604999999999997,4.46,3.492
0.0693,5.2055,8.1956,-31.515,4.6450000000000005,3.4250000000000003
0.0693,5.2746,8.3278,-31.785999999999998,4.6450000000000005,3.492
0.0693,5.3437,8.3278,-32.237,4.553,3.559
0.0231,5.505,8.46,-32.96,4.7379999999999995,3.694
0.0693,5.528,8.5922,-33.14,4.8309999999999995,3.694
0.0693,5.528,8.5922,-33.050000000000004,4.924,3.694
0.0924,5.4819,8.46,-32.778999999999996,4.924,3.6270000000000002
0.0693,5.4359,8.46,-32.689,4.8309999999999995,3.559
0.0693,5.4589,8.5922,-32.96,4.8309999999999995,3.6270000000000002
0.0462,5.528,8.5922,-33.23,4.8309999999999995,3.6270000000000002
0.0462,5.6201,8.7243,-33.501,4.7379999999999995,3.694
0.0462,5.6432,8.8565,-33.772000000000006,4.8309999999999995,3.761
0.0231,5.6892,8.9887,-33.863,4.8309999999999995,3.694
0.0231,5.6892,8.9887,-33.863,4.8309999999999995,3.694
0.0924,5.6662,8.9887,-33.772000000000006,5.11,3.761
0.0924,5.7583,9.1209,-34.224000000000004,5.202999999999999,3.828
0.0924,5.8044,9.2531,-34.495,5.389,3.828
0.0924,5.8735,9.3853,-34.675,5.482,3.895
0.0924,5.9196,9.5175,-34.946,5.482,3.828
0.0924,5.9196,9.5175,-34.946,5.482,3.828
0.0924,5.9426,9.5175,-35.217,5.575,3.895
0.0693,6.0347,9.5175,-35.577999999999996,5.667999999999999,3.963
0.0924,6.1038,9.6497,-35.669,5.667999999999999,4.097
0.1155,6.1729,9.7818,-36.21,5.760999999999999,4.097
0.1155,6.1499,9.7818,-35.94,5.760999999999999,4.164
0.1155,6.0808,9.6497,-35.849000000000004,5.667999999999999,4.03
0.1155,6.0347,9.5175,-35.577999999999996,5.760999999999999,4.097
0.0924,6.0117,9.5175,-35.398,5.575,4.03
0.0924,6.0578,9.3853,-35.577999999999996,5.482,4.03
0.0693,6.0808,9.5175,-35.669,5.482,4.03
0.0693,6.1038,9.6497,-35.849000000000004,5.575,4.03
0.0693,6.0808,9.5175,-35.669,5.482,4.097
0.0924,6.0117,9.5175,-35.398,5.389,4.03
0.0924,5.9196,9.3853,-34.946,5.389,3.963
0.0924,5.8735,9.3853,-34.766,5.389,3.828
0.0924,5.9426,9.3853,-35.037,5.389,3.963
0.0924,5.9426,9.3853,-35.037,5.389,3.963
0.0462,6.0117,9.2531,-35.127,5.202999999999999,3.963
0.0924,5.8965,9.2531,-34.766,5.202999999999999,3.895
0.0924,5.8044,9.2531,-34.314,5.389,3.828
0.1155,5.7583,9.1209,-34.043,5.389,3.828
0.0924,5.7353,8.9887,-33.863,5.295999999999999,3.828
0.0924,5.8044,9.1209,-34.134,5.295999999999999,3.828
0.0924,5.8044,9.1209,-34.134,5.295999999999999,3.828
0.0924,5.7353,8.8565,-33.863,5.202999999999999,3.828
0.0693,5.5741,8.7243,-33.321,5.202999999999999,3.895
0.0693,5.4819,8.5922,-33.050000000000004,5.017,3.694
0.0693,5.505,8.46,-32.96,4.7379999999999995,3.6270000000000002
0.0693,5.505,8.46,-32.96,4.7379999999999995,3.6270000000000002
-0.0,5.551,8.5922,-33.14,4.7379999999999995,3.694
0.0462,5.4359,8.1956,-32.507999999999996,4.553,3.559
0.0693,5.2977,8.3278,-31.966,4.6450000000000005,3.559
0.0693,5.2055,8.1956,-31.604999999999997,4.553,3.559
0.0693,5.1825,8.1956,-31.515,4.6450000000000005,3.492
0.0693,5.2286,8.1956,-31.424,4.46,3.492
0.0231,5.1595,7.9312,-31.154000000000003,4.274,3.4250000000000003
-0.0,5.0904,7.799,-30.612,4.181,3.4250000000000003
0.0462,4.9752,7.6668,-30.251,4.088,3.4250000000000003
0.0462,4.9752,7.6668,-30.251,4.088,3.4250000000000003
0.0231,4.9291,7.5346,-29.889000000000003,3.995,3.3579999999999997
-0.0,4.9522,7.6668,-30.16,3.995,3.4250000000000003
-0.0,4.9522,7.6668,-30.16,3.995,3.4250000000000003
0.0462,4.9752,7.5346,-30.07,3.995,3.4250000000000003
0.0462,4.9061,7.4025,-29.799000000000003,3.995,3.4250000000000003
0.0462,4.837,7.2703,-29.438,3.995,3.291
0.0462,4.837,7.2703,-29.438,3.995,3.291
0.0231,4.9061,7.4025,-29.618000000000002,3.7159999999999997,3.3579999999999997
-0.0231,4.9291,7.5346,-29.889000000000003,3.809,3.3579999999999997
0.0231,4.9061,7.4025,-29.709,3.809,3.3579999999999997
0.0462,4.837,7.2703,-29.438,3.902,3.224
0.0693,4.6988,7.2703,-28.896,3.902,3.291
0.0462,4.6758,7.2703,-28.715000000000003,3.7159999999999997,3.224
-0.1155,4.7449,7.1381,-28.896,2.973,3.1559999999999997
-0.1155,4.7449,7.1381,-28.896,2.973,3.1559999999999997
-0.0693,4.7449,7.2703,-28.896,3.1590000000000003,3.291
-0.208,4.5145,7.1381,-27.812,2.23,3.0220000000000002
-0.3005,4.5145,7.1381,-27.993000000000002,1.951,3.224
-0.1155,4.5836,7.1381,-28.174,2.601,3.291
0.3467,4.6297,7.0059,-28.445,5.202999999999999,3.1559999999999997
0.2773,4.6067,7.0059,-28.354,5.017,2.955
0.0924,4.5606,7.1381,-27.993000000000002,3.995,2.955
-0.2773,4.5145,7.1381,-27.722,1.8579999999999999,3.089
0.2773,4.6988,7.2703,-28.625,5.017,3.224
0.2773,4.6988,7.2703,-28.625,5.017,3.224
0.2773,4.6527,7.1381,-28.625,4.8309999999999995,3.1559999999999997
0.0693,4.6297,7.1381,-28.445,3.902,3.0220000000000002
-0.0462,4.5606,7.1381,-27.993000000000002,2.973,3.1559999999999997
0.0693,4.7449,7.2703,-28.805999999999997,3.995,3.291
0.1618,4.7909,7.4025,-29.256999999999998,4.367,3.3579999999999997
0.0924,4.86,7.4025,-29.528,4.367,3.1559999999999997
0.0231,4.814,7.4025,-29.348,3.7159999999999997,3.1559999999999997
-0.0231,4.7449,7.2703,-29.077,3.4379999999999997,3.224
-0.0462,4.7679,7.2703,-29.077,3.345,3.224
0.0462,4.7679,7.2703,-29.256999999999998,3.7159999999999997,3.224
0.0693,4.814,7.4025,-29.618000000000002,3.902,3.291
0.1386,4.86,7.5346,-29.889000000000003,4.274,3.291
0.1618,4.9061,7.6668,-29.980000000000004,4.6450000000000005,3.291
0.1155,4.9522,7.6668,-30.07,4.553,3.1559999999999997
0.0462,4.9291,7.6668,-30.251,4.088,3.224
-0.0231,4.9522,7.6668,-30.16,3.809,3.291
-0.0,4.9522,7.799,-30.251,3.809,3.4250000000000003
0.0231,4.9982,7.799,-30.430999999999997,4.181,3.4250000000000003
0.0693,5.0904,8.0634,-30.883,4.46,3.3579999999999997
0.1618,5.1595,8.1956,-31.424,4.924,3.3579999999999997
0.1618,5.2055,8.1956,-31.334,4.924,3.4250000000000003
0.1618,5.1825,8.1956,-31.424,4.924,3.3579999999999997
0.0462,5.4819,8.3278,-32.778999999999996,4.553,3.492
0.0462,5.505,8.5922,-33.321,4.6450000000000005,3.559
0.0924,5.5741,8.8565,-33.592,4.924,3.6270000000000002
0.1618,5.551,8.7243,-33.321,5.389,3.559
0.1386,5.505,8.5922,-33.23,5.482,3.559
0.0693,5.5741,8.7243,-33.501,5.11,3.559
0.0924,5.6201,8.8565,-33.682,5.017,3.694
0.0231,5.7814,9.1209,-34.314,5.11,3.6270000000000002
0.0924,5.7353,8.9887,-34.314,5.11,3.694
0.0924,5.7123,8.9887,-34.403999999999996,5.295999999999999,3.694
0.1155,5.7123,8.9887,-34.403999999999996,5.389,3.694
0.1155,5.7583,9.1209,-34.495,5.389,3.761
0.0924,5.8735,9.3853,-34.946,5.482,3.6270000000000002
0.0462,6.0578,9.5175,-35.669,5.389,3.761
0.0462,6.0578,9.5175,-35.759,5.389,3.895
0.0693,6.0117,9.5175,-35.849000000000004,5.482,4.03
0.0924,5.9887,9.6497,-35.577999999999996,5.482,3.761
0.0462,6.0808,9.5175,-35.94,5.482,3.895
0.0693,6.1269,9.7818,-36.21,5.389,3.963
0.0462,6.196,9.7818,-36.301,5.575,3.963
0.0924,6.1038,9.5175,-36.301,5.667999999999999,3.963
0.0924,6.0117,9.5175,-35.669,5.667999999999999,3.828
0.0924,5.9196,9.5175,-35.398,5.575,3.895
0.0924,5.9196,9.5175,-35.488,5.482,3.828
0.0693,6.0347,9.5175,-35.669,5.389,3.895
0.0462,6.0578,9.6497,-36.03,5.389,3.895
0.0231,6.1038,9.5175,-36.120000000000005,5.389,3.963
0.0693,6.0117,9.3853,-35.759,5.482,3.895
0.0924,5.9196,9.3853,-35.398,5.482,3.761
0.0924,5.8505,9.2531,-34.946,5.482,3.761
0.0462,5.8965,9.2531,-35.127,5.202999999999999,3.6270000000000002
0.0462,5.9656,9.3853,-35.307,5.295999999999999,3.761
0.0693,5.9887,9.3853,-35.488,5.202999999999999,3.828
0.0462,5.9426,9.3853,-35.307,5.295999999999999,3.828
0.0924,5.8505,9.1209,-34.855999999999995,5.202999999999999,3.828
0.0924,5.7353,8.9887,-34.403999999999996,5.11,3.694
0.0693,5.6201,8.7243,-33.953,5.017,3.694
0.0693,5.5741,8.5922,-33.772000000000006,4.924,3.6270000000000002
0.0462,5.6432,8.7243,-33.953,4.8309999999999995,3.694
0.0462,5.7353,8.8565,-33.953,4.8309999999999995,3.492
0.0231,5.6432,8.7243,-33.682,4.7379999999999995,3.6270000000000002
0.0693,5.4359,8.3278,-32.96,4.7379999999999995,3.492
0.0693,5.3437,8.3278,-32.418,4.7379999999999995,3.492
0.0693,5.3437,8.3278,-32.418,4.7379999999999995,3.492
0.0462,5.3898,8.3278,-32.418,4.6450000000000005,3.4250000000000003
0.0462,5.3668,8.1956,-32.598,4.46,3.492
0.0693,5.1595,7.9312,-31.424,4.367,3.291
0.0693,5.2055,8.0634,-31.515,4.46,3.224
0.0693,5.2055,8.0634,-31.515,4.367,3.3579999999999997
0.0693,5.1595,7.9312,-31.424,4.46,3.291
0.0924,4.9752,7.6668,-30.701999999999998,4.274,3.291
0.0462,5.0213,7.799,-30.792,4.181,3.224
0.0462,5.0213,7.799,-30.792,4.181,3.224
0.0231,5.1134,7.9312,-31.154000000000003,4.088,3.3579999999999997
0.0462,5.0443,7.799,-30.612,4.088,3.291
0.0462,4.86,7.4025,-29.980000000000004,3.902,3.224
0.0462,4.814,7.2703,-29.709,3.902,3.224
0.0462,4.837,7.4025,-29.618000000000002,3.809,3.089
0.0462,4.8831,7.4025,-30.07,3.995,3.224
0.0693,4.86,7.4025,-29.889000000000003,4.088,3.291
0.0462,4.9061,7.4025,-29.889000000000003,4.088,3.1559999999999997
0.0462,4.9061,7.4025,-29.889000000000003,4.088,3.224
0.0462,4.9061,7.4025,-29.889000000000003,3.902,3.224
0.0462,4.86,7.4025,-29.980000000000004,3.995,3.224
0.0693,4.86,7.2703,-29.799000000000003,4.088,3.1559999999999997
0.0693,4.9061,7.4025,-29.799000000000003,4.274,3.1559999999999997
0.0924,4.86,7.4025,-29.889000000000003,4.181,3.089
0.0693,4.9061,7.4025,-29.980000000000004,4.181,3.1559999999999997
0.0693,4.9061,7.4025,-29.980000000000004,4.088,3.1559999999999997
0.0693,4.9291,7.4025,-30.16,4.088,3.224
0.0693,4.9522,7.5346,-30.251,4.181,3.1559999999999997
0.0693,4.9291,7.4025,-30.16,4.088,3.224
0.0924,4.9061,7.5346,-30.341,4.088,3.224
0.0462,5.0673,7.799,-30.973000000000003,4.367,3.224
0.0462,5.0673,7.799,-30.973000000000003,4.367,3.224
0.0462,5.0673,7.799,-31.063000000000002,4.274,3.224
0.0462,5.0443,7.799,-31.063000000000002,4.46,3.089
0.0693,5.0673,7.799,-31.063000000000002,4.367,3.224
0.0693,5.1364,7.9312,-31.424,4.6450000000000005,3.1559999999999997
0.0693,5.1364,7.9312,-31.424,4.6450000000000005,3.1559999999999997
0.0924,5.2286,8.0634,-31.785999999999998,4.553,3.224
0.0693,5.1825,8.0634,-31.604999999999997,4.553,3.291
0.0462,5.1825,7.9312,-31.424,4.46,3.089
0.0693,5.1134,7.799,-31.334,4.46,3.1559999999999997
0.0693,5.1134,7.9312,-31.334,4.46,3.224
0.0693,5.1134,7.9312,-31.334,4.46,3.224
0.0693,5.2746,8.0634,-32.147,4.553,3.291
0.0693,5.2516,8.3278,-32.147,4.553,3.3579999999999997
0.0924,5.2977,8.1956,-32.327,4.6450000000000005,3.291
0.1155,5.3207,8.0634,-32.327,4.7379999999999995,3.3579999999999997
0.0924,5.2746,8.1956,-32.507999999999996,4.7379999999999995,3.3579999999999997
0.0693,5.3207,8.1956,-32.507999999999996,4.553,3.4250000000000003
0.0462,5.3898,8.1956,-32.778999999999996,4.6450000000000005,3.3579999999999997
0.0462,5.4359,8.0634,-33.050000000000004,4.6450000000000005,3.4250000000000003
0.0693,5.4819,8.3278,-33.23,4.8309999999999995,3.3579999999999997
0.0693,5.4589,8.3278,-33.23,4.7379999999999995,3.4250000000000003
0.0693,5.505,8.3278,-33.23,4.7379999999999995,3.4250000000000003
0.0462,5.4589,8.1956,-33.23,4.7379999999999995,3.3579999999999997
0.0693,5.4359,8.1956,-33.14,4.7379999999999995,3.4250000000000003
0.0924,5.4128,8.0634,-33.050000000000004,4.6450000000000005,3.4250000000000003
0.0693,5.4128,8.1956,-33.14,4.7379999999999995,3.3579999999999997
0.0693,5.505,8.1956,-33.411,4.7379999999999995,3.3579999999999997
0.0462,5.505,8.3278,-33.501,4.924,3.492
0.0462,5.505,8.3278,-33.501,4.924,3.492
0.0693,5.528,8.46,-33.592,4.924,3.4250000000000003
0.0693,5.528,8.46,-33.592,4.924,3.4250000000000003
0.0693,5.551,8.46,-33.863,4.8309999999999995,3.492
0.0693,5.5971,8.5922,-34.043,5.017,3.4250000000000003
0.0693,5.6201,8.5922,-34.043,5.11,3.492
0.0693,5.5971,8.5922,-34.134,5.017,3.4250000000000003
0.0693,5.6662,8.7243,-34.224000000000004,5.11,3.492
0.0693,5.6892,8.7243,-34.403999999999996,5.017,3.492
0.0693,5.7353,8.7243,-34.585,5.017,3.492
0.0231,5.7814,8.8565,-34.585,5.017,3.559
0.0231,5.6662,8.5922,-34.134,4.924,3.492
0.0693,5.5971,8.5922,-34.043,5.017,3.559
0.0693,5.5741,8.46,-33.772000000000006,4.924,3.4250000000000003
0.0693,5.6201,8.5922,-33.863,4.924,3.559
0.0693,5.6662,8.7243,-34.224000000000004,5.017,3.492
0.0693,5.6662,8.7243,-34.314,5.017,3.559
0.0924,5.5971,8.5922,-34.043,5.11,3.492
0.0924,5.551,8.46,-33.772000000000006,5.017,3.4250000000000003
0.0924,5.551,8.46,-33.772000000000006,5.017,3.4250000000000003
0.0693,5.5741,8.46,-33.953,5.017,3.492
0.0924,5.6201,8.5922,-34.043,5.202999999999999,3.4250000000000003
0.0693,5.6662,8.5922,-34.134,5.11,3.492
0.0693,5.5741,8.5922,-33.953,5.11,3.492
0.1386,5.551,8.46,-33.501,5.11,3.559
0.0924,5.3898,8.0634,-32.778999999999996,4.924,3.3579999999999997
0.0693,5.3207,8.0634,-32.237,4.6450000000000005,3.3579999999999997
-0.0231,5.0443,7.9312,-30.973000000000003,3.995,3.089
-0.0231,5.0443,7.9312,-30.973000000000003,3.995,3.089
-0.0,5.0673,7.9312,-31.063000000000002,3.995,3.1559999999999997
0.0693,4.9061,8.46,-29.889000000000003,4.7379999999999995,3.1559999999999997
0.0924,4.9982,8.8565,-29.889000000000003,4.8309999999999995,3.089
0.1386,5.4819,8.7243,-33.050000000000004,5.295999999999999,3.3579999999999997
0.1155,5.6432,8.7243,-33.772000000000006,5.295999999999999,3.492
0.0693,5.2977,8.3278,-32.327,4.6450000000000005,3.291
0.0693,5.1595,7.9312,-31.515,4.553,3.291
0.0231,5.1595,8.0634,-31.515,3.995,3.1559999999999997
-0.0231,5.2746,8.1956,-31.966,3.995,3.3579999999999997
-0.0231,5.2746,8.1956,-31.966,3.995,3.3579999999999997
0.0462,5.4128,8.3278,-32.418,4.274,3.291
0.1386,5.2746,8.1956,-32.147,4.8309999999999995,3.1559999999999997
0.1386,5.2746,8.1956,-32.147,4.8309999999999995,3.1559999999999997
0.1386,5.2286,8.0634,-31.966,4.8309999999999995,3.1559999999999997
0.0462,5.2055,7.9312,-31.785999999999998,4.274,3.1559999999999997
0.0462,5.2977,8.1956,-32.237,4.274,3.224
0.0693,5.3437,8.1956,-32.418,4.367,3.224
0.0462,5.3898,8.0634,-32.507999999999996,4.553,3.1559999999999997
0.0462,5.3898,8.0634,-32.689,4.6450000000000005,3.224
0.0462,5.3898,8.0634,-32.689,4.6450000000000005,3.224
0.0693,5.2746,7.9312,-32.147,4.46,3.224
0.0462,5.1134,7.799,-31.515,4.367,3.089
0.0462,4.9752,7.4025,-30.792,4.088,3.1559999999999997
0.0462,4.9291,7.4025,-30.520999999999997,3.995,3.1559999999999997
0.0693,4.9752,7.4025,-30.520999999999997,4.088,3.089
0.0693,4.9982,7.4025,-30.701999999999998,4.274,2.888
0.0462,5.0213,7.5346,-30.792,4.181,2.888
0.0231,4.9982,7.5346,-30.792,4.181,3.0220000000000002
0.0693,4.9061,7.2703,-30.251,3.995,3.089
0.0462,4.837,7.1381,-29.799000000000003,3.902,2.955
0.0462,4.86,7.2703,-29.889000000000003,3.902,3.0220000000000002
0.0462,4.9061,7.4025,-30.251,3.902,3.0220000000000002
0.0462,4.9522,7.4025,-30.520999999999997,3.995,3.0220000000000002
0.0462,4.9522,7.4025,-30.520999999999997,3.995,3.0220000000000002
0.0693,4.8831,7.4025,-30.16,3.995,3.0220000000000002
0.0693,4.8831,7.4025,-30.16,3.995,3.0220000000000002
0.0231,4.9522,7.4025,-30.520999999999997,3.995,2.955
0.0231,4.9522,7.4025,-30.612,3.809,3.089
0.0231,4.9061,7.2703,-30.251,3.809,3.089
0.0462,4.7909,7.1381,-29.799000000000003,3.809,3.0220000000000002
0.0462,4.7679,7.0059,-29.618000000000002,3.995,2.888
0.0693,4.7909,7.1381,-29.709,3.995,2.888
0.1155,4.837,7.1381,-29.799000000000003,3.995,2.888
0.0462,4.86,7.2703,-29.980000000000004,3.995,2.955
0.0231,4.9061,7.2703,-30.07,3.902,2.955
-0.0,4.814,7.1381,-29.799000000000003,3.809,2.955
-0.0,4.7909,7.1381,-29.709,3.7159999999999997,2.955
0.0231,4.7909,7.1381,-29.799000000000003,3.7159999999999997,2.955
0.0231,4.86,7.4025,-30.07,3.902,2.955
0.0693,4.9522,7.5346,-30.792,4.181,3.0220000000000002
0.0693,4.9522,7.5346,-30.792,4.181,3.0220000000000002
0.0924,4.9982,7.5346,-30.883,4.367,2.955
0.0924,4.9752,7.5346,-30.883,4.274,2.888
0.1155,5.1134,7.799,-31.424,4.46,2.955
0.1155,5.0673,7.799,-31.424,4.46,2.955
0.1155,5.0904,7.9312,-31.424,4.553,2.955
0.0924,5.1364,7.9312,-31.695,4.553,3.0220000000000002
0.0462,5.1825,7.9312,-31.876,4.367,3.0220000000000002
0.0462,5.2516,8.0634,-32.237,4.274,3.0220000000000002
0.0693,5.2286,8.0634,-32.057,4.367,3.0220000000000002
0.0462,5.1825,7.9312,-31.966,4.46,2.955
0.0693,5.1825,8.0634,-31.966,4.46,2.955
0.0462,5.1825,8.0634,-32.057,4.367,2.888
0.0231,5.2977,8.1956,-32.418,4.274,2.888
0.0462,5.2516,8.1956,-32.237,4.274,3.089
0.0693,5.2055,8.1956,-32.147,4.367,3.089
0.1155,5.528,8.3278,-33.321,5.202999999999999,3.224
0.1849,5.4819,8.3278,-33.411,5.202999999999999,3.1559999999999997
0.1849,5.3898,8.3278,-33.14,5.389,3.089
0.1618,5.3668,8.1956,-32.869,5.202999999999999,3.089
0.1155,5.4128,8.3278,-32.96,4.8309999999999995,3.089
0.0693,5.4819,8.3278,-33.23,4.8309999999999995,3.1559999999999997
0.0693,5.551,8.3278,-33.592,4.7379999999999995,3.1559999999999997
0.0462,5.6432,8.7243,-34.314,4.924,3.291
0.0693,5.7353,8.9887,-34.855999999999995,5.11,3.3579999999999997
0.0693,5.8044,9.1209,-35.217,5.11,3.4250000000000003
0.0693,5.8044,9.1209,-35.217,5.11,3.4250000000000003
0.0231,5.9656,9.5175,-35.759,5.017,3.4250000000000003
0.0231,5.9196,9.5175,-35.488,5.017,3.4250000000000003
0.0693,5.8505,9.2531,-35.398,5.017,3.3579999999999997
0.0924,5.8044,9.1209,-35.127,5.202999999999999,3.3579999999999997
0.0924,5.8735,9.2531,-35.398,5.295999999999999,3.3579999999999997
0.0462,5.9887,9.5175,-35.669,5.295999999999999,3.492
0.0924,6.0347,9.5175,-36.120000000000005,5.295999999999999,3.492
0.0924,6.0347,9.5175,-36.21,5.389,3.559
-0.0,5.9887,9.5175,-36.120000000000005,4.924,3.694
-0.3698,5.7814,9.2531,-34.855999999999995,2.694,4.769
-0.4854,5.8274,9.1209,-34.855999999999995,2.23,4.97
-0.5085,5.7353,8.9887,-34.403999999999996,2.044,4.9030000000000005
-0.5085,5.6892,9.1209,-34.134,2.044,4.567
-0.4854,5.6432,9.1209,-34.043,2.044,4.164
-0.4623,5.6201,8.9887,-34.043,2.23,4.097
-0.3929,5.6432,8.9887,-34.134,2.601,3.963
-0.3467,5.551,8.9887,-33.863,2.694,3.895
-0.3236,5.528,8.7243,-33.501,2.787,3.828
-0.3005,5.4128,8.5922,-33.14,2.787,3.694
-0.2311,5.3898,8.46,-33.050000000000004,2.88,3.694
-0.2311,5.3898,8.46,-32.869,2.973,3.492
-0.3929,5.3898,8.46,-32.778999999999996,2.322,3.492
-0.3698,5.3898,8.46,-32.96,2.415,3.4250000000000003
-0.0,5.3207,8.46,-32.598,4.181,3.3579999999999997
0.0693,5.2516,8.3278,-32.147,4.553,3.291
0.0693,5.1364,8.1956,-31.695,4.367,3.224
0.0231,5.0904,8.0634,-31.515,3.995,3.089
0.0231,5.0673,7.9312,-31.244,4.088,3.1559999999999997
0.0924,5.1364,7.9312,-31.604999999999997,4.8309999999999995,3.089
0.1155,5.0904,7.9312,-31.334,4.8309999999999995,3.089
0.0924,4.9982,7.799,-30.973000000000003,4.46,2.955
-0.0462,4.7679,7.4025,-29.709,3.252,2.888
-0.0231,4.7218,7.2703,-29.438,3.1590000000000003,3.0220000000000002
-0.0231,4.7218,7.2703,-29.438,3.1590000000000003,3.0220000000000002
0.1155,4.7218,7.2703,-29.348,4.088,2.955
0.1155,4.7218,7.2703,-29.348,4.088,2.955
0.1386,4.6988,7.1381,-29.167,3.995,2.888
0.1618,4.5606,7.1381,-28.445,3.995,2.753
0.1618,4.5606,7.1381,-28.445,3.995,2.753
0.0693,4.4685,7.0059,-27.993000000000002,3.623,2.686
0.0231,4.4685,7.0059,-27.993000000000002,3.4379999999999997,2.753
0.0924,4.4224,6.8737,-27.541000000000004,3.623,2.619
0.0924,4.4224,6.8737,-27.541000000000004,3.623,2.619
0.0924,4.2842,6.7415,-26.909,3.623,2.619
0.0693,4.2381,6.6093,-26.819000000000003,3.345,2.619
0.0231,4.2381,6.6093,-26.909,3.1590000000000003,2.5519999999999996
-0.0231,4.169,6.6093,-26.277,2.787,2.4179999999999997
-0.0,4.169,6.6093,-26.458,2.88,2.5519999999999996
-0.0,4.2842,6.6093,-27.0,2.973,2.619
0.0231,4.3533,6.6093,-27.18,2.973,2.686
0.0231,4.192,6.6093,-26.729,2.973,2.619
0.0693,4.2151,6.4771,-26.458,3.252,2.686
0.0924,4.169,6.4771,-26.277,3.345,2.619
0.0231,4.146,6.4771,-26.006,3.252,2.485
-0.0,3.9617,6.6093,-24.742,2.787,2.3499999999999996
-0.0,3.8005,6.7415,-23.749,2.787,2.2159999999999997
-0.0,3.8005,6.7415,-23.749,2.787,2.2159999999999997
0.0462,3.7083,7.1381,-23.477999999999998,3.1590000000000003,2.3499999999999996
0.0462,3.8696,6.8737,-24.470999999999997,3.066,2.283
0.0462,3.8696,6.8737,-24.470999999999997,3.066,2.283
-0.0,3.7544,6.8737,-23.659,2.787,2.3499999999999996
-0.0,3.6623,7.0059,-23.207,2.787,2.2159999999999997
0.0231,3.6162,7.0059,-22.665000000000003,2.88,2.149
0.0462,3.6853,7.0059,-23.207,3.1590000000000003,2.149
0.0462,3.6623,7.0059,-23.117,3.066,2.2159999999999997
-0.0231,3.1786,7.4025,-19.866,2.694,1.88
-0.0231,3.1786,7.4025,-19.866,2.694,1.88
0.0462,2.9482,7.5346,-18.963,2.973,1.88
0.0693,2.9252,7.5346,-18.602,3.345,1.88
0.0693,2.9252,7.5346,-18.602,3.345,1.88
0.0693,2.8791,7.5346,-18.331,3.1590000000000003,1.813
0.0231,2.787,7.799,-17.699,3.066,1.6789999999999998
-0.0,2.5797,7.799,-16.615,2.88,1.4769999999999999
-0.0,2.3954,7.9312,-15.441,2.787,1.41
-0.0,2.2342,7.9312,-14.448,2.787,1.2759999999999998
0.0462,2.0269,8.0634,-13.364,2.973,1.2759999999999998
0.0693,1.9348,8.1956,-12.732000000000001,3.252,1.2089999999999999
0.0924,1.8426,8.46,-12.1,3.53,1.0739999999999998
0.0924,1.7505,8.46,-11.378,3.7159999999999997,1.007
0.0924,1.4741,8.5922,-9.661999999999999,3.902,0.806
0.0924,1.4741,8.5922,-9.661999999999999,3.902,0.806
0.0231,1.1286,8.7243,-7.584999999999999,3.902,0.604
0.0924,0.7831,8.8565,-5.689,4.181,0.268
0.0924,0.7831,8.8565,-5.689,4.181,0.268
0.1386,0.5528,8.8565,-3.973,4.553,0.268
0.1386,0.4376,8.7243,-3.431,4.7379999999999995,0.134
0.1386,0.3455,8.8565,-2.799,4.924,-0.0
0.1155,0.0691,8.9887,-1.173,4.924,-0.335
0.0693,-0.2073,9.1209,0.451,4.924,-0.403
0.0924,-0.2764,8.9887,1.173,5.202999999999999,-0.5369999999999999
0.1155,-0.3915,9.1209,1.715,5.389,-0.5369999999999999
0.1386,-0.4606,8.9887,2.076,5.389,-0.671
0.0924,-0.5067,9.2531,2.5280000000000005,5.389,-0.806
0.0693,-0.6449,9.1209,3.07,5.202999999999999,-0.738
0.0231,-0.714,8.9887,3.431,5.202999999999999,-0.806
0.0231,-0.7601,8.9887,3.973,5.295999999999999,-0.806
0.0693,-0.8292,9.1209,4.334,5.482,-0.94
0.0462,-1.0134,8.9887,5.417999999999999,5.482,-1.141
0.0693,-1.1056,8.9887,5.779,5.667999999999999,-1.141
0.0924,-1.1747,8.9887,6.23,5.667999999999999,-1.2759999999999998
0.1386,-1.2438,8.9887,6.772,5.946,-1.2759999999999998
0.0231,-1.382,8.8565,7.495000000000001,5.853000000000001,-1.343
-0.0,-1.405,8.8565,8.036,5.575,-1.4769999999999999
-0.0231,-1.5202,8.9887,8.398,5.482,-1.612
-0.0231,-1.5432,8.9887,8.668,5.482,-1.6789999999999998
0.0231,-1.6584,8.8565,9.120000000000001,5.667999999999999,-1.612
0.0462,-1.7966,8.7243,10.023,6.039,-1.813
0.0693,-1.8426,8.7243,10.384,6.039,-2.015
0.0693,-1.8657,8.5922,10.655,6.3180000000000005,-2.015
0.0462,-1.9117,8.5922,10.835999999999999,6.3180000000000005,-2.082
0.0462,-2.0039,8.7243,11.287,6.039,-2.082
0.0693,-2.0499,8.7243,11.738999999999999,6.2250000000000005,-2.149
0.0231,-2.119,8.5922,12.190000000000001,6.2250000000000005,-2.3499999999999996
0.0693,-2.3263,8.46,13.364,6.504,-2.3499999999999996
0.0924,-2.3724,8.46,13.725000000000001,6.504,-2.5519999999999996
0.0693,-2.4876,8.46,14.628,6.69,-2.753
0.0693,-2.5797,8.1956,14.899000000000001,6.5969999999999995,-2.821
0.0462,-2.764,8.0634,16.253999999999998,6.783,-3.0220000000000002
0.0924,-2.9252,8.0634,17.157,6.968,-3.224
0.0924,-2.9252,8.0634,17.157,6.968,-3.224
0.0924,-2.9713,8.0634,17.518,7.061,-3.291
0.1155,-2.9482,7.9312,17.518,7.061,-3.3579999999999997
0.1155,-3.0173,7.799,17.608,6.8759999999999994,-3.4250000000000003
0.0924,-2.9943,7.6668,17.699,6.8759999999999994,-3.4250000000000003
0.0693,-3.1095,7.5346,18.331,6.8759999999999994,-3.6270000000000002
0.0924,-3.1555,7.4025,18.692,6.783,-3.694
0.0693,-3.2707,7.2703,19.323999999999998,6.968,-3.761
0.0693,-3.2707,7.2703,19.323999999999998,6.968,-3.761
0.0924,-3.3398,7.4025,19.776,7.154,-3.895
0.0693,-3.4089,7.4025,20.497999999999998,7.061,-4.03
0.0693,-3.4089,7.4025,20.497999999999998,7.061,-4.03
0.1155,-3.478,7.4025,20.859,7.154,-4.03
0.1155,-3.6853,7.0059,22.575,7.34,-4.03
0.1155,-3.6853,7.0059,22.575,7.34,-4.03
0.0924,-3.2937,7.1381,20.497999999999998,6.8759999999999994,-2.686
0.0231,-3.2246,7.0059,20.137,6.411,-2.485
0.0462,-3.1555,7.0059,19.505,6.411,-2.283
0.0462,-3.1325,6.8737,19.414,6.504,-2.2159999999999997
0.1155,-3.1555,6.8737,19.414,6.504,-2.149
0.1386,-3.1325,6.8737,19.323999999999998,6.69,-2.015
0.1155,-3.0634,6.7415,19.143,6.5969999999999995,-2.149
0.0924,-3.0404,6.7415,18.963,6.504,-2.015
0.1155,-3.0634,6.8737,18.873,6.411,-2.082
0.0924,-3.0173,6.7415,18.692,6.411,-2.082
0.0924,-2.9943,6.7415,18.692,6.2250000000000005,-2.015
0.1155,-2.9943,6.6093,18.602,6.2250000000000005,-2.015
0.1155,-2.9943,6.6093,18.692,6.2250000000000005,-2.015
0.1155,-2.9943,6.4771,18.511,6.3180000000000005,-2.082
0.1155,-2.9943,6.4771,18.421,6.3180000000000005,-2.015
0.1155,-2.9252,6.4771,18.331,6.132,-1.947
0.1155,-2.9943,6.6093,18.602,6.3180000000000005,-2.082
0.1155,-3.0173,6.6093,18.692,6.3180000000000005,-2.015
0.1155,-3.0173,6.4771,18.692,6.411,-1.947
0.1155,-3.0173,6.6093,18.602,6.3180000000000005,-2.015
0.1155,-3.0173,6.6093,18.602,6.3180000000000005,-2.015
0.1155,-2.9713,6.345,18.331,6.3180000000000005,-1.947
0.1155,-2.9713,6.6093,18.782,6.411,-2.082
0.1155,-2.9713,6.6093,18.782,6.411,-2.082
0.1155,-3.0864,6.6093,19.143,6.5969999999999995,-2.015
0.1155,-3.0634,6.7415,18.963,6.5969999999999995,-2.015
0.1386,-3.0634,6.6093,18.873,6.5969999999999995,-2.015
0.1155,-3.0173,6.6093,18.782,6.411,-1.947
0.1155,-3.0173,6.4771,18.692,6.504,-2.082
0.1155,-3.0634,6.6093,18.782,6.411,-2.082
0.1155,-3.0404,6.6093,18.963,6.5969999999999995,-2.082
0.1386,-3.1555,6.8737,19.595,6.5969999999999995,-2.2159999999999997
0.1155,-3.1325,6.8737,19.866,6.69,-2.149
0.1155,-3.1325,6.8737,19.866,6.69,-2.149
0.0924,-3.2246,6.7415,19.866,6.5969999999999995,-2.2159999999999997
0.1155,-3.2246,6.8737,19.866,6.69,-2.2159999999999997
0.1386,-3.2477,6.8737,20.046,6.783,-2.2159999999999997
0.1386,-3.3398,7.0059,20.497999999999998,7.061,-2.2159999999999997
0.1386,-3.3628,7.1381,20.948999999999998,7.247,-2.283
0.1849,-3.3859,7.4025,21.401,7.526000000000001,-2.3499999999999996
0.208,-3.455,7.2703,21.762,7.805,-2.283
0.208,-3.4319,7.2703,21.311,7.619,-2.283
0.1386,-3.3859,7.2703,21.22,7.34,-2.2159999999999997
0.1618,-3.455,7.5346,21.671999999999997,7.34,-2.283
0.1386,-3.478,7.6668,21.762,7.433,-2.283
0.1386,-3.5241,7.5346,22.304,7.433,-2.283
0.1618,-3.5701,7.6668,22.665000000000003,7.805,-2.485
0.1618,-3.6392,7.799,22.846000000000004,7.898,-2.4179999999999997
0.208,-3.6392,7.6668,23.117,7.9910000000000005,-2.4179999999999997
0.1849,-3.6853,7.799,23.296999999999997,8.083,-2.485
0.1618,-3.6853,7.799,23.387999999999998,8.176,-2.5519999999999996
0.1849,-3.7083,7.9312,23.749,8.083,-2.5519999999999996
0.1618,-3.7544,7.9312,23.839000000000002,8.083,-2.619
0.1618,-3.7544,7.9312,23.749,7.9910000000000005,-2.619
0.1618,-3.7544,7.799,23.567999999999998,8.176,-2.5519999999999996
0.208,-3.7314,7.9312,23.839000000000002,8.176,-2.619
0.1849,-3.8005,8.3278,24.470999999999997,8.455,-2.753
0.1618,-3.8235,8.3278,24.742,8.362,-2.753
0.1618,-3.8696,8.46,24.832,8.362,-2.686
0.1849,-3.8696,8.3278,24.742,8.269,-2.619
0.1849,-3.8696,8.3278,24.742,8.269,-2.619
0.1849,-3.8235,8.3278,24.561999999999998,8.548,-2.619
0.1849,-3.8696,8.46,24.832,8.455,-2.686
0.1849,-3.9387,8.5922,25.555,8.641,-2.686
0.208,-3.9847,8.7243,25.735,8.92,-2.686
0.1849,-4.0078,8.5922,25.825999999999997,8.734,-2.753
0.1849,-4.0308,8.5922,25.735,8.641,-2.686
0.1849,-3.9617,8.5922,25.555,8.641,-2.686
0.1849,-3.9847,8.5922,25.644999999999996,8.734,-2.686
0.1618,-4.0078,8.7243,25.916,8.641,-2.753
0.1618,-4.0308,8.7243,26.368000000000002,8.734,-2.888
0.1155,-4.0769,8.7243,26.458,8.641,-2.821
0.1849,-4.0538,8.7243,26.368000000000002,8.734,-2.821
0.208,-4.0308,8.46,25.916,8.827,-2.753
0.208,-3.9847,8.5922,25.825999999999997,8.827,-2.753
0.1849,-4.0308,8.5922,26.097,8.641,-2.753
0.1386,-4.0308,8.5922,26.187,8.548,-2.821
0.1386,-4.0308,8.3278,25.916,8.548,-2.753
0.1386,-3.9847,8.3278,25.644999999999996,8.548,-2.753
0.1386,-3.9847,8.3278,25.644999999999996,8.548,-2.753
0.1849,-4.0078,8.46,26.097,8.734,-2.753
0.1618,-3.9387,8.3278,25.374,8.455,-2.821
0.1849,-3.9387,8.3278,25.465,8.548,-2.753
0.1618,-4.0078,8.46,26.006,8.641,-2.821
0.208,-4.0078,8.46,26.006,8.734,-2.753
0.1849,-3.9847,8.3278,25.916,8.734,-2.753
0.1849,-3.9617,8.3278,25.735,8.734,-2.686
0.1849,-4.0308,8.1956,25.825999999999997,8.827,-2.753
0.208,-3.9617,8.1956,25.735,8.734,-2.753
0.1849,-3.9847,8.3278,25.735,8.734,-2.753
0.1849,-3.9387,8.1956,25.465,8.548,-2.686
0.1849,-3.8926,8.0634,25.284,8.455,-2.686
0.1849,-3.8926,8.0634,25.013,8.269,-2.686
0.1849,-3.8235,7.9312,24.561999999999998,8.269,-2.686
0.1618,-3.7774,7.9312,24.291,8.176,-2.686
0.1386,-3.7083,7.5346,23.839000000000002,7.805,-2.485
0.1386,-3.6853,7.5346,23.567999999999998,7.712,-2.485
0.1386,-3.6623,7.5346,23.477999999999998,7.619,-2.4179999999999997
0.0924,-3.7774,7.6668,24.2,7.712,-2.5519999999999996
0.1618,-3.7083,7.5346,23.659,7.619,-2.4179999999999997
0.1618,-3.6162,7.4025,23.117,7.712,-2.4179999999999997
0.1386,-3.5241,7.2703,22.485,7.433,-2.3499999999999996
0.1155,-3.5471,7.1381,22.575,7.247,-2.4179999999999997
0.1155,-3.5471,7.1381,22.575,7.247,-2.4179999999999997
0.1155,-3.5932,7.2703,22.846000000000004,7.34,-2.4179999999999997
0.1618,-3.6162,7.2703,23.026,7.712,-2.3499999999999996
0.1849,-3.6623,7.4025,23.296999999999997,7.9910000000000005,-2.4179999999999997
0.2773,-3.6162,7.2703,22.936,8.176,-2.4179999999999997
0.2773,-3.5701,7.2703,22.665000000000003,8.176,-2.3499999999999996
0.2542,-3.5701,7.2703,22.575,7.898,-2.283
0.1618,-3.5471,7.1381,22.394,7.433,-2.3499999999999996
0.0924,-3.478,7.1381,22.033,7.061,-2.3499999999999996
0.0693,-3.478,7.0059,21.852,6.8759999999999994,-2.283
0.1155,-3.455,7.0059,21.943,7.061,-2.3499999999999996
0.1386,-3.501,7.1381,22.214,7.433,-2.4179999999999997
0.2311,-3.6162,7.2703,23.117,8.083,-2.4179999999999997
0.2542,-3.6623,7.2703,23.387999999999998,8.176,-2.4179999999999997
0.1386,-3.5471,7.1381,22.394,7.526000000000001,-2.3499999999999996
0.1386,-3.5471,7.1381,22.394,7.526000000000001,-2.3499999999999996
0.1386,-3.501,7.1381,22.214,7.247,-2.283
0.1618,-3.5701,7.1381,22.485,7.433,-2.283
0.1618,-3.5701,7.1381,22.485,7.433,-2.283
0.2311,-3.7083,7.4025,23.659,8.176,-2.5519999999999996
0.2311,-3.7083,7.4025,23.659,8.269,-2.4179999999999997
0.2542,-3.6853,7.2703,23.387999999999998,8.083,-2.5519999999999996
0.2311,-3.6623,7.2703,23.296999999999997,7.898,-2.3499999999999996
0.208,-3.6623,7.4025,23.296999999999997,7.805,-2.485
0.1618,-3.7083,7.5346,23.749,7.898,-2.5519999999999996
0.1849,-3.7774,7.6668,24.291,7.9910000000000005,-2.619
0.1849,-3.7774,7.6668,24.291,7.9910000000000005,-2.619
0.1849,-3.8235,7.6668,24.291,8.083,-2.686
0.208,-3.8235,7.6668,24.2,8.176,-2.686
0.208,-3.8005,7.5346,24.11,7.9910000000000005,-2.686
0.1849,-3.7774,7.6668,24.11,8.176,-2.619
0.1618,-3.8465,7.799,24.651999999999997,8.083,-2.686
0.1618,-3.8926,7.799,24.923000000000002,8.176,-2.619
0.1849,-3.9156,7.9312,25.194000000000003,8.362,-2.753
0.1849,-4.0078,8.0634,25.465,8.455,-2.753
0.1849,-4.0078,8.0634,25.735,8.455,-2.821
0.2311,-4.0538,8.1956,26.097,8.827,-2.821
0.2311,-4.0308,8.1956,26.187,8.92,-2.888
0.2311,-4.0538,8.3278,26.187,8.92,-2.888
0.208,-4.0308,8.1956,26.187,8.827,-2.821
0.1849,-3.9617,8.0634,25.374,8.269,-2.821
0.1849,-3.9617,8.1956,25.465,8.362,-2.821
0.1849,-3.9617,8.1956,25.465,8.362,-2.821
0.1849,-4.0769,8.3278,26.548,8.734,-2.888
0.208,-4.146,8.46,26.909,8.827,-3.0220000000000002
0.208,-4.169,8.7243,27.18,9.106,-3.089
0.2773,-4.146,8.7243,27.18,9.384,-3.0220000000000002
0.3005,-4.1229,8.3278,26.729,9.384,-2.888
0.2773,-4.0769,8.3278,26.548,9.106,-2.888
0.1849,-4.0538,8.1956,26.458,8.827,-2.888
0.1618,-4.0999,8.3278,26.458,8.548,-2.888
0.208,-4.0999,8.3278,26.729,8.827,-2.955
0.2311,-4.146,8.3278,26.909,8.92,-2.888
0.208,-4.1229,8.3278,26.819000000000003,8.827,-2.955
0.1849,-4.146,8.46,27.0,8.641,-2.955
0.1386,-4.1229,8.46,26.909,8.641,-3.0220000000000002
0.208,-4.0078,8.8565,26.458,9.199,-2.821
0.2542,-3.8005,8.9887,25.555,9.477,-2.753
0.3005,-3.5701,8.9887,24.11,9.291,-2.619
0.2773,-3.501,8.7243,23.296999999999997,8.92,-2.4179999999999997
0.1849,-4.146,8.3278,27.0,8.641,-3.0220000000000002
0.1849,-4.146,8.3278,27.0,8.641,-3.0220000000000002
0.1386,-4.2151,8.46,27.451,8.548,-3.089
0.1155,-4.3303,8.5922,27.993000000000002,8.734,-3.089
0.1849,-4.3994,8.5922,28.625,9.106,-3.224
0.2773,-4.3303,8.5922,28.264,9.663,-3.224
0.3005,-4.2612,8.5922,27.722,9.477,-2.955
0.3005,-4.2612,8.5922,27.722,9.477,-2.955
0.1849,-4.1229,8.1956,26.909,8.827,-2.955
0.1618,-4.0769,8.0634,26.458,8.455,-2.955
0.1849,-3.9387,7.9312,25.194000000000003,8.269,-2.686
0.208,-3.9387,7.799,25.374,8.455,-2.821
0.2542,-3.9617,7.9312,25.644999999999996,8.734,-2.888
0.2773,-4.0078,8.0634,26.097,9.013,-2.888
0.2773,-4.0308,8.1956,26.277,9.106,-2.888
0.2773,-4.0308,8.0634,26.187,8.92,-2.821
0.208,-4.0078,7.9312,26.097,8.641,-2.821
0.1386,-3.9617,7.9312,25.825999999999997,8.362,-2.888
0.1386,-3.9617,7.9312,25.825999999999997,8.362,-2.888
0.208,-4.0078,7.799,25.825999999999997,8.362,-2.888
0.208,-3.9847,7.9312,25.916,8.548,-2.821
0.208,-3.9847,7.9312,25.916,8.548,-2.821
0.2311,-3.9617,7.9312,25.825999999999997,8.734,-2.753
0.2773,-3.9387,7.799,25.644999999999996,8.827,-2.686
0.1618,-3.8696,7.6668,24.923000000000002,8.269,-2.686
0.1618,-3.8926,7.6668,25.013,8.083,-2.686
0.1386,-3.8926,7.6668,25.013,8.083,-2.686
0.1618,-3.9156,7.799,25.284,8.269,-2.753
0.1849,-3.8696,7.799,25.284,8.548,-2.686
0.2773,-3.8926,7.799,25.194000000000003,8.734,-2.753
0.3005,-3.9156,7.799,25.194000000000003,8.641,-2.686
0.2773,-3.8926,7.799,25.103,8.641,-2.619
0.208,-3.8696,7.799,25.013,8.455,-2.686
0.1618,-3.8696,7.799,25.103,8.362,-2.686
0.1618,-3.8465,7.799,24.923000000000002,8.083,-2.619
0.1386,-3.8696,7.6668,24.923000000000002,7.9910000000000005,-2.619
0.1386,-3.8465,7.6668,24.923000000000002,7.9910000000000005,-2.753
0.2542,-3.8696,7.6668,25.013,8.548,-2.619
0.2542,-3.8465,7.6668,24.923000000000002,8.548,-2.686
0.2311,-3.8235,7.6668,24.742,8.455,-2.619
0.208,-3.7314,7.5346,24.381,8.269,-2.5519999999999996
0.208,-3.7083,7.2703,24.2,8.083,-2.485
0.208,-3.7083,7.2703,24.2,8.083,-2.485
0.1849,-3.7314,7.4025,24.2,7.9910000000000005,-2.3499999999999996
0.1849,-3.8235,7.6668,24.832,8.269,-2.619
0.208,-3.8696,7.799,25.194000000000003,8.455,-2.619
0.2311,-3.8696,7.6668,25.013,8.548,-2.619
0.2773,-3.7544,7.4025,24.381,8.548,-2.5519999999999996
0.2311,-3.7314,7.4025,24.291,8.362,-2.485
0.1618,-3.8235,7.799,24.742,8.176,-2.5519999999999996
0.1618,-3.8235,7.799,24.742,8.176,-2.5519999999999996
0.1155,-3.8696,7.799,25.103,8.083,-2.619
0.208,-3.9387,7.9312,25.374,8.548,-2.619
0.2542,-3.9156,7.9312,25.374,8.548,-2.485
0.2773,-3.8696,7.9312,25.103,8.734,-2.5519999999999996
0.3236,-3.8926,7.9312,25.103,8.734,-2.5519999999999996
0.2311,-3.8465,7.799,25.103,8.641,-2.5519999999999996
0.208,-3.8465,7.799,25.103,8.455,-2.5519999999999996
0.1618,-3.8465,7.6668,24.923000000000002,8.269,-2.619
0.1618,-3.7544,7.5346,24.2,7.898,-2.485
0.1618,-3.8005,7.5346,24.2,7.805,-2.4179999999999997
0.1618,-3.8005,7.6668,24.561999999999998,8.083,-2.619
0.2311,-3.9617,8.0634,26.006,8.827,-2.686
0.2311,-3.9617,8.0634,26.006,8.827,-2.686
0.208,-3.8696,7.799,25.194000000000003,8.548,-2.485
0.208,-3.8696,7.799,25.103,8.362,-2.5519999999999996
0.1849,-3.8926,7.9312,25.284,8.455,-2.619
0.1618,-3.8926,7.9312,25.644999999999996,8.269,-2.686
0.1618,-3.9847,8.0634,26.097,8.455,-2.821
0.3005,-4.0078,8.0634,26.277,9.291,-2.686
0.2542,-4.0538,8.3278,26.638,9.106,-2.821
0.2542,-4.0538,8.3278,26.638,9.106,-2.821
0.208,-4.0999,8.3278,27.0,8.827,-2.888
0.1618,-4.0999,8.3278,26.819000000000003,8.734,-2.888
0.208,-4.0999,8.46,26.909,8.734,-2.821
0.2311,-4.1229,8.3278,27.0,8.92,-2.955
0.3005,-4.2151,8.7243,27.812,9.663,-2.888
0.3236,-4.192,8.8565,27.903,9.663,-2.888
0.3005,-4.2151,8.8565,27.631999999999998,9.477,-2.888
0.2542,-4.192,8.7243,27.451,9.384,-2.888
0.208,-4.146,8.5922,27.271,9.013,-2.888
0.208,-4.169,8.5922,27.451,9.013,-2.955
0.208,-4.169,8.5922,27.451,9.013,-2.955
0.2311,-4.2612,8.7243,27.993000000000002,9.384,-2.955
0.2773,-4.2381,8.7243,28.083,9.663,-2.955
0.208,-4.2842,8.8565,28.264,9.384,-2.888
0.2311,-4.3303,8.9887,28.715000000000003,9.477,-3.0220000000000002
0.2542,-4.3303,8.9887,28.805999999999997,9.57,-2.955
0.2542,-4.3303,8.9887,28.805999999999997,9.57,-2.955
0.2773,-4.3303,8.9887,28.805999999999997,9.663,-2.955
0.3236,-4.3072,8.9887,28.625,9.849,-2.888
0.3236,-4.2842,8.8565,28.354,9.849,-2.955
0.2773,-4.3072,8.7243,28.354,9.663,-2.955
0.2542,-4.2842,8.8565,28.445,9.57,-2.955
0.2311,-4.3303,8.8565,28.625,9.477,-3.0220000000000002
0.2311,-4.3303,8.8565,28.625,9.384,-3.089
0.208,-4.3303,8.8565,28.715000000000003,9.384,-3.0220000000000002
0.208,-4.3072,8.8565,28.715000000000003,9.384,-3.0220000000000002
0.208,-4.2612,8.8565,28.445,9.291,-2.955
0.2311,-4.192,8.46,27.722,9.291,-2.955
0.2311,-4.146,8.3278,27.361,9.106,-2.821
0.2542,-4.146,8.46,27.361,9.106,-2.821
0.2311,-4.169,8.46,27.451,9.013,-2.821
0.208,-4.2381,8.5922,27.903,9.013,-3.0220000000000002
0.208,-4.2151,8.46,27.812,9.106,-2.955
0.208,-4.2151,8.46,27.812,9.106,-2.955
0.2311,-4.0538,8.1956,26.819000000000003,8.92,-2.753
0.208,-4.0308,8.1956,26.819000000000003,8.827,-2.686
0.208,-4.0538,8.1956,26.909,8.734,-2.821
0.1849,-4.0769,8.0634,26.909,8.641,-2.888
0.1849,-4.0308,8.0634,26.548,8.548,-2.888
0.1849,-3.9847,8.0634,26.277,8.455,-2.821
0.1849,-3.8926,7.799,25.374,8.362,-2.686
0.1618,-3.8926,7.6668,25.374,8.269,-2.753
0.1618,-3.8696,7.6668,25.194000000000003,8.269,-2.686
0.1618,-3.8005,7.5346,24.923000000000002,8.176,-2.619
0.1849,-3.7544,7.5346,24.470999999999997,7.898,-2.5519999999999996
0.1849,-3.7083,7.2703,24.2,7.898,-2.485
0.1849,-3.7083,7.2703,24.2,7.898,-2.485
0.1618,-3.6623,7.1381,24.11,7.805,-2.485
0.1618,-3.6623,7.1381,24.11,7.805,-2.485
0.1618,-3.6623,7.1381,24.11,7.898,-2.485
0.1849,-3.6392,7.1381,23.749,7.898,-2.485
0.1849,-3.5932,7.0059,23.387999999999998,7.712,-2.3499999999999996
0.1849,-3.478,6.8737,22.936,7.526000000000001,-2.4179999999999997
0.1618,-3.478,6.8737,22.756,7.433,-2.4179999999999997
0.1618,-3.501,6.8737,22.846000000000004,7.433,-2.4179999999999997
0.1386,-3.501,7.0059,22.936,7.154,-2.4179999999999997
0.0924,-3.501,6.7415,22.575,6.968,-2.4179999999999997
0.1386,-3.4319,6.8737,22.304,7.061,-2.283
0.1386,-3.3859,6.7415,21.852,7.061,-2.283
0.1155,-3.3168,6.4771,21.491,6.8759999999999994,-2.283
0.1155,-3.3168,6.345,21.491,6.5969999999999995,-2.149
0.1386,-3.2937,6.345,21.401,6.783,-2.149
0.2311,-3.2477,6.2128,21.22,7.247,-2.082
0.0924,-3.1786,6.345,20.859,6.3180000000000005,-2.149
0.0231,-3.1786,6.2128,20.408,6.039,-2.2159999999999997
0.2311,-3.1325,6.0806,20.497999999999998,6.968,-1.88
0.3236,-3.1786,6.0806,20.497999999999998,7.712,-1.947
0.2773,-3.2016,6.0806,20.679,7.433,-2.015
0.1618,-3.1786,6.2128,20.679,6.8759999999999994,-2.149
0.1155,-3.1325,6.2128,20.408,6.2250000000000005,-2.283
0.0924,-3.1325,6.0806,20.317,6.132,-2.2159999999999997
0.1618,-3.0864,6.0806,19.956,6.504,-2.015
0.1618,-3.0864,6.0806,20.137,6.783,-2.082
0.1155,-3.1555,6.2128,20.408,6.3180000000000005,-2.2159999999999997
0.1155,-3.1555,6.2128,20.408,6.3180000000000005,-2.2159999999999997
0.2542,-3.2016,6.2128,20.679,7.247,-2.149
0.2311,-3.2016,6.2128,20.769000000000002,7.247,-2.149
0.208,-3.2246,6.345,20.948999999999998,7.061,-2.283
0.208,-3.2246,6.345,20.948999999999998,7.061,-2.283
0.1618,-3.3168,6.4771,21.401,7.061,-2.3499999999999996
0.1618,-3.3168,6.4771,21.401,7.061,-2.3499999999999996
0.1386,-3.3398,6.6093,21.582,6.968,-2.4179999999999997
0.2773,-3.455,6.8737,22.665000000000003,7.898,-2.4179999999999997
0.3005,-3.478,6.8737,22.665000000000003,7.898,-2.4179999999999997
0.2773,-3.455,6.7415,22.756,7.898,-2.4179999999999997
0.1849,-3.4319,6.6093,22.214,7.34,-2.283
0.1849,-3.4319,6.7415,22.122999999999998,7.34,-2.283
0.1618,-3.4319,7.0059,22.304,7.34,-2.4179999999999997
0.1849,-3.5701,7.0059,23.296999999999997,7.898,-2.485
0.2542,-3.6162,7.1381,23.659,8.176,-2.5519999999999996
0.3005,-3.6392,7.2703,24.020000000000003,8.455,-2.686
0.3236,-3.6162,7.2703,23.749,8.548,-2.5519999999999996
0.3005,-3.6392,7.1381,23.659,8.269,-2.485
0.1618,-3.6162,7.1381,23.749,7.805,-2.485
0.1386,-3.6623,7.1381,23.929000000000002,7.805,-2.485
0.1386,-3.6623,7.1381,23.929000000000002,7.805,-2.485
0.2773,-3.6853,7.2703,24.11,8.362,-2.5519999999999996
0.2773,-3.6853,7.2703,24.11,8.362,-2.5519999999999996
0.3236,-3.6853,7.4025,24.291,8.548,-2.619
0.2773,-3.7544,7.5346,24.470999999999997,8.734,-2.5519999999999996
0.2311,-3.8235,7.6668,24.832,8.269,-2.619
0.1618,-3.8465,7.6668,25.013,8.362,-2.686
0.1618,-3.8465,7.6668,25.103,8.269,-2.686
0.208,-3.8696,7.799,25.465,8.455,-2.888
0.208,-3.8926,7.799,25.465,8.548,-2.821
0.208,-3.8696,7.799,25.555,8.455,-2.821
0.2542,-3.8926,7.799,25.555,8.734,-2.753
0.208,-3.9387,7.9312,26.097,8.641,-2.821
0.1849,-3.9617,8.0634,26.277,8.548,-2.821
0.1849,-3.9617,8.0634,26.277,8.548,-2.821
0.1849,-3.9847,8.0634,26.458,8.734,-2.888
0.1849,-3.9847,8.0634,26.458,8.734,-2.888
0.2542,-4.0078,8.0634,26.458,9.106,-2.888
0.2542,-4.0308,8.0634,26.638,9.013,-2.753
0.2311,-4.0308,8.1956,27.0,9.013,-2.821
0.208,-4.0308,8.1956,27.09,9.106,-2.821
0.1849,-4.0538,8.1956,27.09,9.106,-2.888
0.1849,-4.0769,8.3278,27.18,8.92,-2.955
0.208,-4.0769,8.46,27.271,9.013,-2.888
0.2542,-4.1229,8.5922,27.631999999999998,9.57,-2.955
0.2542,-4.1229,8.5922,27.631999999999998,9.57,-2.955
0.2773,-4.2151,8.7243,27.903,9.477,-2.955
0.2542,-4.146,8.5922,27.812,9.384,-2.955
0.2311,-4.146,8.5922,27.631999999999998,9.291,-3.0220000000000002
0.208,-4.146,8.5922,27.541000000000004,9.106,-2.955
0.2311,-4.192,8.7243,27.812,9.291,-2.955
0.208,-4.2381,8.7243,28.174,9.384,-3.089
0.2542,-4.2842,8.7243,28.445,9.477,-3.089
0.2542,-4.2842,8.7243,28.445,9.477,-3.089
0.2311,-4.2381,8.7243,28.083,9.57,-3.089
0.2311,-4.146,8.46,27.541000000000004,9.291,-2.888
0.208,-4.1229,8.46,27.451,9.199,-3.0220000000000002
0.208,-4.169,8.5922,27.631999999999998,9.013,-3.089
0.208,-4.2151,8.7243,27.993000000000002,9.106,-3.089
0.208,-4.2151,8.7243,27.993000000000002,9.106,-3.089
0.208,-4.2612,8.7243,28.264,9.291,-3.089
0.2311,-4.2381,8.7243,28.174,9.291,-3.0220000000000002
0.2311,-4.2381,8.7243,28.174,9.291,-3.0220000000000002
0.208,-4.192,8.46,27.631999999999998,9.199,-3.0220000000000002
0.1849,-4.169,8.5922,27.903,9.106,-3.089
0.1849,-4.169,8.5922,27.993000000000002,9.013,-3.089
0.1849,-4.169,8.5922,27.903,9.013,-3.0220000000000002
0.208,-4.146,8.5922,27.631999999999998,9.013,-3.0220000000000002
0.208,-4.0769,8.1956,27.09,9.013,-2.888
0.2311,-4.0538,8.3278,27.09,9.106,-2.955
0.2311,-4.0538,8.0634,26.909,8.92,-2.888
0.208,-3.8926,7.799,25.735,8.548,-2.753
0.1849,-3.8926,7.6668,25.735,8.455,-2.821
0.1849,-3.9156,7.799,25.825999999999997,8.455,-2.686
0.1849,-3.9156,7.799,25.825999999999997,8.455,-2.686
0.1849,-3.9156,7.9312,26.006,8.269,-2.821
0.0924,-3.8696,7.799,25.735,8.176,-2.888
0.1155,-3.8696,7.6668,25.465,7.898,-2.821
0.1155,-3.8465,7.6668,25.284,8.083,-2.821
0.1155,-3.8235,7.799,25.284,8.176,-2.821
0.1155,-3.8235,7.799,25.284,8.176,-2.821
0.2311,-3.8696,7.799,25.735,8.641,-2.753
0.2311,-3.8696,7.799,25.735,8.641,-2.753
0.2773,-3.8465,7.6668,25.284,8.734,-2.686
0.3005,-3.8005,7.5346,25.013,8.827,-2.619
0.2773,-3.7774,7.5346,24.742,8.734,-2.686
0.2773,-3.7544,7.5346,24.651999999999997,8.827,-2.5519999999999996
0.3005,-3.7314,7.4025,24.742,8.641,-2.619
0.2773,-3.7314,7.4025,24.651999999999997,8.641,-2.619
0.2311,-3.7083,7.4025,24.470999999999997,8.455,-2.5519999999999996
0.208,-3.6853,7.1381,24.291,8.176,-2.5519999999999996
0.1618,-3.6853,7.1381,24.020000000000003,7.9910000000000005,-2.485
0.1386,-3.6162,6.8737,23.749,7.805,-2.485
0.1849,-3.5701,6.8737,23.477999999999998,7.805,-2.5519999999999996
0.1618,-3.5241,6.8737,23.207,7.712,-2.4179999999999997
0.1849,-3.5241,6.7415,23.117,7.712,-2.4179999999999997
0.1386,-3.5241,6.8737,23.117,7.619,-2.4179999999999997
0.1618,-3.5241,6.8737,23.026,7.526000000000001,-2.4179999999999997
0.1618,-3.5241,6.7415,23.117,7.526000000000001,-2.4179999999999997
0.1618,-3.501,6.8737,23.026,7.526000000000001,-2.4179999999999997
0.1849,-3.5471,6.8737,23.207,7.712,-2.4179999999999997
0.1386,-3.5932,7.0059,23.477999999999998,7.619,-2.5519999999999996
0.1386,-3.5932,6.8737,23.567999999999998,7.619,-2.619
0.1155,-3.5932,6.8737,23.477999999999998,7.526000000000001,-2.619
0.1386,-3.6162,7.0059,23.659,7.805,-2.619
0.1849,-3.6623,7.1381,24.11,8.083,-2.619
0.2311,-3.6853,7.2703,24.381,8.269,-2.686
0.208,-3.7544,7.4025,24.742,8.362,-2.753
0.2311,-3.8235,7.5346,25.013,8.455,-2.888
0.2311,-3.8235,7.5346,25.013,8.548,-2.888
0.208,-3.8005,7.5346,25.194000000000003,8.641,-2.753
0.2311,-3.8005,7.5346,24.832,8.455,-2.686
0.2311,-3.7544,7.5346,24.470999999999997,8.455,-2.686
0.2542,-3.7083,7.4025,24.381,8.455,-2.753
0.2311,-3.7314,7.4025,24.651999999999997,8.548,-2.753
0.2311,-3.8235,7.6668,25.103,8.548,-2.753
0.2311,-3.8696,7.799,25.644999999999996,8.734,-2.821
0.2311,-3.8696,7.799,25.644999999999996,8.734,-2.821
0.2542,-3.8696,7.799,25.644999999999996,8.827,-2.821
0.2542,-3.8235,7.6668,25.013,8.548,-2.686
0.2311,-3.8235,7.5346,24.832,8.455,-2.686
0.208,-3.8005,7.5346,24.923000000000002,8.362,-2.686
0.1849,-3.8696,7.6668,25.194000000000003,8.362,-2.821
0.1849,-3.9156,7.6668,25.825999999999997,8.548,-2.888
0.2311,-4.0078,8.0634,26.819000000000003,9.013,-2.955
0.2311,-4.0308,8.3278,27.0,9.384,-3.0220000000000002
0.2773,-4.0538,8.3278,27.0,9.57,-2.955
0.2542,-4.0078,7.9312,26.548,9.106,-2.955
0.208,-3.9847,7.9312,26.368000000000002,9.013,-2.888
0.208,-3.9847,7.9312,26.368000000000002,9.013,-2.888
0.1849,-4.0078,7.9312,26.458,8.548,-2.955
0.1386,-4.0078,8.0634,26.819000000000003,8.548,-3.0220000000000002
0.1386,-4.0538,8.3278,27.0,8.734,-3.089
0.2542,-4.0999,8.46,27.361,9.106,-3.0220000000000002
0.2542,-4.0999,8.46,27.361,9.106,-3.0220000000000002
0.2773,-4.0999,8.46,27.271,9.291,-2.955
0.2311,-4.146,8.5922,27.722,9.384,-2.955
0.208,-4.146,8.5922,27.812,9.384,-3.089
0.208,-4.146,8.5922,27.722,9.291,-3.0220000000000002
0.208,-4.146,8.5922,27.541000000000004,9.013,-2.888
0.208,-4.0999,8.5922,27.451,9.106,-2.955
0.2311,-4.1229,8.5922,27.271,9.199,-2.888
0.2773,-4.0769,8.5922,27.361,9.384,-2.888
0.3005,-4.146,8.5922,27.812,9.57,-2.955
0.3005,-4.146,8.5922,27.812,9.57,-2.955
0.208,-4.192,8.7243,27.993000000000002,9.291,-2.955
0.2311,-4.2842,8.8565,28.805999999999997,9.663,-3.089
0.2773,-4.2612,8.8565,28.805999999999997,9.849,-3.1559999999999997
0.2773,-4.2381,8.8565,28.535,9.756,-3.0220000000000002
0.2773,-4.2612,8.8565,28.715000000000003,9.942,-3.089
0.2542,-4.2842,8.9887,28.986,9.849,-3.224
0.2542,-4.3303,8.9887,29.256999999999998,9.849,-3.224
0.2311,-4.3533,9.1209,29.348,10.035,-3.224
0.2542,-4.3303,9.1209,29.256999999999998,9.942,-3.224
0.3005,-4.2842,8.9887,28.896,9.942,-3.1559999999999997
0.3005,-4.2612,8.9887,28.805999999999997,9.849,-3.1559999999999997
0.2542,-4.2842,8.9887,28.896,9.756,-3.1559999999999997
0.2311,-4.3072,8.9887,28.986,9.756,-3.224
0.2311,-4.3072,8.9887,29.077,9.756,-3.1559999999999997
0.2542,-4.3303,8.9887,28.986,9.756,-3.1559999999999997
0.2311,-4.3303,8.8565,28.986,9.849,-3.089
0.2311,-4.3072,8.8565,29.077,9.756,-3.089
0.2311,-4.2612,8.8565,28.896,9.849,-3.1559999999999997
0.2311,-4.2612,8.8565,28.896,9.849,-3.1559999999999997
0.2773,-4.192,8.7243,28.535,9.756,-3.1559999999999997
0.2773,-4.169,8.5922,28.083,9.477,-3.089
0.2311,-4.146,8.5922,27.812,9.384,-2.955
0.2542,-4.146,8.5922,27.903,9.477,-2.955
0.2542,-4.192,8.5922,28.083,9.384,-2.955
0.2311,-4.192,8.5922,28.083,9.384,-3.1559999999999997
0.2311,-4.169,8.5922,27.993000000000002,9.384,-3.089
0.2311,-4.146,8.5922,27.812,9.291,-3.089
0.1618,-4.0538,8.3278,27.18,8.827,-3.089
0.1618,-4.0308,8.1956,27.0,8.827,-3.0220000000000002
0.1618,-4.0308,8.1956,27.09,8.827,-2.888
0.1849,-4.0078,8.0634,27.0,8.827,-2.821
0.208,-3.9847,8.1956,26.729,8.827,-2.888
0.208,-3.9617,8.0634,26.368000000000002,8.734,-2.888
0.2311,-3.9156,7.9312,26.187,8.827,-2.888
0.2542,-3.8926,7.799,25.916,8.827,-2.888
0.208,-3.8696,7.799,25.825999999999997,8.641,-2.888
0.1386,-3.8005,7.6668,25.013,8.176,-2.821
0.1386,-3.8005,7.6668,25.013,8.176,-2.821
0.1618,-3.6853,7.5346,24.291,7.898,-2.619
0.1618,-3.6392,7.2703,24.2,7.9910000000000005,-2.5519999999999996
0.1618,-3.5932,7.2703,24.020000000000003,8.083,-2.5519999999999996
0.1618,-3.5701,7.1381,23.749,7.898,-2.619
0.1618,-3.5701,7.1381,23.749,7.898,-2.619
0.1849,-3.5471,7.1381,23.567999999999998,7.9910000000000005,-2.619
0.208,-3.455,6.8737,22.936,7.805,-2.485
0.208,-3.4089,6.8737,22.665000000000003,7.805,-2.3499999999999996
0.208,-3.4089,6.8737,22.575,7.712,-2.3499999999999996
0.1849,-3.4089,7.0059,22.485,7.526000000000001,-2.4179999999999997
0.1618,-3.4089,6.8737,22.394,7.247,-2.4179999999999997
0.1618,-3.4089,6.8737,22.394,7.247,-2.4179999999999997
0.1618,-3.3168,6.7415,21.762,7.154,-2.3499999999999996
0.1849,-3.2937,6.4771,21.491,7.247,-2.283
0.1618,-3.2477,6.4771,21.22,7.154,-2.283
0.1155,-3.2016,6.345,21.13,6.5969999999999995,-2.3499999999999996
0.1155,-3.1786,6.345,20.859,6.783,-2.2159999999999997
0.1155,-3.1786,6.345,20.859,6.783,-2.2159999999999997
0.1618,-3.0864,6.2128,20.227,6.968,-2.149
0.1386,-3.0634,6.2128,20.137,6.783,-2.149
0.1386,-3.0634,6.2128,20.227,6.5969999999999995,-2.2159999999999997
0.1155,-3.0634,6.2128,20.317,6.69,-2.3499999999999996
0.1618,-3.0864,6.2128,20.408,6.783,-2.2159999999999997
0.1386,-3.0634,6.2128,20.317,6.69,-2.2159999999999997
0.1386,-3.0404,6.0806,19.776,6.5969999999999995,-2.2159999999999997
0.1386,-3.0404,6.0806,19.776,6.5969999999999995,-2.2159999999999997
0.1386,-3.0634,6.2128,20.317,6.5969999999999995,-2.149
0.1618,-3.0864,6.2128,20.497999999999998,6.968,-2.283
0.1618,-3.0864,6.2128,20.497999999999998,6.968,-2.283
0.2311,-3.0634,6.0806,20.046,7.061,-2.082
0.2311,-3.0634,6.0806,20.046,7.061,-2.082
0.2311,-3.0404,6.2128,19.866,6.968,-2.2159999999999997
0.1849,-3.0634,6.2128,20.497999999999998,6.968,-2.149
0.1618,-3.1325,6.345,20.588,7.061,-2.283
0.1386,-3.1325,6.345,20.769000000000002,6.968,-2.3499999999999996
0.1618,-3.0864,6.345,20.497999999999998,7.061,-2.149
0.1849,-3.1325,6.345,20.769000000000002,7.061,-2.149
0.1618,-3.1786,6.4771,20.948999999999998,7.061,-2.283
0.1155,-3.2246,6.7415,21.671999999999997,7.061,-2.4179999999999997
0.0924,-3.2707,6.7415,21.671999999999997,6.8759999999999994,-2.4179999999999997
0.0924,-3.2707,6.7415,21.671999999999997,6.8759999999999994,-2.4179999999999997
0.3236,-3.3398,6.8737,22.033,8.176,-2.283
0.4623,-3.3628,7.0059,22.394,9.106,-2.3499999999999996
0.3005,-3.3859,7.0059,22.485,8.362,-2.3499999999999996
0.1849,-3.3859,7.1381,22.485,7.712,-2.5519999999999996
0.1386,-3.3628,7.1381,22.214,7.247,-2.485
0.1849,-3.3859,7.0059,22.394,7.619,-2.485
0.2311,-3.4089,7.0059,22.846000000000004,7.9910000000000005,-2.4179999999999997
0.1618,-3.5241,7.1381,23.387999999999998,7.898,-2.686
0.1155,-3.5241,7.2703,23.749,7.526000000000001,-2.686
0.1155,-3.5241,7.2703,23.749,7.526000000000001,-2.686
0.1849,-3.5701,7.4025,23.749,8.083,-2.619
0.3005,-3.5701,7.2703,23.929000000000002,8.734,-2.5519999999999996
0.3005,-3.5701,7.2703,23.929000000000002,8.734,-2.5519999999999996
0.3005,-3.5932,7.2703,23.929000000000002,8.362,-2.5519999999999996
0.1849,-3.5932,7.4025,24.11,8.176,-2.686
0.1618,-3.6392,7.5346,24.291,8.083,-2.619
0.1618,-3.7314,7.6668,24.742,8.176,-2.686
0.1618,-3.7314,7.799,24.923000000000002,8.269,-2.686
0.1849,-3.7314,7.799,25.284,8.455,-2.753
0.208,-3.7314,7.799,25.103,8.641,-2.888
0.2773,-3.7083,7.6668,24.651999999999997,8.734,-2.753
0.2311,-3.7314,7.799,24.651999999999997,8.641,-2.753
0.1849,-3.7774,7.9312,25.374,8.362,-2.821
0.1386,-3.8235,8.0634,26.006,8.455,-2.888
0.1849,-3.8926,8.1956,26.368000000000002,8.734,-2.888
0.2542,-3.9156,8.1956,26.277,9.013,-2.955
0.3005,-3.8926,8.1956,26.277,9.199,-2.955
0.3236,-3.8696,8.1956,26.006,9.291,-2.821
0.3005,-3.8235,8.0634,25.916,9.199,-2.821
0.2773,-3.8465,8.0634,25.916,9.106,-2.821
0.2542,-3.8926,8.1956,26.097,9.106,-2.888
0.208,-3.9617,8.46,26.909,9.013,-3.089
0.208,-4.0078,8.46,27.0,9.106,-2.955
0.208,-4.0078,8.46,27.0,9.106,-2.955
0.3236,-3.9617,8.3278,26.819000000000003,9.384,-2.955
0.3005,-3.9617,8.3278,26.729,9.291,-2.955
0.2311,-3.9847,8.3278,27.0,9.291,-2.955
0.208,-3.9847,8.5922,27.18,9.106,-3.089
0.208,-4.0308,8.5922,27.271,9.106,-2.955
0.208,-4.0538,8.5922,27.271,9.199,-3.0220000000000002
0.208,-4.0769,8.7243,27.631999999999998,9.384,-3.0220000000000002
0.2542,-4.0999,8.7243,27.812,9.57,-3.089
0.2773,-4.0999,8.8565,27.993000000000002,9.756,-3.0220000000000002
0.2773,-4.0999,8.8565,28.083,9.849,-3.1559999999999997
0.2773,-4.0999,8.9887,28.083,9.57,-3.089
0.2311,-4.0999,8.8565,27.993000000000002,9.57,-3.089
0.208,-4.0769,8.7243,27.722,9.291,-3.089
0.1849,-4.0999,8.8565,27.812,9.291,-3.089
0.208,-4.0999,8.8565,27.812,9.384,-3.1559999999999997
0.208,-4.146,8.9887,27.993000000000002,9.57,-3.089
0.208,-4.1229,8.8565,28.174,9.663,-3.1559999999999997
0.2311,-4.1229,8.8565,28.174,9.663,-3.089
0.2773,-4.0308,8.5922,27.451,9.384,-3.0220000000000002
0.208,-3.9847,8.3278,26.819000000000003,9.013,-2.955
0.208,-3.9617,8.46,26.729,9.013,-3.0220000000000002
0.208,-3.9847,8.5922,27.18,9.106,-2.955
0.2311,-4.0078,8.7243,27.271,9.291,-3.089
0.2311,-4.0078,8.7243,27.271,9.291,-3.089
0.2773,-3.9617,8.46,26.638,9.291,-2.955
0.2542,-3.8926,8.1956,26.187,9.199,-2.955
0.2542,-3.8926,8.1956,25.916,8.92,-2.821
0.208,-3.8465,8.1956,25.916,8.827,-2.955
0.208,-3.8696,8.1956,26.006,8.734,-2.955
0.1849,-3.8696,8.1956,26.187,8.734,-3.089
0.1849,-3.8926,8.1956,26.187,8.641,-2.955
0.208,-3.8696,8.0634,25.825999999999997,8.641,-2.955
0.208,-3.8235,7.9312,25.374,8.641,-2.753
0.208,-3.7544,7.799,25.013,8.362,-2.686
0.208,-3.7314,7.6668,24.832,8.362,-2.686
0.208,-3.7314,7.6668,24.832,8.362,-2.686
0.1618,-3.7083,7.799,24.832,8.269,-2.686
0.1849,-3.7314,7.6668,24.742,8.176,-2.686
0.1849,-3.6392,7.5346,24.291,8.083,-2.753
0.1849,-3.6162,7.4025,24.020000000000003,8.176,-2.5519999999999996
0.208,-3.5241,7.2703,23.477999999999998,7.898,-2.619
0.1618,-3.4319,7.1381,22.846000000000004,7.712,-2.485
0.1386,-3.3628,7.0059,22.214,7.433,-2.485
0.1618,-3.3628,7.0059,22.214,7.433,-2.4179999999999997
0.208,-3.3628,6.8737,22.485,7.712,-2.619
0.208,-3.3628,6.8737,22.394,7.526000000000001,-2.485
0.208,-3.3398,7.0059,22.214,7.526000000000001,-2.485
0.1849,-3.3628,7.0059,22.214,7.433,-2.485
0.1849,-3.3628,7.0059,22.214,7.433,-2.485
0.208,-3.3168,7.0059,21.943,7.433,-2.485
0.208,-3.3168,7.0059,21.943,7.433,-2.485
0.1849,-3.2937,6.8737,21.852,7.526000000000001,-2.485
0.1849,-3.3168,6.8737,22.122999999999998,7.526000000000001,-2.4179999999999997
0.1849,-3.3168,7.0059,22.033,7.433,-2.4179999999999997
0.1618,-3.2937,7.0059,21.852,7.247,-2.5519999999999996
0.1849,-3.2937,6.8737,21.582,7.247,-2.485
0.208,-3.3168,7.0059,21.762,7.433,-2.485
0.208,-3.3168,7.0059,21.762,7.433,-2.485
0.2542,-3.3168,7.0059,22.033,7.712,-2.4179999999999997
0.2311,-3.3398,6.8737,21.943,7.619,-2.4179999999999997
0.2311,-3.3398,6.8737,21.943,7.619,-2.4179999999999997
0.2311,-3.2937,7.0059,21.852,7.619,-2.3499999999999996
0.208,-3.2937,6.8737,21.852,7.526000000000001,-2.4179999999999997
0.1849,-3.2937,6.8737,21.852,7.433,-2.3499999999999996
0.1618,-3.2937,6.8737,21.671999999999997,7.247,-2.485
0.1618,-3.2937,6.8737,21.762,7.247,-2.485
0.208,-3.3398,6.8737,21.762,7.433,-2.4179999999999997
0.2311,-3.3168,6.7415,21.762,7.526000000000001,-2.3499999999999996
0.2542,-3.3398,6.8737,21.762,7.712,-2.3499999999999996
0.2311,-3.2937,6.8737,21.852,7.619,-2.4179999999999997
0.208,-3.3398,7.0059,22.122999999999998,7.619,-2.4179999999999997
0.208,-3.3168,7.0059,22.033,7.433,-2.485
0.1618,-3.3398,6.8737,21.943,7.34,-2.485
0.1618,-3.3168,6.8737,22.033,7.247,-2.4179999999999997
0.1618,-3.3168,6.8737,22.033,7.247,-2.4179999999999997
0.2311,-3.4089,7.0059,22.756,7.898,-2.485
0.2311,-3.4089,7.0059,22.756,7.898,-2.485
0.2311,-3.455,7.0059,22.846000000000004,7.9910000000000005,-2.485
0.208,-3.455,7.0059,23.026,7.9910000000000005,-2.485
0.2311,-3.501,7.2703,23.387999999999998,7.9910000000000005,-2.5519999999999996
0.2311,-3.501,7.2703,23.387999999999998,7.9910000000000005,-2.5519999999999996
0.208,-3.5241,7.2703,23.659,7.9910000000000005,-2.619
0.1849,-3.5932,7.5346,24.291,8.083,-2.753
0.1849,-3.6392,7.5346,24.291,8.083,-2.753
0.1849,-3.6623,7.6668,24.291,8.176,-2.686
0.1849,-3.6623,7.6668,24.291,8.176,-2.686
0.208,-3.6853,7.6668,24.470999999999997,8.269,-2.753
0.208,-3.6853,7.6668,24.470999999999997,8.269,-2.753
0.208,-3.7083,7.6668,24.742,8.362,-2.753
0.2311,-3.7314,7.799,24.832,8.548,-2.888
0.208,-3.7544,7.799,25.103,8.641,-2.888
0.2773,-3.8005,7.9312,25.644999999999996,8.827,-2.955
0.2542,-3.8465,8.0634,25.825999999999997,9.013,-2.888
0.2311,-3.8235,8.0634,25.735,8.827,-2.888
0.2311,-3.8235,8.0634,25.735,8.827,-2.888
0.2311,-3.8235,7.9312,25.555,8.734,-2.888
0.1849,-3.8235,8.0634,25.916,8.641,-3.0220000000000002
0.1849,-3.8696,8.1956,26.187,8.734,-3.0220000000000002
0.1849,-3.8696,8.1956,26.187,8.734,-3.0220000000000002
0.208,-3.9847,8.46,26.909,9.013,-3.089
0.2311,-3.9847,8.5922,27.0,9.106,-3.089
0.2773,-3.9847,8.46,27.0,9.291,-3.1559999999999997
0.2542,-3.9617,8.1956,26.819000000000003,9.291,-3.089
0.2542,-3.9617,8.3278,26.548,9.199,-3.0220000000000002
0.2311,-3.9847,8.3278,26.638,9.199,-3.089
0.208,-4.0078,8.5922,27.18,9.106,-3.1559999999999997
0.208,-4.0769,8.7243,27.631999999999998,9.291,-3.1559999999999997
0.208,-4.0769,8.7243,27.631999999999998,9.291,-3.1559999999999997
0.208,-4.0308,8.5922,27.451,9.291,-3.1559999999999997
0.2773,-3.9847,8.3278,26.729,9.106,-3.089
0.2773,-3.9847,8.3278,26.729,9.106,-3.089
0.1849,-4.0308,8.7243,27.541000000000004,9.106,-3.1559999999999997
0.208,-4.1229,8.8565,27.993000000000002,9.291,-3.291
0.208,-4.1229,8.8565,27.993000000000002,9.291,-3.291
0.2542,-4.146,8.8565,28.174,9.663,-3.224
0.2773,-4.1229,8.8565,28.083,9.756,-3.1559999999999997
0.1849,-4.1229,8.7243,28.083,9.199,-3.224
0.1849,-4.1229,8.7243,27.722,9.106,-3.1559999999999997
0.208,-4.0999,8.7243,27.541000000000004,9.291,-3.1559999999999997
0.208,-4.0999,8.7243,27.631999999999998,9.291,-3.089
0.2542,-4.0999,8.7243,27.722,9.384,-3.089
0.2311,-4.0999,8.7243,27.903,9.384,-3.1559999999999997
0.208,-4.0999,8.7243,27.812,9.384,-3.224
0.208,-4.0538,8.5922,27.722,9.291,-3.1559999999999997
0.2311,-4.0769,8.8565,27.812,9.57,-3.1559999999999997
0.2311,-4.0769,8.8565,27.812,9.57,-3.1559999999999997
0.2773,-4.0999,8.7243,27.631999999999998,9.663,-3.224
0.2773,-4.0308,8.5922,27.361,9.477,-3.224
0.208,-3.9617,8.1956,26.729,9.106,-3.089
0.1849,-3.9156,8.1956,26.548,9.013,-3.1559999999999997
0.1849,-3.9617,8.1956,26.729,8.92,-3.1559999999999997
0.2311,-3.9847,8.3278,27.0,9.199,-3.089
0.2311,-3.9847,8.3278,27.0,9.199,-3.089
0.2542,-3.9156,8.0634,26.368000000000002,9.199,-2.955
0.2542,-3.8465,7.9312,25.916,8.734,-3.0220000000000002
0.208,-3.8235,8.0634,26.006,8.734,-3.0220000000000002
0.208,-3.8465,7.9312,26.097,8.827,-3.0220000000000002
0.1849,-3.8465,7.9312,25.916,8.641,-3.0220000000000002
0.208,-3.8235,7.9312,25.825999999999997,8.734,-3.0220000000000002
0.2311,-3.7774,7.799,25.374,8.734,-2.888
0.2542,-3.7774,7.799,25.284,8.734,-2.821
0.2542,-3.7774,7.799,25.284,8.827,-2.888
0.2542,-3.8005,7.799,25.465,8.827,-2.821
0.208,-3.7544,7.6668,25.374,8.734,-2.955
0.208,-3.7314,7.799,25.194000000000003,8.641,-2.888
0.208,-3.7314,7.6668,24.923000000000002,8.548,-2.955
0.208,-3.6853,7.5346,24.561999999999998,8.269,-2.821
0.208,-3.6392,7.4025,24.381,8.083,-2.821
0.1849,-3.6162,7.4025,24.2,8.083,-2.821
0.1849,-3.6162,7.2703,24.2,8.083,-2.821
0.208,-3.6392,7.2703,24.291,8.083,-2.821
0.208,-3.5241,7.0059,23.387999999999998,7.9910000000000005,-2.753
0.1849,-3.501,7.0059,23.207,7.898,-2.753
0.208,-3.501,7.0059,23.477999999999998,7.898,-2.5519999999999996
0.1849,-3.5241,7.0059,23.659,8.176,-2.686
0.208,-3.501,7.0059,23.477999999999998,8.083,-2.753
0.208,-3.501,7.0059,23.477999999999998,8.083,-2.753
0.2311,-3.478,7.0059,23.296999999999997,8.083,-2.686
0.208,-3.4319,6.8737,22.936,7.805,-2.619
0.208,-3.4089,7.0059,23.026,7.898,-2.619
0.1618,-3.478,7.0059,23.207,7.805,-2.686
0.1618,-3.501,7.0059,23.477999999999998,7.898,-2.686
0.1849,-3.501,7.0059,23.207,7.805,-2.686
0.1849,-3.4089,7.0059,23.026,7.712,-2.619
0.1849,-3.3859,6.8737,22.575,7.526000000000001,-2.5519999999999996
0.1849,-3.3859,6.7415,22.485,7.526000000000001,-2.619
0.1618,-3.4089,6.8737,22.936,7.712,-2.619
0.0924,-3.4319,6.8737,23.296999999999997,7.433,-2.753
-0.0924,-3.4089,6.7415,23.026,6.3180000000000005,-2.955
-0.0231,-3.4319,6.7415,22.756,6.504,-2.821
0.0693,-3.3859,6.8737,22.485,6.8759999999999994,-2.753
0.1618,-3.3628,6.8737,22.394,7.526000000000001,-2.619
0.3929,-3.3398,6.7415,22.304,8.641,-2.4179999999999997
0.416,-3.4319,6.8737,22.936,8.827,-2.5519999999999996
0.3467,-3.478,6.8737,23.207,8.548,-2.619
0.3467,-3.478,6.8737,23.207,8.548,-2.619
0.5316,-3.5241,7.1381,23.477999999999998,9.477,-2.5519999999999996
0.3929,-3.5241,7.0059,23.567999999999998,9.106,-2.619
0.1618,-3.501,7.0059,23.477999999999998,7.898,-2.753
0.0231,-3.501,7.0059,23.477999999999998,6.968,-2.888
-0.0,-3.5241,7.1381,23.659,6.8759999999999994,-2.888
0.0693,-3.5241,7.1381,23.929000000000002,7.34,-2.955
0.2542,-3.6623,7.5346,24.651999999999997,8.641,-2.888
0.2542,-3.6623,7.5346,24.651999999999997,8.641,-2.888
0.3005,-3.7083,7.5346,24.923000000000002,8.827,-2.821
0.2773,-3.7544,7.5346,25.013,9.013,-2.955
0.3467,-3.7544,7.6668,25.194000000000003,9.291,-2.821
0.3467,-3.7774,7.6668,25.374,9.384,-2.888
0.3005,-3.8005,7.799,25.644999999999996,9.199,-2.955
0.2542,-3.8235,7.799,25.825999999999997,8.92,-3.0220000000000002
0.1849,-3.8235,7.9312,26.187,8.455,-3.089
0.2542,-3.9387,8.0634,26.819000000000003,9.199,-3.1559999999999997
0.2311,-3.9617,8.3278,26.909,9.199,-3.1559999999999997
0.208,-3.9617,8.3278,27.09,9.106,-3.1559999999999997
0.2311,-4.0999,8.8565,28.264,9.663,-3.4250000000000003
0.3467,-4.0078,8.9887,27.993000000000002,10.128,-3.291
0.3236,-3.7544,8.9887,26.458,10.221,-3.089
0.3467,-3.501,8.8565,25.013,9.849,-2.888
0.3698,-3.501,8.7243,24.742,9.756,-2.888
0.3467,-3.6162,8.5922,24.561999999999998,9.477,-2.753
0.208,-3.8005,8.46,26.006,9.106,-3.089
0.208,-4.0999,8.46,27.903,9.013,-3.291
0.208,-4.169,8.46,28.445,9.199,-3.4250000000000003
0.2542,-4.0999,8.3278,27.631999999999998,9.291,-3.291
0.2542,-4.0999,8.3278,27.631999999999998,9.291,-3.291
0.3467,-4.0999,8.3278,27.903,9.942,-3.1559999999999997
0.3698,-4.1229,8.5922,27.993000000000002,10.128,-3.224
0.208,-4.2612,8.8565,28.986,9.57,-3.3579999999999997
0.208,-4.2381,8.7243,28.715000000000003,9.57,-3.4250000000000003
0.2311,-4.0999,8.46,27.722,9.291,-3.224
0.208,-4.0538,8.46,27.631999999999998,9.291,-3.3579999999999997
0.208,-4.0769,8.46,27.722,9.199,-3.291
0.208,-4.146,8.5922,28.354,9.384,-3.3579999999999997
0.208,-4.146,8.7243,28.625,9.477,-3.4250000000000003
0.2542,-4.192,8.5922,28.445,9.756,-3.4250000000000003
0.2773,-4.0999,8.46,27.993000000000002,9.663,-3.291
0.2773,-4.0999,8.46,27.993000000000002,9.663,-3.291
0.2542,-4.0769,8.46,28.264,9.57,-3.291
0.2542,-4.0769,8.46,28.264,9.57,-3.291
0.208,-4.192,8.5922,28.625,9.57,-3.492
0.208,-4.169,8.5922,28.625,9.477,-3.3579999999999997
0.2311,-4.169,8.5922,28.535,9.663,-3.3579999999999997
0.2542,-4.0999,8.5922,28.264,9.663,-3.291
0.2773,-4.1229,8.46,28.264,9.57,-3.291
0.2311,-4.146,8.5922,28.354,9.57,-3.3579999999999997
0.2311,-4.146,8.46,28.535,9.57,-3.291
0.2311,-4.169,8.5922,28.535,9.663,-3.3579999999999997
0.2311,-4.169,8.5922,28.535,9.663,-3.3579999999999997
0.2542,-4.0769,8.46,27.812,9.384,-3.291
0.2311,-4.0769,8.3278,27.541000000000004,9.291,-3.224
0.2311,-4.0769,8.3278,27.541000000000004,9.291,-3.224
0.208,-4.0308,8.3278,27.541000000000004,9.291,-3.291
0.2311,-4.0078,8.3278,27.541000000000004,9.384,-3.224
0.2542,-4.0078,8.3278,27.361,9.291,-3.224
0.2542,-3.9847,8.1956,27.09,9.199,-3.224
0.2542,-3.9156,7.9312,26.729,9.106,-3.1559999999999997
0.2311,-3.8926,7.9312,26.548,9.013,-3.224
0.208,-3.8926,7.9312,26.368000000000002,8.92,-3.1559999999999997
0.2311,-3.8696,7.9312,26.277,9.013,-3.1559999999999997
0.208,-3.8696,7.9312,26.277,8.92,-3.1559999999999997
0.208,-3.8696,7.9312,26.277,8.92,-3.1559999999999997
0.208,-3.8696,7.799,26.277,8.641,-3.224
0.208,-3.8235,7.6668,25.735,8.641,-3.0220000000000002
0.2311,-3.7774,7.6668,25.555,8.548,-3.089
0.208,-3.7544,7.6668,25.374,8.641,-3.0220000000000002
0.208,-3.7544,7.6668,25.374,8.641,-3.089
0.208,-3.7544,7.6668,25.374,8.548,-3.1559999999999997
0.1849,-3.6623,7.4025,24.381,8.083,-2.888
0.1618,-3.5932,7.4025,24.291,7.9910000000000005,-2.888
0.1849,-3.5701,7.2703,24.11,7.898,-2.888
0.2311,-3.5471,7.2703,24.11,8.176,-2.821
0.208,-3.5471,7.2703,24.11,8.176,-2.821
0.208,-3.5701,7.1381,24.11,8.176,-2.753
0.208,-3.5471,7.1381,23.749,8.083,-2.821
0.208,-3.455,6.8737,23.117,7.805,-2.753
0.1849,-3.455,6.8737,22.936,7.712,-2.821
0.1849,-3.455,6.8737,22.936,7.712,-2.821
0.0924,-3.455,7.0059,23.117,7.061,-2.821
-0.0693,-3.4319,6.8737,23.026,6.411,-3.0220000000000002
-0.0462,-3.4089,6.8737,22.936,6.3180000000000005,-2.888
0.0462,-3.4089,6.8737,22.936,6.8759999999999994,-2.888
0.2311,-3.3859,6.7415,22.665000000000003,7.898,-2.5519999999999996
0.3005,-3.3398,6.7415,22.214,8.269,-2.485
0.1618,-3.3398,6.8737,22.485,7.619,-2.753
0.1155,-3.3398,6.8737,22.485,7.154,-2.821
0.1386,-3.3628,6.8737,22.485,7.34,-2.619
0.3698,-3.2937,6.6093,22.122999999999998,8.455,-2.4179999999999997
0.3005,-3.2707,6.4771,21.852,8.083,-2.485
0.3005,-3.2707,6.4771,21.852,8.083,-2.485
0.208,-3.3168,6.7415,22.214,7.619,-2.619
0.3236,-3.3168,6.7415,22.214,8.176,-2.619
0.2542,-3.2937,6.6093,21.943,7.898,-2.686
0.208,-3.2937,6.7415,22.122999999999998,7.526000000000001,-2.753
0.208,-3.2937,6.7415,22.122999999999998,7.526000000000001,-2.753
0.1386,-3.3859,7.0059,22.846000000000004,7.526000000000001,-2.753
0.1386,-3.455,7.0059,23.207,7.712,-2.753
0.1849,-3.501,7.0059,23.296999999999997,7.805,-2.888
0.2773,-3.455,7.1381,23.477999999999998,8.362,-2.619
0.3467,-3.478,7.1381,23.387999999999998,8.641,-2.5519999999999996
0.2542,-3.4319,7.0059,23.117,8.269,-2.686
0.1849,-3.455,7.0059,23.117,7.898,-2.821
0.1618,-3.478,7.2703,23.387999999999998,7.712,-2.821
0.1849,-3.5471,7.1381,23.749,8.083,-2.888
0.2542,-3.6162,7.4025,24.291,8.455,-2.888
0.2542,-3.6162,7.4025,24.291,8.455,-2.888
0.3005,-3.5932,7.4025,24.381,8.641,-2.888
0.3236,-3.5701,7.4025,24.291,8.734,-2.888
0.3005,-3.5471,7.4025,24.11,8.641,-2.955
0.1849,-3.6162,7.5346,24.470999999999997,8.269,-3.0220000000000002
0.1618,-3.6623,7.5346,24.651999999999997,8.362,-2.955
0.2773,-3.7544,7.799,25.644999999999996,8.92,-3.0220000000000002
0.2773,-3.7544,7.799,25.644999999999996,8.92,-3.0220000000000002
0.3236,-3.7314,7.799,25.465,9.106,-3.0220000000000002
0.3005,-3.7314,7.799,25.284,9.013,-2.955
0.3005,-3.7314,7.799,25.465,8.827,-2.955
0.2311,-3.7544,7.799,25.555,8.641,-3.089
0.1849,-3.8696,7.9312,26.187,8.548,-3.224
0.1618,-3.9156,8.0634,26.458,8.734,-3.3579999999999997
0.1849,-3.9387,8.1956,26.819000000000003,9.106,-3.291
0.2773,-3.9387,8.3278,26.909,9.291,-3.291
0.3005,-3.9156,8.3278,26.729,9.477,-3.291
0.3236,-3.8926,8.0634,26.548,9.384,-3.224
0.2773,-3.8465,7.9312,26.097,9.199,-3.1559999999999997
0.2542,-3.8696,7.9312,26.368000000000002,9.013,-3.291
0.208,-3.9387,8.3278,26.909,9.013,-3.3579999999999997
0.208,-4.0308,8.46,27.361,9.106,-3.291
0.2311,-4.0538,8.46,27.722,9.199,-3.3579999999999997
0.2542,-4.0999,8.5922,28.083,9.477,-3.3579999999999997
0.3467,-4.0538,8.46,27.722,9.942,-3.291
0.416,-4.0078,8.46,27.541000000000004,10.035,-3.1559999999999997
0.2542,-4.0078,8.3278,27.631999999999998,9.663,-3.291
0.2542,-4.0078,8.3278,27.631999999999998,9.663,-3.291
0.1386,-4.0308,8.46,27.812,8.734,-3.4250000000000003
-0.0231,-4.1229,8.7243,28.354,8.176,-3.694
-0.0231,-4.1229,8.7243,28.354,8.176,-3.694
0.2311,-4.146,8.7243,28.354,9.57,-3.4250000000000003
0.208,-4.146,8.5922,28.264,9.291,-3.492
0.2773,-4.169,8.7243,28.715000000000003,9.849,-3.4250000000000003
0.3467,-4.192,8.8565,29.077,10.314,-3.4250000000000003
0.3467,-4.2151,8.9887,28.986,10.221,-3.492
0.2773,-4.192,8.8565,28.625,9.942,-3.559
0.2773,-4.146,8.7243,28.535,9.849,-3.559
0.2773,-4.146,8.8565,28.535,9.942,-3.492
0.3005,-4.192,8.8565,28.715000000000003,10.035,-3.4250000000000003
0.3005,-4.2151,8.7243,28.805999999999997,10.035,-3.492
0.3236,-4.169,8.8565,28.715000000000003,10.035,-3.3579999999999997
0.3236,-4.169,8.7243,28.625,10.035,-3.4250000000000003
0.3005,-4.169,8.7243,28.445,9.942,-3.3579999999999997
0.2311,-4.1229,8.5922,28.445,9.57,-3.492
0.2311,-4.1229,8.5922,28.445,9.57,-3.492
0.208,-4.1229,8.5922,28.354,9.477,-3.559
0.2311,-4.1229,8.5922,28.264,9.57,-3.492
0.2773,-4.0769,8.46,27.993000000000002,9.663,-3.3579999999999997
0.2773,-4.0308,8.46,27.993000000000002,9.663,-3.4250000000000003
0.2542,-4.0538,8.3278,27.812,9.477,-3.3579999999999997
0.208,-4.0538,8.3278,27.722,9.384,-3.3579999999999997
0.208,-4.0538,8.3278,27.722,9.384,-3.3579999999999997
0.2311,-4.0078,8.1956,27.361,9.199,-3.291
0.2542,-3.9387,8.1956,27.09,9.106,-3.3579999999999997
0.208,-3.8926,7.9312,26.638,9.013,-3.291
0.2542,-3.8465,7.9312,26.097,8.92,-3.224
0.2542,-3.8465,7.9312,26.097,8.92,-3.224
0.208,-3.8005,7.799,25.825999999999997,8.641,-3.224
0.208,-3.7774,7.799,25.555,8.548,-3.1559999999999997
0.208,-3.7774,7.799,25.555,8.548,-3.1559999999999997
0.1618,-3.6853,7.5346,25.013,8.362,-3.0220000000000002
0.208,-3.6623,7.5346,24.561999999999998,8.269,-2.955
0.208,-3.6623,7.5346,24.561999999999998,8.269,-2.955
0.208,-3.5932,7.4025,24.381,8.269,-3.0220000000000002
0.1618,-3.5701,7.2703,23.929000000000002,7.898,-2.955
0.1618,-3.5471,7.2703,23.929000000000002,7.9910000000000005,-3.0220000000000002
0.1386,-3.5471,7.2703,24.11,7.805,-2.955
0.1386,-3.5471,7.0059,23.839000000000002,7.898,-3.0220000000000002
0.1618,-3.5241,7.0059,23.749,7.9910000000000005,-2.955
0.208,-3.455,6.7415,23.117,7.898,-2.753
0.208,-3.455,6.7415,23.117,7.898,-2.753
0.1849,-3.4319,6.7415,22.846000000000004,7.805,-2.821
0.1849,-3.4319,6.7415,22.936,7.712,-2.955
0.1849,-3.4319,6.7415,22.936,7.712,-2.955
0.1618,-3.3859,6.8737,22.756,7.619,-2.888
0.1849,-3.3859,6.8737,22.575,7.619,-2.821
0.1849,-3.3628,6.8737,22.485,7.526000000000001,-2.821
0.2311,-3.3398,6.6093,22.304,7.526000000000001,-2.821
0.208,-3.3398,6.7415,22.214,7.619,-2.753
0.208,-3.3398,6.6093,22.214,7.619,-2.753
0.1618,-3.3398,6.7415,22.485,7.433,-2.821
0.1849,-3.3398,6.7415,22.304,7.526000000000001,-2.821
0.208,-3.3168,6.6093,22.214,7.619,-2.686
0.208,-3.2937,6.6093,21.943,7.712,-2.686
0.208,-3.2707,6.6093,21.943,7.712,-2.619
0.208,-3.2937,6.4771,21.943,7.712,-2.753
0.2311,-3.3168,6.345,22.033,7.805,-2.686
0.208,-3.3168,6.4771,22.214,7.805,-2.686
0.1849,-3.3628,6.4771,22.485,7.805,-2.753
0.208,-3.3398,6.4771,22.575,7.898,-2.686
0.208,-3.3398,6.7415,22.485,7.805,-2.753
0.208,-3.3398,6.7415,22.485,7.805,-2.753
0.208,-3.3859,6.6093,22.575,7.712,-2.821
0.0462,-3.4089,6.8737,23.207,7.061,-3.0220000000000002
0.0462,-3.478,6.7415,23.387999999999998,7.061,-3.089
0.1386,-3.478,7.0059,23.659,7.712,-2.888
0.3467,-3.501,7.0059,23.749,8.827,-2.821
0.5085,-3.478,7.0059,23.567999999999998,9.663,-2.686
0.3467,-3.5241,7.2703,23.839000000000002,8.92,-2.955
0.2542,-3.5932,7.2703,24.291,8.455,-3.089
0.2542,-3.6392,7.4025,24.742,8.548,-3.0220000000000002
0.3005,-3.7314,7.5346,25.284,9.199,-3.1559999999999997
0.208,-3.7314,7.5346,25.374,8.641,-3.291
0.1618,-3.7314,7.4025,25.194000000000003,8.269,-3.3579999999999997
0.1618,-3.7314,7.6668,25.555,8.548,-3.3579999999999997
0.1849,-3.8235,7.6668,25.916,8.827,-3.224
0.2542,-3.8696,7.799,26.368000000000002,9.106,-3.291
0.2542,-3.8696,7.799,26.548,9.199,-3.3579999999999997
0.3005,-3.9156,8.0634,26.729,9.384,-3.3579999999999997
0.3005,-3.9156,8.0634,26.729,9.384,-3.3579999999999997
0.2542,-3.8926,7.9312,26.548,9.199,-3.291
0.2311,-3.8696,7.9312,26.458,9.013,-3.4250000000000003
0.2311,-3.8696,7.9312,26.458,9.013,-3.4250000000000003
0.2542,-3.9387,8.0634,26.729,9.199,-3.3579999999999997
0.2542,-3.9387,8.0634,26.729,9.199,-3.3579999999999997
0.3236,-4.0308,8.3278,27.722,9.756,-3.3579999999999997
0.3005,-3.9847,8.3278,27.722,9.849,-3.492
0.3005,-4.0308,8.3278,27.631999999999998,9.663,-3.492
0.2773,-4.0538,8.3278,27.722,9.57,-3.4250000000000003
0.2773,-4.0538,8.3278,27.812,9.477,-3.4250000000000003
0.2311,-4.0538,8.46,27.993000000000002,9.477,-3.4250000000000003
0.2311,-4.0538,8.46,27.993000000000002,9.477,-3.4250000000000003
0.2311,-4.0999,8.5922,28.264,9.57,-3.559
0.2311,-4.146,8.5922,28.445,9.477,-3.4250000000000003
0.2542,-4.146,8.5922,28.445,9.663,-3.492
0.3005,-4.0999,8.46,28.264,9.849,-3.492
0.3005,-4.0769,8.46,28.083,9.756,-3.4250000000000003
0.2542,-4.0999,8.46,28.264,9.57,-3.4250000000000003
0.2773,-4.146,8.5922,28.445,9.477,-3.492
0.2311,-4.192,8.5922,28.896,9.663,-3.6270000000000002
0.208,-4.192,8.5922,28.986,9.663,-3.694
0.208,-4.2151,8.7243,28.896,9.57,-3.559
0.2542,-4.192,8.5922,28.535,9.849,-3.492
0.2542,-4.169,8.5922,28.535,9.849,-3.6270000000000002
0.2311,-4.2151,8.7243,28.986,9.849,-3.492
0.208,-4.2151,8.7243,29.256999999999998,9.756,-3.559
0.208,-4.2151,8.7243,29.256999999999998,9.756,-3.559
0.208,-4.2151,8.7243,28.986,9.57,-3.761
0.208,-4.192,8.5922,28.805999999999997,9.57,-3.694
0.208,-4.192,8.46,28.535,9.384,-3.694
0.1849,-4.169,8.5922,28.354,9.384,-3.694
0.2311,-4.146,8.46,28.445,9.57,-3.6270000000000002
0.2542,-4.169,8.5922,28.715000000000003,9.756,-3.559
0.2773,-4.2151,8.5922,28.805999999999997,9.849,-3.492
0.2773,-4.192,8.5922,28.535,9.849,-3.559
0.2773,-4.146,8.46,28.354,9.663,-3.492
0.2311,-4.0769,8.46,28.083,9.57,-3.492
0.2311,-4.0769,8.3278,27.903,9.384,-3.492
0.1849,-4.0538,8.3278,27.903,9.199,-3.4250000000000003
0.2311,-4.0769,8.3278,27.993000000000002,9.384,-3.492
0.2311,-4.0538,8.3278,27.993000000000002,9.384,-3.492
0.2542,-4.0538,8.0634,27.631999999999998,9.291,-3.492
0.2542,-4.0538,8.0634,27.631999999999998,9.291,-3.492
0.2542,-3.9847,8.1956,27.271,9.384,-3.3579999999999997
0.208,-3.9156,8.0634,26.909,9.106,-3.4250000000000003
0.208,-3.9387,8.0634,26.909,9.106,-3.3579999999999997
0.2311,-3.9387,8.0634,26.909,9.106,-3.3579999999999997
0.2542,-3.9387,8.0634,26.819000000000003,9.199,-3.4250000000000003
0.2311,-3.8696,7.799,26.548,9.106,-3.291
0.2311,-3.8235,7.6668,26.097,9.106,-3.224
0.2542,-3.8465,7.6668,25.916,9.013,-3.1559999999999997
0.2311,-3.8235,7.6668,25.644999999999996,8.827,-3.224
0.208,-3.8235,7.6668,25.825999999999997,8.827,-3.1559999999999997
0.208,-3.8235,7.6668,25.825999999999997,8.827,-3.1559999999999997
0.1849,-3.7314,7.4025,25.465,8.548,-3.224
0.208,-3.6623,7.2703,24.923000000000002,8.455,-3.089
0.1849,-3.6162,7.1381,24.470999999999997,8.455,-3.089
0.1849,-3.5701,7.1381,24.11,8.176,-2.955
0.208,-3.5932,7.1381,24.11,8.176,-2.888
0.208,-3.5932,7.1381,24.381,8.269,-3.0220000000000002
0.208,-3.6162,7.2703,24.470999999999997,8.269,-3.0220000000000002
0.1618,-3.6162,7.1381,24.381,8.176,-3.1559999999999997
0.1849,-3.5241,6.8737,23.839000000000002,7.9910000000000005,-3.0220000000000002
0.1849,-3.5241,6.7415,23.387999999999998,7.805,-2.955
0.1386,-3.4319,6.7415,23.026,7.712,-2.955
0.1386,-3.455,6.8737,23.117,7.805,-2.955
0.1618,-3.478,6.7415,23.567999999999998,7.805,-2.955
0.1618,-3.478,6.7415,23.567999999999998,7.805,-2.955
0.1849,-3.501,6.8737,23.839000000000002,8.176,-2.888
0.208,-3.478,6.7415,23.749,8.083,-2.955
0.2311,-3.478,6.7415,23.387999999999998,7.9910000000000005,-2.888
0.2311,-3.455,6.7415,23.117,8.083,-2.821
0.208,-3.455,6.7415,23.117,7.898,-2.753
0.1386,-3.455,6.8737,23.026,7.619,-2.955
0.0693,-3.455,6.8737,23.296999999999997,7.247,-3.0220000000000002
0.3236,-3.455,7.0059,23.477999999999998,8.455,-2.888
0.3005,-3.455,6.8737,23.477999999999998,8.455,-2.955
0.2311,-3.501,6.8737,23.477999999999998,8.269,-3.0220000000000002
0.1386,-3.501,7.0059,23.477999999999998,7.619,-3.089
0.0231,-3.5241,6.8737,23.567999999999998,6.968,-3.1559999999999997
0.0231,-3.5241,7.0059,23.839000000000002,7.154,-3.089
0.1618,-3.5471,7.2703,24.11,7.805,-3.0220000000000002
0.3236,-3.5701,7.2703,24.291,8.548,-2.888
0.2773,-3.7544,7.5346,25.555,9.106,-3.224
0.208,-3.9847,8.0634,27.0,9.013,-3.3579999999999997
0.2311,-4.0308,8.1956,27.451,9.477,-3.492
0.2773,-3.9847,8.3278,27.541000000000004,9.663,-3.492
0.3236,-3.8696,8.3278,26.819000000000003,9.756,-3.291
0.2773,-3.7314,8.0634,25.735,9.384,-3.291
0.2542,-3.7774,7.9312,25.644999999999996,9.106,-3.1559999999999997
0.208,-3.8696,7.6668,26.187,8.734,-3.224
0.208,-3.8926,7.4025,25.916,8.548,-3.291
0.1618,-3.8696,7.6668,26.006,8.548,-3.3579999999999997
0.1618,-3.8696,7.6668,26.006,8.548,-3.3579999999999997
0.3236,-3.9847,8.1956,27.09,9.663,-3.3579999999999997
0.3929,-3.9617,8.0634,26.909,9.942,-3.291
0.416,-3.9387,8.1956,26.819000000000003,10.035,-3.224
0.3236,-3.9156,8.0634,26.729,9.756,-3.3579999999999997
0.2311,-3.9617,8.1956,26.909,9.291,-3.4250000000000003
0.1849,-3.9847,8.0634,27.18,8.92,-3.559
0.2773,-3.9387,8.0634,26.819000000000003,9.291,-3.4250000000000003
0.2311,-3.9617,8.0634,26.909,9.106,-3.4250000000000003
0.1849,-3.9617,7.9312,26.909,8.92,-3.492
0.1849,-3.9617,8.0634,27.09,8.827,-3.492
0.1849,-4.0078,8.1956,27.361,9.106,-3.492
0.208,-4.0308,8.3278,27.812,9.291,-3.492
0.2311,-4.0308,8.3278,27.812,9.477,-3.559
0.2542,-4.0308,8.1956,27.812,9.477,-3.492
0.2542,-4.146,8.1956,27.993000000000002,9.57,-3.492
0.2542,-4.1229,8.1956,27.903,9.477,-3.492
0.2542,-4.1229,8.3278,27.903,9.384,-3.559
0.2311,-4.0769,8.46,28.083,9.384,-3.694
0.208,-4.146,8.46,28.445,9.477,-3.6270000000000002
0.2311,-4.1229,8.46,28.264,9.57,-3.6270000000000002
0.2773,-4.0538,8.3278,27.812,9.663,-3.492
0.3005,-4.0308,8.3278,27.541000000000004,9.57,-3.4250000000000003
0.2773,-4.0308,8.3278,27.451,9.57,-3.492
0.2542,-4.0538,8.3278,27.541000000000004,9.384,-3.559
0.208,-4.1229,8.46,28.264,9.384,-3.6270000000000002
0.208,-4.0999,8.3278,28.174,9.291,-3.559
0.2542,-3.9617,8.0634,26.909,9.013,-3.4250000000000003
0.2542,-3.9617,8.0634,26.909,9.013,-3.4250000000000003
0.208,-3.9156,7.799,26.368000000000002,8.827,-3.4250000000000003
0.208,-3.9156,7.9312,26.638,8.92,-3.4250000000000003
0.208,-3.9617,8.0634,27.0,9.013,-3.492
0.1849,-3.9847,8.0634,27.271,9.106,-3.492
0.2311,-4.0308,8.1956,27.541000000000004,9.291,-3.492
0.2773,-4.0769,8.3278,27.993000000000002,9.57,-3.6270000000000002
0.2773,-4.0769,8.3278,27.993000000000002,9.57,-3.6270000000000002
0.2311,-4.1229,8.3278,28.264,9.57,-3.6270000000000002
0.2311,-4.146,8.46,28.354,9.663,-3.694
0.208,-4.146,8.3278,28.264,9.291,-3.694
0.208,-4.0769,8.1956,28.083,9.291,-3.761
0.208,-4.0769,8.1956,27.903,9.291,-3.6270000000000002
0.1849,-4.0538,8.1956,27.903,9.384,-3.6270000000000002
0.2311,-4.1229,8.3278,28.174,9.57,-3.559
0.2311,-4.1229,8.3278,28.174,9.57,-3.559
0.3005,-4.1229,8.3278,28.264,9.663,-3.6270000000000002
0.2773,-4.0769,8.1956,27.812,9.57,-3.492
0.2773,-4.0538,8.1956,27.541000000000004,9.477,-3.492
0.3005,-4.0308,8.1956,27.631999999999998,9.663,-3.492
0.3236,-4.0308,8.1956,27.812,9.942,-3.3579999999999997
0.3236,-4.0769,8.1956,27.812,9.849,-3.4250000000000003
0.208,-4.0308,8.0634,27.722,9.291,-3.559
0.1618,-4.0308,8.1956,27.451,9.013,-3.559
0.0231,-4.0538,8.1956,27.361,8.176,-3.694
-0.0693,-4.0308,8.3278,27.541000000000004,7.805,-3.761
-0.0231,-4.0538,8.1956,27.631999999999998,7.9910000000000005,-3.761
0.0462,-4.0308,8.1956,27.631999999999998,8.362,-3.6270000000000002
0.1849,-4.0308,8.0634,27.451,8.827,-3.559
0.1849,-4.0078,7.9312,27.18,8.92,-3.492
0.2311,-3.9847,8.0634,27.18,9.106,-3.559
0.3005,-4.0078,8.1956,27.18,9.384,-3.492
0.416,-4.0308,8.1956,27.361,10.128,-3.3579999999999997
0.4854,-4.0308,8.3278,27.541000000000004,10.499,-3.4250000000000003
0.4392,-4.0078,8.1956,27.631999999999998,10.314,-3.4250000000000003
0.4392,-3.9847,8.1956,27.18,10.221,-3.4250000000000003
0.3698,-3.9847,8.0634,26.909,9.756,-3.3579999999999997
0.2773,-3.9617,7.9312,26.909,9.384,-3.4250000000000003
0.2311,-3.9617,7.9312,26.819000000000003,9.199,-3.492
0.2311,-4.0078,8.0634,27.18,9.199,-3.559
0.3236,-3.9847,8.1956,27.361,9.663,-3.4250000000000003
0.3698,-3.9847,8.0634,27.18,9.756,-3.4250000000000003
0.3698,-3.9847,8.0634,27.0,9.756,-3.4250000000000003
0.3467,-3.9387,7.9312,26.819000000000003,9.57,-3.4250000000000003
0.3005,-3.9387,7.9312,26.638,9.384,-3.4250000000000003
0.2311,-3.9156,7.9312,26.638,9.106,-3.4250000000000003
0.208,-3.9387,7.9312,26.729,8.827,-3.492
0.1849,-3.9387,7.9312,26.729,9.013,-3.559
0.1849,-3.9387,7.9312,26.819000000000003,9.013,-3.6270000000000002
0.2311,-3.9156,7.799,26.548,8.92,-3.492
0.3005,-3.9156,7.6668,26.277,9.013,-3.3579999999999997
0.2542,-3.8926,7.6668,26.277,9.013,-3.4250000000000003
0.2311,-3.8926,7.6668,26.368000000000002,8.92,-3.492
0.2311,-3.8696,7.6668,26.368000000000002,8.92,-3.492
0.208,-3.8696,7.6668,26.277,8.827,-3.492
0.208,-3.8465,7.5346,26.097,8.827,-3.4250000000000003
0.2311,-3.8235,7.6668,25.916,8.92,-3.4250000000000003
0.2311,-3.8235,7.5346,25.825999999999997,8.92,-3.3579999999999997
0.2311,-3.8465,7.5346,25.735,8.734,-3.3579999999999997
0.2311,-3.8465,7.5346,25.735,8.734,-3.3579999999999997
0.1849,-3.8005,7.5346,25.644999999999996,8.641,-3.4250000000000003
0.1618,-3.6853,7.4025,25.013,8.176,-3.3579999999999997
0.1849,-3.7314,7.4025,25.103,8.455,-3.4250000000000003
0.1849,-3.7314,7.4025,25.103,8.455,-3.4250000000000003
0.1618,-3.7774,7.5346,25.644999999999996,8.455,-3.4250000000000003
0.208,-3.8235,7.5346,25.644999999999996,8.734,-3.4250000000000003
0.2542,-3.8465,7.6668,25.916,8.92,-3.4250000000000003
0.208,-3.8696,7.5346,26.097,8.92,-3.492
0.208,-3.8696,7.5346,26.097,8.92,-3.492
0.1849,-3.8465,7.6668,25.916,8.734,-3.559
0.208,-3.8465,7.6668,26.006,8.734,-3.492
0.1386,-3.8465,7.6668,25.916,8.362,-3.492
-0.0,-3.8235,7.6668,25.644999999999996,7.619,-3.694
-0.0693,-3.8005,7.5346,25.644999999999996,7.34,-3.761
0.2311,-3.8235,7.799,25.916,8.548,-3.4250000000000003
0.416,-3.8005,7.799,25.916,9.57,-3.224
0.4623,-3.8005,7.799,25.825999999999997,10.035,-3.1559999999999997
0.3236,-3.8235,7.799,26.006,9.477,-3.3579999999999997
0.1849,-3.8005,7.799,25.916,8.734,-3.559
0.1155,-3.8235,7.6668,25.916,8.269,-3.6270000000000002
0.1618,-3.8235,7.6668,25.916,8.641,-3.559
0.3236,-3.8465,7.6668,25.916,9.291,-3.3579999999999997
0.208,-3.8005,7.5346,25.825999999999997,9.013,-3.3579999999999997
0.1386,-3.7774,7.5346,25.644999999999996,8.269,-3.6270000000000002
0.0924,-3.7774,7.5346,25.465,7.9910000000000005,-3.559
-0.0,-3.7544,7.5346,25.555,7.712,-3.559
-0.0462,-3.7774,7.5346,25.644999999999996,7.433,-3.6270000000000002
0.0462,-3.8235,7.799,25.916,7.805,-3.6270000000000002
0.1386,-3.8465,7.799,26.187,8.269,-3.559
0.2773,-3.9156,8.0634,26.729,9.291,-3.492
0.4854,-3.8926,8.0634,26.638,10.314,-3.224
0.5779,-3.9156,8.0634,26.729,10.778,-3.1559999999999997
0.4392,-3.9387,8.0634,27.0,10.128,-3.4250000000000003
0.3467,-3.9847,8.0634,27.361,9.942,-3.492
0.3698,-3.9847,8.1956,27.541000000000004,10.035,-3.492
0.3005,-4.0308,8.3278,27.722,9.756,-3.6270000000000002
0.2542,-4.0769,8.3278,27.993000000000002,9.384,-3.694
0.208,-4.0999,8.46,28.083,9.199,-3.828
0.1849,-4.1229,8.46,28.264,9.199,-3.828
0.3236,-4.169,8.5922,28.805999999999997,10.128,-3.694
0.3698,-4.2151,8.5922,28.986,10.405999999999999,-3.694
0.3467,-4.2381,8.8565,29.256999999999998,10.314,-3.761
0.3236,-4.2151,8.8565,29.348,10.314,-3.761
0.3467,-4.2381,8.8565,29.348,10.405999999999999,-3.694
0.3005,-4.2612,8.8565,29.348,10.221,-3.694
0.2542,-4.2612,8.8565,29.348,9.942,-3.895
0.3005,-4.2842,8.9887,29.528,10.035,-3.963
0.3467,-4.2842,9.1209,29.618000000000002,10.314,-3.828
0.3698,-4.2842,8.9887,29.709,10.685,-3.828
0.3698,-4.3072,8.9887,29.709,10.685,-3.895
0.3236,-4.3303,9.1209,29.799000000000003,10.405999999999999,-3.895
0.2773,-4.3763,8.9887,29.889000000000003,10.128,-3.828
0.2542,-4.3072,8.9887,29.709,9.849,-3.895
0.2311,-4.2842,8.8565,29.618000000000002,9.942,-3.963
0.2773,-4.3072,8.8565,29.618000000000002,10.128,-3.963
0.3236,-4.3303,8.8565,29.799000000000003,10.221,-3.963
0.3236,-4.3303,8.8565,29.889000000000003,10.314,-3.895
0.3005,-4.3303,8.9887,29.980000000000004,10.314,-3.895
0.2542,-4.2842,8.8565,29.618000000000002,10.035,-3.895
0.208,-4.3072,8.7243,29.528,9.756,-3.895
0.208,-4.3072,8.7243,29.528,9.756,-3.895
0.208,-4.3072,8.7243,29.348,9.663,-3.828
0.208,-4.3072,8.7243,29.348,9.663,-3.828
0.3005,-4.2381,8.7243,29.348,9.942,-3.828
0.3005,-4.2151,8.7243,29.167,9.942,-3.895
0.3005,-4.192,8.46,28.896,9.849,-3.694
0.2773,-4.146,8.3278,28.264,9.57,-3.761
0.208,-4.0999,8.3278,28.264,9.384,-3.694
0.208,-4.1229,8.3278,28.264,9.384,-3.694
0.208,-4.1229,8.3278,28.264,9.384,-3.694
0.2311,-4.0308,8.1956,27.631999999999998,9.291,-3.694
0.2542,-3.9617,7.9312,26.819000000000003,9.013,-3.694
0.208,-3.9617,7.9312,26.819000000000003,8.92,-3.559
0.208,-3.9156,7.9312,26.819000000000003,8.92,-3.559
0.1849,-3.9156,7.9312,27.0,8.92,-3.694
0.208,-3.9387,7.9312,26.729,8.827,-3.559
0.2311,-3.8926,7.9312,26.548,8.92,-3.6270000000000002
0.2311,-3.7314,7.4025,25.374,8.548,-3.4250000000000003
0.208,-3.7083,7.2703,25.194000000000003,8.455,-3.3579999999999997
0.208,-3.7314,7.4025,25.194000000000003,8.362,-3.4250000000000003
0.208,-3.7083,7.2703,25.284,8.362,-3.4250000000000003
0.1849,-3.7083,7.4025,25.103,8.269,-3.291
0.1849,-3.6392,7.2703,24.923000000000002,8.269,-3.3579999999999997
0.1849,-3.5471,7.0059,24.11,8.083,-3.1559999999999997
0.1618,-3.478,6.7415,23.477999999999998,7.898,-3.089
0.1386,-3.4319,6.8737,23.207,7.712,-3.224
0.1618,-3.4089,6.7415,23.026,7.526000000000001,-3.089
0.1386,-3.4089,6.7415,22.936,7.433,-3.1559999999999997
0.1386,-3.3859,6.6093,22.846000000000004,7.433,-3.089
0.0462,-3.455,6.6093,23.207,6.968,-3.224
0.0462,-3.455,6.6093,23.207,6.968,-3.224
0.1386,-3.4089,6.6093,23.026,7.34,-3.089
0.2542,-3.4319,6.6093,23.207,7.9910000000000005,-2.955
0.2773,-3.455,6.6093,23.387999999999998,8.176,-2.955
0.208,-3.478,6.6093,23.117,7.712,-3.0220000000000002
0.1618,-3.4089,6.7415,22.936,7.433,-3.089
0.1618,-3.4089,6.7415,22.936,7.433,-3.089
0.1386,-3.3859,6.7415,22.665000000000003,7.247,-3.1559999999999997
0.2311,-3.3859,6.6093,22.575,7.712,-3.0220000000000002
0.3005,-3.3628,6.4771,22.394,8.083,-2.955
0.2773,-3.3628,6.4771,22.485,7.9910000000000005,-2.821
0.208,-3.3168,6.6093,22.485,7.619,-2.955
0.1849,-3.3398,6.6093,22.394,7.526000000000001,-3.0220000000000002
0.2311,-3.3168,6.345,22.122999999999998,7.898,-2.888
0.2311,-3.2937,6.345,22.214,7.619,-2.888
0.208,-3.2937,6.4771,22.214,7.526000000000001,-2.955
0.1618,-3.3168,6.4771,22.394,7.34,-2.955
0.1618,-3.3168,6.4771,22.214,7.433,-2.888
0.1618,-3.2707,6.4771,21.852,7.34,-2.888
0.1849,-3.2477,6.345,21.762,7.34,-2.821
0.208,-3.2477,6.4771,21.852,7.526000000000001,-2.888
0.208,-3.2937,6.4771,22.214,7.619,-2.888
0.208,-3.4089,6.6093,23.026,7.898,-3.089
0.2542,-3.455,6.6093,23.296999999999997,7.9910000000000005,-3.089
0.2311,-3.478,6.7415,23.477999999999998,7.9910000000000005,-3.089
0.2542,-3.478,6.7415,23.749,8.176,-3.089
0.3005,-3.5471,6.8737,23.839000000000002,8.362,-3.089
0.2542,-3.5471,7.0059,24.020000000000003,8.362,-3.1559999999999997
0.2542,-3.5932,7.0059,24.381,8.455,-3.291
0.2311,-3.5932,7.0059,24.291,8.362,-3.291
0.2311,-3.5932,7.0059,24.11,8.176,-3.224
0.208,-3.6162,7.1381,24.381,8.083,-3.224
0.2311,-3.6392,7.2703,24.832,8.362,-3.224
0.2542,-3.8005,7.4025,25.644999999999996,8.827,-3.3579999999999997
0.2542,-3.7544,7.4025,25.644999999999996,8.827,-3.3579999999999997
0.2542,-3.7544,7.4025,25.644999999999996,8.827,-3.3579999999999997
0.2542,-3.8005,7.5346,25.825999999999997,8.92,-3.291
0.2311,-3.8005,7.5346,25.825999999999997,8.641,-3.4250000000000003
0.1849,-3.8696,7.6668,26.277,8.734,-3.4250000000000003
0.208,-3.8926,7.9312,26.638,8.827,-3.492
0.2542,-3.9156,7.9312,26.909,9.013,-3.4250000000000003
0.2773,-3.9156,7.9312,27.0,9.199,-3.559
0.2773,-3.9387,8.0634,27.361,9.291,-3.492
0.3236,-3.9387,8.0634,27.271,9.57,-3.492
0.3467,-3.9617,8.0634,27.361,9.57,-3.492
0.3236,-3.9617,8.0634,27.451,9.477,-3.492
0.2311,-4.0078,8.1956,27.631999999999998,9.384,-3.6270000000000002
0.2311,-4.0538,8.1956,27.993000000000002,9.384,-3.694
0.2542,-4.0769,8.46,28.354,9.57,-3.694
0.2773,-4.0999,8.3278,28.445,9.663,-3.694
0.3005,-4.1229,8.3278,28.625,9.57,-3.694
0.2542,-4.0999,8.1956,28.354,9.57,-3.6270000000000002
0.2542,-4.0078,8.1956,27.722,9.384,-3.559
0.2542,-4.0078,8.1956,27.722,9.384,-3.559
0.2311,-4.0308,8.1956,27.631999999999998,9.199,-3.559
0.2311,-4.192,8.5922,28.986,9.663,-3.694
0.3467,-4.192,8.5922,29.256999999999998,10.035,-3.694
0.3236,-4.2151,8.46,28.896,9.849,-3.6270000000000002
0.3236,-4.2151,8.46,28.896,9.849,-3.6270000000000002
0.2773,-4.2151,8.5922,29.167,9.756,-3.761
0.208,-4.2151,8.7243,29.348,9.663,-3.828
0.208,-4.2381,8.8565,29.618000000000002,9.663,-3.963
0.208,-4.2612,8.8565,29.799000000000003,9.663,-3.895
0.2311,-4.3303,8.8565,30.07,10.035,-3.828
0.3005,-4.3072,8.9887,29.980000000000004,10.221,-3.828
0.3236,-4.3072,8.9887,29.980000000000004,10.221,-3.828
0.2542,-4.2842,8.8565,29.980000000000004,10.128,-3.828
0.208,-4.2612,8.8565,29.889000000000003,9.942,-3.828
0.208,-4.2842,8.8565,29.980000000000004,9.849,-3.895
0.2311,-4.3072,8.9887,30.07,9.849,-3.895
0.208,-4.3303,8.9887,30.16,9.663,-3.895
0.208,-4.3303,8.8565,30.16,9.942,-3.895
0.2311,-4.3072,8.8565,29.889000000000003,9.849,-3.828
0.2311,-4.2612,8.8565,29.709,9.849,-3.828
0.208,-4.2612,8.8565,29.618000000000002,9.756,-3.761
0.208,-4.2612,8.8565,29.618000000000002,9.756,-3.761
0.208,-4.2381,8.7243,29.528,9.477,-3.828
0.208,-4.2381,8.7243,29.348,9.57,-3.828
0.208,-4.2381,8.7243,29.348,9.57,-3.828
0.208,-4.192,8.46,28.986,9.57,-3.694
0.2542,-4.146,8.46,28.896,9.663,-3.694
0.2542,-4.1229,8.3278,28.625,9.57,-3.694
0.2542,-4.0999,8.3278,28.354,9.57,-3.694
0.2311,-4.0769,8.3278,28.354,9.477,-3.694
0.2311,-4.0769,8.3278,28.174,9.199,-3.761
0.208,-4.0769,8.1956,28.083,9.106,-3.694
0.2311,-3.9847,8.0634,27.451,9.199,-3.559
0.2311,-3.8465,7.5346,26.458,8.92,-3.492
0.1618,-3.7774,7.5346,25.735,8.362,-3.3579999999999997
0.1849,-3.7544,7.5346,25.644999999999996,8.362,-3.3579999999999997
0.1618,-3.7774,7.4025,25.644999999999996,8.455,-3.3579999999999997
0.2311,-3.7314,7.2703,25.735,8.641,-3.4250000000000003
0.2311,-3.7774,7.2703,25.735,8.734,-3.3579999999999997
0.2311,-3.7774,7.2703,25.735,8.734,-3.3579999999999997
0.208,-3.6623,7.1381,25.103,8.455,-3.291
0.208,-3.6623,7.1381,25.103,8.455,-3.291
0.1849,-3.6623,7.1381,25.013,8.269,-3.291
0.1618,-3.6392,7.1381,24.923000000000002,8.269,-3.224
0.1849,-3.6162,7.0059,24.561999999999998,8.083,-3.224
0.1849,-3.5471,7.0059,24.2,8.083,-3.224
0.2311,-3.501,7.0059,24.020000000000003,8.362,-3.089
0.2311,-3.501,7.0059,23.839000000000002,8.176,-3.0220000000000002
0.2311,-3.501,7.0059,23.839000000000002,8.176,-3.0220000000000002
0.0924,-3.478,7.1381,23.749,7.247,-3.224
0.0231,-3.501,7.0059,23.749,7.154,-3.291
-0.0231,-3.4319,6.7415,23.567999999999998,6.783,-3.291
-0.0231,-3.4319,6.7415,23.567999999999998,6.783,-3.291
0.2542,-3.4089,6.6093,23.117,8.083,-2.821
0.208,-3.4089,6.4771,23.117,7.9910000000000005,-2.955
0.208,-3.3859,6.4771,23.117,7.9910000000000005,-3.0220000000000002
0.2773,-3.4319,6.4771,23.207,8.083,-2.955
0.3005,-3.4319,6.6093,23.207,8.269,-2.955
0.3236,-3.3859,6.6093,23.296999999999997,8.455,-2.955
0.2542,-3.3859,6.4771,23.117,8.176,-2.955
0.208,-3.3628,6.4771,22.846000000000004,7.805,-3.0220000000000002
0.208,-3.3168,6.6093,22.756,7.619,-3.0220000000000002
0.1849,-3.3859,6.6093,22.936,7.619,-3.0220000000000002
0.1849,-3.3859,6.6093,22.936,7.619,-3.0220000000000002
0.208,-3.4089,6.4771,23.117,7.9910000000000005,-2.955
0.2542,-3.3628,6.6093,23.026,7.9910000000000005,-2.955
0.208,-3.4319,6.6093,23.207,7.805,-2.955
0.0693,-3.3859,6.7415,23.296999999999997,7.154,-3.1559999999999997
-0.0,-3.478,6.7415,23.659,6.8759999999999994,-3.1559999999999997
0.0924,-3.478,7.0059,24.020000000000003,7.154,-3.1559999999999997
0.1618,-3.501,6.8737,24.11,7.712,-3.089
0.3698,-3.501,7.0059,24.2,9.106,-2.955
0.5547,-3.5241,7.1381,24.470999999999997,9.849,-2.821
0.416,-3.6392,7.1381,25.194000000000003,9.57,-3.1559999999999997
0.3236,-3.6853,7.2703,25.374,9.199,-3.224
0.2542,-3.7314,7.4025,25.735,9.013,-3.3579999999999997
0.2773,-3.7544,7.5346,25.916,9.013,-3.291
0.2773,-3.8696,7.6668,26.729,9.013,-3.291
0.3005,-3.9617,7.9312,27.541000000000004,9.57,-3.492
0.3005,-3.9847,8.0634,27.903,9.57,-3.6270000000000002
0.2542,-4.0308,8.1956,28.174,9.663,-3.559
0.2542,-4.0308,8.1956,28.264,9.663,-3.6270000000000002
0.2311,-4.0078,8.1956,28.174,9.384,-3.6270000000000002
0.2542,-4.0538,8.0634,28.083,9.291,-3.694
0.3005,-4.0538,7.9312,27.903,9.477,-3.559
0.2773,-4.0538,7.799,27.631999999999998,9.477,-3.492
0.3005,-4.0078,7.799,27.541000000000004,9.291,-3.4250000000000003
0.3005,-3.9847,7.799,27.451,9.384,-3.4250000000000003
0.208,-4.1229,8.0634,28.354,9.106,-3.6270000000000002
0.2311,-4.0308,8.0634,28.083,9.477,-3.559
0.3005,-4.0078,8.0634,27.993000000000002,9.756,-3.559
0.3236,-4.0078,8.0634,27.993000000000002,9.756,-3.492
0.2773,-4.0538,8.1956,28.354,9.849,-3.559
0.2542,-4.192,8.46,29.256999999999998,9.849,-3.694
0.2542,-4.192,8.46,29.256999999999998,9.849,-3.694
0.2542,-4.2151,8.5922,29.438,9.756,-3.761
0.2542,-4.1229,8.1956,28.445,9.384,-3.6270000000000002
0.2311,-4.0538,8.1956,28.264,9.291,-3.6270000000000002
0.2311,-4.0999,8.1956,28.715000000000003,9.57,-3.694
0.2542,-4.146,8.46,29.077,9.663,-3.694
0.2311,-4.169,8.46,29.077,9.57,-3.694
0.2311,-4.0538,8.0634,28.354,9.477,-3.492
0.2311,-4.0538,8.0634,28.354,9.477,-3.492
0.2542,-4.0308,8.0634,27.993000000000002,9.477,-3.559
0.2542,-4.169,8.46,29.256999999999998,9.663,-3.6270000000000002
0.2542,-4.2151,8.7243,29.980000000000004,9.942,-3.761
0.2542,-4.2612,8.7243,30.16,10.128,-3.761
0.2542,-4.2381,8.5922,29.528,9.756,-3.694
0.2773,-4.0769,8.3278,28.354,9.477,-3.492
0.2773,-4.0769,8.3278,28.354,9.477,-3.492
0.2773,-4.0769,8.3278,28.715000000000003,9.477,-3.492
0.2311,-4.1229,8.3278,29.077,9.477,-3.761
0.208,-4.2151,8.7243,29.618000000000002,9.57,-3.828
0.208,-4.2612,8.7243,29.709,9.57,-3.828
0.2773,-4.192,8.46,29.348,9.756,-3.761
0.2311,-4.0769,8.1956,28.354,9.384,-3.6270000000000002
0.208,-4.0999,8.3278,28.535,9.291,-3.694
0.208,-4.146,8.3278,29.167,9.384,-3.828
0.208,-4.2381,8.5922,29.528,9.477,-3.895
0.208,-4.2381,8.7243,29.528,9.477,-3.828
0.3005,-4.146,8.3278,28.986,9.849,-3.6270000000000002
0.3467,-4.0999,8.3278,28.896,10.035,-3.559
0.3005,-4.1229,8.3278,28.715000000000003,9.849,-3.559
0.2542,-4.146,8.3278,28.715000000000003,9.663,-3.694
0.2311,-4.146,8.3278,28.896,9.57,-3.694
0.2542,-4.0999,8.3278,28.625,9.477,-3.6270000000000002
0.2542,-4.0999,8.1956,28.445,9.477,-3.6270000000000002
0.208,-4.0538,8.1956,28.354,9.199,-3.694
0.2311,-4.0769,8.1956,28.445,9.384,-3.694
0.2311,-4.0538,8.1956,28.264,9.57,-3.6270000000000002
0.2542,-4.0308,8.0634,28.083,9.384,-3.6270000000000002
0.2311,-3.9617,8.0634,27.541000000000004,9.106,-3.559
0.2311,-3.9387,7.9312,27.361,9.013,-3.492
0.2311,-3.9617,7.9312,27.451,9.106,-3.492
0.208,-3.9617,8.0634,27.722,9.106,-3.6270000000000002
0.2311,-3.9847,8.0634,27.631999999999998,9.199,-3.559
0.2311,-3.9847,8.0634,27.631999999999998,9.199,-3.559
0.2773,-3.8696,7.799,26.729,9.106,-3.4250000000000003
0.2773,-3.8696,7.799,26.729,9.013,-3.4250000000000003
0.2542,-3.8696,7.799,26.729,9.013,-3.4250000000000003
0.2311,-3.8926,7.6668,26.729,8.92,-3.4250000000000003
0.2311,-3.8465,7.6668,26.638,8.92,-3.492
0.2311,-3.8235,7.5346,26.368000000000002,8.827,-3.4250000000000003
0.208,-3.7774,7.5346,26.187,8.827,-3.3579999999999997
0.208,-3.7544,7.5346,25.916,8.641,-3.3579999999999997
0.2311,-3.7544,7.4025,25.825999999999997,8.641,-3.4250000000000003
0.2311,-3.7544,7.4025,25.825999999999997,8.641,-3.3579999999999997
0.2311,-3.7544,7.2703,25.916,8.641,-3.3579999999999997
0.2311,-3.7544,7.2703,25.916,8.641,-3.3579999999999997
0.2311,-3.7314,7.4025,25.825999999999997,8.641,-3.3579999999999997
0.208,-3.6853,7.2703,25.644999999999996,8.548,-3.224
0.2311,-3.6623,7.2703,25.465,8.548,-3.291
0.208,-3.6623,7.2703,25.374,8.455,-3.291
0.2311,-3.6392,7.2703,25.465,8.548,-3.291
0.2311,-3.7083,7.4025,25.555,8.548,-3.291
-0.0,-3.5932,7.1381,25.103,7.247,-3.4250000000000003
0.0462,-3.6162,7.1381,25.103,7.433,-3.3579999999999997
0.1618,-3.6853,7.2703,25.735,7.9910000000000005,-3.224
0.3929,-3.7083,7.5346,26.187,9.477,-3.224
0.5085,-3.6162,7.799,25.555,10.314,-2.955
0.5085,-3.6162,7.799,25.555,10.314,-2.955
0.3929,-3.8696,7.4025,26.729,9.57,-3.291
0.3929,-3.7083,7.1381,25.374,9.106,-3.089
0.3467,-3.6623,6.8737,24.923000000000002,8.827,-3.089
0.2773,-3.6162,7.0059,24.832,8.641,-3.224
0.1618,-3.6853,7.2703,25.644999999999996,8.176,-3.3579999999999997
0.0924,-3.7774,7.2703,25.825999999999997,7.9910000000000005,-3.559
0.1386,-3.7544,7.4025,25.916,8.176,-3.4250000000000003
0.3236,-3.7544,7.4025,26.187,9.199,-3.291
0.3236,-3.7544,7.4025,26.187,9.199,-3.291
0.3005,-3.8696,7.799,27.09,9.384,-3.4250000000000003
0.2773,-3.8465,7.799,27.09,9.291,-3.492
0.208,-3.8235,7.5346,26.638,8.734,-3.492
0.2773,-3.8696,7.799,27.09,9.199,-3.559
0.3005,-3.9156,7.799,27.631999999999998,9.291,-3.559
0.3005,-3.9617,7.9312,27.903,9.477,-3.492
0.3236,-3.9617,8.0634,27.993000000000002,9.756,-3.492
0.3236,-3.9617,7.9312,27.993000000000002,9.663,-3.559
0.3005,-4.0078,8.0634,27.993000000000002,9.663,-3.6270000000000002
0.2542,-4.0078,8.0634,28.264,9.477,-3.694
0.2311,-4.0078,8.0634,28.264,9.199,-3.694
0.1849,-3.9617,7.9312,27.812,8.92,-3.694
0.2311,-3.9617,7.9312,27.812,9.199,-3.6270000000000002
0.2542,-4.0538,8.3278,28.535,9.477,-3.694
0.2773,-4.169,8.46,29.348,9.942,-3.761
0.2773,-4.169,8.46,29.348,9.942,-3.761
0.2542,-4.2381,8.7243,30.07,10.035,-3.895
0.2311,-4.2151,8.7243,29.618000000000002,9.663,-3.828
0.2773,-4.0538,8.3278,28.805999999999997,9.57,-3.761
0.2542,-4.0308,8.0634,27.993000000000002,9.384,-3.6270000000000002
0.208,-4.0308,8.1956,28.354,9.199,-3.694
0.2542,-4.192,8.46,29.528,9.756,-3.828
0.2542,-4.192,8.46,29.528,9.756,-3.828
0.3005,-4.169,8.3278,29.256999999999998,9.942,-3.761
0.3005,-4.192,8.3278,29.438,9.942,-3.694
0.2773,-4.2151,8.7243,29.709,9.849,-3.761
0.2311,-4.2381,8.7243,29.980000000000004,9.942,-3.895
0.2773,-4.3303,8.8565,30.612,10.128,-3.963
0.2773,-4.3303,8.8565,30.612,10.128,-3.963
0.2542,-4.2612,8.5922,29.980000000000004,9.849,-3.963
0.2773,-4.146,8.3278,29.077,9.849,-3.828
0.2542,-4.169,8.46,29.348,9.849,-3.761
0.2311,-4.2381,8.7243,29.889000000000003,9.756,-3.761
0.208,-4.2151,8.8565,29.889000000000003,9.849,-3.895
0.2542,-4.2151,8.7243,29.889000000000003,9.942,-3.761
0.2542,-4.192,8.7243,29.709,9.849,-3.761
0.2542,-4.192,8.7243,29.709,9.849,-3.761
0.2311,-4.2151,8.5922,29.528,9.756,-3.761
0.2542,-4.192,8.7243,29.528,9.756,-3.828
0.2311,-4.192,8.7243,29.618000000000002,9.663,-3.761
0.2311,-4.146,8.46,29.348,9.57,-3.828
0.2311,-4.146,8.46,29.348,9.57,-3.828
0.2773,-4.1229,8.46,29.256999999999998,9.849,-3.694
0.2542,-4.1229,8.46,29.256999999999998,9.756,-3.761
0.2311,-4.0999,8.46,29.077,9.57,-3.828
0.208,-4.0308,8.1956,28.445,9.384,-3.6270000000000002
0.208,-4.0308,8.1956,28.445,9.384,-3.6270000000000002
0.208,-4.0308,8.0634,28.174,9.199,-3.6270000000000002
0.1849,-3.9847,8.0634,28.174,9.106,-3.6270000000000002
0.1849,-3.9847,8.0634,28.083,8.92,-3.6270000000000002
0.1849,-4.0308,7.9312,28.174,9.106,-3.6270000000000002
0.2542,-3.9387,8.0634,27.993000000000002,9.384,-3.6270000000000002
0.2542,-3.8235,7.799,26.909,9.013,-3.492
0.208,-3.8465,7.6668,26.729,8.92,-3.4250000000000003
0.2311,-3.8235,7.799,26.729,8.734,-3.4250000000000003
0.2311,-3.8235,7.6668,26.729,8.827,-3.3579999999999997
0.2311,-3.8005,7.6668,26.729,8.92,-3.4250000000000003
0.2311,-3.7774,7.5346,26.548,8.92,-3.4250000000000003
0.2311,-3.6392,7.2703,25.555,8.455,-3.224
0.3467,-3.5932,7.2703,25.194000000000003,8.92,-3.1559999999999997
0.2542,-3.5471,7.1381,25.013,8.641,-3.0220000000000002
0.1849,-3.5701,7.1381,25.013,8.269,-3.1559999999999997
0.1849,-3.5701,7.1381,25.013,8.269,-3.1559999999999997
0.2542,-3.5701,7.1381,25.194000000000003,8.455,-3.1559999999999997
0.2773,-3.5701,7.1381,25.013,8.734,-3.089
0.2542,-3.5932,7.1381,25.103,8.362,-3.1559999999999997
0.208,-3.5701,7.0059,24.923000000000002,8.269,-3.1559999999999997
0.2542,-3.5241,7.0059,24.742,8.362,-3.089
0.208,-3.501,6.8737,24.470999999999997,8.176,-3.089
0.1849,-3.478,7.0059,24.291,8.083,-3.089
0.1849,-3.478,6.8737,24.2,7.9910000000000005,-3.089
0.2311,-3.478,7.0059,24.291,8.269,-3.0220000000000002
0.2311,-3.478,7.0059,24.291,8.269,-3.0220000000000002
0.208,-3.478,7.0059,24.291,8.083,-3.0220000000000002
0.1849,-3.478,7.0059,24.381,8.269,-3.0220000000000002
0.2311,-3.455,7.0059,24.291,8.269,-3.0220000000000002
0.2542,-3.501,7.0059,24.381,8.362,-3.0220000000000002
0.2311,-3.478,7.0059,24.561999999999998,8.269,-3.089
0.2311,-3.501,7.0059,24.651999999999997,8.269,-3.089
0.208,-3.478,7.0059,24.561999999999998,8.455,-3.0220000000000002
0.208,-3.478,7.0059,24.561999999999998,8.455,-3.0220000000000002
0.208,-3.5701,7.1381,25.284,8.362,-3.089
0.2311,-3.6162,7.1381,25.555,8.734,-3.1559999999999997
0.2542,-3.5932,7.1381,25.284,8.362,-3.1559999999999997
0.2311,-3.5241,7.0059,24.561999999999998,8.176,-3.089
0.2542,-3.478,7.0059,24.291,8.269,-3.0220000000000002
0.2311,-3.5241,7.1381,24.832,8.455,-3.0220000000000002
0.2773,-3.6162,7.4025,25.644999999999996,8.92,-3.089
0.2542,-3.8465,7.6668,27.09,9.106,-3.3579999999999997
0.2542,-3.8465,7.6668,27.0,9.199,-3.3579999999999997
0.2773,-3.7774,7.5346,26.548,9.013,-3.224
0.3236,-3.7544,7.5346,26.277,9.199,-3.1559999999999997
0.2773,-3.7774,7.6668,26.638,9.013,-3.3579999999999997
0.2773,-3.8235,7.9312,27.271,9.199,-3.492
0.3698,-3.8926,7.9312,27.722,9.756,-3.3579999999999997
0.3929,-3.8696,7.9312,27.541000000000004,9.942,-3.291
0.3467,-3.8696,7.799,27.271,9.477,-3.224
0.208,-3.8235,7.799,26.909,8.92,-3.492
0.0924,-3.8696,7.9312,27.451,8.455,-3.6270000000000002
-0.1155,-3.9617,8.0634,27.993000000000002,7.34,-4.03
0.0231,-3.9156,7.9312,27.903,8.083,-3.761
0.1849,-3.9156,7.9312,27.722,8.827,-3.559
0.208,-3.9156,8.0634,27.722,9.013,-3.4250000000000003
0.208,-3.9387,8.0634,28.083,9.291,-3.492
0.2773,-4.0308,8.3278,28.715000000000003,9.663,-3.6270000000000002
0.3929,-4.0999,8.3278,28.986,10.221,-3.492
0.3929,-4.0999,8.3278,28.986,10.221,-3.492
0.4854,-4.0078,8.3278,28.715000000000003,10.591999999999999,-3.291
0.416,-4.0308,8.3278,28.805999999999997,10.405999999999999,-3.4250000000000003
0.416,-4.0308,8.3278,28.805999999999997,10.405999999999999,-3.4250000000000003
0.3005,-4.0999,8.7243,29.528,10.035,-3.6270000000000002
0.2542,-4.1229,8.7243,29.618000000000002,9.849,-3.828
0.2542,-4.146,8.5922,29.528,9.849,-3.761
0.3005,-4.146,8.46,29.438,9.942,-3.559
0.3236,-4.146,8.46,29.348,10.035,-3.6270000000000002
0.3005,-4.192,8.7243,29.618000000000002,10.035,-3.694
0.3005,-4.192,8.8565,29.980000000000004,10.128,-3.761
0.2773,-4.192,8.7243,29.980000000000004,10.035,-3.828
0.2542,-4.2842,8.9887,30.792,10.221,-3.895
0.2542,-4.2842,8.9887,30.792,10.221,-3.895
0.2311,-4.2842,9.1209,31.244,10.221,-3.963
0.2542,-4.3763,9.1209,31.515,10.314,-3.895
0.3005,-4.2612,8.8565,30.612,10.221,-3.761
0.3005,-4.192,8.46,29.528,9.942,-3.6270000000000002
0.2311,-4.0999,8.46,29.077,9.663,-3.694
0.208,-4.169,8.7243,29.618000000000002,9.57,-3.828
0.208,-4.169,8.7243,29.618000000000002,9.57,-3.828
0.1618,-4.2612,8.8565,30.430999999999997,9.663,-3.963
0.1618,-4.2612,8.8565,30.16,9.57,-3.895
0.208,-4.2151,8.7243,29.889000000000003,9.663,-3.761
0.208,-4.2151,8.7243,29.889000000000003,9.663,-3.761
0.3236,-4.169,8.5922,29.618000000000002,10.128,-3.559
0.3005,-4.192,8.7243,29.889000000000003,10.128,-3.694
0.2542,-4.2151,8.8565,30.251,10.128,-3.828
0.2773,-4.192,8.7243,29.799000000000003,10.035,-3.694
0.2542,-4.1229,8.46,29.167,9.663,-3.6270000000000002
0.2542,-4.0538,8.3278,28.715000000000003,9.57,-3.559
0.2773,-4.0078,8.3278,28.535,9.384,-3.6270000000000002
0.2542,-4.0308,8.3278,28.715000000000003,9.477,-3.559
0.2542,-4.0308,8.1956,28.715000000000003,9.57,-3.559
0.3005,-3.9617,8.1956,28.174,9.477,-3.492
0.3005,-3.9387,8.0634,27.812,9.477,-3.492
0.2773,-3.8696,7.9312,27.451,9.477,-3.4250000000000003
0.2311,-3.9156,8.0634,27.541000000000004,9.106,-3.559
0.208,-3.9156,7.9312,27.631999999999998,9.013,-3.492
0.208,-3.8465,7.799,27.361,8.92,-3.559
0.3005,-3.7544,7.5346,26.187,8.92,-3.3579999999999997
0.2542,-3.6853,7.4025,25.916,8.734,-3.1559999999999997
0.208,-3.6623,7.4025,25.825999999999997,8.548,-3.1559999999999997
0.208,-3.6392,7.4025,25.644999999999996,8.548,-3.224
0.208,-3.5932,7.2703,25.374,8.362,-3.1559999999999997
0.208,-3.5932,7.2703,25.374,8.362,-3.1559999999999997
0.1618,-3.5471,7.1381,25.103,8.176,-3.089
0.208,-3.5471,7.1381,25.103,8.176,-3.1559999999999997
0.1849,-3.5241,7.1381,24.923000000000002,8.269,-3.089
0.2311,-3.478,7.0059,24.651999999999997,8.176,-3.089
0.1849,-3.4319,7.0059,24.020000000000003,8.083,-3.0220000000000002
0.208,-3.4319,6.7415,23.929000000000002,7.9910000000000005,-2.955
0.208,-3.455,6.8737,24.020000000000003,8.083,-2.888
0.208,-3.4089,6.8737,23.929000000000002,7.898,-3.0220000000000002
0.208,-3.4089,6.6093,23.929000000000002,7.898,-3.0220000000000002
0.208,-3.3628,6.6093,23.749,7.9910000000000005,-2.955
0.2311,-3.3628,6.6093,23.477999999999998,7.898,-2.955
0.2542,-3.3398,6.6093,23.477999999999998,7.898,-2.888
0.2542,-3.3398,6.6093,23.477999999999998,7.898,-2.888
0.2311,-3.3628,6.6093,23.296999999999997,7.898,-2.888
0.208,-3.3168,6.7415,23.117,7.805,-2.821
0.208,-3.3168,6.7415,23.117,7.805,-2.821
0.208,-3.3168,6.7415,23.117,7.805,-2.888
0.2542,-3.3168,6.6093,23.207,7.805,-2.955
0.2311,-3.2707,6.6093,23.026,7.712,-2.821
0.1849,-3.2477,6.6093,22.846000000000004,7.526000000000001,-2.753
0.1155,-3.2246,6.6093,22.665000000000003,7.34,-2.955
0.1849,-3.3398,6.8737,23.839000000000002,7.805,-3.0220000000000002
0.3005,-3.3168,6.6093,23.207,8.083,-2.753
0.2542,-3.3628,6.7415,23.929000000000002,8.269,-2.955
0.2311,-3.455,7.0059,24.561999999999998,8.269,-2.955
0.2311,-3.455,7.0059,24.561999999999998,8.269,-2.955
0.2311,-3.4319,7.0059,24.561999999999998,8.176,-3.0220000000000002
0.208,-3.4089,7.0059,24.11,8.083,-2.888
0.2311,-3.455,7.1381,24.561999999999998,8.269,-2.888
0.2773,-3.5932,7.1381,25.825999999999997,8.548,-3.0220000000000002
0.2542,-3.3859,6.8737,24.020000000000003,8.176,-2.888
0.2542,-3.3859,6.8737,24.020000000000003,8.176,-2.888
0.208,-3.4319,6.7415,24.020000000000003,7.805,-2.955
0.1386,-3.478,7.1381,24.470999999999997,7.805,-3.0220000000000002
0.1618,-3.6392,7.2703,25.644999999999996,7.9910000000000005,-3.3579999999999997
0.3005,-3.6853,7.799,26.909,9.291,-3.1559999999999997
0.416,-3.5701,7.6668,25.916,9.57,-2.821
0.3929,-3.7083,7.4025,26.187,9.291,-2.955
0.3929,-3.6623,7.2703,25.825999999999997,9.106,-2.955
0.3236,-3.501,7.1381,25.103,8.734,-2.955
0.2311,-3.5701,7.0059,24.832,8.269,-3.0220000000000002
0.1618,-3.5241,7.0059,24.742,7.805,-3.089
0.1849,-3.7083,7.4025,26.006,8.455,-3.3579999999999997
0.2542,-3.7544,7.799,27.18,9.199,-3.291
0.2773,-3.7083,7.9312,27.18,9.199,-3.224
0.3236,-3.8235,7.799,27.361,9.291,-3.224
0.3698,-3.8465,7.799,27.541000000000004,9.477,-3.1559999999999997
0.3236,-3.7544,7.6668,26.909,9.384,-3.224
0.3005,-3.8235,7.799,27.451,9.013,-3.224
0.208,-3.8926,8.0634,27.903,9.013,-3.559
0.1618,-3.9617,8.0634,28.535,8.827,-3.6270000000000002
0.1849,-3.9847,8.3278,28.986,9.106,-3.694
0.208,-3.9617,8.3278,28.805999999999997,9.199,-3.6270000000000002
0.2542,-3.9387,8.1956,28.354,9.291,-3.4250000000000003
0.3236,-4.0308,8.1956,28.986,9.756,-3.492
0.3467,-4.1229,8.3278,29.618000000000002,10.128,-3.492
0.3236,-4.169,8.7243,30.430999999999997,10.221,-3.6270000000000002
0.3236,-4.2381,8.9887,30.973000000000003,10.405999999999999,-3.761
0.3236,-4.2842,9.1209,31.154000000000003,10.405999999999999,-3.761
0.2773,-4.2381,8.9887,31.154000000000003,10.314,-3.761
0.2542,-4.3072,9.1209,31.334,10.221,-3.828
0.2311,-4.2842,9.3853,31.424,10.128,-3.895
0.3005,-4.4224,9.3853,32.507999999999996,10.685,-3.828
0.3467,-4.5376,9.5175,32.778999999999996,10.778,-3.895
0.3236,-4.5376,9.6497,32.869,10.964,-3.895
0.3467,-4.5606,9.6497,33.050000000000004,11.15,-3.895
