0,1,2,3,4,5
0.6703,-0.0691,1.7184,-0.451,-0.5569999999999999,0.604
0.6703,-0.046,1.7184,-0.541,-0.5569999999999999,0.5369999999999999
0.6703,-0.0691,1.7184,-0.541,-0.46399999999999997,0.5369999999999999
0.6703,-0.0691,1.5862,-0.6320000000000001,-0.5569999999999999,0.5369999999999999
0.6934,-0.0921,1.5862,-0.451,-0.5569999999999999,0.671
0.6703,-0.0691,1.7184,-0.541,-0.5569999999999999,0.5369999999999999
0.6934,-0.0691,1.7184,-0.541,-0.5569999999999999,0.47
0.6934,-0.0691,1.7184,-0.541,-0.5569999999999999,0.47
0.6934,-0.0691,1.7184,-0.541,-0.5569999999999999,0.5369999999999999
0.6934,-0.0691,1.7184,-0.451,-0.5569999999999999,0.604
0.6934,-0.046,1.8506,-0.361,-0.7430000000000001,0.604
0.6934,-0.0691,1.5862,-0.451,-0.5569999999999999,0.671
0.6934,-0.0691,1.454,-0.361,-0.7430000000000001,0.671
0.6703,-0.046,1.454,-0.541,-0.5569999999999999,0.671
0.6703,-0.0691,1.7184,-0.451,-0.65,0.5369999999999999
0.6703,-0.046,1.7184,-0.361,-0.7430000000000001,0.604
0.6703,-0.0921,1.7184,-0.541,-0.5569999999999999,0.604
0.6934,-0.0691,1.7184,-0.451,-0.5569999999999999,0.604
0.6703,-0.0691,1.7184,-0.541,-0.5569999999999999,0.5369999999999999
0.6934,-0.0921,1.5862,-0.451,-0.5569999999999999,0.671
0.6934,-0.0691,1.5862,-0.451,-0.5569999999999999,0.671
0.6934,-0.046,1.5862,-0.451,-0.65,0.671
0.6934,-0.0691,1.7184,-0.451,-0.5569999999999999,0.604
0.6934,-0.0691,1.454,-0.541,-0.5569999999999999,0.671
0.6703,-0.0921,1.7184,-0.541,-0.5569999999999999,0.604
0.6703,-0.046,1.5862,-0.451,-0.65,0.671
0.6703,-0.046,1.7184,-0.451,-0.5569999999999999,0.604
0.6703,-0.046,1.7184,-0.451,-0.65,0.604
0.6934,-0.046,1.7184,-0.541,-0.5569999999999999,0.5369999999999999
0.6934,-0.0691,1.7184,-0.361,-0.5569999999999999,0.604
0.6934,-0.0691,1.7184,-0.361,-0.5569999999999999,0.604
0.6703,-0.0921,1.7184,-0.361,-0.7430000000000001,0.604
0.6934,-0.0691,1.5862,-0.451,-0.65,0.604
0.6934,-0.0691,1.5862,-0.451,-0.5569999999999999,0.671
0.6703,-0.0921,1.5862,-0.361,-0.7430000000000001,0.671
0.6703,-0.046,1.5862,-0.451,-0.65,0.671
0.6934,-0.0691,1.7184,-0.541,-0.5569999999999999,0.5369999999999999
0.6703,-0.046,1.7184,-0.451,-0.5569999999999999,0.604
0.6934,-0.0691,1.5862,-0.451,-0.5569999999999999,0.671
0.6934,-0.0691,1.5862,-0.451,-0.5569999999999999,0.671
0.6934,-0.0691,1.7184,-0.361,-0.7430000000000001,0.604
0.6703,-0.046,1.5862,-0.451,-0.46399999999999997,0.671
0.6703,-0.046,1.5862,-0.451,-0.46399999999999997,0.671
0.6703,-0.0691,1.7184,-0.451,-0.5569999999999999,0.604
0.6703,-0.0691,1.7184,-0.541,-0.5569999999999999,0.5369999999999999
0.6934,-0.0921,1.5862,-0.6320000000000001,-0.65,0.5369999999999999
0.7165,-0.0691,1.5862,-0.361,-0.7430000000000001,0.604
0.6703,-0.0691,1.5862,-0.451,-0.5569999999999999,0.671
0.6703,-0.046,1.5862,-0.361,-0.65,0.604
0.6934,-0.046,1.5862,-0.361,-0.5569999999999999,0.604
0.6703,-0.0691,1.7184,-0.361,-0.7430000000000001,0.671
0.6934,-0.046,1.5862,-0.451,-0.5569999999999999,0.604
0.6934,-0.046,1.5862,-0.451,-0.5569999999999999,0.604
0.6934,-0.0921,1.5862,-0.361,-0.65,0.604
0.6934,-0.0691,1.5862,-0.451,-0.5569999999999999,0.671
0.6703,-0.0691,1.5862,-0.451,-0.5569999999999999,0.5369999999999999
0.6703,-0.046,1.7184,-0.451,-0.5569999999999999,0.604
0.4854,-0.2073,1.8506,-0.451,-1.672,0.738
-0.0924,-0.5758,2.6437,-0.361,-4.553,1.544
-0.1386,-0.4837,2.6437,-0.541,-3.902,1.544
0.2773,-0.3224,2.115,-0.541,-2.23,1.141
0.4392,-0.2073,1.9828,-0.722,-1.393,0.806
0.6241,-0.1612,1.7184,-0.8119999999999999,-0.836,0.604
0.6241,-0.1382,1.8506,-0.8119999999999999,-0.7430000000000001,0.738
0.6472,-0.1382,1.8506,-0.722,-0.5569999999999999,0.671
0.6472,-0.1382,1.7184,-0.903,-0.65,0.604
0.6472,-0.1382,1.7184,-0.903,-0.65,0.604
0.6703,-0.1382,1.7184,-0.903,-0.65,0.604
0.6472,-0.0921,1.7184,-0.6320000000000001,-0.7430000000000001,0.604
0.6703,-0.1151,1.7184,-0.8119999999999999,-0.65,0.604
0.6703,-0.1612,1.7184,-0.903,-0.65,0.604
0.6703,-0.1382,1.7184,-0.722,-0.65,0.671
0.5316,-0.2303,2.115,-0.8119999999999999,-1.393,0.671
-0.0924,-0.4837,3.569,-1.173,-3.809,1.41
-0.3929,-0.5297,3.9656,-1.2640000000000002,-4.274,1.746
0.2773,-0.2994,2.3793,-0.722,-2.044,1.0739999999999998
0.2773,-0.2994,2.115,-0.993,-2.137,0.94
0.0231,-0.3915,2.9081,-1.2640000000000002,-3.066,1.343
-0.0462,-0.5067,3.0403,-1.2640000000000002,-3.066,1.343
0.2773,-0.5297,2.3793,-0.903,-2.23,1.141
0.0693,-0.5758,2.9081,-1.173,-2.601,1.2759999999999998
-0.0462,-0.5988,3.0403,-1.444,-2.694,1.41
-0.0231,-0.5297,2.9081,-1.2640000000000002,-2.508,1.41
0.0231,-0.4376,2.9081,-1.3539999999999999,-2.322,1.343
-0.0462,-0.3685,3.4368,-2.167,-1.8579999999999999,1.612
-0.0462,-0.3685,3.4368,-2.167,-1.8579999999999999,1.612
-0.1849,-0.5528,3.7012,-1.986,-1.672,1.6789999999999998
-0.208,-0.5758,3.7012,-1.986,-1.4860000000000002,1.612
-0.2542,-0.5297,3.7012,-1.986,-1.393,1.4769999999999999
-0.2773,-0.5528,3.7012,-1.986,-1.393,1.4769999999999999
-0.3467,-0.5528,3.8334,-2.076,-1.3,1.544
-0.5085,-0.4837,3.9656,-2.799,-1.115,1.6789999999999998
-0.5547,-0.4146,4.0978,-3.07,-1.022,1.88
-0.5316,-0.1612,4.0978,-3.612,-0.65,2.149
-0.3005,0.5297,4.4943,-4.785,0.46399999999999997,2.3499999999999996
-0.5316,0.5758,4.8909,-5.237,0.185,2.753
-0.5547,0.6219,5.0231,-5.417999999999999,0.185,2.686
-0.6472,0.6679,5.2875,-5.869,0.371,2.619
-0.7628,0.6449,5.2875,-5.779,0.092,2.753
-1.1095,0.3455,5.8162,-5.869,-0.371,3.0220000000000002
-1.1789,0.1382,6.0806,-5.869,-0.371,3.089
-0.9015,-0.0691,6.0806,-5.869,0.0,3.0220000000000002
-0.4623,-0.023,6.0806,-5.779,0.836,2.955
-0.0,0.0921,6.2128,-6.14,1.765,2.821
0.0924,0.046,6.345,-6.14,1.765,2.955
0.0924,0.046,6.345,-6.14,1.765,2.955
-0.0924,-0.2533,5.9484,-5.237,0.836,2.619
0.1618,-0.691,6.0806,-4.515000000000001,1.022,1.343
0.1618,-0.691,6.0806,-4.515000000000001,1.022,1.343
0.6472,-0.9904,6.2128,-4.515000000000001,1.8579999999999999,-0.134
0.7859,-1.1747,6.2128,-4.334,1.951,-0.671
0.7397,-1.2898,6.0806,-4.063,1.8579999999999999,-0.806
0.7165,-1.3359,6.0806,-3.792,1.672,-0.94
0.8552,-1.2438,6.0806,-3.8819999999999997,1.8579999999999999,-1.0739999999999998
0.9246,-1.1747,6.2128,-4.063,2.044,-1.141
0.9477,-1.0825,6.345,-4.244,2.322,-1.2759999999999998
0.9939,-1.0595,6.2128,-4.334,2.508,-1.2089999999999999
0.9939,-1.2438,6.345,-3.973,2.322,-1.41
1.0633,-1.405,6.4771,-3.973,2.601,-1.544
1.202,-1.405,6.4771,-3.973,2.787,-1.6789999999999998
1.3176,-1.3129,6.6093,-4.244,3.252,-1.746
1.3869,-1.2668,6.7415,-4.334,3.53,-1.813
1.5256,-1.405,7.0059,-4.515000000000001,4.088,-2.015
1.6874,-1.5432,6.8737,-4.424,4.181,-2.2159999999999997
1.803,-1.7044,6.8737,-4.1530000000000005,4.553,-2.283
1.7105,-1.9348,6.7415,-3.612,4.088,-2.149
1.5718,-1.9578,6.6093,-3.431,3.809,-1.88
1.41,-1.7505,7.0059,-3.702,3.53,-1.2759999999999998
1.3176,-1.6814,7.0059,-3.8819999999999997,3.4379999999999997,-1.141
1.2944,-1.8657,7.1381,-3.792,3.252,-0.94
1.1095,-2.4185,7.0059,-2.799,2.973,-0.94
1.1558,-2.2803,6.8737,-2.889,2.973,-1.007
1.2251,-2.2342,6.8737,-3.16,3.066,-0.873
1.2251,-2.2572,7.1381,-3.07,3.066,-0.873
1.1789,-2.4415,7.0059,-2.889,2.787,-0.94
0.9708,-2.8791,6.8737,-2.076,2.137,-1.0739999999999998
0.7397,-3.0404,6.7415,-1.625,1.672,-0.873
0.6703,-2.9482,6.8737,-1.715,1.672,-0.738
0.6472,-2.9943,6.8737,-1.715,1.672,-0.671
0.6703,-3.2937,6.8737,-1.3539999999999999,1.4860000000000002,-0.671
0.6472,-3.3398,7.0059,-1.3539999999999999,1.5790000000000002,-0.806
0.6934,-3.3398,7.0059,-1.3539999999999999,1.5790000000000002,-0.671
0.6241,-3.3398,7.0059,-1.083,1.4860000000000002,-0.671
0.5547,-3.4089,7.0059,-0.993,1.3,-0.5369999999999999
0.4623,-3.4089,7.0059,-0.993,1.115,-0.5369999999999999
0.4392,-3.4089,7.1381,-0.993,1.022,-0.47
0.3236,-3.501,7.1381,-0.903,0.9289999999999999,-0.403
0.3236,-3.501,7.1381,-0.903,0.9289999999999999,-0.403
0.2773,-3.501,7.2703,-0.903,0.7430000000000001,-0.268
0.2311,-3.5932,7.2703,-0.903,0.836,-0.335
0.2311,-3.5932,7.2703,-0.903,0.836,-0.335
0.3005,-3.7083,7.4025,-0.8119999999999999,0.836,-0.335
0.3236,-3.6853,7.4025,-0.6320000000000001,0.836,-0.268
0.3698,-3.6392,7.2703,-0.451,0.836,-0.403
0.2311,-3.6162,7.2703,-0.451,0.5569999999999999,-0.335
0.1618,-3.6392,7.4025,-0.451,0.46399999999999997,-0.201
0.0924,-3.6623,7.4025,-0.451,0.46399999999999997,-0.268
0.0693,-3.7314,7.5346,-0.451,0.371,-0.134
0.0231,-3.7314,7.5346,-0.361,0.27799999999999997,-0.268
0.0231,-3.7083,7.4025,-0.361,0.5569999999999999,-0.335
-0.0231,-3.6853,7.4025,-0.09,0.371,-0.335
-0.1386,-3.6392,7.2703,-0.09,0.092,-0.134
-0.208,-3.6392,7.2703,-0.18,-0.092,-0.134
-0.208,-3.6623,7.4025,-0.27,-0.092,-0.067
-0.0924,-3.7083,7.4025,-0.27,0.092,-0.268
-0.0231,-3.7544,7.4025,-0.09,0.371,-0.268
-0.0231,-3.7544,7.4025,-0.09,0.371,-0.335
-0.0231,-3.8005,7.4025,-0.09,0.371,-0.335
-0.0693,-3.7774,7.4025,-0.09,0.371,-0.335
-0.0231,-3.8235,7.5346,-0.09,0.65,-0.335
-0.0,-3.8465,7.5346,-0.09,0.7430000000000001,-0.403
-0.0462,-3.8465,7.5346,-0.09,0.65,-0.403
-0.2542,-3.7314,7.4025,-0.09,0.371,-0.201
-0.2542,-3.7314,7.4025,-0.09,0.371,-0.201
-0.3005,-3.7314,7.2703,0.0,0.27799999999999997,-0.134
-0.2311,-3.7544,7.4025,0.0,0.27799999999999997,-0.134
-0.2311,-3.7774,7.2703,0.09,0.371,-0.201
-0.3005,-3.8005,7.4025,0.0,0.092,-0.201
-0.3929,-3.7774,7.4025,0.18,-0.371,-0.134
-0.5316,-3.7083,7.4025,0.09,-0.7430000000000001,0.067
-0.5779,-3.7314,7.5346,0.18,-0.836,0.134
-0.6472,-3.7083,7.5346,0.18,-0.9289999999999999,0.134
-0.6472,-3.8235,7.6668,0.27,-0.836,0.067
-0.6472,-3.8235,7.6668,0.27,-0.836,0.067
-0.5779,-3.8926,7.6668,0.27,-0.65,-0.0
-0.5085,-3.8926,7.6668,0.361,-0.5569999999999999,-0.0
-0.4854,-3.9617,7.799,0.451,-0.371,-0.067
-0.3929,-3.9387,7.799,0.541,-0.46399999999999997,-0.067
-0.3236,-3.9847,7.799,0.451,-0.185,-0.134
-0.4392,-4.0078,7.9312,0.361,-0.371,-0.134
-0.4392,-4.0078,7.9312,0.361,-0.371,-0.134
-0.5547,-4.0538,8.0634,0.451,-0.46399999999999997,-0.0
-0.5316,-4.169,8.0634,0.451,-0.185,-0.067
-0.5085,-4.192,8.0634,0.361,-0.092,-0.134
-0.5085,-4.2381,8.1956,0.451,-0.092,-0.134
-0.5316,-4.2612,8.1956,0.361,0.0,-0.0
-0.6241,-4.2612,8.1956,0.18,-0.092,0.067
-0.8784,-4.2381,8.46,0.0,-0.185,0.201
-0.9708,-4.2151,8.7243,-0.18,-0.185,0.335
-0.9939,-4.192,8.7243,-0.27,-0.185,0.335
-1.0864,-4.2612,8.9887,-0.451,0.185,0.335
-1.1789,-4.3072,9.2531,-0.451,0.185,0.403
-1.3869,-4.3303,9.5175,-0.8119999999999999,0.185,0.403
-1.5025,-4.3303,9.6497,-0.8119999999999999,0.092,0.5369999999999999
-1.6181,-4.3072,9.6497,-0.993,-0.092,0.604
-1.803,-4.2381,9.5175,-0.993,-0.185,0.738
-1.7799,-4.2612,9.3853,-0.8119999999999999,-0.185,0.671
-1.803,-4.2381,9.2531,-0.8119999999999999,-0.185,0.738
-1.7568,-4.3072,9.2531,-0.6320000000000001,-0.185,0.671
-1.5487,-4.5376,9.3853,-0.361,-0.092,0.47
-1.3176,-4.6758,9.3853,-0.18,0.371,0.201
-0.9939,-4.814,9.2531,0.09,1.022,-0.134
-0.9939,-4.814,9.2531,0.09,1.022,-0.134
-1.0633,-4.7449,9.2531,0.27,0.46399999999999997,-0.067
-1.1095,-4.7449,9.1209,0.18,0.5569999999999999,-0.0
-0.8552,-4.7679,8.9887,0.541,0.5569999999999999,-0.201
-0.6703,-4.814,8.8565,0.6320000000000001,0.9289999999999999,-0.335
-0.5779,-4.814,8.8565,0.722,1.207,-0.47
-0.5316,-4.7449,8.7243,0.8119999999999999,1.115,-0.47
-0.5547,-4.6758,8.5922,0.903,0.9289999999999999,-0.47
-0.5085,-4.6758,8.3278,0.993,0.5569999999999999,-0.403
-0.4623,-4.6527,8.46,0.993,0.65,-0.47
-0.4392,-4.6297,8.3278,0.993,0.836,-0.47
-0.5085,-4.6527,8.3278,0.993,0.836,-0.335
-0.5085,-4.6527,8.3278,0.993,0.836,-0.335
-0.6703,-4.6527,8.3278,0.8119999999999999,0.46399999999999997,-0.335
-0.6472,-4.6527,8.46,0.8119999999999999,0.27799999999999997,-0.268
-0.5779,-4.6758,8.3278,0.722,0.46399999999999997,-0.268
-0.416,-4.7218,8.3278,0.903,0.5569999999999999,-0.47
-0.3236,-4.7218,8.1956,0.903,0.7430000000000001,-0.604
-0.1386,-4.7449,8.0634,0.903,0.9289999999999999,-0.604
-0.1386,-4.7218,8.0634,0.903,0.9289999999999999,-0.671
-0.0,-4.7679,7.9312,0.903,1.207,-0.806
0.0462,-4.7449,7.9312,0.8119999999999999,1.3,-0.806
0.0231,-4.7218,7.9312,0.722,1.022,-0.671
0.0231,-4.7218,7.9312,0.722,1.022,-0.671
-0.0231,-4.6758,7.9312,0.6320000000000001,0.836,-0.604
-0.0231,-4.6758,7.9312,0.6320000000000001,0.836,-0.604
-0.1618,-4.6297,7.9312,0.6320000000000001,0.65,-0.47
-0.2542,-4.6297,7.9312,0.541,0.46399999999999997,-0.403
-0.3698,-4.6297,7.9312,0.541,0.185,-0.403
-0.3467,-4.6067,7.799,0.361,0.185,-0.268
-0.3467,-4.6067,7.799,0.361,0.185,-0.268
-0.3005,-4.6067,7.799,0.451,0.27799999999999997,-0.335
-0.1849,-4.6527,7.799,0.451,0.371,-0.403
-0.0924,-4.6758,7.9312,0.361,0.46399999999999997,-0.47
-0.0924,-4.7218,7.9312,0.27,0.371,-0.5369999999999999
-0.1849,-4.6988,7.9312,0.18,0.27799999999999997,-0.335
-0.3236,-4.6297,8.0634,0.18,-0.092,-0.268
-0.3236,-4.6297,8.0634,0.18,-0.092,-0.268
-0.4392,-4.5376,7.9312,0.18,-0.27799999999999997,-0.067
-0.4392,-4.5606,7.9312,0.18,-0.27799999999999997,-0.201
-0.4392,-4.5606,7.799,0.18,-0.185,-0.201
-0.416,-4.6067,7.9312,0.0,-0.185,-0.268
-0.3005,-4.6527,7.9312,0.0,0.0,-0.201
-0.2773,-4.6527,7.799,-0.09,0.185,-0.201
-0.3467,-4.6297,7.9312,-0.18,0.092,-0.335
-0.3467,-4.6297,7.799,-0.18,0.0,-0.268
-0.3005,-4.6297,7.6668,-0.18,0.0,-0.134
-0.2542,-4.6527,7.799,-0.09,0.185,-0.268
-0.1849,-4.6758,7.9312,-0.09,0.27799999999999997,-0.268
-0.2311,-4.6758,7.799,-0.27,0.185,-0.201
-0.2311,-4.6758,7.799,-0.27,0.185,-0.201
-0.416,-4.6297,7.6668,-0.361,0.0,-0.201
-0.4392,-4.6297,7.6668,-0.18,-0.185,-0.134
-0.4623,-4.5836,7.5346,-0.18,-0.27799999999999997,-0.134
-0.3467,-4.6067,7.5346,-0.18,-0.092,-0.134
-0.2773,-4.6067,7.5346,-0.27,0.092,-0.201
-0.208,-4.6297,7.799,-0.18,0.092,-0.335
-0.2542,-4.6758,7.6668,-0.27,0.0,-0.201
-0.416,-4.5836,7.6668,-0.27,-0.371,-0.134
-0.4623,-4.5376,7.5346,-0.18,-0.46399999999999997,-0.0
-0.3929,-4.5836,7.5346,-0.09,-0.371,-0.067
-0.2773,-4.6067,7.5346,0.0,-0.185,-0.067
-0.1618,-4.6758,7.799,0.0,-0.185,-0.201
-0.1618,-4.6988,7.799,0.0,-0.092,-0.201
-0.3929,-4.6297,7.799,-0.09,-0.5569999999999999,-0.134
-0.4623,-4.5836,7.799,-0.18,-0.7430000000000001,-0.067
-0.5085,-4.5836,7.799,-0.18,-0.9289999999999999,0.067
-0.5316,-4.5836,7.799,-0.18,-0.9289999999999999,0.067
-0.5085,-4.6067,7.799,-0.09,-0.836,-0.0
-0.4392,-4.6297,7.799,0.0,-0.65,-0.067
-0.3698,-4.6988,7.9312,0.09,-0.46399999999999997,-0.134
-0.3698,-4.7218,8.0634,0.0,-0.5569999999999999,-0.134
-0.416,-4.7218,7.9312,-0.09,-0.5569999999999999,-0.067
-0.4854,-4.7449,7.9312,-0.18,-0.65,-0.067
-0.4854,-4.7909,8.1956,-0.09,-0.65,-0.067
-0.4392,-4.7909,8.1956,-0.18,-0.371,-0.134
-0.1849,-4.86,8.0634,0.0,0.092,-0.201
-0.1386,-4.8831,8.1956,0.0,0.092,-0.335
-0.0924,-4.9291,8.1956,0.0,0.092,-0.335
-0.0231,-4.9291,8.1956,0.0,0.185,-0.403
0.2542,-5.0213,8.3278,0.0,0.9289999999999999,-0.671
0.2311,-5.0213,8.3278,-0.09,0.7430000000000001,-0.738
0.0231,-4.9752,8.3278,-0.09,0.5569999999999999,-0.604
-0.3467,-4.9522,8.46,-0.27,-0.185,-0.268
-0.416,-4.9522,8.46,-0.09,-0.371,-0.201
-0.2773,-5.0443,8.46,0.0,-0.185,-0.335
-0.0462,-5.0904,8.5922,-0.18,0.27799999999999997,-0.604
0.1155,-5.1134,8.46,-0.09,0.46399999999999997,-0.671
0.2311,-5.0673,8.46,0.0,0.7430000000000001,-0.738
0.2311,-5.0904,8.46,0.09,0.7430000000000001,-0.738
0.1618,-5.1364,8.5922,0.0,0.46399999999999997,-0.671
0.0462,-5.1134,8.7243,-0.09,0.27799999999999997,-0.604
-0.0462,-5.1364,8.7243,-0.09,0.185,-0.604
-0.0924,-5.1825,8.8565,-0.09,0.185,-0.5369999999999999
-0.0,-5.2286,8.7243,-0.18,0.371,-0.671
0.2311,-5.2977,8.8565,-0.361,0.9289999999999999,-0.806
0.3236,-5.2977,8.9887,-0.361,1.3,-0.873
0.3236,-5.2977,8.9887,-0.361,1.3,-0.873
0.4623,-5.4589,9.1209,-0.6320000000000001,1.672,-1.0739999999999998
0.4392,-5.4589,9.2531,-0.6320000000000001,1.672,-1.0739999999999998
0.416,-5.505,9.2531,-0.903,1.765,-1.0739999999999998
0.3698,-5.528,9.3853,-0.993,1.951,-1.2089999999999999
0.3467,-5.551,9.3853,-0.993,2.044,-1.141
0.416,-5.5741,9.3853,-1.2640000000000002,2.322,-1.2089999999999999
0.416,-5.6201,9.3853,-1.2640000000000002,2.322,-1.2759999999999998
0.2773,-5.551,9.2531,-1.2640000000000002,1.951,-1.2089999999999999
0.3005,-5.5971,9.2531,-1.3539999999999999,2.044,-1.2759999999999998
0.3467,-5.6201,9.3853,-1.625,2.415,-1.2759999999999998
0.3467,-5.6201,9.3853,-1.625,2.415,-1.2759999999999998
0.3236,-5.6432,9.3853,-1.625,2.322,-1.2089999999999999
0.208,-5.6662,9.5175,-1.806,2.23,-1.2089999999999999
0.2542,-5.6892,9.5175,-1.806,2.23,-1.2089999999999999
0.2542,-5.6892,9.5175,-1.806,2.23,-1.2089999999999999
0.5316,-5.6662,9.3853,-1.896,2.787,-1.544
0.7165,-5.6432,9.3853,-1.896,2.973,-1.612
0.8321,-5.6662,9.5175,-1.896,3.066,-1.746
0.9246,-5.6432,9.3853,-1.806,3.345,-1.746
0.9939,-5.7123,9.5175,-1.896,3.1590000000000003,-1.746
0.9939,-5.7123,9.5175,-1.896,3.1590000000000003,-1.813
0.9477,-5.7123,9.5175,-1.896,2.973,-1.746
0.9015,-5.7123,9.5175,-1.986,2.601,-1.544
0.7397,-5.7814,9.5175,-1.986,2.137,-1.343
0.7397,-5.7814,9.5175,-1.986,2.137,-1.343
0.3236,-5.7353,9.2531,-1.625,1.022,-1.007
-0.0231,-5.6432,9.2531,-1.625,0.27799999999999997,-0.738
-0.3929,-5.528,9.1209,-1.444,-0.5569999999999999,-0.335
-1.0171,-5.3668,9.2531,-1.715,-1.5790000000000002,0.47
-1.2713,-5.4589,9.3853,-1.715,-1.765,0.604
-1.2251,-5.5741,9.5175,-1.806,-1.672,0.604
-1.1558,-5.6432,9.5175,-1.806,-1.672,0.47
-1.1326,-5.6662,9.5175,-1.715,-1.765,0.47
-1.0402,-5.6892,9.6497,-1.625,-1.765,0.47
-0.9246,-5.6662,9.5175,-1.625,-1.765,0.47
-0.7397,-5.6201,9.7818,-1.806,-1.393,0.403
-0.1849,-5.5971,10.0462,-2.257,-0.185,0.134
-0.1849,-5.5971,10.0462,-2.257,-0.185,0.134
0.2311,-5.8274,10.0462,-1.986,0.7430000000000001,-0.403
0.3467,-5.9196,10.0462,-1.896,1.022,-0.604
0.3698,-5.9426,10.0462,-1.896,0.9289999999999999,-0.604
0.4623,-5.8505,10.0462,-2.076,1.3,-0.738
0.6241,-5.8044,10.1784,-2.5280000000000005,1.672,-0.94
1.0171,-5.9887,10.7072,-2.979,2.973,-1.4769999999999999
0.9939,-6.0347,10.7072,-3.07,3.1590000000000003,-1.612
1.0402,-6.0347,10.8393,-3.25,3.252,-1.6789999999999998
1.2944,-5.7353,11.1037,-3.792,3.995,-1.88
1.4794,-5.6201,11.1037,-4.334,4.6450000000000005,-2.015
1.4794,-5.6201,11.1037,-4.334,4.6450000000000005,-2.015
1.8261,-5.4819,11.3681,-4.785,5.667999999999999,-2.3499999999999996
1.9648,-5.4359,11.5003,-4.966,6.132,-2.3499999999999996
2.3578,-5.2516,11.2359,-5.327,6.69,-2.686
2.4965,-5.1825,11.3681,-5.507999999999999,6.968,-2.753
2.4271,-5.0904,11.3681,-5.598,6.968,-2.5519999999999996
2.2884,-4.9752,11.6325,-5.959,6.8759999999999994,-2.3499999999999996
2.0573,-4.9061,11.5003,-5.869,6.5969999999999995,-1.947
1.8261,-4.814,11.7647,-5.689,6.2250000000000005,-1.4769999999999999
1.5718,-4.7449,11.5003,-5.507999999999999,5.575,-0.604
1.5025,-4.7909,11.5003,-5.327,5.11,-0.403
1.4563,-4.86,11.5003,-5.417999999999999,4.924,-0.201
1.41,-4.837,11.3681,-5.147,4.553,-0.067
1.41,-4.7449,11.5003,-5.147,4.367,0.067
1.3638,-4.5836,11.3681,-5.237,4.088,0.201
1.3407,-4.4685,11.3681,-5.327,3.902,0.604
1.2251,-4.4224,11.5003,-5.147,3.345,1.0739999999999998
1.2251,-4.4224,11.5003,-5.147,3.345,1.0739999999999998
1.0864,-4.5836,11.3681,-4.785,2.787,1.343
1.1789,-4.4915,11.3681,-4.8759999999999994,2.88,1.343
1.3407,-4.3533,11.3681,-5.237,3.066,1.2089999999999999
1.3869,-4.3763,11.3681,-5.147,2.88,0.94
1.2944,-4.4224,11.3681,-5.237,2.508,0.873
1.3176,-4.4915,11.3681,-4.966,2.322,0.738
1.3176,-4.5836,11.3681,-4.785,2.044,0.671
1.2944,-4.6527,11.2359,-4.605,2.044,0.47
1.3176,-4.5836,11.1037,-4.785,1.8579999999999999,0.403
1.3638,-4.5836,11.1037,-4.694999999999999,1.765,0.403
1.4331,-4.6297,11.1037,-4.785,1.8579999999999999,0.268
1.5025,-4.814,10.9715,-4.424,1.672,-0.134
1.41,-4.8831,11.1037,-4.334,1.5790000000000002,-0.201
1.3407,-4.9291,11.1037,-4.424,1.3,-0.335
1.2482,-4.9061,11.1037,-4.515000000000001,1.115,-0.335
1.202,-4.814,11.1037,-4.515000000000001,1.022,-0.335
1.1789,-4.7449,10.9715,-4.515000000000001,0.836,-0.201
0.9939,-4.7218,10.8393,-4.424,0.5569999999999999,0.201
0.9477,-4.814,10.8393,-4.424,0.46399999999999997,0.268
1.2482,-4.6758,10.7072,-4.515000000000001,1.022,-0.134
1.3638,-4.6988,10.7072,-4.515000000000001,1.393,-0.268
1.3638,-4.6988,10.7072,-4.515000000000001,1.393,-0.268
1.2944,-4.86,10.9715,-4.244,1.207,-0.403
1.2251,-4.837,10.7072,-4.1530000000000005,0.836,-0.335
1.0864,-4.9522,10.7072,-4.244,0.5569999999999999,-0.335
1.1095,-4.9291,10.7072,-4.244,0.5569999999999999,-0.335
1.2482,-4.9061,10.7072,-4.244,0.7430000000000001,-0.5369999999999999
1.4794,-4.837,10.575,-3.973,1.3,-1.007
1.4794,-4.837,10.575,-3.973,1.3,-1.007
1.7799,-4.6297,10.575,-4.334,1.765,-1.141
1.595,-4.5836,10.4428,-4.244,1.393,-1.141
1.3638,-4.5376,10.4428,-4.334,0.5569999999999999,-0.94
1.2482,-4.3533,10.3106,-4.605,0.46399999999999997,-0.873
1.2251,-4.169,10.3106,-5.056000000000001,0.5569999999999999,-0.738
0.9477,-3.6392,10.0462,-5.869,0.5569999999999999,-0.5369999999999999
0.7859,-3.455,10.0462,-5.869,0.185,-0.201
0.5316,-3.3398,9.914,-5.959,-0.27799999999999997,-0.067
0.208,-3.2937,9.7818,-5.869,-0.836,0.134
0.1618,-3.2246,9.6497,-5.959,-0.836,0.268
0.601,-3.0404,9.5175,-6.14,0.371,0.067
0.601,-2.9252,9.3853,-6.23,0.9289999999999999,0.335
0.601,-2.9252,9.3853,-6.23,0.9289999999999999,0.335
0.3005,-2.8561,9.2531,-6.05,0.5569999999999999,1.2759999999999998
0.1849,-2.9252,8.9887,-5.779,0.27799999999999997,1.544
-0.0693,-2.8561,8.8565,-5.779,0.0,2.485
-0.2542,-2.6258,9.1209,-5.959,-0.185,3.089
-0.8321,-2.096,8.9887,-6.411,-1.115,4.769
-1.2251,-1.8657,8.8565,-6.411,-1.672,5.44
-1.9186,-1.6584,8.9887,-6.411,-2.973,6.112
-2.3116,-1.6123,8.5922,-6.321,-3.7159999999999997,6.112
-2.7508,-1.8426,8.46,-5.779,-4.274,5.776
-2.5658,-2.3494,8.46,-4.8759999999999994,-3.995,5.239000000000001
-2.404,-2.4415,8.46,-4.694999999999999,-3.7159999999999997,4.9030000000000005
-2.6583,-1.4971,8.46,-5.779,-3.7159999999999997,5.172
-3.0513,-1.2898,8.46,-5.869,-4.46,5.305999999999999
-3.2362,-0.9674,8.5922,-6.14,-4.553,5.172
-3.2593,-0.3685,8.5922,-7.133000000000001,-4.46,5.239000000000001
-3.2593,-0.3685,8.5922,-7.133000000000001,-4.46,5.239000000000001
-3.3287,-0.3224,8.7243,-7.224,-4.367,5.305999999999999
-3.3749,-0.3455,8.7243,-7.133000000000001,-3.809,5.037000000000001
-3.3749,-0.3455,8.7243,-7.133000000000001,-3.809,5.037000000000001
-3.3518,-0.3455,8.7243,-7.224,-3.252,5.037000000000001
-3.3518,-0.3224,8.5922,-7.314,-3.1590000000000003,4.97
-3.3055,-0.2994,8.7243,-7.314,-2.973,5.103999999999999
-3.3518,-0.1382,8.7243,-7.404,-2.508,5.037000000000001
-3.3518,-0.1151,8.7243,-7.404,-2.415,4.97
-3.3287,-0.4376,8.8565,-6.411,-2.694,4.7010000000000005
-3.3055,-0.4606,8.7243,-5.959,-2.601,4.433
-3.2593,-0.4146,8.5922,-5.869,-2.601,4.433
-3.2362,-0.2994,8.5922,-5.869,-2.508,4.433
-3.2131,-0.0921,8.7243,-5.869,-2.23,4.433
-3.2131,-0.1151,8.7243,-5.689,-2.23,4.433
-3.2362,-0.2533,8.5922,-5.237,-2.23,4.298
-3.2362,-0.3224,8.5922,-4.966,-2.137,4.231
-3.19,-0.1842,8.46,-4.8759999999999994,-2.415,4.097
-3.1668,-0.0691,8.3278,-4.966,-2.88,4.164
-3.1668,-0.0,8.46,-5.237,-2.973,4.164
-3.1437,-0.023,8.46,-5.327,-3.1590000000000003,4.164
-3.0975,-0.046,8.3278,-5.056000000000001,-3.345,4.164
-3.0513,-0.0921,8.0634,-4.8759999999999994,-3.345,4.03
-3.0282,-0.1382,8.0634,-4.424,-3.345,3.895
-2.9357,-0.2764,7.799,-4.1530000000000005,-3.53,3.694
-2.9126,-0.4146,7.6668,-3.702,-3.623,3.6270000000000002
-2.9126,-0.5067,7.5346,-3.612,-3.902,3.694
-2.9357,-0.4606,7.6668,-4.1530000000000005,-4.6450000000000005,3.828
-2.9357,-0.4606,7.6668,-4.1530000000000005,-4.6450000000000005,3.828
-2.9588,-0.3455,7.799,-4.605,-4.924,3.895
-2.9588,-0.3455,7.799,-4.605,-4.924,3.895
-2.8432,-0.1612,7.6668,-4.1530000000000005,-4.367,3.694
-2.7739,-0.023,7.4025,-4.1530000000000005,-3.995,3.559
-2.7045,0.0691,7.4025,-4.1530000000000005,-3.7159999999999997,3.492
-2.6352,0.2303,7.4025,-4.244,-3.53,3.492
-2.5889,0.3455,7.2703,-4.424,-3.252,3.4250000000000003
-2.5889,0.3455,7.2703,-4.424,-3.252,3.4250000000000003
-2.4965,0.3915,7.2703,-4.515000000000001,-2.88,3.6270000000000002
-2.5196,0.2994,7.1381,-4.334,-2.694,3.492
-2.5427,-0.2073,7.1381,-3.341,-2.601,3.089
-2.5427,-0.4837,7.1381,-2.618,-2.694,2.888
-2.5196,-0.8522,7.2703,-2.167,-2.694,2.821
-2.4734,-1.1977,7.2703,-1.3539999999999999,-2.508,2.485
-2.4271,-1.428,7.2703,-0.903,-2.322,2.149
-2.2653,-1.6123,7.0059,0.0,-2.23,1.746
-2.2653,-1.6123,7.0059,0.0,-2.23,1.746
-2.2191,-1.5202,6.8737,0.27,-2.23,1.544
-2.2191,-1.4741,7.0059,0.18,-2.322,1.4769999999999999
-2.2191,-1.4511,7.0059,0.18,-2.322,1.6789999999999998
-2.3578,-1.1516,7.2703,-0.18,-2.508,1.746
-2.3809,-0.9213,7.1381,-0.27,-2.601,1.746
-2.3347,-0.737,7.0059,-0.8119999999999999,-2.601,1.813
-2.3347,-0.6679,6.8737,-0.903,-2.601,1.947
-2.3347,-0.691,6.8737,-1.083,-2.787,2.015
-2.3347,-0.8292,6.8737,-1.173,-2.88,1.947
-2.3578,-1.0365,7.0059,-1.083,-2.973,1.947
-2.2884,-1.428,7.1381,-0.541,-2.88,1.813
-2.2884,-1.428,7.0059,-0.541,-2.787,1.746
-2.3116,-1.428,7.0059,-0.541,-2.694,1.813
-2.2422,-1.5432,7.1381,-0.6320000000000001,-2.508,1.6789999999999998
-2.2422,-1.6584,6.8737,-0.541,-2.415,1.6789999999999998
-2.1497,-1.6814,7.0059,-0.722,-2.322,1.4769999999999999
-2.011,-1.6123,7.0059,-0.993,-1.8579999999999999,1.41
-1.7568,-1.7505,7.1381,-1.3539999999999999,-1.115,0.5369999999999999
-1.7568,-1.7505,7.1381,-1.3539999999999999,-1.115,0.5369999999999999
-1.41,-2.119,7.5346,-1.444,0.371,-0.5369999999999999
-1.41,-2.119,7.5346,-1.444,0.371,-0.5369999999999999
-1.2713,-1.8426,7.5346,-2.076,1.115,-0.738
-1.1558,-1.9348,7.799,-2.167,1.393,-0.873
-1.0402,-2.1651,7.9312,-2.167,1.765,-1.007
-0.9015,-2.3033,7.9312,-2.167,2.137,-1.343
-0.6934,-2.3263,7.9312,-2.257,2.694,-1.544
-0.6703,-2.3033,8.1956,-2.5280000000000005,3.1590000000000003,-1.2759999999999998
-0.6703,-2.3033,8.1956,-2.5280000000000005,3.1590000000000003,-1.2759999999999998
-0.6241,-2.4185,8.1956,-2.257,3.252,-1.2089999999999999
-0.5085,-2.3954,8.0634,-2.167,3.345,-1.4769999999999999
-0.4392,-2.6027,8.0634,-2.076,3.1590000000000003,-1.41
-0.5547,-2.8331,8.3278,-1.715,2.973,-1.4769999999999999
-0.5547,-2.8331,8.3278,-1.715,2.973,-1.4769999999999999
-0.6241,-3.0173,7.799,-0.903,2.694,-1.6789999999999998
-0.6241,-2.8561,7.6668,-0.993,2.787,-1.6789999999999998
-0.5547,-2.8561,7.799,-0.993,2.88,-1.6789999999999998
-0.5779,-3.3628,7.9312,-0.361,2.88,-1.88
-0.5779,-3.3628,7.9312,-0.361,2.88,-1.88
-0.6703,-3.455,7.9312,-0.09,2.601,-1.88
-0.6241,-3.5471,8.0634,0.0,2.694,-1.813
-0.5779,-3.5241,8.0634,0.18,2.88,-1.88
-0.4623,-3.3398,8.0634,0.0,2.694,-1.141
-0.5316,-3.3859,8.0634,0.18,2.415,-1.141
-0.6241,-3.6162,8.0634,0.361,2.23,-1.007
-0.6934,-3.8465,8.0634,0.8119999999999999,1.951,-1.0739999999999998
-0.7397,-4.0538,7.9312,1.083,1.672,-1.0739999999999998
-0.809,-4.146,7.799,1.173,1.5790000000000002,-1.141
-0.7628,-4.0769,7.799,1.2640000000000002,1.5790000000000002,-1.007
-0.4854,-4.0308,8.3278,0.903,1.765,-0.94
-0.2773,-4.0999,8.46,0.722,2.137,-0.94
-0.208,-4.3303,8.46,0.993,2.137,-1.2089999999999999
0.1386,-4.3994,8.7243,0.6320000000000001,3.345,-1.813
0.1386,-4.3994,8.7243,0.6320000000000001,3.345,-1.813
0.3467,-4.5836,8.8565,0.722,3.7159999999999997,-2.082
0.3929,-4.7679,8.7243,0.8119999999999999,3.7159999999999997,-2.015
0.416,-5.0904,8.9887,1.173,3.7159999999999997,-1.746
0.416,-5.0904,8.9887,1.173,3.7159999999999997,-1.746
0.4623,-5.2286,9.1209,1.083,4.274,-1.6789999999999998
0.3698,-5.2286,9.1209,0.993,3.902,-1.612
0.3236,-5.3207,9.2531,0.8119999999999999,3.902,-1.6789999999999998
0.416,-5.3207,9.5175,0.8119999999999999,3.995,-1.41
0.5779,-5.4359,9.6497,0.722,4.274,-1.544
0.5779,-5.4359,9.6497,0.722,4.46,-1.544
0.4623,-5.3207,9.3853,0.6320000000000001,4.274,-1.544
0.208,-5.3207,9.5175,0.541,3.7159999999999997,-1.343
0.0693,-5.3207,9.3853,0.451,3.345,-1.2089999999999999
0.0924,-5.4359,9.6497,0.27,3.1590000000000003,-1.141
0.0924,-5.528,9.6497,0.361,3.066,-1.343
-0.1155,-5.4589,9.6497,0.18,2.508,-1.0739999999999998
-0.3929,-5.3668,9.5175,0.18,1.951,-0.873
-0.416,-5.1134,9.3853,-0.18,1.672,-0.738
-0.416,-5.1134,9.3853,-0.18,1.672,-0.738
-0.0693,-5.0904,9.5175,-0.6320000000000001,1.765,-1.0739999999999998
-0.0693,-5.0904,9.5175,-0.6320000000000001,1.765,-1.0739999999999998
-0.1849,-5.1825,9.3853,-0.361,1.4860000000000002,-0.94
-0.2542,-5.2055,9.2531,-0.27,1.207,-0.806
-0.2311,-5.2516,9.2531,-0.451,1.3,-0.806
-0.1849,-5.3437,9.5175,-0.722,1.3,-0.94
-0.2311,-5.4359,9.5175,-0.722,1.115,-0.806
-0.2542,-5.4128,9.6497,-0.722,1.207,-0.806
-0.1618,-5.3437,9.3853,-0.8119999999999999,1.393,-1.007
0.0231,-5.2516,9.3853,-0.993,1.672,-1.007
0.2542,-5.2516,9.5175,-1.083,2.137,-1.2759999999999998
0.2542,-5.3668,9.3853,-1.083,2.044,-1.2759999999999998
0.2773,-5.3898,9.5175,-0.903,1.8579999999999999,-1.2089999999999999
0.0924,-5.4589,9.3853,-0.993,1.672,-1.007
0.1386,-5.3898,9.3853,-1.173,1.5790000000000002,-1.007
0.1386,-5.3898,9.3853,-1.173,1.5790000000000002,-1.007
0.0693,-5.3437,9.2531,-1.2640000000000002,1.393,-0.873
0.0231,-5.3668,9.1209,-1.173,1.115,-0.671
-0.0693,-5.3668,9.1209,-1.173,0.836,-0.604
0.1155,-5.3898,9.1209,-1.2640000000000002,1.022,-0.671
0.2773,-5.4128,9.1209,-1.3539999999999999,1.4860000000000002,-0.806
0.3005,-5.3668,8.9887,-1.3539999999999999,1.393,-0.738
0.1849,-5.3437,8.8565,-1.2640000000000002,1.022,-0.738
0.0924,-5.3207,8.8565,-1.2640000000000002,0.836,-0.47
0.0693,-5.2746,8.8565,-1.535,0.5569999999999999,-0.5369999999999999
0.0693,-5.2746,8.8565,-1.535,0.5569999999999999,-0.5369999999999999
0.1618,-5.2055,8.8565,-1.535,0.7430000000000001,-0.5369999999999999
0.208,-5.2055,8.7243,-1.535,0.836,-0.47
0.1618,-5.2055,8.5922,-1.444,0.7430000000000001,-0.47
0.3236,-5.2286,8.5922,-1.444,0.7430000000000001,-0.604
0.3236,-5.2286,8.46,-1.3539999999999999,0.65,-0.47
0.2542,-5.1595,8.46,-1.3539999999999999,0.185,-0.47
0.1618,-5.1364,8.46,-1.173,-0.092,-0.268
0.2311,-5.0213,8.1956,-1.3539999999999999,-0.092,-0.201
0.1849,-4.9982,8.1956,-1.3539999999999999,-0.27799999999999997,-0.134
0.1849,-4.9522,8.1956,-1.444,-0.46399999999999997,-0.134
0.208,-4.9522,8.1956,-1.444,-0.46399999999999997,-0.134
0.208,-4.9522,8.1956,-1.444,-0.46399999999999997,-0.134
0.1618,-4.9752,8.1956,-1.535,-0.5569999999999999,-0.067
0.0462,-4.9291,8.1956,-1.3539999999999999,-0.7430000000000001,-0.0
-0.0693,-4.8831,8.1956,-1.3539999999999999,-0.9289999999999999,0.067
-0.0693,-4.8831,8.1956,-1.444,-0.7430000000000001,0.134
0.0231,-4.86,8.0634,-1.444,-0.46399999999999997,0.067
0.1155,-4.837,7.9312,-1.444,-0.27799999999999997,-0.067
0.1618,-4.837,7.9312,-1.444,-0.27799999999999997,-0.134
0.1849,-4.86,7.9312,-1.444,-0.371,-0.067
0.1849,-4.8831,7.9312,-1.444,-0.27799999999999997,0.067
0.1618,-4.837,7.9312,-1.535,-0.46399999999999997,-0.0
0.1155,-4.837,8.0634,-1.535,-0.46399999999999997,0.067
0.0693,-4.814,8.0634,-1.625,-0.5569999999999999,0.067
0.0462,-4.814,8.0634,-1.625,-0.5569999999999999,0.067
0.0924,-4.837,7.9312,-1.444,-0.46399999999999997,0.067
0.2773,-4.7679,7.9312,-1.625,-0.185,-0.134
0.3467,-4.7679,7.799,-1.625,0.0,-0.201
0.3467,-4.7679,7.799,-1.535,-0.185,-0.067
0.2311,-4.6988,7.799,-1.535,-0.46399999999999997,-0.067
0.2311,-4.6988,7.799,-1.535,-0.46399999999999997,-0.067
0.208,-4.7449,7.9312,-1.625,-0.5569999999999999,0.067
0.1849,-4.6527,7.799,-1.715,-0.5569999999999999,0.067
0.2311,-4.6527,7.799,-1.715,-0.27799999999999997,-0.0
0.3467,-4.6067,7.799,-1.535,-0.092,-0.0
0.416,-4.6297,7.799,-1.715,0.092,-0.134
0.416,-4.6067,7.9312,-1.806,0.092,-0.201
0.3005,-4.6297,7.9312,-1.715,-0.27799999999999997,-0.0
0.3005,-4.6297,7.9312,-1.715,-0.371,-0.067
0.2542,-4.6297,7.6668,-1.715,-0.371,0.067
0.2542,-4.5836,7.799,-1.715,-0.27799999999999997,0.134
0.3005,-4.5836,7.6668,-1.715,-0.185,0.067
0.3698,-4.6067,7.6668,-1.896,0.092,-0.067
0.416,-4.6067,7.6668,-1.806,0.27799999999999997,-0.134
0.4392,-4.6297,7.6668,-1.806,0.27799999999999997,-0.134
0.4392,-4.6297,7.6668,-1.806,0.185,-0.134
0.3698,-4.5836,7.6668,-1.806,0.0,-0.0
0.3698,-4.5836,7.6668,-1.806,0.0,-0.0
0.3929,-4.5376,7.5346,-1.806,0.0,-0.067
0.3698,-4.5145,7.6668,-1.806,0.0,-0.067
0.3929,-4.5145,7.5346,-1.806,0.0,-0.134
0.4392,-4.5376,7.5346,-1.715,0.0,-0.067
0.4623,-4.4915,7.4025,-1.625,-0.27799999999999997,-0.0
0.3698,-4.4915,7.5346,-1.715,-0.27799999999999997,-0.0
0.2773,-4.4915,7.5346,-1.806,-0.46399999999999997,0.134
0.1618,-4.4915,7.5346,-1.896,-0.65,0.201
0.2542,-4.4915,7.5346,-1.806,-0.46399999999999997,0.134
0.3467,-4.4685,7.5346,-1.806,-0.185,-0.0
0.4623,-4.4224,7.5346,-1.715,0.092,-0.134
0.5316,-4.3763,7.4025,-1.625,0.0,-0.0
0.4854,-4.3994,7.4025,-1.715,-0.185,-0.067
0.4392,-4.4685,7.5346,-1.806,-0.371,-0.067
0.3929,-4.4685,7.5346,-1.806,-0.46399999999999997,-0.0
0.3467,-4.4685,7.5346,-1.896,-0.46399999999999997,0.067
0.2773,-4.4454,7.4025,-1.896,-0.46399999999999997,0.134
0.3467,-4.3533,7.2703,-1.715,-0.27799999999999997,0.134
0.416,-4.3994,7.2703,-1.625,-0.092,0.134
0.5316,-4.3763,7.4025,-1.625,0.0,-0.067
0.601,-4.4224,7.4025,-1.715,0.092,-0.067
0.5779,-4.4224,7.4025,-1.715,0.185,-0.134
0.5779,-4.4224,7.4025,-1.806,0.092,-0.201
0.416,-4.3303,7.2703,-1.625,-0.185,-0.0
0.3929,-4.3303,7.4025,-1.625,-0.27799999999999997,-0.067
0.416,-4.3533,7.4025,-1.625,-0.27799999999999997,-0.0
0.601,-4.3994,7.4025,-1.715,0.185,-0.134
0.6472,-4.3994,7.4025,-1.625,0.371,-0.201
0.5316,-4.3303,7.2703,-1.715,0.371,-0.201
0.5316,-4.3303,7.2703,-1.715,0.371,-0.201
0.4623,-4.3303,7.4025,-1.535,0.092,-0.134
0.3467,-4.3763,7.4025,-1.625,-0.092,-0.067
0.3467,-4.3763,7.4025,-1.625,-0.092,-0.0
0.416,-4.3763,7.4025,-1.535,0.092,-0.0
0.5779,-4.3303,7.2703,-1.625,0.5569999999999999,-0.201
0.5779,-4.3303,7.2703,-1.625,0.5569999999999999,-0.201
0.6703,-4.3533,7.4025,-1.806,0.836,-0.403
0.6703,-4.3303,7.4025,-1.625,0.65,-0.268
0.6472,-4.3994,7.4025,-1.715,0.5569999999999999,-0.268
0.4623,-4.3994,7.4025,-1.535,0.27799999999999997,-0.067
0.4623,-4.3763,7.4025,-1.535,0.27799999999999997,-0.067
0.4854,-4.3763,7.2703,-1.444,0.371,-0.067
0.5316,-4.3533,7.4025,-1.535,0.46399999999999997,-0.134
0.5547,-4.3763,7.2703,-1.444,0.5569999999999999,-0.201
0.5316,-4.3994,7.2703,-1.444,0.5569999999999999,-0.201
0.5316,-4.3763,7.4025,-1.535,0.5569999999999999,-0.268
0.601,-4.4224,7.4025,-1.444,0.7430000000000001,-0.335
0.5779,-4.3994,7.4025,-1.3539999999999999,0.65,-0.335
0.5085,-4.3763,7.2703,-1.2640000000000002,0.46399999999999997,-0.201
0.5085,-4.3763,7.2703,-1.2640000000000002,0.46399999999999997,-0.201
0.5779,-4.3994,7.4025,-1.2640000000000002,0.5569999999999999,-0.268
0.6241,-4.4454,7.5346,-1.2640000000000002,0.7430000000000001,-0.47
0.6472,-4.3763,7.4025,-1.173,1.022,-0.335
0.6241,-4.3533,7.4025,-1.083,0.9289999999999999,-0.335
0.6703,-4.3763,7.5346,-1.2640000000000002,0.9289999999999999,-0.403
0.6703,-4.4685,7.5346,-1.2640000000000002,0.836,-0.335
0.6472,-4.4454,7.5346,-1.173,0.9289999999999999,-0.403
0.601,-4.4915,7.5346,-1.173,0.836,-0.403
0.5547,-4.4454,7.5346,-1.083,0.9289999999999999,-0.403
0.601,-4.4224,7.5346,-1.173,0.9289999999999999,-0.403
0.6472,-4.4454,7.5346,-1.083,1.022,-0.47
0.6934,-4.5145,7.6668,-1.083,1.115,-0.403
0.7165,-4.5376,7.6668,-0.993,1.022,-0.47
0.6703,-4.5836,7.6668,-0.8119999999999999,1.022,-0.403
0.5316,-4.5606,7.6668,-0.8119999999999999,0.9289999999999999,-0.47
0.5547,-4.5836,7.6668,-0.903,0.9289999999999999,-0.47
0.5779,-4.6067,7.799,-0.993,1.115,-0.47
0.4854,-4.6297,7.799,-0.903,0.9289999999999999,-0.47
0.4623,-4.6527,7.799,-0.8119999999999999,0.9289999999999999,-0.403
0.6241,-4.6297,7.6668,-0.8119999999999999,1.3,-0.47
0.7859,-4.6527,7.799,-0.903,1.672,-0.738
0.8321,-4.6758,7.799,-0.903,1.765,-0.806
0.8321,-4.6758,7.799,-0.903,1.765,-0.806
0.9246,-4.6297,7.799,-0.993,2.137,-0.873
0.809,-4.7218,7.9312,-0.903,1.8579999999999999,-0.873
0.809,-4.7218,7.9312,-0.903,1.8579999999999999,-0.873
0.8552,-4.7218,7.9312,-0.903,2.044,-0.94
1.0864,-4.7679,8.0634,-0.993,2.88,-1.0739999999999998
1.0633,-4.7679,8.1956,-0.8119999999999999,2.787,-1.0739999999999998
1.0402,-4.7679,8.0634,-0.903,2.973,-1.0739999999999998
1.0402,-4.7679,8.0634,-0.903,2.973,-1.0739999999999998
0.9246,-4.7218,8.0634,-0.903,2.88,-0.94
0.9708,-4.7679,8.0634,-0.903,2.973,-1.141
1.0171,-4.7909,8.0634,-0.8119999999999999,3.066,-1.0739999999999998
0.9939,-4.7909,8.1956,-0.722,2.88,-1.0739999999999998
1.0402,-4.9522,8.5922,-0.903,2.787,-1.2089999999999999
1.0633,-4.9982,8.7243,-0.8119999999999999,2.88,-1.141
1.0402,-4.9291,8.3278,-0.722,2.973,-1.2089999999999999
1.1326,-4.837,8.3278,-0.903,3.345,-1.2089999999999999
1.0633,-4.837,8.5922,-0.903,3.252,-1.2759999999999998
1.1095,-4.9752,8.7243,-0.8119999999999999,3.252,-1.343
1.2251,-5.0213,8.8565,-0.993,3.53,-1.41
1.3638,-5.0213,8.8565,-1.083,3.995,-1.4769999999999999
1.41,-5.0673,8.9887,-1.173,4.553,-1.746
1.5025,-5.0443,8.9887,-1.2640000000000002,4.6450000000000005,-1.6789999999999998
1.6181,-4.9752,9.1209,-1.444,5.202999999999999,-1.813
1.7799,-4.9982,9.2531,-1.715,5.760999999999999,-1.88
2.0804,-5.1134,9.7818,-2.4379999999999997,6.504,-2.4179999999999997
2.196,-5.1595,9.914,-2.4379999999999997,6.783,-2.485
2.3347,-5.1134,9.7818,-2.618,7.34,-2.753
2.4271,-4.9982,9.7818,-2.7089999999999996,7.619,-2.821
2.5427,-4.9291,9.914,-2.979,7.898,-2.753
2.6583,-5.0673,10.3106,-3.341,7.9910000000000005,-2.888
2.7045,-5.2746,10.4428,-3.16,8.176,-3.0220000000000002
2.797,-5.2055,10.4428,-3.25,8.455,-3.1559999999999997
2.9126,-5.0904,10.575,-3.612,8.827,-3.1559999999999997
3.19,-5.0443,10.8393,-3.973,9.57,-3.291
3.19,-5.0904,10.8393,-4.063,9.477,-3.291
3.1206,-5.1595,10.8393,-3.8819999999999997,9.384,-3.3579999999999997
3.1206,-5.1595,10.8393,-3.8819999999999997,9.384,-3.3579999999999997
3.398,-4.6527,10.8393,-4.244,9.756,-3.224
3.2362,-4.7449,10.9715,-3.792,9.663,-2.619
3.0744,-4.7679,10.9715,-3.702,9.756,-2.3499999999999996
3.0744,-4.814,11.1037,-3.8819999999999997,10.035,-2.3499999999999996
3.2824,-4.86,11.2359,-3.973,10.128,-2.485
3.3749,-4.8831,11.2359,-3.973,10.221,-2.5519999999999996
3.3518,-4.9522,11.1037,-3.792,10.128,-2.686
3.3518,-4.9982,11.1037,-3.612,9.849,-2.821
3.3749,-4.9522,10.9715,-3.702,10.035,-2.888
3.5136,-4.7909,11.1037,-4.063,10.221,-2.888
3.4674,-4.814,11.1037,-3.8819999999999997,9.942,-2.888
3.3518,-4.9291,11.1037,-3.792,9.384,-2.821
3.3287,-5.1364,11.1037,-3.5210000000000004,8.827,-2.888
3.3749,-5.0673,11.1037,-3.612,8.827,-2.955
3.4905,-4.9291,11.1037,-3.973,9.106,-3.0220000000000002
3.5829,-4.814,11.1037,-4.063,9.199,-3.089
3.4905,-4.814,10.9715,-3.973,9.013,-2.955
3.4442,-4.837,10.9715,-3.8819999999999997,8.734,-2.955
3.398,-5.0673,10.9715,-3.612,8.548,-2.753
3.398,-5.0904,10.9715,-3.612,8.641,-2.888
3.4211,-5.0443,10.9715,-3.5210000000000004,8.641,-2.955
3.4674,-4.9752,10.9715,-3.5210000000000004,8.641,-3.0220000000000002
3.5136,-4.837,10.575,-3.612,8.548,-3.1559999999999997
3.4674,-4.86,10.575,-3.612,8.362,-3.0220000000000002
3.3518,-4.9061,10.4428,-3.431,7.9910000000000005,-3.0220000000000002
3.2131,-4.9982,10.3106,-3.25,7.526000000000001,-2.955
3.1206,-5.0213,10.3106,-3.16,7.247,-2.888
3.0975,-4.9982,10.1784,-3.07,6.8759999999999994,-2.888
3.1206,-4.86,10.0462,-3.16,6.504,-2.821
3.0975,-4.7909,9.914,-3.341,6.132,-2.619
3.0513,-4.7679,9.914,-3.341,5.946,-2.5519999999999996
2.9819,-4.814,9.914,-3.16,5.667999999999999,-2.3499999999999996
2.9357,-4.7679,9.7818,-3.07,5.667999999999999,-2.149
2.9126,-4.7449,9.7818,-3.07,5.482,-2.015
2.9588,-4.7218,9.7818,-3.07,5.667999999999999,-2.015
3.005,-4.6758,9.6497,-3.25,5.760999999999999,-2.2159999999999997
3.0513,-4.6988,9.6497,-3.25,5.760999999999999,-2.283
3.0744,-4.7218,9.6497,-3.341,5.760999999999999,-2.4179999999999997
3.0282,-4.7218,9.6497,-3.25,5.946,-2.5519999999999996
3.0744,-4.6758,9.5175,-3.25,6.039,-2.619
3.0513,-4.6527,9.5175,-3.25,6.039,-2.5519999999999996
3.005,-4.6758,9.5175,-3.25,6.039,-2.619
2.9588,-4.7218,9.5175,-3.07,5.760999999999999,-2.485
2.9126,-4.6988,9.5175,-3.07,5.575,-2.485
2.9819,-4.6067,9.3853,-3.25,5.482,-2.485
3.0282,-4.4915,9.3853,-3.5210000000000004,5.853000000000001,-2.485
3.0975,-4.4454,9.3853,-3.702,6.039,-2.3499999999999996
3.005,-4.5145,9.3853,-3.431,5.946,-2.2159999999999997
2.9357,-4.5606,9.2531,-3.341,5.760999999999999,-2.283
2.8895,-4.5376,9.1209,-3.25,5.760999999999999,-2.4179999999999997
2.9588,-4.4685,9.1209,-3.25,5.760999999999999,-2.283
3.0513,-4.3763,9.2531,-3.431,5.853000000000001,-2.485
3.0513,-4.3763,9.2531,-3.431,5.853000000000001,-2.485
2.9819,-4.4685,9.1209,-3.431,5.667999999999999,-2.485
2.8663,-4.5606,9.2531,-3.25,5.482,-2.5519999999999996
2.8663,-4.5145,9.1209,-3.341,5.575,-2.485
2.9588,-4.4224,9.1209,-3.5210000000000004,5.853000000000001,-2.485
3.0282,-4.2842,9.2531,-3.8819999999999997,6.3180000000000005,-2.5519999999999996
3.1668,-4.1229,9.1209,-4.244,6.5969999999999995,-2.485
3.1206,-4.2151,9.1209,-4.244,6.411,-2.619
3.0744,-4.2842,9.1209,-4.063,6.2250000000000005,-2.686
3.0513,-4.3763,9.1209,-3.973,6.2250000000000005,-2.753
2.9588,-4.4454,8.9887,-3.8819999999999997,6.132,-2.753
2.9126,-4.3763,8.9887,-3.973,6.2250000000000005,-2.686
2.9357,-4.3072,9.1209,-4.424,6.3180000000000005,-2.5519999999999996
2.9819,-4.3303,9.2531,-4.694999999999999,6.2250000000000005,-2.485
3.0282,-4.3533,9.2531,-4.694999999999999,6.3180000000000005,-2.5519999999999996
3.005,-4.3303,9.3853,-4.694999999999999,6.411,-2.5519999999999996
2.9819,-4.3072,9.1209,-4.515000000000001,6.3180000000000005,-2.619
2.9819,-4.3072,9.1209,-4.515000000000001,6.3180000000000005,-2.619
2.9357,-4.3072,8.9887,-4.424,6.132,-2.5519999999999996
2.8895,-4.3303,8.9887,-4.424,6.132,-2.5519999999999996
2.8432,-4.3994,8.9887,-4.334,5.667999999999999,-2.485
2.7508,-4.4685,8.9887,-4.244,5.295999999999999,-2.5519999999999996
2.6352,-4.5836,8.8565,-3.973,4.924,-2.4179999999999997
2.5427,-4.5606,8.7243,-3.702,4.367,-2.3499999999999996
2.5889,-4.4454,8.5922,-3.8819999999999997,4.553,-2.2159999999999997
2.6583,-4.3533,8.7243,-3.973,4.553,-2.149
2.6352,-4.3303,8.5922,-3.973,4.553,-2.015
2.5427,-4.4454,8.5922,-3.8819999999999997,4.088,-1.947
2.5196,-4.3994,8.5922,-3.702,3.902,-1.947
2.4734,-4.4224,8.3278,-3.612,3.7159999999999997,-1.947
2.4734,-4.4224,8.3278,-3.612,3.7159999999999997,-1.947
2.4503,-4.3994,8.5922,-3.612,3.4379999999999997,-1.88
2.4965,-4.3763,8.46,-3.792,3.4379999999999997,-1.88
2.5427,-4.3303,8.46,-3.8819999999999997,3.7159999999999997,-1.88
2.6121,-4.2381,8.46,-3.973,3.809,-2.015
2.6121,-4.192,8.46,-3.973,3.902,-2.015
2.6121,-4.2151,8.46,-3.8819999999999997,3.902,-1.947
2.5889,-4.2842,8.46,-3.8819999999999997,3.902,-1.947
2.4734,-4.3303,8.5922,-3.792,3.809,-1.947
2.4734,-4.3303,8.5922,-3.792,3.809,-1.947
2.404,-4.3763,8.46,-3.612,3.4379999999999997,-1.947
2.3116,-4.3533,8.1956,-3.431,3.1590000000000003,-1.88
2.2653,-4.3763,8.0634,-3.341,3.066,-1.813
2.2191,-4.3303,8.0634,-3.341,2.694,-1.746
2.2191,-4.3072,8.0634,-3.25,2.694,-1.612
2.1729,-4.3072,8.0634,-3.07,2.601,-1.612
2.1497,-4.3303,7.9312,-2.979,2.322,-1.544
2.1035,-4.3072,7.9312,-2.889,2.322,-1.4769999999999999
2.1035,-4.3072,7.9312,-2.889,2.322,-1.4769999999999999
2.1497,-4.2842,7.799,-3.16,2.415,-1.544
2.1266,-4.3072,7.9312,-3.07,2.23,-1.4769999999999999
2.0573,-4.3533,7.9312,-2.979,2.137,-1.343
1.9648,-4.3994,7.9312,-2.889,2.044,-1.41
1.8492,-4.4454,7.799,-2.799,2.044,-1.2759999999999998
1.9186,-4.3994,7.799,-2.799,2.23,-1.343
1.9186,-4.3994,7.799,-2.799,2.23,-1.343
1.9186,-4.3994,7.799,-2.889,2.137,-1.41
1.9648,-4.3994,7.799,-3.07,2.137,-1.4769999999999999
1.9648,-4.3994,7.799,-2.979,2.137,-1.4769999999999999
1.8955,-4.3994,7.799,-2.799,2.044,-1.41
1.9417,-4.3533,7.799,-2.799,2.137,-1.4769999999999999
1.9186,-4.3763,7.6668,-2.799,2.044,-1.4769999999999999
1.9186,-4.3994,7.6668,-2.799,2.044,-1.343
1.9417,-4.3763,7.6668,-2.889,2.137,-1.41
1.803,-4.3994,7.799,-2.7089999999999996,2.137,-1.343
1.7568,-4.4454,7.799,-2.5280000000000005,1.8579999999999999,-1.2089999999999999
1.8261,-4.3994,7.6668,-2.7089999999999996,2.044,-1.343
1.8261,-4.3763,7.6668,-2.799,2.23,-1.343
1.8723,-4.3763,7.6668,-2.799,2.23,-1.41
1.8955,-4.3763,7.799,-2.889,2.23,-1.4769999999999999
1.8723,-4.4224,7.799,-2.889,2.23,-1.41
1.8492,-4.3994,7.799,-2.7089999999999996,2.322,-1.4769999999999999
1.8723,-4.3533,7.5346,-2.7089999999999996,2.508,-1.544
1.8261,-4.3533,7.799,-2.7089999999999996,2.322,-1.4769999999999999
1.7568,-4.4224,7.799,-2.618,2.23,-1.343
1.6874,-4.5145,7.799,-2.5280000000000005,2.137,-1.41
1.7105,-4.4915,7.799,-2.5280000000000005,2.415,-1.343
1.7105,-4.4915,7.799,-2.5280000000000005,2.415,-1.343
1.8492,-4.3763,7.799,-2.889,3.066,-1.4769999999999999
1.8955,-4.3072,7.6668,-2.799,3.1590000000000003,-1.612
1.8955,-4.3763,7.6668,-2.979,3.1590000000000003,-1.6789999999999998
1.9648,-4.3303,7.799,-3.07,3.4379999999999997,-1.746
2.011,-4.3303,7.799,-3.07,3.7159999999999997,-1.813
1.9648,-4.3994,7.6668,-2.979,3.623,-1.88
1.9417,-4.3994,7.5346,-2.889,3.4379999999999997,-1.746
1.8955,-4.3763,7.6668,-2.979,3.4379999999999997,-1.813
1.8955,-4.3763,7.6668,-2.979,3.4379999999999997,-1.6789999999999998
1.9648,-4.3072,7.6668,-3.07,3.623,-1.6789999999999998
1.8261,-4.3303,7.6668,-2.7089999999999996,3.252,-1.612
1.803,-4.3533,7.799,-2.618,3.1590000000000003,-1.612
1.8261,-4.3533,7.799,-2.618,3.53,-1.612
1.8261,-4.3533,7.799,-2.618,3.53,-1.612
2.011,-4.2151,7.5346,-2.799,3.995,-1.746
2.0342,-4.2151,7.6668,-2.979,4.274,-1.813
2.011,-4.2151,7.6668,-2.979,4.181,-1.813
2.0342,-4.2151,7.6668,-2.979,4.367,-1.88
1.9879,-4.2612,7.6668,-2.889,4.367,-1.88
1.9186,-4.2842,7.6668,-2.799,4.46,-1.88
1.8955,-4.2612,7.799,-2.799,4.553,-1.947
1.9648,-4.192,7.6668,-3.25,4.7379999999999995,-2.149
2.011,-4.192,7.6668,-3.341,4.924,-2.149
1.9417,-4.2842,7.6668,-3.25,4.8309999999999995,-2.2159999999999997
1.9879,-4.2381,7.6668,-3.25,4.8309999999999995,-2.015
2.1266,-4.169,7.799,-3.431,5.389,-2.082
2.1497,-4.2151,7.9312,-3.5210000000000004,5.575,-2.149
2.0804,-4.3072,7.9312,-3.341,5.389,-2.149
2.0573,-4.3763,7.9312,-3.25,5.389,-2.2159999999999997
2.0804,-4.3763,7.9312,-3.25,5.389,-2.2159999999999997
2.1035,-4.3533,7.9312,-3.16,5.482,-2.2159999999999997
2.1729,-4.2612,7.9312,-3.341,5.667999999999999,-2.2159999999999997
2.2653,-4.192,7.9312,-3.431,5.760999999999999,-2.2159999999999997
2.3116,-4.169,8.0634,-3.5210000000000004,5.946,-2.2159999999999997
2.1497,-4.3533,8.0634,-2.799,5.760999999999999,-2.149
2.2191,-4.3072,8.1956,-2.889,5.946,-2.082
2.196,-4.2612,8.1956,-3.07,5.946,-1.88
2.196,-4.2151,8.1956,-2.979,6.039,-1.813
2.1729,-4.169,8.3278,-2.979,6.132,-1.544
2.1729,-4.169,8.3278,-2.979,6.132,-1.544
2.1266,-4.146,8.3278,-3.07,6.3180000000000005,-1.41
2.1266,-4.2151,8.3278,-3.07,6.411,-1.612
2.1266,-4.2151,8.3278,-3.07,6.411,-1.612
2.1729,-4.2151,8.3278,-2.889,6.504,-1.6789999999999998
2.2422,-4.2381,8.1956,-2.889,6.5969999999999995,-1.813
2.3347,-4.169,8.1956,-2.979,6.69,-1.947
2.3809,-4.169,8.1956,-3.07,6.8759999999999994,-2.082
2.4271,-4.169,8.1956,-2.979,6.8759999999999994,-2.015
2.3809,-4.192,8.0634,-2.7089999999999996,6.69,-2.082
2.3809,-4.192,8.0634,-2.7089999999999996,6.69,-2.082
2.3116,-4.192,8.1956,-2.799,6.504,-2.015
2.2653,-4.146,8.1956,-2.889,6.504,-1.88
2.2653,-4.0769,8.1956,-3.07,6.504,-1.813
2.2884,-4.0308,8.1956,-3.16,6.5969999999999995,-1.813
2.3116,-4.0308,8.1956,-3.16,6.5969999999999995,-1.6789999999999998
2.3578,-4.0538,8.1956,-3.07,6.69,-1.813
2.3578,-4.0999,8.0634,-3.07,6.69,-1.947
2.4271,-4.1229,8.0634,-2.889,6.783,-2.149
2.4734,-4.1229,8.0634,-2.979,6.5969999999999995,-2.283
2.5658,-4.0078,8.0634,-3.25,6.69,-2.283
2.5658,-4.0308,8.1956,-3.25,6.783,-2.2159999999999997
2.5196,-4.0769,8.0634,-3.25,6.5969999999999995,-2.082
2.4965,-4.0308,8.0634,-3.25,6.5969999999999995,-2.015
2.5889,-3.8465,8.1956,-3.5210000000000004,6.968,-1.813
2.6583,-3.7774,8.0634,-3.5210000000000004,7.154,-1.947
2.6352,-3.8235,7.9312,-3.431,7.154,-2.015
2.6121,-3.9387,8.0634,-3.16,7.247,-2.149
2.5658,-3.9847,7.9312,-2.979,7.061,-2.149
2.5427,-3.9387,7.9312,-2.889,6.783,-2.082
2.5889,-3.8465,7.9312,-2.979,6.783,-2.149
2.6121,-3.7774,7.9312,-3.25,6.783,-2.015
2.5427,-3.6392,7.799,-3.25,6.504,-1.813
2.5427,-3.6392,7.799,-3.25,6.504,-1.813
2.5196,-3.6392,7.6668,-3.25,6.411,-1.746
2.4965,-3.6623,7.6668,-3.16,6.504,-1.544
2.4734,-3.6392,7.6668,-3.07,6.3180000000000005,-1.4769999999999999
2.4271,-3.5471,7.6668,-3.07,6.132,-1.41
2.2422,-3.455,7.6668,-3.07,5.667999999999999,-0.94
2.196,-3.4089,7.5346,-3.07,5.389,-0.738
2.196,-3.4089,7.5346,-3.07,5.389,-0.738
2.1035,-3.4089,7.6668,-3.07,5.11,-0.47
2.2884,-3.4319,7.5346,-2.979,5.389,-0.738
2.2884,-3.4319,7.5346,-2.979,5.389,-0.738
2.4734,-3.2707,7.4025,-3.07,5.667999999999999,-1.141
2.4734,-3.3398,7.4025,-2.889,5.667999999999999,-1.141
2.404,-3.478,7.4025,-2.7089999999999996,5.389,-1.2089999999999999
2.3809,-3.5701,7.4025,-2.347,5.11,-1.141
2.404,-3.5241,7.2703,-2.347,5.017,-1.2089999999999999
2.4503,-3.455,7.2703,-2.257,5.202999999999999,-1.2759999999999998
2.4271,-3.4319,7.2703,-2.167,5.11,-1.2089999999999999
2.4271,-3.4319,7.2703,-2.167,5.11,-1.2089999999999999
2.4503,-3.501,7.2703,-2.076,5.202999999999999,-1.2089999999999999
2.4271,-3.455,7.2703,-1.986,5.202999999999999,-1.41
2.404,-3.455,7.0059,-1.896,5.295999999999999,-1.41
2.4271,-3.455,7.0059,-1.806,5.295999999999999,-1.544
2.4734,-3.4089,7.0059,-2.076,5.667999999999999,-1.544
2.5196,-3.3859,7.0059,-2.167,5.667999999999999,-1.41
2.4965,-3.3398,7.0059,-2.076,5.760999999999999,-1.41
2.4734,-3.1786,7.0059,-2.167,5.760999999999999,-1.41
2.4503,-3.0634,6.8737,-2.257,5.853000000000001,-1.2089999999999999
2.4734,-2.9482,6.8737,-2.4379999999999997,5.853000000000001,-1.007
2.4965,-2.9252,7.0059,-2.347,5.946,-0.94
2.4734,-2.9713,7.0059,-2.167,6.132,-1.007
2.4271,-3.0173,7.0059,-1.986,6.2250000000000005,-1.007
2.3809,-2.9713,7.0059,-1.896,6.3180000000000005,-0.873
2.404,-2.9713,7.1381,-1.896,6.5969999999999995,-0.94
2.4965,-3.0404,7.1381,-1.806,6.968,-1.007
2.5658,-3.2016,7.1381,-1.535,7.247,-1.343
2.5658,-3.1555,7.1381,-1.444,7.247,-1.2759999999999998
2.5889,-3.0634,7.1381,-1.625,7.526000000000001,-1.2759999999999998
2.5889,-3.0634,7.1381,-1.625,7.526000000000001,-1.2759999999999998
2.8201,-2.8791,7.2703,-1.986,8.269,-1.41
2.8201,-2.8791,7.2703,-1.986,8.269,-1.41
2.8201,-2.9252,7.5346,-1.806,8.548,-1.544
2.7045,-2.9482,7.5346,-1.715,8.641,-1.41
2.5427,-2.764,7.5346,-1.444,8.362,-0.738
2.4503,-2.6488,7.799,-1.3539999999999999,8.362,-0.335
2.404,-2.6027,7.799,-1.2640000000000002,8.269,-0.134
2.3809,-2.5567,7.9312,-1.173,8.362,-0.067
2.3809,-2.5106,8.0634,-1.083,8.455,0.134
2.2653,-2.4645,8.0634,-0.993,8.269,0.47
2.0573,-2.4185,8.1956,-0.722,7.805,0.873
2.0804,-2.4415,8.3278,-0.6320000000000001,7.712,0.873
2.2191,-2.5567,8.3278,-0.6320000000000001,7.898,0.806
2.3347,-2.5336,8.46,-0.451,8.176,0.806
2.4503,-2.4876,8.5922,-0.451,8.455,0.806
2.5196,-2.4415,8.7243,-0.451,8.734,0.873
2.6352,-2.2342,8.9887,-0.361,8.827,1.141
2.6352,-2.2572,8.9887,-0.09,8.641,1.141
2.6352,-2.3263,8.9887,0.18,8.269,1.2759999999999998
2.5889,-2.3033,8.8565,0.361,7.898,1.2759999999999998
2.6352,-2.2112,8.8565,0.451,8.176,1.2759999999999998
2.7045,-2.119,8.9887,0.361,8.455,1.2089999999999999
2.3809,-1.8887,9.1209,0.361,7.898,1.612
2.0804,-1.8887,9.1209,0.451,7.34,1.746
1.8492,-1.8196,8.9887,0.451,6.5969999999999995,1.947
2.0573,-1.7505,8.9887,0.18,6.8759999999999994,2.015
2.2884,-1.6353,9.1209,-0.09,7.34,2.082
2.2884,-1.6353,9.1209,-0.09,7.34,2.082
2.4734,-1.6353,9.1209,0.18,7.898,2.3499999999999996
2.3809,-1.6584,9.1209,0.18,7.712,2.283
2.0804,-1.5432,9.2531,0.0,7.247,2.4179999999999997
2.1266,-1.428,9.3853,-0.18,7.433,2.283
2.2191,-1.382,9.3853,-0.361,7.433,2.149
2.4965,-1.428,9.2531,-0.451,8.083,2.015
2.5889,-1.4511,9.2531,-0.361,8.362,1.88
2.6352,-1.4971,9.2531,-0.18,8.455,1.6789999999999998
2.6352,-1.4511,9.2531,-0.361,8.548,1.4769999999999999
2.5196,-1.3359,9.2531,-0.8119999999999999,8.734,1.2759999999999998
2.4965,-1.2668,9.5175,-1.083,8.734,1.0739999999999998
2.4734,-1.2668,9.5175,-1.2640000000000002,8.92,1.007
2.7045,-1.1286,9.5175,-1.3539999999999999,8.92,0.671
2.8895,-1.1977,9.3853,-1.3539999999999999,9.291,0.268
2.9588,-1.1977,9.3853,-1.444,9.384,0.067
2.9819,-1.3129,9.5175,-1.083,9.477,-0.134
2.9819,-1.3129,9.5175,-1.083,9.477,-0.134
2.8663,-1.2898,9.3853,-1.2640000000000002,9.199,-0.201
2.8663,-1.2898,9.3853,-1.2640000000000002,9.199,-0.201
2.9357,-1.3129,9.3853,-1.2640000000000002,9.199,-0.403
3.1668,-1.2438,9.3853,-1.535,9.849,-0.335
3.3055,-1.2438,9.3853,-1.715,10.314,-0.201
3.3749,-1.2438,9.3853,-1.535,10.405999999999999,-0.067
3.3518,-1.2898,9.2531,-1.3539999999999999,10.405999999999999,0.067
3.2824,-1.3589,9.2531,-0.993,10.314,0.201
3.19,-1.428,9.3853,-0.8119999999999999,10.128,0.268
3.0975,-1.382,9.1209,-0.722,10.128,0.335
3.0282,-1.3589,9.2531,-0.6320000000000001,10.035,0.5369999999999999
3.005,-1.382,9.2531,-0.6320000000000001,10.035,0.806
3.0975,-1.2438,9.3853,-0.6320000000000001,10.499,1.2089999999999999
3.0975,-1.2438,9.3853,-0.6320000000000001,10.499,1.2089999999999999
2.9588,-1.1747,9.3853,-0.541,10.685,1.612
2.8895,-1.1747,9.2531,-0.27,10.685,1.813
2.9588,-1.0825,9.3853,-0.451,10.778,2.2159999999999997
2.9819,-1.1286,9.3853,-0.451,10.964,2.283
3.0282,-1.1286,9.5175,-0.27,10.964,2.619
3.0513,-1.0595,9.5175,-0.18,11.056999999999999,2.619
3.0975,-0.8983,9.5175,-0.27,11.335999999999999,2.686
3.0744,-0.8522,9.6497,-0.09,11.335999999999999,2.821
3.005,-0.8983,9.6497,0.0,11.15,2.955
3.0282,-0.9674,9.6497,0.27,11.15,2.888
3.19,-0.9443,9.5175,0.361,11.429,2.753
3.2131,-0.8752,9.3853,0.451,11.243,2.821
3.1437,-0.7601,9.3853,0.451,11.243,2.888
2.9819,-0.714,9.3853,0.451,10.964,2.955
2.7276,-0.5988,9.6497,0.541,10.499,3.291
2.6121,-0.4837,9.914,0.27,10.128,3.828
2.7045,-0.5758,10.0462,0.451,10.314,3.963
2.7045,-0.5758,10.0462,0.451,10.314,3.963
2.797,-0.5988,9.914,0.541,10.128,3.963
2.8663,-0.5758,9.7818,0.541,10.128,3.963
2.9126,-0.6219,9.914,0.722,10.314,3.828
2.9126,-0.6219,9.914,0.8119999999999999,10.128,3.828
2.8663,-0.6449,9.7818,0.993,10.035,3.761
2.8201,-0.6679,9.7818,1.083,10.128,3.694
2.8432,-0.714,9.7818,1.173,9.942,3.6270000000000002
2.9357,-0.5758,9.7818,0.8119999999999999,10.035,3.559
2.8895,-0.4837,9.7818,0.6320000000000001,9.942,3.492
2.7508,-0.5297,9.914,0.541,9.57,3.224
2.7508,-0.5297,9.914,0.361,9.663,2.955
2.7508,-0.5297,9.914,0.361,9.663,2.955
2.7739,-0.5067,10.0462,0.18,9.663,2.821
2.797,-0.5067,9.914,0.0,9.477,2.753
2.797,-0.5528,9.7818,0.27,9.477,2.5519999999999996
2.8663,-0.5067,9.6497,0.0,9.57,2.283
2.9588,-0.4376,9.6497,-0.451,9.756,1.947
2.9819,-0.3685,9.6497,-0.541,9.663,1.813
2.9819,-0.3685,9.6497,-0.541,9.663,1.813
2.9819,-0.3455,9.6497,-0.6320000000000001,9.57,1.746
2.9357,-0.2994,9.7818,-0.903,9.477,1.6789999999999998
2.9126,-0.2533,9.7818,-0.903,9.477,1.612
2.9588,-0.2994,9.6497,-0.8119999999999999,9.291,1.4769999999999999
3.005,-0.3685,9.5175,-0.722,9.384,1.41
3.0975,-0.3685,9.5175,-0.722,9.291,1.4769999999999999
3.1437,-0.3224,9.5175,-0.903,9.477,1.343
3.1668,-0.2994,9.6497,-0.903,9.384,1.343
3.1668,-0.2533,9.6497,-1.083,9.384,1.343
3.1206,-0.1612,9.3853,-1.173,9.199,1.4769999999999999
3.1206,-0.1612,9.3853,-1.173,9.199,1.4769999999999999
3.0975,-0.1382,9.3853,-1.083,9.106,1.544
3.0744,-0.1612,9.2531,-0.993,8.92,1.612
2.9819,-0.1612,9.2531,-0.993,8.734,1.612
2.8895,-0.1382,9.3853,-1.083,8.548,1.746
2.8663,-0.023,9.2531,-1.2640000000000002,8.362,1.947
2.8432,0.0921,9.2531,-1.444,8.269,2.015
2.8201,0.1842,9.3853,-1.806,8.362,2.2159999999999997
2.9357,0.1612,9.3853,-1.625,8.362,2.485
2.9588,0.1842,9.3853,-1.625,8.269,2.619
3.0513,0.1382,9.2531,-1.444,8.269,2.686
3.005,0.2073,9.1209,-1.535,7.9910000000000005,2.821
2.9819,0.1842,9.1209,-1.444,7.9910000000000005,2.821
2.9819,0.1842,9.1209,-1.535,7.9910000000000005,2.888
2.8663,0.1382,9.1209,-1.173,7.712,3.291
2.8663,0.1382,9.1209,-1.173,7.712,3.291
2.8201,0.0691,8.9887,-0.993,7.712,3.492
2.8432,0.0691,8.8565,-0.903,7.526000000000001,3.694
2.8895,0.0921,8.7243,-0.8119999999999999,7.526000000000001,3.694
3.1437,0.1151,8.7243,-0.903,7.805,3.4250000000000003
3.1437,0.1382,8.5922,-0.993,7.712,3.4250000000000003
3.1437,0.1382,8.5922,-0.903,7.619,3.3579999999999997
3.0282,0.1382,8.7243,-0.8119999999999999,7.34,3.6270000000000002
3.005,0.2303,8.5922,-0.903,7.34,3.6270000000000002
3.005,0.2303,8.5922,-0.903,7.34,3.6270000000000002
2.9588,0.2303,8.7243,-0.993,7.433,3.6270000000000002
2.8201,0.2303,8.5922,-1.083,6.968,3.761
2.8201,0.2073,8.5922,-0.993,6.8759999999999994,3.895
2.8432,0.2073,8.5922,-0.903,6.8759999999999994,3.828
2.9126,0.2764,8.46,-1.083,6.783,3.761
3.0282,0.2994,8.46,-1.173,7.061,3.3579999999999997
3.2593,0.3224,8.3278,-1.173,7.526000000000001,3.0220000000000002
3.2593,0.3224,8.3278,-1.2640000000000002,7.712,2.888
3.2131,0.2764,8.1956,-1.173,7.526000000000001,3.0220000000000002
3.0513,0.2764,8.3278,-1.083,6.968,3.089
3.005,0.2994,8.1956,-0.993,6.8759999999999994,3.1559999999999997
3.0282,0.2764,8.1956,-0.903,6.783,3.224
3.0975,0.2994,8.3278,-0.993,6.783,3.1559999999999997
3.1437,0.3915,8.1956,-1.173,6.8759999999999994,3.1559999999999997
3.1437,0.4606,8.1956,-1.173,6.968,3.0220000000000002
3.1206,0.3915,8.0634,-1.173,6.968,3.1559999999999997
3.1437,0.3685,8.0634,-1.083,6.783,3.0220000000000002
3.1668,0.4606,7.9312,-1.173,6.8759999999999994,2.888
3.19,0.5988,7.9312,-1.3539999999999999,6.8759999999999994,2.821
3.19,0.5988,7.9312,-1.3539999999999999,6.8759999999999994,2.821
3.0513,0.8292,8.0634,-1.896,6.504,2.753
2.9126,0.8752,8.1956,-1.986,6.411,2.753
2.6814,0.9443,8.3278,-1.806,5.760999999999999,2.955
2.6814,0.9443,8.3278,-1.806,5.760999999999999,2.955
2.6583,1.0134,8.1956,-1.896,5.667999999999999,3.1559999999999997
2.8432,1.2898,8.1956,-2.257,6.039,2.955
2.9819,1.405,8.0634,-2.5280000000000005,6.2250000000000005,2.888
3.0282,1.4511,8.0634,-2.5280000000000005,6.3180000000000005,2.753
2.9819,1.5432,8.1956,-2.618,6.132,2.686
2.5196,1.6353,8.1956,-2.4379999999999997,5.017,2.955
2.5196,1.6353,8.1956,-2.4379999999999997,5.017,2.955
2.4503,1.7966,8.1956,-2.618,4.924,3.089
2.4734,2.0039,8.1956,-2.889,4.924,3.1559999999999997
2.4734,2.2112,8.1956,-3.16,4.924,3.089
2.4734,2.3263,8.0634,-3.25,5.017,3.0220000000000002
2.3578,2.3263,8.0634,-3.25,4.8309999999999995,3.0220000000000002
2.3116,2.3033,7.9312,-3.16,4.6450000000000005,3.0220000000000002
2.2884,2.2342,7.799,-2.889,4.46,3.1559999999999997
2.2191,2.1881,7.799,-2.889,4.274,3.1559999999999997
2.2884,2.3263,7.799,-3.16,4.274,2.753
2.2653,2.4415,7.9312,-3.25,4.46,2.485
2.1729,2.5336,7.9312,-3.5210000000000004,4.181,2.4179999999999997
2.1729,2.3954,7.6668,-3.25,4.181,2.283
2.1729,2.3954,7.6668,-3.25,4.181,2.283
2.1035,2.3954,7.4025,-3.25,4.181,2.2159999999999997
2.0342,2.4185,7.5346,-3.341,3.902,2.2159999999999997
1.9417,2.4415,7.4025,-3.431,3.809,2.2159999999999997
1.8955,2.4876,7.4025,-3.431,3.53,2.149
1.8955,2.4876,7.4025,-3.5210000000000004,3.7159999999999997,2.149
1.9417,2.4415,7.4025,-3.5210000000000004,3.809,2.082
1.8955,2.4185,7.4025,-3.612,3.902,1.947
1.7337,2.5797,7.5346,-3.702,3.623,2.082
1.7337,2.5336,7.4025,-3.612,3.623,2.149
1.7568,2.4876,7.1381,-3.612,3.7159999999999997,2.082
1.8723,2.3263,7.1381,-3.431,3.902,2.015
1.8492,2.2803,7.0059,-3.341,3.902,1.947
1.8492,2.3033,7.1381,-3.341,3.902,1.88
1.7337,2.3263,7.1381,-3.5210000000000004,3.7159999999999997,2.015
1.7105,2.3494,7.1381,-3.5210000000000004,3.7159999999999997,2.015
1.9879,2.2112,7.2703,-3.431,4.274,1.947
1.8492,2.2342,6.8737,-3.25,4.088,2.015
1.7337,2.2112,6.7415,-3.16,3.809,2.015
1.7568,2.1651,6.6093,-3.16,3.809,1.947
1.803,2.119,6.8737,-3.07,3.902,1.947
1.9186,2.096,7.0059,-3.16,4.181,1.947
1.9186,2.073,6.8737,-3.07,4.274,1.88
1.8261,2.1421,6.7415,-3.07,4.181,1.947
1.803,2.1421,6.7415,-2.979,4.274,2.082
1.7105,2.2572,6.6093,-3.07,4.181,2.082
1.595,2.2803,6.8737,-3.16,3.995,2.2159999999999997
1.6874,2.3033,6.8737,-3.16,4.274,2.283
1.7337,2.2112,6.6093,-2.7089999999999996,4.46,2.283
1.6643,2.1881,6.4771,-2.7089999999999996,4.367,2.3499999999999996
1.5718,2.2342,6.6093,-2.7089999999999996,4.274,2.3499999999999996
1.4794,2.2572,6.6093,-2.7089999999999996,4.181,2.485
1.6412,2.3033,6.8737,-2.7089999999999996,4.6450000000000005,2.485
1.6412,2.3494,7.0059,-2.7089999999999996,4.8309999999999995,2.485
1.6181,2.2342,6.8737,-2.4379999999999997,4.7379999999999995,2.3499999999999996
1.595,2.2342,6.8737,-2.347,4.8309999999999995,2.3499999999999996
1.7568,2.3494,6.7415,-2.4379999999999997,5.202999999999999,2.619
1.7568,2.3494,6.7415,-2.4379999999999997,5.202999999999999,2.619
1.803,2.3263,7.0059,-2.347,5.482,2.686
1.7568,2.3724,6.8737,-2.257,5.575,2.686
1.803,2.2572,6.8737,-1.986,5.482,2.821
1.8955,2.2342,6.8737,-1.896,5.760999999999999,2.821
1.9417,2.1651,6.8737,-1.806,5.853000000000001,2.821
1.8955,2.119,6.8737,-1.535,5.760999999999999,2.955
1.7799,2.1421,6.8737,-1.2640000000000002,5.667999999999999,2.888
1.6874,2.096,6.8737,-1.083,5.482,3.0220000000000002
1.7568,2.0499,7.0059,-0.993,5.575,3.1559999999999997
1.8955,2.096,6.8737,-1.083,5.946,3.224
2.011,2.096,7.0059,-1.173,6.2250000000000005,3.224
2.0573,2.1421,7.1381,-0.993,6.3180000000000005,3.3579999999999997
2.0573,2.096,7.1381,-0.8119999999999999,6.411,3.3579999999999997
1.8955,2.0499,7.2703,-0.722,6.2250000000000005,3.3579999999999997
1.8492,2.1651,7.2703,-0.8119999999999999,6.411,3.559
1.8261,2.2112,7.4025,-0.6320000000000001,6.411,3.761
1.7105,2.1651,7.2703,-0.541,6.2250000000000005,3.895
1.9879,2.3263,7.6668,-0.722,6.8759999999999994,4.231
2.2422,2.3954,7.799,-0.903,7.526000000000001,4.03
2.3116,2.4185,7.799,-0.8119999999999999,7.805,3.828
2.2422,2.4415,7.799,-0.903,7.712,3.761
2.1729,2.5106,7.799,-0.903,7.619,3.963
2.2191,2.5567,8.0634,-0.722,7.712,4.366
2.2653,2.5797,8.1956,-0.8119999999999999,8.083,4.366
2.2191,2.6258,8.0634,-0.722,7.9910000000000005,4.366
2.1729,2.5797,8.0634,-0.722,7.9910000000000005,4.433
2.1729,2.6949,8.1956,-0.722,7.9910000000000005,4.5
2.3578,2.81,8.46,-1.083,8.548,4.433
2.3578,2.9022,8.46,-1.2640000000000002,8.548,4.366
2.3116,2.8791,8.46,-1.173,8.548,4.366
2.3116,2.9252,8.5922,-1.3539999999999999,8.734,4.298
2.3347,3.0173,8.5922,-1.444,8.92,4.097
2.3347,3.0173,8.5922,-1.444,8.92,4.097
2.3578,3.0634,8.5922,-1.444,9.013,4.164
2.4271,3.0404,8.7243,-1.444,9.199,4.097
2.4503,3.0404,8.8565,-1.444,9.384,4.164
2.4503,3.1555,8.8565,-1.535,9.663,4.097
2.4503,3.1786,8.9887,-1.625,9.663,4.231
2.3578,3.3398,9.1209,-1.806,9.942,4.366
2.3578,3.3398,9.1209,-1.806,9.942,4.366
2.404,3.3398,9.1209,-1.806,9.942,4.433
2.3809,3.3398,9.2531,-1.806,9.942,4.433
2.3578,3.4089,9.2531,-1.806,9.942,4.433
2.3809,3.4089,9.2531,-1.896,10.035,4.366
2.3578,3.4089,9.3853,-1.806,9.849,4.366
2.2653,3.478,9.2531,-2.076,9.942,4.5
2.2653,3.478,9.2531,-2.076,9.942,4.5
2.2884,3.5932,9.5175,-1.986,10.035,4.5
2.2422,3.5701,9.3853,-1.986,9.849,4.5
2.2422,3.5932,9.2531,-1.986,9.756,4.433
2.1497,3.6392,9.3853,-2.257,9.849,4.567
2.1497,3.6392,9.3853,-2.257,9.849,4.567
2.1497,3.6853,9.3853,-2.4379999999999997,9.849,4.567
2.1035,3.6853,9.5175,-2.618,10.035,4.433
2.1035,3.7314,9.5175,-2.618,10.035,4.433
2.011,3.7314,9.3853,-2.618,9.942,4.433
1.9648,3.7544,9.2531,-2.618,9.477,4.366
1.9417,3.7083,9.2531,-2.618,9.384,4.231
1.9417,3.7083,9.2531,-2.618,9.291,4.03
1.9648,3.5932,9.2531,-2.347,9.384,3.828
1.9648,3.6392,9.1209,-2.4379999999999997,9.199,3.694
1.9186,3.6623,9.2531,-2.4379999999999997,9.199,3.828
1.9417,3.6623,9.3853,-2.347,9.384,3.761
1.7337,3.8926,9.3853,-2.618,8.92,3.694
1.6874,3.9617,9.3853,-2.799,8.641,3.963
1.6874,3.9847,9.3853,-2.799,8.548,4.164
1.6643,4.0538,9.3853,-2.799,8.455,4.097
1.6643,4.0769,9.2531,-2.7089999999999996,8.362,4.164
1.595,4.0999,9.2531,-2.799,8.176,4.164
1.4563,4.1229,9.2531,-2.7089999999999996,7.712,4.366
1.3407,4.2151,9.2531,-2.7089999999999996,7.34,4.298
0.9477,4.3763,9.1209,-2.7089999999999996,6.411,4.097
0.9477,4.3763,9.1209,-2.7089999999999996,6.411,4.097
0.8552,4.3763,8.9887,-2.618,6.039,4.164
0.9015,4.3303,8.9887,-2.347,5.853000000000001,4.298
0.9015,4.3303,8.9887,-2.347,5.853000000000001,4.298
0.9015,4.3303,8.8565,-2.4379999999999997,5.667999999999999,4.298
0.9015,4.3072,8.9887,-2.347,5.482,4.231
0.9015,4.2842,8.7243,-2.347,5.295999999999999,4.231
0.8552,4.2612,8.8565,-2.347,5.202999999999999,4.097
0.9246,4.2381,8.8565,-2.257,5.202999999999999,4.03
1.0633,4.192,8.8565,-2.4379999999999997,5.295999999999999,4.03
1.1326,4.1229,8.7243,-2.4379999999999997,5.389,4.03
1.1095,4.0999,8.5922,-2.4379999999999997,5.11,3.895
1.1095,4.0999,8.5922,-2.4379999999999997,5.11,3.895
1.1326,4.0308,8.46,-2.347,5.017,3.828
1.1326,4.0308,8.46,-2.347,5.017,3.828
1.1558,3.9617,8.46,-2.257,5.11,3.694
1.2251,3.8696,8.3278,-2.167,5.202999999999999,3.694
1.3407,3.8005,8.1956,-2.167,5.389,3.559
1.2251,3.6623,8.1956,-1.986,5.202999999999999,3.4250000000000003
1.1789,3.6162,8.0634,-1.896,5.017,3.291
1.0864,3.5932,7.9312,-1.715,4.7379999999999995,3.291
1.0402,3.6162,7.9312,-1.896,4.8309999999999995,3.3579999999999997
1.0402,3.6853,7.9312,-1.986,4.7379999999999995,3.492
0.8784,3.6623,7.6668,-1.896,4.46,3.761
0.7628,3.6853,7.6668,-1.896,4.46,3.694
0.6472,3.6623,7.6668,-1.986,4.088,3.828
0.4854,3.7083,7.6668,-2.167,3.995,3.761
0.4854,3.7083,7.6668,-2.167,3.995,3.761
0.5316,3.6623,7.6668,-2.167,4.088,3.761
0.416,3.6162,7.5346,-2.167,3.902,3.6270000000000002
0.4623,3.5932,7.5346,-2.257,3.809,3.694
0.4623,3.5932,7.5346,-2.257,3.809,3.694
0.4854,3.5932,7.5346,-2.167,3.902,3.694
0.5547,3.6162,7.6668,-2.167,4.088,3.6270000000000002
0.5779,3.6162,7.6668,-2.167,4.181,3.694
0.4392,3.455,7.0059,-1.986,3.623,3.559
0.3698,3.3859,7.0059,-1.986,3.53,3.492
0.3698,3.455,7.1381,-1.986,3.53,3.492
0.3236,3.3859,7.1381,-1.986,3.53,3.492
0.208,3.3628,7.1381,-1.896,3.4379999999999997,3.559
-0.0462,3.1555,6.6093,-1.715,2.601,3.224
-0.0693,3.0404,6.4771,-1.535,2.322,3.224
-0.1386,2.9252,6.4771,-1.535,2.415,3.291
-0.1386,2.9252,6.4771,-1.535,2.415,3.291
-0.1155,2.9252,6.6093,-1.535,2.601,3.3579999999999997
-0.1849,2.8561,6.4771,-1.444,2.88,3.6270000000000002
-0.1849,2.8561,6.4771,-1.444,2.88,3.6270000000000002
-0.1386,2.8331,6.4771,-1.535,3.066,3.761
-0.1386,2.8791,6.4771,-1.806,3.252,3.761
-0.208,2.8791,6.4771,-1.986,3.252,3.6270000000000002
-0.3236,2.8791,6.4771,-1.896,3.1590000000000003,3.6270000000000002
-0.3929,2.787,6.4771,-1.806,2.973,3.694
-0.416,2.8561,6.6093,-1.806,3.4379999999999997,3.761
-0.4392,2.9022,6.7415,-1.896,3.623,3.828
-0.5779,2.9022,6.7415,-1.715,3.7159999999999997,3.828
-0.6241,2.9022,6.7415,-1.715,3.7159999999999997,3.6270000000000002
-0.6703,2.8791,6.8737,-1.535,3.809,3.694
-0.809,2.8561,6.8737,-1.444,3.7159999999999997,3.761
-0.6934,2.6949,6.8737,-1.173,3.902,4.097
-0.416,2.6027,6.7415,-0.993,4.367,4.298
-0.1618,2.5336,7.0059,-0.903,4.8309999999999995,4.5
-0.1155,2.5106,7.1381,-0.993,5.017,4.7010000000000005
0.0462,2.6718,7.2703,-1.173,5.389,4.835999999999999
-0.0462,2.6488,7.4025,-0.903,5.295999999999999,5.037000000000001
-0.3236,2.4645,7.0059,-0.541,4.553,4.769
-0.6241,2.3263,6.7415,-0.18,3.902,4.5
-0.9477,2.096,6.6093,0.361,3.252,4.097
-1.0864,1.9117,6.8737,0.8119999999999999,2.973,3.895
-0.7628,2.3263,7.0059,0.6320000000000001,3.995,4.366
-0.5316,2.6258,7.1381,0.541,4.6450000000000005,4.7010000000000005
-0.3467,2.7409,7.2703,0.722,5.017,4.97
-0.2542,2.6488,7.1381,0.993,5.017,4.97
-0.0462,2.0039,6.7415,2.076,4.8309999999999995,4.6339999999999995
0.0693,1.7505,6.7415,2.257,4.8309999999999995,4.366
0.0693,1.7505,6.7415,2.257,4.8309999999999995,4.366
-0.0231,1.4971,6.7415,2.347,4.46,4.298
-0.0693,1.6123,7.1381,1.173,4.46,4.6339999999999995
0.0693,1.7505,7.4025,0.18,4.924,4.835999999999999
0.3698,1.7505,7.4025,-0.722,4.924,4.835999999999999
0.5316,1.7505,7.1381,-1.3539999999999999,5.017,4.6339999999999995
0.6703,1.7275,7.0059,-2.076,4.924,4.5
0.6934,1.6353,6.8737,-2.347,4.6450000000000005,4.164
0.5779,1.6123,6.6093,-2.889,4.367,4.164
0.4623,1.8426,6.8737,-3.792,4.367,4.231
0.0924,2.6718,7.6668,-5.237,4.46,4.433
0.1386,2.7409,7.6668,-4.8759999999999994,4.553,4.5
0.2311,2.8561,7.4025,-4.966,4.6450000000000005,4.298
0.0693,2.9943,7.4025,-4.605,4.6450000000000005,4.097
-0.601,2.9482,7.1381,-3.5210000000000004,3.4379999999999997,4.097
-0.7628,2.9252,7.2703,-3.16,3.1590000000000003,4.097
-0.9708,2.8561,7.5346,-2.4379999999999997,2.973,4.164
-1.1558,2.6027,6.8737,-0.993,2.415,3.895
-0.8784,2.6488,6.4771,-1.083,2.694,3.828
-0.6703,2.7409,6.345,-0.993,2.973,3.761
-0.6241,2.8561,6.6093,-1.083,3.252,3.828
-0.4392,3.2016,7.0059,-0.722,3.995,4.097
-0.3005,3.1555,6.8737,-0.451,4.088,4.231
-0.3467,3.2707,7.0059,-0.18,4.181,4.164
-0.3929,3.3398,7.2703,0.27,4.367,4.5
-0.3929,3.2937,7.2703,0.722,4.46,4.769
-0.2773,3.0404,7.0059,1.173,4.46,4.9030000000000005
-0.2773,3.0404,7.0059,1.173,4.46,4.9030000000000005
-0.0231,2.81,7.2703,1.625,4.924,5.103999999999999
-0.0,2.6949,7.2703,1.715,5.202999999999999,5.172
-0.1155,2.4185,7.2703,2.347,4.924,5.172
-0.3698,2.1881,7.4025,2.7089999999999996,4.7379999999999995,4.97
-0.4623,2.096,7.4025,2.167,5.202999999999999,4.769
-0.2542,2.3263,7.5346,1.715,6.039,5.172
-0.2542,2.8561,7.9312,1.083,6.8759999999999994,5.575
-0.208,3.0404,8.0634,0.903,7.433,5.709
-0.2311,3.2246,8.3278,0.8119999999999999,7.898,5.709
-0.208,3.3168,8.5922,0.8119999999999999,8.362,5.776
-0.3929,3.3168,8.5922,0.8119999999999999,8.362,5.575
-0.9246,2.9713,8.46,1.444,7.34,5.44
-1.5256,2.764,8.7243,1.896,6.69,5.103999999999999
-1.8261,2.9022,9.1209,1.535,7.712,5.642
-1.8723,2.8561,9.2531,1.444,7.898,5.709
-2.0573,2.9482,9.5175,1.083,7.898,5.91
-2.2191,3.455,10.0462,0.6320000000000001,8.734,6.313
-2.3347,3.8465,10.4428,0.0,9.291,6.917999999999999
-2.3809,3.9156,10.3106,-0.18,9.106,6.917999999999999
-2.3578,4.0308,10.3106,-0.451,9.013,6.985
-2.0804,4.0078,9.7818,-0.451,8.641,6.917999999999999
-1.8955,4.0078,9.7818,-0.18,8.92,7.119
-1.8492,4.4915,9.6497,-0.361,8.92,7.2540000000000004
-1.8723,4.6758,9.7818,-1.173,8.92,7.119
-1.8723,4.6758,9.7818,-1.173,8.92,7.119
-1.8492,4.7218,9.914,-1.896,9.477,7.2540000000000004
-1.7568,4.6297,10.1784,-1.896,10.035,7.455
-1.202,4.4685,11.2359,-0.8119999999999999,11.799999999999999,7.724
-1.3176,4.86,11.2359,-0.8119999999999999,11.335999999999999,7.388
-1.5487,5.0443,11.1037,-0.451,10.035,7.119
-1.6643,5.1825,10.575,0.541,7.619,6.917999999999999
-1.6643,5.1825,10.575,0.541,7.619,6.917999999999999
-1.4794,4.9522,10.4428,1.625,6.783,6.851000000000001
-1.1789,4.4915,10.3106,2.618,6.039,6.448
-0.0231,3.6623,10.3106,4.244,5.667999999999999,5.305999999999999
0.3698,3.4319,10.0462,4.605,5.017,4.567
0.5316,3.2016,9.914,4.966,4.553,3.963
0.5085,3.2246,9.7818,5.056000000000001,3.4379999999999997,3.224
0.4854,3.2246,9.6497,5.147,3.066,2.753
0.5316,3.0404,9.914,5.507999999999999,2.787,2.149
0.809,2.4415,10.1784,6.5920000000000005,3.1590000000000003,1.141
0.9708,2.3494,10.3106,6.772,3.345,0.873
0.9477,2.073,10.1784,6.862,3.345,0.335
0.601,1.6584,10.0462,7.224,3.252,-0.5369999999999999
0.0462,1.4741,10.575,7.495000000000001,3.252,-1.343
-0.3929,1.5432,11.1037,7.314,3.902,-1.746
0.0231,2.5106,11.7647,4.334,6.8759999999999994,-1.141
0.5085,2.9713,12.1612,3.16,8.548,-0.5369999999999999
0.9246,3.0404,12.4256,2.7089999999999996,9.756,-0.0
1.1326,3.0634,12.4256,2.618,10.221,0.403
1.2251,2.9252,12.4256,2.799,10.499,0.94
1.1789,3.2246,12.4256,1.986,10.221,2.5519999999999996
1.0633,3.5241,12.2934,1.3539999999999999,10.221,3.559
0.9477,3.9387,12.2934,0.6320000000000001,10.128,4.567
0.9246,4.0538,12.4256,0.541,10.221,5.305999999999999
1.1326,4.0769,12.8222,-0.27,10.964,6.179
1.1095,4.0769,12.9543,-0.8119999999999999,11.243,6.112
0.9708,4.0999,12.9543,-1.444,11.15,5.843
0.9015,4.0769,13.0865,-2.076,11.335999999999999,5.373
1.0402,3.9617,13.2187,-2.257,11.799999999999999,5.172
1.2944,3.6623,13.6153,-2.618,12.544,4.7010000000000005
1.0171,3.7314,13.7475,-2.979,12.358,4.567
1.0171,3.7314,13.7475,-2.979,12.358,4.567
0.8321,3.7544,13.4831,-3.5210000000000004,11.707,3.963
1.0864,3.5471,13.2187,-3.07,11.707,3.492
1.5487,3.1555,13.3509,-2.4379999999999997,12.172,2.821
2.011,2.9022,13.2187,-2.076,12.637,2.3499999999999996
2.3578,2.81,12.9543,-1.896,12.822,1.88
2.5658,2.787,12.8222,-1.625,12.358,1.2759999999999998
2.5658,2.787,12.8222,-1.625,12.358,1.2759999999999998
2.797,2.6949,12.4256,-1.2640000000000002,12.172,1.0739999999999998
3.19,2.5797,12.1612,-0.8119999999999999,12.172,1.007
3.19,2.3494,11.7647,-0.361,11.707,1.007
3.2362,2.119,11.6325,-0.18,11.521999999999998,0.873
3.3055,1.8426,11.7647,0.0,11.707,0.5369999999999999
3.4211,1.7735,11.5003,0.0,11.893,0.201
3.4442,1.7966,11.5003,0.0,11.986,-0.0
3.3055,1.8887,11.7647,0.0,11.893,-0.134
2.9357,2.096,12.1612,0.18,11.521999999999998,-0.0
2.7739,2.2572,12.2934,0.27,11.335999999999999,0.268
2.7508,2.4645,12.2934,-0.09,11.429,0.806
2.7739,2.6488,12.2934,-0.27,11.243,1.41
2.8432,2.6488,12.2934,-0.18,11.056999999999999,2.082
3.0282,2.6027,12.2934,0.09,11.335999999999999,2.686
3.0975,2.5106,12.2934,0.541,11.15,3.1559999999999997
2.6814,2.6258,12.1612,0.451,10.128,3.6270000000000002
3.1437,2.7179,12.029,-0.361,10.591999999999999,3.492
3.4674,2.5567,11.6325,-0.6320000000000001,11.056999999999999,3.3579999999999997
3.6754,2.3263,11.6325,-0.361,11.335999999999999,3.1559999999999997
3.7679,2.1881,11.5003,-0.18,11.429,3.1559999999999997
3.8372,2.119,11.6325,0.27,11.614,3.291
3.791,2.1651,11.8968,0.18,11.799999999999999,3.6270000000000002
3.7216,2.3263,12.029,0.18,11.799999999999999,4.164
3.6523,2.6258,11.8968,0.0,11.799999999999999,5.103999999999999
3.4674,2.7179,11.7647,0.09,11.335999999999999,5.575
3.3287,2.764,11.6325,0.18,11.335999999999999,5.642
3.3518,2.6949,11.8968,0.451,11.429,5.642
3.3287,2.7179,12.029,0.6320000000000001,11.614,5.91
3.19,2.787,12.2934,0.541,11.335999999999999,5.978
2.6121,3.1325,12.1612,0.09,10.405999999999999,6.448
2.6121,3.1325,12.1612,0.09,10.405999999999999,6.448
2.7739,3.2707,11.6325,-0.6320000000000001,10.128,6.851000000000001
2.8432,3.0634,11.6325,-0.09,10.035,6.917999999999999
2.8432,3.0634,11.6325,-0.09,10.035,6.917999999999999
2.8432,3.1095,11.7647,-0.27,10.405999999999999,6.917999999999999
2.5658,3.5701,11.7647,-0.993,9.942,7.0520000000000005
2.4965,3.7544,11.8968,-1.625,10.035,7.119
2.196,3.9387,11.8968,-2.076,9.384,7.187
2.1266,3.9617,11.7647,-2.076,9.199,7.187
2.1035,3.8696,11.8968,-1.986,9.199,7.119
2.1035,3.8465,11.7647,-1.896,8.92,6.851000000000001
2.7045,3.8235,11.5003,-2.076,9.663,6.582
2.7045,3.8235,11.5003,-2.076,9.663,6.582
2.5889,3.7774,11.3681,-2.167,9.291,5.843
2.5889,3.8235,11.5003,-2.347,9.291,5.575
2.7276,3.7314,11.5003,-2.257,9.57,5.172
2.9126,3.5932,11.6325,-2.076,9.756,4.7010000000000005
3.5829,3.2937,11.3681,-1.896,11.15,3.963
3.5829,3.2937,11.3681,-1.896,11.15,3.963
3.8372,3.2477,11.2359,-1.896,11.521999999999998,3.895
3.7216,3.2477,11.2359,-1.715,11.429,4.097
3.7679,3.2937,11.2359,-1.535,11.707,4.298
3.9066,3.3628,11.3681,-1.715,12.079,4.366
3.999,3.3628,11.2359,-1.625,12.451,4.231
3.9528,3.455,11.2359,-1.986,12.915000000000001,3.6270000000000002
3.8603,3.3859,11.3681,-1.806,12.915000000000001,3.3579999999999997
4.1608,3.5471,11.6325,-1.986,14.309000000000001,3.224
4.2533,3.5701,11.6325,-1.896,14.588000000000001,3.694
4.1608,3.5241,11.5003,-1.806,14.866999999999999,4.03
4.1608,3.5241,11.5003,-1.806,14.866999999999999,4.03
4.0221,3.3628,11.5003,-1.173,15.424,4.433
4.1146,3.5241,11.8968,-1.2640000000000002,16.259999999999998,4.567
4.1146,3.5241,11.8968,-1.2640000000000002,16.259999999999998,4.567
3.6523,3.9847,12.69,-1.896,16.632,5.305999999999999
3.2362,4.2612,12.9543,-2.347,16.259999999999998,5.91
2.8895,4.4454,12.9543,-2.889,15.796,6.515
2.5658,4.6067,12.9543,-3.5210000000000004,15.145,7.0520000000000005
2.5196,4.6988,12.9543,-3.8819999999999997,14.96,7.388
2.9126,4.7909,12.2934,-4.694999999999999,15.052000000000001,6.917999999999999
2.9819,4.7449,12.1612,-5.056000000000001,14.774000000000001,6.649000000000001
3.005,4.6527,12.029,-4.694999999999999,14.495000000000001,6.448
3.6985,4.2381,12.2934,-4.1530000000000005,15.331,5.642
3.8372,4.2381,12.1612,-3.8819999999999997,15.61,5.575
3.8834,4.2842,12.1612,-3.8819999999999997,15.796,5.642
3.8834,4.3763,12.2934,-3.792,16.075,5.709
3.8834,4.3763,12.2934,-3.792,16.075,5.709
4.0684,4.169,12.5578,-3.341,16.725,5.642
4.1146,4.2842,12.4256,-3.341,16.911,5.305999999999999
4.1146,4.2842,12.4256,-3.341,16.911,5.305999999999999
3.9759,4.4454,12.4256,-3.702,16.911,5.305999999999999
3.6754,4.7449,12.4256,-4.1530000000000005,16.632,5.507
3.6292,4.6988,12.5578,-4.1530000000000005,16.538999999999998,5.305999999999999
3.6754,4.5836,12.4256,-3.973,16.538999999999998,5.305999999999999
3.791,4.4915,12.4256,-3.702,16.632,5.305999999999999
3.8603,4.4685,12.2934,-3.612,16.632,5.239000000000001
3.9528,4.4685,12.029,-3.5210000000000004,16.353,5.305999999999999
3.6754,4.6067,11.8968,-3.8819999999999997,15.517000000000001,5.373
3.6292,4.6297,11.6325,-4.1530000000000005,15.424,5.373
3.6754,4.5376,11.8968,-3.8819999999999997,15.424,5.305999999999999
3.7447,4.4454,11.8968,-3.612,15.424,5.305999999999999
3.7216,4.4224,11.8968,-3.431,15.424,5.239000000000001
3.6523,4.5145,11.8968,-3.341,15.331,5.44
3.5598,4.6297,11.8968,-3.341,15.238,5.575
3.398,4.7679,11.6325,-3.25,14.588000000000001,5.776
3.3749,4.7909,11.5003,-3.16,14.495000000000001,5.776
3.3518,4.7679,11.5003,-2.889,14.123000000000001,5.709
3.2131,4.7449,11.2359,-2.979,13.472999999999999,5.709
3.1668,4.7449,11.2359,-3.25,13.193999999999999,5.642
3.2824,4.6758,11.3681,-3.431,13.193999999999999,5.373
3.3055,4.6297,11.2359,-3.792,13.008,5.103999999999999
3.2593,4.6297,11.2359,-3.973,12.451,5.037000000000001
3.2824,4.3763,10.9715,-3.792,11.986,4.97
3.3055,4.2381,10.9715,-3.5210000000000004,11.893,5.037000000000001
3.3287,4.192,10.9715,-3.431,11.799999999999999,4.835999999999999
3.3055,4.192,10.7072,-3.431,11.429,4.769
3.2593,4.192,10.7072,-3.431,11.243,4.5
3.2824,4.0999,10.575,-3.5210000000000004,10.964,4.097
3.3055,4.1229,10.575,-3.431,10.964,4.164
3.19,4.1229,10.4428,-3.431,10.685,4.164
3.0282,4.0538,10.4428,-2.979,10.314,4.433
2.9126,4.0078,10.3106,-2.618,9.756,4.567
2.8201,3.9617,10.1784,-2.347,9.477,4.7010000000000005
2.7276,3.9156,10.1784,-2.257,9.199,4.5
2.797,3.9617,10.1784,-2.167,9.106,4.567
2.8663,3.9847,10.1784,-2.076,9.106,4.567
2.9819,4.0769,10.1784,-2.257,9.384,4.567
3.0744,3.9847,10.0462,-2.076,9.477,4.7010000000000005
3.3055,3.7774,9.914,-1.625,9.477,4.6339999999999995
3.398,3.5241,9.914,-1.2640000000000002,9.57,4.6339999999999995
3.6754,3.3859,9.914,-1.173,9.942,4.164
3.6754,3.3859,9.914,-1.173,9.942,4.164
3.6523,3.5471,9.914,-1.3539999999999999,9.942,4.231
3.4442,3.6162,9.914,-1.173,9.57,4.567
3.4442,3.5701,9.7818,-0.903,9.477,4.567
3.5829,3.4089,9.914,-0.541,9.663,4.6339999999999995
3.7679,3.2016,9.914,-0.18,9.942,4.567
3.8372,3.2246,9.7818,-0.18,10.128,4.433
3.6292,3.3859,9.7818,-0.361,9.57,4.433
3.5598,3.3859,9.7818,-0.18,9.384,4.5
3.4905,3.455,9.7818,-0.27,9.291,4.835999999999999
3.4674,3.5241,9.7818,-0.09,9.106,4.9030000000000005
3.3518,3.5471,9.7818,-0.18,8.734,5.037000000000001
3.1668,3.5471,9.914,0.0,8.455,5.239000000000001
3.0975,3.501,10.0462,0.27,8.362,5.373
3.19,3.5701,9.6497,-0.09,8.455,5.44
2.8201,3.9387,9.5175,-0.541,7.619,5.507
2.7045,3.9387,9.6497,-0.451,7.433,5.709
2.6352,4.0769,9.6497,-0.722,7.247,5.709
2.5427,4.2842,9.6497,-1.2640000000000002,7.154,5.642
2.6121,4.2842,9.6497,-1.173,7.154,5.507
2.6583,4.4224,9.6497,-1.2640000000000002,7.247,5.44
2.404,4.7679,9.5175,-1.806,6.69,5.305999999999999
2.1729,4.9291,9.6497,-1.986,6.504,5.373
2.0342,4.814,9.914,-1.625,6.2250000000000005,5.373
2.3809,4.7679,9.914,-1.444,7.061,5.037000000000001
2.404,4.86,9.7818,-1.535,7.154,4.97
2.2653,5.0904,9.6497,-1.896,7.061,4.9030000000000005
1.9879,5.4128,9.914,-2.257,6.5969999999999995,4.835999999999999
1.9879,5.4128,9.914,-2.257,6.5969999999999995,4.835999999999999
1.9186,5.4819,9.914,-2.257,6.3180000000000005,4.97
1.9648,5.505,10.0462,-2.167,6.411,4.835999999999999
2.0342,5.2977,9.7818,-1.896,6.3180000000000005,4.835999999999999
2.011,5.2286,9.7818,-1.715,6.039,4.835999999999999
1.9879,5.1825,9.7818,-1.896,6.039,4.6339999999999995
1.9417,5.1595,9.6497,-1.806,5.946,4.7010000000000005
1.8492,5.1825,9.7818,-1.896,5.575,4.567
1.7799,5.1595,9.7818,-2.257,5.575,4.5
1.6412,5.1825,9.914,-2.4379999999999997,5.295999999999999,4.433
1.6643,5.0673,9.7818,-2.4379999999999997,5.389,4.433
1.6874,5.0213,9.6497,-2.347,5.389,4.366
1.7337,4.9522,9.6497,-2.5280000000000005,5.575,4.097
1.7568,4.9291,9.7818,-2.5280000000000005,5.575,3.963
1.7568,4.814,9.6497,-2.618,5.482,4.03
1.7105,4.814,9.6497,-2.7089999999999996,5.295999999999999,3.828
1.7105,4.814,9.6497,-2.7089999999999996,5.295999999999999,3.828
1.8492,4.6527,9.6497,-2.799,5.389,3.761
1.8261,4.6527,9.7818,-2.799,5.482,3.761
1.803,4.6988,9.7818,-3.25,5.575,3.6270000000000002
1.803,4.6297,9.5175,-3.341,5.667999999999999,3.694
1.7799,4.6067,9.3853,-3.25,5.575,3.761
1.803,4.5606,9.3853,-3.431,5.667999999999999,3.6270000000000002
1.8723,4.5145,9.3853,-3.341,5.853000000000001,3.694
1.9186,4.4685,9.5175,-3.25,6.039,3.694
1.9417,4.4685,9.5175,-3.25,6.132,3.6270000000000002
1.9186,4.4915,9.3853,-3.431,6.039,3.6270000000000002
1.9648,4.4685,9.5175,-3.612,6.3180000000000005,3.6270000000000002
1.9648,4.4685,9.5175,-3.612,6.3180000000000005,3.6270000000000002
1.9186,4.3994,9.2531,-3.431,6.039,3.761
1.9186,4.3994,9.2531,-3.431,6.2250000000000005,3.694
1.9648,4.4224,9.3853,-3.431,6.3180000000000005,3.694
1.9417,4.4454,9.3853,-3.612,6.039,3.694
1.8492,4.4454,9.2531,-3.702,5.667999999999999,3.694
1.8492,4.4454,9.2531,-3.702,5.667999999999999,3.694
1.9417,4.5145,9.2531,-3.8819999999999997,5.946,3.559
2.011,4.4915,9.2531,-3.702,5.946,3.694
1.9186,4.5606,9.2531,-3.792,5.760999999999999,3.761
1.6874,4.6297,9.1209,-3.612,5.482,3.828
1.5256,4.6527,9.1209,-3.341,5.017,4.097
1.5025,4.5836,8.9887,-3.25,5.017,4.298
1.5256,4.5376,8.9887,-3.07,5.11,4.298
1.6412,4.3303,9.2531,-2.799,5.11,4.231
1.5256,4.2381,9.1209,-2.5280000000000005,4.8309999999999995,4.298
1.3869,4.169,8.9887,-2.257,4.553,4.231
1.3407,4.0999,8.8565,-2.257,4.46,4.03
1.5025,4.1229,9.1209,-2.347,4.7379999999999995,3.895
1.5487,4.146,8.9887,-2.347,5.017,3.895
1.5487,4.169,8.8565,-2.257,4.924,4.097
1.5256,4.192,8.8565,-2.076,4.8309999999999995,4.433
1.5718,4.146,8.9887,-1.986,5.017,4.769
1.6643,4.1229,8.9887,-1.806,5.11,4.835999999999999
1.8261,4.169,8.8565,-1.986,5.389,4.7010000000000005
2.011,4.2151,8.7243,-1.896,5.575,4.567
1.8492,4.2151,8.46,-1.986,5.295999999999999,4.433
1.6874,4.3072,8.46,-2.167,4.924,4.433
1.5487,4.2612,8.46,-1.806,4.8309999999999995,4.5
1.5487,4.146,8.7243,-1.625,4.924,4.567
1.595,4.2151,8.7243,-1.715,5.017,4.5
1.5718,4.2151,8.7243,-1.986,5.017,4.6339999999999995
1.4563,4.3533,8.7243,-2.257,4.924,4.5
1.3869,4.4915,8.7243,-2.5280000000000005,4.8309999999999995,4.567
1.2944,4.5606,8.5922,-2.618,4.7379999999999995,4.5
1.2482,4.4454,8.5922,-2.257,4.6450000000000005,4.835999999999999
1.2944,4.3994,8.46,-1.896,4.6450000000000005,4.9030000000000005
1.3407,4.3994,8.3278,-1.896,4.7379999999999995,4.835999999999999
1.3638,4.4685,8.3278,-2.167,4.553,4.7010000000000005
1.3638,4.4224,8.46,-2.167,4.7379999999999995,4.433
1.3176,4.5145,8.46,-2.5280000000000005,4.6450000000000005,4.5
1.3869,4.5836,8.46,-2.618,4.8309999999999995,4.366
1.3869,4.6297,8.3278,-2.7089999999999996,4.8309999999999995,4.433
1.4331,4.6297,8.0634,-2.799,4.924,4.298
1.4794,4.6067,8.0634,-2.799,5.017,4.298
1.3869,4.6297,8.0634,-2.618,4.8309999999999995,4.231
1.2944,4.6067,7.9312,-2.618,4.6450000000000005,4.231
1.4331,4.6067,8.0634,-2.618,5.11,4.164
1.4331,4.6067,8.0634,-2.618,5.11,4.164
1.4794,4.5836,8.0634,-2.618,5.11,4.097
1.3638,4.4454,7.9312,-2.347,4.8309999999999995,4.231
1.3638,4.4454,7.9312,-2.347,4.8309999999999995,4.231
1.4794,4.3994,7.9312,-2.167,5.017,4.298
1.5487,4.3303,8.0634,-2.257,5.202999999999999,4.231
1.595,4.2612,7.9312,-2.076,5.202999999999999,4.097
1.595,4.3072,8.0634,-1.986,5.202999999999999,4.03
1.6181,4.2842,8.0634,-2.076,5.11,3.963
1.6181,4.192,7.9312,-1.986,5.11,4.097
1.5487,4.192,7.799,-1.806,5.017,3.963
1.5718,4.0308,7.799,-1.715,5.11,3.963
1.5718,4.0308,7.799,-1.715,5.11,3.963
1.6412,3.8696,7.799,-1.715,5.11,3.828
1.6412,3.7314,7.6668,-1.625,5.017,3.6270000000000002
1.6412,3.7314,7.6668,-1.625,5.017,3.6270000000000002
1.6874,3.7083,7.799,-1.715,5.202999999999999,3.6270000000000002
1.6643,3.7083,7.9312,-1.806,5.295999999999999,3.694
1.5256,3.7544,7.799,-1.806,5.202999999999999,3.694
1.5256,3.7544,7.799,-1.806,5.202999999999999,3.694
1.5718,3.6623,7.799,-1.806,5.11,3.6270000000000002
1.6181,3.5932,7.6668,-1.715,5.202999999999999,3.6270000000000002
1.6181,3.5241,7.5346,-1.715,5.295999999999999,3.761
1.595,3.5471,7.5346,-1.806,5.202999999999999,3.694
1.5718,3.5471,7.5346,-1.896,5.202999999999999,3.559
1.595,3.5471,7.6668,-1.986,5.202999999999999,3.6270000000000002
1.6181,3.5471,7.5346,-2.076,5.295999999999999,3.492
1.5718,3.501,7.5346,-2.167,5.295999999999999,3.559
1.595,3.501,7.5346,-2.167,5.295999999999999,3.559
1.595,3.478,7.6668,-2.076,5.389,3.492
1.6412,3.5241,7.5346,-2.167,5.482,3.492
1.6412,3.5241,7.5346,-2.167,5.482,3.492
1.5256,3.5932,7.5346,-2.076,5.11,3.694
1.3869,3.6392,7.4025,-1.986,4.8309999999999995,3.694
1.3869,3.6392,7.4025,-1.986,4.8309999999999995,3.694
1.41,3.6162,7.4025,-1.896,4.8309999999999995,3.694
1.3638,3.6623,7.4025,-1.806,4.924,3.828
1.2713,3.6853,7.2703,-1.715,4.553,3.694
1.2482,3.7083,7.2703,-1.715,4.553,3.828
1.3407,3.7314,7.2703,-1.715,4.8309999999999995,3.828
1.3407,3.7083,7.4025,-1.806,4.8309999999999995,3.828
1.4331,3.7083,7.4025,-1.715,5.017,3.895
1.41,3.7314,7.5346,-1.806,5.017,4.03
1.3638,3.7083,7.4025,-1.715,5.017,3.963
1.3176,3.7083,7.2703,-1.535,4.7379999999999995,4.097
1.2251,3.6623,7.1381,-1.3539999999999999,4.46,4.164
1.2251,3.6392,7.0059,-1.444,4.553,4.298
1.3407,3.6162,7.1381,-1.3539999999999999,4.8309999999999995,4.164
1.3407,3.6392,7.1381,-1.444,4.8309999999999995,4.097
1.3407,3.6392,7.1381,-1.444,4.8309999999999995,4.097
1.3176,3.6162,7.0059,-1.444,4.6450000000000005,4.164
1.2251,3.6162,6.8737,-1.444,4.46,4.298
1.1326,3.6392,6.8737,-1.444,4.181,4.433
1.1095,3.7314,7.0059,-1.715,4.181,4.366
1.2482,3.7774,7.0059,-1.986,4.6450000000000005,4.366
1.2713,3.7774,7.0059,-1.896,4.7379999999999995,4.366
1.3176,3.7544,7.0059,-1.896,4.7379999999999995,4.298
1.2251,3.8696,7.0059,-1.986,4.8309999999999995,4.298
1.2251,3.8696,7.0059,-1.986,4.8309999999999995,4.298
1.202,3.9156,7.0059,-1.896,4.7379999999999995,4.298
1.1789,3.8926,7.0059,-1.715,4.8309999999999995,4.298
1.1558,3.9156,7.0059,-1.806,4.8309999999999995,4.298
1.1095,3.8926,7.0059,-1.806,4.8309999999999995,4.298
1.1095,3.8926,7.1381,-1.715,4.8309999999999995,4.366
1.2713,3.8696,7.1381,-1.625,5.202999999999999,4.366
1.3407,3.8235,7.1381,-1.535,5.482,4.366
1.3869,3.8005,7.2703,-1.444,5.575,4.231
1.3176,3.7774,7.1381,-1.444,5.575,4.298
1.2713,3.6623,7.1381,-1.444,5.389,4.298
1.3176,3.6392,7.1381,-1.2640000000000002,5.482,4.231
1.3638,3.6162,7.1381,-1.2640000000000002,5.575,4.231
1.41,3.5471,7.1381,-1.3539999999999999,5.667999999999999,4.164
1.41,3.5471,7.1381,-1.2640000000000002,5.760999999999999,4.164
1.4331,3.5241,7.1381,-1.2640000000000002,5.760999999999999,4.164
1.41,3.501,7.1381,-1.173,5.667999999999999,4.164
1.41,3.5701,7.1381,-1.3539999999999999,5.760999999999999,4.231
1.41,3.5471,7.1381,-1.173,5.667999999999999,4.164
1.41,3.5241,7.1381,-1.2640000000000002,5.760999999999999,4.298
1.41,3.5241,7.1381,-1.2640000000000002,5.946,4.097
1.4331,3.478,7.1381,-1.3539999999999999,6.039,4.097
1.4331,3.4319,7.0059,-1.2640000000000002,6.132,4.03
1.41,3.4089,7.0059,-1.2640000000000002,6.039,4.03
1.3638,3.4089,7.4025,-1.173,6.039,4.097
1.4563,3.4089,7.2703,-1.173,6.2250000000000005,4.03
1.5025,3.3859,7.1381,-1.173,6.411,3.963
1.5025,3.3628,7.2703,-1.083,6.411,4.097
1.5025,3.3628,7.2703,-1.2640000000000002,6.5969999999999995,4.164
1.4794,3.3398,7.2703,-1.173,6.504,4.03
1.4563,3.3628,7.1381,-1.173,6.411,4.164
1.41,3.3628,7.2703,-1.173,6.3180000000000005,4.164
1.4331,3.3628,7.4025,-1.2640000000000002,6.504,4.097
1.5025,3.3628,7.2703,-1.2640000000000002,6.5969999999999995,4.164
1.5025,3.3628,7.2703,-1.2640000000000002,6.5969999999999995,4.164
1.4563,3.3859,7.4025,-1.3539999999999999,6.5969999999999995,4.164
1.41,3.3398,7.5346,-1.3539999999999999,6.504,4.164
1.3869,3.3628,7.4025,-1.2640000000000002,6.5969999999999995,4.164
1.41,3.3859,7.4025,-1.173,6.5969999999999995,4.164
1.4331,3.3398,7.4025,-1.2640000000000002,6.69,4.097
1.4563,3.3168,7.5346,-1.173,6.783,4.164
1.41,3.3628,7.5346,-1.2640000000000002,6.783,4.164
1.3869,3.3859,7.5346,-1.2640000000000002,6.783,4.231
1.3407,3.4319,7.5346,-1.3539999999999999,6.783,4.231
1.3407,3.4319,7.6668,-1.444,6.783,4.298
1.3638,3.478,7.4025,-1.2640000000000002,6.783,4.298
1.3638,3.478,7.4025,-1.2640000000000002,6.8759999999999994,4.298
1.3407,3.5241,7.5346,-1.2640000000000002,6.968,4.366
1.3176,3.5241,7.5346,-1.444,6.8759999999999994,4.5
1.3176,3.5241,7.5346,-1.444,6.8759999999999994,4.5
1.3407,3.5932,7.6668,-1.3539999999999999,6.968,4.567
1.2713,3.5471,7.6668,-1.2640000000000002,6.968,4.769
1.2713,3.5471,7.6668,-1.2640000000000002,6.968,4.769
1.1326,3.501,7.6668,-1.173,6.8759999999999994,4.9030000000000005
1.2482,3.478,7.799,-0.993,7.154,5.103999999999999
1.2482,3.478,7.799,-0.993,7.154,5.103999999999999
1.2482,3.478,7.9312,-0.993,7.247,5.103999999999999
1.0864,3.4319,7.6668,-0.8119999999999999,6.783,5.172
1.0864,3.4319,7.6668,-0.8119999999999999,6.783,5.172
1.1095,3.4319,7.799,-0.6320000000000001,6.783,5.239000000000001
1.2482,3.4319,8.0634,-0.451,7.433,5.373
1.3176,3.3859,8.3278,-0.361,7.526000000000001,5.373
1.3638,3.3398,8.1956,-0.451,7.712,5.44
1.5256,3.4089,8.1956,-0.361,7.9910000000000005,5.44
1.5256,3.4089,8.1956,-0.361,7.9910000000000005,5.44
1.3638,3.455,8.1956,-0.451,7.805,5.239000000000001
1.5025,3.3628,8.3278,-0.451,8.083,5.239000000000001
1.5025,3.3628,8.3278,-0.451,8.083,5.239000000000001
1.5256,3.2937,8.46,-0.27,8.176,5.44
1.5025,3.2937,8.5922,-0.361,8.269,5.373
1.4794,3.2937,8.7243,-0.361,8.362,5.44
1.5256,3.3628,8.7243,-0.541,8.548,5.305999999999999
1.6874,3.6853,8.7243,-1.083,9.013,5.575
1.6874,3.7544,8.5922,-1.2640000000000002,8.92,5.507
1.6643,3.7544,8.7243,-1.173,8.92,5.575
1.5256,3.8696,8.9887,-1.2640000000000002,8.548,5.776
1.5256,4.0078,8.7243,-1.444,8.548,5.709
1.4563,4.0999,8.7243,-1.625,8.269,5.642
1.4563,4.0769,8.7243,-1.625,8.269,5.709
1.4563,3.9156,8.9887,-1.2640000000000002,8.362,5.575
1.4563,3.9156,8.9887,-1.2640000000000002,8.362,5.575
1.5256,3.8696,8.9887,-1.2640000000000002,8.455,5.44
1.5256,3.8696,8.9887,-1.2640000000000002,8.455,5.44
1.5025,4.0538,8.8565,-1.625,8.455,5.239000000000001
1.4563,4.1229,8.7243,-1.715,8.176,5.305999999999999
1.3869,4.2381,8.8565,-1.625,7.898,5.44
1.4331,4.2612,8.9887,-1.535,8.176,5.575
1.5256,4.2842,9.1209,-1.444,8.455,5.642
1.5718,4.3533,9.1209,-1.625,8.548,5.709
1.5487,4.4224,9.1209,-1.535,8.641,5.642
1.5487,4.4224,9.1209,-1.535,8.641,5.642
1.5025,4.4685,9.1209,-1.444,8.455,5.575
1.4331,4.4454,9.1209,-1.535,8.455,5.507
1.3638,4.4915,8.9887,-1.625,8.362,5.507
1.3638,4.4685,9.2531,-1.625,8.362,5.44
1.3638,4.4454,9.1209,-1.625,8.362,5.44
1.3407,4.4915,9.1209,-1.896,8.083,5.373
1.2713,4.5836,9.2531,-1.986,7.9910000000000005,5.373
1.2713,4.5836,9.2531,-1.986,7.9910000000000005,5.373
1.3176,4.5606,9.1209,-2.076,7.898,5.373
1.3869,4.5376,9.1209,-1.986,7.898,5.44
1.4563,4.5145,9.1209,-1.806,7.9910000000000005,5.305999999999999
1.5718,4.4454,9.2531,-1.806,8.176,5.239000000000001
1.5256,4.4915,9.2531,-1.806,7.9910000000000005,5.172
1.41,4.3994,9.1209,-1.625,7.712,5.103999999999999
1.4563,4.3533,9.1209,-1.715,7.712,4.97
1.4563,4.2612,8.9887,-1.625,7.526000000000001,4.835999999999999
1.4563,4.2612,8.9887,-1.625,7.526000000000001,4.835999999999999
1.4563,4.169,9.1209,-1.535,7.247,4.835999999999999
1.4794,4.169,9.1209,-1.444,7.154,4.769
1.595,4.1229,9.2531,-1.3539999999999999,7.526000000000001,4.6339999999999995
1.6874,4.0999,9.2531,-1.444,7.712,4.6339999999999995
1.6412,4.0999,9.2531,-1.535,7.805,4.7010000000000005
1.5718,4.0999,8.9887,-1.535,7.526000000000001,4.7010000000000005
1.5718,4.0999,8.9887,-1.535,7.526000000000001,4.7010000000000005
1.5256,4.0769,8.9887,-1.444,7.526000000000001,4.7010000000000005
1.4794,4.0769,8.8565,-1.535,7.34,4.6339999999999995
1.5025,4.0769,8.9887,-1.535,7.433,4.7010000000000005
1.5256,4.0538,8.9887,-1.535,7.433,4.7010000000000005
1.4794,4.0538,8.9887,-1.715,7.433,4.5
1.5025,4.0538,8.9887,-1.896,7.433,4.433
1.5256,4.0308,8.9887,-1.896,7.433,4.567
1.4794,4.0308,8.8565,-1.986,7.247,4.5
1.4794,3.9847,8.9887,-2.076,7.34,4.5
1.5256,4.0078,8.9887,-2.167,7.526000000000001,4.433
1.5718,3.9847,8.9887,-2.167,7.619,4.433
1.4331,3.9847,8.8565,-1.986,6.8759999999999994,4.5
1.41,3.9387,8.8565,-1.986,6.8759999999999994,4.567
1.4331,4.0078,8.9887,-1.986,6.968,4.5
1.4794,3.9847,9.1209,-1.896,7.247,4.6339999999999995
1.3638,4.0999,8.5922,-1.806,6.69,4.6339999999999995
1.3638,4.0999,8.5922,-1.806,6.69,4.6339999999999995
1.2251,4.0769,8.5922,-1.625,6.132,4.7010000000000005
1.3869,3.9617,8.7243,-1.535,6.2250000000000005,4.5
1.4331,3.8926,8.8565,-1.2640000000000002,6.132,4.433
1.4563,3.8235,8.8565,-1.2640000000000002,6.2250000000000005,4.433
1.4563,3.8926,8.7243,-1.2640000000000002,6.132,4.366
1.41,3.9387,8.7243,-1.444,6.039,4.433
1.4331,3.8235,8.7243,-1.173,5.853000000000001,4.567
1.5718,3.7774,8.8565,-0.993,6.2250000000000005,4.567
1.5718,3.7774,8.8565,-0.993,6.2250000000000005,4.567
1.7337,3.7314,8.7243,-1.083,6.5969999999999995,4.567
1.7105,3.6162,8.5922,-0.903,6.411,4.366
1.6412,3.5701,8.5922,-0.993,6.132,4.298
1.5487,3.5701,8.3278,-1.2640000000000002,5.946,4.231
1.6874,3.5241,8.3278,-1.083,5.853000000000001,4.366
1.7337,3.501,8.7243,-1.083,6.039,4.433
1.7105,3.501,8.5922,-1.173,6.039,4.433
1.5256,3.5471,8.46,-1.083,5.667999999999999,4.567
1.5256,3.5471,8.46,-1.083,5.667999999999999,4.567
1.5025,3.5471,8.1956,-1.083,5.482,4.7010000000000005
1.5025,3.5241,8.3278,-1.083,5.482,4.6339999999999995
1.5256,3.478,8.46,-0.993,5.482,4.567
1.5256,3.478,8.46,-0.993,5.482,4.567
1.41,3.5471,8.46,-1.083,5.482,4.433
1.3638,3.5471,8.3278,-1.083,5.295999999999999,4.433
1.2482,3.501,8.1956,-1.173,5.017,4.366
1.2482,3.3859,8.46,-0.903,4.8309999999999995,4.567
1.3638,3.2937,8.46,-0.903,5.11,4.6339999999999995
1.3638,3.2707,8.46,-0.903,5.202999999999999,4.6339999999999995
1.3407,3.3168,8.46,-0.903,5.202999999999999,4.567
1.3407,3.2937,8.3278,-1.083,5.295999999999999,4.7010000000000005
1.3638,3.3628,8.1956,-1.173,5.295999999999999,4.7010000000000005
1.41,3.2477,8.1956,-1.173,5.295999999999999,4.835999999999999
1.41,3.2707,8.3278,-1.173,5.389,4.769
1.41,3.2707,8.3278,-1.173,5.482,4.769
1.2944,3.1786,8.3278,-1.173,5.295999999999999,4.567
1.3176,3.1325,8.3278,-1.173,5.295999999999999,4.5
1.4563,3.0864,8.3278,-1.173,5.667999999999999,4.231
1.4794,3.1095,8.3278,-1.083,5.575,4.298
1.4331,3.0864,8.3278,-1.083,5.575,4.231
1.3869,3.0173,8.1956,-0.993,5.575,4.298
1.5256,2.9482,8.1956,-0.722,5.667999999999999,4.366
1.595,3.0173,8.1956,-0.993,5.853000000000001,4.298
1.6643,2.9943,8.1956,-0.903,6.039,4.164
1.7799,3.0173,8.3278,-1.083,6.2250000000000005,4.164
1.803,2.9713,8.3278,-0.993,6.3180000000000005,4.164
1.7105,2.9252,8.3278,-0.993,6.3180000000000005,4.164
1.6874,2.8561,8.3278,-0.8119999999999999,6.3180000000000005,4.03
1.6412,2.7409,8.1956,-0.541,6.2250000000000005,3.559
1.6412,2.7179,8.0634,-0.6320000000000001,6.2250000000000005,3.4250000000000003
1.6181,2.6718,8.0634,-0.722,6.2250000000000005,3.291
1.6181,2.6949,8.0634,-0.722,6.2250000000000005,3.1559999999999997
1.6643,2.6718,8.0634,-0.8119999999999999,6.3180000000000005,3.224
1.6874,2.7179,8.1956,-0.993,6.411,3.492
1.6874,2.7179,8.1956,-0.993,6.411,3.492
1.6643,2.787,8.1956,-0.993,6.2250000000000005,3.828
1.6181,2.8331,8.1956,-0.993,6.2250000000000005,4.097
1.7799,2.9022,8.1956,-0.993,6.411,4.6339999999999995
1.803,2.8791,8.1956,-1.083,6.504,4.6339999999999995
1.8261,2.8561,8.1956,-1.083,6.411,4.769
1.7337,2.8791,8.1956,-0.903,6.411,4.769
1.6643,2.9022,8.1956,-0.903,6.132,4.769
1.4794,2.81,7.9312,-0.6320000000000001,5.667999999999999,5.037000000000001
1.4563,2.7179,8.0634,-0.541,5.667999999999999,4.97
1.4331,2.764,8.1956,-0.6320000000000001,5.575,4.9030000000000005
1.5025,2.787,8.1956,-0.6320000000000001,5.760999999999999,4.769
1.5487,2.764,8.0634,-0.722,5.760999999999999,4.6339999999999995
1.6181,2.8561,8.0634,-0.993,5.853000000000001,4.7010000000000005
1.5718,2.8561,7.9312,-0.993,5.853000000000001,4.9030000000000005
1.5256,2.8791,7.9312,-1.083,5.760999999999999,4.835999999999999
1.4794,2.81,7.799,-0.903,5.575,4.9030000000000005
1.41,2.787,7.799,-0.903,5.389,5.103999999999999
1.4331,2.81,7.799,-0.903,5.482,5.172
1.4794,2.8331,7.799,-0.993,5.760999999999999,5.103999999999999
1.5025,2.8561,8.0634,-1.083,5.946,5.037000000000001
1.5487,2.9022,7.9312,-1.173,5.853000000000001,5.172
1.6181,2.9252,8.0634,-1.173,6.132,4.97
1.6181,2.9252,8.0634,-1.2640000000000002,6.132,4.9030000000000005
1.5025,2.9252,7.9312,-1.173,6.039,4.9030000000000005
1.4563,2.8791,7.6668,-0.993,5.667999999999999,4.835999999999999
1.595,2.81,7.9312,-1.083,5.760999999999999,4.6339999999999995
1.595,2.81,7.9312,-1.083,5.760999999999999,4.6339999999999995
1.7105,2.764,7.9312,-1.083,6.132,4.6339999999999995
1.7105,2.8331,7.9312,-1.2640000000000002,6.132,4.5
1.6181,2.8331,7.6668,-1.2640000000000002,5.853000000000001,4.7010000000000005
1.5718,2.81,7.6668,-1.173,5.760999999999999,4.6339999999999995
1.7337,2.787,7.6668,-1.173,5.946,4.433
1.7568,2.6718,7.6668,-0.993,5.946,4.5
1.7105,2.6027,7.6668,-0.993,5.853000000000001,4.366
1.595,2.4415,7.5346,-0.541,5.667999999999999,4.03
1.5256,2.3954,7.5346,-0.541,5.667999999999999,4.03
1.5718,2.4645,7.6668,-0.541,5.760999999999999,3.828
1.6181,2.4415,7.6668,-0.722,5.760999999999999,3.828
1.6643,2.4876,7.6668,-0.8119999999999999,5.946,3.828
1.7568,2.4645,7.6668,-0.993,6.2250000000000005,3.895
1.8723,2.4645,7.5346,-0.903,6.504,3.761
1.9417,2.4645,7.5346,-1.083,6.69,3.761
1.9417,2.4645,7.5346,-1.083,6.69,3.761
1.8955,2.4876,7.5346,-1.083,6.504,4.03
1.803,2.5567,7.4025,-0.993,6.2250000000000005,4.097
1.8492,2.5567,7.5346,-0.993,6.132,4.164
1.8955,2.5336,7.5346,-1.083,6.2250000000000005,4.366
1.8955,2.5336,7.5346,-1.083,6.2250000000000005,4.366
2.011,2.5797,7.5346,-1.173,6.5969999999999995,4.433
2.011,2.5797,7.4025,-1.2640000000000002,6.69,4.433
1.9648,2.5797,7.5346,-1.2640000000000002,6.5969999999999995,4.433
1.7799,2.5797,7.4025,-1.173,6.132,4.5
1.6874,2.5567,7.5346,-0.993,6.039,4.5
1.6412,2.6488,7.5346,-1.083,6.039,4.6339999999999995
1.6412,2.6488,7.5346,-1.083,6.039,4.6339999999999995
1.6874,2.6718,7.6668,-1.173,6.132,4.7010000000000005
1.7105,2.6027,7.6668,-1.083,6.2250000000000005,4.7010000000000005
1.7799,2.5797,7.799,-0.993,6.411,4.7010000000000005
1.7799,2.5797,7.799,-0.993,6.411,4.7010000000000005
1.8723,2.5567,7.6668,-1.083,6.5969999999999995,4.7010000000000005
1.8955,2.6027,7.5346,-1.083,6.5969999999999995,4.5
1.8723,2.6258,7.4025,-1.083,6.5969999999999995,4.366
1.8955,2.5797,7.2703,-1.083,6.504,4.5
1.8955,2.6027,7.4025,-1.083,6.5969999999999995,4.433
1.9648,2.6258,7.4025,-1.083,6.69,4.433
1.9648,2.6027,7.4025,-1.173,6.69,4.433
1.8955,2.6027,7.4025,-1.173,6.69,4.433
1.8261,2.6718,7.5346,-1.083,6.5969999999999995,4.366
1.8492,2.7179,7.4025,-1.3539999999999999,6.69,4.433
1.9186,2.7179,7.5346,-1.3539999999999999,6.968,4.567
1.9648,2.6718,7.5346,-1.3539999999999999,7.061,4.567
1.9648,2.6718,7.5346,-1.3539999999999999,7.061,4.567
1.9417,2.6718,7.5346,-1.3539999999999999,7.061,4.5
1.8261,2.6258,7.4025,-1.3539999999999999,6.968,4.433
1.9186,2.5797,7.4025,-1.444,6.8759999999999994,4.298
1.9186,2.5797,7.4025,-1.444,6.8759999999999994,4.298
1.9417,2.6027,7.4025,-1.444,6.8759999999999994,4.231
1.9648,2.5567,7.4025,-1.444,6.968,4.298
1.8955,2.6488,7.2703,-1.535,6.8759999999999994,4.298
1.8955,2.6949,7.2703,-1.535,6.783,4.298
1.8723,2.7179,7.2703,-1.625,6.8759999999999994,4.5
1.8955,2.7409,7.4025,-1.625,6.8759999999999994,4.567
1.9186,2.6949,7.5346,-1.625,6.968,4.567
1.9879,2.7409,7.5346,-1.625,7.061,4.5
1.9417,2.6949,7.5346,-1.535,7.247,4.5
1.9186,2.7179,7.5346,-1.625,7.154,4.298
1.8492,2.7409,7.6668,-1.625,7.154,4.433
1.803,2.6949,7.6668,-1.444,6.968,4.366
1.8492,2.6258,7.5346,-1.444,7.061,4.366
1.8955,2.5336,7.5346,-1.444,7.247,4.366
1.9417,2.5106,7.5346,-1.3539999999999999,7.247,4.298
1.9648,2.5106,7.5346,-1.3539999999999999,7.34,4.298
1.9879,2.5336,7.5346,-1.3539999999999999,7.34,4.231
1.9879,2.6027,7.5346,-1.3539999999999999,7.247,4.164
2.011,2.6488,7.4025,-1.444,7.34,4.164
2.0573,2.6027,7.4025,-1.2640000000000002,7.247,4.298
2.0804,2.5336,7.4025,-1.3539999999999999,7.34,4.298
2.1035,2.6258,7.5346,-1.3539999999999999,7.247,4.433
2.1729,2.6949,7.5346,-1.444,7.526000000000001,4.567
2.1729,2.81,7.5346,-1.715,7.619,4.567
2.0804,2.8561,7.4025,-1.625,7.433,4.6339999999999995
2.0573,2.81,7.4025,-1.444,7.154,4.6339999999999995
1.9186,2.5567,7.4025,-0.993,7.061,4.6339999999999995
2.011,2.4876,7.6668,-0.903,7.433,4.433
2.011,2.4876,7.6668,-0.903,7.433,4.433
2.011,2.5106,7.6668,-1.083,7.526000000000001,4.164
1.9648,2.4645,7.5346,-1.083,7.619,4.097
1.9186,2.5106,7.6668,-1.083,7.433,4.231
2.011,2.3724,7.5346,-0.993,7.433,4.5
2.011,2.3724,7.5346,-0.993,7.433,4.5
2.0342,2.3724,7.4025,-0.903,7.433,4.366
2.0342,2.3033,7.4025,-0.722,7.154,4.567
2.0342,2.3494,7.4025,-0.903,7.154,4.5
2.011,2.4185,7.4025,-0.903,7.247,4.5
2.1497,2.6258,7.5346,-1.2640000000000002,7.619,4.567
2.1497,2.6258,7.5346,-1.2640000000000002,7.619,4.567
2.1266,2.6258,7.5346,-1.173,7.619,4.5
2.0804,2.6258,7.5346,-1.173,7.619,4.7010000000000005
2.1035,2.5797,7.5346,-1.083,7.712,4.6339999999999995
2.1035,2.5336,7.5346,-1.083,7.712,4.6339999999999995
2.0804,2.6258,7.6668,-1.173,7.712,4.5
1.9879,2.7179,7.6668,-1.173,7.712,4.7010000000000005
1.8955,2.764,7.9312,-1.2640000000000002,7.526000000000001,4.835999999999999
1.8261,2.787,7.9312,-1.2640000000000002,7.526000000000001,4.97
1.8492,2.764,7.6668,-1.173,7.619,5.172
1.803,2.6718,7.799,-1.083,7.433,5.172
1.7568,2.6258,7.9312,-0.903,7.526000000000001,5.172
1.8492,2.6258,7.799,-0.903,7.805,5.172
1.8492,2.6718,8.0634,-0.903,7.712,5.037000000000001
1.8261,2.6718,8.0634,-0.993,7.805,5.037000000000001
1.803,2.6949,8.0634,-0.993,7.712,5.037000000000001
1.8492,2.7179,8.1956,-1.083,7.712,5.037000000000001
1.7799,2.764,8.0634,-0.993,7.805,5.037000000000001
1.7568,2.81,8.0634,-0.903,7.805,5.172
1.7799,2.8561,7.9312,-0.993,7.712,5.373
1.7799,2.8561,7.9312,-0.993,7.712,5.373
1.803,2.9022,7.9312,-0.993,7.805,5.373
1.8492,2.9482,7.9312,-0.903,7.898,5.373
1.9417,2.9482,7.9312,-0.993,7.898,5.373
1.9648,2.9713,7.799,-1.173,7.9910000000000005,5.305999999999999
1.8492,3.0173,7.9312,-1.3539999999999999,7.712,5.172
1.7568,2.9943,7.9312,-1.2640000000000002,7.433,5.172
1.6874,2.9482,7.9312,-1.173,7.34,5.103999999999999
1.6874,2.9943,7.9312,-1.3539999999999999,7.34,5.172
1.7337,2.9713,7.9312,-1.2640000000000002,7.433,5.103999999999999
1.7568,2.9943,8.0634,-1.444,7.712,5.239000000000001
1.7105,3.0634,7.9312,-1.444,7.619,5.239000000000001
1.6412,3.1555,7.9312,-1.444,7.526000000000001,5.44
1.6643,3.1555,7.9312,-1.535,7.619,5.44
1.7337,3.1555,7.9312,-1.535,7.619,5.44
1.7337,3.1555,8.0634,-1.715,7.898,5.373
1.7799,3.2246,8.1956,-1.625,7.9910000000000005,5.373
1.7799,3.2016,8.0634,-1.625,8.083,5.305999999999999
1.7799,3.1555,8.0634,-1.444,7.9910000000000005,5.103999999999999
1.7799,3.1786,8.0634,-1.444,7.9910000000000005,5.037000000000001
1.6412,3.2246,8.0634,-1.625,7.805,4.97
1.6412,3.3168,8.0634,-1.715,7.805,5.037000000000001
1.7105,3.3398,8.0634,-1.806,7.898,5.037000000000001
1.7105,3.3398,8.0634,-1.806,7.898,5.037000000000001
1.7337,3.3628,8.1956,-1.806,7.9910000000000005,5.239000000000001
1.7568,3.3859,8.1956,-1.625,7.898,5.305999999999999
1.7337,3.4089,8.3278,-1.806,8.083,5.239000000000001
1.7568,3.4319,8.1956,-1.715,8.176,5.305999999999999
1.9186,3.478,8.3278,-1.806,8.455,5.239000000000001
1.9417,3.501,8.0634,-1.896,8.548,5.239000000000001
1.9417,3.501,8.0634,-1.896,8.548,5.239000000000001
1.8261,3.5241,8.3278,-1.806,8.269,5.172
1.6412,3.5471,8.3278,-1.715,7.712,5.239000000000001
1.6874,3.5701,8.1956,-1.715,7.9910000000000005,5.239000000000001
1.8261,3.5932,8.1956,-1.806,8.176,5.239000000000001
1.8723,3.5471,8.3278,-1.715,8.176,5.172
1.8492,3.7083,8.1956,-1.896,8.269,5.103999999999999
1.8492,3.7083,8.1956,-1.896,8.269,5.103999999999999
1.8723,3.7544,8.1956,-1.986,8.362,5.037000000000001
1.8955,3.8005,8.3278,-2.076,8.362,5.172
1.8723,3.8696,8.46,-2.167,8.548,5.172
1.8723,3.8696,8.46,-2.167,8.548,5.172
1.803,3.9617,8.46,-2.347,8.548,5.103999999999999
1.7337,3.9847,8.46,-2.4379999999999997,8.548,5.172
1.6874,3.9617,8.5922,-2.4379999999999997,8.455,5.037000000000001
1.6874,3.9847,8.5922,-2.257,8.362,5.172
1.6643,3.9617,8.5922,-2.257,8.455,5.103999999999999
1.6181,3.9156,8.5922,-2.167,8.269,5.037000000000001
1.6181,3.9156,8.5922,-2.167,8.269,5.037000000000001
1.6181,3.8926,8.5922,-2.076,8.269,4.9030000000000005
1.595,3.8926,8.5922,-2.167,8.083,4.835999999999999
1.6181,3.8465,8.5922,-2.167,8.083,4.769
1.6181,3.8235,8.5922,-2.257,8.269,4.769
1.6181,3.8235,8.5922,-2.257,8.269,4.769
1.595,3.8005,8.7243,-2.167,8.176,4.769
1.5718,3.8235,8.7243,-2.167,8.176,4.769
1.5487,3.8005,8.5922,-2.076,7.9910000000000005,4.7010000000000005
1.5487,3.7774,8.5922,-2.167,7.9910000000000005,4.7010000000000005
1.5718,3.7774,8.5922,-2.167,7.9910000000000005,4.6339999999999995
1.6181,3.7774,8.7243,-2.257,8.176,4.567
1.6412,3.7314,8.8565,-2.257,8.176,4.5
1.6181,3.7544,8.7243,-2.257,8.083,4.433
1.6181,3.7544,8.5922,-2.347,7.805,4.567
1.595,3.7083,8.46,-2.347,7.712,4.6339999999999995
1.595,3.7083,8.46,-2.347,7.712,4.6339999999999995
1.595,3.6853,8.46,-2.5280000000000005,7.712,4.5
1.6181,3.6392,8.46,-2.4379999999999997,7.712,4.567
1.6643,3.6392,8.5922,-2.4379999999999997,7.712,4.433
1.6181,3.5471,8.3278,-2.257,7.526000000000001,4.366
1.5718,3.5471,8.3278,-2.167,7.154,4.298
1.5718,3.5241,7.9312,-2.257,6.968,4.366
1.5256,3.5241,8.0634,-2.257,6.783,4.433
1.5025,3.5701,8.1956,-2.347,6.8759999999999994,4.433
1.5256,3.5701,8.1956,-2.257,6.8759999999999994,4.366
1.5487,3.5471,8.0634,-2.167,6.968,4.433
1.5256,3.5471,8.0634,-2.167,6.968,4.433
1.5256,3.5471,8.1956,-2.076,6.968,4.366
1.5256,3.5701,8.1956,-1.986,6.8759999999999994,4.231
1.41,3.6162,8.3278,-1.986,6.783,4.366
1.4794,3.5701,8.3278,-2.076,6.968,4.433
1.595,3.5241,8.3278,-1.896,7.061,4.433
1.5718,3.5471,8.1956,-1.896,6.8759999999999994,4.433
1.4563,3.5932,8.1956,-1.986,6.8759999999999994,4.366
1.41,3.5932,8.1956,-2.076,6.5969999999999995,4.366
1.5256,3.5701,8.1956,-2.076,6.783,4.298
1.6412,3.5241,8.1956,-1.986,6.968,4.298
1.5487,3.5241,8.0634,-1.986,6.69,4.298
1.4794,3.5471,8.0634,-2.076,6.504,4.298
1.4794,3.5471,8.0634,-2.076,6.504,4.298
1.5256,3.5241,8.0634,-1.986,6.69,4.298
1.595,3.501,8.0634,-1.986,6.69,4.231
1.5718,3.4319,7.9312,-1.806,6.411,4.231
1.5718,3.4319,7.9312,-1.806,6.411,4.231
1.4563,3.5241,7.9312,-1.896,6.3180000000000005,4.231
1.4794,3.5241,8.0634,-1.806,6.411,4.366
1.4794,3.5241,8.0634,-1.806,6.411,4.366
1.4331,3.5471,7.9312,-1.986,6.3180000000000005,4.231
1.4563,3.5241,7.6668,-1.986,6.3180000000000005,4.366
1.4563,3.501,7.799,-2.076,6.3180000000000005,4.231
1.4563,3.5241,7.9312,-1.986,6.3180000000000005,4.164
1.5025,3.455,7.9312,-2.076,6.3180000000000005,4.03
1.4794,3.455,7.9312,-1.986,6.3180000000000005,4.097
1.41,3.501,7.9312,-2.076,6.132,4.231
1.3638,3.5701,7.9312,-1.986,6.132,4.231
1.3407,3.5471,7.6668,-2.076,6.132,4.298
1.3638,3.5471,7.799,-1.896,6.132,4.298
1.3638,3.5241,7.799,-2.076,6.3180000000000005,4.231
1.4331,3.3398,7.5346,-1.806,5.946,4.097
1.4563,3.3168,7.5346,-1.806,5.946,4.03
1.4331,3.2937,7.6668,-1.896,5.946,4.097
1.4563,3.2937,7.6668,-1.896,6.039,4.03
1.4563,3.2477,7.5346,-1.806,5.946,3.963
1.3407,3.2016,7.5346,-1.715,5.667999999999999,3.963
1.4563,3.2016,7.5346,-1.715,5.667999999999999,3.895
1.4563,3.2016,7.5346,-1.715,5.667999999999999,3.895
1.2713,3.2477,7.5346,-1.625,5.389,4.03
1.2944,3.3398,7.5346,-1.806,5.482,4.164
1.2944,3.3398,7.5346,-1.806,5.482,4.164
1.2944,3.3859,7.5346,-1.806,5.389,4.164
1.2482,3.3628,7.4025,-1.806,5.389,4.231
1.3638,3.3398,7.2703,-1.715,5.667999999999999,4.097
1.3638,3.3168,7.2703,-1.715,5.575,3.963
1.3407,3.2937,7.1381,-1.625,5.482,3.963
1.3407,3.2937,7.1381,-1.715,5.389,3.963
1.202,3.3628,7.2703,-1.896,5.202999999999999,3.963
1.202,3.3628,7.2703,-1.896,5.202999999999999,3.963
0.9477,3.3398,7.2703,-1.806,4.6450000000000005,4.03
0.7859,3.3628,7.0059,-1.625,4.46,4.164
0.9246,3.3168,7.2703,-1.625,4.8309999999999995,4.298
0.8321,3.3398,7.1381,-1.625,4.8309999999999995,4.366
0.7859,3.3859,6.8737,-1.625,4.7379999999999995,4.567
0.9246,3.3168,7.0059,-1.625,4.7379999999999995,4.433
0.9939,3.2707,7.1381,-1.535,4.924,4.298
0.9708,3.3168,7.1381,-1.715,5.017,4.298
1.0171,3.3398,7.1381,-1.715,5.017,4.231
0.8784,3.2707,7.1381,-1.444,4.8309999999999995,4.298
0.8784,3.2707,7.1381,-1.444,4.8309999999999995,4.298
0.809,3.3168,6.8737,-1.3539999999999999,4.8309999999999995,4.231
0.7859,3.3859,6.8737,-1.535,4.8309999999999995,4.366
0.9708,3.4319,6.8737,-1.625,5.11,4.366
1.1095,3.4319,6.8737,-1.535,5.202999999999999,4.298
1.1326,3.3859,7.0059,-1.535,5.295999999999999,4.097
1.0864,3.4089,6.8737,-1.535,5.11,4.164
1.0402,3.4089,6.8737,-1.535,5.202999999999999,4.231
1.0402,3.4089,6.8737,-1.535,5.202999999999999,4.231
1.0864,3.4089,6.8737,-1.444,5.389,4.231
1.202,3.3628,7.0059,-1.3539999999999999,5.667999999999999,4.298
1.202,3.3628,7.0059,-1.444,5.667999999999999,4.298
1.202,3.3398,6.8737,-1.444,5.667999999999999,4.231
1.1789,3.2937,6.8737,-1.173,5.482,4.298
1.1789,3.2477,7.0059,-1.2640000000000002,5.482,4.298
1.1789,3.2707,7.0059,-1.3539999999999999,5.667999999999999,4.231
1.2713,3.3398,7.1381,-1.444,6.039,4.231
1.2251,3.3859,7.0059,-1.444,6.039,4.231
1.2713,3.3628,6.8737,-1.535,6.039,4.366
1.2713,3.3628,7.0059,-1.444,6.039,4.298
1.3407,3.3628,7.0059,-1.3539999999999999,6.2250000000000005,4.298
1.4331,3.3628,7.1381,-1.173,6.411,4.298
1.4331,3.3398,7.1381,-1.173,6.411,4.298
1.3869,3.3398,7.0059,-1.083,6.3180000000000005,4.366
1.3869,3.3398,7.0059,-1.083,6.3180000000000005,4.366
1.4331,3.3628,7.0059,-1.083,6.3180000000000005,4.366
1.3869,3.3628,7.0059,-1.083,6.3180000000000005,4.5
1.5256,3.3628,6.8737,-0.993,6.5969999999999995,4.433
1.595,3.3168,7.0059,-0.993,6.69,4.433
1.6181,3.3628,7.1381,-0.993,6.968,4.433
1.595,3.3859,7.1381,-0.993,7.061,4.5
1.5487,3.4319,7.1381,-0.993,7.061,4.6339999999999995
1.5025,3.455,7.1381,-1.173,6.968,4.6339999999999995
1.5256,3.3859,6.8737,-0.722,6.783,4.769
1.5256,3.3859,6.8737,-0.722,6.783,4.769
1.595,3.3398,7.0059,-0.8119999999999999,6.8759999999999994,4.6339999999999995
1.5718,3.3859,7.1381,-0.8119999999999999,6.968,4.6339999999999995
1.5487,3.3628,7.1381,-0.8119999999999999,6.968,4.6339999999999995
1.595,3.3628,7.1381,-0.8119999999999999,6.968,4.835999999999999
1.595,3.3628,7.1381,-0.8119999999999999,6.968,4.835999999999999
1.6181,3.3168,7.1381,-0.722,7.154,4.769
1.6874,3.2707,7.1381,-0.6320000000000001,7.247,4.7010000000000005
1.7105,3.2707,7.0059,-0.6320000000000001,7.154,4.6339999999999995
1.6181,3.4089,7.0059,-0.722,7.154,4.769
1.6181,3.455,7.1381,-0.722,7.061,4.9030000000000005
1.7105,3.4089,7.1381,-0.6320000000000001,7.247,4.835999999999999
1.7337,3.3859,7.1381,-0.541,7.34,4.769
1.7568,3.3628,7.1381,-0.541,7.34,4.835999999999999
1.7337,3.3398,7.1381,-0.541,7.34,4.835999999999999
1.7337,3.3168,7.1381,-0.541,7.247,4.769
1.7337,3.2937,7.0059,-0.451,7.247,4.769
1.7568,3.2707,7.0059,-0.451,7.247,4.769
1.7799,3.3168,7.1381,-0.541,7.433,4.769
1.7799,3.3168,7.2703,-0.6320000000000001,7.433,4.7010000000000005
1.7799,3.4089,7.2703,-0.6320000000000001,7.619,4.835999999999999
1.7799,3.4089,7.2703,-0.6320000000000001,7.619,4.835999999999999
1.7568,3.3859,7.2703,-0.722,7.712,4.835999999999999
1.8492,3.3628,7.2703,-0.541,7.805,4.9030000000000005
1.8492,3.3398,7.2703,-0.6320000000000001,7.9910000000000005,4.97
1.8955,3.3398,7.2703,-0.722,7.9910000000000005,4.9030000000000005
1.9186,3.3398,7.2703,-0.722,7.9910000000000005,4.97
1.9417,3.3168,7.2703,-0.8119999999999999,8.083,4.9030000000000005
1.9186,3.3398,7.2703,-0.903,7.898,4.9030000000000005
1.8261,3.2937,7.2703,-0.903,7.712,4.9030000000000005
1.8492,3.2707,7.2703,-0.903,7.619,4.97
1.8955,3.2246,7.2703,-0.722,7.619,4.97
1.9648,3.1555,7.1381,-0.722,7.619,4.835999999999999
2.011,3.0864,7.1381,-0.6320000000000001,7.712,4.769
2.1035,3.0404,7.1381,-0.6320000000000001,7.712,4.7010000000000005
2.0804,3.1095,7.0059,-0.722,7.526000000000001,4.567
2.1266,3.0634,7.0059,-0.722,7.619,4.567
2.196,2.9252,7.0059,-0.451,7.619,4.5
2.196,2.9252,7.0059,-0.451,7.619,4.5
2.2422,2.8791,7.0059,-0.361,7.619,4.433
2.2191,2.81,6.8737,-0.361,7.433,4.5
2.2191,2.8331,6.8737,-0.361,7.34,4.5
2.2422,2.81,6.8737,-0.27,7.34,4.5
2.2884,2.7409,6.8737,-0.18,7.433,4.567
2.3116,2.7179,7.0059,-0.09,7.526000000000001,4.5
2.2884,2.764,7.0059,-0.18,7.619,4.567
2.2653,2.81,7.0059,-0.18,7.619,4.6339999999999995
2.2422,2.81,7.0059,-0.27,7.619,4.7010000000000005
2.2422,2.81,7.0059,-0.27,7.619,4.7010000000000005
2.2422,2.8561,7.0059,-0.27,7.619,4.7010000000000005
2.2422,2.8561,7.0059,-0.27,7.619,4.835999999999999
2.2422,2.8561,7.0059,-0.18,7.619,4.835999999999999
2.2653,2.8561,7.1381,-0.27,7.619,4.769
2.2653,2.8561,7.1381,-0.27,7.619,4.769
2.2653,2.8331,7.0059,-0.361,7.805,4.769
2.2884,2.8791,7.0059,-0.361,7.805,4.769
2.2653,2.8791,7.0059,-0.361,7.712,4.835999999999999
2.2653,2.8791,7.0059,-0.27,7.619,4.835999999999999
2.2653,2.81,7.0059,-0.18,7.526000000000001,4.835999999999999
2.2422,2.7409,6.8737,-0.09,7.619,4.7010000000000005
2.3347,2.6718,6.8737,-0.09,7.619,4.7010000000000005
2.3578,2.6488,6.8737,-0.09,7.712,4.7010000000000005
2.2884,2.81,6.7415,-0.451,7.526000000000001,4.567
2.2653,2.787,6.7415,-0.451,7.526000000000001,4.567
2.2653,2.7179,6.7415,-0.27,7.433,4.567
2.3347,2.5567,6.7415,-0.27,7.433,4.567
2.3578,2.5336,6.4771,-0.27,7.433,4.5
2.3809,2.4876,6.6093,-0.361,7.34,4.366
2.3578,2.4876,6.4771,-0.361,7.247,4.366
2.3578,2.4876,6.6093,-0.361,7.247,4.366
2.3578,2.5336,6.6093,-0.361,7.433,4.5
2.3347,2.5797,6.8737,-0.361,7.619,4.433
2.404,2.6258,6.8737,-0.361,7.805,4.567
2.4271,2.6718,7.2703,-0.451,8.176,4.6339999999999995
2.3578,2.787,7.2703,-0.361,8.176,4.769
2.2653,2.8331,7.4025,-0.541,8.083,4.9030000000000005
2.0573,2.8331,7.4025,-0.09,7.619,5.44
2.196,2.8331,7.6668,-0.09,8.083,5.575
2.2884,2.9022,8.0634,-0.18,8.641,5.507
2.2422,2.9482,8.8565,0.0,9.106,5.91
2.0573,2.9482,8.8565,0.09,8.92,6.179
1.8261,2.9482,9.1209,0.18,8.362,6.515
1.9417,2.787,9.5175,0.27,8.548,6.515
1.9648,2.6949,9.7818,0.27,8.827,6.515
1.8955,2.6488,10.3106,0.27,8.734,6.715999999999999
1.5487,2.8331,10.9715,-0.361,7.9910000000000005,7.119
1.4563,2.9482,11.1037,-0.993,7.619,7.119
1.3869,2.9713,11.2359,-1.444,7.061,7.0520000000000005
1.3638,3.0173,11.2359,-1.715,6.5969999999999995,7.187
1.41,3.1095,11.3681,-2.4379999999999997,6.039,6.784
1.3176,3.1555,11.5003,-2.7089999999999996,5.482,6.784
1.2251,3.2246,11.3681,-2.889,4.8309999999999995,6.784
1.1558,3.2937,11.3681,-3.07,4.367,6.582
1.5256,2.8791,11.1037,-1.806,2.973,6.112
1.4794,2.81,11.1037,-1.444,2.415,6.179
1.41,2.5567,10.9715,-0.903,1.951,6.246
1.3407,2.3724,10.9715,-0.361,1.4860000000000002,6.381
1.2713,2.2112,10.9715,0.18,0.9289999999999999,6.448
1.2713,2.119,10.9715,0.6320000000000001,0.5569999999999999,6.448
1.2482,2.119,10.8393,0.903,0.185,6.649000000000001
1.2251,2.2803,10.9715,0.6320000000000001,-0.092,6.649000000000001
1.2251,2.4185,10.9715,0.722,-0.7430000000000001,6.515
1.2251,2.4185,10.9715,0.722,-0.7430000000000001,6.515
1.3638,2.2803,11.1037,0.993,-0.836,6.515
1.595,2.2112,10.9715,1.444,-0.9289999999999999,6.313
1.6874,2.1421,10.9715,1.896,-1.207,6.045
1.6643,2.2112,10.9715,2.076,-1.5790000000000002,6.179
1.6643,2.3954,10.9715,1.986,-1.8579999999999999,6.179
1.5487,2.3954,10.9715,1.986,-2.322,6.313
1.5487,2.3954,10.9715,1.986,-2.322,6.313
1.2713,2.0269,11.1037,3.25,-4.088,6.582
1.2713,2.0269,11.1037,3.25,-4.088,6.582
1.1789,2.0269,10.9715,3.5210000000000004,-4.7379999999999995,6.515
1.1326,2.096,10.9715,3.341,-4.8309999999999995,6.448
1.0864,2.1421,10.8393,3.341,-5.11,6.381
1.2251,2.0039,11.1037,3.792,-5.575,6.448
1.2251,2.0269,11.2359,3.973,-5.760999999999999,6.515
1.2251,2.0039,11.2359,3.973,-6.039,6.448
1.0864,2.0039,11.1037,4.1530000000000005,-6.69,6.313
1.0864,2.0269,10.8393,3.973,-6.783,6.313
1.1326,2.073,10.8393,3.792,-6.783,6.313
1.202,2.1651,10.9715,3.5210000000000004,-6.8759999999999994,6.112
1.2251,2.1881,10.9715,3.5210000000000004,-6.8759999999999994,5.978
1.2251,2.073,10.9715,3.5210000000000004,-7.34,5.91
1.202,1.9808,10.9715,3.973,-7.34,5.978
1.1326,2.0269,11.2359,4.063,-7.805,6.112
1.1095,2.119,11.2359,4.1530000000000005,-7.898,6.179
0.9708,2.1651,11.1037,4.1530000000000005,-8.083,6.112
0.809,2.1651,11.1037,4.1530000000000005,-8.548,6.179
0.7628,2.2112,11.1037,4.244,-8.641,6.112
0.6703,2.1421,10.9715,4.244,-8.827,5.978
0.601,2.073,10.575,4.334,-8.734,6.045
0.9015,2.0039,10.1784,4.424,-7.898,5.91
0.9246,2.0499,10.9715,4.424,-8.083,5.305999999999999
0.9246,2.0499,10.9715,4.424,-8.083,5.305999999999999
0.8552,2.2572,11.3681,3.973,-8.269,5.239000000000001
0.8552,2.2572,11.3681,3.973,-8.269,5.239000000000001
0.6472,2.2803,11.1037,3.973,-8.734,5.44
0.6472,2.1651,10.8393,4.1530000000000005,-8.641,5.575
0.7628,2.073,10.4428,4.244,-8.362,5.642
0.8321,1.9808,10.4428,4.244,-8.269,5.642
0.9939,1.9808,10.7072,4.063,-8.269,5.575
0.9708,1.9578,10.7072,4.063,-8.455,5.507
0.9708,1.9578,10.7072,4.063,-8.455,5.507
0.8784,1.8887,10.8393,4.334,-8.734,5.373
0.7165,1.9348,10.8393,4.515000000000001,-9.477,5.507
0.6241,2.0039,10.8393,4.605,-9.477,5.575
0.6472,2.0269,10.8393,4.605,-9.384,5.709
0.7397,2.073,10.7072,4.694999999999999,-9.013,5.709
0.9939,2.1421,10.7072,4.605,-8.641,5.978
1.1558,2.1881,10.8393,4.424,-8.176,5.978
1.202,2.1421,10.9715,4.515000000000001,-8.269,5.978
1.0864,2.1421,10.9715,4.605,-8.641,5.91
0.9246,2.119,10.9715,4.694999999999999,-9.013,5.709
0.8552,2.0039,10.8393,4.785,-9.199,5.776
0.809,1.9348,10.8393,4.966,-9.477,5.776
0.6703,1.9578,10.8393,4.966,-9.57,5.776
0.7859,2.0269,10.8393,4.694999999999999,-9.291,5.91
0.8784,2.1421,10.7072,4.694999999999999,-8.92,5.978
0.9246,2.2112,10.8393,4.334,-8.734,5.978
0.9015,2.3263,10.8393,4.244,-8.827,5.709
0.8552,2.3494,10.9715,3.973,-9.013,5.642
0.8784,2.2572,10.9715,3.8819999999999997,-9.106,5.507
1.0402,2.2572,11.1037,3.612,-8.92,5.575
1.0864,2.5567,11.1037,3.07,-8.548,5.709
1.0864,2.5567,11.1037,3.07,-8.548,5.709
0.9477,2.6258,11.1037,2.889,-8.641,5.642
0.7859,2.4876,10.8393,2.979,-8.827,5.642
0.9246,2.5106,10.8393,2.7089999999999996,-8.362,5.507
1.2482,2.6027,11.1037,2.167,-7.526000000000001,5.373
1.3176,2.6258,11.1037,1.715,-7.34,5.172
1.3176,2.6718,11.2359,1.535,-7.247,5.103999999999999
1.2713,2.6488,11.1037,1.3539999999999999,-7.247,5.037000000000001
1.202,2.6258,11.2359,1.3539999999999999,-7.526000000000001,5.037000000000001
1.1789,2.4185,11.2359,2.076,-7.247,5.507
1.3407,2.5106,11.2359,2.076,-6.5969999999999995,5.776
1.5256,2.6258,11.3681,2.076,-5.760999999999999,5.843
1.6643,2.7179,11.3681,2.257,-5.202999999999999,5.709
1.6874,2.764,11.2359,2.4379999999999997,-5.017,5.709
1.6874,2.787,11.3681,2.5280000000000005,-4.7379999999999995,5.843
1.7799,2.787,11.2359,2.799,-4.181,5.91
1.9879,2.8331,11.2359,2.5280000000000005,-3.623,5.776
2.0573,2.8331,11.3681,2.618,-3.252,5.776
1.9879,2.9022,11.5003,2.618,-3.53,5.709
1.8723,2.9252,11.6325,2.618,-3.53,5.91
1.803,3.1555,11.6325,1.986,-3.1590000000000003,6.045
1.803,3.1555,11.6325,1.986,-3.1590000000000003,6.045
1.8723,3.0634,11.8968,2.347,-2.973,6.246
1.9648,3.0864,12.029,2.257,-2.601,6.448
2.1266,3.2246,12.4256,1.986,-1.8579999999999999,6.246
2.196,3.4319,12.1612,1.444,-1.5790000000000002,6.381
2.2191,3.5932,12.1612,0.993,-1.4860000000000002,6.313
2.196,3.6392,12.029,0.903,-1.5790000000000002,6.313
2.1729,3.5241,12.029,0.993,-1.5790000000000002,6.246
2.196,3.4319,11.8968,1.173,-1.672,6.179
2.2191,3.3398,11.8968,1.173,-1.5790000000000002,6.246
2.2653,3.3168,11.8968,0.993,-1.393,6.179
2.2884,3.1325,12.1612,1.625,-1.393,6.179
2.2884,3.1325,12.1612,1.625,-1.393,6.179
2.3578,3.3168,12.1612,1.444,-1.022,6.381
2.3116,3.4089,12.2934,1.444,-0.836,6.381
2.2191,3.3859,12.2934,1.535,-0.836,6.381
2.2422,3.2477,12.4256,1.896,-0.836,6.381
2.2653,3.2246,12.1612,2.167,-0.46399999999999997,6.582
2.4503,3.2246,12.1612,2.076,-0.27799999999999997,6.515
2.4734,3.0173,12.2934,2.257,-0.27799999999999997,6.715999999999999
2.5196,2.9022,12.5578,2.7089999999999996,-0.46399999999999997,6.649000000000001
2.5658,3.0864,12.4256,2.076,0.185,6.112
2.7739,3.2016,12.4256,1.715,0.7430000000000001,6.179
2.7739,3.1555,12.4256,1.896,0.65,6.246
2.8432,3.2016,12.69,1.986,0.5569999999999999,6.715999999999999
2.8432,3.2016,12.69,2.167,0.7430000000000001,6.917999999999999
2.7508,3.2246,12.8222,2.257,0.5569999999999999,6.917999999999999
2.5658,3.2477,12.69,2.4379999999999997,0.185,6.985
2.404,3.2937,12.8222,2.347,-0.092,7.0520000000000005
2.4503,3.4319,12.8222,2.167,-0.27799999999999997,7.321
2.5658,3.455,12.9543,1.715,-0.27799999999999997,7.455
2.5889,3.501,13.0865,1.444,-0.46399999999999997,6.985
2.5196,3.6623,12.9543,0.722,-0.9289999999999999,6.985
2.6121,3.6392,12.9543,0.541,-0.836,6.851000000000001
2.5658,3.5701,13.0865,0.722,-1.022,6.851000000000001
2.4965,3.5241,13.2187,0.903,-1.5790000000000002,6.715999999999999
2.3578,3.3628,13.0865,0.993,-1.8579999999999999,6.715999999999999
2.3116,3.6162,13.0865,0.722,-1.5790000000000002,6.582
2.2884,3.6853,13.0865,0.8119999999999999,-1.951,6.851000000000001
2.2422,3.5701,13.0865,1.173,-2.23,6.985
2.2191,3.4319,13.0865,1.444,-2.601,7.321
2.2422,3.5471,13.0865,1.3539999999999999,-2.601,7.455
2.2191,3.6623,13.0865,1.173,-2.694,7.2540000000000004
2.1729,3.8465,13.0865,0.722,-2.508,7.187
2.1497,3.9387,12.9543,0.8119999999999999,-2.601,7.0520000000000005
2.1497,3.9156,13.0865,0.903,-2.415,7.187
2.1729,3.9617,12.9543,1.083,-2.415,7.0520000000000005
2.1035,3.9617,13.2187,1.083,-2.415,7.187
1.8261,3.9847,13.3509,0.903,-2.694,7.187
1.6412,3.9847,13.2187,0.541,-2.973,7.2540000000000004
1.7337,3.9617,13.2187,0.361,-2.694,7.522
1.9186,4.0538,13.2187,0.361,-2.137,7.455
2.0342,4.0308,13.3509,0.361,-1.8579999999999999,7.455
1.9879,4.1229,13.3509,0.09,-1.4860000000000002,7.388
1.9648,4.169,13.4831,-0.09,-1.393,7.187
1.9879,4.0999,13.6153,-0.18,-1.3,7.2540000000000004
1.9879,4.169,13.4831,-0.541,-0.9289999999999999,7.321
1.9879,4.169,13.4831,-0.541,-0.9289999999999999,7.321
2.011,4.2381,13.6153,-0.6320000000000001,-0.836,7.2540000000000004
2.0573,4.3303,13.4831,-1.083,-0.65,7.0520000000000005
2.0573,4.2151,13.4831,-1.083,-0.5569999999999999,7.119
2.0573,4.169,13.4831,-1.083,-0.46399999999999997,7.0520000000000005
2.1729,4.0769,13.6153,-1.173,-0.27799999999999997,6.985
2.2191,4.0538,13.6153,-1.2640000000000002,-0.092,7.119
2.3116,4.169,13.4831,-1.625,0.092,7.2540000000000004
2.3116,4.169,13.4831,-1.625,0.092,7.2540000000000004
2.3578,4.169,13.4831,-1.625,0.092,7.187
2.3809,4.1229,13.6153,-1.444,-0.092,7.119
2.3347,4.0769,13.4831,-1.2640000000000002,0.0,7.0520000000000005
2.404,4.1229,13.6153,-1.173,0.185,6.851000000000001
2.4965,4.0999,13.6153,-1.083,0.27799999999999997,6.784
2.5196,4.0769,13.7475,-0.903,0.5569999999999999,6.985
2.4734,4.0999,13.7475,-0.6320000000000001,0.5569999999999999,7.187
2.3116,4.169,13.7475,-0.722,0.371,7.119
2.1266,4.169,13.7475,-0.541,0.092,7.2540000000000004
2.1035,4.0538,13.6153,-0.541,0.0,7.59
2.196,4.1229,13.7475,-0.541,0.185,7.59
2.2884,4.1229,13.6153,-0.541,0.46399999999999997,7.724
2.3809,4.1229,13.7475,-0.451,0.65,7.59
2.3347,4.169,13.6153,-0.6320000000000001,0.7430000000000001,7.724
2.3578,4.2381,13.6153,-0.722,0.836,7.791
2.3578,4.2151,13.6153,-0.6320000000000001,0.836,7.724
2.3578,4.2381,13.4831,-0.6320000000000001,1.022,7.657
2.4734,4.2842,13.4831,-0.8119999999999999,1.4860000000000002,7.321
2.6121,4.2381,13.6153,-0.8119999999999999,1.8579999999999999,7.2540000000000004
2.7045,4.2151,13.6153,-0.993,2.044,7.2540000000000004
2.6583,4.192,13.7475,-0.993,2.044,7.0520000000000005
2.8201,4.0999,13.6153,-1.173,2.601,6.313
3.0513,4.146,13.6153,-1.535,3.066,5.978
3.1668,4.0769,13.6153,-1.3539999999999999,3.252,5.776
3.1668,4.0769,13.6153,-1.3539999999999999,3.252,5.776
3.0975,4.0078,13.6153,-0.903,3.345,5.776
2.9357,3.8926,13.7475,-0.451,3.4379999999999997,5.91
3.0513,3.8926,13.8797,-0.541,3.623,5.575
3.0744,3.9387,13.7475,-0.8119999999999999,3.7159999999999997,5.575
3.1668,3.8926,13.6153,-0.903,3.995,5.44
3.3055,4.0308,13.4831,-1.3539999999999999,4.181,5.44
3.398,3.9617,13.4831,-1.083,3.902,5.709
3.398,3.9617,13.4831,-1.083,3.902,5.709
3.2824,4.192,13.7475,-1.2640000000000002,3.53,5.709
3.1668,4.169,13.7475,-1.444,3.252,5.843
3.0513,4.169,13.7475,-1.535,3.066,5.776
3.005,4.0999,13.7475,-1.535,2.88,5.575
3.0513,4.0078,13.6153,-1.625,2.88,5.373
3.2131,3.9617,13.4831,-1.806,2.787,5.305999999999999
3.1668,3.8926,13.4831,-1.715,2.694,5.44
3.1206,3.9387,13.4831,-1.444,2.137,5.373
3.1206,3.9387,13.4831,-1.444,2.137,5.373
3.005,3.8696,13.3509,-1.2640000000000002,1.672,5.575
3.1437,3.8005,13.3509,-1.083,1.672,5.575
3.2593,3.8005,13.3509,-1.083,1.8579999999999999,5.642
3.2131,3.9387,13.0865,-1.2640000000000002,1.765,5.642
3.0744,3.9617,12.9543,-1.3539999999999999,1.4860000000000002,5.642
2.9126,3.9156,12.8222,-1.173,1.115,5.709
2.9126,3.8235,12.5578,-1.083,1.207,5.507
3.0513,3.6853,12.69,-0.722,1.393,5.373
3.19,3.5241,12.8222,-0.361,1.672,5.44
3.2593,3.5241,12.8222,-0.451,1.951,5.305999999999999
3.2824,3.5701,12.8222,-0.451,1.765,5.172
3.2824,3.5241,12.8222,-0.451,1.672,5.103999999999999
3.3055,3.478,12.5578,-0.451,1.672,4.97
3.4442,3.2937,12.69,-0.27,1.765,4.769
3.6061,3.3398,12.69,-0.541,2.137,4.6339999999999995
3.791,3.6392,12.5578,-1.444,2.508,4.5
3.7216,3.5471,12.69,-1.2640000000000002,2.322,4.6339999999999995
3.2824,3.3398,12.69,-0.541,1.115,4.9030000000000005
3.3287,3.3398,12.5578,-0.6320000000000001,1.207,5.037000000000001
3.398,3.5241,12.69,-1.444,1.4860000000000002,5.239000000000001
3.4442,3.6162,12.8222,-1.715,1.4860000000000002,5.44
3.4211,3.8235,12.8222,-1.986,1.4860000000000002,5.642
2.8201,3.8235,13.0865,-1.715,0.46399999999999997,6.112
2.6814,3.7544,12.8222,-1.715,0.092,6.112
2.7276,3.7314,12.69,-1.625,0.371,5.91
2.9126,3.6623,12.69,-1.715,0.65,5.776
3.2593,3.6623,12.2934,-1.715,1.4860000000000002,5.507
3.3287,3.6392,12.4256,-1.625,1.4860000000000002,5.44
3.2824,3.6162,12.4256,-1.535,1.393,5.507
3.2593,3.5932,12.5578,-1.444,1.3,5.373
3.398,3.5471,12.5578,-1.625,1.672,5.305999999999999
3.4442,3.5932,12.69,-1.535,2.044,5.172
3.4211,3.5471,12.69,-1.535,1.951,5.103999999999999
3.3287,3.455,12.5578,-1.3539999999999999,1.765,5.103999999999999
3.4211,3.2016,12.5578,-0.993,1.8579999999999999,4.97
3.5136,3.2016,12.4256,-1.2640000000000002,2.137,4.97
3.6754,3.2477,12.2934,-1.3539999999999999,2.322,4.835999999999999
3.7679,3.3168,12.4256,-1.715,2.415,4.5
3.8372,3.3628,12.69,-1.806,2.601,4.5
3.9297,3.3859,12.5578,-1.806,2.88,4.5
3.999,3.4089,12.4256,-1.715,3.1590000000000003,4.5
3.9759,3.3628,12.4256,-1.806,3.252,4.433
3.9297,3.2937,12.5578,-1.806,3.252,4.366
3.9528,3.3168,12.4256,-1.806,3.252,4.231
3.9759,3.3398,12.2934,-2.347,3.4379999999999997,4.5
3.9759,3.2707,12.1612,-2.257,3.345,4.567
3.9297,3.1555,12.1612,-2.076,3.1590000000000003,4.6339999999999995
3.8603,2.9713,11.7647,-1.3539999999999999,2.973,4.7010000000000005
3.8603,2.8791,11.6325,-1.2640000000000002,3.1590000000000003,4.769
3.9066,2.8561,11.3681,-1.083,3.1590000000000003,4.6339999999999995
4.0221,2.8791,10.9715,-1.2640000000000002,3.623,3.963
3.9297,2.8791,10.575,-1.083,3.4379999999999997,3.6270000000000002
3.791,2.6718,9.914,-1.083,3.066,3.3579999999999997
3.7447,2.4876,9.5175,-0.903,3.1590000000000003,3.1559999999999997
3.7216,2.1881,8.9887,-0.8119999999999999,3.066,2.888
3.6985,1.9348,8.5922,-0.541,2.973,2.753
3.4905,1.4971,7.9312,-0.451,2.694,2.283
3.3749,1.382,7.4025,-0.451,2.601,2.149
3.19,1.2898,7.0059,-0.451,2.23,1.947
2.9819,1.2668,6.6093,-0.722,2.044,1.947
2.797,1.2207,6.2128,-0.903,1.672,1.88
2.6121,1.1516,5.8162,-1.083,1.5790000000000002,1.746
2.4965,1.0365,5.4196,-0.993,1.207,1.746
2.3809,0.8522,5.1553,-0.993,0.9289999999999999,1.612
2.3116,0.8522,5.1553,-0.993,0.9289999999999999,1.612
2.1035,0.7601,4.6265,-0.722,0.65,1.612
1.9186,0.6449,4.3621,-0.6320000000000001,0.46399999999999997,1.612
1.8492,0.5528,4.23,-0.451,0.185,1.612
1.7337,0.3685,3.9656,-0.361,0.0,1.612
1.7337,0.3685,3.9656,-0.361,0.0,1.612
1.3638,0.046,3.569,-0.09,-0.7430000000000001,1.612
1.2251,-0.023,3.1725,-0.18,-0.9289999999999999,1.6789999999999998
1.1095,0.023,2.9081,-0.361,-1.115,1.544
1.0402,0.046,2.9081,-0.451,-1.207,1.612
0.9939,0.046,2.7759,-0.451,-1.3,1.544
0.9708,-0.023,2.9081,-0.451,-1.5790000000000002,1.612
1.0171,-0.2764,2.9081,0.0,-1.765,1.813
0.9939,-0.8292,3.0403,0.361,-2.508,2.619
0.9015,-0.8522,3.1725,0.27,-2.694,2.753
0.9015,-0.8522,3.1725,0.27,-2.694,2.753
0.6934,-0.6449,3.1725,-0.27,-3.252,2.5519999999999996
0.6934,-0.5297,3.0403,0.0,-2.973,2.3499999999999996
0.6934,-0.5297,3.0403,0.0,-2.973,2.3499999999999996
0.809,-0.3455,2.6437,0.09,-2.044,2.015
0.809,-0.3455,2.6437,0.09,-2.044,2.015
0.8552,-0.2994,2.5115,0.09,-1.765,2.015
0.9246,-0.2073,2.3793,-0.09,-1.207,1.746
0.9477,-0.2073,2.5115,-0.09,-1.115,1.6789999999999998
0.9477,-0.1612,2.3793,-0.09,-1.207,1.612
0.9708,-0.2303,2.5115,-0.09,-0.9289999999999999,1.612
0.9708,-0.1382,2.3793,-0.09,-0.836,1.612
0.9708,-0.1612,2.3793,-0.27,-0.836,1.6789999999999998
0.9015,-0.046,2.3793,-0.451,-0.836,1.544
0.9246,-0.0,2.2471,-0.541,-1.022,1.41
0.8552,0.023,2.2471,-0.6320000000000001,-0.9289999999999999,1.2759999999999998
0.8552,-0.0,2.2471,-0.541,-1.115,1.2089999999999999
0.8321,0.023,2.2471,-0.451,-1.207,1.141
0.8321,0.023,2.3793,-0.361,-1.207,1.0739999999999998
0.8552,0.023,2.3793,-0.361,-1.207,1.0739999999999998
0.8321,0.023,2.2471,-0.451,-1.207,1.0739999999999998
0.8321,-0.0,2.2471,-0.541,-1.207,1.0739999999999998
0.8321,0.023,2.3793,-0.451,-1.207,1.0739999999999998
0.8321,-0.0,2.3793,-0.361,-1.3,1.007
0.8321,0.023,2.3793,-0.361,-1.3,1.007
0.8321,-0.0,2.2471,-0.451,-1.3,1.007
0.809,0.023,2.2471,-0.451,-1.3,1.007
0.8321,0.046,2.2471,-0.451,-1.3,1.007
0.8552,0.023,2.2471,-0.451,-1.3,0.94
0.7859,-0.0,2.2471,-0.451,-1.3,1.0739999999999998
0.809,-0.023,2.2471,-0.451,-1.393,1.0739999999999998
0.809,-0.023,2.3793,-0.361,-1.4860000000000002,1.007
0.809,-0.023,2.3793,-0.361,-1.4860000000000002,1.007
0.809,-0.046,2.3793,-0.361,-1.4860000000000002,1.007
0.7859,-0.0691,2.3793,-0.451,-1.5790000000000002,1.007
0.809,-0.1842,2.5115,-0.451,-1.951,1.0739999999999998
0.7628,-0.3455,3.0403,-0.361,-2.508,1.141
0.7628,-0.3455,3.0403,-0.361,-2.508,1.141
0.7628,-0.2073,2.6437,-0.361,-1.765,1.141
0.809,-0.046,2.3793,-0.451,-1.393,1.007
0.8321,0.023,2.2471,-0.541,-1.022,1.007
0.7859,0.0691,2.115,-0.722,-0.9289999999999999,0.873
0.809,0.0691,1.9828,-0.722,-0.9289999999999999,0.873
0.809,0.0921,1.9828,-0.722,-0.9289999999999999,0.94
0.7859,0.0921,2.115,-0.6320000000000001,-0.836,0.873
0.7628,0.0691,1.9828,-0.6320000000000001,-0.836,0.873
0.7628,0.0691,1.9828,-0.6320000000000001,-0.836,0.873
0.7859,0.0921,1.9828,-0.6320000000000001,-0.9289999999999999,0.94
0.7628,0.0921,1.9828,-0.722,-0.9289999999999999,0.806
0.7859,0.0921,1.9828,-0.722,-0.9289999999999999,0.806
0.7859,0.0921,1.9828,-0.722,-0.9289999999999999,0.806
0.7859,0.0921,1.9828,-0.722,-0.9289999999999999,0.806
0.7628,0.0691,1.9828,-0.722,-0.9289999999999999,0.806
0.7628,0.0921,2.115,-0.6320000000000001,-0.7430000000000001,0.738
0.8552,-0.023,2.2471,-0.361,-0.092,0.806
0.9939,-0.2303,2.9081,-0.18,1.4860000000000002,0.5369999999999999
1.5256,-0.5758,4.7587,0.09,5.667999999999999,0.738
1.4794,-0.4837,4.23,-0.18,4.46,0.806
1.2713,-0.2994,3.7012,-0.361,2.508,0.671
1.1326,-0.1382,2.9081,-0.451,1.115,0.806
0.9708,-0.046,2.5115,-0.722,0.092,0.738
0.8552,0.023,2.2471,-0.8119999999999999,-0.5569999999999999,0.806
0.8321,0.046,2.115,-0.722,-0.7430000000000001,0.806
0.809,0.046,2.115,-0.722,-0.836,0.806
0.7859,0.0691,2.115,-0.8119999999999999,-0.7430000000000001,0.738
0.809,0.0691,2.115,-0.722,-0.836,0.738
0.7859,0.0691,2.115,-0.8119999999999999,-0.9289999999999999,0.738
0.7859,0.0921,2.115,-0.722,-0.836,0.738
0.7859,0.0691,1.9828,-0.8119999999999999,-0.65,0.738
0.7628,0.046,2.115,-0.722,-0.65,0.738
0.809,0.046,2.115,-0.722,-0.371,0.738
0.9015,-0.0691,2.6437,-0.541,0.65,0.671
0.9708,-0.1151,2.9081,-0.27,1.3,0.671
1.0402,-0.2994,3.4368,0.18,2.137,0.47
1.0171,-0.5297,3.8334,0.541,2.88,0.268
0.1386,-0.046,3.9656,0.09,2.23,0.94
-0.0,0.1842,3.9656,-0.09,1.8579999999999999,1.2759999999999998
-0.1386,0.5067,4.23,-0.451,2.508,1.612
-0.5316,1.0825,5.5518,-0.722,3.809,2.619
-0.5085,1.0825,5.4196,-0.722,3.53,2.619
-0.4854,1.0365,5.1553,-0.8119999999999999,3.1590000000000003,2.5519999999999996
-0.416,0.9443,5.0231,-1.083,2.973,2.485
-0.3698,0.8522,4.7587,-1.083,2.787,2.4179999999999997
-0.3005,0.737,4.3621,-1.3539999999999999,2.23,2.2159999999999997
-0.3005,0.714,4.4943,-1.535,2.137,2.283
-0.416,0.8292,5.1553,-1.896,2.601,2.3499999999999996
-0.7628,1.0825,5.9484,-2.347,3.1590000000000003,2.955
-1.4563,1.3589,7.4025,-2.618,2.88,3.559
-1.2251,0.9443,7.0059,-1.896,2.88,3.492
-0.4854,0.714,6.7415,-1.535,4.181,3.0220000000000002
-0.1386,0.9904,7.1381,-1.625,5.202999999999999,2.5519999999999996
0.3467,1.0825,7.6668,-1.806,6.69,2.485
1.0402,0.8292,8.0634,-1.2640000000000002,8.362,2.283
1.41,0.5758,8.1956,-0.541,9.291,2.3499999999999996
1.4563,0.2994,8.0634,0.09,9.384,2.485
0.9015,0.2764,7.6668,0.09,7.9910000000000005,2.485
0.4392,0.6219,7.4025,-0.993,6.968,2.015
-0.0231,1.382,7.5346,-2.257,6.132,2.4179999999999997
-0.2311,2.6949,8.0634,-4.424,6.968,4.097
0.0462,2.8791,8.1956,-4.694999999999999,7.805,4.366
0.5316,3.0173,8.46,-4.8759999999999994,9.291,4.567
1.2251,2.8561,8.9887,-4.605,11.335999999999999,4.231
2.3347,1.7735,9.1209,-2.979,13.566,3.0220000000000002
2.7508,1.2898,8.7243,-2.7089999999999996,13.658999999999999,2.149
2.8895,1.0134,8.46,-2.7089999999999996,13.38,1.6789999999999998
2.8663,1.1286,8.46,-3.5210000000000004,12.915000000000001,1.544
2.7045,1.382,8.0634,-4.966,10.964,1.0739999999999998
2.7276,1.1286,8.1956,-5.417999999999999,9.849,0.5369999999999999
2.7276,1.1286,8.1956,-5.417999999999999,9.849,0.5369999999999999
2.3347,1.5202,9.6497,-5.689,10.128,2.485
1.8492,1.7966,10.9715,-4.694999999999999,11.243,4.6339999999999995
1.9417,1.9808,10.9715,-4.424,12.079,5.037000000000001
2.2191,2.119,10.9715,-4.334,12.822,4.9030000000000005
2.8432,1.7966,10.1784,-4.785,13.937,3.559
2.8432,1.7966,10.1784,-4.785,13.937,3.559
3.2131,0.737,9.2531,-4.605,13.751999999999999,1.6789999999999998
3.2824,0.2994,8.8565,-4.515000000000001,13.751999999999999,0.873
3.3287,0.1382,8.7243,-4.694999999999999,13.845,0.47
3.3749,-0.023,8.9887,-4.694999999999999,14.309000000000001,-0.201
3.4905,-0.046,9.3853,-4.694999999999999,14.588000000000001,-0.268
3.5367,0.046,9.6497,-4.605,14.866999999999999,-0.268
3.6754,0.4376,9.6497,-4.8759999999999994,14.588000000000001,0.067
3.7216,0.4376,9.5175,-4.785,14.123000000000001,0.134
3.8141,0.2533,9.3853,-4.605,13.845,-0.134
3.6523,-0.4376,9.3853,-3.612,12.822,-0.604
3.6523,-0.4376,9.3853,-3.612,12.822,-0.604
3.5136,-0.691,9.2531,-2.979,12.079,-0.268
3.5136,-0.691,9.2531,-2.979,12.079,-0.268
3.2824,-0.5528,9.3853,-2.7089999999999996,12.079,0.604
3.1668,-0.5067,9.6497,-2.618,12.079,1.007
3.0744,-0.5067,9.6497,-2.618,12.172,1.2759999999999998
3.0513,-0.5988,9.6497,-2.167,12.079,1.343
3.0975,-0.8752,9.5175,-1.2640000000000002,12.172,1.007
2.9588,-1.3359,8.5922,0.361,11.243,0.604
2.8201,-1.405,8.46,0.722,10.870999999999999,0.403
2.8201,-1.405,8.46,0.722,10.870999999999999,0.403
2.7045,-1.428,8.5922,0.903,10.778,0.671
2.5658,-1.3359,8.8565,1.083,10.778,1.007
2.1035,-1.0825,8.9887,1.444,10.128,2.082
1.9417,-1.0134,9.1209,1.535,9.942,2.4179999999999997
1.8492,-1.0134,9.1209,1.896,10.035,2.619
1.7568,-1.0595,8.8565,2.347,9.756,2.753
1.7568,-1.1516,8.5922,2.618,9.477,2.5519999999999996
1.8261,-1.2898,8.0634,2.889,8.827,2.015
1.8261,-1.2898,8.0634,2.889,8.827,2.015
1.8261,-1.3359,7.6668,2.799,8.362,1.88
1.8955,-1.382,7.6668,2.7089999999999996,8.455,1.6789999999999998
1.8492,-1.405,7.799,2.889,8.269,1.6789999999999998
1.7568,-1.3589,7.9312,2.7089999999999996,7.9910000000000005,1.947
1.6643,-1.2898,7.9312,2.799,7.619,2.082
1.5025,-1.2668,7.9312,2.889,7.34,2.3499999999999996
1.595,-1.2207,7.9312,2.7089999999999996,7.247,2.283
1.595,-1.2207,7.9312,2.7089999999999996,7.247,2.283
1.595,-1.1516,7.6668,2.167,6.968,2.082
1.5487,-1.1516,7.6668,1.986,6.69,1.746
1.4794,-1.1747,7.6668,1.986,6.411,1.4769999999999999
1.3869,-1.1056,7.6668,1.896,6.132,1.4769999999999999
1.2482,-1.0595,7.5346,1.806,5.760999999999999,1.813
0.9708,-0.9674,7.5346,1.535,5.295999999999999,2.5519999999999996
0.9246,-0.9674,7.4025,1.715,5.11,2.686
0.9708,-1.0365,7.2703,1.715,5.017,2.5519999999999996
1.0864,-1.1286,7.0059,1.625,4.8309999999999995,1.88
1.0864,-1.1286,7.0059,1.625,4.8309999999999995,1.88
1.1326,-1.1977,7.0059,1.444,4.924,1.544
1.1558,-1.1747,7.1381,1.444,5.017,1.343
1.1326,-1.2438,6.8737,1.535,4.7379999999999995,1.746
1.1326,-1.2898,6.8737,1.896,4.6450000000000005,2.082
1.1326,-1.3589,6.8737,1.896,4.6450000000000005,2.015
1.0633,-1.3129,6.8737,1.896,4.553,1.947
1.0171,-1.428,6.6093,1.715,4.274,1.813
0.9939,-1.5202,6.7415,1.806,4.181,1.6789999999999998
1.0171,-1.5893,6.6093,1.715,4.088,1.6789999999999998
1.0864,-1.6353,6.4771,1.896,4.46,1.612
1.1789,-1.7735,6.345,2.076,4.367,1.41
1.2482,-1.9578,6.345,2.347,4.6450000000000005,1.007
1.3638,-2.119,6.2128,2.4379999999999997,4.8309999999999995,0.47
1.41,-2.1421,5.9484,2.4379999999999997,4.8309999999999995,0.335
1.41,-2.1421,5.9484,2.4379999999999997,4.8309999999999995,0.201
1.3638,-2.2572,5.9484,2.5280000000000005,4.8309999999999995,-0.0
1.3638,-2.3494,5.9484,2.7089999999999996,4.8309999999999995,-0.201
1.3869,-2.3954,5.8162,2.618,4.8309999999999995,-0.201
1.5487,-2.4415,5.8162,2.4379999999999997,5.202999999999999,-0.403
1.6643,-2.4645,5.8162,2.4379999999999997,5.295999999999999,-0.5369999999999999
1.7568,-2.5106,5.9484,2.347,5.575,-0.94
1.7568,-2.5106,5.9484,2.347,5.575,-0.94
1.7105,-2.5797,6.0806,2.4379999999999997,5.575,-1.007
1.6412,-2.5797,5.8162,2.347,5.760999999999999,-1.0739999999999998
1.6643,-2.6258,5.9484,2.4379999999999997,5.853000000000001,-1.141
1.7337,-2.6258,6.0806,2.347,6.132,-1.141
1.7799,-2.6027,6.2128,2.167,6.504,-1.2759999999999998
1.7799,-2.6027,6.2128,2.167,6.504,-1.2089999999999999
1.7568,-2.5797,6.0806,2.257,6.504,-1.343
1.6412,-2.6258,6.0806,2.347,6.411,-1.343
1.6181,-2.6949,6.2128,2.347,6.504,-1.2089999999999999
1.5487,-2.6718,6.4771,2.4379999999999997,6.504,-1.2089999999999999
1.5487,-2.787,6.7415,2.4379999999999997,6.783,-1.0739999999999998
1.5025,-2.8331,6.8737,2.618,6.968,-1.0739999999999998
1.4563,-2.8331,6.8737,2.618,6.8759999999999994,-1.007
1.3869,-2.6949,6.7415,2.347,6.968,-0.738
1.4794,-2.8791,7.0059,2.5280000000000005,7.433,-0.94
1.5256,-2.9022,7.0059,2.4379999999999997,7.526000000000001,-1.0739999999999998
1.5256,-3.0404,7.1381,2.618,7.619,-1.2089999999999999
1.5025,-3.1555,7.4025,2.889,7.712,-1.41
1.3869,-3.2707,7.5346,2.979,7.805,-1.41
1.3869,-3.0173,7.4025,2.4379999999999997,7.619,-1.2089999999999999
1.3638,-3.0864,7.799,2.5280000000000005,7.805,-1.0739999999999998
1.3638,-3.1325,7.6668,2.4379999999999997,7.898,-1.007
1.4563,-3.3628,8.0634,2.618,8.083,-1.2089999999999999
1.4794,-3.478,8.1956,2.7089999999999996,8.176,-1.41
1.4563,-3.6392,8.3278,2.889,8.176,-1.4769999999999999
1.1558,-3.3398,8.46,2.257,7.9910000000000005,-1.007
1.1326,-3.2246,8.5922,2.076,7.9910000000000005,-0.604
1.2251,-3.2937,8.7243,2.167,8.269,-0.5369999999999999
1.3407,-3.4319,8.8565,2.347,8.548,-0.671
1.4563,-4.0308,8.7243,2.618,8.548,-1.6789999999999998
1.4563,-4.0999,8.7243,2.618,8.641,-1.6789999999999998
1.3869,-4.0308,8.8565,2.618,8.455,-1.612
1.3407,-3.9156,8.9887,2.618,8.362,-1.343
1.1789,-3.9617,9.2531,2.7089999999999996,8.269,-0.94
0.9708,-3.9617,9.2531,2.7089999999999996,7.712,-0.94
0.9708,-4.0308,9.1209,2.7089999999999996,7.526000000000001,-1.0739999999999998
1.0633,-4.0999,8.9887,2.618,7.433,-1.141
1.1558,-4.1229,9.1209,2.5280000000000005,7.712,-1.141
1.1558,-4.1229,9.1209,2.5280000000000005,7.712,-1.141
1.1789,-4.0999,9.1209,2.5280000000000005,7.898,-1.0739999999999998
1.1095,-4.146,9.3853,2.7089999999999996,7.9910000000000005,-0.94
0.9246,-3.8926,9.5175,2.618,7.9910000000000005,-0.403
0.8784,-3.9156,9.5175,2.618,8.176,-0.201
0.9246,-4.0308,9.6497,2.7089999999999996,8.269,-0.335
0.9477,-4.0769,9.6497,2.7089999999999996,8.455,-0.47
0.9939,-4.0538,9.3853,2.7089999999999996,8.455,-0.47
1.0864,-4.0308,9.5175,2.618,8.641,-0.47
1.1789,-4.1229,9.5175,2.7089999999999996,8.734,-0.738
1.1789,-4.169,9.5175,2.618,8.734,-0.873
1.1095,-4.2612,9.5175,2.7089999999999996,8.455,-1.007
1.0171,-4.2612,9.5175,2.618,8.362,-1.0739999999999998
0.9939,-4.2381,9.6497,2.7089999999999996,8.362,-1.007
1.1095,-4.169,9.6497,2.5280000000000005,8.362,-0.671
1.1558,-4.0999,9.5175,2.257,8.083,-0.806
1.1558,-4.1229,9.5175,2.076,7.9910000000000005,-0.94
1.1789,-4.146,9.2531,2.076,7.619,-0.873
1.1789,-4.169,9.2531,2.167,7.433,-0.94
1.1558,-4.192,9.1209,2.076,7.154,-1.0739999999999998
1.1095,-4.2151,9.1209,2.167,7.061,-1.0739999999999998
0.9708,-4.146,8.9887,2.076,6.69,-0.806
0.9015,-4.146,8.8565,2.076,5.946,-0.738
0.9015,-4.192,8.7243,2.167,5.667999999999999,-0.671
0.9477,-4.169,8.5922,2.167,5.667999999999999,-0.806
1.0633,-4.2381,8.46,2.076,5.575,-1.007
1.202,-4.3303,8.3278,2.257,5.482,-1.2089999999999999
1.2251,-4.4454,8.3278,2.347,5.389,-1.343
0.9939,-4.4454,8.1956,2.5280000000000005,4.924,-1.2759999999999998
0.9939,-4.4454,8.1956,2.4379999999999997,4.7379999999999995,-1.2089999999999999
0.9939,-4.4454,8.1956,2.4379999999999997,4.7379999999999995,-1.2089999999999999
1.0633,-4.3763,8.0634,2.347,4.46,-1.2089999999999999
1.1095,-4.3072,7.9312,2.347,4.553,-1.141
1.1095,-4.2381,7.9312,2.167,4.367,-1.0739999999999998
1.1095,-4.2381,7.9312,2.167,4.367,-1.0739999999999998
1.1789,-4.3072,7.9312,2.257,4.367,-1.2759999999999998
1.1095,-4.4454,7.9312,2.4379999999999997,4.088,-1.343
0.9939,-4.4915,7.799,2.4379999999999997,3.995,-1.343
0.9939,-4.4915,7.799,2.4379999999999997,3.995,-1.343
0.9708,-4.4685,7.6668,2.4379999999999997,3.902,-1.2759999999999998
0.9477,-4.3763,7.5346,2.4379999999999997,3.7159999999999997,-1.2089999999999999
0.9708,-4.2842,7.4025,2.347,3.623,-1.2759999999999998
1.0864,-4.3072,7.4025,2.257,3.345,-1.41
1.1326,-4.3072,7.2703,2.257,3.252,-1.4769999999999999
1.0864,-4.2612,7.2703,2.257,3.1590000000000003,-1.2759999999999998
0.9939,-4.2612,7.2703,2.257,3.066,-1.2759999999999998
0.9939,-4.2612,7.2703,2.257,3.066,-1.2759999999999998
0.8784,-4.2151,7.1381,2.076,2.601,-1.2089999999999999
0.8784,-4.2151,7.1381,2.076,2.601,-1.2089999999999999
0.9939,-4.146,7.0059,2.076,2.787,-1.2089999999999999
1.0402,-4.0999,7.0059,1.896,2.973,-1.2089999999999999
1.0633,-4.0308,6.8737,1.806,3.066,-1.2759999999999998
0.9708,-4.0769,7.0059,1.896,2.601,-1.141
0.9246,-4.0999,7.0059,1.806,2.508,-1.141
0.9246,-4.0769,7.1381,1.896,2.415,-1.141
0.9708,-4.0538,7.0059,1.806,2.601,-1.141
0.9477,-4.0308,6.8737,1.806,2.508,-1.2089999999999999
0.9708,-4.0538,6.8737,1.806,2.322,-1.0739999999999998
0.809,-4.0078,6.7415,1.806,1.951,-0.873
0.809,-4.0078,6.7415,1.625,2.137,-1.007
0.809,-4.0078,6.8737,1.625,2.23,-0.94
0.7859,-3.9847,6.8737,1.535,2.137,-0.94
0.6934,-3.9617,6.7415,1.535,1.951,-0.873
0.6472,-3.9387,6.7415,1.625,2.044,-0.94
0.6472,-3.9387,6.7415,1.625,2.044,-0.94
0.9015,-4.0078,6.7415,1.715,2.508,-1.0739999999999998
0.9477,-3.9387,6.7415,1.715,2.601,-1.0739999999999998
0.8552,-3.9156,6.6093,1.625,2.508,-1.141
0.7628,-3.9617,6.6093,1.806,2.508,-1.007
0.7397,-3.9847,6.7415,1.715,2.601,-1.0739999999999998
0.7628,-4.0308,6.8737,1.715,2.694,-1.141
0.809,-4.0078,6.7415,1.715,2.973,-1.2759999999999998
0.9015,-3.9387,6.7415,1.625,3.252,-1.343
0.9246,-3.8926,6.6093,1.444,3.345,-1.2759999999999998
0.9246,-3.8926,6.6093,1.444,3.345,-1.2759999999999998
0.8784,-3.9156,6.7415,1.535,3.53,-1.343
0.8321,-3.9617,6.8737,1.535,3.7159999999999997,-1.41
0.8321,-3.9847,6.8737,1.625,3.809,-1.41
0.7628,-4.0308,6.8737,1.535,3.902,-1.4769999999999999
0.6934,-4.0769,6.8737,1.715,3.902,-1.343
0.6934,-4.0769,6.8737,1.715,3.902,-1.343
0.8321,-4.0078,6.7415,1.444,4.088,-1.41
0.8552,-4.0769,7.0059,1.3539999999999999,4.46,-1.6789999999999998
0.6934,-4.0999,6.8737,1.444,4.46,-1.612
0.6241,-4.0999,7.0059,1.535,4.553,-1.612
0.5779,-4.0999,7.0059,1.535,4.6450000000000005,-1.612
0.7165,-4.169,7.1381,1.444,4.924,-1.6789999999999998
0.7165,-4.2612,7.1381,1.444,5.11,-1.746
0.6472,-4.169,7.0059,1.535,4.924,-1.813
0.5316,-4.2151,7.2703,1.3539999999999999,5.11,-1.813
0.5316,-4.2151,7.2703,1.3539999999999999,5.11,-1.813
0.7859,-4.146,7.1381,1.444,5.575,-1.88
0.7859,-4.3072,7.4025,1.444,5.853000000000001,-2.015
0.7859,-4.3072,7.4025,1.444,5.853000000000001,-2.015
0.4623,-4.3072,7.1381,1.444,5.295999999999999,-1.813
0.416,-4.3072,7.2703,1.535,5.389,-1.813
0.4854,-4.2381,7.2703,1.3539999999999999,5.389,-1.88
0.7859,-4.3763,7.5346,1.2640000000000002,5.760999999999999,-2.015
0.6241,-4.4454,7.5346,1.2640000000000002,5.760999999999999,-2.149
0.4392,-4.3763,7.5346,1.2640000000000002,5.482,-2.015
0.416,-4.3072,7.6668,1.083,5.482,-1.746
0.5316,-4.3763,7.799,1.083,5.760999999999999,-1.746
0.6472,-4.5836,7.9312,1.173,6.2250000000000005,-2.149
0.5316,-4.6067,7.9312,1.173,6.2250000000000005,-2.2159999999999997
0.416,-4.5836,7.6668,1.3539999999999999,5.853000000000001,-2.283
0.3236,-4.5836,7.6668,1.3539999999999999,5.853000000000001,-2.283
0.4392,-4.5145,7.6668,1.083,5.946,-2.2159999999999997
0.6241,-4.6297,7.799,1.083,6.3180000000000005,-2.283
0.7397,-4.7449,8.0634,1.083,6.69,-2.4179999999999997
0.601,-4.7909,8.0634,1.3539999999999999,6.504,-2.4179999999999997
0.4623,-4.7679,8.1956,1.444,6.411,-2.4179999999999997
0.4623,-4.7679,8.1956,1.444,6.411,-2.4179999999999997
0.416,-4.6988,7.9312,1.2640000000000002,6.2250000000000005,-2.2159999999999997
0.5547,-4.7909,8.1956,1.2640000000000002,6.5969999999999995,-2.283
0.6934,-4.9752,8.3278,1.2640000000000002,7.061,-2.485
0.5779,-4.9522,8.3278,1.3539999999999999,6.783,-2.485
0.416,-4.9291,8.1956,1.444,6.5969999999999995,-2.5519999999999996
0.3698,-4.9522,8.3278,1.444,6.5969999999999995,-2.485
0.416,-5.0213,8.46,1.444,6.8759999999999994,-2.5519999999999996
0.416,-5.0213,8.46,1.444,6.8759999999999994,-2.5519999999999996
0.5085,-5.0673,8.5922,1.444,7.154,-2.686
0.3929,-5.0443,8.3278,1.535,6.783,-2.485
0.3929,-5.0213,8.1956,1.444,6.69,-2.5519999999999996
0.5316,-5.1595,8.46,1.444,7.061,-2.619
0.601,-5.1595,8.5922,1.2640000000000002,7.247,-2.821
0.6472,-5.1134,8.46,1.3539999999999999,7.154,-2.821
0.5085,-5.1595,8.5922,1.3539999999999999,6.8759999999999994,-2.686
0.3698,-5.1825,8.5922,1.3539999999999999,6.8759999999999994,-2.619
0.3005,-5.1364,8.5922,1.3539999999999999,6.783,-2.619
0.3467,-5.1595,8.5922,1.3539999999999999,6.8759999999999994,-2.485
0.4854,-5.2286,8.5922,1.2640000000000002,7.154,-2.686
0.5779,-5.2286,8.7243,1.2640000000000002,7.34,-2.821
0.5547,-5.1825,8.5922,1.173,7.247,-2.821
0.4392,-5.2286,8.5922,1.2640000000000002,7.154,-2.821
0.4392,-5.2286,8.5922,1.2640000000000002,7.154,-2.821
0.4623,-5.3668,8.8565,1.083,7.154,-2.888
0.4623,-5.3668,8.8565,1.083,7.154,-2.888
0.3929,-5.3437,8.9887,0.993,7.154,-2.821
0.3467,-5.3898,8.8565,1.083,7.154,-2.955
0.3467,-5.3207,8.8565,1.173,6.968,-2.619
0.416,-5.2746,8.7243,1.173,7.061,-2.753
0.5085,-5.3437,8.7243,1.173,7.061,-2.686
0.5085,-5.4128,8.7243,1.173,6.968,-2.753
0.4854,-5.4359,8.7243,1.173,7.061,-2.753
0.4854,-5.4359,8.7243,1.173,7.061,-2.753
0.4392,-5.4589,8.7243,1.083,6.8759999999999994,-2.821
0.3467,-5.505,8.8565,0.993,6.8759999999999994,-2.821
0.3005,-5.528,8.9887,0.903,6.8759999999999994,-2.821
0.3698,-5.4819,8.8565,0.993,6.783,-2.821
0.4392,-5.505,8.8565,0.993,6.783,-2.686
0.5547,-5.4359,8.5922,1.083,6.783,-2.888
0.5547,-5.4359,8.5922,1.083,6.783,-2.888
0.4854,-5.4359,8.5922,1.083,6.411,-2.686
0.3929,-5.4589,8.7243,0.993,6.411,-2.619
0.3467,-5.4819,8.8565,0.903,6.3180000000000005,-2.686
0.3236,-5.528,8.8565,0.993,6.3180000000000005,-2.686
0.3236,-5.505,8.7243,0.903,6.411,-2.686
0.3467,-5.505,8.7243,0.722,6.3180000000000005,-2.753
0.3467,-5.4819,8.5922,0.993,6.3180000000000005,-2.753
0.4623,-5.4819,8.5922,0.993,6.2250000000000005,-2.619
0.5547,-5.4819,8.5922,0.903,6.3180000000000005,-2.753
0.5779,-5.4128,8.5922,0.993,6.2250000000000005,-2.821
0.4623,-5.4589,8.46,0.8119999999999999,5.946,-2.619
0.4623,-5.4589,8.46,0.8119999999999999,5.946,-2.619
0.3467,-5.4589,8.46,0.8119999999999999,5.760999999999999,-2.619
0.2773,-5.505,8.5922,0.903,5.575,-2.4179999999999997
0.2773,-5.4819,8.46,0.903,5.575,-2.485
0.3467,-5.4589,8.3278,0.903,5.389,-2.485
0.6241,-5.3437,8.0634,0.8119999999999999,5.389,-2.485
0.4392,-5.3207,8.0634,0.903,4.924,-2.283
0.3698,-5.2746,8.0634,0.8119999999999999,4.7379999999999995,-2.149
0.3929,-5.2516,8.0634,0.722,4.6450000000000005,-2.149
0.416,-5.2286,7.9312,0.722,4.46,-2.2159999999999997
0.4854,-5.1825,7.9312,0.722,4.367,-2.2159999999999997
0.5316,-5.2055,7.799,0.8119999999999999,4.553,-2.283
0.5085,-5.1825,7.799,0.8119999999999999,4.367,-2.2159999999999997
0.5085,-5.2055,7.799,0.903,4.46,-2.149
0.5779,-5.1825,7.799,0.903,4.553,-2.2159999999999997
0.5316,-5.1825,7.6668,0.903,4.367,-2.149
0.5316,-5.1825,7.6668,0.903,4.367,-2.149
0.5547,-5.2055,7.6668,0.903,4.181,-2.2159999999999997
0.5547,-5.1825,7.6668,0.903,4.088,-2.149
0.6241,-5.1134,7.5346,0.903,4.181,-2.283
0.6472,-5.0904,7.5346,0.903,4.181,-2.2159999999999997
0.6472,-5.0904,7.5346,0.903,4.181,-2.2159999999999997
0.601,-5.0443,7.4025,0.993,3.995,-2.082
0.5779,-5.0443,7.4025,0.993,3.809,-2.149
0.5779,-5.0443,7.4025,0.993,3.809,-2.149
0.5779,-4.9982,7.4025,0.903,3.623,-2.082
0.5547,-4.9982,7.4025,0.8119999999999999,3.53,-2.015
0.5085,-5.0443,7.2703,0.903,3.4379999999999997,-1.88
0.5085,-4.9982,7.2703,0.903,3.623,-1.88
0.5316,-4.9982,7.2703,0.903,3.623,-1.947
0.5547,-4.9752,7.2703,0.903,3.623,-1.947
0.5316,-4.9061,7.1381,0.8119999999999999,3.623,-1.88
0.5316,-4.9061,7.1381,0.8119999999999999,3.623,-1.88
0.5547,-4.86,7.1381,0.8119999999999999,3.53,-1.947
0.5547,-4.86,7.1381,0.8119999999999999,3.53,-1.947
0.4854,-4.8831,7.1381,0.722,3.345,-2.015
0.416,-4.9291,7.1381,0.8119999999999999,3.252,-1.88
0.3698,-4.9061,7.1381,0.8119999999999999,3.1590000000000003,-1.88
0.416,-4.8831,7.1381,0.8119999999999999,3.4379999999999997,-1.88
0.5547,-4.8831,7.1381,0.722,3.623,-1.947
0.5547,-4.8831,7.1381,0.722,3.623,-1.947
0.6472,-4.8831,7.4025,0.722,3.995,-2.015
0.6241,-4.86,7.1381,0.541,3.995,-2.082
0.601,-4.837,7.2703,0.541,4.088,-2.082
0.5547,-4.837,7.2703,0.541,4.088,-2.015
0.5085,-4.86,7.1381,0.722,3.902,-2.082
0.5316,-4.9061,7.2703,0.722,3.902,-2.015
0.601,-4.9061,7.2703,0.722,4.088,-2.082
0.6472,-4.9061,7.2703,0.6320000000000001,4.181,-2.149
0.6703,-4.86,7.2703,0.541,4.181,-2.149
0.6241,-4.86,7.1381,0.541,4.367,-2.2159999999999997
0.6241,-4.86,7.2703,0.6320000000000001,4.46,-2.2159999999999997
0.6241,-4.9522,7.2703,0.541,4.6450000000000005,-2.2159999999999997
0.601,-4.9752,7.2703,0.6320000000000001,4.8309999999999995,-2.149
0.5779,-4.9752,7.4025,0.541,4.7379999999999995,-2.2159999999999997
0.5779,-4.9982,7.4025,0.541,4.924,-2.283
0.5779,-4.9982,7.4025,0.541,4.924,-2.283
0.6472,-4.9752,7.4025,0.6320000000000001,5.11,-2.3499999999999996
0.6703,-4.9982,7.4025,0.6320000000000001,5.389,-2.4179999999999997
0.601,-4.9982,7.4025,0.722,5.295999999999999,-2.4179999999999997
0.5779,-5.0673,7.5346,0.6320000000000001,5.482,-2.4179999999999997
0.5779,-5.0904,7.6668,0.6320000000000001,5.667999999999999,-2.4179999999999997
0.5779,-5.1134,7.6668,0.541,5.667999999999999,-2.5519999999999996
0.5779,-5.0673,7.6668,0.6320000000000001,5.667999999999999,-2.5519999999999996
0.5779,-5.0904,7.6668,0.541,5.667999999999999,-2.5519999999999996
0.5779,-5.1134,7.799,0.541,5.760999999999999,-2.5519999999999996
0.601,-5.2055,8.0634,0.541,5.946,-2.619
0.601,-5.2055,8.0634,0.541,5.946,-2.619
0.601,-5.3437,8.1956,0.541,6.3180000000000005,-2.753
0.5085,-5.3207,8.3278,0.6320000000000001,6.132,-2.821
0.5085,-5.3207,8.3278,0.6320000000000001,6.132,-2.821
0.3005,-5.4128,8.3278,0.6320000000000001,6.2250000000000005,-2.619
0.2311,-5.3898,8.5922,0.722,6.132,-2.619
0.1618,-5.2286,8.1956,0.6320000000000001,5.853000000000001,-2.3499999999999996
0.1849,-5.0904,8.0634,0.361,6.039,-2.2159999999999997
0.5316,-5.2977,8.3278,0.361,6.411,-2.485
0.601,-5.3437,8.3278,0.451,6.5969999999999995,-2.753
0.5547,-5.3437,8.3278,0.451,6.411,-2.888
0.3929,-5.3898,8.3278,0.722,6.2250000000000005,-2.753
0.3236,-5.4359,8.46,0.6320000000000001,6.3180000000000005,-2.753
0.2773,-5.4359,8.46,0.722,6.2250000000000005,-2.619
0.3005,-5.4359,8.5922,0.722,6.3180000000000005,-2.686
0.416,-5.528,8.5922,0.6320000000000001,6.504,-2.821
0.3698,-5.528,8.46,0.722,6.3180000000000005,-2.888
0.3698,-5.528,8.46,0.722,6.3180000000000005,-2.888
0.3929,-5.551,8.5922,0.722,6.504,-2.955
0.4854,-5.6892,8.8565,0.722,6.968,-3.1559999999999997
0.416,-5.7123,8.8565,0.6320000000000001,6.968,-3.1559999999999997
0.2542,-5.6662,8.8565,0.8119999999999999,6.69,-2.955
0.1155,-5.551,8.8565,0.6320000000000001,6.5969999999999995,-2.753
0.1618,-5.6892,9.1209,0.541,6.5969999999999995,-2.888
0.1618,-5.6892,9.1209,0.541,6.5969999999999995,-2.888
0.4392,-5.6662,8.8565,0.722,6.69,-3.089
0.4392,-5.6662,8.8565,0.722,6.69,-3.089
0.4854,-5.6662,8.7243,0.722,6.69,-3.089
0.3698,-5.7123,8.8565,0.722,6.504,-3.0220000000000002
0.208,-5.7583,8.8565,0.722,6.411,-2.955
0.2542,-5.7814,8.9887,0.6320000000000001,6.504,-2.888
0.3467,-5.8044,8.9887,0.722,6.5969999999999995,-2.955
0.3467,-5.7814,8.9887,0.6320000000000001,6.69,-3.0220000000000002
0.2773,-5.7583,8.8565,0.722,6.5969999999999995,-3.089
0.3005,-5.7123,8.8565,0.722,6.3180000000000005,-3.0220000000000002
0.3698,-5.7353,8.7243,0.722,6.504,-3.089
0.4854,-5.7123,8.8565,0.541,6.3180000000000005,-3.0220000000000002
0.3929,-5.7353,8.9887,0.541,6.411,-2.955
0.2773,-5.7583,8.8565,0.541,6.3180000000000005,-2.955
0.2311,-5.7814,8.8565,0.541,6.3180000000000005,-2.955
0.2311,-5.7353,8.8565,0.6320000000000001,6.3180000000000005,-3.0220000000000002
0.2773,-5.7353,8.8565,0.541,6.132,-2.888
0.3929,-5.7123,8.7243,0.541,6.039,-2.821
0.3929,-5.7123,8.7243,0.541,6.039,-2.821
0.4623,-5.6892,8.7243,0.6320000000000001,6.132,-2.888
0.3467,-5.6892,8.5922,0.541,5.760999999999999,-2.821
0.3467,-5.6892,8.5922,0.541,5.760999999999999,-2.821
0.2542,-5.6892,8.5922,0.6320000000000001,5.760999999999999,-2.821
0.2542,-5.6892,8.46,0.451,5.575,-2.753
0.3236,-5.6662,8.46,0.541,5.575,-2.686
0.3929,-5.6201,8.5922,0.541,5.575,-2.753
0.4854,-5.5971,8.1956,0.722,5.482,-2.686
0.5085,-5.528,8.0634,0.722,5.389,-2.619
0.5779,-5.528,8.0634,0.6320000000000001,5.202999999999999,-2.619
0.5779,-5.505,8.0634,0.541,5.017,-2.686
0.5316,-5.505,8.0634,0.541,4.924,-2.619
0.4392,-5.505,8.0634,0.541,4.7379999999999995,-2.5519999999999996
0.3929,-5.505,8.0634,0.451,4.7379999999999995,-2.485
0.3929,-5.4589,8.0634,0.541,4.553,-2.5519999999999996
0.4623,-5.4359,7.9312,0.722,4.553,-2.4179999999999997
0.5085,-5.4128,7.9312,0.722,4.553,-2.485
0.5085,-5.3668,7.799,0.722,4.46,-2.5519999999999996
0.5085,-5.3437,7.6668,0.722,4.274,-2.485
0.5316,-5.3207,7.6668,0.6320000000000001,4.181,-2.485
0.5085,-5.3207,7.6668,0.6320000000000001,4.181,-2.619
0.4623,-5.3437,7.799,0.6320000000000001,4.088,-2.4179999999999997
0.4623,-5.3437,7.6668,0.6320000000000001,4.088,-2.4179999999999997
0.4392,-5.3207,7.6668,0.6320000000000001,3.902,-2.283
0.4623,-5.2977,7.5346,0.6320000000000001,3.809,-2.3499999999999996
0.4854,-5.2516,7.5346,0.6320000000000001,3.809,-2.2159999999999997
0.601,-5.2055,7.4025,0.541,3.995,-2.283
0.6241,-5.1364,7.4025,0.541,3.809,-2.2159999999999997
0.6241,-5.1134,7.2703,0.6320000000000001,3.809,-2.2159999999999997
0.6241,-5.1134,7.2703,0.6320000000000001,3.53,-2.149
0.6241,-5.0904,7.4025,0.541,3.623,-2.149
0.6241,-5.1364,7.2703,0.451,3.623,-2.149
0.7165,-5.0673,7.2703,0.541,3.809,-2.283
0.6241,-5.0673,7.2703,0.722,3.7159999999999997,-2.149
0.5547,-5.0673,7.2703,0.6320000000000001,3.623,-2.149
0.5779,-5.0673,7.2703,0.6320000000000001,3.623,-2.149
0.6934,-5.0213,7.2703,0.541,3.7159999999999997,-2.283
0.6934,-5.0213,7.2703,0.541,3.7159999999999997,-2.283
0.7165,-5.0443,7.2703,0.541,3.7159999999999997,-2.2159999999999997
0.6472,-5.0213,7.1381,0.6320000000000001,3.623,-2.149
0.6241,-5.0443,7.2703,0.6320000000000001,3.7159999999999997,-2.2159999999999997
0.6241,-5.0443,7.2703,0.541,3.809,-2.283
0.6703,-5.0443,7.2703,0.541,3.902,-2.2159999999999997
0.6934,-4.9982,7.1381,0.361,4.181,-2.283
0.7165,-4.9982,7.0059,0.451,4.181,-2.283
0.6934,-4.9982,7.0059,0.451,4.088,-2.3499999999999996
0.6934,-5.0443,7.1381,0.361,4.274,-2.283
0.6934,-4.9982,7.1381,0.361,4.274,-2.283
0.7165,-4.9982,7.2703,0.451,4.274,-2.3499999999999996
0.6934,-5.0443,7.2703,0.451,4.46,-2.3499999999999996
0.6703,-5.0443,7.1381,0.541,4.553,-2.3499999999999996
0.6241,-5.0443,7.2703,0.541,4.6450000000000005,-2.3499999999999996
0.6934,-5.0213,7.1381,0.541,4.8309999999999995,-2.4179999999999997
0.7397,-4.9982,7.1381,0.451,5.017,-2.485
0.7397,-5.0213,7.1381,0.451,5.11,-2.4179999999999997
0.7397,-5.0673,7.2703,0.541,5.017,-2.5519999999999996
0.7397,-5.0673,7.2703,0.541,5.017,-2.5519999999999996
0.6703,-5.0673,7.4025,0.541,5.017,-2.5519999999999996
0.601,-5.1134,7.4025,0.541,5.11,-2.5519999999999996
0.601,-5.1364,7.4025,0.451,5.389,-2.5519999999999996
0.6703,-5.1364,7.4025,0.541,5.482,-2.619
0.6703,-5.1595,7.4025,0.541,5.575,-2.619
0.7165,-5.1595,7.5346,0.541,5.760999999999999,-2.686
0.6241,-5.2516,7.6668,0.541,5.946,-2.686
0.601,-5.2746,7.799,0.541,5.946,-2.686
0.601,-5.3437,7.9312,0.451,6.039,-2.753
0.601,-5.3668,8.0634,0.451,6.2250000000000005,-2.821
0.5779,-5.2746,7.799,0.541,6.132,-2.821
0.7628,-5.3437,8.0634,0.361,6.5969999999999995,-3.0220000000000002
0.7628,-5.3668,8.0634,0.361,6.504,-3.089
0.601,-5.3898,8.0634,0.541,6.3180000000000005,-2.888
0.5085,-5.4589,8.0634,0.451,6.504,-2.888
0.416,-5.4589,8.1956,0.451,6.411,-2.888
0.3698,-5.505,8.1956,0.361,6.3180000000000005,-2.821
0.4392,-5.4819,8.3278,0.27,6.411,-2.888
0.5316,-5.505,8.3278,0.361,6.69,-2.955
0.6472,-5.4589,8.1956,0.451,6.783,-3.0220000000000002
0.6472,-5.4589,8.1956,0.451,6.783,-3.0220000000000002
0.6472,-5.505,8.3278,0.451,6.8759999999999994,-3.1559999999999997
0.5316,-5.5741,8.46,0.451,6.783,-3.089
0.5085,-5.5971,8.46,0.451,6.783,-3.089
0.4392,-5.6432,8.5922,0.541,6.783,-3.1559999999999997
0.3467,-5.6892,8.5922,0.541,6.69,-3.0220000000000002
0.3467,-5.6892,8.5922,0.541,6.69,-3.0220000000000002
0.4392,-5.6432,8.46,0.451,6.8759999999999994,-3.1559999999999997
0.4392,-5.6432,8.46,0.451,6.8759999999999994,-3.1559999999999997
0.5316,-5.6662,8.7243,0.451,7.154,-3.224
0.3929,-5.6892,8.5922,0.6320000000000001,6.968,-3.1559999999999997
0.3467,-5.7353,8.5922,0.6320000000000001,6.8759999999999994,-3.1559999999999997
0.3467,-5.7353,8.5922,0.6320000000000001,6.8759999999999994,-3.1559999999999997
0.3698,-5.7583,8.8565,0.541,6.8759999999999994,-3.1559999999999997
0.3236,-5.7814,8.8565,0.541,6.783,-3.089
0.3236,-5.7814,8.8565,0.541,6.783,-3.0220000000000002
0.3698,-5.7814,8.7243,0.451,6.8759999999999994,-3.1559999999999997
0.3467,-5.7353,8.8565,0.6320000000000001,6.783,-3.224
0.3929,-5.7583,8.7243,0.541,6.783,-3.089
0.4392,-5.6892,8.7243,0.541,6.8759999999999994,-3.224
0.4392,-5.7353,8.7243,0.541,6.69,-3.1559999999999997
0.3929,-5.7583,8.8565,0.541,6.783,-3.1559999999999997
0.3236,-5.8044,8.8565,0.451,6.69,-3.089
0.2773,-5.8274,8.8565,0.541,6.69,-3.1559999999999997
0.2773,-5.7814,8.7243,0.541,6.5969999999999995,-3.1559999999999997
0.3236,-5.7814,8.8565,0.541,6.69,-3.1559999999999997
0.4623,-5.7814,8.7243,0.451,6.8759999999999994,-3.1559999999999997
0.6241,-5.7123,8.5922,0.361,7.061,-3.1559999999999997
0.6241,-5.6892,8.7243,0.361,6.968,-3.224
0.5547,-5.7353,8.5922,0.361,6.8759999999999994,-3.224
0.416,-5.7353,8.7243,0.6320000000000001,6.504,-3.224
0.3929,-5.7814,8.7243,0.541,6.411,-3.0220000000000002
0.3929,-5.7583,8.7243,0.361,6.411,-3.089
0.4392,-5.7583,8.7243,0.451,6.3180000000000005,-3.1559999999999997
0.5085,-5.7583,8.7243,0.361,6.504,-3.089
0.5316,-5.7353,8.7243,0.361,6.504,-3.089
0.5779,-5.7123,8.46,0.451,6.411,-2.888
0.5779,-5.7123,8.46,0.451,6.3180000000000005,-3.0220000000000002
0.5085,-5.7353,8.46,0.361,6.039,-2.955
0.4392,-5.7583,8.5922,0.451,5.946,-2.955
0.3929,-5.7583,8.5922,0.451,5.946,-2.888
0.3467,-5.7353,8.5922,0.451,5.853000000000001,-2.955
0.416,-5.6662,8.46,0.451,5.760999999999999,-2.955
0.416,-5.6662,8.46,0.451,5.760999999999999,-2.955
0.6241,-5.5971,8.1956,0.361,5.760999999999999,-2.955
0.6703,-5.551,8.1956,0.361,5.667999999999999,-2.888
0.6472,-5.5741,8.1956,0.27,5.667999999999999,-2.888
0.5779,-5.5741,8.0634,0.451,5.575,-2.821
0.5085,-5.528,8.0634,0.361,5.389,-2.753
0.4854,-5.551,8.0634,0.451,5.11,-2.686
0.4854,-5.551,8.0634,0.361,5.11,-2.753
0.601,-5.4819,8.0634,0.27,5.202999999999999,-2.753
0.6703,-5.4819,8.0634,0.27,5.11,-2.686
0.6703,-5.4128,7.9312,0.27,5.017,-2.686
0.6241,-5.3898,7.799,0.361,4.8309999999999995,-2.485
0.6241,-5.3668,7.6668,0.361,4.6450000000000005,-2.485
0.6472,-5.3668,7.799,0.361,4.46,-2.4179999999999997
0.6472,-5.3437,7.799,0.361,4.46,-2.485
0.6241,-5.2977,7.799,0.361,4.46,-2.485
0.6472,-5.3207,7.6668,0.361,4.181,-2.4179999999999997
0.601,-5.2746,7.6668,0.361,4.088,-2.283
0.6472,-5.2516,7.6668,0.451,3.995,-2.3499999999999996
0.6934,-5.2977,7.6668,0.361,4.088,-2.3499999999999996
0.6703,-5.2516,7.5346,0.27,4.088,-2.283
0.6934,-5.2055,7.5346,0.361,4.088,-2.4179999999999997
0.7165,-5.1595,7.2703,0.27,3.995,-2.283
0.7165,-5.1364,7.2703,0.27,3.902,-2.3499999999999996
0.7397,-5.1364,7.4025,0.27,3.7159999999999997,-2.3499999999999996
0.6934,-5.1595,7.4025,0.27,3.7159999999999997,-2.283
0.601,-5.1825,7.4025,0.361,3.53,-2.149
0.6241,-5.1364,7.2703,0.361,3.623,-2.2159999999999997
0.6241,-5.1134,7.2703,0.451,3.623,-2.149
0.6472,-5.0673,7.2703,0.541,3.623,-2.149
0.8552,-5.0443,7.4025,0.27,3.809,-2.2159999999999997
0.8552,-5.0213,7.2703,0.27,3.995,-2.283
0.7859,-5.0443,7.1381,0.18,3.809,-2.2159999999999997
0.6934,-5.0443,7.1381,0.361,3.623,-2.149
0.6703,-5.0904,7.2703,0.18,3.7159999999999997,-2.2159999999999997
0.6472,-5.0673,7.2703,0.451,3.53,-2.149
0.6934,-5.0673,7.2703,0.18,3.809,-2.2159999999999997
0.7628,-5.0213,7.2703,0.18,3.809,-2.283
0.7397,-4.9982,7.1381,0.27,3.809,-2.149
0.7397,-4.9522,7.2703,0.27,3.809,-2.2159999999999997
0.7397,-4.9752,7.1381,0.361,3.809,-2.149
0.809,-4.9061,7.1381,0.27,3.995,-2.149
0.7859,-4.9291,7.1381,0.27,3.995,-2.2159999999999997
0.7859,-4.9982,7.4025,0.18,4.181,-2.2159999999999997
0.6472,-4.9982,7.2703,0.27,4.274,-2.2159999999999997
0.6472,-4.9982,7.2703,0.27,4.274,-2.2159999999999997
0.7397,-4.9982,7.2703,0.361,4.46,-2.283
0.7397,-4.9982,7.2703,0.361,4.46,-2.283
0.9015,-4.9522,7.4025,0.27,4.7379999999999995,-2.4179999999999997
0.9246,-4.9982,7.4025,0.27,4.7379999999999995,-2.4179999999999997
0.8784,-5.0213,7.5346,0.361,4.6450000000000005,-2.3499999999999996
0.809,-5.0443,7.5346,0.27,4.7379999999999995,-2.4179999999999997
0.6703,-5.0443,7.4025,0.361,4.7379999999999995,-2.3499999999999996
0.6472,-5.0904,7.5346,0.361,4.924,-2.4179999999999997
0.7397,-5.0673,7.5346,0.361,5.017,-2.5519999999999996
0.809,-5.0673,7.4025,0.18,5.202999999999999,-2.5519999999999996
0.9246,-5.0904,7.5346,0.18,5.482,-2.5519999999999996
0.9246,-5.1595,7.6668,0.27,5.667999999999999,-2.619
0.7628,-5.2286,7.6668,0.27,5.760999999999999,-2.619
0.7165,-5.2516,7.799,0.361,5.760999999999999,-2.619
0.7165,-5.2516,7.9312,0.27,5.853000000000001,-2.619
0.7397,-5.3437,7.9312,0.361,6.039,-2.753
0.7628,-5.2977,7.9312,0.27,6.2250000000000005,-2.686
0.7397,-5.2286,7.799,0.27,6.039,-2.686
0.809,-5.1595,7.9312,0.27,6.039,-2.753
0.8552,-5.2055,7.9312,0.09,6.2250000000000005,-2.888
0.8321,-5.3668,8.0634,0.27,6.411,-2.888
0.8321,-5.3668,8.0634,0.27,6.411,-2.888
0.809,-5.3668,7.9312,0.361,6.3180000000000005,-2.821
0.7859,-5.4128,8.0634,0.27,6.132,-2.888
0.7859,-5.4128,8.0634,0.27,6.132,-2.888
0.8552,-5.4589,8.1956,0.27,6.3180000000000005,-2.955
0.8321,-5.505,8.3278,0.27,6.504,-3.089
0.6472,-5.551,8.3278,0.361,6.411,-2.888
0.5779,-5.551,8.3278,0.361,6.411,-2.955
0.6934,-5.528,8.1956,0.361,6.411,-2.955
0.6934,-5.528,8.1956,0.361,6.411,-2.955
0.7397,-5.551,8.3278,0.27,6.504,-3.0220000000000002
0.6241,-5.5971,8.5922,0.27,6.411,-3.0220000000000002
0.5085,-5.5971,8.5922,0.27,6.3180000000000005,-2.955
0.4623,-5.6201,8.46,0.451,6.2250000000000005,-2.888
0.4623,-5.5971,8.5922,0.27,6.2250000000000005,-2.888
0.5085,-5.6892,8.5922,0.451,6.411,-3.0220000000000002
0.5316,-5.6892,8.5922,0.6320000000000001,6.3180000000000005,-2.955
0.601,-5.6662,8.5922,0.451,6.69,-3.0220000000000002
0.6241,-5.6432,8.5922,0.451,6.69,-3.089
0.6241,-5.6432,8.5922,0.451,6.69,-3.089
0.5779,-5.6432,8.7243,0.451,6.5969999999999995,-3.089
0.4854,-5.7353,8.8565,0.361,6.411,-2.955
0.5085,-5.7814,8.8565,0.451,6.5969999999999995,-3.089
0.5085,-5.7814,8.8565,0.451,6.5969999999999995,-3.089
0.4854,-5.7583,8.8565,0.541,6.69,-3.0220000000000002
0.5316,-5.7353,8.7243,0.6320000000000001,6.69,-3.0220000000000002
0.5316,-5.7123,8.5922,0.541,6.783,-3.0220000000000002
0.6241,-5.7353,8.5922,0.451,6.783,-3.0220000000000002
0.6241,-5.7123,8.7243,0.541,6.783,-3.0220000000000002
0.5316,-5.7583,8.8565,0.451,6.504,-3.0220000000000002
0.6703,-5.6892,8.7243,0.361,6.504,-3.089
0.6703,-5.6892,8.7243,0.361,6.504,-3.089
0.7165,-5.5971,8.7243,0.27,6.504,-3.0220000000000002
0.6703,-5.5971,8.7243,0.18,6.5969999999999995,-2.955
0.6241,-5.6892,8.8565,0.361,6.504,-2.888
0.3929,-5.5741,8.5922,0.361,6.039,-2.955
0.4623,-5.5971,8.7243,0.18,6.2250000000000005,-3.089
0.6241,-5.7583,8.5922,0.451,6.2250000000000005,-3.291
0.6703,-5.6662,8.5922,0.361,6.3180000000000005,-3.1559999999999997
0.6934,-5.6662,8.5922,0.27,6.3180000000000005,-3.089
0.6703,-5.6432,8.5922,0.361,6.132,-3.0220000000000002
0.6472,-5.6892,8.46,0.451,6.2250000000000005,-3.0220000000000002
0.601,-5.7353,8.46,0.722,5.946,-3.0220000000000002
0.601,-5.7353,8.46,0.722,5.946,-3.0220000000000002
0.5779,-5.7353,8.5922,0.541,5.853000000000001,-3.089
0.5779,-5.7583,8.5922,0.541,5.667999999999999,-2.955
0.5779,-5.6662,8.46,0.541,5.667999999999999,-2.821
0.5779,-5.5971,8.3278,0.541,5.482,-2.888
0.601,-5.528,8.0634,0.451,5.389,-2.888
0.601,-5.5741,8.1956,0.451,5.295999999999999,-2.821
0.6472,-5.5971,8.1956,0.541,5.295999999999999,-2.753
0.6241,-5.5971,8.1956,0.451,4.924,-2.753
0.5547,-5.5741,8.0634,0.451,4.924,-2.753
0.601,-5.551,8.0634,0.451,4.8309999999999995,-2.753
0.6241,-5.551,7.9312,0.451,4.924,-2.753
0.6934,-5.528,7.9312,0.541,4.924,-2.686
0.809,-5.4589,7.799,0.541,5.202999999999999,-2.753
0.8321,-5.4589,7.799,0.451,5.11,-2.686
0.7859,-5.4359,7.799,0.541,4.924,-2.619
0.7628,-5.4589,7.799,0.541,4.7379999999999995,-2.619
0.7165,-5.4359,7.6668,0.451,4.6450000000000005,-2.619
0.7165,-5.4128,7.799,0.361,4.6450000000000005,-2.5519999999999996
0.7397,-5.4128,7.799,0.361,4.6450000000000005,-2.686
0.7165,-5.3898,7.799,0.451,4.46,-2.619
0.6934,-5.3668,7.6668,0.451,4.46,-2.485
0.7397,-5.3437,7.6668,0.541,4.46,-2.485
0.7859,-5.3207,7.6668,0.451,4.46,-2.5519999999999996
0.809,-5.3668,7.6668,0.451,4.367,-2.485
0.7628,-5.3437,7.799,0.27,4.367,-2.4179999999999997
0.6703,-5.3207,7.6668,0.361,3.995,-2.3499999999999996
0.6472,-5.2977,7.6668,0.27,4.274,-2.485
0.6472,-5.2977,7.6668,0.27,4.274,-2.485
0.7397,-5.2977,7.6668,0.361,4.088,-2.4179999999999997
0.7628,-5.2746,7.5346,0.361,4.088,-2.4179999999999997
0.8552,-5.1595,7.2703,0.361,4.274,-2.485
0.9246,-5.1364,7.2703,0.27,4.367,-2.485
0.9939,-5.0904,7.4025,0.361,4.46,-2.485
0.9246,-5.2055,7.5346,0.27,4.367,-2.485
0.9246,-5.2055,7.5346,0.27,4.367,-2.485
0.601,-5.2746,7.5346,0.451,3.809,-2.3499999999999996
0.601,-5.2977,7.5346,0.451,3.809,-2.4179999999999997
0.6934,-5.2746,7.5346,0.451,4.088,-2.5519999999999996
0.7859,-5.2516,7.5346,0.361,4.274,-2.485
0.8552,-5.1825,7.5346,0.361,4.46,-2.485
0.9015,-5.1595,7.4025,0.451,4.46,-2.485
0.8552,-5.1595,7.2703,0.361,4.367,-2.485
0.8552,-5.1595,7.2703,0.361,4.367,-2.485
0.8552,-5.1364,7.2703,0.27,4.367,-2.5519999999999996
0.809,-5.1825,7.4025,0.27,4.274,-2.485
0.6934,-5.2516,7.5346,0.27,4.367,-2.485
0.7165,-5.2286,7.4025,0.361,4.367,-2.485
0.7628,-5.2055,7.2703,0.451,4.46,-2.485
0.7628,-5.2055,7.2703,0.451,4.46,-2.485
0.9015,-5.1825,7.2703,0.451,4.6450000000000005,-2.485
0.9246,-5.1595,7.4025,0.451,4.7379999999999995,-2.485
0.9477,-5.1595,7.4025,0.361,4.8309999999999995,-2.686
0.8784,-5.2516,7.5346,0.451,4.924,-2.619
0.809,-5.2977,7.5346,0.451,4.924,-2.619
0.7628,-5.2977,7.5346,0.451,4.924,-2.5519999999999996
0.7397,-5.2746,7.6668,0.541,4.924,-2.619
0.7165,-5.2977,7.6668,0.451,5.017,-2.619
0.7859,-5.2977,7.5346,0.361,5.017,-2.686
0.8552,-5.2286,7.5346,0.361,5.295999999999999,-2.686
0.9015,-5.2286,7.4025,0.361,5.389,-2.686
0.8321,-5.2977,7.5346,0.451,5.389,-2.686
0.8321,-5.2977,7.5346,0.451,5.389,-2.686
0.7628,-5.3207,7.5346,0.361,5.295999999999999,-2.753
0.601,-5.3668,7.6668,0.451,5.295999999999999,-2.619
0.6241,-5.3668,7.6668,0.451,5.482,-2.686
0.6703,-5.3668,7.6668,0.451,5.575,-2.686
0.6934,-5.4128,7.5346,0.451,5.667999999999999,-2.753
0.7397,-5.3898,7.6668,0.541,5.760999999999999,-2.753
0.7859,-5.3668,7.6668,0.541,5.760999999999999,-2.888
0.8321,-5.3668,7.6668,0.451,5.853000000000001,-2.955
0.809,-5.3668,7.5346,0.451,5.853000000000001,-2.888
0.7859,-5.3668,7.6668,0.6320000000000001,5.946,-2.821
0.7397,-5.4128,7.799,0.451,6.039,-2.955
0.7165,-5.4128,7.9312,0.451,6.2250000000000005,-3.0220000000000002
0.7397,-5.505,8.1956,0.361,6.411,-3.089
0.6472,-5.4359,7.9312,0.451,6.411,-3.1559999999999997
0.6472,-5.4359,7.9312,0.451,6.411,-3.1559999999999997
0.6934,-5.4589,7.9312,0.451,6.411,-3.089
0.7628,-5.528,8.0634,0.361,6.5969999999999995,-3.1559999999999997
0.7628,-5.528,8.1956,0.451,6.783,-3.224
0.7397,-5.551,8.1956,0.451,6.783,-3.089
0.6241,-5.5971,8.3278,0.451,6.783,-3.224
0.601,-5.6662,8.3278,0.451,6.783,-3.224
0.5316,-5.6662,8.3278,0.451,6.783,-3.1559999999999997
0.5547,-5.6892,8.46,0.361,6.783,-3.291
0.5547,-5.7353,8.46,0.361,6.8759999999999994,-3.291
0.5779,-5.7583,8.46,0.541,6.8759999999999994,-3.3579999999999997
0.5547,-5.7353,8.46,0.451,7.061,-3.3579999999999997
0.5779,-5.7353,8.46,0.451,7.061,-3.3579999999999997
0.601,-5.8274,8.7243,0.361,7.247,-3.4250000000000003
0.4392,-5.7353,8.5922,0.451,6.783,-3.224
0.5085,-5.7583,8.5922,0.361,6.968,-3.3579999999999997
0.6472,-5.8274,8.7243,0.451,7.154,-3.492
0.6934,-5.7814,8.7243,0.451,7.154,-3.4250000000000003
0.6703,-5.7814,8.5922,0.541,7.154,-3.492
0.5779,-5.8044,8.5922,0.541,7.061,-3.4250000000000003
0.4623,-5.8735,8.5922,0.6320000000000001,6.8759999999999994,-3.3579999999999997
0.4392,-5.8505,8.7243,0.6320000000000001,6.8759999999999994,-3.4250000000000003
0.5547,-5.8505,8.5922,0.541,6.968,-3.4250000000000003
0.5547,-5.8505,8.5922,0.541,6.968,-3.4250000000000003
0.6472,-5.8505,8.5922,0.722,7.061,-3.4250000000000003
0.601,-5.8505,8.5922,0.451,6.968,-3.3579999999999997
0.5547,-5.8505,8.5922,0.541,6.8759999999999994,-3.3579999999999997
0.5316,-5.8735,8.5922,0.451,6.8759999999999994,-3.4250000000000003
0.5085,-5.8735,8.7243,0.541,6.8759999999999994,-3.492
0.4854,-5.9426,8.7243,0.541,6.783,-3.3579999999999997
0.4854,-5.9887,8.8565,0.451,6.8759999999999994,-3.3579999999999997
0.5316,-5.9656,8.8565,0.541,6.783,-3.291
0.5547,-5.9196,8.8565,0.451,6.8759999999999994,-3.3579999999999997
0.5779,-5.9196,8.8565,0.361,6.783,-3.4250000000000003
0.6703,-5.8965,8.8565,0.27,6.8759999999999994,-3.559
0.6472,-5.8965,8.9887,0.27,6.783,-3.559
0.6241,-5.9426,8.8565,0.27,6.5969999999999995,-3.492
0.601,-5.9656,8.9887,0.18,6.5969999999999995,-3.492
0.6472,-5.9656,8.8565,0.09,6.5969999999999995,-3.4250000000000003
0.6472,-5.9656,8.8565,0.09,6.5969999999999995,-3.4250000000000003
0.7165,-5.8274,8.5922,0.18,6.3180000000000005,-3.291
0.6934,-5.8274,8.5922,0.27,6.2250000000000005,-3.224
0.6934,-5.8274,8.7243,0.18,6.039,-3.224
0.6472,-5.8505,8.7243,0.09,5.946,-3.224
0.5547,-5.8505,8.5922,0.09,5.760999999999999,-3.1559999999999997
0.5085,-5.8735,8.7243,0.18,5.575,-3.089
0.4392,-5.8044,8.46,0.27,5.389,-3.089
0.4854,-5.7814,8.46,0.18,5.11,-3.0220000000000002
0.5779,-5.7353,8.3278,0.27,5.202999999999999,-2.955
0.6934,-5.6892,8.1956,0.18,5.11,-3.0220000000000002
0.7165,-5.6662,8.1956,0.09,5.295999999999999,-3.1559999999999997
0.6472,-5.7123,8.1956,0.18,5.017,-3.0220000000000002
0.601,-5.7123,8.0634,0.27,4.7379999999999995,-2.821
0.5316,-5.6892,8.1956,0.18,4.46,-2.821
0.5547,-5.6662,8.0634,0.18,4.553,-2.888
0.7397,-5.6201,7.799,0.18,4.6450000000000005,-2.888
0.7859,-5.528,7.9312,0.09,4.553,-2.753
0.809,-5.505,7.799,0.18,4.6450000000000005,-2.753
0.7628,-5.4128,7.6668,0.18,4.46,-2.888
0.7628,-5.4359,7.6668,0.09,4.367,-2.821
0.7628,-5.4819,7.799,0.09,4.181,-2.753
0.7165,-5.4819,7.6668,0.09,4.088,-2.686
0.7165,-5.505,7.799,0.18,3.995,-2.619
0.7165,-5.4359,7.799,0.09,3.995,-2.753
0.6934,-5.4128,7.6668,0.18,4.088,-2.753
0.7165,-5.3898,7.5346,0.18,3.995,-2.686
0.7859,-5.3207,7.4025,0.27,3.902,-2.686
0.8552,-5.2977,7.4025,0.0,3.995,-2.5519999999999996
0.809,-5.3898,7.5346,0.27,3.995,-2.485
0.6703,-5.2977,7.5346,0.361,3.623,-2.485
0.7628,-5.2977,7.5346,0.27,3.7159999999999997,-2.5519999999999996
0.8784,-5.2055,7.4025,0.09,3.902,-2.619
0.9246,-5.1595,7.4025,0.09,3.902,-2.619
0.9708,-5.1595,7.2703,0.09,3.995,-2.5519999999999996
0.9939,-5.1134,7.2703,0.18,4.088,-2.5519999999999996
0.9708,-5.1364,7.4025,0.09,3.902,-2.4179999999999997
0.9477,-5.1364,7.4025,0.0,3.902,-2.3499999999999996
0.9708,-5.0904,7.6668,0.0,4.088,-2.5519999999999996
0.9246,-5.1364,7.4025,0.18,3.809,-2.686
0.8784,-5.1825,7.4025,0.18,3.809,-2.686
0.7859,-5.1364,7.4025,0.18,3.53,-2.619
0.7859,-5.1364,7.4025,0.18,3.53,-2.619
1.0171,-5.1364,7.5346,0.18,4.088,-2.5519999999999996
1.0633,-5.1134,7.4025,0.18,4.088,-2.5519999999999996
1.0402,-5.1595,7.5346,0.451,3.995,-2.619
0.9477,-5.2055,7.4025,0.361,3.995,-2.619
0.8321,-5.2516,7.5346,0.361,3.809,-2.619
0.7628,-5.2286,7.5346,0.451,4.088,-2.753
0.8784,-5.2516,7.5346,0.361,4.274,-2.686
0.9939,-5.2055,7.4025,0.361,4.553,-2.686
1.0633,-5.1825,7.5346,0.27,4.553,-2.821
1.0864,-5.1825,7.5346,0.361,4.553,-2.753
1.0633,-5.1595,7.5346,0.361,4.6450000000000005,-2.821
1.0402,-5.1825,7.5346,0.27,4.7379999999999995,-2.888
0.9939,-5.2055,7.5346,0.361,4.7379999999999995,-2.753
0.9246,-5.2746,7.5346,0.451,4.6450000000000005,-2.821
0.9477,-5.2746,7.5346,0.361,4.8309999999999995,-2.821
1.0633,-5.2286,7.6668,0.361,5.11,-2.955
1.0633,-5.2516,7.4025,0.361,5.202999999999999,-2.821
1.0171,-5.2286,7.4025,0.451,5.295999999999999,-2.955
0.9708,-5.2516,7.5346,0.361,5.295999999999999,-3.0220000000000002
0.9708,-5.2746,7.5346,0.361,5.295999999999999,-2.955
0.9015,-5.3207,7.6668,0.27,5.202999999999999,-3.0220000000000002
0.9015,-5.3668,7.799,0.361,5.295999999999999,-2.955
0.9015,-5.3668,7.799,0.451,5.389,-2.955
0.9477,-5.3207,7.6668,0.361,5.389,-3.0220000000000002
0.9939,-5.2977,7.6668,0.27,5.667999999999999,-3.0220000000000002
1.1326,-5.3437,7.799,0.27,5.853000000000001,-3.1559999999999997
1.1326,-5.4128,7.6668,0.361,5.853000000000001,-3.089
1.0633,-5.4128,7.799,0.361,5.853000000000001,-3.0220000000000002
0.9939,-5.4819,7.9312,0.361,5.853000000000001,-3.1559999999999997
0.9477,-5.551,7.9312,0.451,5.853000000000001,-3.0220000000000002
0.8784,-5.505,8.0634,0.451,5.853000000000001,-3.1559999999999997
0.9477,-5.4589,7.9312,0.361,5.853000000000001,-3.224
1.0402,-5.4819,8.0634,0.27,6.039,-3.3579999999999997
1.0864,-5.505,7.9312,0.361,5.946,-3.224
1.0171,-5.4819,8.0634,0.451,6.039,-3.224
0.9477,-5.5971,8.1956,0.451,6.039,-3.224
0.8784,-5.5971,8.1956,0.451,6.039,-3.291
0.8784,-5.6201,8.1956,0.451,6.132,-3.3579999999999997
0.8784,-5.6662,8.3278,0.541,6.2250000000000005,-3.291
0.8784,-5.6662,8.3278,0.541,6.2250000000000005,-3.291
0.8552,-5.6662,8.3278,0.451,6.2250000000000005,-3.4250000000000003
0.9015,-5.6892,8.3278,0.541,6.2250000000000005,-3.291
0.9477,-5.6662,8.46,0.451,6.2250000000000005,-3.3579999999999997
0.9015,-5.6432,8.46,0.541,6.2250000000000005,-3.291
0.809,-5.7123,8.46,0.541,6.132,-3.3579999999999997
0.809,-5.7123,8.46,0.541,6.132,-3.3579999999999997
0.7859,-5.7583,8.5922,0.6320000000000001,6.2250000000000005,-3.4250000000000003
0.7859,-5.7583,8.5922,0.6320000000000001,6.2250000000000005,-3.4250000000000003
0.7397,-5.7583,8.46,0.6320000000000001,6.3180000000000005,-3.3579999999999997
0.7859,-5.7814,8.3278,0.722,6.132,-3.4250000000000003
0.809,-5.7353,8.46,0.541,6.2250000000000005,-3.3579999999999997
0.8321,-5.7353,8.46,0.451,6.2250000000000005,-3.492
0.8784,-5.7123,8.46,0.541,6.2250000000000005,-3.492
0.9015,-5.7583,8.5922,0.451,6.2250000000000005,-3.492
0.7397,-5.8044,8.5922,0.541,6.2250000000000005,-3.3579999999999997
0.6703,-5.8505,8.5922,0.6320000000000001,6.132,-3.224
0.6703,-5.8274,8.5922,0.6320000000000001,6.132,-3.224
0.809,-5.7814,8.46,0.541,6.2250000000000005,-3.3579999999999997
0.8784,-5.7583,8.5922,0.451,6.2250000000000005,-3.4250000000000003
0.9246,-5.7583,8.46,0.541,6.2250000000000005,-3.492
0.8784,-5.7583,8.5922,0.451,6.2250000000000005,-3.492
0.8321,-5.8044,8.5922,0.541,6.132,-3.492
0.7165,-5.8274,8.5922,0.541,5.946,-3.3579999999999997
0.7397,-5.8274,8.5922,0.541,5.946,-3.4250000000000003
0.7397,-5.7814,8.3278,0.541,5.853000000000001,-3.3579999999999997
0.7859,-5.7583,8.46,0.541,5.946,-3.3579999999999997
0.7859,-5.7353,8.3278,0.361,6.039,-3.492
0.7859,-5.7353,8.3278,0.6320000000000001,5.853000000000001,-3.3579999999999997
0.7859,-5.7353,8.1956,0.6320000000000001,5.760999999999999,-3.291
0.7859,-5.7583,8.3278,0.6320000000000001,5.760999999999999,-3.3579999999999997
0.7628,-5.8274,8.46,0.541,5.575,-3.291
0.7628,-5.7353,8.3278,0.541,5.482,-3.224
0.809,-5.6892,8.3278,0.451,5.575,-3.224
0.8784,-5.6892,8.1956,0.541,5.575,-3.224
0.9246,-5.6201,8.1956,0.27,5.575,-3.224
0.9477,-5.6432,8.3278,0.361,5.575,-3.1559999999999997
0.9477,-5.6432,8.3278,0.361,5.575,-3.1559999999999997
0.7165,-5.7123,8.3278,0.361,5.295999999999999,-3.1559999999999997
0.6703,-5.7123,8.1956,0.541,5.202999999999999,-3.0220000000000002
0.7165,-5.6892,8.1956,0.451,5.295999999999999,-3.224
0.809,-5.6432,8.1956,0.451,5.295999999999999,-3.1559999999999997
0.9939,-5.5741,8.1956,0.451,5.295999999999999,-3.224
1.0402,-5.5971,8.1956,0.451,5.295999999999999,-3.224
0.9939,-5.6432,8.0634,0.541,5.295999999999999,-3.1559999999999997
0.8321,-5.6201,8.0634,0.541,4.924,-3.1559999999999997
0.7628,-5.5971,8.0634,0.451,4.7379999999999995,-3.1559999999999997
0.7628,-5.5741,8.0634,0.361,4.553,-3.224
0.9015,-5.551,7.9312,0.361,4.6450000000000005,-2.955
0.9477,-5.528,7.799,0.361,4.8309999999999995,-2.955
0.9477,-5.4589,7.799,0.451,4.8309999999999995,-3.0220000000000002
0.8552,-5.505,7.799,0.451,4.46,-3.0220000000000002
0.8321,-5.505,7.6668,0.451,4.46,-2.955
0.8784,-5.505,7.799,0.361,4.274,-2.821
0.9015,-5.505,7.799,0.27,4.553,-2.955
0.9246,-5.505,7.6668,0.451,4.6450000000000005,-2.955
0.9246,-5.4589,7.5346,0.541,4.6450000000000005,-2.888
0.9246,-5.4359,7.5346,0.451,4.553,-3.0220000000000002
0.9246,-5.4128,7.5346,0.09,4.367,-2.888
0.9246,-5.4128,7.5346,0.09,4.367,-2.888
1.0171,-5.4359,7.5346,0.27,4.46,-2.955
0.9939,-5.3898,7.5346,0.361,4.46,-2.888
0.8784,-5.3437,7.4025,0.361,4.181,-2.888
0.8784,-5.3437,7.4025,0.361,4.181,-2.888
0.809,-5.3668,7.5346,0.361,4.181,-2.821
0.809,-5.3668,7.5346,0.361,4.181,-2.821
0.9477,-5.3898,7.5346,0.361,4.274,-2.821
0.9246,-5.3668,7.4025,0.451,4.367,-2.888
0.8552,-5.4128,7.5346,0.451,4.181,-2.753
0.8321,-5.3668,7.4025,0.451,4.088,-2.753
0.8552,-5.3898,7.5346,0.361,4.181,-2.955
0.9477,-5.3898,7.5346,0.27,4.367,-2.955
1.0171,-5.3207,7.4025,0.361,4.6450000000000005,-2.888
1.0402,-5.3207,7.4025,0.361,4.7379999999999995,-2.955
0.9939,-5.3207,7.4025,0.361,4.8309999999999995,-2.888
0.9477,-5.2977,7.4025,0.361,4.6450000000000005,-2.888
0.9477,-5.2977,7.4025,0.361,4.6450000000000005,-3.0220000000000002
0.9477,-5.3437,7.5346,0.27,4.6450000000000005,-2.955
0.9477,-5.3437,7.6668,0.361,4.7379999999999995,-2.955
0.9477,-5.3668,7.5346,0.541,4.8309999999999995,-2.955
0.9015,-5.3668,7.5346,0.361,5.017,-3.0220000000000002
0.9477,-5.3437,7.5346,0.361,5.11,-3.0220000000000002
0.9015,-5.3668,7.5346,0.361,4.924,-3.0220000000000002
0.9246,-5.3437,7.5346,0.27,5.202999999999999,-3.0220000000000002
0.9477,-5.3668,7.6668,0.27,5.389,-3.0220000000000002
0.9477,-5.3668,7.5346,0.18,5.482,-3.089
0.9477,-5.3668,7.5346,0.18,5.482,-3.089
0.9477,-5.3898,7.5346,0.27,5.575,-3.1559999999999997
0.9477,-5.3898,7.5346,0.27,5.575,-3.1559999999999997
0.9246,-5.4128,7.6668,0.27,5.667999999999999,-3.089
0.9477,-5.4359,7.6668,0.27,5.853000000000001,-3.089
0.9246,-5.4128,7.799,0.27,5.853000000000001,-3.1559999999999997
0.9708,-5.4128,7.6668,0.27,5.853000000000001,-3.224
0.9939,-5.4359,7.9312,0.361,5.946,-3.224
0.9708,-5.4819,8.0634,0.361,6.039,-3.3579999999999997
0.9708,-5.4819,8.0634,0.361,6.039,-3.3579999999999997
0.9246,-5.505,8.0634,0.361,6.039,-3.3579999999999997
0.9015,-5.528,8.0634,0.451,6.039,-3.291
0.9015,-5.505,7.9312,0.451,6.132,-3.3579999999999997
0.9477,-5.5971,8.1956,0.361,6.2250000000000005,-3.492
0.9015,-5.6201,8.1956,0.361,6.411,-3.492
0.8552,-5.551,8.0634,0.451,6.3180000000000005,-3.4250000000000003
0.8552,-5.6432,8.1956,0.451,6.411,-3.492
0.8552,-5.6662,8.1956,0.451,6.2250000000000005,-3.492
0.809,-5.6662,8.1956,0.6320000000000001,6.2250000000000005,-3.492
0.809,-5.6662,8.1956,0.451,6.2250000000000005,-3.492
0.8321,-5.6892,8.3278,0.6320000000000001,6.411,-3.559
0.8552,-5.7353,8.3278,0.6320000000000001,6.5969999999999995,-3.492
0.8321,-5.7583,8.46,0.541,6.504,-3.559
0.7628,-5.7353,8.3278,0.6320000000000001,6.5969999999999995,-3.492
0.8321,-5.8044,8.46,0.6320000000000001,6.69,-3.559
0.8552,-5.7814,8.46,0.6320000000000001,6.783,-3.559
0.7859,-5.6432,8.3278,0.451,6.69,-3.559
0.7165,-5.551,8.1956,0.18,6.411,-3.4250000000000003
0.7859,-5.7353,8.46,0.361,6.504,-3.6270000000000002
0.809,-5.7583,8.46,0.451,6.5969999999999995,-3.6270000000000002
0.7859,-5.7814,8.46,0.6320000000000001,6.3180000000000005,-3.492
0.6472,-5.7814,8.46,0.722,6.2250000000000005,-3.492
0.601,-5.7814,8.3278,0.8119999999999999,6.132,-3.3579999999999997
0.6703,-5.7814,8.3278,0.8119999999999999,6.132,-3.559
0.7397,-5.8044,8.3278,0.8119999999999999,6.132,-3.492
0.7628,-5.8274,8.3278,0.722,6.2250000000000005,-3.559
0.7165,-5.8735,8.3278,0.903,6.2250000000000005,-3.4250000000000003
0.6703,-5.8505,8.3278,0.8119999999999999,6.039,-3.492
0.7397,-5.8274,8.1956,0.722,5.946,-3.6270000000000002
0.7397,-5.8735,8.1956,0.722,5.946,-3.559
0.6472,-5.8965,8.3278,0.6320000000000001,5.853000000000001,-3.4250000000000003
0.6472,-5.8965,8.3278,0.722,5.946,-3.4250000000000003
0.6703,-5.8044,8.3278,0.722,5.946,-3.4250000000000003
0.7397,-5.7814,8.1956,0.722,5.946,-3.492
0.8321,-5.8044,8.1956,0.541,6.039,-3.559
0.8552,-5.7353,8.1956,0.451,6.039,-3.492
0.809,-5.7583,8.1956,0.451,5.946,-3.4250000000000003
0.809,-5.7583,8.1956,0.451,5.946,-3.4250000000000003
0.7397,-5.7814,8.1956,0.451,5.853000000000001,-3.3579999999999997
0.6934,-5.7583,8.1956,0.541,5.853000000000001,-3.3579999999999997
0.6934,-5.7814,8.3278,0.541,5.760999999999999,-3.291
0.8321,-5.7814,8.1956,0.451,5.853000000000001,-3.4250000000000003
0.8321,-5.7583,8.0634,0.451,5.946,-3.4250000000000003
0.8784,-5.7583,8.1956,0.451,5.946,-3.6270000000000002
0.8321,-5.7353,8.1956,0.451,5.946,-3.559
0.809,-5.7353,8.0634,0.451,5.760999999999999,-3.492
0.809,-5.7123,8.1956,0.451,5.667999999999999,-3.4250000000000003
0.8321,-5.7123,8.0634,0.451,5.575,-3.4250000000000003
0.7628,-5.7353,8.0634,0.451,5.482,-3.3579999999999997
0.7628,-5.7353,8.0634,0.451,5.482,-3.3579999999999997
0.7628,-5.6892,8.0634,0.451,5.482,-3.3579999999999997
0.809,-5.6662,8.0634,0.361,5.482,-3.4250000000000003
0.8552,-5.6201,7.9312,0.451,5.482,-3.3579999999999997
0.9246,-5.6201,7.9312,0.361,5.575,-3.3579999999999997
0.9708,-5.6432,7.9312,0.451,5.482,-3.291
0.9477,-5.6662,7.9312,0.451,5.482,-3.291
0.9246,-5.6662,8.0634,0.451,5.667999999999999,-3.492
0.9015,-5.7123,8.0634,0.451,5.482,-3.4250000000000003
0.8552,-5.6432,8.0634,0.451,5.482,-3.3579999999999997
0.8784,-5.6432,8.0634,0.451,5.389,-3.3579999999999997
0.9015,-5.6432,7.9312,0.361,5.295999999999999,-3.4250000000000003
0.9015,-5.6432,7.9312,0.361,5.295999999999999,-3.291
0.8784,-5.6201,7.799,0.451,5.202999999999999,-3.291
0.8552,-5.5971,7.9312,0.361,5.202999999999999,-3.224
0.8321,-5.5971,7.799,0.361,5.11,-3.4250000000000003
0.8552,-5.6201,7.9312,0.361,5.11,-3.291
0.8321,-5.6201,7.9312,0.361,5.017,-3.3579999999999997
0.8552,-5.6432,7.9312,0.361,5.11,-3.291
0.8321,-5.6201,8.0634,0.361,5.202999999999999,-3.291
0.8552,-5.5971,7.9312,0.451,5.295999999999999,-3.4250000000000003
0.9246,-5.5741,7.9312,0.361,5.389,-3.3579999999999997
0.9708,-5.5971,7.9312,0.451,5.389,-3.291
0.9939,-5.5971,7.9312,0.361,5.389,-3.291
1.0171,-5.6432,7.9312,0.451,5.389,-3.291
0.9939,-5.6432,7.9312,0.451,5.295999999999999,-3.291
0.9015,-5.6201,7.9312,0.451,5.295999999999999,-3.3579999999999997
0.9708,-5.5741,7.9312,0.361,5.295999999999999,-3.3579999999999997
0.9708,-5.551,7.9312,0.361,5.389,-3.3579999999999997
1.0171,-5.551,8.0634,0.27,5.295999999999999,-3.3579999999999997
0.9939,-5.5971,7.9312,0.361,5.389,-3.1559999999999997
1.0171,-5.5741,7.9312,0.361,5.389,-3.291
0.9477,-5.5741,7.799,0.451,5.202999999999999,-3.291
0.9477,-5.5741,7.799,0.361,5.295999999999999,-3.224
0.9708,-5.551,7.799,0.27,5.202999999999999,-3.224
0.9708,-5.551,7.9312,0.27,5.017,-3.1559999999999997
0.9708,-5.551,7.9312,0.27,5.017,-3.1559999999999997
0.9708,-5.5971,8.0634,0.27,5.11,-3.1559999999999997
0.9015,-5.5971,7.9312,0.451,5.202999999999999,-3.291
0.8784,-5.5741,7.9312,0.27,5.11,-3.224
1.0171,-5.528,7.799,0.27,5.389,-3.3579999999999997
1.0171,-5.528,7.799,0.27,5.389,-3.3579999999999997
1.0171,-5.5971,7.799,0.27,5.295999999999999,-3.224
0.9708,-5.6201,7.9312,0.451,5.295999999999999,-3.3579999999999997
0.8784,-5.5971,7.9312,0.541,5.202999999999999,-3.291
0.8784,-5.5971,7.9312,0.541,5.202999999999999,-3.291
0.9246,-5.5971,7.9312,0.361,5.295999999999999,-3.291
0.9477,-5.5971,7.9312,0.451,5.295999999999999,-3.291
0.9246,-5.6201,7.9312,0.361,5.389,-3.291
1.0171,-5.505,7.9312,0.361,5.482,-3.3579999999999997
0.9939,-5.4819,7.799,0.27,5.575,-3.291
0.9939,-5.4819,7.799,0.27,5.575,-3.291
0.9477,-5.528,7.9312,0.27,5.389,-3.291
0.9477,-5.528,7.9312,0.27,5.389,-3.291
0.9246,-5.5741,7.9312,0.361,5.389,-3.224
0.8784,-5.551,7.9312,0.451,5.389,-3.291
0.9015,-5.551,7.9312,0.361,5.482,-3.291
0.9246,-5.505,7.799,0.27,5.482,-3.224
0.9939,-5.4819,7.9312,0.27,5.575,-3.291
1.0171,-5.505,7.6668,0.27,5.575,-3.224
0.9708,-5.551,7.9312,0.361,5.667999999999999,-3.291
0.9708,-5.551,7.9312,0.361,5.667999999999999,-3.291
0.8552,-5.5741,8.0634,0.451,5.575,-3.291
0.8552,-5.5971,8.0634,0.361,5.482,-3.4250000000000003
0.9246,-5.5971,7.9312,0.361,5.667999999999999,-3.4250000000000003
0.9477,-5.551,7.9312,0.361,5.760999999999999,-3.4250000000000003
0.9477,-5.551,7.9312,0.361,5.760999999999999,-3.4250000000000003
0.9939,-5.528,7.9312,0.27,5.853000000000001,-3.3579999999999997
0.9477,-5.505,7.9312,0.27,5.853000000000001,-3.4250000000000003
0.9477,-5.505,7.9312,0.27,5.853000000000001,-3.4250000000000003
0.9246,-5.528,7.9312,0.361,5.575,-3.3579999999999997
0.9246,-5.5741,8.0634,0.27,5.760999999999999,-3.3579999999999997
0.9015,-5.551,8.0634,0.27,5.760999999999999,-3.3579999999999997
0.9708,-5.551,7.9312,0.361,5.667999999999999,-3.3579999999999997
1.0171,-5.528,7.9312,0.27,5.853000000000001,-3.3579999999999997
1.0633,-5.528,8.0634,0.27,5.946,-3.3579999999999997
1.0402,-5.551,7.9312,0.27,5.853000000000001,-3.3579999999999997
0.9708,-5.551,7.9312,0.27,5.853000000000001,-3.3579999999999997
0.9015,-5.551,8.0634,0.27,5.667999999999999,-3.291
0.8784,-5.5971,8.0634,0.361,5.667999999999999,-3.291
0.8552,-5.5971,8.0634,0.27,5.667999999999999,-3.291
0.8552,-5.6201,8.0634,0.18,5.575,-3.291
0.8784,-5.5971,8.0634,0.18,5.575,-3.291
0.9246,-5.5971,8.0634,0.27,5.667999999999999,-3.291
0.9015,-5.5971,8.0634,0.18,5.575,-3.224
0.9015,-5.551,8.0634,0.18,5.667999999999999,-3.291
0.9015,-5.551,8.0634,0.27,5.760999999999999,-3.224
0.9015,-5.505,8.0634,0.18,5.760999999999999,-3.291
0.8784,-5.528,7.9312,0.27,5.853000000000001,-3.224
0.9708,-5.5741,8.1956,0.18,5.853000000000001,-3.291
0.9708,-5.5741,8.1956,0.18,5.853000000000001,-3.291
0.9246,-5.528,8.0634,0.27,5.853000000000001,-3.224
0.8784,-5.505,8.0634,0.18,5.760999999999999,-3.3579999999999997
0.8784,-5.505,8.0634,0.18,5.760999999999999,-3.3579999999999997
0.9015,-5.528,8.0634,0.18,5.853000000000001,-3.291
0.9477,-5.505,8.0634,0.09,5.760999999999999,-3.291
0.9708,-5.528,8.0634,0.27,5.853000000000001,-3.3579999999999997
0.9939,-5.505,8.0634,0.27,5.760999999999999,-3.291
0.9939,-5.505,8.0634,0.27,5.760999999999999,-3.291
0.9477,-5.505,8.0634,0.27,5.760999999999999,-3.291
0.9708,-5.528,8.0634,0.09,5.760999999999999,-3.291
0.9246,-5.5971,8.1956,0.27,5.667999999999999,-3.291
0.9015,-5.6201,8.1956,0.27,5.667999999999999,-3.224
0.8552,-5.6201,8.0634,0.361,5.667999999999999,-3.4250000000000003
0.8784,-5.5971,8.0634,0.361,5.667999999999999,-3.4250000000000003
0.9477,-5.5741,8.0634,0.27,5.853000000000001,-3.291
0.9477,-5.5741,8.0634,0.18,5.946,-3.224
0.9477,-5.5971,8.0634,0.361,5.667999999999999,-3.224
0.9477,-5.5971,8.1956,0.27,5.575,-3.291
0.9246,-5.5741,8.0634,0.361,5.667999999999999,-3.224
0.9015,-5.5741,8.0634,0.27,5.667999999999999,-3.224
0.8784,-5.5741,8.0634,0.27,5.667999999999999,-3.224
0.9477,-5.5741,8.0634,0.27,5.667999999999999,-3.224
0.9939,-5.528,7.9312,0.18,5.760999999999999,-3.291
1.0171,-5.528,8.0634,0.27,5.667999999999999,-3.291
1.0171,-5.528,8.0634,0.27,5.667999999999999,-3.291
0.9015,-5.551,8.1956,0.18,5.482,-3.291
0.9015,-5.528,8.0634,0.09,5.575,-3.3579999999999997
0.9477,-5.505,8.0634,0.09,5.482,-3.291
0.9477,-5.528,7.9312,0.09,5.575,-3.224
0.9015,-5.505,8.0634,0.0,5.482,-3.1559999999999997
0.8552,-5.4589,8.0634,0.0,5.482,-3.089
0.809,-5.4359,8.0634,-0.09,5.482,-3.089
0.809,-5.4359,8.0634,-0.09,5.482,-3.089
0.8552,-5.505,8.0634,-0.09,5.482,-3.1559999999999997
0.9477,-5.551,8.0634,0.09,5.575,-3.3579999999999997
0.9939,-5.528,8.0634,0.18,5.575,-3.291
1.0171,-5.505,7.799,0.18,5.667999999999999,-3.1559999999999997
1.0402,-5.528,8.0634,0.09,5.667999999999999,-3.3579999999999997
1.0402,-5.528,8.0634,0.09,5.667999999999999,-3.3579999999999997
0.9939,-5.528,8.0634,0.27,5.482,-3.224
0.9477,-5.551,8.0634,0.09,5.389,-3.1559999999999997
0.9246,-5.551,8.0634,0.361,5.389,-3.1559999999999997
0.9246,-5.5741,8.1956,0.27,5.389,-3.1559999999999997
0.9246,-5.528,8.0634,0.361,5.389,-3.1559999999999997
0.9939,-5.505,8.0634,0.18,5.482,-3.1559999999999997
1.0402,-5.505,8.0634,0.27,5.575,-3.1559999999999997
1.0633,-5.505,8.1956,0.361,5.760999999999999,-3.291
1.0633,-5.528,8.1956,0.451,5.760999999999999,-3.291
1.0171,-5.551,8.1956,0.451,5.667999999999999,-3.1559999999999997
1.0171,-5.551,8.1956,0.451,5.667999999999999,-3.224
1.0402,-5.528,8.1956,0.451,5.667999999999999,-3.224
1.0402,-5.4819,8.1956,0.451,5.667999999999999,-3.224
1.0402,-5.4359,8.1956,0.361,5.575,-3.224
1.0633,-5.4589,8.0634,0.27,5.575,-3.1559999999999997
1.0633,-5.4589,8.0634,0.361,5.575,-3.1559999999999997
1.0402,-5.4819,8.0634,0.27,5.482,-3.224
0.9708,-5.4589,8.0634,0.361,5.389,-3.224
0.9708,-5.4589,8.0634,0.361,5.389,-3.224
0.9708,-5.4589,7.9312,0.27,5.389,-3.1559999999999997
1.0633,-5.4128,7.9312,0.27,5.389,-3.089
1.0402,-5.4359,7.799,0.18,5.389,-3.1559999999999997
1.0171,-5.3898,7.9312,0.27,5.202999999999999,-3.089
1.0171,-5.3898,7.9312,0.27,5.202999999999999,-3.089
1.0402,-5.4359,7.9312,0.27,5.202999999999999,-3.0220000000000002
1.0402,-5.4128,8.0634,0.27,5.11,-3.0220000000000002
1.0402,-5.4128,7.9312,0.18,5.202999999999999,-3.089
1.0633,-5.3898,7.9312,0.18,5.202999999999999,-3.089
1.0864,-5.3898,7.9312,0.09,5.389,-3.089
1.0864,-5.3898,7.799,0.09,5.295999999999999,-3.1559999999999997
1.0864,-5.3898,7.9312,0.18,5.389,-3.0220000000000002
1.0633,-5.3898,7.9312,0.18,5.295999999999999,-3.1559999999999997
1.0864,-5.3668,7.799,0.18,5.295999999999999,-3.0220000000000002
1.0633,-5.3898,7.799,0.27,5.017,-3.0220000000000002
1.0633,-5.3898,7.799,0.18,4.8309999999999995,-3.0220000000000002
1.0633,-5.3668,7.9312,0.27,5.017,-3.089
1.0633,-5.3668,7.799,0.27,5.017,-3.0220000000000002
0.9708,-5.3898,7.799,0.361,5.017,-3.0220000000000002
0.9708,-5.4128,7.799,0.361,5.017,-3.0220000000000002
0.9708,-5.3437,7.799,0.361,5.11,-3.0220000000000002
1.0633,-5.3668,7.799,0.18,5.295999999999999,-3.089
1.1326,-5.3668,7.799,0.18,5.389,-3.0220000000000002
1.1095,-5.2977,7.799,0.27,5.202999999999999,-3.0220000000000002
1.0402,-5.3207,7.9312,0.27,5.11,-3.089
0.8321,-5.4359,8.0634,0.451,4.8309999999999995,-2.955
0.8321,-5.4128,8.0634,0.361,4.8309999999999995,-3.089
1.202,-5.2746,7.9312,0.27,5.482,-3.089
1.1326,-5.2746,7.9312,0.361,5.295999999999999,-3.0220000000000002
1.0864,-5.2746,7.799,0.361,5.11,-3.0220000000000002
1.0402,-5.3668,7.9312,0.451,5.202999999999999,-3.0220000000000002
0.9477,-5.3898,8.0634,0.361,5.017,-2.955
0.9246,-5.4128,8.0634,0.451,5.202999999999999,-2.888
0.9477,-5.4359,7.9312,0.541,5.295999999999999,-3.0220000000000002
1.0171,-5.3898,7.9312,0.451,5.389,-3.224
1.0864,-5.3207,7.6668,0.361,5.575,-3.1559999999999997
1.1558,-5.2977,7.799,0.27,5.575,-3.224
1.202,-5.2977,7.9312,0.27,5.575,-3.089
1.1326,-5.3437,7.9312,0.27,5.482,-3.089
0.8552,-5.4589,8.1956,0.541,5.11,-3.089
0.809,-5.4819,8.3278,0.451,5.202999999999999,-3.1559999999999997
0.8552,-5.4819,8.1956,0.451,5.295999999999999,-3.1559999999999997
0.9477,-5.4359,8.0634,0.541,5.482,-3.291
1.0402,-5.3898,7.9312,0.451,5.482,-3.291
1.1095,-5.3898,7.799,0.361,5.667999999999999,-3.224
1.1558,-5.3437,7.799,0.27,5.575,-3.1559999999999997
1.0864,-5.3668,8.0634,0.361,5.760999999999999,-3.089
1.0402,-5.3668,8.0634,0.451,5.760999999999999,-3.089
0.9939,-5.3898,7.9312,0.361,5.667999999999999,-3.089
0.8784,-5.4589,8.1956,0.361,5.575,-3.1559999999999997
0.8784,-5.4589,8.1956,0.361,5.482,-3.224
0.9477,-5.4589,8.0634,0.27,5.389,-3.1559999999999997
0.9708,-5.3898,8.0634,0.18,5.482,-3.1559999999999997
1.1326,-5.3207,7.9312,0.18,5.760999999999999,-3.1559999999999997
1.1326,-5.3207,7.799,0.27,5.853000000000001,-3.1559999999999997
1.1095,-5.3437,7.9312,0.27,5.760999999999999,-3.1559999999999997
1.0633,-5.3898,7.9312,0.361,5.667999999999999,-3.1559999999999997
0.9246,-5.4359,8.0634,0.451,5.575,-3.089
0.8784,-5.4128,8.1956,0.361,5.389,-3.089
0.8784,-5.4359,8.0634,0.361,5.575,-3.1559999999999997
0.9246,-5.3668,8.0634,0.361,5.575,-3.1559999999999997
0.9015,-5.3207,7.799,0.361,5.482,-3.089
0.9477,-5.2977,7.799,0.18,5.575,-3.089
0.9477,-5.2977,7.799,0.27,5.389,-3.089
0.9015,-5.2977,7.799,0.27,5.295999999999999,-3.0220000000000002
0.8552,-5.3898,7.9312,0.451,5.202999999999999,-3.0220000000000002
0.9015,-5.3898,7.9312,0.451,5.202999999999999,-3.0220000000000002
0.9246,-5.3668,7.9312,0.27,5.482,-3.089
0.9015,-5.3437,7.9312,0.27,5.389,-3.1559999999999997
0.9246,-5.3207,8.0634,0.27,5.482,-3.089
0.9246,-5.3437,7.9312,0.27,5.482,-3.1559999999999997
0.9708,-5.3207,7.9312,0.27,5.667999999999999,-3.224
0.9477,-5.3207,7.9312,0.18,5.575,-3.089
0.9246,-5.3898,7.9312,0.09,5.575,-3.1559999999999997
0.8552,-5.4359,8.1956,0.18,5.295999999999999,-3.1559999999999997
0.809,-5.4359,8.1956,0.27,5.11,-3.1559999999999997
0.8784,-5.3668,8.0634,0.27,5.389,-3.089
0.9708,-5.3207,8.0634,0.09,5.667999999999999,-3.1559999999999997
0.9708,-5.2746,7.799,0.18,5.667999999999999,-3.1559999999999997
1.0402,-5.2516,7.9312,0.09,5.575,-3.224
1.0171,-5.2516,7.799,0.09,5.575,-3.1559999999999997
0.9939,-5.2516,7.799,0.09,5.389,-3.1559999999999997
1.0171,-5.2746,7.9312,0.09,5.482,-3.1559999999999997
1.0171,-5.2516,7.9312,0.09,5.389,-3.089
0.8784,-5.2977,7.9312,0.09,5.389,-3.089
0.8321,-5.3207,8.0634,0.18,5.202999999999999,-3.089
0.809,-5.3207,8.0634,0.18,5.202999999999999,-3.089
0.8552,-5.3437,8.1956,0.27,5.295999999999999,-3.1559999999999997
0.9246,-5.3437,7.9312,0.18,5.575,-3.224
0.9708,-5.2977,7.9312,0.18,5.575,-3.1559999999999997
0.9708,-5.2516,7.9312,0.18,5.575,-3.089
0.9708,-5.2516,7.9312,0.18,5.575,-3.089
0.9015,-5.2977,8.1956,0.09,5.482,-3.089
0.809,-5.2977,8.1956,0.09,5.482,-3.0220000000000002
0.8321,-5.2977,8.0634,0.18,5.389,-3.0220000000000002
0.9246,-5.2746,8.0634,0.09,5.760999999999999,-3.1559999999999997
1.0171,-5.2977,8.0634,0.0,5.760999999999999,-3.1559999999999997
1.0402,-5.2516,8.0634,0.18,5.853000000000001,-3.089
1.0171,-5.2977,8.3278,0.18,5.760999999999999,-3.291
0.9477,-5.3437,8.1956,0.18,5.760999999999999,-3.224
0.9015,-5.3898,8.46,0.361,5.575,-3.1559999999999997
0.8784,-5.3668,8.3278,0.361,5.667999999999999,-3.224
0.9246,-5.3668,8.3278,0.361,5.575,-3.224
0.9477,-5.3668,8.3278,0.361,5.667999999999999,-3.1559999999999997
0.9708,-5.3437,8.1956,0.27,5.853000000000001,-3.089
0.8784,-5.3207,8.1956,0.27,5.760999999999999,-3.1559999999999997
0.9015,-5.3668,8.3278,0.361,5.575,-3.1559999999999997
0.9939,-5.3668,8.0634,0.361,5.667999999999999,-3.1559999999999997
0.9708,-5.2977,8.1956,0.361,5.760999999999999,-3.1559999999999997
0.9477,-5.3207,8.1956,0.27,5.853000000000001,-3.089
0.9477,-5.3207,8.3278,0.361,5.760999999999999,-3.224
0.9708,-5.3207,8.3278,0.361,5.760999999999999,-3.224
0.9708,-5.2977,8.3278,0.27,5.760999999999999,-3.224
1.0171,-5.2516,8.3278,0.27,5.760999999999999,-3.291
0.9939,-5.2516,8.1956,0.27,5.667999999999999,-3.224
0.9477,-5.2977,8.1956,0.361,5.295999999999999,-3.224
0.9477,-5.2977,8.1956,0.361,5.295999999999999,-3.224
0.9939,-5.2286,8.1956,0.361,5.202999999999999,-3.1559999999999997
0.9708,-5.1825,8.1956,0.361,5.202999999999999,-2.955
0.9708,-5.1825,8.0634,0.27,5.295999999999999,-3.089
0.9708,-5.1825,8.0634,0.27,5.202999999999999,-3.0220000000000002
1.0402,-5.2055,8.1956,0.451,5.11,-3.089
1.0402,-5.2055,8.1956,0.451,5.11,-3.089
1.0171,-5.1825,8.1956,0.451,5.11,-3.089
1.0402,-5.1825,8.1956,0.451,5.202999999999999,-2.888
1.0171,-5.1364,8.0634,0.361,5.11,-2.955
0.9939,-5.1364,8.0634,0.18,4.924,-3.089
0.9939,-5.1595,7.9312,0.451,4.924,-3.0220000000000002
0.9246,-5.2055,7.9312,0.361,4.6450000000000005,-3.0220000000000002
0.9015,-5.1595,7.799,0.361,4.46,-2.888
0.9477,-5.1134,8.0634,0.27,4.553,-2.955
1.0171,-5.0673,8.0634,0.09,4.553,-2.821
0.9939,-5.0443,8.0634,0.18,4.553,-2.753
0.9708,-4.9982,8.0634,0.09,4.553,-2.821
0.9477,-4.9982,8.0634,0.0,4.46,-2.753
0.9708,-4.9982,7.9312,0.09,4.46,-2.821
1.0402,-4.9982,7.9312,-0.09,4.6450000000000005,-2.955
0.9939,-4.9522,7.9312,-0.09,4.553,-2.686
1.0402,-4.8831,7.9312,-0.09,4.6450000000000005,-2.686
1.0171,-4.837,7.9312,-0.18,4.46,-2.619
0.9477,-4.9061,7.9312,-0.09,4.181,-2.619
0.9477,-4.9061,7.9312,-0.09,4.181,-2.619
0.9477,-4.8831,7.9312,-0.18,4.274,-2.753
0.9477,-4.9061,7.9312,-0.18,4.46,-2.686
1.0633,-4.814,7.6668,-0.09,4.6450000000000005,-2.686
1.1095,-4.7909,7.6668,-0.09,4.6450000000000005,-2.686
1.0864,-4.7679,7.6668,-0.09,4.553,-2.753
1.0402,-4.814,7.6668,-0.09,4.367,-2.619
1.0402,-4.7679,7.799,-0.18,4.367,-2.686
0.9939,-4.814,7.799,-0.18,4.367,-2.686
0.9015,-4.7909,7.799,-0.18,4.367,-2.821
0.9246,-4.814,7.6668,-0.09,4.367,-2.686
0.9477,-4.7449,7.5346,-0.18,4.46,-2.686
1.1558,-4.5606,7.5346,-0.541,4.8309999999999995,-2.753
1.1558,-4.5145,7.5346,-0.6320000000000001,4.7379999999999995,-2.753
1.1558,-4.5145,7.5346,-0.6320000000000001,4.7379999999999995,-2.753
0.9015,-4.6758,7.6668,-0.361,4.46,-2.5519999999999996
0.8552,-4.6988,7.6668,-0.361,4.46,-2.686
0.8552,-4.6988,7.6668,-0.361,4.46,-2.686
0.9708,-4.7218,7.6668,-0.18,4.7379999999999995,-2.686
1.0171,-4.6297,7.5346,-0.27,4.8309999999999995,-2.753
1.0864,-4.6067,7.5346,-0.361,4.924,-2.686
1.1095,-4.6527,7.6668,-0.451,5.017,-2.686
1.1095,-4.5606,7.5346,-0.451,5.017,-2.686
1.1095,-4.5836,7.6668,-0.361,5.202999999999999,-2.686
1.0402,-4.6758,7.799,-0.27,5.202999999999999,-2.821
0.9477,-4.7449,7.9312,-0.27,5.11,-2.821
0.9246,-4.7449,7.799,-0.09,5.11,-2.753
1.1326,-4.6067,7.5346,-0.18,5.389,-2.888
1.1326,-4.6067,7.5346,-0.18,5.389,-2.888
1.1095,-4.6297,7.5346,-0.09,5.482,-2.821
0.9015,-4.6758,7.6668,0.0,5.482,-2.821
0.9246,-4.4685,7.6668,-0.451,5.575,-2.753
0.9939,-4.5376,7.6668,-0.451,5.575,-2.821
1.202,-4.7449,7.6668,-0.27,5.760999999999999,-3.0220000000000002
1.1095,-4.814,7.6668,0.0,5.575,-2.955
1.1095,-4.814,7.6668,0.0,5.575,-2.955
1.0864,-4.7218,7.5346,0.0,5.853000000000001,-3.089
1.0864,-4.7218,7.5346,0.0,5.853000000000001,-3.089
0.8784,-4.9061,7.799,0.18,5.760999999999999,-3.089
0.9015,-4.837,7.799,0.18,5.760999999999999,-3.0220000000000002
1.1095,-4.8831,7.6668,0.541,6.132,-3.1559999999999997
1.1095,-4.8831,7.6668,0.541,6.132,-3.1559999999999997
1.0402,-4.9291,7.9312,0.361,5.946,-3.1559999999999997
0.9477,-4.9522,7.9312,0.27,6.132,-3.224
0.9246,-4.9061,7.799,0.27,6.039,-3.224
0.9015,-4.86,7.799,0.27,6.039,-3.1559999999999997
1.0864,-4.86,7.6668,0.18,6.132,-3.224
1.1326,-4.9291,7.799,0.0,6.132,-3.224
1.0864,-4.9291,7.799,0.09,6.039,-3.1559999999999997
1.0402,-4.9291,7.799,0.27,6.039,-3.089
0.8784,-4.9752,8.0634,0.361,6.039,-3.3579999999999997
0.9477,-4.9061,7.9312,0.27,6.132,-3.224
0.9246,-4.9291,8.0634,0.27,6.132,-3.089
0.809,-4.9522,8.3278,0.361,6.132,-3.224
0.8552,-4.9522,8.1956,0.27,6.2250000000000005,-3.3579999999999997
0.9477,-4.9522,8.1956,0.27,6.132,-3.291
0.9015,-4.9982,8.0634,0.361,6.039,-3.291
0.9015,-5.0213,8.1956,0.27,6.132,-3.3579999999999997
0.9015,-5.0904,8.3278,0.27,6.3180000000000005,-3.4250000000000003
0.8784,-5.0443,8.1956,0.361,6.2250000000000005,-3.291
0.8552,-4.9291,8.0634,0.27,6.132,-3.291
0.7628,-4.9752,8.3278,0.27,6.039,-3.224
0.6472,-4.9522,8.3278,0.27,5.946,-3.291
0.9015,-4.814,7.9312,0.0,6.132,-3.224
0.9015,-4.9291,8.0634,0.09,6.2250000000000005,-3.3579999999999997
0.7859,-4.9522,8.3278,0.361,6.132,-3.291
0.8552,-4.9291,8.3278,0.27,6.2250000000000005,-3.4250000000000003
0.9708,-4.9291,8.1956,0.09,6.411,-3.4250000000000003
0.8784,-5.0213,8.3278,0.27,6.411,-3.4250000000000003
0.8784,-5.0213,8.3278,0.27,6.411,-3.4250000000000003
0.9708,-5.0673,8.1956,0.27,6.504,-3.492
0.7859,-4.9752,8.3278,0.27,6.2250000000000005,-3.291
0.8552,-4.9291,8.3278,0.18,6.3180000000000005,-3.492
0.8552,-4.9291,8.3278,0.18,6.3180000000000005,-3.492
0.9015,-4.9291,8.1956,0.18,6.132,-3.224
0.8321,-4.9522,8.1956,0.27,6.2250000000000005,-3.1559999999999997
0.7859,-4.9522,8.1956,0.18,6.132,-3.224
0.8552,-4.9752,8.0634,0.27,6.132,-3.224
0.9015,-4.837,8.0634,0.09,6.2250000000000005,-3.224
0.9477,-4.814,8.0634,-0.18,6.2250000000000005,-3.291
0.7628,-4.86,8.1956,-0.361,6.2250000000000005,-3.291
0.809,-4.6988,8.1956,-0.451,6.2250000000000005,-3.224
0.9246,-4.7218,8.0634,-0.451,6.3180000000000005,-3.3579999999999997
0.9246,-4.7218,8.0634,-0.451,6.3180000000000005,-3.3579999999999997
0.9015,-4.9291,8.1956,0.0,6.2250000000000005,-3.224
0.9246,-4.9982,8.46,0.09,6.2250000000000005,-3.291
0.8552,-5.0443,8.3278,0.09,6.132,-3.224
0.9246,-4.9982,8.3278,0.0,6.2250000000000005,-3.4250000000000003
0.9477,-4.9982,8.3278,0.09,6.2250000000000005,-3.4250000000000003
0.9477,-4.9982,8.3278,0.09,6.2250000000000005,-3.4250000000000003
0.6934,-4.9752,8.3278,-0.09,5.853000000000001,-3.492
0.809,-4.9982,8.3278,0.0,6.039,-3.492
0.809,-4.9982,8.3278,0.0,6.039,-3.492
0.8552,-4.9982,8.1956,0.27,5.853000000000001,-3.224
0.7397,-4.9061,8.1956,0.09,5.760999999999999,-3.1559999999999997
0.6934,-4.9522,8.0634,-0.09,5.667999999999999,-3.224
0.8321,-4.8831,8.1956,0.0,6.039,-3.224
0.8321,-4.8831,8.1956,0.0,6.039,-3.224
0.8784,-5.0904,8.1956,0.27,5.946,-3.291
0.5547,-4.7909,8.1956,-0.27,5.482,-3.0220000000000002
0.6703,-5.0213,8.3278,0.27,5.389,-3.3579999999999997
0.7628,-5.1134,8.1956,0.451,5.667999999999999,-3.224
0.6934,-4.837,8.0634,0.09,5.667999999999999,-3.0220000000000002
0.7165,-4.837,8.0634,0.09,5.667999999999999,-3.1559999999999997
0.7397,-4.9291,8.0634,0.0,5.295999999999999,-3.1559999999999997
0.7397,-4.9982,8.0634,0.18,5.482,-3.3579999999999997
0.7165,-4.8831,7.9312,0.0,5.295999999999999,-3.224
0.6472,-4.7449,8.0634,-0.18,5.575,-3.089
0.7165,-4.7449,7.9312,-0.18,5.482,-3.224
0.7628,-4.5145,7.799,-0.6320000000000001,5.667999999999999,-3.1559999999999997
0.7397,-4.9061,8.0634,0.09,5.482,-2.955
0.6241,-4.814,8.0634,0.09,5.389,-2.888
0.6934,-4.5606,8.0634,-0.451,5.760999999999999,-2.619
0.6934,-4.4685,8.0634,-0.6320000000000001,5.482,-2.821
0.7165,-4.4454,7.9312,-0.6320000000000001,5.482,-2.686
0.6703,-4.3072,7.9312,-0.722,5.482,-2.4179999999999997
0.6703,-4.3994,8.0634,-0.722,5.667999999999999,-2.5519999999999996
0.6703,-4.3533,8.0634,-0.8119999999999999,5.667999999999999,-2.485
0.809,-4.4915,8.1956,-0.6320000000000001,5.667999999999999,-2.686
0.7397,-4.3072,8.0634,-0.8119999999999999,5.667999999999999,-2.485
0.4854,-3.8465,8.0634,-1.444,5.389,-2.2159999999999997
0.6241,-3.8696,8.0634,-1.535,5.389,-2.3499999999999996
0.6472,-3.8005,8.1956,-1.3539999999999999,5.295999999999999,-2.2159999999999997
0.5779,-3.7314,8.1956,-1.535,5.389,-2.015
0.5779,-3.6853,8.1956,-1.715,5.389,-2.015
0.601,-3.6853,8.1956,-1.806,5.575,-2.2159999999999997
0.5779,-3.501,8.1956,-2.076,5.667999999999999,-2.149
0.5085,-3.3398,8.0634,-2.076,5.667999999999999,-1.947
0.4392,-3.2937,8.1956,-2.347,5.482,-1.947
0.3929,-3.3168,8.1956,-2.347,5.482,-1.88
0.3467,-2.7179,8.1956,-3.07,5.295999999999999,-1.544
0.3467,-2.7179,8.1956,-3.07,5.295999999999999,-1.544
0.2542,-2.2572,8.1956,-3.702,5.202999999999999,-1.2089999999999999
0.416,-2.6718,8.3278,-3.25,5.575,-1.746
0.5085,-2.764,8.1956,-3.07,5.389,-2.2159999999999997
0.3698,-2.3954,8.3278,-3.431,5.482,-1.947
0.3467,-2.096,8.1956,-3.973,5.482,-1.88
0.3929,-2.0269,8.3278,-4.334,5.667999999999999,-2.015
0.5547,-2.0039,8.3278,-4.063,5.760999999999999,-2.283
0.5316,-2.0499,8.3278,-3.973,5.760999999999999,-2.3499999999999996
0.4623,-1.9808,8.3278,-4.244,5.667999999999999,-2.3499999999999996
0.3005,-1.6353,8.46,-4.605,5.575,-2.082
0.3929,-1.7275,8.3278,-4.424,5.575,-2.283
0.4623,-1.405,8.46,-4.694999999999999,5.482,-1.88
0.4392,-1.3589,8.5922,-4.694999999999999,5.575,-1.88
0.6241,-1.5662,8.46,-4.515000000000001,5.760999999999999,-2.3499999999999996
0.5547,-1.1747,8.46,-4.8759999999999994,5.575,-2.015
0.5085,-1.0365,8.5922,-5.147,5.575,-1.947
0.4623,-0.9443,8.5922,-5.056000000000001,5.575,-1.6789999999999998
0.4623,-0.8292,8.7243,-5.237,5.575,-1.544
0.6472,-0.714,8.46,-5.417999999999999,5.667999999999999,-1.88
0.5316,-0.6449,8.5922,-5.327,5.482,-1.6789999999999998
0.6241,-0.5067,8.1956,-5.507999999999999,5.482,-1.813
0.601,-0.5067,8.5922,-5.417999999999999,5.575,-1.813
0.4854,-0.4606,8.3278,-5.327,5.575,-1.4769999999999999
0.5085,-0.1842,8.46,-5.779,5.202999999999999,-1.6789999999999998
0.5779,-0.1382,8.46,-5.779,5.389,-1.746
0.5547,-0.1842,8.3278,-5.598,5.202999999999999,-1.4769999999999999
0.5085,-0.023,8.3278,-5.869,5.017,-1.41
0.4623,0.0921,8.3278,-5.869,4.924,-1.343
0.3929,0.2073,8.3278,-5.959,5.017,-1.2089999999999999
0.4392,0.3224,8.3278,-5.869,5.017,-0.94
0.3929,0.3915,8.3278,-5.869,4.924,-0.94
0.3467,0.4837,8.3278,-6.05,5.017,-1.007
0.3236,0.7601,8.3278,-6.05,4.8309999999999995,-0.806
0.3236,0.7601,8.3278,-6.05,4.8309999999999995,-0.806
0.2773,0.8292,8.3278,-6.14,4.8309999999999995,-0.671
0.2542,0.9213,8.1956,-6.23,4.8309999999999995,-0.5369999999999999
0.2773,0.8522,8.1956,-6.14,4.924,-0.604
0.2311,0.9443,8.1956,-6.14,4.6450000000000005,-0.806
0.2311,1.0365,8.1956,-6.321,4.8309999999999995,-0.738
0.2311,1.0365,8.1956,-6.321,4.8309999999999995,-0.738
0.208,1.428,8.1956,-6.501,4.367,-0.335
0.2311,1.4971,8.1956,-6.411,4.46,-0.5369999999999999
0.208,1.4971,8.1956,-6.411,4.367,-0.47
0.1849,1.8426,7.799,-6.501,4.181,-0.0
0.1849,1.8426,7.799,-6.501,4.181,-0.0
0.1849,1.8426,7.799,-6.321,4.088,0.201
0.0693,2.0039,7.799,-6.5920000000000005,3.902,0.134
0.0462,2.0499,7.9312,-6.5920000000000005,3.809,0.134
0.1155,2.0269,8.0634,-6.501,3.902,-0.0
0.0924,2.1651,7.799,-6.682,4.088,0.134
0.1386,2.2342,7.799,-6.772,3.995,0.335
0.0462,2.2572,7.9312,-6.682,3.995,0.47
-0.0231,2.3494,7.799,-6.772,3.902,0.5369999999999999
-0.0231,2.6258,7.799,-6.682,3.7159999999999997,0.738
-0.1849,2.787,7.9312,-6.862,3.345,0.94
-0.1849,2.787,7.9312,-6.862,3.345,0.94
-0.2542,2.8331,7.9312,-6.682,3.252,1.0739999999999998
-0.208,2.9022,7.9312,-6.682,3.1590000000000003,1.2089999999999999
-0.2773,2.9713,7.5346,-6.411,3.066,1.88
-0.3467,3.0173,7.5346,-6.501,2.973,1.88
-0.3467,3.1555,7.5346,-6.682,2.88,2.015
-0.3236,3.3859,7.1381,-6.682,2.88,2.4179999999999997
-0.3005,3.4089,7.1381,-6.5920000000000005,2.787,2.4179999999999997
-0.3236,3.5241,7.0059,-6.411,2.601,3.0220000000000002
-0.3467,3.6162,6.8737,-6.321,2.508,3.1559999999999997
-0.0,2.9022,6.6093,-5.147,2.787,2.888
-0.0231,2.8561,6.7415,-5.056000000000001,2.694,2.821
-0.2773,2.9252,6.8737,-4.694999999999999,2.137,3.089
-0.1849,2.9252,6.7415,-4.694999999999999,2.322,2.888
-0.0693,2.8791,6.6093,-4.785,2.508,2.821
-0.0462,2.7179,6.4771,-4.424,2.508,2.686
-0.1386,2.787,6.7415,-4.515000000000001,2.322,2.753
-0.208,2.8561,6.7415,-4.605,2.415,2.753
-0.0693,2.9022,6.6093,-4.605,2.508,2.888
-0.0924,2.9022,6.4771,-4.605,2.601,2.888
-0.1386,2.8791,6.345,-4.605,2.415,3.0220000000000002
-0.3005,2.6949,6.4771,-3.973,2.044,2.888
-0.3005,2.6949,6.345,-4.063,2.23,2.888
-0.208,2.6718,6.2128,-3.973,2.23,2.888
0.0231,2.5797,6.0806,-4.063,2.508,2.955
-0.0462,2.6027,6.2128,-3.973,2.508,2.888
-0.1386,2.6027,6.345,-3.973,2.415,2.686
-0.1849,2.6718,6.2128,-3.973,2.601,2.821
-0.208,2.6949,6.2128,-4.063,2.601,2.821
-0.0,2.787,6.2128,-4.244,2.88,3.089
-0.0462,2.764,6.345,-4.063,2.973,3.1559999999999997
-0.0462,2.764,6.345,-4.063,2.973,3.1559999999999997
-0.2542,2.8791,6.345,-3.973,2.787,3.291
-0.208,2.8561,6.4771,-3.973,2.88,3.291
-0.208,2.8331,6.345,-3.973,2.973,3.3579999999999997
-0.1386,2.8791,6.4771,-3.973,3.066,3.3579999999999997
-0.1155,2.8791,6.345,-4.063,3.252,3.4250000000000003
-0.0693,2.8791,6.345,-4.063,3.4379999999999997,3.3579999999999997
-0.0693,2.8331,6.4771,-3.8819999999999997,3.623,3.3579999999999997
-0.1155,2.8561,6.4771,-3.973,3.623,3.3579999999999997
-0.1386,2.8791,6.6093,-3.973,3.809,3.3579999999999997
-0.1386,2.8791,6.6093,-3.973,3.809,3.3579999999999997
-0.0231,3.0404,6.4771,-4.063,4.088,3.559
-0.0,3.0173,6.4771,-4.1530000000000005,4.181,3.694
-0.0462,3.0173,6.6093,-4.1530000000000005,4.274,3.761
-0.1155,3.0864,6.4771,-4.1530000000000005,4.274,3.761
-0.1155,3.0864,6.4771,-4.1530000000000005,4.274,3.761
-0.0231,3.1095,6.6093,-4.1530000000000005,4.553,3.761
0.0231,3.0634,6.8737,-4.063,4.6450000000000005,3.828
-0.0231,3.0864,6.8737,-4.063,4.6450000000000005,3.761
-0.0231,3.1325,6.8737,-4.063,4.8309999999999995,3.761
-0.0,3.2937,7.1381,-4.244,5.295999999999999,4.03
-0.0231,3.2937,7.2703,-4.1530000000000005,5.389,4.03
-0.0231,3.2937,7.2703,-4.1530000000000005,5.389,4.03
-0.0462,3.3859,7.2703,-4.063,5.667999999999999,4.03
-0.0231,3.478,7.4025,-4.063,5.667999999999999,4.097
-0.1155,3.5701,7.4025,-4.334,5.760999999999999,4.164
-0.1618,3.6623,7.4025,-4.1530000000000005,5.482,4.366
-0.1155,3.6392,7.5346,-4.244,5.667999999999999,4.366
-0.1155,3.6623,7.4025,-4.334,5.853000000000001,4.298
-0.1155,3.6623,7.5346,-4.244,5.853000000000001,4.298
-0.0,3.7544,7.5346,-4.334,6.132,4.5
-0.0,3.7544,7.5346,-4.334,6.132,4.5
-0.0693,3.9156,7.6668,-4.334,6.039,4.567
-0.1155,3.9617,7.799,-4.424,6.039,4.567
-0.0924,3.9847,7.9312,-4.424,6.039,4.7010000000000005
-0.1386,3.9387,7.9312,-4.424,6.132,4.769
-0.1386,3.9387,7.9312,-4.244,6.132,4.769
-0.1386,3.9387,7.9312,-4.1530000000000005,6.2250000000000005,4.835999999999999
-0.1618,3.9387,7.9312,-3.973,6.2250000000000005,4.769
-0.0693,3.9847,8.1956,-3.8819999999999997,6.411,4.835999999999999
0.0231,4.0078,8.1956,-3.8819999999999997,6.5969999999999995,4.835999999999999
0.0924,4.0769,8.1956,-3.973,6.69,4.9030000000000005
0.0693,4.0999,8.3278,-3.973,6.783,4.9030000000000005
-0.1155,4.169,8.46,-3.973,6.5969999999999995,4.9030000000000005
-0.2311,4.192,8.5922,-3.973,6.69,4.9030000000000005
-0.2311,4.2151,8.3278,-3.8819999999999997,6.69,4.97
-0.1849,4.2381,8.46,-3.8819999999999997,6.783,5.103999999999999
-0.2311,4.2612,8.46,-3.702,6.783,5.239000000000001
-0.3236,4.2842,8.5922,-3.612,6.8759999999999994,5.103999999999999
-0.3467,4.3763,8.7243,-3.612,6.69,5.037000000000001
-0.3236,4.4454,8.5922,-3.702,6.69,5.103999999999999
-0.208,4.5145,8.5922,-3.702,6.968,5.172
-0.1155,4.4685,8.5922,-3.612,6.968,5.239000000000001
-0.1386,4.4454,8.5922,-3.612,7.061,5.172
-0.1618,4.4915,8.7243,-3.5210000000000004,7.061,5.172
-0.1618,4.4915,8.7243,-3.5210000000000004,7.154,5.239000000000001
-0.1618,4.5145,8.8565,-3.431,7.061,5.305999999999999
-0.1618,4.5606,8.8565,-3.431,7.247,5.239000000000001
-0.1618,4.6067,8.9887,-3.5210000000000004,7.247,5.103999999999999
-0.2311,4.6988,9.1209,-3.612,7.247,4.9030000000000005
-0.2311,4.6988,9.1209,-3.612,7.247,4.9030000000000005
-0.2311,4.7218,9.1209,-3.612,7.34,5.103999999999999
-0.1618,4.814,9.1209,-3.5210000000000004,7.433,5.305999999999999
-0.0693,4.86,9.2531,-3.341,7.619,5.44
-0.0693,4.86,9.2531,-3.341,7.619,5.44
-0.0462,4.814,9.2531,-3.25,7.526000000000001,5.44
-0.1155,4.814,9.1209,-3.16,7.433,5.305999999999999
-0.1849,4.7909,8.9887,-3.16,7.247,5.305999999999999
-0.1849,4.7449,9.1209,-3.07,7.154,5.305999999999999
-0.2311,4.7909,9.1209,-3.07,7.061,5.239000000000001
-0.2773,4.86,9.2531,-2.979,7.061,5.305999999999999
-0.2542,4.86,9.1209,-2.889,6.968,5.373
-0.2311,4.837,8.9887,-2.889,6.968,5.373
-0.1618,4.814,9.1209,-2.799,6.968,5.373
-0.1155,4.814,8.9887,-2.7089999999999996,6.968,5.373
-0.1155,4.7909,8.9887,-2.7089999999999996,6.968,5.373
-0.0924,4.7909,9.1209,-2.5280000000000005,6.783,5.373
-0.1155,4.7679,9.1209,-2.618,6.69,5.305999999999999
-0.208,4.7909,9.2531,-2.5280000000000005,6.504,5.305999999999999
-0.2542,4.7909,9.1209,-2.618,6.411,5.172
-0.1849,4.6988,8.8565,-2.4379999999999997,6.2250000000000005,5.172
-0.1849,4.6988,8.8565,-2.4379999999999997,6.2250000000000005,5.172
-0.1386,4.7679,8.8565,-2.347,6.132,5.172
-0.1155,4.7449,8.8565,-2.4379999999999997,6.039,5.037000000000001
-0.0462,4.7449,8.9887,-2.347,6.039,5.103999999999999
-0.0231,4.7449,8.9887,-2.347,6.3180000000000005,4.97
-0.0462,4.6067,8.5922,-2.167,5.946,4.835999999999999
0.0231,4.5606,8.7243,-2.167,5.946,4.769
0.0462,4.5606,8.8565,-2.167,5.853000000000001,4.835999999999999
-0.0,4.5836,8.8565,-2.076,5.667999999999999,4.97
0.0231,4.6067,8.7243,-2.076,5.482,4.835999999999999
0.0231,4.5606,8.7243,-1.986,5.482,4.835999999999999
0.1849,4.4224,8.5922,-1.625,5.11,4.7010000000000005
0.208,4.3763,8.5922,-1.625,5.11,4.7010000000000005
0.1849,4.3533,8.5922,-1.715,5.017,4.7010000000000005
0.1155,4.3763,8.46,-1.625,4.924,4.6339999999999995
0.0693,4.3533,8.3278,-1.625,4.8309999999999995,4.567
0.0462,4.3994,8.3278,-1.625,4.6450000000000005,4.5
0.1386,4.3533,8.1956,-1.806,4.553,4.567
0.1386,4.3533,8.1956,-1.806,4.553,4.5
0.1386,4.3763,8.1956,-1.715,4.46,4.433
0.0924,4.3533,8.0634,-1.806,4.367,4.433
0.1155,4.3303,8.0634,-1.806,4.367,4.433
0.1849,4.2842,8.1956,-1.806,4.367,4.366
0.2311,4.192,8.0634,-1.806,4.367,4.366
0.2311,4.192,8.0634,-1.806,4.274,4.298
0.2311,4.169,8.0634,-1.625,4.274,4.164
0.1849,4.0999,7.9312,-1.715,4.181,4.231
0.2542,4.0538,7.799,-1.625,4.088,4.231
0.3467,4.0078,7.6668,-1.444,4.088,4.164
0.3236,3.9156,7.6668,-1.444,3.809,4.097
0.3236,3.9156,7.6668,-1.444,3.809,4.097
0.3005,3.9156,7.6668,-1.3539999999999999,3.809,4.03
0.2773,3.9387,7.6668,-1.444,3.7159999999999997,3.963
0.2311,3.9156,7.5346,-1.535,3.53,4.03
0.3005,3.8005,7.4025,-1.3539999999999999,3.623,3.895
0.3467,3.7774,7.4025,-1.3539999999999999,3.623,3.895
0.3236,3.8005,7.4025,-1.3539999999999999,3.53,3.828
0.2311,3.7544,7.2703,-1.3539999999999999,3.252,3.761
0.208,3.7314,7.4025,-1.3539999999999999,3.252,3.761
0.208,3.7314,7.4025,-1.444,3.1590000000000003,3.828
0.3005,3.5932,7.1381,-1.3539999999999999,3.066,3.694
0.3698,3.5701,7.0059,-1.3539999999999999,3.345,3.694
0.416,3.5701,7.0059,-1.3539999999999999,3.345,3.6270000000000002
0.4392,3.5241,7.0059,-1.3539999999999999,3.252,3.6270000000000002
0.3929,3.501,7.0059,-1.3539999999999999,3.252,3.694
0.3236,3.5471,6.8737,-1.3539999999999999,3.1590000000000003,3.6270000000000002
0.3005,3.5471,6.8737,-1.3539999999999999,3.066,3.559
0.3467,3.5241,6.7415,-1.3539999999999999,3.1590000000000003,3.559
0.3929,3.455,6.7415,-1.444,3.1590000000000003,3.559
0.4392,3.4319,6.7415,-1.2640000000000002,3.252,3.6270000000000002
0.4854,3.4319,6.7415,-1.2640000000000002,3.252,3.6270000000000002
0.416,3.4089,6.6093,-1.3539999999999999,3.1590000000000003,3.559
0.416,3.3628,6.6093,-1.3539999999999999,3.066,3.559
0.4392,3.3859,6.7415,-1.444,3.1590000000000003,3.694
0.3929,3.4089,6.7415,-1.2640000000000002,3.1590000000000003,3.6270000000000002
0.3236,3.4319,6.6093,-1.3539999999999999,3.066,3.694
0.3236,3.3859,6.6093,-1.3539999999999999,3.066,3.559
0.3236,3.3859,6.6093,-1.3539999999999999,3.066,3.559
0.4854,3.2937,6.6093,-1.3539999999999999,3.345,3.492
0.4623,3.3168,6.6093,-1.2640000000000002,3.53,3.559
0.3698,3.3398,6.6093,-1.3539999999999999,3.252,3.6270000000000002
0.3698,3.3398,6.6093,-1.3539999999999999,3.252,3.6270000000000002
0.3236,3.3398,6.6093,-1.2640000000000002,3.252,3.761
0.3236,3.3628,6.7415,-1.3539999999999999,3.345,3.6270000000000002
0.3005,3.3859,6.6093,-1.2640000000000002,3.53,3.828
0.3005,3.3859,6.6093,-1.2640000000000002,3.53,3.828
0.3467,3.455,6.6093,-1.3539999999999999,3.623,3.694
0.3467,3.4319,6.6093,-1.2640000000000002,3.7159999999999997,3.761
0.3236,3.478,6.6093,-1.3539999999999999,3.809,3.761
0.3467,3.455,6.7415,-1.444,3.809,3.895
0.3005,3.478,6.8737,-1.444,3.809,3.963
0.2542,3.5471,7.0059,-1.2640000000000002,3.809,4.03
0.2311,3.6162,7.1381,-1.3539999999999999,4.088,4.097
0.2311,3.7314,7.1381,-1.3539999999999999,4.181,4.097
0.2311,3.7314,7.1381,-1.3539999999999999,4.367,4.097
0.2542,3.7083,7.2703,-1.444,4.46,4.097
0.2311,3.7774,7.1381,-1.3539999999999999,4.553,4.097
0.2311,3.8005,7.1381,-1.3539999999999999,4.553,4.097
0.2311,3.8005,7.2703,-1.3539999999999999,4.7379999999999995,4.231
0.208,3.8465,7.4025,-1.3539999999999999,4.8309999999999995,4.298
0.2311,3.8696,7.4025,-1.3539999999999999,5.017,4.366
0.2542,3.9156,7.5346,-1.3539999999999999,5.202999999999999,4.433
0.2542,3.9847,7.6668,-1.3539999999999999,5.295999999999999,4.433
0.1849,4.0769,7.799,-1.444,5.389,4.5
0.1155,4.146,7.9312,-1.444,5.482,4.6339999999999995
0.0924,4.2612,8.1956,-1.444,5.946,4.769
0.1618,4.3072,8.3278,-1.535,6.039,4.97
0.1618,4.3763,8.1956,-1.715,6.3180000000000005,4.9030000000000005
0.1849,4.4454,8.3278,-1.625,6.5969999999999995,4.9030000000000005
0.1849,4.4685,8.3278,-1.715,6.504,4.97
0.1618,4.4915,8.3278,-1.625,6.69,4.97
0.1849,4.5145,8.46,-1.715,6.783,5.103999999999999
0.1618,4.6067,8.7243,-1.715,6.8759999999999994,5.239000000000001
0.1155,4.6758,8.7243,-1.715,6.8759999999999994,5.305999999999999
0.0462,4.7679,8.8565,-1.715,7.061,5.373
0.0462,4.86,8.8565,-1.896,7.061,5.305999999999999
0.0462,4.86,8.8565,-1.896,7.061,5.305999999999999
0.1618,4.8831,8.9887,-1.896,7.154,5.373
0.1849,4.8831,8.9887,-1.896,7.526000000000001,5.44
0.208,4.9061,8.9887,-1.896,7.526000000000001,5.507
0.1849,4.9522,8.9887,-1.806,7.526000000000001,5.642
0.1155,5.0213,9.1209,-1.806,7.526000000000001,5.575
0.0693,5.0443,9.1209,-1.896,7.433,5.642
-0.1386,5.2286,9.2531,-1.715,7.154,5.575
-0.1386,5.1825,9.3853,-1.715,7.154,5.709
-0.1386,5.1825,9.3853,-1.625,7.154,5.776
-0.1849,5.2286,9.5175,-1.535,7.061,5.642
-0.208,5.2516,9.5175,-1.625,7.061,5.575
-0.208,5.2516,9.3853,-1.535,7.061,5.575
-0.2773,5.2055,9.3853,-1.715,6.968,5.373
-0.2542,5.1825,9.1209,-1.806,6.69,5.373
-0.1386,5.1364,9.1209,-1.806,6.8759999999999994,5.507
-0.1155,5.1825,9.1209,-1.715,6.69,5.507
-0.1386,5.2516,9.2531,-1.535,6.5969999999999995,5.44
-0.208,5.2516,9.3853,-1.3539999999999999,6.504,5.44
-0.3236,5.2746,9.2531,-1.444,6.3180000000000005,5.305999999999999
-0.1155,5.1364,9.1209,-1.625,6.504,5.44
-0.0924,5.1134,8.9887,-1.715,6.504,5.44
-0.0,5.2286,9.1209,-1.535,6.504,5.575
-0.0924,5.2286,9.1209,-1.535,6.411,5.575
-0.1618,5.2286,8.9887,-1.535,6.3180000000000005,5.44
-0.1618,5.2055,8.9887,-1.444,6.2250000000000005,5.507
-0.0462,5.1364,8.9887,-1.535,6.132,5.44
-0.0693,5.1595,8.8565,-1.535,5.946,5.373
-0.1155,5.0673,8.5922,-1.444,5.760999999999999,5.373
0.0462,4.8831,8.7243,-1.535,5.667999999999999,5.305999999999999
0.0924,4.9291,8.46,-1.444,5.575,5.239000000000001
0.1386,4.837,8.46,-1.535,5.667999999999999,5.239000000000001
0.1386,4.86,8.5922,-1.444,5.575,5.172
-0.0231,4.9522,8.5922,-1.444,5.202999999999999,4.97
0.0231,4.86,8.5922,-1.444,5.202999999999999,4.9030000000000005
0.1386,4.814,8.46,-1.444,5.295999999999999,4.97
0.208,4.7679,8.46,-1.535,5.295999999999999,4.9030000000000005
0.208,4.7679,8.46,-1.535,5.295999999999999,4.9030000000000005
0.1849,4.7909,8.3278,-1.535,5.11,4.835999999999999
0.1618,4.7679,8.3278,-1.444,4.924,4.835999999999999
0.208,4.7218,8.3278,-1.2640000000000002,4.924,4.769
0.208,4.6527,8.1956,-1.3539999999999999,4.8309999999999995,4.835999999999999
0.208,4.6988,8.3278,-1.2640000000000002,4.7379999999999995,4.769
0.0924,4.6527,8.0634,-1.2640000000000002,4.553,4.769
0.1618,4.5145,7.799,-1.2640000000000002,4.274,4.7010000000000005
0.3005,4.4224,7.6668,-1.173,4.46,4.567
0.4623,4.3763,7.9312,-1.444,4.553,4.567
0.4392,4.3994,7.799,-1.173,4.274,4.567
0.3929,4.4454,7.6668,-1.173,4.181,4.5
0.2773,4.4454,7.6668,-1.083,4.181,4.5
0.0924,4.4454,7.6668,-1.173,3.809,4.366
0.1386,4.3072,7.5346,-1.173,3.809,4.366
0.2773,4.2612,7.5346,-1.3539999999999999,3.995,4.231
0.3236,4.2612,7.5346,-1.3539999999999999,3.902,4.298
0.3698,4.146,7.2703,-1.2640000000000002,3.623,4.231
0.4623,4.0538,7.2703,-1.2640000000000002,3.809,4.164
0.5085,4.0769,7.2703,-1.2640000000000002,3.623,4.164
0.416,4.146,7.2703,-1.173,3.7159999999999997,4.097
0.3005,4.1229,7.2703,-1.173,3.345,4.231
0.3005,4.0538,7.1381,-1.173,3.4379999999999997,4.097
0.3698,3.9847,7.0059,-1.173,3.345,4.097
0.4623,3.9156,7.0059,-1.2640000000000002,3.53,4.03
0.6703,3.8235,7.0059,-1.3539999999999999,3.7159999999999997,3.895
0.6241,3.8926,6.8737,-1.173,3.7159999999999997,3.895
0.5316,3.9617,6.8737,-1.2640000000000002,3.53,3.828
0.4392,3.9387,6.7415,-1.2640000000000002,3.345,3.761
0.4623,3.8696,6.7415,-1.3539999999999999,3.252,3.828
0.4623,3.8005,6.7415,-1.173,3.1590000000000003,3.828
0.4392,3.8235,6.7415,-1.3539999999999999,3.345,3.828
0.4392,3.8465,6.7415,-1.3539999999999999,3.345,3.828
0.5316,3.8005,6.7415,-1.2640000000000002,3.4379999999999997,3.828
0.5316,3.7774,6.6093,-1.173,3.4379999999999997,3.895
0.5085,3.7314,6.7415,-1.2640000000000002,3.345,3.895
0.4623,3.8235,6.8737,-1.3539999999999999,3.345,3.895
0.3698,3.8465,6.6093,-1.2640000000000002,3.345,4.03
0.3929,3.8465,6.7415,-1.2640000000000002,3.4379999999999997,4.03
0.4854,3.8235,6.8737,-1.2640000000000002,3.623,4.097
0.4854,3.8235,6.8737,-1.2640000000000002,3.623,4.097
0.6241,3.7314,6.6093,-1.2640000000000002,3.902,3.895
0.6241,3.7314,6.6093,-1.2640000000000002,3.902,3.895
0.6241,3.7314,6.6093,-1.173,3.809,3.895
0.5779,3.7544,6.7415,-1.173,3.7159999999999997,3.963
0.4623,3.8005,6.7415,-1.2640000000000002,3.7159999999999997,4.03
0.4392,3.8465,6.7415,-1.173,3.902,4.03
0.416,3.8465,6.7415,-1.173,3.902,4.164
0.4623,3.8926,6.7415,-1.083,3.902,4.231
0.4623,3.9617,6.7415,-1.2640000000000002,4.181,4.231
0.601,3.9617,6.8737,-1.2640000000000002,4.46,4.298
0.5779,3.9847,7.0059,-1.173,4.6450000000000005,4.298
0.4623,4.0538,7.2703,-1.2640000000000002,4.7379999999999995,4.366
0.4623,4.0538,7.2703,-1.2640000000000002,4.7379999999999995,4.366
0.416,4.146,7.4025,-1.2640000000000002,4.7379999999999995,4.433
0.3698,4.2381,7.4025,-1.3539999999999999,4.8309999999999995,4.6339999999999995
0.3929,4.2612,7.5346,-1.3539999999999999,5.017,4.567
0.4392,4.2612,7.5346,-1.3539999999999999,5.11,4.6339999999999995
0.5085,4.2612,7.5346,-1.2640000000000002,5.295999999999999,4.7010000000000005
0.4854,4.2612,7.5346,-1.3539999999999999,5.389,4.7010000000000005
0.4854,4.2842,7.5346,-1.3539999999999999,5.482,4.7010000000000005
0.4392,4.3994,7.799,-1.444,5.667999999999999,4.769
0.3929,4.4454,7.5346,-1.444,5.667999999999999,4.9030000000000005
0.3467,4.4915,7.799,-1.3539999999999999,5.667999999999999,4.9030000000000005
0.3236,4.4915,7.799,-1.3539999999999999,5.853000000000001,4.9030000000000005
0.3236,4.5376,7.799,-1.3539999999999999,5.946,5.037000000000001
0.3236,4.6527,7.9312,-1.444,6.2250000000000005,5.103999999999999
0.3236,4.6988,7.9312,-1.444,6.3180000000000005,5.172
0.3236,4.7449,8.1956,-1.3539999999999999,6.504,5.305999999999999
0.3005,4.7679,8.1956,-1.3539999999999999,6.5969999999999995,5.373
0.3005,4.837,8.3278,-1.444,6.5969999999999995,5.373
0.1849,4.9752,8.1956,-1.444,6.783,5.239000000000001
0.208,4.9752,8.3278,-1.444,6.8759999999999994,5.305999999999999
0.2542,4.9291,8.46,-1.535,7.061,5.373
0.3236,4.9752,8.5922,-1.535,7.247,5.575
0.3005,5.0213,8.5922,-1.444,7.247,5.507
0.2773,5.0673,8.5922,-1.444,7.247,5.575
0.2311,5.1134,8.7243,-1.535,7.247,5.709
0.1618,5.1364,8.7243,-1.444,7.247,5.843
0.0693,5.1825,8.7243,-1.444,7.247,5.776
-0.0231,5.2746,8.7243,-1.535,7.154,5.709
-0.0693,5.2746,8.9887,-1.535,7.154,5.843
-0.0693,5.2746,8.9887,-1.535,7.154,5.843
-0.0693,5.3668,8.9887,-1.535,7.247,5.91
-0.0462,5.3898,9.1209,-1.535,7.247,5.843
-0.0,5.3898,9.1209,-1.535,7.34,5.843
0.0231,5.3668,9.1209,-1.535,7.34,5.776
-0.0,5.3668,9.1209,-1.444,7.247,5.91
-0.0693,5.4128,9.2531,-1.444,7.154,5.91
-0.1386,5.4819,9.2531,-1.535,7.061,5.91
-0.1618,5.505,9.1209,-1.444,7.061,5.843
-0.1386,5.4589,9.1209,-1.444,7.154,5.843
-0.1155,5.4128,8.9887,-1.444,6.968,5.843
-0.0924,5.3898,9.1209,-1.3539999999999999,6.968,5.843
-0.0924,5.3898,9.1209,-1.3539999999999999,6.968,5.843
-0.0462,5.4128,8.9887,-1.444,6.8759999999999994,5.709
-0.0,5.4589,8.9887,-1.444,6.968,5.776
-0.0,5.4359,8.9887,-1.444,6.8759999999999994,5.776
-0.0,5.3898,8.9887,-1.3539999999999999,6.8759999999999994,5.776
-0.0,5.3898,8.9887,-1.3539999999999999,6.783,5.709
0.0693,5.3207,8.8565,-1.2640000000000002,6.69,5.709
0.0462,5.2977,8.8565,-1.3539999999999999,6.5969999999999995,5.709
-0.0,5.3437,8.8565,-1.3539999999999999,6.3180000000000005,5.776
0.1386,5.2516,8.8565,-1.2640000000000002,6.3180000000000005,5.709
0.1618,5.2746,8.7243,-1.173,6.2250000000000005,5.507
0.1618,5.2746,8.7243,-1.173,6.2250000000000005,5.507
0.2311,5.1364,8.5922,-1.173,6.132,5.507
0.3005,5.1595,8.5922,-1.2640000000000002,6.2250000000000005,5.642
0.3236,5.1364,8.5922,-1.2640000000000002,6.132,5.642
0.2311,5.2286,8.5922,-1.3539999999999999,6.039,5.44
0.1618,5.2286,8.5922,-1.2640000000000002,5.853000000000001,5.44
0.208,5.1595,8.46,-1.173,5.760999999999999,5.373
0.2311,5.1134,8.46,-1.3539999999999999,5.853000000000001,5.373
0.2773,5.0443,8.3278,-1.173,5.575,5.44
0.3236,5.0673,8.3278,-1.173,5.575,5.373
0.3467,5.0904,8.3278,-1.2640000000000002,5.575,5.239000000000001
0.2773,5.0443,8.3278,-1.083,5.389,5.305999999999999
0.2773,4.9982,8.1956,-1.2640000000000002,5.295999999999999,5.239000000000001
0.2773,4.9291,8.1956,-1.173,5.202999999999999,5.172
0.3236,4.9522,8.1956,-1.3539999999999999,5.11,5.103999999999999
0.3236,4.9522,8.1956,-1.3539999999999999,5.11,5.103999999999999
0.2773,4.9061,8.0634,-1.2640000000000002,4.8309999999999995,4.97
0.3005,4.86,8.0634,-1.3539999999999999,5.017,4.97
0.3698,4.86,8.0634,-1.173,5.017,4.97
0.3929,4.837,7.9312,-1.2640000000000002,5.017,4.97
0.4392,4.7909,7.9312,-1.2640000000000002,4.7379999999999995,4.9030000000000005
0.4623,4.837,7.9312,-1.3539999999999999,4.8309999999999995,4.835999999999999
0.4623,4.6297,7.799,-1.2640000000000002,4.46,4.769
0.4623,4.6297,7.799,-1.2640000000000002,4.46,4.769
0.5547,4.7909,7.9312,-1.2640000000000002,4.6450000000000005,4.835999999999999
0.5547,4.7909,7.9312,-1.2640000000000002,4.6450000000000005,4.835999999999999
0.416,4.6527,7.5346,-1.173,4.46,4.769
0.416,4.6527,7.5346,-1.173,4.46,4.769
0.6703,4.5145,7.4025,-1.173,4.553,4.6339999999999995
0.601,4.5836,7.5346,-1.3539999999999999,4.367,4.7010000000000005
0.3698,4.5836,7.6668,-1.2640000000000002,3.902,4.567
0.3929,4.5145,7.5346,-1.2640000000000002,3.902,4.6339999999999995
0.4854,4.4915,7.4025,-1.3539999999999999,4.088,4.567
0.6241,4.5145,7.4025,-1.3539999999999999,4.274,4.6339999999999995
0.6241,4.5376,7.2703,-1.3539999999999999,4.274,4.6339999999999995
0.601,4.4915,7.2703,-1.3539999999999999,4.181,4.6339999999999995
0.601,4.4685,7.2703,-1.3539999999999999,4.181,4.5
0.6241,4.3533,7.4025,-1.3539999999999999,4.181,4.433
0.6703,4.3303,7.4025,-1.3539999999999999,4.274,4.433
