0,1,2,3,4,5
0.6703,-0.023,1.9828,-1.715,0.092,0.47
0.6703,-0.046,2.115,-1.715,0.0,0.403
0.6703,-0.0691,2.115,-1.715,0.0,0.403
0.6703,-0.0691,2.115,-1.715,0.0,0.403
0.6703,-0.023,1.9828,-1.715,-0.092,0.335
0.6934,-0.023,1.9828,-1.715,0.0,0.403
0.6934,-0.0691,2.115,-1.715,0.0,0.47
0.6934,-0.0691,1.9828,-1.715,0.0,0.47
0.6934,-0.0921,2.115,-1.715,0.0,0.403
0.6934,-0.0691,2.115,-1.715,0.0,0.403
0.6934,-0.046,2.115,-1.715,0.0,0.403
0.6934,-0.046,1.9828,-1.715,0.0,0.335
0.6934,-0.023,1.9828,-1.715,0.092,0.403
0.6934,-0.046,1.9828,-1.715,0.0,0.335
0.6934,-0.0691,1.9828,-1.715,0.0,0.403
0.6934,-0.0691,2.115,-1.715,0.0,0.403
0.6934,-0.0691,1.9828,-1.715,0.0,0.403
0.6934,-0.0691,1.9828,-1.715,0.0,0.403
0.6934,-0.0691,1.9828,-1.625,0.0,0.403
0.6934,-0.046,1.9828,-1.625,0.0,0.403
0.6934,-0.023,1.9828,-1.715,0.0,0.403
0.6703,-0.046,1.9828,-1.625,0.0,0.335
0.6703,-0.023,1.9828,-1.715,0.0,0.403
0.6703,-0.023,1.9828,-1.715,0.092,0.335
0.6934,-0.046,1.9828,-1.715,0.0,0.403
0.6934,-0.0921,1.9828,-1.715,-0.092,0.47
0.6703,-0.046,1.9828,-1.715,-0.092,0.403
0.6934,-0.046,1.9828,-1.625,0.0,0.403
0.6934,-0.046,2.115,-1.715,0.0,0.335
0.7165,-0.046,1.9828,-1.715,-0.092,0.403
0.6934,-0.046,1.9828,-1.715,0.0,0.403
0.6703,-0.046,1.9828,-1.715,0.0,0.403
0.6703,-0.046,1.9828,-1.715,0.0,0.403
0.7165,-0.046,2.115,-1.806,-0.185,0.335
0.7165,-0.023,1.9828,-1.715,0.0,0.403
0.6934,-0.046,1.9828,-1.715,0.0,0.335
0.6703,-0.046,1.9828,-1.715,0.0,0.403
0.6934,-0.046,1.8506,-1.625,-0.092,0.268
0.6934,-0.0691,1.8506,-1.625,-0.092,0.335
0.6703,-0.046,1.9828,-1.625,0.0,0.335
0.6934,-0.023,1.9828,-1.625,0.0,0.403
0.6703,-0.046,1.9828,-1.625,0.0,0.335
0.6703,-0.023,1.8506,-1.715,0.0,0.335
0.6934,-0.046,1.8506,-1.715,0.0,0.403
0.6703,-0.046,1.8506,-1.715,0.0,0.403
0.7165,-0.023,1.8506,-1.715,-0.092,0.268
0.6934,-0.046,1.9828,-1.715,0.0,0.335
0.6934,-0.046,1.9828,-1.625,0.0,0.403
0.6934,-0.023,1.9828,-1.625,0.0,0.403
0.6703,-0.023,1.8506,-1.715,-0.092,0.403
0.6934,-0.023,1.9828,-1.625,0.0,0.335
0.6934,-0.0691,1.9828,-1.715,0.0,0.403
0.6934,-0.046,1.9828,-1.715,0.092,0.335
0.6934,-0.023,1.9828,-1.715,-0.092,0.335
0.6703,-0.046,1.9828,-1.715,0.0,0.403
0.6934,-0.046,1.8506,-1.715,0.0,0.403
0.6703,-0.023,1.9828,-1.806,0.0,0.403
0.6934,-0.023,1.9828,-1.625,0.0,0.335
0.6934,-0.023,1.9828,-1.715,0.0,0.268
0.6934,-0.046,1.9828,-1.625,0.0,0.335
0.6703,-0.046,1.9828,-1.625,0.0,0.403
0.6934,-0.023,1.9828,-1.625,0.0,0.403
0.6934,-0.023,1.9828,-1.625,0.0,0.335
0.6934,-0.023,1.8506,-1.625,-0.092,0.268
0.6934,-0.023,1.8506,-1.625,-0.092,0.268
0.6934,-0.023,1.9828,-1.715,0.0,0.335
0.6703,-0.046,2.115,-1.806,0.0,0.403
0.6703,-0.023,1.9828,-1.715,0.092,0.403
0.6934,-0.0691,2.115,-1.806,0.0,0.335
0.6934,-0.023,1.9828,-1.715,0.0,0.268
0.6703,-0.046,1.9828,-1.715,0.0,0.335
0.6703,-0.023,1.9828,-1.715,0.092,0.403
0.6703,-0.023,1.9828,-1.715,0.092,0.403
0.6703,-0.023,1.9828,-1.715,0.092,0.403
0.6703,-0.023,1.9828,-1.715,0.0,0.335
0.6703,-0.023,1.9828,-1.625,0.0,0.403
0.6934,-0.046,1.9828,-1.625,0.0,0.268
0.6934,-0.046,1.8506,-1.715,0.0,0.335
0.6934,-0.046,1.9828,-1.715,0.092,0.335
0.6934,-0.0691,1.9828,-1.625,-0.092,0.335
0.6934,-0.0691,1.9828,-1.625,-0.092,0.335
0.6703,-0.023,1.9828,-1.625,0.0,0.403
0.6703,-0.023,2.115,-1.715,0.0,0.403
0.6934,-0.046,1.9828,-1.715,0.0,0.335
0.6934,-0.046,1.9828,-1.715,0.092,0.403
0.6934,-0.023,1.9828,-1.715,0.0,0.335
0.6934,-0.046,1.9828,-1.715,-0.092,0.335
0.6703,-0.046,1.9828,-1.625,0.0,0.403
0.6934,-0.023,1.9828,-1.715,0.0,0.335
0.6703,-0.023,1.9828,-1.625,0.0,0.403
0.6934,-0.023,1.9828,-1.715,0.092,0.335
0.6934,-0.023,1.9828,-1.625,-0.092,0.403
0.7165,-0.046,1.9828,-1.625,0.0,0.47
0.6934,-0.023,1.9828,-1.715,0.0,0.403
0.6934,-0.0,1.8506,-1.535,0.092,0.335
0.6934,-0.046,1.9828,-1.715,0.0,0.335
0.6703,-0.046,1.9828,-1.715,-0.092,0.335
0.6934,-0.046,1.9828,-1.625,0.0,0.403
0.6703,-0.046,1.9828,-1.625,0.0,0.403
0.6934,-0.046,1.9828,-1.625,0.0,0.403
0.6934,-0.023,1.9828,-1.625,0.0,0.403
0.6934,-0.023,1.8506,-1.715,0.0,0.335
0.7165,-0.046,1.8506,-1.535,-0.092,0.335
0.6934,-0.046,1.8506,-1.625,-0.092,0.335
0.6934,-0.046,1.9828,-1.625,0.0,0.47
0.6703,-0.023,1.9828,-1.625,0.0,0.335
0.6934,-0.023,1.9828,-1.625,0.0,0.335
0.6703,-0.046,1.8506,-1.715,0.0,0.403
0.6934,-0.046,1.9828,-1.625,0.0,0.403
0.6934,-0.023,1.9828,-1.625,0.0,0.268
0.6934,-0.046,1.8506,-1.625,-0.092,0.403
0.6934,-0.046,1.8506,-1.625,-0.092,0.403
0.6934,-0.023,1.8506,-1.715,0.0,0.268
0.6934,-0.046,1.8506,-1.715,0.0,0.335
0.6934,-0.046,1.8506,-1.715,0.0,0.403
0.6934,-0.046,1.9828,-1.625,0.0,0.335
0.6703,-0.046,1.8506,-1.715,0.0,0.403
0.6934,-0.046,1.8506,-1.715,0.0,0.335
0.6934,-0.046,1.9828,-1.625,0.092,0.403
0.6703,-0.0691,2.115,-1.715,0.0,0.403
0.6934,-0.046,1.9828,-1.625,0.0,0.403
0.6934,-0.046,1.9828,-1.625,0.0,0.47
0.6934,-0.046,1.9828,-1.625,0.0,0.403
0.6934,-0.0691,1.9828,-1.806,0.0,0.47
0.6703,-0.0691,1.9828,-1.715,0.0,0.403
0.6934,-0.0691,1.9828,-1.715,0.0,0.403
0.6934,-0.023,1.9828,-1.715,0.092,0.403
0.6703,-0.046,1.9828,-1.715,0.0,0.403
0.7165,-0.046,1.9828,-1.715,0.0,0.403
0.7165,-0.046,1.9828,-1.715,0.0,0.403
0.6934,-0.023,1.9828,-1.625,0.0,0.335
0.6703,-0.023,1.9828,-1.715,0.0,0.268
0.6703,-0.023,1.9828,-1.715,0.0,0.403
0.6934,-0.046,1.9828,-1.715,0.0,0.403
0.6934,-0.046,1.9828,-1.715,0.0,0.403
0.6703,-0.046,1.9828,-1.715,0.0,0.403
0.6934,-0.046,1.9828,-1.625,0.0,0.335
0.6934,-0.046,1.9828,-1.625,0.0,0.335
0.6934,-0.046,1.9828,-1.625,0.0,0.403
0.6934,-0.046,1.9828,-1.715,0.0,0.335
0.6934,-0.046,1.9828,-1.715,0.0,0.335
0.6934,-0.046,1.9828,-1.715,0.092,0.403
0.6703,-0.046,1.9828,-1.625,0.0,0.335
0.6703,-0.046,1.9828,-1.625,0.0,0.403
0.6703,-0.046,1.9828,-1.625,0.0,0.47
0.6703,-0.046,1.9828,-1.625,0.0,0.403
0.6934,-0.046,1.9828,-1.625,0.0,0.403
0.6934,-0.046,1.9828,-1.715,0.0,0.335
0.6934,-0.046,1.9828,-1.715,0.0,0.335
0.6934,-0.046,1.9828,-1.625,0.0,0.403
0.6934,-0.046,1.9828,-1.625,-0.185,0.335
0.7165,-0.046,1.9828,-1.625,0.0,0.335
0.6934,-0.023,1.9828,-1.715,0.0,0.403
0.6703,-0.023,1.9828,-1.715,0.092,0.403
0.6934,-0.023,1.9828,-1.715,0.0,0.335
0.6934,-0.023,1.9828,-1.715,0.0,0.335
0.6934,-0.023,1.9828,-1.715,0.0,0.403
0.6934,-0.046,1.9828,-1.625,0.0,0.268
0.6934,-0.046,1.9828,-1.625,0.0,0.268
0.6934,-0.046,1.9828,-1.625,0.0,0.335
0.6934,-0.023,1.8506,-1.715,-0.092,0.403
0.6934,-0.046,1.9828,-1.625,0.0,0.47
0.6703,-0.0,1.8506,-1.715,-0.092,0.403
0.6703,-0.023,1.9828,-1.625,0.0,0.403
0.6934,-0.046,1.8506,-1.715,0.0,0.335
0.7165,-0.0691,1.8506,-1.535,0.0,0.403
0.6934,-0.023,1.9828,-1.625,0.0,0.335
0.6934,-0.023,1.9828,-1.715,0.0,0.335
0.6703,-0.046,1.8506,-1.715,0.0,0.403
0.6703,-0.046,1.9828,-1.715,0.0,0.335
0.6934,-0.0691,1.9828,-1.715,0.0,0.335
0.6934,-0.023,1.9828,-1.715,0.0,0.335
0.6703,-0.0691,1.9828,-1.715,0.092,0.403
0.6934,-0.046,1.9828,-1.715,0.0,0.335
0.6934,-0.046,1.9828,-1.715,0.092,0.335
0.6703,-0.0691,2.115,-1.715,0.0,0.335
0.6703,-0.0691,2.115,-1.715,0.0,0.335
0.6703,-0.023,1.9828,-1.625,-0.092,0.47
0.6934,-0.046,1.9828,-1.715,0.092,0.403
0.6703,-0.046,1.9828,-1.625,0.092,0.47
0.7165,-0.0691,1.8506,-1.625,-0.092,0.403
0.7165,-0.0691,1.8506,-1.625,-0.092,0.403
0.6934,-0.046,1.9828,-1.625,0.0,0.47
0.6934,-0.023,1.9828,-1.625,-0.092,0.47
0.6934,-0.0691,1.9828,-1.625,-0.092,0.335
0.6934,-0.023,1.9828,-1.715,0.0,0.335
0.6703,-0.046,1.9828,-1.625,0.0,0.403
0.6703,-0.046,1.9828,-1.625,0.0,0.403
0.6934,-0.023,1.8506,-1.715,-0.092,0.403
0.6703,-0.023,1.9828,-1.625,0.0,0.335
0.6934,-0.023,1.9828,-1.625,0.0,0.335
0.6703,-0.023,1.9828,-1.625,0.0,0.403
0.6703,-0.046,1.9828,-1.715,0.0,0.403
0.6703,-0.023,1.9828,-1.715,0.0,0.403
0.6703,-0.023,1.9828,-1.715,0.092,0.403
0.6934,-0.023,1.9828,-1.715,0.0,0.268
0.6934,-0.0691,1.9828,-1.625,0.0,0.335
0.6934,-0.0691,1.9828,-1.625,-0.092,0.403
0.6703,-0.0691,1.9828,-1.625,-0.092,0.403
0.6703,-0.0,1.9828,-1.715,0.092,0.403
0.6703,-0.023,1.9828,-1.715,0.0,0.335
0.6934,-0.023,1.9828,-1.715,0.092,0.335
0.6703,-0.023,1.9828,-1.715,-0.092,0.335
0.6934,-0.023,1.9828,-1.625,0.092,0.403
0.6703,-0.046,1.9828,-1.715,0.0,0.403
0.6703,-0.046,1.9828,-1.715,-0.092,0.47
0.6703,-0.023,1.9828,-1.715,-0.185,0.335
0.6703,-0.046,1.9828,-1.625,-0.27799999999999997,0.403
0.6703,-0.0691,2.115,-1.625,-0.185,0.47
0.6934,-0.0921,2.115,-1.806,-0.185,0.403
0.6472,-0.0691,1.9828,-1.715,-0.27799999999999997,0.47
0.6472,-0.0691,1.9828,-1.715,-0.27799999999999997,0.47
0.6472,-0.0691,1.9828,-1.535,-0.46399999999999997,0.335
0.6472,-0.1151,2.115,-1.535,-0.5569999999999999,0.47
0.6703,-0.1612,2.115,-1.535,-0.5569999999999999,0.268
0.6934,-0.1612,2.115,-1.535,-0.5569999999999999,0.403
0.6703,-0.1612,2.115,-1.444,-0.65,0.268
0.6241,-0.1612,2.2471,-1.444,-0.9289999999999999,0.403
0.6241,-0.1612,2.2471,-1.3539999999999999,-0.836,0.403
0.6472,-0.2073,2.3793,-1.2640000000000002,-0.9289999999999999,0.335
0.6241,-0.2533,2.3793,-1.2640000000000002,-0.836,0.47
0.6241,-0.2303,2.3793,-1.173,-0.836,0.403
0.6703,-0.2533,2.5115,-1.083,-1.115,0.403
0.6472,-0.2764,2.6437,-0.993,-0.836,0.335
0.6703,-0.2764,2.5115,-0.993,-1.022,0.47
0.6241,-0.2994,2.6437,-0.993,-1.115,0.47
0.601,-0.2994,2.7759,-0.903,-1.115,0.403
0.601,-0.3224,2.6437,-0.903,-1.115,0.403
0.601,-0.3455,2.7759,-0.8119999999999999,-1.207,0.403
0.6703,-0.4376,2.9081,-0.6320000000000001,-1.022,0.47
0.6934,-0.4376,2.9081,-0.541,-0.9289999999999999,0.403
0.6934,-0.4376,2.9081,-0.541,-0.9289999999999999,0.403
0.6934,-0.5067,3.1725,-0.451,-1.022,0.403
0.6472,-0.5297,3.1725,-0.361,-1.022,0.47
0.6472,-0.5528,3.1725,-0.27,-1.115,0.47
0.6703,-0.5758,3.3046,-0.18,-1.115,0.403
0.6934,-0.5758,3.3046,0.0,-1.115,0.335
0.6703,-0.6679,3.569,0.09,-1.3,0.403
0.7397,-0.7601,3.8334,0.361,-1.022,0.47
0.7628,-0.7831,3.9656,0.27,-0.9289999999999999,0.403
0.7628,-0.8292,3.9656,0.361,-1.022,0.47
0.7165,-0.8522,3.9656,0.451,-1.115,0.403
0.7165,-0.8983,3.9656,0.541,-1.022,0.403
0.7165,-0.9213,3.9656,0.6320000000000001,-1.115,0.47
0.7165,-0.9443,3.9656,0.722,-1.115,0.47
0.6934,-0.9904,3.9656,0.8119999999999999,-1.115,0.403
0.7165,-1.0365,3.9656,0.8119999999999999,-1.115,0.403
0.7397,-1.0134,4.23,0.903,-1.022,0.403
0.7397,-1.0134,3.9656,0.8119999999999999,-1.022,0.403
0.7165,-1.0365,3.9656,0.8119999999999999,-1.022,0.403
0.7165,-1.0134,3.9656,0.8119999999999999,-1.022,0.403
0.7628,-1.0825,4.0978,0.993,-1.022,0.47
0.7397,-1.1516,4.3621,1.3539999999999999,-1.115,0.47
0.7165,-1.2207,4.3621,1.444,-1.207,0.47
0.6934,-1.2438,4.3621,1.444,-1.207,0.403
0.7165,-1.2207,4.3621,1.444,-1.207,0.47
0.809,-1.2668,4.3621,1.444,-0.9289999999999999,0.47
0.8552,-1.3129,4.4943,1.444,-0.836,0.47
0.7859,-1.3589,4.6265,1.806,-0.836,0.268
0.7859,-1.3589,4.6265,1.806,-0.836,0.268
0.7859,-1.405,4.7587,2.076,-1.115,0.403
0.8321,-1.4511,4.8909,2.076,-1.022,0.335
0.809,-1.5432,4.8909,1.986,-1.115,0.403
0.7859,-1.5662,5.1553,2.257,-1.115,0.403
0.7859,-1.6584,5.2875,2.4379999999999997,-1.207,0.335
0.7859,-1.7505,5.4196,2.4379999999999997,-1.115,0.403
0.809,-1.7735,5.5518,2.5280000000000005,-1.022,0.268
0.9246,-1.7966,5.684,2.618,-0.65,0.335
0.9246,-1.7966,5.684,2.618,-0.65,0.268
0.809,-1.8887,5.684,2.979,-0.836,0.335
0.7628,-1.9117,5.684,2.979,-1.022,0.335
0.8321,-1.9578,5.8162,3.07,-0.836,0.403
0.8321,-2.0039,5.8162,2.979,-0.9289999999999999,0.335
0.8321,-2.0039,5.9484,3.341,-0.9289999999999999,0.403
0.809,-2.0499,5.9484,3.431,-1.022,0.403
0.8784,-2.0499,5.9484,3.16,-0.836,0.335
0.8784,-2.0499,5.9484,3.431,-0.9289999999999999,0.335
0.8552,-2.096,6.0806,3.612,-0.9289999999999999,0.268
0.8321,-2.119,6.2128,3.702,-1.022,0.335
0.9015,-2.2112,6.6093,3.8819999999999997,-0.9289999999999999,0.335
0.9015,-2.1881,6.6093,3.973,-0.836,0.403
0.8784,-2.0039,6.6093,3.5210000000000004,-0.9289999999999999,0.403
0.8321,-2.0039,6.2128,3.16,-1.022,0.47
0.8784,-2.096,6.2128,3.431,-0.9289999999999999,0.47
0.8784,-2.2112,6.345,3.702,-1.022,0.335
0.7859,-2.2112,6.345,3.973,-1.207,0.403
0.7165,-2.1881,6.345,3.792,-1.3,0.403
0.7628,-2.1651,6.2128,3.612,-1.207,0.403
0.8321,-2.1881,6.2128,3.5210000000000004,-1.022,0.335
0.8552,-2.2112,6.2128,3.702,-1.022,0.403
0.8321,-2.2572,6.2128,3.792,-1.022,0.335
0.8321,-2.2572,6.2128,3.792,-1.022,0.335
0.8784,-2.1651,5.9484,3.431,-0.836,0.268
0.8321,-2.119,5.684,3.16,-0.9289999999999999,0.335
0.7859,-2.119,5.684,3.16,-1.115,0.335
0.7628,-2.1421,5.684,3.25,-1.207,0.403
0.7859,-2.1421,5.8162,3.25,-1.022,0.403
0.7397,-1.8657,5.1553,2.5280000000000005,-1.022,0.403
0.7165,-1.8196,5.0231,2.618,-1.115,0.335
0.7397,-1.7966,4.8909,2.5280000000000005,-1.115,0.403
0.7165,-1.7505,5.0231,2.257,-1.115,0.47
0.7397,-1.6814,4.8909,2.257,-1.115,0.403
0.7397,-1.6584,4.7587,1.986,-1.022,0.335
0.7628,-1.6584,4.7587,2.076,-0.9289999999999999,0.335
0.7628,-1.6584,4.7587,2.076,-0.9289999999999999,0.335
0.8321,-1.6814,4.8909,1.986,-0.836,0.335
0.7859,-1.7044,4.8909,2.257,-1.022,0.403
0.7628,-1.7505,4.8909,2.257,-1.022,0.47
0.7628,-1.7505,4.8909,2.257,-1.022,0.47
0.7859,-1.7275,4.8909,2.167,-1.022,0.403
0.7628,-1.7505,4.8909,2.167,-0.9289999999999999,0.403
0.7859,-1.7044,4.6265,2.167,-0.836,0.403
0.7859,-1.7044,4.6265,2.167,-0.836,0.403
0.7397,-1.6353,4.4943,1.986,-0.9289999999999999,0.335
0.7397,-1.6353,4.4943,1.986,-0.9289999999999999,0.335
0.7397,-1.5893,4.4943,1.806,-1.022,0.335
0.7397,-1.5662,4.4943,1.715,-0.9289999999999999,0.335
0.7397,-1.5662,4.3621,1.806,-0.836,0.335
0.7628,-1.5662,4.3621,1.625,-0.9289999999999999,0.335
0.7628,-1.5432,4.3621,1.715,-0.836,0.403
0.7859,-1.5202,4.3621,1.535,-0.836,0.403
0.7628,-1.5432,4.3621,1.715,-0.836,0.335
0.7859,-1.5432,4.3621,1.625,-0.5569999999999999,0.268
0.8321,-1.5662,4.4943,1.715,-0.65,0.335
0.809,-1.5662,4.3621,1.715,-0.7430000000000001,0.335
0.7165,-1.5662,4.3621,1.625,-1.022,0.403
0.6241,-1.4971,4.3621,1.625,-1.207,0.403
0.7397,-1.4971,4.3621,1.625,-0.9289999999999999,0.268
0.7628,-1.5202,4.4943,1.715,-0.9289999999999999,0.335
0.7859,-1.5432,4.3621,1.715,-0.836,0.335
0.8321,-1.5662,4.3621,1.625,-0.65,0.335
0.8321,-1.5432,4.3621,1.625,-0.5569999999999999,0.335
0.8784,-1.5432,4.4943,1.625,-0.5569999999999999,0.268
0.9477,-1.5432,4.4943,1.715,-0.27799999999999997,0.268
0.9246,-1.5893,4.4943,1.806,-0.46399999999999997,0.335
0.7859,-1.6123,4.3621,1.896,-0.7430000000000001,0.403
0.6934,-1.6353,4.4943,1.896,-0.9289999999999999,0.47
0.6703,-1.6353,4.4943,1.986,-0.9289999999999999,0.403
0.6703,-1.6123,4.4943,1.986,-0.9289999999999999,0.403
0.7628,-1.6353,4.4943,1.896,-0.836,0.335
0.809,-1.6584,4.4943,1.986,-0.7430000000000001,0.335
0.8784,-1.7275,4.6265,2.167,-0.7430000000000001,0.268
0.8552,-1.7275,4.7587,2.257,-0.65,0.403
0.8552,-1.7275,4.7587,2.257,-0.65,0.47
0.7859,-1.7735,4.7587,2.257,-0.836,0.403
0.7859,-1.7735,4.8909,2.257,-0.836,0.47
0.7628,-1.7505,4.7587,2.347,-0.9289999999999999,0.403
0.7628,-1.7735,4.7587,2.4379999999999997,-1.022,0.403
0.7628,-1.7966,4.7587,2.4379999999999997,-1.022,0.335
0.7859,-1.8196,4.8909,2.5280000000000005,-0.9289999999999999,0.403
0.809,-1.8887,4.8909,2.7089999999999996,-0.9289999999999999,0.403
0.8321,-1.9117,5.0231,2.799,-0.836,0.335
0.8552,-1.9348,5.1553,2.7089999999999996,-0.7430000000000001,0.335
0.8552,-1.9348,5.1553,2.7089999999999996,-0.7430000000000001,0.335
0.8321,-2.0039,5.1553,2.799,-0.836,0.403
0.8321,-2.0499,5.1553,2.799,-0.9289999999999999,0.335
0.809,-2.0269,5.4196,2.889,-0.836,0.335
0.809,-2.0499,5.2875,2.889,-0.9289999999999999,0.335
0.7859,-2.096,5.4196,3.07,-0.9289999999999999,0.403
0.8321,-2.096,5.4196,3.16,-0.9289999999999999,0.403
0.8552,-2.1421,5.5518,3.16,-0.836,0.335
0.8552,-2.2112,5.684,3.25,-0.7430000000000001,0.403
0.8784,-2.2342,5.8162,3.5210000000000004,-0.836,0.403
0.8552,-2.2572,5.9484,3.612,-1.022,0.335
0.8784,-2.2803,6.0806,3.5210000000000004,-0.9289999999999999,0.403
0.8784,-2.2803,5.9484,3.612,-1.022,0.335
0.8784,-2.3263,6.0806,3.702,-0.9289999999999999,0.335
0.8784,-2.3263,6.0806,3.8819999999999997,-0.9289999999999999,0.335
0.9015,-2.3263,6.2128,3.792,-0.9289999999999999,0.403
0.8784,-2.3494,6.0806,3.8819999999999997,-0.836,0.403
0.9015,-2.3494,6.0806,3.792,-0.9289999999999999,0.47
0.9015,-2.3263,6.0806,3.702,-0.9289999999999999,0.403
0.8784,-2.3263,5.9484,3.8819999999999997,-1.022,0.403
0.809,-2.3494,6.0806,3.792,-1.022,0.403
0.8321,-2.3724,6.0806,3.792,-1.022,0.268
0.8784,-2.3494,6.0806,3.8819999999999997,-0.9289999999999999,0.403
0.8552,-2.3494,5.9484,3.702,-1.022,0.268
0.8552,-2.3494,5.9484,3.702,-1.022,0.268
0.8552,-2.3263,5.9484,3.702,-1.022,0.335
0.8321,-2.3724,6.0806,3.792,-1.115,0.335
0.8321,-2.3724,5.9484,3.8819999999999997,-1.022,0.335
0.8552,-2.3724,5.9484,3.702,-0.9289999999999999,0.335
0.8784,-2.2803,5.5518,3.25,-0.7430000000000001,0.403
0.8784,-2.2803,5.5518,3.25,-0.7430000000000001,0.403
0.9246,-2.2342,5.4196,3.16,-0.65,0.403
0.809,-2.1651,5.2875,3.07,-0.836,0.403
0.809,-2.1651,5.2875,3.07,-0.836,0.403
0.7628,-2.1651,5.1553,3.07,-0.9289999999999999,0.47
0.7165,-2.096,5.1553,2.889,-1.022,0.403
0.7165,-2.0499,5.0231,2.799,-1.022,0.403
0.7628,-2.0039,4.8909,2.799,-1.022,0.403
0.8321,-1.9578,4.7587,2.7089999999999996,-0.836,0.47
0.7859,-1.9348,4.8909,2.618,-0.9289999999999999,0.403
0.7628,-1.8887,4.7587,2.5280000000000005,-0.9289999999999999,0.47
0.7628,-1.8657,4.6265,2.4379999999999997,-0.9289999999999999,0.335
0.809,-1.7735,4.7587,2.257,-0.836,0.335
0.809,-1.7966,4.7587,2.167,-0.7430000000000001,0.403
0.809,-1.7966,4.6265,2.257,-0.7430000000000001,0.403
0.809,-1.8196,4.6265,2.257,-0.836,0.335
0.7859,-1.7966,4.7587,2.167,-0.836,0.403
0.809,-1.8196,4.6265,2.257,-0.9289999999999999,0.403
0.7859,-1.8196,4.6265,2.257,-0.836,0.403
0.7859,-1.7966,4.6265,2.167,-0.836,0.335
0.7628,-1.7505,4.4943,2.167,-0.9289999999999999,0.403
0.7859,-1.7505,4.4943,1.986,-0.836,0.403
0.7628,-1.7044,4.3621,1.896,-0.836,0.403
0.7397,-1.6814,4.3621,1.806,-0.836,0.335
0.6934,-1.7044,4.4943,1.986,-0.836,0.47
0.6934,-1.7044,4.4943,1.986,-0.836,0.47
0.6934,-1.7044,4.4943,1.896,-0.9289999999999999,0.47
0.7397,-1.6814,4.3621,1.896,-0.836,0.47
0.7859,-1.6353,4.3621,1.715,-0.7430000000000001,0.335
0.7859,-1.6353,4.3621,1.625,-0.7430000000000001,0.403
0.7859,-1.6123,4.3621,1.715,-0.7430000000000001,0.335
0.7628,-1.6123,4.3621,1.715,-0.7430000000000001,0.403
0.6703,-1.6353,4.3621,1.715,-1.022,0.47
0.601,-1.5893,4.3621,1.625,-1.207,0.403
0.601,-1.6123,4.3621,1.715,-1.207,0.403
0.6934,-1.6584,4.3621,1.715,-1.022,0.403
0.8321,-1.6584,4.3621,1.806,-0.65,0.403
0.6703,-1.6123,4.3621,1.806,-1.022,0.47
0.6703,-1.6123,4.3621,1.806,-1.022,0.47
0.5779,-1.6123,4.3621,1.896,-1.393,0.47
0.6703,-1.6584,4.3621,1.715,-1.022,0.47
0.9708,-1.6584,4.4943,1.806,-0.27799999999999997,0.335
0.9477,-1.6814,4.4943,1.986,-0.27799999999999997,0.403
0.809,-1.6814,4.4943,2.076,-0.7430000000000001,0.335
0.7165,-1.7505,4.6265,2.076,-0.9289999999999999,0.403
0.809,-1.7735,4.6265,2.167,-0.836,0.403
0.9015,-1.7735,4.6265,2.257,-0.5569999999999999,0.335
0.7165,-1.7275,4.7587,2.257,-1.022,0.268
0.7165,-1.7735,4.6265,2.167,-1.022,0.403
0.7165,-1.7735,4.6265,2.167,-1.022,0.403
0.7859,-1.7966,4.7587,2.257,-0.836,0.403
0.8552,-1.8887,4.8909,2.618,-0.9289999999999999,0.335
0.9015,-1.8887,5.0231,2.618,-0.65,0.335
0.9246,-1.8887,5.0231,2.7089999999999996,-0.5569999999999999,0.268
0.9246,-1.9117,5.0231,2.7089999999999996,-0.5569999999999999,0.335
0.8552,-1.9348,4.8909,2.889,-0.836,0.403
0.7859,-1.9578,4.8909,2.799,-1.115,0.403
0.7397,-1.9578,4.8909,2.799,-1.115,0.403
0.809,-1.9808,5.0231,2.799,-0.9289999999999999,0.403
0.8321,-2.0039,5.0231,2.799,-0.836,0.335
0.8784,-1.9808,5.1553,2.799,-0.7430000000000001,0.403
0.9015,-2.0499,5.1553,2.799,-0.5569999999999999,0.403
0.8784,-2.1421,5.2875,2.979,-0.836,0.403
0.7859,-2.119,5.2875,3.07,-1.022,0.335
0.7628,-2.119,5.1553,2.979,-1.115,0.335
0.809,-2.096,5.2875,2.979,-1.022,0.403
0.9246,-2.1651,5.4196,2.979,-0.65,0.403
0.8784,-2.2112,5.4196,3.07,-0.836,0.403
0.9015,-2.2803,5.5518,3.341,-0.7430000000000001,0.335
0.9015,-2.3033,5.9484,3.612,-1.022,0.335
0.7859,-2.3494,5.9484,3.792,-1.207,0.335
0.7859,-2.3494,5.9484,3.792,-1.207,0.335
0.809,-2.3494,5.9484,3.792,-0.9289999999999999,0.403
0.8784,-2.2342,5.5518,3.16,-0.836,0.335
0.8784,-2.2112,5.5518,3.25,-0.65,0.403
0.8552,-2.2803,5.5518,3.25,-0.836,0.403
0.8552,-2.3724,5.9484,3.792,-0.9289999999999999,0.268
0.8552,-2.3724,5.9484,3.792,-0.9289999999999999,0.268
0.8552,-2.3724,5.9484,3.8819999999999997,-1.022,0.268
0.8784,-2.3033,5.8162,3.431,-0.836,0.335
0.8784,-2.3033,5.8162,3.431,-0.836,0.335
0.8784,-2.3033,5.5518,3.341,-0.836,0.335
0.8552,-2.3263,5.8162,3.612,-0.9289999999999999,0.403
0.809,-2.3494,5.8162,3.612,-0.836,0.268
0.8321,-2.3263,5.8162,3.612,-0.9289999999999999,0.335
0.8321,-2.3263,5.684,3.431,-0.9289999999999999,0.268
0.8552,-2.3263,5.5518,3.431,-0.9289999999999999,0.403
0.8552,-2.3263,5.5518,3.341,-0.836,0.403
0.8784,-2.2803,5.4196,3.25,-0.7430000000000001,0.403
0.8784,-2.2112,5.4196,2.979,-0.7430000000000001,0.403
0.8552,-2.1881,5.4196,2.979,-0.836,0.403
0.7165,-2.2112,5.4196,3.16,-1.207,0.335
0.7397,-2.2112,5.4196,3.25,-1.115,0.335
0.7397,-2.2112,5.4196,3.25,-1.115,0.335
0.7628,-2.2342,5.4196,3.25,-0.9289999999999999,0.335
0.8784,-2.1881,5.2875,2.889,-0.65,0.403
0.8784,-2.1421,5.2875,2.889,-0.65,0.403
0.8321,-2.096,5.1553,2.889,-0.836,0.335
0.6934,-1.9808,4.8909,2.799,-1.115,0.403
0.6703,-1.9578,5.0231,2.7089999999999996,-1.115,0.47
0.6934,-1.9578,4.8909,2.7089999999999996,-1.115,0.403
0.7628,-1.9578,4.8909,2.7089999999999996,-0.9289999999999999,0.335
0.8321,-1.9578,4.8909,2.7089999999999996,-0.7430000000000001,0.335
0.8784,-1.9578,4.8909,2.618,-0.7430000000000001,0.47
0.7859,-1.8196,4.7587,2.347,-0.836,0.403
0.7397,-1.8196,4.4943,2.257,-0.9289999999999999,0.335
0.6934,-1.7966,4.4943,2.257,-1.022,0.335
0.7628,-1.7735,4.6265,2.257,-0.9289999999999999,0.335
0.7628,-1.7275,4.6265,1.986,-0.7430000000000001,0.403
0.7859,-1.6584,4.4943,1.896,-0.65,0.403
0.7628,-1.5893,4.3621,1.715,-0.836,0.335
0.7397,-1.5662,4.3621,1.625,-0.836,0.335
0.7397,-1.4971,4.3621,1.625,-0.9289999999999999,0.268
0.7397,-1.5893,4.3621,1.806,-0.836,0.335
0.7397,-1.5893,4.3621,1.806,-0.836,0.335
0.7628,-1.6584,4.4943,1.986,-0.836,0.335
0.7397,-1.7044,4.4943,1.896,-0.836,0.403
0.7628,-1.6814,4.4943,1.986,-0.836,0.403
0.7859,-1.6814,4.3621,1.986,-0.65,0.335
0.8321,-1.6814,4.4943,1.896,-0.65,0.268
0.809,-1.6353,4.3621,1.986,-0.65,0.335
0.7628,-1.6123,4.3621,1.806,-0.9289999999999999,0.335
0.7165,-1.4741,4.23,1.535,-0.836,0.335
0.7165,-1.4741,4.0978,1.3539999999999999,-0.836,0.403
0.7165,-1.4741,4.23,1.444,-0.9289999999999999,0.335
0.7397,-1.5202,4.23,1.444,-0.836,0.335
0.7397,-1.5202,4.23,1.444,-0.836,0.335
0.809,-1.5202,4.23,1.625,-0.7430000000000001,0.403
0.8321,-1.5202,4.23,1.444,-0.5569999999999999,0.335
0.7165,-1.4971,4.0978,1.2640000000000002,-0.9289999999999999,0.403
0.6472,-1.4741,4.0978,1.3539999999999999,-1.022,0.403
0.6472,-1.4741,4.23,1.444,-1.115,0.403
0.9015,-1.4741,4.23,1.3539999999999999,-0.371,0.268
0.9246,-1.4741,4.3621,1.3539999999999999,-0.27799999999999997,0.403
0.8321,-1.4971,4.23,1.535,-0.5569999999999999,0.268
0.7165,-1.5432,4.3621,1.535,-0.9289999999999999,0.335
0.7628,-1.5662,4.3621,1.625,-0.7430000000000001,0.268
0.9708,-1.5432,4.3621,1.535,-0.185,0.268
1.0633,-1.4741,4.4943,1.444,0.092,0.335
0.7859,-1.5432,4.3621,1.535,-0.836,0.403
0.6472,-1.6123,4.3621,1.715,-1.022,0.403
0.6472,-1.6123,4.3621,1.715,-1.022,0.403
0.6934,-1.6584,4.6265,1.986,-1.022,0.403
0.9246,-1.7044,4.7587,2.076,-0.46399999999999997,0.403
0.9015,-1.7044,4.7587,1.986,-0.65,0.403
0.809,-1.6814,4.7587,2.076,-0.7430000000000001,0.403
0.8321,-1.7044,4.7587,2.076,-0.7430000000000001,0.403
0.8552,-1.7275,4.8909,2.076,-0.65,0.335
0.809,-1.8196,5.0231,2.257,-0.836,0.335
0.8321,-1.7966,4.8909,2.347,-0.7430000000000001,0.335
0.8784,-1.7966,4.8909,2.347,-0.65,0.403
0.9015,-1.8196,5.0231,2.347,-0.5569999999999999,0.335
0.9246,-1.9578,5.2875,2.618,-0.46399999999999997,0.268
0.9015,-2.0499,5.4196,2.799,-0.7430000000000001,0.268
0.8552,-2.073,5.4196,2.7089999999999996,-0.7430000000000001,0.268
0.8784,-2.119,5.4196,2.7089999999999996,-0.5569999999999999,0.335
0.9246,-2.2112,5.684,3.07,-0.65,0.335
0.9246,-2.2572,5.8162,3.341,-0.65,0.335
0.9015,-2.2803,5.9484,3.25,-0.836,0.201
0.9015,-2.2803,5.9484,3.25,-0.836,0.201
0.9246,-2.3263,5.9484,3.5210000000000004,-0.7430000000000001,0.335
0.8552,-2.3954,6.0806,3.702,-0.9289999999999999,0.335
0.8321,-2.4415,6.2128,3.8819999999999997,-1.022,0.403
0.7859,-2.4415,6.2128,3.792,-1.115,0.201
0.8784,-2.4185,6.2128,3.702,-0.7430000000000001,0.201
0.9246,-2.4185,6.2128,3.702,-0.65,0.268
0.9708,-2.4185,6.345,3.792,-0.5569999999999999,0.335
0.9246,-2.4876,6.345,3.973,-0.7430000000000001,0.201
0.9015,-2.5797,6.6093,4.334,-0.9289999999999999,0.268
0.8784,-2.6258,6.6093,4.424,-1.022,0.268
0.9477,-2.6027,6.6093,4.244,-0.836,0.268
0.9708,-2.6258,6.6093,4.244,-0.836,0.335
0.9708,-2.6258,6.6093,4.244,-0.836,0.335
0.9477,-2.6488,6.7415,4.515000000000001,-0.7430000000000001,0.335
0.9246,-2.6718,6.6093,4.515000000000001,-0.836,0.335
0.8784,-2.6488,6.6093,4.424,-1.022,0.403
0.9015,-2.5797,6.4771,4.1530000000000005,-0.9289999999999999,0.403
0.8784,-2.5797,6.4771,4.1530000000000005,-0.9289999999999999,0.335
0.8321,-2.6258,6.4771,4.1530000000000005,-1.115,0.335
0.809,-2.6258,6.4771,4.334,-1.115,0.335
0.8784,-2.5797,6.4771,4.063,-1.022,0.268
0.8784,-2.4415,6.0806,3.612,-0.7430000000000001,0.403
0.8552,-2.3724,5.684,3.16,-0.7430000000000001,0.335
0.8321,-2.3263,5.5518,3.16,-0.836,0.403
0.7628,-2.2342,5.4196,2.979,-0.836,0.335
0.7628,-2.2342,5.4196,2.979,-0.836,0.335
0.809,-2.1881,5.4196,2.799,-0.836,0.335
0.809,-2.1881,5.2875,2.7089999999999996,-0.65,0.335
0.8552,-2.1651,5.1553,2.618,-0.65,0.403
0.8552,-2.119,5.1553,2.799,-0.7430000000000001,0.403
0.8321,-2.073,5.0231,2.7089999999999996,-0.7430000000000001,0.335
0.8321,-2.073,5.0231,2.7089999999999996,-0.7430000000000001,0.335
0.7859,-1.9578,4.8909,2.618,-0.9289999999999999,0.403
0.7628,-1.8887,4.7587,2.257,-0.9289999999999999,0.335
0.7628,-1.8887,4.6265,2.257,-0.836,0.335
0.7628,-1.8887,4.6265,2.257,-0.9289999999999999,0.403
0.7628,-1.8887,4.6265,2.167,-0.836,0.403
0.809,-1.8426,4.6265,2.257,-0.65,0.403
0.8321,-1.7966,4.6265,2.076,-0.65,0.47
0.7859,-1.7275,4.4943,1.806,-0.65,0.335
0.7859,-1.6584,4.3621,1.625,-0.5569999999999999,0.335
0.7397,-1.6584,4.3621,1.535,-0.7430000000000001,0.403
0.6934,-1.6353,4.3621,1.625,-0.9289999999999999,0.335
0.6703,-1.6353,4.3621,1.625,-1.022,0.335
0.7165,-1.6584,4.3621,1.625,-0.7430000000000001,0.335
0.7628,-1.6123,4.3621,1.535,-0.5569999999999999,0.268
0.809,-1.5662,4.3621,1.444,-0.5569999999999999,0.335
0.8552,-1.5202,4.23,1.2640000000000002,-0.46399999999999997,0.335
0.8552,-1.5432,4.23,1.444,-0.46399999999999997,0.403
0.809,-1.5432,4.23,1.444,-0.46399999999999997,0.403
0.7859,-1.5202,4.23,1.3539999999999999,-0.5569999999999999,0.335
0.6934,-1.4971,4.23,1.2640000000000002,-0.7430000000000001,0.335
0.6703,-1.4741,4.0978,1.173,-0.836,0.335
0.6703,-1.4741,4.0978,1.2640000000000002,-0.836,0.335
0.6934,-1.4741,4.23,1.173,-0.7430000000000001,0.268
0.7859,-1.4741,4.23,1.2640000000000002,-0.5569999999999999,0.268
0.7859,-1.4741,4.23,1.2640000000000002,-0.46399999999999997,0.403
0.809,-1.4741,4.0978,1.173,-0.5569999999999999,0.335
0.7859,-1.4511,4.0978,1.173,-0.46399999999999997,0.335
0.7397,-1.4741,4.0978,1.2640000000000002,-0.7430000000000001,0.403
0.8552,-1.5893,4.3621,1.625,-0.5569999999999999,0.403
0.8552,-1.5893,4.3621,1.715,-0.5569999999999999,0.335
0.8552,-1.6123,4.3621,1.625,-0.46399999999999997,0.335
0.7859,-1.6123,4.6265,1.806,-0.7430000000000001,0.335
0.7165,-1.405,4.4943,1.444,-0.7430000000000001,0.403
0.6703,-1.2207,4.4943,1.083,-0.9289999999999999,0.47
0.6934,-1.382,4.3621,1.2640000000000002,-0.9289999999999999,0.403
0.7628,-1.4741,4.3621,1.444,-0.7430000000000001,0.335
0.7859,-1.6123,4.3621,1.625,-0.46399999999999997,0.335
0.7628,-1.6584,4.4943,1.986,-0.7430000000000001,0.335
0.8552,-1.7505,4.7587,2.257,-0.7430000000000001,0.268
0.8552,-1.7275,4.7587,2.076,-0.65,0.335
0.7628,-1.7044,4.4943,1.806,-0.7430000000000001,0.335
0.7859,-1.7044,4.4943,1.896,-0.7430000000000001,0.403
0.809,-1.7275,4.7587,2.076,-0.65,0.403
0.8321,-1.8196,4.8909,2.257,-0.5569999999999999,0.335
1.0402,-2.0039,5.2875,2.618,-0.371,0.268
1.0171,-2.0499,5.2875,2.7089999999999996,-0.27799999999999997,0.335
0.9477,-2.096,5.2875,2.7089999999999996,-0.46399999999999997,0.335
0.8784,-2.1421,5.4196,2.799,-0.65,0.403
0.8321,-2.1421,5.5518,2.889,-0.65,0.335
0.8321,-2.1421,5.5518,2.889,-0.65,0.335
0.809,-2.2112,5.684,3.16,-0.7430000000000001,0.268
0.8321,-2.2803,5.684,3.341,-0.836,0.335
0.9708,-2.3033,5.9484,3.431,-0.5569999999999999,0.268
0.9939,-2.3263,5.8162,3.341,-0.5569999999999999,0.268
0.9708,-2.3033,5.684,3.341,-0.371,0.47
0.9246,-2.3033,5.684,3.25,-0.5569999999999999,0.47
0.9015,-2.3263,5.8162,3.341,-0.7430000000000001,0.335
0.7859,-2.3954,5.9484,3.792,-0.836,0.134
0.7859,-2.4185,6.0806,3.792,-1.115,0.268
0.9246,-2.5106,6.345,3.973,-0.7430000000000001,0.268
0.9708,-2.5567,6.4771,4.1530000000000005,-0.65,0.335
1.0171,-2.5797,6.4771,4.1530000000000005,-0.65,0.268
0.9477,-2.5336,6.4771,4.063,-0.836,0.47
0.9708,-2.5797,6.6093,4.244,-0.836,0.335
0.9246,-2.6258,6.6093,4.515000000000001,-0.836,0.335
0.8321,-2.6027,6.8737,4.424,-0.9289999999999999,0.335
0.7628,-2.4185,6.7415,4.063,-1.207,0.335
0.809,-2.4185,6.2128,3.792,-1.022,0.201
0.9015,-2.4415,6.2128,3.792,-0.65,0.268
0.9477,-2.5567,6.345,3.973,-0.7430000000000001,0.335
0.8784,-2.5567,6.4771,4.1530000000000005,-0.9289999999999999,0.335
0.7859,-2.5336,6.345,4.1530000000000005,-1.022,0.335
0.809,-2.5106,6.2128,4.1530000000000005,-1.115,0.268
0.7859,-2.4876,6.2128,3.8819999999999997,-1.022,0.403
0.7397,-2.3954,6.0806,3.612,-1.022,0.335
0.7397,-2.3724,5.9484,3.5210000000000004,-1.022,0.268
0.9015,-2.4415,5.9484,3.5210000000000004,-0.65,0.335
0.9246,-2.3494,5.684,3.25,-0.5569999999999999,0.335
0.9246,-2.3494,5.684,3.25,-0.5569999999999999,0.335
0.8784,-2.2112,5.4196,2.889,-0.5569999999999999,0.335
0.809,-2.1881,5.2875,2.799,-0.65,0.335
0.7628,-2.096,5.2875,2.799,-0.836,0.335
0.6934,-2.073,5.1553,2.7089999999999996,-0.836,0.335
0.6934,-2.0039,5.0231,2.7089999999999996,-0.9289999999999999,0.403
0.7165,-1.9348,4.8909,2.5280000000000005,-0.836,0.335
0.7397,-1.9348,4.8909,2.4379999999999997,-0.7430000000000001,0.335
0.809,-1.8887,4.8909,2.347,-0.65,0.403
0.7859,-1.8657,4.7587,2.167,-0.65,0.335
0.7859,-1.8657,4.7587,2.167,-0.65,0.335
0.7628,-1.8196,4.6265,2.167,-0.836,0.268
0.7628,-1.8196,4.6265,2.167,-0.65,0.403
0.7628,-1.7966,4.6265,2.076,-0.7430000000000001,0.403
0.7628,-1.7966,4.6265,2.076,-0.7430000000000001,0.403
0.7628,-1.7505,4.6265,1.896,-0.65,0.47
0.7628,-1.7044,4.4943,1.715,-0.65,0.403
0.7628,-1.6584,4.4943,1.625,-0.7430000000000001,0.335
0.6703,-1.6353,4.4943,1.625,-0.836,0.403
0.6472,-1.5893,4.4943,1.535,-0.9289999999999999,0.335
0.6703,-1.5893,4.3621,1.535,-0.836,0.403
0.7628,-1.5432,4.3621,1.535,-0.7430000000000001,0.335
0.8784,-1.5432,4.3621,1.444,-0.185,0.335
0.9477,-1.5432,4.3621,1.444,-0.092,0.335
0.8784,-1.5662,4.3621,1.444,-0.371,0.403
0.7859,-1.4971,4.3621,1.2640000000000002,-0.46399999999999997,0.403
0.7628,-1.5202,4.3621,1.2640000000000002,-0.5569999999999999,0.335
0.7165,-1.4971,4.3621,1.173,-0.65,0.403
0.7165,-1.4511,4.23,1.2640000000000002,-0.65,0.335
0.7165,-1.4741,4.3621,1.173,-0.65,0.335
0.6703,-1.4971,4.23,1.173,-0.7430000000000001,0.403
0.7859,-1.4741,4.23,1.173,-0.5569999999999999,0.268
0.7397,-1.4741,4.23,1.173,-0.65,0.335
0.6934,-1.428,4.23,1.083,-0.7430000000000001,0.335
0.7397,-1.4511,4.23,0.993,-0.5569999999999999,0.268
0.7628,-1.428,4.23,0.993,-0.5569999999999999,0.268
0.9708,-1.405,4.3621,1.083,-0.092,0.403
0.9708,-1.428,4.3621,1.083,0.0,0.403
0.9015,-1.4971,4.3621,1.2640000000000002,-0.371,0.335
0.8321,-1.5202,4.3621,1.3539999999999999,-0.46399999999999997,0.335
0.8321,-1.5202,4.3621,1.3539999999999999,-0.46399999999999997,0.268
0.8321,-1.5432,4.3621,1.444,-0.5569999999999999,0.201
0.8321,-1.5432,4.3621,1.444,-0.46399999999999997,0.268
0.7859,-1.5432,4.3621,1.444,-0.5569999999999999,0.335
0.7165,-1.5662,4.3621,1.3539999999999999,-0.7430000000000001,0.335
0.6703,-1.5432,4.3621,1.3539999999999999,-0.836,0.335
0.7165,-1.5662,4.4943,1.444,-0.7430000000000001,0.335
0.7859,-1.6123,4.6265,1.715,-0.5569999999999999,0.335
0.8784,-1.7044,4.7587,1.806,-0.5569999999999999,0.335
0.8784,-1.6584,4.7587,1.806,-0.371,0.268
0.9246,-1.7044,4.7587,1.896,-0.371,0.268
0.9015,-1.7275,4.7587,1.896,-0.46399999999999997,0.335
0.7859,-1.7505,4.8909,1.986,-0.7430000000000001,0.335
0.7628,-1.7735,5.0231,2.076,-0.7430000000000001,0.335
0.7628,-1.7735,4.8909,2.167,-0.7430000000000001,0.268
0.8321,-1.8426,5.0231,2.257,-0.65,0.335
0.8552,-1.8887,5.1553,2.347,-0.5569999999999999,0.268
0.9015,-1.9117,5.1553,2.4379999999999997,-0.5569999999999999,0.268
0.8784,-1.9578,5.1553,2.5280000000000005,-0.46399999999999997,0.403
0.9015,-1.9808,5.1553,2.618,-0.65,0.403
0.8552,-2.0269,5.2875,2.5280000000000005,-0.5569999999999999,0.335
0.8321,-2.0269,5.2875,2.618,-0.65,0.335
0.8552,-2.096,5.5518,2.618,-0.5569999999999999,0.403
0.9015,-2.119,5.5518,2.799,-0.65,0.335
0.9477,-2.1651,5.5518,2.889,-0.371,0.335
0.9939,-2.2112,5.8162,3.07,-0.371,0.268
1.0171,-2.2803,5.8162,3.25,-0.46399999999999997,0.268
0.9708,-2.3263,6.0806,3.25,-0.46399999999999997,0.268
0.9477,-2.3263,6.0806,3.431,-0.46399999999999997,0.268
0.8552,-2.3724,6.2128,3.5210000000000004,-0.7430000000000001,0.268
0.8552,-2.3724,6.2128,3.612,-0.836,0.268
0.8321,-2.4185,6.2128,3.612,-0.9289999999999999,0.335
0.8784,-2.3954,6.2128,3.5210000000000004,-0.7430000000000001,0.201
0.9246,-2.3724,6.2128,3.5210000000000004,-0.65,0.201
0.9939,-2.4185,6.345,3.5210000000000004,-0.46399999999999997,0.335
0.9708,-2.4185,6.4771,3.612,-0.46399999999999997,0.335
0.9477,-2.5336,6.7415,4.063,-0.7430000000000001,0.201
0.9477,-2.5336,6.7415,4.063,-0.7430000000000001,0.201
0.9477,-2.5797,6.7415,4.334,-0.7430000000000001,0.268
0.8321,-2.4876,6.7415,4.063,-0.9289999999999999,0.268
0.7859,-2.4876,6.4771,3.792,-1.022,0.268
0.9015,-2.5336,6.4771,3.612,-0.7430000000000001,0.403
0.9246,-2.5106,6.4771,3.8819999999999997,-0.5569999999999999,0.335
0.9015,-2.5336,6.6093,3.8819999999999997,-0.836,0.335
0.8552,-2.5106,6.6093,3.792,-0.9289999999999999,0.268
0.8552,-2.5106,6.345,3.702,-0.836,0.268
0.8552,-2.5106,6.345,3.702,-0.836,0.268
0.8552,-2.4185,6.2128,3.5210000000000004,-0.65,0.268
0.8784,-2.4185,6.0806,3.431,-0.836,0.335
0.8784,-2.3954,5.8162,3.341,-0.65,0.335
0.9015,-2.3494,5.8162,3.16,-0.65,0.403
0.8784,-2.3033,5.684,2.889,-0.7430000000000001,0.403
0.8552,-2.2342,5.5518,2.7089999999999996,-0.65,0.335
0.7859,-2.1881,5.2875,2.5280000000000005,-0.836,0.335
0.7859,-2.119,5.2875,2.618,-0.836,0.335
0.7859,-2.119,5.2875,2.618,-0.836,0.335
0.7859,-2.119,5.2875,2.5280000000000005,-0.65,0.268
0.8321,-2.0039,5.0231,2.5280000000000005,-0.65,0.335
0.7859,-1.9578,4.8909,2.4379999999999997,-0.65,0.335
0.7859,-1.9578,4.8909,2.4379999999999997,-0.65,0.335
0.6934,-1.8657,4.8909,2.257,-0.836,0.335
0.7165,-1.8196,4.7587,2.076,-0.9289999999999999,0.335
0.7165,-1.8196,4.7587,1.986,-0.836,0.268
0.809,-1.8426,4.7587,1.986,-0.65,0.268
0.8321,-1.8426,4.7587,2.167,-0.5569999999999999,0.335
0.9015,-1.8196,4.8909,2.076,-0.5569999999999999,0.335
0.8784,-1.7735,4.7587,1.896,-0.371,0.201
0.8552,-1.7275,4.6265,1.896,-0.65,0.268
0.7628,-1.7044,4.6265,1.806,-0.7430000000000001,0.335
0.7397,-1.7275,4.4943,1.715,-0.836,0.268
0.8321,-1.6353,4.3621,1.625,-0.46399999999999997,0.268
0.8321,-1.6123,4.4943,1.535,-0.371,0.268
0.8321,-1.6123,4.4943,1.535,-0.371,0.268
0.7859,-1.5662,4.3621,1.3539999999999999,-0.5569999999999999,0.268
0.7397,-1.5662,4.3621,1.3539999999999999,-0.65,0.335
0.7165,-1.5202,4.3621,1.3539999999999999,-0.7430000000000001,0.268
0.6703,-1.5202,4.23,1.2640000000000002,-0.7430000000000001,0.335
0.7165,-1.4741,4.23,1.2640000000000002,-0.65,0.335
0.7628,-1.4971,4.23,1.173,-0.65,0.403
0.7628,-1.4971,4.3621,1.2640000000000002,-0.46399999999999997,0.335
0.809,-1.4971,4.3621,1.2640000000000002,-0.46399999999999997,0.335
0.8321,-1.5202,4.23,1.2640000000000002,-0.371,0.335
0.7859,-1.5202,4.23,1.2640000000000002,-0.5569999999999999,0.335
0.6703,-1.4741,4.23,1.2640000000000002,-0.7430000000000001,0.268
0.7397,-1.4971,4.3621,1.173,-0.65,0.335
0.8552,-1.4741,4.3621,1.083,-0.27799999999999997,0.201
0.9477,-1.4511,4.3621,1.173,0.0,0.268
0.9015,-1.4971,4.3621,1.2640000000000002,-0.27799999999999997,0.268
0.7859,-1.5202,4.23,1.3539999999999999,-0.46399999999999997,0.201
0.809,-1.5202,4.3621,1.444,-0.5569999999999999,0.268
0.7859,-1.5432,4.3621,1.3539999999999999,-0.65,0.268
0.8321,-1.5432,4.3621,1.535,-0.371,0.268
0.8321,-1.5662,4.3621,1.625,-0.46399999999999997,0.268
0.7397,-1.5893,4.3621,1.535,-0.7430000000000001,0.268
0.6472,-1.5662,4.3621,1.535,-1.022,0.335
0.601,-1.4971,4.3621,1.3539999999999999,-0.836,0.201
0.8321,-1.6123,4.4943,1.535,-0.5569999999999999,0.268
0.8321,-1.6123,4.4943,1.535,-0.5569999999999999,0.268
0.9015,-1.6353,4.7587,1.896,-0.27799999999999997,0.268
0.6472,-1.6814,4.7587,1.896,-0.9289999999999999,0.335
0.7397,-1.6814,4.7587,1.806,-0.7430000000000001,0.335
0.9015,-1.6584,4.7587,1.715,-0.27799999999999997,0.201
0.9708,-1.7275,5.0231,1.986,-0.185,0.268
0.9708,-1.7275,5.0231,1.986,-0.185,0.268
0.809,-1.7966,5.0231,2.167,-0.65,0.268
0.7397,-1.8196,4.7587,2.167,-0.836,0.335
0.7397,-1.8196,4.8909,2.257,-0.836,0.268
0.7859,-1.9117,5.0231,2.4379999999999997,-0.7430000000000001,0.268
0.7859,-1.9117,5.0231,2.4379999999999997,-0.7430000000000001,0.268
0.7628,-1.9808,5.1553,2.618,-0.7430000000000001,0.201
0.6934,-1.9578,5.1553,2.5280000000000005,-0.7430000000000001,0.134
0.6934,-2.0039,5.1553,2.5280000000000005,-0.9289999999999999,0.201
0.6934,-2.0039,5.1553,2.5280000000000005,-0.9289999999999999,0.201
0.8784,-2.0499,5.2875,2.4379999999999997,-0.5569999999999999,0.201
1.0171,-2.073,5.4196,2.5280000000000005,-0.185,0.268
1.0864,-2.0499,5.5518,2.618,0.092,0.268
0.9939,-2.096,5.684,2.618,-0.092,0.335
0.9477,-2.1421,5.684,2.799,-0.27799999999999997,0.201
0.9015,-2.2112,5.8162,3.07,-0.65,0.268
0.8784,-2.2112,6.0806,3.16,-0.5569999999999999,0.201
0.9015,-2.2572,5.9484,3.25,-0.65,0.268
0.9015,-2.3263,6.2128,3.431,-0.7430000000000001,0.201
0.809,-2.4185,6.2128,3.612,-0.836,0.268
0.8321,-2.4415,6.4771,3.702,-0.7430000000000001,0.268
1.0402,-2.5106,6.7415,3.8819999999999997,-0.46399999999999997,0.268
1.0633,-2.4645,6.6093,3.702,-0.46399999999999997,0.268
0.9939,-2.4645,6.4771,3.702,-0.5569999999999999,0.268
0.9477,-2.4415,6.4771,3.612,-0.5569999999999999,0.268
0.9246,-2.4645,6.4771,3.702,-0.65,0.201
0.8552,-2.4876,6.6093,3.8819999999999997,-0.836,0.201
0.809,-2.5336,6.6093,3.973,-1.022,0.134
0.809,-2.4876,6.4771,3.8819999999999997,-1.022,0.201
0.9246,-2.4185,6.345,3.612,-0.65,0.268
0.9246,-2.3724,6.2128,3.5210000000000004,-0.46399999999999997,0.268
0.9246,-2.3724,6.2128,3.5210000000000004,-0.46399999999999997,0.268
0.9246,-2.3954,6.2128,3.5210000000000004,-0.46399999999999997,0.201
0.9015,-2.4185,6.345,3.612,-0.65,0.201
0.9015,-2.4415,6.2128,3.5210000000000004,-0.65,0.268
0.8552,-2.3954,6.2128,3.431,-0.7430000000000001,0.201
0.8321,-2.3263,5.9484,3.07,-0.836,0.201
0.8321,-2.2803,5.8162,2.979,-0.7430000000000001,0.201
0.8784,-2.2572,5.684,2.889,-0.65,0.201
0.8784,-2.1651,5.5518,2.618,-0.371,0.201
0.8552,-2.119,5.2875,2.5280000000000005,-0.5569999999999999,0.268
0.809,-2.073,5.2875,2.618,-0.65,0.335
0.7628,-2.0499,5.2875,2.5280000000000005,-0.7430000000000001,0.268
0.7397,-2.0039,5.1553,2.5280000000000005,-0.836,0.268
0.7859,-1.9348,5.0231,2.347,-0.7430000000000001,0.268
0.809,-1.9348,5.0231,2.257,-0.65,0.268
0.8321,-1.9117,4.8909,2.257,-0.65,0.268
0.8321,-1.9117,4.8909,2.257,-0.65,0.268
0.8321,-1.8196,5.0231,1.986,-0.65,0.268
0.7859,-1.7966,4.8909,1.986,-0.65,0.268
0.7628,-1.7966,4.7587,1.896,-0.7430000000000001,0.335
0.7628,-1.7505,4.7587,1.806,-0.7430000000000001,0.268
0.7859,-1.7505,4.6265,1.806,-0.7430000000000001,0.268
0.809,-1.7735,4.7587,1.896,-0.65,0.335
0.8321,-1.7275,4.7587,1.896,-0.65,0.268
0.809,-1.6814,4.6265,1.715,-0.46399999999999997,0.268
0.7859,-1.6123,4.4943,1.535,-0.46399999999999997,0.268
0.7859,-1.6123,4.4943,1.535,-0.46399999999999997,0.268
0.7628,-1.6123,4.3621,1.444,-0.5569999999999999,0.268
0.7628,-1.5662,4.3621,1.444,-0.5569999999999999,0.335
0.7397,-1.5662,4.3621,1.3539999999999999,-0.46399999999999997,0.268
0.7397,-1.5893,4.3621,1.444,-0.46399999999999997,0.268
0.8321,-1.5662,4.3621,1.444,-0.371,0.201
0.8321,-1.5662,4.3621,1.444,-0.371,0.201
0.8321,-1.5662,4.3621,1.444,-0.371,0.268
0.809,-1.5662,4.3621,1.3539999999999999,-0.46399999999999997,0.268
0.7628,-1.5432,4.3621,1.3539999999999999,-0.65,0.268
0.7397,-1.5202,4.3621,1.173,-0.5569999999999999,0.268
0.7165,-1.4971,4.3621,1.173,-0.65,0.201
0.7628,-1.4971,4.3621,1.083,-0.5569999999999999,0.268
0.7859,-1.4971,4.3621,1.173,-0.46399999999999997,0.335
0.8321,-1.4741,4.3621,1.083,-0.371,0.335
0.8552,-1.4971,4.3621,1.173,-0.371,0.268
0.809,-1.4971,4.3621,1.173,-0.371,0.201
0.7397,-1.4971,4.3621,1.173,-0.5569999999999999,0.201
0.7397,-1.4971,4.3621,1.173,-0.5569999999999999,0.201
0.7628,-1.5432,4.3621,1.173,-0.5569999999999999,0.268
0.7165,-1.5202,4.3621,1.2640000000000002,-0.5569999999999999,0.268
0.7397,-1.5202,4.3621,1.3539999999999999,-0.65,0.268
0.7859,-1.5662,4.3621,1.2640000000000002,-0.5569999999999999,0.268
0.7859,-1.5202,4.3621,1.2640000000000002,-0.46399999999999997,0.268
0.7628,-1.4971,4.23,1.173,-0.5569999999999999,0.268
0.809,-1.5202,4.3621,1.173,-0.46399999999999997,0.335
0.7397,-1.5432,4.3621,1.3539999999999999,-0.65,0.268
0.6472,-1.5202,4.3621,1.444,-0.9289999999999999,0.335
0.8321,-1.5432,4.4943,1.535,-0.371,0.201
0.9477,-1.5662,4.4943,1.444,-0.092,0.201
0.9246,-1.6123,4.4943,1.444,-0.185,0.268
0.809,-1.6123,4.4943,1.535,-0.46399999999999997,0.201
0.7397,-1.6584,4.4943,1.715,-0.7430000000000001,0.268
0.7859,-1.6584,4.6265,1.715,-0.5569999999999999,0.268
0.7859,-1.6584,4.6265,1.806,-0.5569999999999999,0.201
0.7628,-1.7735,4.8909,1.986,-0.836,0.201
0.7859,-1.8426,4.8909,2.167,-0.7430000000000001,0.134
0.9477,-2.0039,5.1553,2.5280000000000005,-0.27799999999999997,0.201
0.9708,-2.0039,5.4196,2.5280000000000005,-0.371,0.201
0.9477,-2.0269,5.4196,2.5280000000000005,-0.371,0.201
0.9015,-2.0499,5.4196,2.4379999999999997,-0.46399999999999997,0.201
0.8552,-2.0269,5.4196,2.5280000000000005,-0.65,0.134
0.809,-2.096,5.5518,2.5280000000000005,-0.5569999999999999,0.335
0.8321,-2.096,5.5518,2.618,-0.65,0.201
0.8784,-2.1651,5.684,2.618,-0.5569999999999999,0.268
0.9939,-2.1881,5.8162,2.889,-0.371,0.134
1.1095,-2.2342,6.0806,2.979,-0.092,0.134
1.1326,-2.2572,6.345,3.25,-0.092,0.067
1.0633,-2.4415,6.4771,3.612,-0.185,0.134
1.0633,-2.4645,6.6093,3.702,-0.46399999999999997,0.134
0.9708,-2.4876,6.7415,3.792,-0.5569999999999999,-0.0
0.9477,-2.4415,6.6093,3.702,-0.5569999999999999,0.201
0.9015,-2.2112,6.345,3.07,-0.65,0.268
0.9246,-2.1651,6.2128,2.979,-0.5569999999999999,0.268
0.9708,-2.3724,6.345,3.341,-0.5569999999999999,0.268
0.9708,-2.3724,6.4771,3.5210000000000004,-0.5569999999999999,0.201
0.9477,-2.2572,6.4771,3.25,-0.46399999999999997,0.201
1.0633,-2.3724,6.6093,3.431,-0.371,0.268
1.0171,-2.3724,6.7415,3.702,-0.5569999999999999,0.335
0.7397,-2.0269,6.6093,3.25,-1.115,0.335
0.5316,-1.6353,6.7415,2.5280000000000005,-1.3,0.403
0.5316,-1.3359,6.4771,1.806,-1.115,0.403
0.601,-1.5432,6.345,2.076,-1.115,0.335
0.809,-2.0269,6.0806,2.7089999999999996,-0.836,0.268
1.0402,-2.073,6.2128,2.7089999999999996,-0.27799999999999997,0.268
0.7628,-2.2572,6.2128,3.25,-1.022,0.201
0.6472,-2.119,5.9484,3.07,-1.207,0.201
0.6703,-1.7966,5.8162,2.347,-1.022,0.268
0.6934,-0.6219,5.9484,0.361,-0.5569999999999999,0.738
0.6934,-0.5067,5.684,0.18,-0.46399999999999997,0.738
0.6934,-0.714,5.8162,0.541,-0.46399999999999997,0.738
0.7397,-0.7601,5.684,0.541,-0.5569999999999999,0.604
0.6934,-0.8061,5.684,0.6320000000000001,-0.65,0.671
0.7397,-1.0365,5.684,0.993,-0.7430000000000001,0.604
0.7628,-1.3359,5.684,1.535,-0.65,0.5369999999999999
0.6241,-0.9213,5.8162,1.083,-1.022,0.671
0.601,-0.3915,5.8162,0.18,-0.7430000000000001,0.806
0.7859,-0.046,5.5518,-0.6320000000000001,-0.185,0.873
0.8552,-0.4606,5.4196,-0.09,0.092,0.738
0.8784,-0.6679,5.2875,0.361,-0.185,0.671
0.6703,-0.8522,5.1553,0.8119999999999999,-0.836,0.671
0.5779,-0.691,5.0231,0.451,-0.7430000000000001,0.671
0.5085,-0.2764,5.1553,-0.361,-0.7430000000000001,0.806
0.6703,-0.1151,5.2875,-0.541,-0.371,0.806
0.6934,0.023,5.4196,-0.8119999999999999,-0.27799999999999997,0.873
0.601,-0.023,5.4196,-0.541,-0.5569999999999999,0.806
0.5085,-0.1612,5.2875,-0.541,-0.836,0.738
0.4623,0.2073,5.1553,-1.083,-0.7430000000000001,0.94
0.5316,0.5067,5.1553,-1.625,-0.5569999999999999,1.007
0.7628,0.3685,5.0231,-1.535,0.0,0.94
0.7397,0.1842,5.0231,-0.993,-0.092,0.873
0.4623,0.2303,5.0231,-1.083,-0.836,0.94
0.3698,0.8522,5.0231,-2.257,-0.7430000000000001,0.94
0.9708,0.8522,5.4196,-2.257,0.7430000000000001,1.007
0.9477,1.0134,5.4196,-2.4379999999999997,0.7430000000000001,1.141
0.809,1.2438,5.2875,-2.889,0.371,1.2089999999999999
0.6934,1.3359,5.1553,-3.07,0.092,1.0739999999999998
0.6934,1.2207,5.0231,-2.799,0.0,0.94
0.8321,1.1056,5.0231,-2.799,0.46399999999999997,1.007
0.809,1.1516,5.0231,-2.889,0.46399999999999997,0.94
0.5316,1.2207,4.8909,-2.799,-0.27799999999999997,0.94
0.5779,1.2898,4.8909,-2.979,-0.185,0.94
0.5779,1.2898,4.8909,-2.979,-0.185,0.94
0.6934,1.2668,5.0231,-2.979,0.27799999999999997,0.94
0.6934,1.3589,5.0231,-3.16,0.185,0.873
0.7165,1.3589,4.8909,-3.07,0.185,1.007
0.7165,1.2438,4.7587,-2.889,0.185,0.94
0.7859,1.1056,4.7587,-2.799,0.27799999999999997,0.806
0.8321,1.1516,4.6265,-2.979,0.46399999999999997,0.806
0.7397,1.1977,4.6265,-2.889,0.185,0.806
0.6934,1.1977,4.6265,-2.979,0.0,0.806
0.7397,1.0595,4.3621,-2.889,0.185,0.738
0.6703,0.9674,4.23,-2.799,0.0,0.738
0.5085,0.6219,4.3621,-1.986,-0.65,0.47
0.6241,0.9213,4.3621,-2.5280000000000005,-0.092,0.604
0.7859,1.0134,4.4943,-2.7089999999999996,0.371,0.604
0.8552,1.0365,4.4943,-2.889,0.5569999999999999,0.671
0.7859,1.0825,4.4943,-2.889,0.46399999999999997,0.671
0.6934,1.0595,4.4943,-2.7089999999999996,0.092,0.738
0.5316,0.8522,4.23,-2.257,-0.46399999999999997,0.604
0.5547,1.0365,4.3621,-2.5280000000000005,-0.27799999999999997,0.671
0.6241,1.1286,4.4943,-2.889,-0.092,0.738
0.5316,1.1747,4.4943,-2.889,-0.371,0.671
0.5316,1.1747,4.4943,-2.889,-0.371,0.671
0.5547,1.1286,4.3621,-2.979,-0.092,0.738
0.7859,0.8522,4.4943,-2.618,0.371,0.604
0.8321,0.9443,4.6265,-2.7089999999999996,0.5569999999999999,0.671
0.8552,1.1056,4.6265,-2.979,0.46399999999999997,0.671
0.7628,1.1747,4.6265,-2.979,0.092,0.738
0.7397,1.2207,4.6265,-3.07,0.185,0.671
0.7397,1.2207,4.6265,-3.07,0.185,0.738
0.6934,1.2668,4.6265,-2.979,0.0,0.671
0.7165,1.2898,4.7587,-3.25,0.185,0.738
0.7397,1.3129,4.7587,-3.16,0.27799999999999997,0.738
0.7628,1.3129,4.7587,-3.16,0.371,0.806
0.6934,1.3129,4.7587,-3.07,0.092,0.738
0.5316,1.3129,4.7587,-2.979,-0.27799999999999997,0.738
0.5316,1.3129,4.7587,-2.979,-0.27799999999999997,0.738
0.7397,1.4741,5.0231,-3.25,0.185,0.873
0.7165,1.4971,5.0231,-3.25,0.27799999999999997,0.806
0.7397,1.4971,5.1553,-3.16,0.27799999999999997,0.806
0.7397,1.5202,5.1553,-3.25,0.27799999999999997,0.806
0.7397,1.5662,5.2875,-3.25,0.371,0.806
0.809,1.5893,5.4196,-3.25,0.371,0.873
0.7628,1.6353,5.4196,-3.341,0.371,0.94
0.6472,1.6814,5.5518,-3.431,0.0,0.94
0.6472,1.6814,5.5518,-3.431,0.0,0.94
0.6703,1.8196,5.8162,-3.341,0.092,1.007
0.7165,1.8426,5.8162,-3.5210000000000004,0.185,0.94
0.7859,1.8196,5.9484,-3.5210000000000004,0.371,1.007
0.8321,1.8196,5.8162,-3.5210000000000004,0.5569999999999999,0.873
0.7859,1.7966,5.9484,-3.5210000000000004,0.46399999999999997,0.94
0.601,1.8887,5.9484,-3.431,0.0,1.007
0.5779,1.9348,6.0806,-3.341,0.0,1.007
0.5547,2.0269,6.0806,-3.431,0.092,1.0739999999999998
0.5779,2.0269,6.2128,-3.431,0.185,1.0739999999999998
0.6934,2.0269,6.2128,-3.5210000000000004,0.27799999999999997,1.007
0.6934,2.0269,6.0806,-3.431,0.27799999999999997,0.94
0.7397,2.0039,5.9484,-3.5210000000000004,0.46399999999999997,1.0739999999999998
0.8552,2.0039,6.2128,-3.612,0.65,1.007
0.8321,2.0269,6.345,-3.612,0.65,0.94
0.7397,2.0039,6.0806,-3.431,0.27799999999999997,0.94
0.6703,2.0039,6.0806,-3.5210000000000004,0.185,1.007
0.6241,2.0039,6.0806,-3.5210000000000004,0.092,1.0739999999999998
0.6241,2.0039,6.0806,-3.5210000000000004,0.092,1.0739999999999998
0.6934,1.9348,5.8162,-3.341,0.185,1.0739999999999998
0.7165,1.8657,5.8162,-3.5210000000000004,0.27799999999999997,1.007
0.7628,1.8196,5.684,-3.431,0.27799999999999997,1.007
0.7628,1.8426,5.8162,-3.612,0.5569999999999999,0.94
0.7628,1.9117,6.0806,-3.5210000000000004,0.46399999999999997,1.007
0.7165,1.9808,5.9484,-3.5210000000000004,0.371,1.007
0.601,1.8657,5.8162,-3.341,0.0,0.94
0.6472,1.7966,5.5518,-3.612,0.092,0.94
0.6703,1.8196,5.5518,-3.5210000000000004,0.092,0.873
0.7165,1.7735,5.5518,-3.5210000000000004,0.185,0.873
0.7165,1.7275,5.4196,-3.341,0.185,0.873
0.6934,1.7275,5.2875,-3.431,0.27799999999999997,0.873
0.7165,1.5893,5.1553,-3.25,0.185,0.873
0.7165,1.5893,5.1553,-3.25,0.185,0.873
0.6934,1.5662,5.0231,-3.16,0.185,0.873
0.6472,1.4971,4.8909,-3.16,0.0,0.873
0.6241,1.5662,5.0231,-3.16,0.092,0.873
0.6703,1.4971,4.7587,-3.16,0.0,0.806
0.6703,1.4971,4.7587,-3.16,0.0,0.806
0.6703,1.382,4.6265,-3.16,0.0,0.806
0.6703,1.428,4.7587,-3.16,0.092,0.806
0.6472,1.5202,4.7587,-3.25,0.185,0.806
0.6472,1.4511,4.6265,-3.07,0.092,0.738
0.6241,1.382,4.6265,-3.07,-0.27799999999999997,0.738
0.5779,1.382,4.6265,-3.07,-0.27799999999999997,0.738
0.601,1.405,4.6265,-2.979,-0.092,0.671
0.6703,1.3359,4.4943,-3.07,0.0,0.671
0.7859,1.3359,4.4943,-3.16,0.46399999999999997,0.738
0.7165,1.3359,4.4943,-3.07,0.185,0.738
0.6241,1.2438,4.3621,-3.07,0.0,0.671
0.6472,1.1286,4.3621,-2.799,-0.185,0.671
0.6703,1.2438,4.4943,-2.799,0.0,0.671
0.7165,1.382,4.6265,-3.07,0.185,0.738
0.6241,1.3589,4.6265,-2.889,-0.092,0.738
0.5779,1.3589,4.4943,-2.979,-0.185,0.806
0.6241,1.382,4.6265,-3.07,0.0,0.738
0.6703,1.3589,4.6265,-3.16,0.092,0.738
0.6703,1.382,4.6265,-3.07,0.0,0.738
0.6241,1.3589,4.4943,-2.979,0.0,0.806
0.6934,1.405,4.6265,-3.16,0.092,0.671
0.7165,1.405,4.6265,-3.25,0.185,0.671
0.6934,1.4511,4.7587,-3.25,0.092,0.671
0.6934,1.4971,4.7587,-3.25,0.185,0.806
0.6934,1.5202,4.7587,-3.25,0.185,0.738
0.7165,1.5202,4.7587,-3.25,0.185,0.806
0.7397,1.5432,4.8909,-3.25,0.371,0.806
0.6934,1.5893,4.8909,-3.341,0.185,0.806
0.6241,1.7275,5.2875,-3.25,0.0,0.873
0.6472,1.7275,5.2875,-3.431,0.185,0.94
0.6934,1.7275,5.2875,-3.431,0.27799999999999997,0.94
0.7859,1.7505,5.2875,-3.5210000000000004,0.27799999999999997,0.873
0.7628,1.7275,5.2875,-3.341,0.46399999999999997,0.873
0.6472,1.7966,5.2875,-3.431,0.185,0.873
0.6472,1.8196,5.5518,-3.612,0.092,0.873
0.7397,1.7275,5.5518,-3.431,0.371,0.873
0.809,1.6584,5.4196,-3.25,0.46399999999999997,0.873
0.809,1.6123,5.4196,-3.25,0.46399999999999997,0.94
0.809,1.7044,5.5518,-3.431,0.46399999999999997,0.94
0.7859,1.8426,5.5518,-3.5210000000000004,0.371,0.94
0.6934,1.8657,5.5518,-3.612,0.27799999999999997,0.873
0.7165,1.8657,5.684,-3.612,0.185,0.94
0.7628,1.9117,5.684,-3.612,0.371,0.873
0.7628,1.9117,5.684,-3.612,0.371,0.873
0.809,1.9117,5.684,-3.612,0.46399999999999997,0.873
0.7628,1.9578,5.684,-3.612,0.46399999999999997,0.873
0.6703,1.9578,5.8162,-3.612,0.185,0.94
0.6934,1.8196,5.5518,-3.612,0.27799999999999997,0.94
0.6934,1.8196,5.5518,-3.612,0.27799999999999997,0.94
0.8321,1.2898,5.684,-2.618,0.371,0.738
0.7165,1.7735,5.9484,-3.25,0.185,0.806
0.6472,1.9348,5.9484,-3.341,0.092,0.873
0.6472,1.9348,5.9484,-3.341,0.092,0.873
0.6472,2.0269,5.9484,-3.702,0.092,0.873
0.6934,2.0269,5.9484,-3.612,0.092,0.94
0.6703,1.8887,5.5518,-3.612,0.092,0.873
0.7397,1.9348,5.5518,-3.612,0.371,0.806
0.6934,1.8657,5.5518,-3.612,0.185,0.806
0.6703,1.9578,5.684,-3.612,0.185,0.873
0.6703,2.0039,5.8162,-3.612,0.371,0.873
0.7165,1.9578,5.684,-3.612,0.27799999999999997,0.806
0.6703,1.8887,5.4196,-3.612,0.27799999999999997,0.873
0.6934,1.5432,5.1553,-3.07,0.185,0.806
0.7859,1.2207,5.1553,-2.7089999999999996,0.27799999999999997,0.604
0.809,1.2898,5.2875,-2.7089999999999996,0.185,0.738
0.6934,1.5893,5.2875,-3.16,0.185,0.806
0.601,1.7275,5.1553,-3.341,0.092,0.806
0.6703,1.7505,5.2875,-3.431,0.185,0.806
0.7165,1.7966,5.4196,-3.612,0.371,0.806
0.6703,1.8426,5.4196,-3.612,0.27799999999999997,0.806
0.6934,1.8196,5.2875,-3.612,0.27799999999999997,0.806
0.7165,1.7966,5.2875,-3.5210000000000004,0.371,0.873
0.7165,1.6814,5.1553,-3.5210000000000004,0.371,0.873
0.6703,1.6584,5.0231,-3.341,0.092,0.873
0.6703,1.6584,5.0231,-3.341,0.092,0.873
0.601,1.6584,5.0231,-3.341,0.0,0.806
0.6472,1.6584,4.8909,-3.431,0.0,0.806
0.6934,1.4511,4.6265,-3.341,0.092,0.738
0.7165,1.4511,4.7587,-3.341,0.185,0.738
0.7397,1.5432,4.8909,-3.341,0.27799999999999997,0.738
0.7165,1.7044,5.0231,-3.341,0.371,0.738
0.6934,1.6814,5.0231,-3.431,0.185,0.738
0.6472,1.5893,4.8909,-3.431,0.185,0.806
0.6703,1.5432,4.8909,-3.341,0.092,0.806
0.6934,1.5893,4.8909,-3.431,0.185,0.738
0.6934,1.6123,4.8909,-3.431,0.185,0.738
0.6934,1.6123,4.7587,-3.431,0.092,0.806
0.6934,1.5662,4.7587,-3.431,0.092,0.671
0.6934,1.5202,4.7587,-3.431,0.27799999999999997,0.738
0.6472,1.5432,4.7587,-3.341,0.092,0.806
0.6472,1.5893,4.8909,-3.341,0.185,0.806
0.6472,1.6353,5.0231,-3.431,0.092,0.873
0.7397,1.5432,4.7587,-3.612,0.371,0.671
0.7397,1.5432,4.7587,-3.431,0.46399999999999997,0.738
0.7165,1.5432,4.7587,-3.431,0.092,0.738
0.6472,1.5662,4.7587,-3.431,0.0,0.738
0.6241,1.5662,4.7587,-3.5210000000000004,0.092,0.806
0.6241,1.5432,4.7587,-3.341,0.092,0.738
0.6241,1.5432,4.7587,-3.431,-0.092,0.738
0.7397,1.6584,4.8909,-3.5210000000000004,0.371,0.806
0.7397,1.5893,4.7587,-3.431,0.371,0.806
0.7397,1.5893,4.7587,-3.431,0.371,0.806
0.7165,1.5893,4.6265,-3.431,0.27799999999999997,0.738
0.7165,1.5662,4.7587,-3.431,0.27799999999999997,0.738
0.6703,1.6353,4.7587,-3.431,0.092,0.738
0.6703,1.6353,4.8909,-3.431,0.092,0.738
0.6472,1.6584,4.8909,-3.431,0.185,0.738
0.6703,1.6584,4.8909,-3.431,0.27799999999999997,0.738
0.7165,1.6584,5.0231,-3.341,0.27799999999999997,0.806
0.6934,1.6814,4.8909,-3.431,0.27799999999999997,0.806
0.6934,1.7044,5.0231,-3.5210000000000004,0.27799999999999997,0.738
0.7165,1.7044,5.0231,-3.5210000000000004,0.27799999999999997,0.738
0.7165,1.7044,5.1553,-3.5210000000000004,0.27799999999999997,0.738
0.6472,1.8196,5.2875,-3.612,0.185,0.806
0.6703,1.8196,5.2875,-3.612,0.185,0.738
0.6934,1.8196,5.2875,-3.702,0.371,0.806
0.6934,1.8426,5.2875,-3.702,0.371,0.738
0.6934,1.8657,5.2875,-3.702,0.371,0.738
0.7628,1.9117,5.4196,-3.702,0.371,0.806
0.8552,1.8657,5.5518,-3.792,0.65,0.873
0.8784,1.8426,5.4196,-3.612,0.7430000000000001,0.738
0.809,1.8657,5.4196,-3.702,0.65,0.806
0.5316,1.8657,5.4196,-3.5210000000000004,-0.185,0.873
0.5316,1.8657,5.4196,-3.5210000000000004,-0.185,0.873
0.5779,1.9117,5.4196,-3.792,0.185,0.738
0.6241,1.9348,5.2875,-3.792,0.27799999999999997,0.806
0.6703,1.8196,5.2875,-3.702,0.27799999999999997,0.806
0.6934,1.7044,5.0231,-3.612,0.27799999999999997,0.738
0.6934,1.6814,5.0231,-3.431,0.27799999999999997,0.806
0.7628,1.9117,5.4196,-3.702,0.5569999999999999,0.806
0.7628,1.9578,5.4196,-3.792,0.5569999999999999,0.806
0.7397,1.9117,5.4196,-3.792,0.46399999999999997,0.738
0.7165,1.8887,5.2875,-3.702,0.46399999999999997,0.738
0.7165,1.8887,5.2875,-3.702,0.46399999999999997,0.738
0.7165,1.9348,5.5518,-3.702,0.46399999999999997,0.806
0.6472,2.0039,5.5518,-3.792,0.371,0.806
0.6703,1.9348,5.5518,-3.792,0.371,0.738
0.6703,1.9348,5.4196,-3.8819999999999997,0.46399999999999997,0.738
0.6703,1.8887,5.2875,-3.792,0.27799999999999997,0.738
0.6472,1.8887,5.2875,-3.792,0.27799999999999997,0.806
0.6472,1.9348,5.2875,-3.702,0.371,0.873
0.7165,1.8657,5.2875,-3.702,0.371,0.806
0.7165,1.8657,5.2875,-3.702,0.371,0.806
0.7397,1.8426,5.2875,-3.702,0.46399999999999997,0.738
0.6934,1.8657,5.2875,-3.702,0.46399999999999997,0.806
0.6934,1.8657,5.2875,-3.702,0.46399999999999997,0.806
0.6472,1.9117,5.2875,-3.792,0.371,0.806
0.6934,1.8887,5.2875,-3.792,0.371,0.806
0.6703,1.8426,5.1553,-3.702,0.27799999999999997,0.738
0.6472,1.8426,5.1553,-3.702,0.27799999999999997,0.806
0.6472,1.8426,5.2875,-3.612,0.371,0.94
0.6472,1.7966,5.0231,-3.612,0.27799999999999997,0.738
0.6472,1.7966,5.1553,-3.5210000000000004,0.27799999999999997,0.738
0.6472,1.7735,5.1553,-3.702,0.185,0.738
0.7165,1.7966,5.0231,-3.612,0.371,0.738
0.7628,1.7505,5.0231,-3.612,0.46399999999999997,0.806
0.7628,1.7505,5.0231,-3.612,0.46399999999999997,0.738
0.7165,1.7275,5.0231,-3.612,0.46399999999999997,0.671
0.6703,1.7275,5.0231,-3.5210000000000004,0.27799999999999997,0.806
0.6472,1.7044,4.8909,-3.612,0.27799999999999997,0.738
0.6472,1.6814,4.8909,-3.612,0.185,0.806
0.6703,1.6814,4.8909,-3.612,0.27799999999999997,0.738
0.6934,1.7044,5.0231,-3.612,0.46399999999999997,0.671
0.7397,1.7275,5.0231,-3.612,0.46399999999999997,0.671
0.7397,1.7044,5.0231,-3.612,0.46399999999999997,0.806
0.7165,1.7044,5.0231,-3.612,0.371,0.806
0.6934,1.7044,4.8909,-3.612,0.27799999999999997,0.671
0.7165,1.6814,4.8909,-3.5210000000000004,0.46399999999999997,0.671
0.6934,1.6814,4.8909,-3.5210000000000004,0.371,0.738
0.6703,1.7275,4.8909,-3.5210000000000004,0.371,0.806
0.6934,1.7275,4.8909,-3.5210000000000004,0.371,0.671
0.6934,1.7275,4.8909,-3.5210000000000004,0.371,0.671
0.7165,1.7044,4.8909,-3.612,0.46399999999999997,0.671
0.7165,1.6814,4.7587,-3.612,0.46399999999999997,0.738
0.6934,1.6814,4.7587,-3.612,0.371,0.604
0.6934,1.7044,4.7587,-3.5210000000000004,0.27799999999999997,0.738
0.6703,1.7275,4.8909,-3.612,0.185,0.738
0.6703,1.7275,4.8909,-3.612,0.185,0.738
0.6472,1.7275,4.8909,-3.612,0.185,0.738
0.6703,1.6814,4.8909,-3.5210000000000004,0.27799999999999997,0.738
0.6703,1.6353,4.7587,-3.612,0.371,0.671
0.6934,1.6353,4.7587,-3.612,0.371,0.671
0.7165,1.6814,4.7587,-3.612,0.27799999999999997,0.738
0.6934,1.7044,4.7587,-3.612,0.27799999999999997,0.738
0.7165,1.7735,5.0231,-3.612,0.46399999999999997,0.738
0.6703,1.5893,4.6265,-3.5210000000000004,0.371,0.738
0.7165,1.5202,4.6265,-3.5210000000000004,0.27799999999999997,0.604
0.7628,1.428,4.6265,-3.341,0.46399999999999997,0.671
0.7628,1.428,4.6265,-3.341,0.46399999999999997,0.671
0.7397,1.5432,4.8909,-3.16,0.371,0.738
0.6703,1.6584,4.8909,-3.431,0.27799999999999997,0.738
0.6241,1.7275,5.0231,-3.431,0.185,0.806
0.7165,1.7966,5.1553,-3.612,0.371,0.738
0.7628,1.8426,5.2875,-3.702,0.46399999999999997,0.738
0.7859,1.8657,5.2875,-3.702,0.46399999999999997,0.671
0.6934,1.9117,5.2875,-3.702,0.371,0.806
0.6934,1.9117,5.2875,-3.792,0.371,0.738
0.6934,1.8887,5.1553,-3.792,0.371,0.738
0.6703,1.8657,5.1553,-3.792,0.371,0.671
0.6703,1.8887,5.1553,-3.702,0.27799999999999997,0.738
0.6472,1.9117,5.2875,-3.792,0.371,0.738
0.6934,2.0269,5.4196,-3.8819999999999997,0.46399999999999997,0.671
0.6703,1.8887,5.2875,-3.792,0.371,0.738
0.6703,1.8196,5.1553,-3.792,0.27799999999999997,0.671
0.6703,1.8426,5.1553,-3.702,0.27799999999999997,0.738
0.6472,1.9348,5.2875,-3.8819999999999997,0.27799999999999997,0.738
0.6934,2.0039,5.4196,-3.973,0.46399999999999997,0.671
0.6934,2.0039,5.4196,-3.8819999999999997,0.46399999999999997,0.671
0.7165,2.0039,5.4196,-3.973,0.46399999999999997,0.738
0.7165,1.9808,5.2875,-3.8819999999999997,0.5569999999999999,0.738
0.7165,1.9578,5.2875,-3.8819999999999997,0.65,0.671
0.6934,1.9348,5.2875,-3.8819999999999997,0.371,0.806
0.6934,1.9348,5.2875,-3.792,0.371,0.738
0.6472,2.0039,5.2875,-3.973,0.46399999999999997,0.806
0.6934,2.0039,5.2875,-3.8819999999999997,0.371,0.806
0.6934,2.0039,5.2875,-3.973,0.46399999999999997,0.873
0.6934,2.0269,5.5518,-3.8819999999999997,0.46399999999999997,0.738
0.6934,1.9348,5.1553,-3.8819999999999997,0.46399999999999997,0.738
0.6934,1.8887,5.1553,-3.792,0.27799999999999997,0.738
0.6934,1.8887,5.1553,-3.792,0.27799999999999997,0.738
0.6703,1.9348,5.2875,-3.792,0.371,0.738
0.7165,1.9578,5.2875,-3.8819999999999997,0.371,0.806
0.7165,1.9578,5.2875,-3.8819999999999997,0.371,0.806
0.7165,1.9578,5.2875,-3.8819999999999997,0.5569999999999999,0.806
0.6472,1.9117,5.1553,-3.792,0.27799999999999997,0.873
0.601,1.9117,5.1553,-3.8819999999999997,0.092,0.806
0.5779,1.8887,5.1553,-3.792,0.092,0.738
0.601,1.8657,5.1553,-3.792,0.092,0.738
0.6703,1.8657,5.1553,-3.792,0.27799999999999997,0.806
0.6934,1.8887,5.2875,-3.792,0.371,0.738
0.7859,1.8887,5.1553,-3.792,0.65,0.738
0.7628,1.8657,5.1553,-3.8819999999999997,0.5569999999999999,0.738
0.7397,1.8426,5.1553,-3.792,0.46399999999999997,0.671
0.7165,1.7966,5.0231,-3.702,0.46399999999999997,0.671
0.6472,1.7275,4.8909,-3.612,0.092,0.738
0.6241,1.6814,4.7587,-3.5210000000000004,0.092,0.738
0.601,1.6353,4.7587,-3.5210000000000004,0.092,0.671
0.7165,1.7044,4.7587,-3.612,0.371,0.604
0.7397,1.7044,4.7587,-3.702,0.5569999999999999,0.738
0.7165,1.7044,4.7587,-3.702,0.46399999999999997,0.671
0.6934,1.6123,4.6265,-3.702,0.371,0.671
0.6472,1.6353,4.6265,-3.612,0.092,0.738
0.601,1.6123,4.6265,-3.612,0.0,0.738
0.5779,1.6123,4.4943,-3.5210000000000004,0.0,0.738
0.5779,1.5893,4.6265,-3.5210000000000004,0.185,0.5369999999999999
0.6241,1.5662,4.6265,-3.5210000000000004,0.185,0.604
0.7165,1.6123,4.6265,-3.792,0.371,0.604
0.7628,1.6814,4.7587,-3.612,0.46399999999999997,0.738
0.6934,1.7275,4.8909,-3.702,0.371,0.671
0.6934,1.7275,4.8909,-3.702,0.371,0.671
0.6934,1.6814,4.7587,-3.612,0.27799999999999997,0.738
0.6934,1.6584,4.6265,-3.702,0.371,0.671
0.6934,1.6353,4.7587,-3.612,0.185,0.806
0.6934,1.7275,4.8909,-3.702,0.185,0.806
0.6703,1.7735,4.8909,-3.792,0.27799999999999997,0.738
0.7397,1.7505,5.0231,-3.792,0.46399999999999997,0.604
0.7165,1.7735,5.0231,-3.792,0.46399999999999997,0.671
0.6703,1.7966,5.0231,-3.792,0.27799999999999997,0.806
0.6703,1.8887,5.1553,-3.792,0.27799999999999997,0.738
0.6703,1.8887,5.1553,-3.792,0.27799999999999997,0.738
0.6703,1.9348,5.2875,-3.973,0.371,0.738
0.6703,1.9348,5.2875,-3.792,0.371,0.671
0.6703,1.9117,5.2875,-3.8819999999999997,0.27799999999999997,0.738
0.6934,1.9348,5.2875,-3.973,0.371,0.738
0.6934,1.9808,5.2875,-3.8819999999999997,0.371,0.806
0.6703,2.0499,5.4196,-3.973,0.371,0.806
0.6703,2.0499,5.4196,-3.8819999999999997,0.27799999999999997,0.738
0.6703,2.0499,5.4196,-3.973,0.27799999999999997,0.671
0.7165,2.0269,5.4196,-3.973,0.371,0.738
0.7397,2.0499,5.4196,-3.973,0.371,0.806
0.7397,2.096,5.684,-4.063,0.5569999999999999,0.738
0.6703,1.9808,5.2875,-4.063,0.371,0.738
0.6934,1.8887,5.1553,-3.973,0.27799999999999997,0.738
0.6934,1.9348,5.2875,-3.973,0.371,0.738
0.6934,1.9808,5.2875,-3.8819999999999997,0.27799999999999997,0.806
0.6934,1.9808,5.4196,-3.973,0.371,0.806
0.6934,2.0039,5.4196,-3.973,0.27799999999999997,0.738
0.7165,2.0269,5.4196,-3.973,0.371,0.806
0.7165,2.073,5.684,-3.973,0.46399999999999997,0.738
0.7165,2.073,5.684,-3.973,0.46399999999999997,0.738
0.6934,2.073,5.5518,-4.063,0.371,0.738
0.6934,2.096,5.684,-3.973,0.371,0.738
0.6472,2.119,5.5518,-3.973,0.27799999999999997,0.738
0.6703,2.096,5.5518,-3.973,0.371,0.738
0.6703,2.0039,5.4196,-3.973,0.27799999999999997,0.671
0.6703,2.0039,5.2875,-4.063,0.5569999999999999,0.671
0.7165,1.9808,5.1553,-4.063,0.371,0.806
0.7165,1.9808,5.2875,-4.063,0.5569999999999999,0.671
0.7165,2.0039,5.2875,-4.063,0.5569999999999999,0.671
0.6703,1.9808,5.1553,-3.973,0.27799999999999997,0.738
0.6241,2.0269,5.1553,-3.973,0.185,0.671
0.6472,1.9578,5.1553,-3.973,0.185,0.738
0.6472,1.9117,5.1553,-3.8819999999999997,0.27799999999999997,0.738
0.6934,1.8887,5.0231,-3.973,0.27799999999999997,0.738
0.7165,1.8887,5.1553,-3.973,0.46399999999999997,0.671
0.809,1.9117,5.0231,-3.973,0.65,0.738
0.809,1.8887,5.1553,-4.063,0.65,0.671
0.7628,1.8657,5.0231,-3.8819999999999997,0.46399999999999997,0.671
0.7165,1.8657,5.0231,-3.8819999999999997,0.371,0.671
0.5779,1.8196,4.8909,-3.792,-0.092,0.604
0.5085,1.8196,4.8909,-3.612,-0.27799999999999997,0.671
0.5085,1.8196,4.8909,-3.612,-0.27799999999999997,0.671
0.6703,1.8657,5.1553,-3.8819999999999997,0.27799999999999997,0.671
0.6703,1.8657,5.0231,-3.8819999999999997,0.185,0.671
0.7397,1.8196,5.0231,-3.973,0.46399999999999997,0.604
0.7165,1.7735,4.8909,-3.8819999999999997,0.46399999999999997,0.671
0.7859,1.7735,4.8909,-3.792,0.5569999999999999,0.671
0.5547,1.8196,5.0231,-3.702,-0.092,0.671
0.5779,1.8196,5.0231,-3.702,-0.092,0.738
0.6703,1.8426,5.0231,-3.8819999999999997,0.27799999999999997,0.604
0.9015,1.8196,5.1553,-3.792,0.836,0.671
0.7859,1.8426,5.1553,-3.8819999999999997,0.5569999999999999,0.671
0.7165,1.8426,5.0231,-3.8819999999999997,0.46399999999999997,0.671
0.7165,1.8426,5.0231,-3.973,0.371,0.738
0.7165,1.8426,5.0231,-3.973,0.371,0.738
0.6703,1.8426,5.1553,-3.8819999999999997,0.371,0.671
0.6472,1.8196,5.0231,-3.792,0.092,0.738
0.5779,1.7966,5.0231,-3.792,-0.092,0.671
0.6241,1.7735,4.8909,-3.792,0.092,0.671
0.7165,1.7735,4.8909,-3.8819999999999997,0.371,0.5369999999999999
0.6241,1.7275,4.7587,-3.702,0.0,0.604
0.601,1.7044,4.6265,-3.612,0.0,0.604
0.601,1.7044,4.6265,-3.612,0.0,0.604
0.6241,1.7275,4.7587,-3.792,0.0,0.738
0.8552,1.7505,4.8909,-3.792,0.65,0.604
0.8552,1.7505,4.8909,-3.792,0.65,0.604
0.6934,1.7735,4.8909,-3.702,0.185,0.671
0.6934,1.7505,4.8909,-3.702,0.27799999999999997,0.604
0.7165,1.7275,4.7587,-3.792,0.371,0.604
0.6934,1.7966,4.8909,-3.792,0.185,0.738
0.7165,1.7966,4.8909,-3.792,0.371,0.671
0.6472,1.7966,4.8909,-3.792,0.185,0.738
0.5779,1.7505,4.8909,-3.792,-0.092,0.738
0.6472,1.7505,4.8909,-3.792,0.092,0.738
0.6934,1.7966,4.8909,-3.792,0.27799999999999997,0.738
0.7397,1.8426,5.0231,-3.8819999999999997,0.371,0.671
0.7397,1.8887,5.0231,-3.973,0.5569999999999999,0.671
0.7397,1.8426,5.0231,-3.8819999999999997,0.371,0.671
0.6472,1.8657,5.0231,-3.792,0.185,0.671
0.601,1.8426,4.8909,-3.792,0.0,0.738
0.601,1.8657,5.0231,-3.792,0.185,0.806
0.7397,1.9117,5.1553,-3.973,0.5569999999999999,0.671
0.7165,1.9578,5.2875,-3.8819999999999997,0.27799999999999997,0.806
0.7628,2.0039,5.2875,-3.973,0.5569999999999999,0.671
0.7628,2.0039,5.2875,-3.973,0.5569999999999999,0.671
0.6934,2.0499,5.4196,-3.973,0.371,0.738
0.601,1.9808,5.2875,-3.973,0.092,0.671
0.5547,2.0039,5.2875,-3.973,-0.092,0.671
0.601,1.9808,5.2875,-3.973,0.092,0.738
0.6472,1.9808,5.2875,-4.063,0.27799999999999997,0.806
0.6934,1.9348,5.1553,-4.063,0.27799999999999997,0.738
0.6703,1.8196,4.8909,-3.8819999999999997,0.092,0.671
0.6703,1.7505,4.7587,-3.8819999999999997,0.27799999999999997,0.671
0.6934,1.8196,4.8909,-3.792,0.27799999999999997,0.738
0.7165,1.9117,5.0231,-3.973,0.371,0.671
0.6703,1.9578,5.1553,-3.8819999999999997,0.27799999999999997,0.738
0.6934,1.8196,4.8909,-3.8819999999999997,0.371,0.738
0.7397,1.7735,4.7587,-3.792,0.371,0.671
0.7628,1.7505,4.7587,-3.702,0.46399999999999997,0.738
0.7628,1.7505,4.7587,-3.702,0.46399999999999997,0.738
0.6703,1.8196,5.0231,-3.792,0.092,0.671
0.6703,1.8196,5.0231,-3.792,0.092,0.671
0.6703,1.8196,5.0231,-3.792,0.092,0.671
0.7165,1.7505,4.7587,-3.792,0.371,0.671
0.7165,1.7275,4.8909,-3.702,0.27799999999999997,0.738
0.7165,1.7505,4.8909,-3.702,0.371,0.671
0.7165,1.7966,4.8909,-3.792,0.371,0.671
0.7165,1.8657,5.0231,-3.8819999999999997,0.371,0.671
0.7397,1.8426,4.8909,-3.8819999999999997,0.5569999999999999,0.671
0.7397,1.7505,4.8909,-3.792,0.371,0.671
0.7165,1.7275,4.7587,-3.702,0.092,0.671
0.6472,1.7735,4.8909,-3.792,0.092,0.671
0.6703,1.7966,4.8909,-3.792,0.185,0.738
0.6472,1.8426,4.8909,-3.792,0.185,0.738
0.6241,1.7966,4.7587,-3.792,0.092,0.671
0.6703,1.7735,4.7587,-3.702,0.092,0.604
0.7165,1.7735,4.7587,-3.8819999999999997,0.27799999999999997,0.671
0.6934,1.7966,4.8909,-3.792,0.185,0.671
0.6934,1.8196,5.0231,-3.792,0.185,0.738
0.6934,1.8426,5.0231,-3.792,0.27799999999999997,0.671
0.6703,1.8196,5.0231,-3.792,0.185,0.671
0.6703,1.7966,5.0231,-3.702,0.092,0.738
0.6934,1.8196,5.0231,-3.8819999999999997,0.27799999999999997,0.671
0.6934,1.8196,5.0231,-3.8819999999999997,0.27799999999999997,0.671
0.7397,1.8196,5.0231,-3.8819999999999997,0.371,0.738
0.7397,1.8887,5.1553,-3.973,0.46399999999999997,0.738
0.7165,1.8887,5.0231,-3.973,0.371,0.671
0.6703,1.9348,5.1553,-3.973,0.185,0.806
0.6934,1.9348,5.1553,-3.973,0.185,0.738
0.6703,1.9808,5.1553,-3.973,0.27799999999999997,0.806
0.6934,2.0039,5.2875,-4.063,0.371,0.738
0.7397,2.0269,5.4196,-4.063,0.371,0.738
0.6934,2.0269,5.2875,-4.063,0.27799999999999997,0.671
0.6472,2.0269,5.2875,-4.063,0.185,0.738
0.6472,2.073,5.2875,-3.973,0.092,0.671
0.6472,2.0269,5.2875,-4.063,0.27799999999999997,0.738
0.7165,1.9117,5.1553,-4.063,0.27799999999999997,0.671
0.7628,1.9117,5.1553,-3.973,0.5569999999999999,0.671
0.7628,1.9348,5.1553,-3.973,0.27799999999999997,0.738
0.7628,1.9348,5.1553,-3.973,0.27799999999999997,0.738
0.6472,1.9808,5.2875,-3.973,0.185,0.738
0.6472,2.0039,5.2875,-3.973,0.185,0.738
0.6703,2.0039,5.2875,-3.973,0.185,0.738
0.6472,2.0499,5.2875,-4.063,0.185,0.806
0.7397,2.0269,5.2875,-4.063,0.371,0.738
0.7397,2.0499,5.2875,-4.1530000000000005,0.5569999999999999,0.671
0.7628,2.073,5.5518,-4.063,0.46399999999999997,0.671
0.7165,2.073,5.2875,-4.063,0.371,0.806
0.6703,2.0499,5.2875,-4.063,0.27799999999999997,0.738
0.6703,2.073,5.4196,-4.063,0.27799999999999997,0.738
0.6934,2.096,5.4196,-4.063,0.27799999999999997,0.671
0.6934,2.0499,5.2875,-4.063,0.371,0.738
0.7165,2.0039,5.2875,-4.063,0.27799999999999997,0.738
0.6934,1.9117,5.1553,-4.063,0.27799999999999997,0.671
0.6934,1.8887,5.0231,-3.8819999999999997,0.185,0.738
0.6703,1.8887,5.0231,-3.973,0.185,0.738
0.6934,1.8887,5.0231,-3.973,0.27799999999999997,0.671
0.6934,1.8887,5.0231,-3.973,0.27799999999999997,0.738
0.7165,1.9117,5.1553,-4.063,0.185,0.738
0.7165,1.8657,5.0231,-3.973,0.371,0.738
0.7165,1.8426,5.0231,-3.8819999999999997,0.27799999999999997,0.671
0.7165,1.8196,5.0231,-3.792,0.185,0.671
0.6703,1.7966,5.0231,-3.792,0.185,0.738
0.6703,1.8426,5.0231,-3.8819999999999997,0.092,0.738
0.6472,1.8657,5.0231,-3.8819999999999997,0.185,0.738
0.6703,1.8887,5.0231,-3.8819999999999997,0.185,0.671
0.7397,1.8426,5.0231,-3.8819999999999997,0.27799999999999997,0.671
0.7165,1.8196,4.8909,-3.8819999999999997,0.371,0.604
0.7165,1.8196,4.8909,-3.8819999999999997,0.371,0.604
0.6703,1.6814,4.6265,-3.702,0.27799999999999997,0.671
0.6472,1.6584,4.6265,-3.702,0.185,0.671
0.6703,1.6584,4.6265,-3.702,0.185,0.671
0.6472,1.6814,4.6265,-3.702,0.185,0.604
0.6934,1.7275,4.7587,-3.792,0.185,0.671
0.6934,1.7275,4.7587,-3.792,0.185,0.671
0.6703,1.7505,4.6265,-3.792,0.185,0.671
0.6934,1.7275,4.6265,-3.702,0.27799999999999997,0.604
0.6934,1.7044,4.6265,-3.702,0.27799999999999997,0.671
0.6934,1.7044,4.7587,-3.792,0.27799999999999997,0.604
0.6934,1.7505,4.7587,-3.702,0.092,0.671
0.6703,1.7735,4.7587,-3.8819999999999997,0.27799999999999997,0.671
0.6703,1.7505,4.8909,-3.792,0.092,0.671
0.6703,1.7735,4.8909,-3.8819999999999997,0.092,0.738
0.6703,1.8426,5.0231,-3.792,0.092,0.738
0.6934,1.8657,5.1553,-3.973,0.092,0.671
0.6703,1.8887,5.0231,-3.973,0.185,0.738
0.7165,1.8887,5.0231,-3.973,0.27799999999999997,0.671
0.7397,1.8657,5.0231,-3.973,0.27799999999999997,0.671
0.7397,1.8657,5.0231,-3.973,0.371,0.604
0.7397,1.8887,5.0231,-3.973,0.371,0.671
0.7165,1.9117,5.1553,-3.792,0.185,0.738
0.7165,1.9578,5.1553,-3.973,0.27799999999999997,0.671
0.7628,1.8887,5.1553,-3.973,0.46399999999999997,0.671
0.7397,1.8426,5.0231,-3.8819999999999997,0.27799999999999997,0.604
0.6241,1.7275,4.7587,-3.702,-0.092,0.671
0.4623,1.6584,4.7587,-3.5210000000000004,-0.46399999999999997,0.671
0.3929,1.6584,4.7587,-3.431,-0.7430000000000001,0.604
0.4623,1.7044,4.8909,-3.702,-0.371,0.671
0.601,1.7505,4.8909,-3.702,0.0,0.671
0.6241,1.7735,4.8909,-3.792,0.0,0.671
0.6703,1.8426,4.8909,-3.8819999999999997,0.092,0.671
0.6703,1.8887,5.1553,-3.973,0.092,0.671
0.7397,1.9117,5.1553,-3.8819999999999997,0.46399999999999997,0.671
0.8552,1.9348,5.2875,-3.973,0.65,0.671
0.8784,1.9578,5.2875,-4.063,0.7430000000000001,0.671
0.6934,1.9808,5.2875,-4.063,0.27799999999999997,0.671
0.6241,1.9348,5.2875,-3.973,0.092,0.671
0.601,1.9348,5.1553,-3.8819999999999997,0.0,0.671
0.6703,2.0039,5.2875,-3.973,0.092,0.671
0.6934,2.0269,5.4196,-3.973,0.185,0.671
0.7165,2.073,5.4196,-3.973,0.27799999999999997,0.671
0.7859,2.073,5.684,-4.063,0.46399999999999997,0.671
0.809,2.096,5.684,-4.1530000000000005,0.65,0.671
0.7859,2.096,5.684,-4.1530000000000005,0.65,0.671
0.6934,2.1421,5.5518,-4.063,0.185,0.806
0.6703,2.1421,5.8162,-4.063,0.27799999999999997,0.738
0.6703,2.119,5.684,-3.973,0.185,0.806
0.7397,2.096,5.684,-4.063,0.371,0.738
0.7628,2.119,5.5518,-4.063,0.371,0.806
0.7628,2.119,5.5518,-4.1530000000000005,0.371,0.738
0.7165,2.119,5.5518,-4.063,0.27799999999999997,0.738
0.7628,2.096,5.5518,-3.8819999999999997,0.185,0.671
0.6241,2.096,5.2875,-3.8819999999999997,0.092,0.738
0.5779,2.096,5.4196,-3.8819999999999997,0.092,0.806
0.5779,2.096,5.4196,-3.973,0.092,0.738
0.6472,2.0499,5.4196,-3.8819999999999997,0.185,0.806
0.7628,1.9808,5.1553,-4.063,0.46399999999999997,0.604
0.7859,1.9578,5.1553,-4.063,0.46399999999999997,0.604
0.7859,1.9578,5.1553,-4.063,0.46399999999999997,0.604
0.6934,1.9808,5.1553,-3.973,0.27799999999999997,0.671
0.6472,2.073,5.2875,-3.973,0.092,0.738
0.6934,1.9348,5.1553,-3.973,0.185,0.671
0.6934,1.9348,5.1553,-3.973,0.185,0.671
0.7397,1.9808,5.2875,-4.063,0.371,0.604
0.7628,1.9808,5.2875,-3.973,0.371,0.738
0.7859,1.9808,5.2875,-3.973,0.46399999999999997,0.671
0.7859,1.9808,5.2875,-3.973,0.46399999999999997,0.671
0.7628,1.9578,5.1553,-3.973,0.46399999999999997,0.671
0.7397,1.9117,5.1553,-3.973,0.371,0.671
0.6934,1.9117,5.1553,-3.8819999999999997,0.27799999999999997,0.738
0.6934,1.8887,5.0231,-3.8819999999999997,0.185,0.738
0.6703,1.8887,5.0231,-3.973,0.185,0.738
0.6703,1.8657,5.0231,-3.973,0.092,0.806
0.6703,1.8426,5.0231,-3.973,0.092,0.738
0.6703,1.8196,4.8909,-3.8819999999999997,0.185,0.604
0.7165,1.8887,5.0231,-3.8819999999999997,0.185,0.671
0.7165,1.8887,5.0231,-3.973,0.27799999999999997,0.671
0.7165,1.9117,5.0231,-3.973,0.371,0.671
0.6703,1.8196,4.8909,-3.973,0.185,0.671
0.6472,1.8196,4.8909,-3.8819999999999997,0.0,0.671
0.6241,1.8196,4.8909,-3.792,0.0,0.671
0.6241,1.8196,5.0231,-3.8819999999999997,0.0,0.671
0.6472,1.8426,4.8909,-3.792,0.0,0.604
0.6703,1.7735,4.8909,-3.792,0.27799999999999997,0.604
0.7165,1.7275,4.7587,-3.792,0.27799999999999997,0.604
0.6934,1.7505,4.7587,-3.792,0.27799999999999997,0.671
0.7165,1.7505,4.7587,-3.792,0.27799999999999997,0.671
0.6934,1.7505,4.7587,-3.792,0.185,0.738
0.6703,1.7275,4.6265,-3.702,0.185,0.738
0.6472,1.5662,4.4943,-3.702,0.185,0.604
0.6934,1.405,4.4943,-3.5210000000000004,0.092,0.403
0.7628,1.1516,4.4943,-2.889,0.185,0.403
0.6934,1.4511,4.6265,-3.341,0.0,0.671
0.6241,1.5893,4.6265,-3.612,-0.092,0.671
0.6241,1.5893,4.4943,-3.702,0.092,0.604
0.6241,1.5893,4.4943,-3.612,0.185,0.604
0.6703,1.6353,4.6265,-3.702,0.185,0.604
0.6703,1.6353,4.6265,-3.702,0.185,0.604
0.6934,1.7044,4.7587,-3.702,0.092,0.604
0.6934,1.7275,4.7587,-3.792,0.27799999999999997,0.671
0.6934,1.7275,4.6265,-3.702,0.27799999999999997,0.671
0.6472,1.6584,4.7587,-3.792,0.185,0.671
0.6472,1.6584,4.7587,-3.792,0.185,0.671
0.5547,1.7044,4.6265,-3.702,-0.185,0.738
0.6934,1.7735,4.8909,-3.792,0.092,0.671
0.6934,1.7735,4.8909,-3.792,0.092,0.671
0.7859,1.8887,5.1553,-4.063,0.46399999999999997,0.5369999999999999
0.7628,1.8887,5.1553,-3.8819999999999997,0.371,0.738
0.7165,1.9348,5.1553,-3.973,0.27799999999999997,0.738
0.7165,1.9578,5.2875,-4.063,0.371,0.671
0.7628,1.9117,5.1553,-4.063,0.46399999999999997,0.604
0.7397,1.8426,5.0231,-3.973,0.371,0.671
0.6241,1.8196,5.0231,-3.792,0.092,0.738
0.5547,1.8426,5.0231,-3.792,-0.185,0.738
0.6703,1.9808,5.2875,-3.973,0.185,0.738
0.6934,2.073,5.2875,-3.973,0.27799999999999997,0.671
0.7397,2.119,5.5518,-3.973,0.371,0.604
0.7165,2.119,5.684,-4.063,0.27799999999999997,0.5369999999999999
0.7165,2.096,5.684,-4.063,0.27799999999999997,0.671
0.7397,2.096,5.684,-4.063,0.27799999999999997,0.671
0.7165,2.119,5.684,-4.063,0.27799999999999997,0.671
0.6703,2.1421,5.684,-3.973,0.185,0.671
0.7165,2.1651,5.8162,-4.1530000000000005,0.27799999999999997,0.604
0.7859,2.1651,5.684,-4.063,0.46399999999999997,0.806
0.7859,2.1881,5.684,-4.063,0.371,0.806
0.7628,2.2572,5.8162,-4.1530000000000005,0.371,0.873
0.7628,2.2803,5.8162,-4.1530000000000005,0.371,0.806
0.7628,2.2803,5.8162,-4.1530000000000005,0.371,0.806
0.7165,2.1651,5.684,-3.973,0.27799999999999997,0.806
0.6934,2.1651,5.8162,-4.063,0.092,0.738
0.6934,2.2342,5.9484,-4.063,0.185,0.738
0.6934,2.2572,5.8162,-4.1530000000000005,0.27799999999999997,0.806
0.7628,2.2342,5.8162,-4.1530000000000005,0.371,0.806
0.7628,2.1881,5.684,-4.1530000000000005,0.46399999999999997,0.806
0.7859,2.1651,5.684,-4.063,0.46399999999999997,0.806
0.7397,2.1881,5.8162,-3.973,0.371,0.738
0.7397,2.1881,5.8162,-3.973,0.371,0.738
0.6934,2.1421,5.684,-3.973,0.185,0.671
0.6934,2.1421,5.684,-3.973,0.185,0.671
0.6703,2.073,5.2875,-3.973,0.092,0.604
0.6934,2.0039,5.2875,-3.973,0.185,0.671
0.6703,2.0269,5.2875,-4.063,0.27799999999999997,0.738
0.6703,2.0269,5.2875,-4.063,0.27799999999999997,0.738
0.7165,2.073,5.5518,-4.1530000000000005,0.27799999999999997,0.604
0.7165,2.073,5.4196,-3.973,0.185,0.738
0.6934,2.0269,5.2875,-4.063,0.185,0.671
0.6703,1.9348,5.1553,-4.063,0.092,0.738
0.6241,1.9348,5.0231,-3.8819999999999997,0.092,0.738
0.6241,1.9117,5.0231,-3.8819999999999997,0.092,0.671
0.6472,1.9348,5.0231,-3.973,0.0,0.604
0.6703,1.9348,5.0231,-3.8819999999999997,0.185,0.604
0.6703,1.9117,5.0231,-3.8819999999999997,0.185,0.738
0.6934,1.8887,4.8909,-3.8819999999999997,0.185,0.5369999999999999
0.6934,1.8196,4.8909,-3.8819999999999997,0.092,0.738
0.6934,1.7966,4.8909,-3.8819999999999997,0.185,0.671
0.7165,1.7505,4.8909,-3.792,0.092,0.671
0.6934,1.7735,4.8909,-3.702,0.185,0.738
0.7165,1.7966,4.8909,-3.702,0.185,0.671
0.6703,1.8657,4.8909,-3.702,0.185,0.738
0.6934,1.8426,4.8909,-3.8819999999999997,0.092,0.738
0.6934,1.8657,4.8909,-3.8819999999999997,0.092,0.671
0.7165,1.8657,4.8909,-3.792,0.092,0.604
0.7397,1.8657,4.8909,-3.8819999999999997,0.092,0.671
0.7397,1.8657,5.0231,-3.8819999999999997,0.185,0.671
0.6934,1.8887,4.8909,-3.8819999999999997,0.092,0.671
0.6703,1.8887,5.0231,-3.973,0.092,0.671
0.6472,1.9117,5.0231,-3.8819999999999997,0.092,0.738
0.6241,1.9348,5.0231,-3.8819999999999997,0.092,0.738
0.6703,1.9117,5.0231,-3.8819999999999997,0.092,0.738
0.7165,1.9348,5.0231,-3.8819999999999997,0.185,0.738
0.7397,1.8887,5.0231,-3.973,0.185,0.738
0.6934,1.9348,5.0231,-3.8819999999999997,0.185,0.671
0.7165,1.9348,5.0231,-3.8819999999999997,0.185,0.738
0.7165,1.9117,5.0231,-3.8819999999999997,0.185,0.806
0.7165,1.9117,5.0231,-3.973,0.092,0.671
0.7165,1.9117,5.0231,-3.973,0.092,0.671
0.6934,1.8887,5.0231,-3.792,0.092,0.604
0.6703,1.8426,4.7587,-3.8819999999999997,0.185,0.738
0.6934,1.8196,4.7587,-3.792,0.092,0.738
0.6934,1.8196,4.7587,-3.792,0.092,0.738
0.7165,1.7735,4.7587,-3.792,0.27799999999999997,0.604
0.7165,1.7505,4.6265,-3.702,0.27799999999999997,0.671
0.7628,1.7966,4.8909,-3.702,0.185,0.671
0.7397,1.7966,4.8909,-3.8819999999999997,0.371,0.671
0.7165,1.8426,4.7587,-3.8819999999999997,0.27799999999999997,0.671
0.6703,1.8426,4.7587,-3.8819999999999997,0.092,0.806
0.6934,1.8426,4.7587,-3.973,0.092,0.671
0.6934,1.7966,4.7587,-3.8819999999999997,0.092,0.738
0.6703,1.8196,4.8909,-3.8819999999999997,0.0,0.671
0.7165,1.8887,4.8909,-3.8819999999999997,0.371,0.671
0.7397,1.8887,4.8909,-3.8819999999999997,0.46399999999999997,0.738
0.7859,1.8657,4.8909,-3.8819999999999997,0.46399999999999997,0.738
0.7859,1.8426,4.8909,-3.973,0.371,0.738
0.7165,1.8887,4.7587,-3.8819999999999997,0.27799999999999997,0.738
0.6703,1.8657,4.8909,-3.973,0.185,0.671
0.6703,1.8887,4.8909,-3.8819999999999997,0.0,0.671
0.6703,1.9348,5.0231,-3.973,0.092,0.671
0.6703,1.9578,5.0231,-4.063,0.185,0.604
0.6703,2.0039,5.0231,-4.063,0.092,0.604
0.7397,1.9578,5.0231,-4.063,0.092,0.671
0.7628,1.9348,4.8909,-4.063,0.371,0.671
0.7628,1.9348,4.8909,-4.063,0.371,0.671
0.7397,1.9117,4.8909,-3.973,0.371,0.738
0.6934,1.9808,5.0231,-4.063,0.371,0.604
0.6934,1.9808,5.1553,-4.063,0.185,0.671
0.6934,2.0269,5.1553,-4.063,0.185,0.738
0.7165,2.0269,5.0231,-4.063,0.185,0.806
0.7397,2.0499,5.2875,-4.063,0.371,0.671
0.7628,2.0499,5.2875,-4.1530000000000005,0.371,0.671
0.809,2.0499,5.4196,-4.1530000000000005,0.5569999999999999,0.671
0.7859,2.0499,5.2875,-4.1530000000000005,0.5569999999999999,0.738
0.6241,2.119,5.4196,-3.973,0.092,0.806
0.4854,2.119,5.5518,-3.8819999999999997,-0.27799999999999997,0.738
0.3698,2.096,5.5518,-3.8819999999999997,-0.65,0.806
0.6241,2.1881,5.684,-3.973,-0.092,0.806
0.7397,2.1651,5.5518,-4.063,0.27799999999999997,0.738
0.7628,2.1651,5.684,-4.063,0.27799999999999997,0.738
0.8321,2.1881,5.684,-4.244,0.65,0.806
0.809,2.1881,5.5518,-4.244,0.46399999999999997,0.738
0.7859,2.1651,5.684,-4.244,0.371,0.738
0.7628,2.1651,5.5518,-4.244,0.371,0.738
0.8321,2.073,5.684,-3.973,0.5569999999999999,0.873
0.7628,2.1651,5.4196,-4.1530000000000005,0.46399999999999997,0.806
0.7165,2.073,5.2875,-4.063,0.27799999999999997,0.738
0.7397,1.7044,5.2875,-3.341,0.092,0.671
0.7859,1.5662,5.4196,-3.07,0.185,0.671
0.7859,1.9117,5.5518,-3.612,0.371,0.671
0.7165,2.073,5.684,-3.792,0.27799999999999997,0.806
0.6703,2.1421,5.684,-4.063,0.185,0.738
0.7165,2.119,5.4196,-4.1530000000000005,0.185,0.671
0.7165,2.073,5.2875,-4.1530000000000005,0.46399999999999997,0.671
0.6703,2.096,5.1553,-3.973,0.27799999999999997,0.806
0.6241,2.119,5.2875,-4.063,0.185,0.738
0.6703,2.1421,5.4196,-4.063,0.185,0.738
0.6934,2.0269,5.2875,-4.063,0.185,0.671
0.6934,1.9808,5.1553,-4.1530000000000005,0.27799999999999997,0.671
0.6934,2.0039,5.1553,-4.063,0.185,0.671
0.6703,2.073,5.2875,-4.063,0.185,0.738
0.7165,2.073,5.2875,-4.063,0.185,0.738
0.6934,2.0039,5.1553,-4.1530000000000005,0.371,0.671
0.6934,1.9578,5.1553,-4.063,0.185,0.671
0.6472,1.9348,5.0231,-3.8819999999999997,0.185,0.738
0.6472,1.9348,5.0231,-3.8819999999999997,0.185,0.738
0.7165,2.0039,5.2875,-4.063,0.371,0.604
0.7397,2.0269,5.1553,-4.063,0.27799999999999997,0.671
0.7165,2.0039,5.1553,-4.063,0.185,0.738
0.6934,1.9808,5.1553,-4.063,0.185,0.738
0.6934,1.9348,5.0231,-4.063,0.092,0.671
0.6472,1.8426,4.7587,-3.8819999999999997,0.185,0.604
0.6472,1.7966,4.7587,-3.8819999999999997,0.185,0.671
0.6472,1.7735,4.7587,-3.792,0.092,0.671
0.6934,1.7735,4.7587,-3.792,0.092,0.671
0.7165,1.7735,4.7587,-3.792,0.27799999999999997,0.604
0.7397,1.8196,4.7587,-3.792,0.27799999999999997,0.671
0.7397,1.8657,4.8909,-3.973,0.27799999999999997,0.604
0.7165,1.9117,5.0231,-4.063,0.371,0.671
0.7165,1.9117,5.0231,-4.063,0.371,0.738
0.7165,1.9348,5.0231,-3.973,0.27799999999999997,0.806
0.6934,1.9578,5.0231,-3.973,0.27799999999999997,0.738
0.6934,2.0039,5.1553,-4.063,0.27799999999999997,0.604
0.6934,2.0039,5.1553,-4.1530000000000005,0.27799999999999997,0.671
0.7165,2.0269,5.2875,-4.063,0.27799999999999997,0.738
0.7165,2.0499,5.1553,-4.063,0.27799999999999997,0.738
0.7397,2.0269,5.0231,-4.1530000000000005,0.46399999999999997,0.738
0.7628,2.0039,5.1553,-4.1530000000000005,0.46399999999999997,0.671
0.7628,2.0039,5.1553,-3.973,0.46399999999999997,0.604
0.7628,2.0039,5.1553,-4.063,0.371,0.671
0.7397,2.0499,5.1553,-4.063,0.371,0.806
0.7165,2.073,5.1553,-4.1530000000000005,0.371,0.806
0.6703,2.073,5.2875,-4.063,0.27799999999999997,0.738
0.6934,2.073,5.0231,-4.1530000000000005,0.27799999999999997,0.806
0.7165,2.0269,5.1553,-4.1530000000000005,0.27799999999999997,0.671
0.7397,2.0039,5.1553,-4.063,0.185,0.671
0.7397,1.9578,4.8909,-4.063,0.371,0.806
0.7397,1.9578,4.8909,-4.063,0.371,0.806
0.7165,2.0039,5.2875,-4.063,0.27799999999999997,0.738
0.7165,2.0039,5.1553,-4.063,0.185,0.738
0.6934,2.0269,5.2875,-4.063,0.27799999999999997,0.671
0.6703,2.0039,5.1553,-4.063,0.185,0.671
0.6934,2.0269,5.1553,-3.973,0.185,0.738
0.6934,2.0269,5.1553,-3.973,0.185,0.738
0.6934,2.0039,5.0231,-4.1530000000000005,0.371,0.738
0.6934,1.9578,5.1553,-4.063,0.185,0.806
0.6934,1.8887,5.0231,-3.973,0.092,0.671
0.6703,1.8887,4.8909,-3.8819999999999997,0.092,0.604
0.6703,1.8887,4.8909,-3.8819999999999997,0.092,0.671
0.6934,1.9117,5.0231,-3.973,0.092,0.671
0.7165,1.9348,4.8909,-3.973,0.27799999999999997,0.604
0.7397,1.9117,5.0231,-4.063,0.371,0.5369999999999999
0.7397,1.8426,4.8909,-3.973,0.27799999999999997,0.738
0.7397,1.7966,4.8909,-3.8819999999999997,0.371,0.671
0.6934,1.8426,4.8909,-3.8819999999999997,0.371,0.671
0.6703,1.8657,4.8909,-3.8819999999999997,0.185,0.604
0.6472,1.9117,5.0231,-3.973,0.092,0.671
0.6703,1.8887,4.8909,-3.8819999999999997,0.092,0.738
0.6703,1.7505,4.6265,-3.792,0.185,0.604
0.6934,1.7505,4.6265,-3.702,0.27799999999999997,0.671
0.6703,1.7505,4.7587,-3.792,0.185,0.604
0.6472,1.8196,4.6265,-3.792,0.092,0.671
0.6472,1.8426,4.7587,-3.973,0.0,0.671
0.6703,1.8196,4.7587,-3.8819999999999997,0.27799999999999997,0.604
0.7165,1.7966,4.7587,-3.8819999999999997,0.27799999999999997,0.5369999999999999
0.7165,1.8196,4.7587,-3.8819999999999997,0.27799999999999997,0.671
0.7165,1.8196,4.7587,-3.8819999999999997,0.27799999999999997,0.671
0.6703,1.8196,4.6265,-3.792,0.185,0.5369999999999999
0.6703,1.7735,4.6265,-3.792,0.092,0.5369999999999999
0.6934,1.7044,4.4943,-3.702,0.092,0.604
0.6703,1.7044,4.6265,-3.702,0.185,0.604
0.6934,1.7505,4.6265,-3.702,0.27799999999999997,0.604
0.6934,1.7505,4.6265,-3.702,0.27799999999999997,0.604
0.7397,1.8426,4.8909,-3.8819999999999997,0.371,0.671
0.7397,1.8657,4.7587,-3.8819999999999997,0.27799999999999997,0.671
0.7165,1.8426,4.8909,-3.973,0.27799999999999997,0.671
0.6934,1.8657,4.8909,-3.973,0.27799999999999997,0.671
0.6703,1.9348,5.0231,-4.063,0.092,0.671
0.7165,2.0269,5.2875,-4.063,0.371,0.738
0.7859,1.9808,5.2875,-4.063,0.371,0.738
0.7397,2.0039,5.2875,-3.973,0.27799999999999997,0.671
0.7397,2.0269,5.1553,-4.063,0.371,0.806
0.7628,2.0499,5.4196,-3.973,0.27799999999999997,0.738
0.7165,2.119,5.5518,-4.063,0.27799999999999997,0.738
0.6934,2.119,5.5518,-4.1530000000000005,0.27799999999999997,0.671
0.6703,2.119,5.5518,-4.063,0.27799999999999997,0.671
0.6703,2.096,5.4196,-3.973,0.27799999999999997,0.806
0.7165,2.119,5.684,-3.973,0.371,0.738
0.7628,2.1421,5.684,-3.973,0.371,0.738
0.7859,2.2112,5.8162,-4.063,0.46399999999999997,0.738
0.809,2.2342,5.684,-4.063,0.46399999999999997,0.806
0.7397,2.2342,5.684,-4.063,0.46399999999999997,0.806
0.7165,2.2342,5.8162,-4.063,0.27799999999999997,0.94
0.7165,2.2803,5.8162,-3.973,0.185,0.94
0.7397,2.3033,5.8162,-4.063,0.371,0.873
0.7397,2.3033,5.9484,-4.063,0.46399999999999997,0.873
0.7165,2.3263,5.8162,-4.063,0.371,0.873
0.7628,2.2803,5.8162,-4.063,0.27799999999999997,0.806
0.7397,2.2342,5.684,-4.063,0.46399999999999997,0.806
0.7165,2.2342,5.684,-4.063,0.46399999999999997,0.806
0.6934,2.2572,5.8162,-4.063,0.371,0.604
0.6703,2.2112,5.8162,-4.063,0.27799999999999997,0.738
0.6934,2.1651,5.8162,-3.973,0.092,0.738
0.6934,2.1881,5.8162,-4.063,0.27799999999999997,0.738
0.7165,2.2112,5.684,-3.973,0.27799999999999997,0.671
0.7165,2.1881,5.8162,-4.063,0.27799999999999997,0.671
0.7165,2.1651,5.684,-3.973,0.185,0.738
0.7165,2.1651,5.4196,-4.063,0.371,0.738
0.7165,2.073,5.2875,-4.063,0.27799999999999997,0.738
0.7165,2.073,5.2875,-4.063,0.27799999999999997,0.738
0.6934,1.9578,5.1553,-4.063,0.185,0.671
0.6934,1.9578,5.1553,-4.063,0.185,0.671
0.6934,1.9808,5.1553,-3.973,0.185,0.671
0.6934,2.0269,5.2875,-4.063,0.371,0.604
0.7165,2.0499,5.2875,-4.063,0.371,0.604
0.7397,2.0269,5.1553,-4.063,0.27799999999999997,0.671
0.7165,2.0269,5.1553,-4.063,0.27799999999999997,0.671
0.7397,1.9117,5.0231,-3.973,0.27799999999999997,0.671
0.6934,1.8887,4.8909,-3.792,0.185,0.604
0.6934,1.8426,4.8909,-3.792,0.092,0.671
0.6241,1.8196,4.8909,-3.702,0.0,0.604
0.6934,1.7505,4.7587,-3.792,0.092,0.604
0.6934,1.7275,4.6265,-3.702,0.185,0.604
0.6934,1.7275,4.6265,-3.702,0.185,0.604
0.809,1.7044,4.7587,-3.702,0.46399999999999997,0.738
0.809,1.7044,4.7587,-3.702,0.46399999999999997,0.738
0.7628,1.7966,4.7587,-3.702,0.371,0.671
0.5547,1.7505,4.6265,-3.5210000000000004,-0.27799999999999997,0.604
0.5547,1.7505,4.6265,-3.5210000000000004,-0.27799999999999997,0.604
0.5547,1.7044,4.4943,-3.702,-0.092,0.671
0.6472,1.7275,4.4943,-3.702,0.092,0.604
0.7165,1.7505,4.6265,-3.702,0.185,0.5369999999999999
0.6934,1.6353,4.4943,-3.702,0.185,0.5369999999999999
0.7628,1.5893,4.3621,-3.702,0.185,0.5369999999999999
0.7397,1.6353,4.3621,-3.792,0.27799999999999997,0.47
0.6934,1.6123,4.4943,-3.612,0.185,0.604
0.6703,1.6353,4.4943,-3.612,0.185,0.604
0.6934,1.6353,4.4943,-3.612,0.185,0.604
0.6934,1.6353,4.4943,-3.612,0.185,0.604
0.6703,1.6814,4.4943,-3.702,0.092,0.604
0.6703,1.7275,4.4943,-3.702,0.092,0.5369999999999999
0.6703,1.7044,4.4943,-3.702,0.092,0.604
0.6934,1.7275,4.4943,-3.702,0.185,0.5369999999999999
0.7165,1.7044,4.4943,-3.702,0.185,0.604
0.7165,1.7275,4.6265,-3.702,0.27799999999999997,0.671
0.6934,1.7735,4.6265,-3.702,0.27799999999999997,0.671
0.6934,1.8426,4.7587,-3.792,0.185,0.671
0.6703,1.9117,4.7587,-3.792,0.185,0.671
0.7165,1.8657,4.8909,-3.8819999999999997,0.371,0.604
0.7165,1.8657,4.7587,-3.8819999999999997,0.27799999999999997,0.604
0.7165,1.8657,4.7587,-3.8819999999999997,0.27799999999999997,0.671
0.6934,1.8887,4.8909,-3.8819999999999997,0.092,0.671
0.7165,1.9117,4.8909,-4.063,0.27799999999999997,0.671
0.6934,1.9808,5.0231,-3.973,0.27799999999999997,0.671
0.7397,2.0269,5.1553,-3.973,0.27799999999999997,0.738
0.7628,2.119,5.5518,-3.973,0.371,0.671
0.7859,2.1421,5.684,-3.973,0.46399999999999997,0.806
0.809,2.1651,5.684,-3.973,0.46399999999999997,0.738
0.7628,2.1651,5.684,-4.063,0.371,0.738
0.7628,2.1651,5.684,-4.063,0.371,0.738
0.7397,2.1651,5.5518,-3.973,0.371,0.671
0.7165,2.2342,5.684,-3.973,0.371,0.873
0.7165,2.2803,5.684,-4.063,0.46399999999999997,0.873
0.7165,2.3494,5.8162,-3.973,0.371,0.873
0.7165,2.3263,5.684,-4.063,0.46399999999999997,0.873
0.7165,2.2803,5.684,-4.063,0.46399999999999997,0.873
0.7628,2.2803,5.8162,-4.063,0.46399999999999997,0.738
0.7628,2.3263,5.9484,-4.063,0.46399999999999997,0.873
0.6934,2.4185,5.9484,-4.063,0.46399999999999997,0.806
0.6934,2.4645,6.2128,-4.063,0.27799999999999997,0.873
0.6934,2.4645,6.2128,-4.063,0.27799999999999997,0.873
0.7165,2.3954,6.0806,-4.063,0.185,0.873
0.7165,2.3954,6.0806,-4.063,0.185,0.873
0.7165,2.3724,5.9484,-4.063,0.46399999999999997,0.873
0.7628,2.4415,6.0806,-4.1530000000000005,0.5569999999999999,0.94
0.7397,2.5106,6.2128,-4.1530000000000005,0.5569999999999999,0.873
0.7397,2.4876,6.0806,-4.1530000000000005,0.371,0.94
0.7165,2.4645,5.9484,-4.244,0.371,0.806
0.7165,2.3724,5.9484,-4.1530000000000005,0.371,0.806
0.6934,2.3263,5.8162,-4.1530000000000005,0.371,0.873
0.7165,2.3033,5.684,-4.063,0.371,0.806
0.6934,2.3494,5.9484,-4.1530000000000005,0.371,0.738
0.7397,2.3494,5.8162,-4.1530000000000005,0.371,0.806
0.7397,2.3494,5.8162,-4.1530000000000005,0.371,0.806
0.7397,2.3033,5.684,-4.1530000000000005,0.371,0.806
0.7165,2.2572,5.5518,-3.973,0.27799999999999997,0.873
0.7165,2.2342,5.684,-4.063,0.27799999999999997,0.738
0.6703,2.2572,5.5518,-3.973,0.185,0.806
0.6934,2.2112,5.5518,-4.063,0.185,0.806
0.6703,2.2342,5.4196,-4.063,0.185,0.671
0.6934,2.1421,5.4196,-3.973,0.185,0.738
0.6934,2.119,5.2875,-4.063,0.185,0.671
0.6703,2.119,5.4196,-4.063,0.185,0.671
0.6703,2.119,5.4196,-4.063,0.185,0.671
0.6703,2.1651,5.4196,-3.973,0.185,0.671
0.6934,2.119,5.4196,-4.1530000000000005,0.27799999999999997,0.671
0.7165,2.0499,5.1553,-4.1530000000000005,0.371,0.738
0.6934,2.073,5.1553,-4.1530000000000005,0.371,0.671
0.6472,2.073,5.1553,-3.973,0.27799999999999997,0.738
0.6472,2.119,5.4196,-4.063,0.27799999999999997,0.671
0.6703,2.119,5.2875,-3.973,0.185,0.738
0.6934,2.0039,5.0231,-4.063,0.46399999999999997,0.671
0.7165,1.9808,5.0231,-4.063,0.27799999999999997,0.738
0.7397,1.9578,4.8909,-3.973,0.371,0.604
0.7397,1.9578,4.8909,-3.973,0.371,0.671
0.6934,1.9578,5.0231,-3.8819999999999997,0.185,0.671
0.6472,1.9808,4.8909,-3.973,0.185,0.671
0.6472,1.9578,5.0231,-3.973,0.092,0.671
0.6703,1.9808,5.0231,-3.973,0.092,0.671
0.6703,1.9808,5.0231,-3.973,0.092,0.671
0.6934,1.9808,5.0231,-3.973,0.185,0.671
0.7165,2.0039,5.0231,-3.973,0.27799999999999997,0.671
0.7397,1.9578,4.8909,-3.973,0.371,0.604
0.7628,1.9808,4.8909,-3.792,0.27799999999999997,0.604
0.7397,1.9348,5.0231,-3.8819999999999997,0.27799999999999997,0.604
0.6934,1.9348,4.8909,-3.8819999999999997,0.092,0.604
0.6934,1.9117,4.8909,-3.8819999999999997,0.185,0.5369999999999999
0.6934,1.8887,4.7587,-3.8819999999999997,0.185,0.738
0.6934,1.9348,4.8909,-3.8819999999999997,0.092,0.671
0.6934,2.0039,5.0231,-3.8819999999999997,0.185,0.604
0.6934,2.0039,5.0231,-3.8819999999999997,0.185,0.604
0.7165,2.0499,5.0231,-3.973,0.27799999999999997,0.671
0.7165,2.0039,5.0231,-3.973,0.27799999999999997,0.671
0.7628,1.9348,4.8909,-3.973,0.371,0.604
0.7628,1.9117,4.8909,-3.8819999999999997,0.46399999999999997,0.604
0.7397,1.9117,4.7587,-3.792,0.46399999999999997,0.671
0.7397,1.9117,4.8909,-3.8819999999999997,0.27799999999999997,0.738
0.7165,1.9348,4.8909,-3.973,0.371,0.604
0.7165,1.9348,4.8909,-3.792,0.27799999999999997,0.738
0.6934,1.9578,5.0231,-3.973,0.185,0.671
0.7397,2.0499,5.1553,-4.063,0.46399999999999997,0.671
0.7397,2.0499,5.1553,-4.063,0.46399999999999997,0.671
0.7397,2.073,5.2875,-4.063,0.371,0.738
0.7628,2.073,5.2875,-4.063,0.27799999999999997,0.671
0.7165,2.0499,5.0231,-4.063,0.185,0.806
0.6934,2.0499,5.0231,-4.063,0.092,0.738
0.6703,2.073,5.2875,-3.973,0.185,0.738
0.6703,2.119,5.5518,-3.8819999999999997,0.185,0.806
0.7165,2.119,5.4196,-4.063,0.46399999999999997,0.671
0.7165,2.119,5.4196,-4.063,0.46399999999999997,0.671
0.7397,2.0499,5.2875,-4.063,0.371,0.738
0.7397,2.0499,5.2875,-3.973,0.371,0.738
0.6934,2.096,5.2875,-3.973,0.27799999999999997,0.806
0.6703,2.1421,5.5518,-3.8819999999999997,0.185,0.738
0.6934,2.1881,5.5518,-3.8819999999999997,0.185,0.738
0.7397,2.1421,5.5518,-3.973,0.371,0.738
0.7859,2.096,5.4196,-4.063,0.46399999999999997,0.671
0.7859,2.073,5.4196,-4.063,0.5569999999999999,0.671
0.7397,2.073,5.4196,-3.973,0.27799999999999997,0.738
0.6703,2.073,5.2875,-3.8819999999999997,0.185,0.738
0.6472,2.0499,5.1553,-3.973,0.185,0.738
0.6703,2.0499,5.1553,-3.973,0.185,0.671
0.6703,2.0269,5.1553,-3.973,0.185,0.738
0.7397,2.0269,5.1553,-3.973,0.27799999999999997,0.738
0.7397,2.0039,5.1553,-3.973,0.46399999999999997,0.604
0.7628,1.9348,5.0231,-3.8819999999999997,0.185,0.671
0.7165,1.8887,4.8909,-3.8819999999999997,0.371,0.604
0.6934,1.8657,4.8909,-3.792,0.092,0.671
0.6472,1.9348,5.0231,-3.8819999999999997,0.092,0.604
0.6472,1.9808,5.0231,-3.8819999999999997,0.185,0.671
0.6703,2.0039,5.0231,-3.8819999999999997,0.185,0.738
0.6934,1.9808,5.0231,-3.973,0.185,0.738
0.7397,1.9578,5.0231,-3.973,0.46399999999999997,0.671
0.7397,1.9578,5.0231,-3.973,0.46399999999999997,0.671
0.7628,1.9578,4.8909,-3.8819999999999997,0.46399999999999997,0.604
0.7397,1.9348,5.0231,-3.8819999999999997,0.185,0.738
0.6703,1.9348,4.8909,-3.702,0.185,0.671
0.6703,1.9348,4.8909,-3.8819999999999997,0.0,0.738
0.6703,1.9117,4.8909,-3.8819999999999997,0.092,0.671
0.6934,1.9578,5.0231,-3.8819999999999997,0.185,0.604
0.7165,1.9348,4.8909,-3.792,0.27799999999999997,0.671
0.7165,1.8887,4.8909,-3.8819999999999997,0.371,0.604
0.7165,1.8887,4.8909,-3.792,0.185,0.671
0.6934,1.8887,4.8909,-3.792,0.185,0.671
0.6934,1.8887,4.8909,-3.792,0.185,0.671
0.6472,1.9348,5.0231,-3.792,0.092,0.738
0.6934,1.9808,5.1553,-3.973,0.185,0.671
0.7165,1.9808,5.1553,-3.8819999999999997,0.27799999999999997,0.671
0.7165,1.9348,5.0231,-3.8819999999999997,0.185,0.671
0.7165,1.8657,4.8909,-3.792,0.185,0.671
0.7165,1.8657,4.8909,-3.792,0.185,0.671
0.6934,1.9348,5.0231,-3.973,0.185,0.671
0.6703,1.9578,5.0231,-3.973,0.185,0.738
0.6703,1.9578,5.0231,-3.973,0.185,0.738
0.6934,1.9117,5.0231,-3.792,0.185,0.604
0.7165,1.8887,4.8909,-3.792,0.185,0.671
0.7397,1.8887,4.8909,-3.8819999999999997,0.371,0.604
0.7397,1.8887,5.0231,-3.8819999999999997,0.185,0.671
0.7397,1.8657,5.0231,-3.8819999999999997,0.27799999999999997,0.604
0.7397,1.8426,5.0231,-3.702,0.27799999999999997,0.671
0.7628,1.9348,5.0231,-3.792,0.27799999999999997,0.738
0.7165,1.6584,4.7587,-3.5210000000000004,0.092,0.604
0.7165,1.428,4.7587,-3.07,0.092,0.604
0.7397,1.9808,5.1553,-3.973,0.371,0.604
0.7628,2.073,5.4196,-3.973,0.371,0.738
0.8321,2.0499,5.5518,-3.8819999999999997,0.46399999999999997,0.671
0.809,2.073,5.4196,-3.8819999999999997,0.371,0.671
0.7165,2.0039,5.1553,-3.973,0.185,0.671
0.6703,2.0269,5.0231,-3.8819999999999997,0.185,0.604
0.7397,1.9348,5.1553,-3.8819999999999997,0.27799999999999997,0.738
0.7397,2.0039,5.1553,-3.8819999999999997,0.27799999999999997,0.671
0.7165,2.0039,5.0231,-3.973,0.185,0.604
0.6934,2.0269,5.0231,-3.8819999999999997,0.185,0.671
0.6934,2.0269,5.1553,-3.973,0.185,0.671
0.7628,2.0499,5.1553,-3.973,0.27799999999999997,0.738
0.809,2.0499,5.4196,-3.973,0.46399999999999997,0.738
0.6703,2.0269,5.1553,-3.973,0.185,0.671
0.6703,2.0269,5.1553,-3.973,0.092,0.738
0.6703,2.0039,5.0231,-3.8819999999999997,0.185,0.738
0.7165,1.9808,4.8909,-3.973,0.27799999999999997,0.604
0.7397,2.0039,5.0231,-3.973,0.27799999999999997,0.671
0.7397,1.9808,5.0231,-3.973,0.27799999999999997,0.671
0.6934,2.0269,5.1553,-3.8819999999999997,0.27799999999999997,0.738
0.7165,2.073,5.2875,-3.8819999999999997,0.185,0.738
0.7628,2.0499,5.1553,-3.973,0.27799999999999997,0.738
0.7628,2.0269,5.1553,-3.8819999999999997,0.27799999999999997,0.738
0.7165,2.0269,5.1553,-3.973,0.185,0.604
0.7165,2.0039,5.0231,-3.8819999999999997,0.185,0.671
0.6934,2.0269,5.0231,-3.8819999999999997,0.185,0.738
0.6934,2.0269,5.0231,-3.8819999999999997,0.185,0.738
0.7397,2.0039,5.0231,-3.973,0.185,0.671
0.7397,1.9117,4.8909,-3.792,0.27799999999999997,0.738
0.7397,1.9348,4.8909,-3.792,0.185,0.671
0.7397,1.9348,4.8909,-3.792,0.185,0.671
0.6934,1.9578,5.0231,-3.792,0.185,0.738
0.6934,1.9808,5.0231,-3.8819999999999997,0.185,0.671
0.7397,1.9578,5.0231,-3.8819999999999997,0.185,0.671
0.7397,1.9808,5.0231,-3.8819999999999997,0.185,0.738
0.6934,2.0269,5.1553,-3.973,0.185,0.806
0.6934,2.0269,5.1553,-3.973,0.185,0.806
0.6703,2.0039,5.1553,-3.8819999999999997,0.0,0.738
0.6703,2.0039,5.1553,-3.8819999999999997,0.0,0.738
0.6241,2.0269,5.1553,-3.973,0.0,0.738
0.601,2.0269,5.1553,-3.973,0.0,0.738
0.6934,1.9808,5.0231,-3.8819999999999997,0.185,0.738
0.7165,2.0269,5.1553,-3.792,0.092,0.738
0.7165,2.0039,5.0231,-3.973,0.185,0.604
0.7397,2.0039,5.1553,-3.8819999999999997,0.27799999999999997,0.604
0.6934,2.0039,5.0231,-3.8819999999999997,0.185,0.671
0.6934,2.0039,5.1553,-3.973,0.092,0.671
0.6934,1.9348,4.8909,-3.8819999999999997,0.092,0.671
0.6934,1.9578,5.0231,-3.8819999999999997,0.185,0.671
0.6934,1.9578,5.0231,-3.8819999999999997,0.185,0.671
0.7165,1.9117,4.8909,-3.792,0.185,0.671
0.7165,1.9578,4.8909,-3.792,0.185,0.604
0.6934,1.9348,4.8909,-3.8819999999999997,0.092,0.604
0.6934,1.9808,5.0231,-3.973,0.185,0.671
0.7165,1.9808,5.0231,-3.8819999999999997,0.185,0.671
0.7397,1.9578,5.0231,-3.973,0.27799999999999997,0.604
0.6703,1.9348,4.8909,-3.792,0.0,0.671
0.7397,1.9117,4.8909,-3.792,0.27799999999999997,0.671
0.7397,1.9117,4.8909,-3.792,0.27799999999999997,0.671
0.7628,1.9578,5.0231,-3.8819999999999997,0.27799999999999997,0.671
0.6703,2.0039,5.1553,-3.8819999999999997,0.092,0.671
0.6703,2.0039,5.1553,-3.8819999999999997,0.092,0.671
0.6934,2.0269,5.2875,-3.8819999999999997,0.185,0.671
0.7397,2.0499,5.2875,-3.973,0.27799999999999997,0.738
0.7165,2.0499,5.2875,-3.8819999999999997,0.185,0.671
0.7397,2.0499,5.2875,-3.8819999999999997,0.185,0.738
0.6934,1.9578,5.1553,-3.702,0.185,0.671
0.6934,1.9578,5.1553,-3.702,0.185,0.671
0.7397,2.0499,5.2875,-3.8819999999999997,0.185,0.671
0.7397,2.0269,5.2875,-3.8819999999999997,0.185,0.671
0.6934,2.0499,5.1553,-3.702,0.185,0.738
0.6703,2.073,5.1553,-3.8819999999999997,0.0,0.671
0.6703,2.0499,5.2875,-3.8819999999999997,0.092,0.671
0.6703,2.0499,5.1553,-3.8819999999999997,0.092,0.671
0.6472,1.9348,5.0231,-3.792,0.0,0.671
0.6703,1.9578,5.1553,-3.792,0.092,0.671
0.6934,1.9808,5.0231,-3.8819999999999997,0.185,0.671
0.7628,2.0269,5.1553,-3.792,0.27799999999999997,0.738
0.7165,1.9808,5.2875,-3.792,0.092,0.604
0.7165,2.0039,5.2875,-3.8819999999999997,0.185,0.671
0.7397,2.0269,5.1553,-3.792,0.27799999999999997,0.671
0.7397,1.9808,5.2875,-3.8819999999999997,0.185,0.671
0.7628,2.0499,5.2875,-3.8819999999999997,0.27799999999999997,0.604
0.7628,2.0499,5.2875,-3.8819999999999997,0.27799999999999997,0.604
0.3929,1.7275,4.7587,-3.25,-0.836,0.5369999999999999
0.3929,1.7275,4.7587,-3.25,-0.836,0.5369999999999999
0.5085,1.8657,4.8909,-3.612,-0.27799999999999997,0.5369999999999999
0.6472,1.9578,5.1553,-3.702,0.092,0.671
0.809,1.9808,5.2875,-3.792,0.371,0.671
0.9477,2.0269,5.4196,-3.8819999999999997,0.836,0.671
0.9477,2.0499,5.4196,-3.8819999999999997,0.836,0.671
0.9477,2.0499,5.4196,-3.8819999999999997,0.836,0.671
0.7165,2.073,5.4196,-3.702,0.185,0.604
0.7397,2.073,5.684,-3.702,0.27799999999999997,0.671
0.6703,2.096,5.4196,-3.702,0.185,0.671
0.6241,2.073,5.4196,-3.702,0.092,0.671
0.7397,2.119,5.684,-3.702,0.185,0.671
0.7628,2.1421,5.684,-3.702,0.371,0.806
0.8321,2.1421,5.684,-3.792,0.46399999999999997,0.806
0.9015,2.1421,5.684,-3.8819999999999997,0.5569999999999999,0.671
0.8784,2.096,5.4196,-3.792,0.5569999999999999,0.738
0.6703,2.0499,5.2875,-3.792,0.092,0.671
0.809,2.1651,5.8162,-3.8819999999999997,0.371,0.738
0.809,2.1651,5.8162,-3.8819999999999997,0.371,0.738
0.8321,2.1881,5.8162,-3.8819999999999997,0.46399999999999997,0.738
0.8321,2.1881,5.8162,-3.8819999999999997,0.46399999999999997,0.738
0.8321,2.1421,5.8162,-3.702,0.371,0.738
0.601,2.1421,5.5518,-3.612,-0.092,0.671
0.6703,2.119,5.5518,-3.702,0.0,0.604
0.6703,2.119,5.5518,-3.702,0.0,0.604
0.7628,2.1421,5.684,-3.702,0.27799999999999997,0.738
0.7165,2.1651,5.684,-3.612,0.185,0.671
0.7397,2.096,5.684,-3.702,0.185,0.671
0.7628,2.096,5.684,-3.702,0.185,0.671
0.7628,2.119,5.684,-3.792,0.27799999999999997,0.5369999999999999
0.6241,1.9808,5.1553,-3.792,0.0,0.738
0.6241,1.9348,5.1553,-3.612,0.092,0.671
0.6703,1.9348,5.1553,-3.792,0.092,0.604
0.6934,2.073,5.2875,-3.792,0.185,0.604
0.6934,2.073,5.2875,-3.792,0.185,0.604
0.6934,2.073,5.2875,-3.8819999999999997,0.185,0.604
0.6703,2.1421,5.5518,-3.702,0.092,0.671
0.6934,2.119,5.4196,-3.8819999999999997,0.185,0.604
0.7397,2.0269,5.1553,-3.8819999999999997,0.092,0.604
0.7397,2.119,5.5518,-3.792,0.185,0.604
0.7397,2.1421,5.5518,-3.792,0.27799999999999997,0.604
0.809,2.096,5.684,-3.792,0.371,0.5369999999999999
0.6703,2.1651,5.684,-3.612,0.0,0.738
0.7165,2.1651,5.684,-3.702,0.185,0.671
0.7165,2.1651,5.684,-3.792,0.185,0.604
0.7628,2.2112,5.8162,-3.702,0.371,0.806
0.6934,2.2342,5.8162,-3.702,0.27799999999999997,0.873
0.6934,2.2342,5.8162,-3.702,0.27799999999999997,0.873
0.6934,2.2342,5.8162,-3.612,0.092,0.738
0.7397,2.2112,5.684,-3.702,0.27799999999999997,0.806
0.7628,2.2572,5.684,-3.792,0.27799999999999997,0.738
0.7628,2.2112,5.684,-3.702,0.27799999999999997,0.738
0.7628,2.2342,5.8162,-3.702,0.371,0.806
0.7165,2.1881,5.5518,-3.8819999999999997,0.27799999999999997,0.671
0.7397,2.2112,5.684,-3.702,0.27799999999999997,0.738
0.7165,2.2572,5.8162,-3.8819999999999997,0.27799999999999997,0.873
0.7165,2.2572,5.8162,-3.792,0.092,0.806
0.6934,2.2342,5.8162,-3.792,0.092,0.806
0.7165,2.2112,5.8162,-3.792,0.185,0.738
0.7165,2.2112,5.8162,-3.792,0.185,0.738
0.6934,2.2342,5.8162,-3.792,0.092,0.738
0.7165,2.1881,5.684,-3.702,0.092,0.738
0.7397,2.1651,5.684,-3.792,0.185,0.604
0.7397,2.1881,5.5518,-3.8819999999999997,0.27799999999999997,0.671
0.7165,2.1651,5.5518,-3.8819999999999997,0.27799999999999997,0.604
0.6934,2.1651,5.5518,-3.702,0.092,0.671
0.7165,2.2112,5.8162,-3.702,0.27799999999999997,0.671
0.7165,2.2112,5.8162,-3.702,0.27799999999999997,0.671
0.7859,2.3033,5.9484,-3.792,0.371,0.671
0.7859,2.3033,5.9484,-3.792,0.46399999999999997,0.671
0.809,2.2803,5.8162,-3.792,0.46399999999999997,0.738
0.7397,2.1651,5.5518,-3.973,0.27799999999999997,0.604
0.7165,2.1651,5.684,-3.792,0.185,0.604
0.7628,2.1421,5.5518,-3.792,0.27799999999999997,0.806
0.7859,2.119,5.5518,-3.973,0.46399999999999997,0.671
0.7628,2.096,5.4196,-3.8819999999999997,0.27799999999999997,0.671
0.7628,2.0269,5.1553,-3.792,0.185,0.671
0.6934,2.0269,5.1553,-3.792,0.092,0.738
0.6934,2.096,5.4196,-3.8819999999999997,0.185,0.671
0.7397,2.0039,5.0231,-3.792,0.185,0.671
0.6934,2.0269,5.2875,-3.792,0.092,0.671
0.6703,2.096,5.4196,-3.792,0.092,0.671
0.6703,2.1651,5.5518,-3.702,0.092,0.671
0.7859,2.119,5.4196,-3.792,0.27799999999999997,0.604
0.7165,2.096,5.4196,-3.792,0.185,0.671
0.7165,2.2572,5.8162,-3.702,0.27799999999999997,0.671
0.7859,2.2572,5.8162,-3.702,0.46399999999999997,0.738
0.7859,2.2572,5.8162,-3.702,0.46399999999999997,0.738
0.6472,2.2112,5.5518,-3.702,0.0,0.738
0.6472,2.2112,5.5518,-3.702,0.0,0.738
0.6472,2.1881,5.5518,-3.702,-0.092,0.738
0.7397,2.0269,5.1553,-3.792,0.27799999999999997,0.671
0.7397,2.0499,5.2875,-3.702,0.27799999999999997,0.671
0.7165,2.073,5.2875,-3.792,0.185,0.738
0.7628,2.1421,5.5518,-3.702,0.27799999999999997,0.806
0.7628,2.1421,5.5518,-3.8819999999999997,0.371,0.671
0.7628,2.1421,5.5518,-3.8819999999999997,0.371,0.671
0.6703,2.1421,5.684,-3.612,0.0,0.671
0.6934,2.1651,5.684,-3.612,0.092,0.738
0.7165,2.1881,5.684,-3.702,0.185,0.671
0.7397,2.119,5.5518,-3.792,0.185,0.671
0.7628,2.119,5.5518,-3.792,0.185,0.604
0.7397,2.119,5.684,-3.792,0.185,0.604
0.6934,2.096,5.5518,-3.8819999999999997,0.27799999999999997,0.604
0.7397,2.096,5.4196,-3.792,0.27799999999999997,0.604
0.6472,2.0039,5.1553,-3.702,0.092,0.738
0.6703,2.0039,5.2875,-3.792,0.092,0.604
0.6703,2.0039,5.2875,-3.792,0.092,0.604
0.7165,1.9578,5.0231,-3.612,0.092,0.604
0.7165,1.9117,4.8909,-3.702,0.185,0.5369999999999999
0.7165,1.8426,4.8909,-3.612,0.092,0.671
0.7165,1.8426,4.8909,-3.612,0.092,0.671
0.6472,1.8426,4.8909,-3.612,0.092,0.604
0.6934,1.8887,4.8909,-3.702,0.185,0.604
0.7397,1.9348,5.0231,-3.702,0.27799999999999997,0.604
0.7397,1.9117,5.0231,-3.612,0.185,0.604
0.7628,1.9348,5.0231,-3.702,0.371,0.671
0.7628,1.9348,5.0231,-3.612,0.27799999999999997,0.604
0.7397,1.9348,5.1553,-3.702,0.185,0.5369999999999999
0.6472,2.0039,5.1553,-3.702,0.185,0.604
0.6472,2.0269,5.1553,-3.702,0.092,0.671
0.6934,2.0039,5.1553,-3.702,0.185,0.604
0.6934,2.0039,5.1553,-3.702,0.185,0.604
0.7165,2.0039,5.2875,-3.702,0.27799999999999997,0.671
0.7397,2.0269,5.2875,-3.702,0.371,0.5369999999999999
0.7397,2.0269,5.2875,-3.702,0.27799999999999997,0.604
0.6703,2.0499,5.2875,-3.702,0.27799999999999997,0.604
0.6703,2.0499,5.2875,-3.702,0.27799999999999997,0.604
0.6934,2.073,5.2875,-3.792,0.27799999999999997,0.671
0.6934,2.096,5.4196,-3.792,0.27799999999999997,0.671
0.7397,1.9578,5.1553,-3.702,0.27799999999999997,0.806
0.7397,1.9348,5.1553,-3.612,0.185,0.604
0.7397,1.9348,5.1553,-3.612,0.185,0.604
0.7165,1.9348,5.1553,-3.5210000000000004,0.27799999999999997,0.671
0.6934,1.9578,5.1553,-3.612,0.092,0.604
0.6703,1.9808,5.1553,-3.612,0.185,0.671
0.7165,2.0039,5.1553,-3.792,0.27799999999999997,0.604
0.7628,1.9808,5.1553,-3.792,0.27799999999999997,0.604
0.7628,2.0039,5.2875,-3.612,0.371,0.671
0.7859,2.0499,5.4196,-3.702,0.371,0.671
0.7628,2.0499,5.4196,-3.792,0.371,0.671
0.6934,2.0499,5.4196,-3.702,0.185,0.604
0.6934,2.0269,5.1553,-3.702,0.185,0.604
0.6934,1.9808,5.1553,-3.792,0.185,0.604
0.6934,2.0269,5.2875,-3.792,0.185,0.5369999999999999
0.6703,2.073,5.4196,-3.702,0.185,0.738
0.7397,2.119,5.5518,-3.702,0.185,0.671
0.6934,2.1421,5.5518,-3.792,0.27799999999999997,0.671
0.6934,2.119,5.5518,-3.792,0.27799999999999997,0.604
0.7165,2.073,5.4196,-3.702,0.185,0.671
0.6934,2.119,5.5518,-3.792,0.27799999999999997,0.604
0.7165,2.119,5.684,-3.702,0.185,0.671
0.6934,2.119,5.684,-3.612,0.092,0.671
0.6934,2.1421,5.684,-3.612,0.185,0.671
0.6934,2.1881,5.684,-3.612,0.27799999999999997,0.671
0.6934,2.1421,5.5518,-3.792,0.27799999999999997,0.604
0.7397,2.119,5.5518,-3.702,0.185,0.604
0.7397,2.096,5.5518,-3.8819999999999997,0.27799999999999997,0.604
0.7397,2.1881,5.5518,-3.792,0.27799999999999997,0.738
0.7628,2.1421,5.684,-3.702,0.371,0.671
0.7397,2.096,5.684,-3.702,0.27799999999999997,0.671
0.7397,2.119,5.4196,-3.792,0.27799999999999997,0.671
0.7165,2.073,5.2875,-3.702,0.27799999999999997,0.671
0.6703,2.0499,5.1553,-3.702,0.185,0.738
0.6703,1.9578,5.1553,-3.702,0.092,0.604
0.6934,1.9117,5.0231,-3.612,0.092,0.604
0.6934,1.8887,5.0231,-3.612,0.092,0.671
0.7397,1.9348,5.0231,-3.612,0.185,0.5369999999999999
0.7397,1.9348,5.0231,-3.612,0.185,0.5369999999999999
0.7628,1.9348,5.1553,-3.702,0.185,0.604
0.7397,2.0269,5.1553,-3.612,0.185,0.671
0.7165,2.0269,5.2875,-3.702,0.27799999999999997,0.671
0.6934,2.0269,5.2875,-3.702,0.27799999999999997,0.671
0.6934,2.0039,5.1553,-3.612,0.092,0.604
0.7165,1.9348,5.0231,-3.5210000000000004,0.092,0.5369999999999999
0.7397,1.8657,4.8909,-3.612,0.092,0.604
0.7397,1.8196,4.7587,-3.5210000000000004,0.185,0.604
0.7165,1.8196,4.7587,-3.5210000000000004,0.185,0.5369999999999999
0.6934,1.8426,4.8909,-3.5210000000000004,0.092,0.671
0.6934,1.9117,5.0231,-3.612,0.092,0.671
0.6703,2.0039,5.1553,-3.612,0.092,0.604
0.7165,2.096,5.4196,-3.702,0.092,0.604
0.7397,2.1421,5.5518,-3.612,0.27799999999999997,0.671
0.7859,2.1651,5.684,-3.702,0.46399999999999997,0.738
0.809,2.1881,5.8162,-3.612,0.371,0.738
0.7628,2.1421,5.684,-3.792,0.371,0.604
0.7165,2.096,5.4196,-3.792,0.185,0.671
0.6703,2.0039,5.1553,-3.702,0.092,0.604
0.6472,1.9348,5.1553,-3.5210000000000004,0.0,0.738
0.6472,1.9808,5.1553,-3.612,0.092,0.671
0.6703,2.0039,5.2875,-3.612,0.092,0.604
0.7165,2.0269,5.2875,-3.612,0.27799999999999997,0.604
0.7628,1.9808,5.2875,-3.612,0.371,0.604
0.7859,1.8657,4.8909,-3.612,0.27799999999999997,0.604
0.7397,1.7735,4.8909,-3.5210000000000004,0.371,0.5369999999999999
0.7165,1.7275,4.7587,-3.5210000000000004,0.185,0.604
0.6241,1.7966,4.8909,-3.431,0.092,0.671
0.6241,1.8657,4.8909,-3.5210000000000004,0.0,0.738
0.6472,1.8887,5.0231,-3.612,0.092,0.671
0.7165,1.8887,5.0231,-3.612,0.185,0.671
0.7165,1.8887,5.0231,-3.612,0.185,0.671
0.7397,1.8657,5.0231,-3.5210000000000004,0.185,0.671
0.7628,1.7275,4.7587,-3.612,0.27799999999999997,0.5369999999999999
0.7397,1.6814,4.6265,-3.612,0.185,0.5369999999999999
0.6934,1.6814,4.6265,-3.612,0.185,0.5369999999999999
0.6703,1.7044,4.6265,-3.612,0.185,0.604
0.6934,1.8196,4.8909,-3.612,0.092,0.738
0.7165,1.8426,4.8909,-3.612,0.185,0.604
0.7165,1.8426,4.8909,-3.612,0.185,0.604
0.7628,1.7966,4.7587,-3.612,0.371,0.604
0.7628,1.7966,4.7587,-3.612,0.371,0.604
0.7397,1.7966,4.8909,-3.5210000000000004,0.27799999999999997,0.671
0.6703,1.7966,4.8909,-3.5210000000000004,0.0,0.604
0.6472,1.7966,4.8909,-3.5210000000000004,0.0,0.671
0.6703,1.7966,4.8909,-3.5210000000000004,0.0,0.604
0.6934,1.8657,4.8909,-3.5210000000000004,0.092,0.604
0.7165,1.8887,5.0231,-3.612,0.185,0.604
0.7397,1.9117,5.0231,-3.702,0.371,0.671
0.7397,1.9348,5.0231,-3.5210000000000004,0.27799999999999997,0.604
0.7397,1.8657,4.8909,-3.702,0.185,0.604
0.7165,1.8426,4.8909,-3.702,0.27799999999999997,0.5369999999999999
0.6934,1.8426,4.8909,-3.612,0.092,0.5369999999999999
0.6241,1.8426,4.8909,-3.5210000000000004,0.0,0.5369999999999999
0.6241,1.8426,4.8909,-3.5210000000000004,-0.092,0.671
0.6703,1.8657,4.8909,-3.702,0.185,0.604
0.809,1.7966,4.8909,-3.612,0.46399999999999997,0.5369999999999999
0.8321,1.7735,4.7587,-3.702,0.5569999999999999,0.604
0.8321,1.6814,4.7587,-3.5210000000000004,0.46399999999999997,0.604
0.6934,1.6814,4.6265,-3.612,0.092,0.671
0.6472,1.7735,4.7587,-3.5210000000000004,0.0,0.604
0.6472,1.7966,4.7587,-3.5210000000000004,0.0,0.604
0.6472,1.7966,4.7587,-3.5210000000000004,0.0,0.604
0.7165,1.8887,4.8909,-3.612,0.185,0.671
0.809,1.8657,5.1553,-3.702,0.65,0.671
0.8784,1.7735,5.1553,-3.5210000000000004,0.46399999999999997,0.671
0.809,1.7275,5.0231,-3.341,0.46399999999999997,0.738
0.7165,1.8657,5.0231,-3.5210000000000004,0.185,0.738
0.6703,1.7735,4.8909,-3.5210000000000004,0.0,0.671
0.6241,1.6353,4.7587,-3.25,-0.185,0.604
0.7165,1.428,4.8909,-2.889,0.185,0.604
0.7859,1.3129,5.1553,-2.5280000000000005,0.185,0.5369999999999999
0.9015,1.1516,5.1553,-2.167,0.371,0.403
0.9015,1.2207,5.2875,-2.167,0.46399999999999997,0.5369999999999999
0.809,1.5432,5.2875,-2.979,0.371,0.604
0.7628,1.6353,5.1553,-3.07,0.185,0.671
0.7397,1.5893,4.8909,-3.07,0.185,0.604
0.7165,1.0595,4.7587,-2.257,-0.092,0.47
0.7165,1.0595,4.7587,-2.257,-0.092,0.47
0.7165,1.0134,4.7587,-2.167,-0.092,0.5369999999999999
0.7165,1.0134,4.7587,-2.167,-0.092,0.5369999999999999
0.7397,1.4741,4.7587,-3.16,0.092,0.5369999999999999
0.7628,1.5202,4.7587,-3.25,0.27799999999999997,0.671
0.7859,1.2438,4.8909,-2.7089999999999996,0.27799999999999997,0.47
0.8321,0.7831,4.7587,-1.896,0.185,0.403
0.9015,0.5067,4.7587,-1.2640000000000002,0.185,0.335
0.8552,0.5067,4.7587,-1.2640000000000002,0.092,0.403
0.6703,0.8292,4.6265,-1.896,-0.185,0.335
0.5085,0.6449,4.3621,-1.625,-0.7430000000000001,0.268
0.6241,0.2073,4.4943,-0.903,-0.65,0.134
0.6241,0.2073,4.4943,-0.903,-0.65,0.134
0.7859,-0.3685,4.6265,0.09,-0.46399999999999997,0.067
0.8552,-0.4606,4.7587,0.27,-0.27799999999999997,0.201
0.8552,-0.4376,4.7587,0.27,-0.185,0.134
0.7859,-0.2073,4.8909,0.0,-0.371,0.201
0.7628,0.023,4.7587,-0.541,-0.27799999999999997,0.201
0.7628,-0.5067,4.3621,0.361,-0.5569999999999999,0.067
0.7628,-0.5067,4.3621,0.361,-0.5569999999999999,0.067
0.7859,-0.8522,4.3621,0.903,-0.65,0.067
0.809,-1.1977,4.4943,1.444,-0.5569999999999999,-0.0
0.7628,-1.1056,4.7587,1.444,-0.7430000000000001,0.067
0.7628,-0.8983,4.7587,1.2640000000000002,-0.5569999999999999,0.134
0.7628,-0.8522,4.7587,1.173,-0.7430000000000001,0.201
0.809,-1.1056,4.6265,1.535,-0.65,0.201
0.9015,-1.4511,4.7587,2.257,-0.65,-0.0
0.8784,-1.6123,4.7587,2.4379999999999997,-0.65,0.067
0.8321,-1.6353,4.7587,2.5280000000000005,-0.836,0.134
0.8321,-1.405,4.8909,2.076,-0.836,0.067
0.8321,-1.405,4.8909,2.076,-0.836,0.067
0.8784,-1.1977,4.8909,1.896,-0.65,0.268
0.9015,-1.5893,5.0231,2.5280000000000005,-0.65,0.134
0.9015,-1.5893,5.0231,2.5280000000000005,-0.65,0.134
0.8552,-1.7505,4.8909,2.799,-0.836,0.134
0.8321,-1.8196,5.0231,2.889,-0.836,0.134
0.9015,-1.7966,5.1553,2.889,-0.65,0.201
0.9246,-1.7275,5.4196,2.799,-0.5569999999999999,0.201
0.8784,-1.6584,5.2875,2.799,-0.65,0.201
0.9015,-1.9348,5.1553,3.07,-0.7430000000000001,0.134
0.9246,-1.9578,5.2875,3.16,-0.65,0.201
0.8552,-1.9808,5.2875,3.25,-0.836,0.268
0.809,-2.0499,5.5518,3.25,-1.022,0.134
0.7628,-2.0499,5.5518,3.431,-1.022,0.201
0.809,-2.0039,5.684,3.5210000000000004,-0.9289999999999999,0.201
0.8552,-1.9117,5.684,3.25,-0.7430000000000001,0.268
0.9246,-1.8196,5.8162,3.16,-0.65,0.268
0.9015,-1.7735,5.8162,2.979,-0.7430000000000001,0.268
0.8321,-1.8887,5.5518,3.25,-0.9289999999999999,0.403
0.8321,-2.0499,5.5518,3.431,-0.836,0.268
0.9015,-2.073,5.684,3.341,-0.7430000000000001,0.201
0.9246,-2.096,5.684,3.5210000000000004,-0.7430000000000001,0.201
0.809,-2.1421,5.8162,3.8819999999999997,-0.9289999999999999,0.201
0.7165,-2.1881,5.8162,3.973,-1.207,0.134
0.7397,-2.2112,5.9484,4.063,-1.207,0.201
0.9477,-2.2112,6.0806,3.973,-0.7430000000000001,0.268
0.9477,-2.2112,6.0806,3.973,-0.7430000000000001,0.268
0.9477,-2.2112,5.9484,3.8819999999999997,-0.7430000000000001,0.335
0.9477,-2.2112,5.9484,3.8819999999999997,-0.7430000000000001,0.335
0.7628,-2.073,5.684,3.431,-1.022,0.201
0.7628,-2.0269,5.5518,3.341,-0.9289999999999999,0.201
0.7628,-1.9578,5.1553,3.07,-0.9289999999999999,0.268
0.7165,-2.0039,5.4196,3.25,-1.115,0.201
0.6934,-2.0269,5.4196,3.341,-1.207,0.201
0.7165,-2.0499,5.5518,3.431,-1.022,0.201
0.8552,-2.0039,5.2875,3.25,-0.836,0.268
0.8552,-1.9348,5.0231,2.889,-0.836,0.201
0.8552,-1.9348,5.0231,2.889,-0.836,0.201
0.7628,-1.8657,4.8909,2.889,-0.9289999999999999,0.335
0.7165,-1.7966,4.7587,2.889,-1.115,0.335
0.7165,-1.7044,4.4943,2.347,-1.022,0.335
0.809,-1.7275,4.6265,2.347,-0.836,0.335
0.8321,-1.7044,4.6265,2.347,-0.7430000000000001,0.201
0.7628,-1.6814,4.4943,2.347,-1.022,0.335
0.7397,-1.6814,4.4943,2.347,-1.022,0.403
0.6472,-1.5662,4.3621,2.076,-1.115,0.268
0.6703,-1.6123,4.3621,2.076,-1.022,0.268
0.6703,-1.6123,4.3621,2.076,-0.9289999999999999,0.335
0.7859,-1.6353,4.6265,2.347,-0.7430000000000001,0.201
0.809,-1.6814,4.6265,2.347,-0.65,0.335
0.8552,-1.6584,4.6265,2.347,-0.65,0.268
0.8321,-1.6353,4.6265,2.257,-0.65,0.268
0.7859,-1.5893,4.3621,2.076,-0.7430000000000001,0.201
0.6934,-1.5432,4.3621,1.896,-0.9289999999999999,0.268
0.6703,-1.4971,4.3621,1.986,-0.836,0.268
0.6934,-1.5202,4.3621,1.986,-0.9289999999999999,0.268
0.7165,-1.5432,4.3621,1.896,-0.9289999999999999,0.268
0.809,-1.5432,4.3621,1.986,-0.65,0.268
0.8321,-1.5662,4.3621,1.986,-0.5569999999999999,0.335
0.8552,-1.5202,4.3621,1.806,-0.5569999999999999,0.403
0.809,-1.4971,4.3621,1.806,-0.65,0.335
0.7397,-1.4971,4.23,1.715,-0.9289999999999999,0.403
0.7397,-1.4971,4.3621,1.715,-0.836,0.403
0.7397,-1.4741,4.23,1.806,-0.836,0.403
0.7628,-1.5202,4.23,1.806,-0.7430000000000001,0.403
0.7628,-1.5202,4.3621,1.806,-0.65,0.335
0.8321,-1.5432,4.3621,1.806,-0.65,0.268
0.8552,-1.5432,4.3621,1.806,-0.65,0.403
0.8321,-1.5432,4.3621,1.806,-0.65,0.403
0.7628,-1.5893,4.3621,2.076,-0.7430000000000001,0.335
0.7628,-1.6123,4.4943,2.347,-0.836,0.268
0.7397,-1.6353,4.4943,2.347,-0.836,0.268
0.7397,-1.6814,4.4943,2.347,-1.022,0.335
0.7628,-1.6584,4.4943,2.347,-0.7430000000000001,0.335
0.7859,-1.6584,4.4943,2.347,-0.7430000000000001,0.268
0.809,-1.6814,4.7587,2.4379999999999997,-0.836,0.335
0.809,-1.7044,4.7587,2.5280000000000005,-0.836,0.335
0.809,-1.7735,4.8909,2.799,-0.9289999999999999,0.335
0.7859,-1.8426,4.8909,2.889,-0.9289999999999999,0.335
0.7859,-1.8426,4.8909,2.889,-0.9289999999999999,0.335
0.7859,-1.8657,5.0231,2.889,-0.9289999999999999,0.268
0.8552,-1.8657,5.0231,2.889,-0.836,0.335
0.9477,-1.8426,5.0231,2.979,-0.65,0.335
0.7628,-1.9117,5.1553,3.07,-1.022,0.335
0.7628,-1.9117,5.1553,3.07,-1.022,0.335
0.6703,-1.9808,5.2875,3.341,-1.207,0.403
0.7165,-2.0499,5.684,3.5210000000000004,-1.207,0.268
0.9246,-2.119,5.4196,3.341,-0.65,0.403
0.9246,-2.119,5.4196,3.341,-0.65,0.403
0.9015,-2.1651,5.5518,3.612,-0.836,0.403
0.8321,-2.1421,5.8162,3.8819999999999997,-0.9289999999999999,0.335
0.8784,-2.1881,5.9484,3.973,-0.9289999999999999,0.335
0.9246,-2.2112,6.0806,3.973,-0.7430000000000001,0.403
0.9477,-2.2572,6.0806,4.1530000000000005,-0.836,0.335
0.9246,-2.3033,6.0806,4.244,-0.836,0.335
0.8321,-2.3263,6.345,4.424,-1.022,0.335
0.8552,-2.3724,6.345,4.605,-1.022,0.403
0.9477,-2.3954,6.4771,4.694999999999999,-0.9289999999999999,0.47
0.9477,-2.3954,6.4771,4.694999999999999,-0.9289999999999999,0.47
0.9477,-2.3263,6.345,4.334,-0.7430000000000001,0.335
0.9015,-2.3263,6.2128,4.244,-0.9289999999999999,0.403
0.8552,-2.3033,6.0806,4.1530000000000005,-0.9289999999999999,0.403
0.8321,-2.3494,6.0806,4.1530000000000005,-0.9289999999999999,0.335
0.809,-2.3954,6.2128,4.515000000000001,-1.207,0.335
0.7859,-2.3954,6.2128,4.515000000000001,-1.207,0.268
0.809,-2.3954,6.2128,4.515000000000001,-1.207,0.335
0.8552,-2.3724,6.0806,4.334,-1.022,0.335
0.8552,-2.3033,6.0806,4.063,-0.9289999999999999,0.335
0.9015,-2.2572,5.9484,3.8819999999999997,-1.022,0.335
0.8321,-2.2342,5.8162,3.792,-0.9289999999999999,0.403
0.7397,-2.1651,5.684,3.702,-1.207,0.335
0.7165,-2.1881,5.5518,3.702,-1.3,0.268
0.6934,-2.1881,5.5518,3.792,-1.207,0.335
0.7397,-2.1651,5.4196,3.431,-1.207,0.403
0.7628,-2.0269,5.1553,3.07,-1.022,0.403
0.7628,-1.9578,5.0231,2.889,-0.9289999999999999,0.335
0.809,-1.8887,4.8909,2.889,-0.9289999999999999,0.335
0.809,-1.8657,4.8909,2.799,-0.836,0.403
0.7628,-1.7505,4.7587,2.5280000000000005,-1.022,0.335
0.7628,-1.7505,4.7587,2.5280000000000005,-1.022,0.335
0.7165,-1.7735,4.6265,2.5280000000000005,-1.115,0.335
0.7628,-1.7505,4.6265,2.5280000000000005,-1.022,0.335
0.7859,-1.7505,4.6265,2.4379999999999997,-0.9289999999999999,0.403
0.7859,-1.7044,4.6265,2.347,-0.7430000000000001,0.335
0.7397,-1.5893,4.3621,1.896,-0.836,0.403
0.7397,-1.5432,4.23,1.806,-0.836,0.403
0.7165,-1.4971,4.23,1.715,-0.9289999999999999,0.403
0.7165,-1.5202,4.23,1.806,-0.836,0.335
0.7165,-1.5202,4.3621,1.896,-0.836,0.403
0.7397,-1.5662,4.3621,1.986,-0.7430000000000001,0.403
0.7859,-1.5662,4.3621,1.896,-0.7430000000000001,0.47
0.7628,-1.4971,4.3621,1.715,-0.7430000000000001,0.403
0.7628,-1.4741,4.23,1.625,-0.7430000000000001,0.403
0.7628,-1.4741,4.23,1.625,-0.7430000000000001,0.403
0.7397,-1.4741,4.23,1.715,-0.7430000000000001,0.403
0.7165,-1.4511,4.0978,1.535,-0.9289999999999999,0.335
0.7165,-1.4511,4.23,1.625,-0.836,0.47
0.7397,-1.428,4.23,1.535,-0.836,0.403
0.7397,-1.428,4.23,1.535,-0.836,0.403
0.809,-1.4971,4.3621,1.625,-0.65,0.47
0.7397,-1.4741,4.23,1.625,-0.7430000000000001,0.403
0.6703,-1.4511,4.23,1.806,-0.9289999999999999,0.403
0.5779,-1.405,4.0978,1.625,-1.115,0.47
0.6934,-1.4741,4.23,1.715,-0.9289999999999999,0.335
0.9015,-1.4971,4.3621,1.715,-0.46399999999999997,0.403
0.9939,-1.4971,4.4943,1.806,0.0,0.403
0.9939,-1.5432,4.4943,1.896,-0.092,0.403
0.9015,-1.5893,4.6265,2.076,-0.371,0.335
0.7397,-1.5893,4.4943,2.167,-0.65,0.335
0.7165,-1.6353,4.4943,2.257,-0.836,0.335
0.7628,-1.6123,4.6265,2.347,-0.836,0.335
0.7628,-1.6584,4.7587,2.4379999999999997,-0.836,0.403
0.6934,-1.6814,4.7587,2.4379999999999997,-1.115,0.335
0.6241,-1.6353,4.6265,2.347,-1.115,0.403
0.6703,-1.6353,4.6265,2.257,-1.207,0.335
0.8321,-1.6353,4.6265,2.257,-0.5569999999999999,0.403
0.9015,-1.6814,4.6265,2.257,-0.46399999999999997,0.403
0.9246,-1.7044,4.7587,2.347,-0.46399999999999997,0.403
0.8784,-1.7505,4.8909,2.618,-0.65,0.403
0.809,-1.7735,4.8909,2.799,-0.836,0.403
0.7628,-1.8196,5.0231,2.889,-0.836,0.403
0.7628,-1.8887,5.0231,2.889,-0.836,0.335
0.7628,-1.9117,5.0231,2.889,-0.836,0.335
0.809,-1.9348,5.0231,2.889,-0.836,0.403
0.7859,-1.9348,5.1553,2.889,-0.836,0.335
0.809,-1.9808,5.1553,3.07,-0.836,0.268
0.8321,-2.0269,5.2875,3.25,-0.836,0.268
0.809,-2.073,5.5518,3.431,-0.836,0.335
0.7859,-2.1421,5.8162,3.792,-1.022,0.335
0.9246,-2.2342,5.9484,3.792,-0.836,0.403
0.9246,-2.2342,5.9484,3.792,-0.836,0.403
0.9015,-2.1881,5.5518,3.5210000000000004,-0.65,0.403
0.8784,-2.1651,5.5518,3.431,-0.65,0.335
0.809,-2.1881,5.684,3.702,-0.836,0.403
0.809,-2.2112,5.9484,3.973,-0.9289999999999999,0.403
0.809,-2.2572,5.9484,3.973,-0.9289999999999999,0.403
0.9246,-2.3494,6.0806,4.244,-0.7430000000000001,0.403
0.9939,-2.3494,6.2128,4.244,-0.5569999999999999,0.335
0.9939,-2.3494,6.2128,4.244,-0.65,0.47
0.9477,-2.3494,6.0806,4.334,-0.65,0.47
0.9015,-2.3494,5.9484,4.334,-0.836,0.403
0.8321,-2.3263,6.0806,4.1530000000000005,-1.022,0.335
0.7628,-2.3724,6.2128,4.424,-1.207,0.335
0.7628,-2.3724,6.2128,4.424,-1.207,0.335
0.8552,-2.4645,6.345,4.694999999999999,-1.115,0.335
0.9246,-2.4876,6.345,4.605,-0.7430000000000001,0.268
0.9708,-2.4876,6.345,4.694999999999999,-0.65,0.403
0.9477,-2.4645,6.2128,4.694999999999999,-0.9289999999999999,0.403
0.809,-2.4185,6.2128,4.424,-1.207,0.335
0.7628,-2.4185,6.0806,4.334,-1.207,0.403
0.7628,-2.3954,5.9484,4.334,-1.3,0.403
0.809,-2.3724,5.9484,4.1530000000000005,-1.115,0.403
0.8321,-2.3263,5.8162,4.1530000000000005,-1.022,0.5369999999999999
0.8552,-2.3033,5.8162,3.8819999999999997,-0.836,0.47
0.9015,-2.2803,5.684,3.702,-0.7430000000000001,0.47
0.9015,-2.2342,5.4196,3.5210000000000004,-0.65,0.403
0.9015,-2.1651,5.4196,3.431,-0.65,0.403
0.8321,-2.1421,5.2875,3.341,-0.7430000000000001,0.335
0.809,-2.096,5.2875,3.25,-1.022,0.335
0.7859,-2.119,5.1553,3.25,-0.836,0.403
0.809,-2.0499,5.0231,3.07,-0.836,0.47
0.7628,-1.9348,4.7587,2.979,-0.9289999999999999,0.335
0.7397,-1.8196,4.6265,2.618,-1.022,0.403
0.7397,-1.8196,4.6265,2.618,-1.022,0.403
0.6703,-1.7735,4.4943,2.4379999999999997,-1.022,0.5369999999999999
0.6241,-1.6814,4.3621,2.257,-1.115,0.335
0.6472,-1.6814,4.4943,2.257,-1.022,0.403
0.6703,-1.7044,4.3621,2.257,-1.115,0.335
0.7628,-1.6814,4.3621,2.347,-0.836,0.335
0.7859,-1.6814,4.3621,2.257,-0.7430000000000001,0.403
0.7859,-1.6814,4.3621,1.986,-0.65,0.335
0.7859,-1.5893,4.3621,1.806,-0.65,0.403
0.7859,-1.5893,4.3621,1.806,-0.65,0.403
0.7859,-1.5662,4.23,1.806,-0.7430000000000001,0.47
0.6934,-1.5432,4.23,1.806,-0.836,0.403
0.6934,-1.5432,4.23,1.806,-0.836,0.403
0.6934,-1.5662,4.0978,1.896,-0.9289999999999999,0.403
0.7628,-1.5432,4.0978,1.715,-0.7430000000000001,0.47
0.809,-1.5202,4.23,1.625,-0.65,0.403
0.809,-1.5202,4.23,1.625,-0.65,0.403
0.809,-1.5432,4.23,1.715,-0.65,0.5369999999999999
0.7628,-1.5202,4.23,1.806,-0.7430000000000001,0.403
0.7628,-1.5432,4.23,1.806,-0.7430000000000001,0.403
0.7397,-1.5432,4.23,1.806,-0.836,0.47
0.7397,-1.5432,4.23,1.806,-0.836,0.47
0.7628,-1.5432,4.0978,1.715,-0.7430000000000001,0.403
0.7628,-1.5202,4.0978,1.715,-0.7430000000000001,0.403
0.7165,-1.5432,4.23,1.806,-0.9289999999999999,0.335
0.7859,-1.5662,4.3621,1.896,-0.65,0.335
0.9246,-1.5893,4.3621,1.806,-0.371,0.403
0.9477,-1.6123,4.3621,1.986,-0.371,0.403
0.9015,-1.6353,4.3621,1.986,-0.46399999999999997,0.5369999999999999
0.7628,-1.6584,4.3621,2.167,-0.7430000000000001,0.47
0.7397,-1.7044,4.4943,2.347,-0.9289999999999999,0.403
0.7397,-1.7275,4.4943,2.347,-0.9289999999999999,0.403
0.7859,-1.7275,4.4943,2.4379999999999997,-0.5569999999999999,0.403
0.7165,-1.7505,4.4943,2.347,-1.022,0.403
0.7165,-1.7735,4.6265,2.5280000000000005,-1.115,0.403
0.7628,-1.7966,4.7587,2.7089999999999996,-1.115,0.403
0.8784,-1.8657,4.8909,2.889,-0.7430000000000001,0.403
0.9015,-1.8887,5.0231,2.979,-0.7430000000000001,0.335
0.8784,-1.9117,4.8909,2.979,-0.65,0.403
0.8784,-1.9348,4.8909,2.979,-0.7430000000000001,0.403
0.7628,-1.9578,4.8909,2.979,-0.7430000000000001,0.403
0.7859,-2.0039,5.0231,2.979,-0.836,0.47
0.7859,-2.073,5.1553,3.431,-0.836,0.403
0.8552,-2.1421,5.2875,3.5210000000000004,-0.9289999999999999,0.47
0.8552,-2.1881,5.684,3.5210000000000004,-0.836,0.335
0.8784,-2.2572,5.8162,3.8819999999999997,-0.836,0.335
0.8784,-2.3494,6.0806,4.244,-0.836,0.403
0.9015,-2.3954,6.2128,4.424,-1.022,0.47
0.9708,-2.4645,6.2128,4.605,-0.836,0.403
0.9939,-2.4876,6.345,4.694999999999999,-0.7430000000000001,0.47
1.0633,-2.5106,6.4771,4.785,-0.7430000000000001,0.47
1.0633,-2.5567,6.6093,5.056000000000001,-0.7430000000000001,0.5369999999999999
1.0402,-2.6027,6.7415,5.147,-0.7430000000000001,0.47
1.0402,-2.6258,6.7415,5.147,-0.7430000000000001,0.5369999999999999
0.9939,-2.6949,6.7415,5.147,-0.836,0.47
0.8784,-2.6488,6.7415,5.237,-1.207,0.47
0.9708,-2.6488,6.7415,5.056000000000001,-0.9289999999999999,0.403
0.9708,-2.6488,6.7415,5.056000000000001,-0.9289999999999999,0.403
0.8784,-2.6488,6.7415,5.147,-1.3,0.47
0.6934,-2.6027,6.6093,5.056000000000001,-1.765,0.403
0.601,-2.6488,6.6093,5.056000000000001,-1.951,0.403
0.601,-2.6488,6.6093,5.056000000000001,-1.951,0.403
0.8784,-2.6718,6.7415,5.147,-1.207,0.335
0.9708,-2.6718,6.4771,4.966,-0.9289999999999999,0.335
0.9708,-2.6718,6.4771,4.966,-0.9289999999999999,0.335
0.8784,-2.6258,6.4771,4.8759999999999994,-1.207,0.403
0.8784,-2.6258,6.4771,4.785,-1.115,0.47
1.0171,-2.5797,6.4771,4.785,-0.7430000000000001,0.5369999999999999
1.0402,-2.5567,6.345,4.605,-0.46399999999999997,0.403
1.0402,-2.5336,6.2128,4.424,-0.5569999999999999,0.47
0.7859,-2.3954,5.8162,4.063,-1.022,0.47
0.7628,-2.3263,5.684,3.792,-1.115,0.403
0.7628,-2.3263,5.684,3.792,-1.115,0.403
0.7628,-2.2342,5.4196,3.431,-1.022,0.5369999999999999
0.7628,-2.1651,5.2875,3.16,-0.836,0.403
0.7859,-2.119,5.1553,2.979,-0.836,0.47
0.8552,-2.0499,5.0231,2.889,-0.7430000000000001,0.47
0.8784,-2.0039,5.0231,2.889,-0.65,0.403
0.8552,-1.9808,5.0231,2.889,-0.65,0.47
0.7397,-1.9578,4.8909,2.889,-0.9289999999999999,0.47
0.6241,-1.9348,4.7587,2.889,-1.207,0.47
0.7165,-1.7966,4.4943,2.4379999999999997,-0.9289999999999999,0.47
0.7859,-1.7505,4.4943,2.257,-0.7430000000000001,0.403
0.7397,-1.6584,4.3621,1.986,-0.7430000000000001,0.403
0.7397,-1.6584,4.3621,1.986,-0.7430000000000001,0.403
0.6472,-1.5662,4.23,1.806,-0.9289999999999999,0.403
0.6472,-1.5662,4.23,1.806,-0.9289999999999999,0.403
0.7628,-1.5202,4.23,1.625,-0.5569999999999999,0.335
0.7628,-1.5202,4.23,1.625,-0.5569999999999999,0.335
0.6934,-1.4971,4.0978,1.535,-0.7430000000000001,0.403
0.6934,-1.4511,3.9656,1.3539999999999999,-0.7430000000000001,0.403
0.6934,-1.405,3.9656,1.3539999999999999,-0.7430000000000001,0.403
0.7628,-1.3589,3.9656,1.173,-0.46399999999999997,0.403
0.7628,-1.3589,3.9656,1.173,-0.46399999999999997,0.403
0.7628,-1.3589,3.9656,1.2640000000000002,-0.65,0.403
0.7165,-1.3589,3.9656,1.173,-0.7430000000000001,0.403
0.7165,-1.3589,3.9656,1.173,-0.7430000000000001,0.403
0.7165,-1.3129,3.9656,1.173,-0.65,0.403
0.7165,-1.2898,3.9656,1.2640000000000002,-0.7430000000000001,0.47
0.7165,-1.2898,3.9656,1.2640000000000002,-0.7430000000000001,0.47
0.601,-1.3129,3.9656,1.173,-1.022,0.403
0.6472,-1.2898,3.9656,1.173,-0.9289999999999999,0.335
0.8321,-1.2438,3.9656,0.903,-0.185,0.47
0.8784,-1.2668,3.9656,0.903,-0.185,0.5369999999999999
0.7628,-1.3359,3.9656,1.173,-0.65,0.47
0.6472,-1.3359,3.9656,1.3539999999999999,-0.9289999999999999,0.47
0.6241,-1.382,3.9656,1.535,-1.022,0.335
0.7628,-1.428,4.0978,1.535,-0.65,0.335
0.9246,-1.4511,4.23,1.535,-0.185,0.47
0.8552,-1.4741,4.23,1.535,-0.371,0.47
0.7859,-1.4741,4.0978,1.625,-0.7430000000000001,0.335
0.7397,-1.4971,4.23,1.625,-0.7430000000000001,0.403
0.8321,-1.5662,4.3621,1.806,-0.5569999999999999,0.403
0.8784,-1.5893,4.3621,2.076,-0.371,0.335
0.9246,-1.6353,4.4943,2.167,-0.371,0.335
0.7628,-1.7044,4.6265,2.347,-0.836,0.403
0.7397,-1.7044,4.4943,2.347,-0.836,0.403
0.7859,-1.7505,4.6265,2.347,-0.7430000000000001,0.335
0.8552,-1.8196,4.8909,2.618,-0.5569999999999999,0.335
0.8784,-1.8426,4.8909,2.889,-0.65,0.335
0.8321,-1.8657,4.8909,2.979,-0.7430000000000001,0.335
0.809,-1.9117,4.8909,2.979,-0.7430000000000001,0.335
0.8552,-1.9117,4.7587,3.07,-0.7430000000000001,0.403
0.8552,-1.9348,4.8909,2.979,-0.65,0.403
0.8552,-1.9578,4.8909,3.07,-0.5569999999999999,0.403
0.8321,-1.9808,5.0231,3.07,-0.65,0.403
0.809,-2.0499,5.1553,3.07,-0.7430000000000001,0.335
0.809,-2.119,5.2875,3.341,-0.836,0.403
0.8321,-2.1421,5.4196,3.431,-0.7430000000000001,0.403
0.8552,-2.2572,5.684,3.792,-0.7430000000000001,0.47
0.9015,-2.3724,5.9484,4.063,-0.7430000000000001,0.47
0.9015,-2.3724,5.9484,4.063,-0.7430000000000001,0.47
0.9246,-2.4185,6.0806,4.244,-0.7430000000000001,0.47
0.9477,-2.4185,6.0806,4.1530000000000005,-0.7430000000000001,0.5369999999999999
0.9477,-2.4645,6.0806,4.334,-0.7430000000000001,0.5369999999999999
0.9015,-2.4876,6.2128,4.424,-0.9289999999999999,0.47
0.9015,-2.6027,6.4771,4.785,-1.022,0.403
0.9015,-2.6027,6.4771,4.785,-1.022,0.403
0.9477,-2.6718,6.7415,5.056000000000001,-0.9289999999999999,0.335
1.0171,-2.8331,7.0059,5.417999999999999,-0.7430000000000001,0.403
1.0402,-2.8561,7.1381,5.507999999999999,-0.836,0.335
1.0402,-2.8561,7.1381,5.598,-0.7430000000000001,0.403
0.9939,-2.8561,7.1381,5.417999999999999,-0.9289999999999999,0.403
0.9477,-2.787,6.8737,5.327,-0.9289999999999999,0.47
0.8321,-2.764,6.7415,5.147,-1.115,0.47
0.809,-2.7179,6.7415,5.237,-1.3,0.47
0.8321,-2.7409,6.7415,5.237,-1.207,0.403
0.8321,-2.7409,6.7415,5.237,-1.115,0.403
0.8784,-2.7409,6.7415,5.237,-1.115,0.47
0.8321,-2.6027,6.345,4.605,-1.022,0.403
0.7859,-2.5567,6.2128,4.515000000000001,-1.022,0.335
0.7397,-2.5336,6.2128,4.424,-1.207,0.47
0.7628,-2.4876,6.2128,4.1530000000000005,-1.115,0.403
0.7628,-2.4876,6.2128,4.1530000000000005,-1.115,0.403
0.7628,-2.4876,6.0806,4.1530000000000005,-0.9289999999999999,0.403
0.8784,-2.4876,5.9484,4.063,-0.836,0.335
0.8784,-2.4876,5.9484,4.063,-0.836,0.335
0.9246,-2.4415,5.9484,4.063,-0.836,0.335
0.7165,-2.2803,5.2875,3.341,-0.9289999999999999,0.335
0.7165,-2.2803,5.2875,3.341,-0.9289999999999999,0.335
0.6934,-2.1651,5.0231,3.07,-1.115,0.335
0.7165,-2.119,5.0231,2.979,-0.9289999999999999,0.47
0.7165,-2.119,5.0231,2.979,-0.9289999999999999,0.47
0.7397,-2.073,5.0231,2.889,-0.836,0.403
0.7859,-2.073,4.8909,2.889,-0.9289999999999999,0.403
0.7628,-1.9117,4.7587,2.618,-0.836,0.403
0.7628,-1.9117,4.7587,2.618,-0.836,0.403
0.7859,-1.9117,4.6265,2.618,-0.836,0.47
0.7397,-1.8887,4.6265,2.618,-0.9289999999999999,0.403
0.7165,-1.8657,4.4943,2.4379999999999997,-0.836,0.335
0.7165,-1.8657,4.4943,2.4379999999999997,-0.836,0.335
0.7397,-1.7275,4.3621,2.076,-0.7430000000000001,0.47
0.7397,-1.7275,4.3621,2.076,-0.7430000000000001,0.47
0.7165,-1.6584,4.3621,1.896,-0.7430000000000001,0.5369999999999999
0.6472,-1.6584,4.3621,1.806,-1.022,0.47
0.6472,-1.6584,4.3621,1.806,-1.022,0.47
0.6241,-1.6123,4.3621,1.806,-1.022,0.403
0.9246,-1.5662,4.3621,1.625,-0.092,0.47
1.0402,-1.5432,4.3621,1.535,0.092,0.47
0.9477,-1.5432,4.3621,1.535,-0.092,0.403
0.9477,-1.5432,4.3621,1.535,-0.092,0.403
0.6472,-1.5202,4.0978,1.715,-0.836,0.403
0.7165,-1.4971,4.23,1.535,-0.836,0.403
0.7628,-1.4971,4.0978,1.444,-0.65,0.403
0.6703,-1.4511,4.0978,1.535,-0.9289999999999999,0.403
0.6472,-1.4511,3.9656,1.444,-0.9289999999999999,0.47
0.6934,-1.4971,4.0978,1.3539999999999999,-0.836,0.403
0.6934,-1.4741,4.0978,1.444,-0.836,0.403
0.6703,-1.5202,4.23,1.535,-0.836,0.335
0.6703,-1.5202,4.23,1.535,-0.836,0.335
0.809,-1.4971,4.0978,1.444,-0.5569999999999999,0.403
0.9015,-1.4741,4.23,1.3539999999999999,-0.092,0.335
0.8784,-1.4971,4.23,1.444,-0.27799999999999997,0.403
0.809,-1.5202,4.3621,1.535,-0.5569999999999999,0.47
0.7628,-1.5662,4.3621,1.806,-0.65,0.47
0.7628,-1.5662,4.3621,1.806,-0.65,0.47
0.7859,-1.6123,4.3621,1.806,-0.5569999999999999,0.403
0.8552,-1.6123,4.3621,1.806,-0.46399999999999997,0.335
0.809,-1.6814,4.3621,1.896,-0.65,0.335
0.6703,-1.7044,4.3621,2.167,-0.9289999999999999,0.403
0.6703,-1.7044,4.4943,2.257,-0.9289999999999999,0.403
0.7397,-1.7275,4.6265,2.347,-0.65,0.403
0.8552,-1.7966,4.7587,2.4379999999999997,-0.5569999999999999,0.335
0.8552,-1.8426,4.8909,2.5280000000000005,-0.5569999999999999,0.403
0.809,-1.9117,4.8909,2.799,-0.7430000000000001,0.403
0.809,-1.9348,4.8909,2.889,-0.836,0.403
0.8321,-1.9578,5.0231,2.889,-0.7430000000000001,0.403
0.8552,-2.096,5.2875,3.07,-0.7430000000000001,0.403
0.8552,-2.1881,5.5518,3.25,-0.65,0.335
0.8552,-2.1881,5.5518,3.25,-0.65,0.335
0.9939,-2.2803,5.5518,3.341,-0.46399999999999997,0.335
0.9939,-2.2572,5.684,3.341,-0.46399999999999997,0.403
0.9477,-2.2572,5.5518,3.341,-0.5569999999999999,0.403
0.8552,-2.3033,5.5518,3.431,-0.9289999999999999,0.47
0.601,-2.3263,5.8162,4.063,-1.672,0.403
0.6703,-2.3954,5.9484,4.063,-1.5790000000000002,0.335
0.9708,-2.4185,6.0806,3.973,-0.7430000000000001,0.403
0.9939,-2.4185,6.0806,3.973,-0.65,0.403
0.9939,-2.4185,5.9484,3.973,-0.65,0.403
0.9477,-2.4876,6.0806,4.1530000000000005,-0.836,0.47
0.9477,-2.4876,6.0806,4.1530000000000005,-0.836,0.47
0.9477,-2.5336,6.345,4.334,-0.7430000000000001,0.335
1.0864,-2.6027,6.4771,4.424,-0.5569999999999999,0.5369999999999999
1.1326,-2.5797,6.4771,4.605,-0.46399999999999997,0.403
1.0402,-2.5797,6.4771,4.515000000000001,-0.5569999999999999,0.403
0.9477,-2.5797,6.345,4.424,-0.836,0.335
0.9246,-2.5797,6.345,4.515000000000001,-0.9289999999999999,0.335
0.8552,-2.5336,6.345,4.424,-1.022,0.335
0.8552,-2.5336,6.345,4.424,-1.022,0.335
0.8321,-2.5797,6.345,4.334,-1.115,0.403
0.809,-2.5567,6.2128,4.244,-1.115,0.47
0.7859,-2.5106,6.2128,4.1530000000000005,-1.115,0.403
0.9015,-2.5106,6.2128,4.244,-0.836,0.403
0.9246,-2.5106,6.2128,4.244,-0.836,0.268
0.9246,-2.4876,6.0806,4.1530000000000005,-0.836,0.335
0.9246,-2.4645,5.9484,3.973,-0.836,0.47
0.8552,-2.3724,5.8162,3.612,-0.836,0.335
0.8552,-2.3263,5.684,3.431,-0.65,0.335
0.8784,-2.3033,5.5518,3.431,-0.836,0.403
0.8552,-2.3494,5.8162,3.612,-0.7430000000000001,0.403
0.8321,-2.3494,5.5518,3.431,-0.9289999999999999,0.403
0.7859,-2.3263,5.4196,3.341,-0.9289999999999999,0.403
0.7859,-2.1881,5.1553,2.889,-0.836,0.403
0.7628,-2.096,4.8909,2.889,-0.9289999999999999,0.47
0.7397,-2.0039,4.8909,2.889,-1.022,0.47
0.6934,-1.9808,4.7587,2.7089999999999996,-1.207,0.47
0.6934,-1.9117,4.7587,2.7089999999999996,-1.022,0.403
0.6934,-1.9117,4.7587,2.7089999999999996,-1.022,0.403
0.7397,-1.9348,4.7587,2.7089999999999996,-1.022,0.403
0.809,-1.9578,4.7587,2.618,-0.65,0.403
0.809,-1.9348,4.7587,2.618,-0.7430000000000001,0.335
0.7628,-1.9117,4.6265,2.5280000000000005,-0.9289999999999999,0.47
0.7628,-1.8887,4.4943,2.347,-0.836,0.47
0.7397,-1.8196,4.3621,2.347,-0.7430000000000001,0.335
0.7628,-1.8196,4.4943,2.257,-0.836,0.335
0.7397,-1.8196,4.3621,2.167,-0.836,0.403
0.6472,-1.7735,4.3621,2.257,-1.115,0.403
0.601,-1.7735,4.3621,2.167,-1.3,0.47
0.6472,-1.7735,4.3621,2.167,-1.115,0.47
0.9246,-1.7275,4.4943,1.896,-0.185,0.403
0.9939,-1.7275,4.3621,1.806,-0.185,0.403
0.7165,-1.6584,4.3621,1.896,-0.7430000000000001,0.403
0.5779,-1.6353,4.3621,1.715,-1.115,0.47
0.5779,-1.5893,4.3621,1.625,-1.022,0.403
0.9015,-1.6123,4.3621,1.715,-0.27799999999999997,0.403
0.9015,-1.6123,4.3621,1.715,-0.27799999999999997,0.403
0.9015,-1.6814,4.23,1.806,-0.185,0.403
0.809,-1.6814,4.23,1.896,-0.5569999999999999,0.5369999999999999
0.6472,-1.6814,4.3621,1.986,-0.9289999999999999,0.335
0.809,-1.6584,4.3621,1.806,-0.5569999999999999,0.403
0.809,-1.6584,4.3621,1.806,-0.5569999999999999,0.403
0.8552,-1.6814,4.3621,1.806,-0.46399999999999997,0.5369999999999999
0.7165,-1.6814,4.3621,1.896,-0.836,0.403
0.6241,-1.6814,4.3621,1.986,-1.115,0.403
0.6934,-1.7275,4.4943,1.986,-0.836,0.47
0.8321,-1.7735,4.4943,2.076,-0.65,0.403
0.9939,-1.7735,4.6265,2.167,-0.092,0.335
0.9477,-1.8196,4.6265,2.347,-0.46399999999999997,0.335
0.8321,-1.8196,4.7587,2.347,-0.65,0.403
0.8321,-1.8196,4.7587,2.347,-0.65,0.403
0.7165,-1.8657,4.6265,2.5280000000000005,-1.115,0.335
0.7628,-1.8657,4.6265,2.5280000000000005,-0.7430000000000001,0.335
0.8552,-1.7735,4.8909,2.347,-0.5569999999999999,0.403
0.7859,-1.7505,4.7587,2.347,-0.7430000000000001,0.335
0.7165,-1.9117,4.6265,2.7089999999999996,-1.115,0.268
0.7628,-1.9348,4.6265,2.7089999999999996,-1.022,0.335
0.8321,-1.9578,4.6265,2.5280000000000005,-0.7430000000000001,0.268
0.8552,-1.9578,4.6265,2.347,-0.65,0.268
0.8552,-1.9348,4.6265,2.5280000000000005,-0.7430000000000001,0.403
0.8552,-2.0039,4.7587,2.7089999999999996,-0.9289999999999999,0.403
0.8321,-2.0269,4.8909,2.889,-0.836,0.335
0.7628,-2.073,4.8909,2.889,-0.9289999999999999,0.335
0.7628,-2.096,5.0231,2.889,-0.836,0.403
0.809,-2.119,5.0231,2.889,-0.7430000000000001,0.403
0.809,-2.119,5.0231,2.889,-0.7430000000000001,0.403
0.8321,-2.1651,5.1553,2.889,-0.836,0.403
0.8784,-2.2342,5.2875,3.25,-0.65,0.403
0.8784,-2.2803,5.4196,3.341,-0.65,0.403
0.8552,-2.2572,5.4196,3.341,-0.7430000000000001,0.403
0.8784,-2.3033,5.2875,3.341,-0.7430000000000001,0.47
0.8784,-2.3494,5.684,3.5210000000000004,-0.7430000000000001,0.335
0.8784,-2.3494,5.684,3.5210000000000004,-0.7430000000000001,0.335
0.8784,-2.3954,5.9484,3.973,-0.9289999999999999,0.268
0.8784,-2.3954,5.9484,3.973,-0.9289999999999999,0.268
0.9246,-2.5106,6.2128,4.1530000000000005,-0.7430000000000001,0.268
0.8784,-2.5567,6.0806,4.334,-0.9289999999999999,0.335
0.8784,-2.5567,6.2128,4.515000000000001,-1.022,0.268
0.8552,-2.6258,6.345,4.515000000000001,-0.9289999999999999,0.268
0.9015,-2.7179,6.6093,4.785,-1.022,0.335
0.8784,-2.7409,6.6093,4.8759999999999994,-1.207,0.335
0.8784,-2.764,6.6093,4.8759999999999994,-1.115,0.403
0.9015,-2.787,6.6093,4.966,-1.115,0.403
0.9246,-2.7409,6.4771,4.785,-0.9289999999999999,0.335
0.9246,-2.7409,6.4771,4.694999999999999,-0.9289999999999999,0.403
0.8552,-2.6718,6.345,4.515000000000001,-0.9289999999999999,0.335
0.8321,-2.6027,6.2128,4.334,-1.022,0.335
0.8321,-2.6027,6.2128,4.334,-1.022,0.335
0.8321,-2.6488,6.2128,4.334,-1.022,0.335
0.8552,-2.6488,6.2128,4.515000000000001,-1.022,0.335
0.8784,-2.6718,6.2128,4.424,-0.9289999999999999,0.335
0.8784,-2.6258,6.0806,4.334,-0.9289999999999999,0.335
0.9015,-2.6027,5.9484,4.063,-1.022,0.335
0.8321,-2.4645,5.8162,3.792,-0.9289999999999999,0.403
0.809,-2.3954,5.5518,3.431,-0.9289999999999999,0.403
0.809,-2.3954,5.5518,3.431,-0.9289999999999999,0.403
0.7165,-2.3263,5.4196,3.25,-1.115,0.335
0.7165,-2.3263,5.4196,3.25,-1.115,0.335
0.7397,-2.2342,5.1553,3.07,-1.022,0.335
0.7397,-2.2342,5.1553,3.07,-1.022,0.335
0.7859,-2.1421,4.8909,2.799,-0.836,0.403
0.809,-2.096,4.8909,2.889,-0.836,0.403
0.8321,-2.073,4.8909,2.889,-0.9289999999999999,0.403
0.809,-2.0269,4.8909,2.799,-0.836,0.335
0.7397,-1.9578,4.6265,2.5280000000000005,-1.022,0.47
0.6934,-1.9117,4.3621,2.347,-1.115,0.47
0.6703,-1.8657,4.3621,2.347,-1.022,0.47
0.6703,-1.8657,4.3621,2.257,-0.9289999999999999,0.403
0.6934,-1.8887,4.3621,2.347,-0.836,0.403
0.7628,-1.9117,4.4943,2.347,-0.836,0.335
0.809,-1.8657,4.3621,2.167,-0.65,0.47
0.7859,-1.7044,4.3621,1.806,-0.65,0.47
0.7628,-1.6584,4.23,1.625,-0.7430000000000001,0.403
0.7397,-1.6353,4.23,1.535,-0.836,0.335
0.7165,-1.6353,4.23,1.625,-0.7430000000000001,0.335
0.6934,-1.6814,4.23,1.715,-0.9289999999999999,0.403
0.6934,-1.7044,4.3621,1.896,-0.9289999999999999,0.335
0.601,-1.7044,4.3621,1.986,-1.022,0.47
0.6703,-1.6584,4.23,1.715,-1.022,0.47
0.7859,-1.6123,4.23,1.715,-0.65,0.403
0.9246,-1.5893,4.23,1.444,-0.27799999999999997,0.403
0.9939,-1.5202,4.0978,1.2640000000000002,-0.092,0.47
0.8784,-1.5432,4.0978,1.3539999999999999,-0.185,0.403
0.7165,-1.5432,4.0978,1.444,-0.836,0.403
0.6241,-1.5662,4.0978,1.444,-1.022,0.403
0.6703,-1.5893,4.0978,1.806,-1.022,0.403
0.7628,-1.6353,4.23,1.625,-0.836,0.403
0.7859,-1.6353,4.23,1.715,-0.65,0.403
0.6934,-1.6123,4.23,1.625,-0.9289999999999999,0.47
0.6472,-1.5893,4.23,1.625,-0.9289999999999999,0.403
0.7397,-1.6123,4.0978,1.444,-0.7430000000000001,0.403
0.7628,-1.6123,4.23,1.535,-0.836,0.47
0.7628,-1.6123,4.23,1.535,-0.836,0.47
0.6241,-1.6123,4.23,1.715,-1.115,0.335
0.6472,-1.6584,4.3621,1.715,-1.115,0.403
0.7628,-1.6814,4.3621,1.806,-0.7430000000000001,0.403
0.9708,-1.6353,4.3621,1.806,-0.092,0.335
0.9708,-1.6814,4.4943,1.806,-0.092,0.403
0.8321,-1.7275,4.3621,1.986,-0.5569999999999999,0.47
0.7397,-1.7505,4.3621,2.167,-0.836,0.403
0.7165,-1.7966,4.4943,2.257,-0.836,0.335
0.7859,-1.8196,4.6265,2.347,-0.7430000000000001,0.335
0.8552,-1.8657,4.7587,2.4379999999999997,-0.65,0.335
0.7165,-1.9578,4.7587,2.799,-1.115,0.335
0.7165,-1.9578,4.7587,2.799,-1.115,0.335
0.5779,-2.0039,4.8909,2.799,-1.3,0.268
0.6472,-2.0269,4.8909,2.889,-1.022,0.268
0.7628,-2.073,5.0231,2.889,-0.836,0.335
0.9246,-2.096,5.0231,2.799,-0.46399999999999997,0.403
1.1789,-2.096,5.2875,2.889,0.092,0.268
1.0633,-2.2342,5.4196,3.25,-0.185,0.268
0.9015,-2.3033,5.4196,3.341,-0.7430000000000001,0.335
0.8552,-2.3494,5.684,3.702,-0.7430000000000001,0.403
0.8784,-2.3954,5.8162,3.792,-0.9289999999999999,0.403
0.9246,-2.4415,5.8162,3.792,-0.7430000000000001,0.268
0.9477,-2.4185,5.9484,3.8819999999999997,-0.7430000000000001,0.403
0.9477,-2.4876,5.8162,3.973,-0.7430000000000001,0.403
0.8321,-2.5336,5.9484,4.063,-1.115,0.335
0.809,-2.5567,6.0806,4.1530000000000005,-1.207,0.403
0.9477,-2.6027,6.2128,4.244,-0.836,0.335
0.9246,-2.6027,6.2128,4.334,-0.836,0.335
0.9015,-2.6718,6.345,4.515000000000001,-0.9289999999999999,0.335
0.9246,-2.7179,6.4771,4.694999999999999,-0.9289999999999999,0.335
0.9246,-2.7409,6.6093,4.966,-1.115,0.403
0.9015,-2.787,6.6093,5.056000000000001,-1.115,0.335
0.9015,-2.8561,6.7415,5.147,-1.115,0.335
0.9015,-2.8561,6.7415,5.147,-1.115,0.335
1.0171,-2.8331,6.7415,4.966,-0.9289999999999999,0.403
1.0171,-2.81,6.6093,4.8759999999999994,-0.7430000000000001,0.335
0.9708,-2.81,6.6093,4.8759999999999994,-0.836,0.335
0.9477,-2.81,6.6093,4.785,-0.9289999999999999,0.335
0.8784,-2.787,6.6093,4.785,-1.115,0.335
0.8552,-2.787,6.6093,4.785,-1.115,0.335
0.8321,-2.7409,6.4771,4.694999999999999,-1.3,0.335
0.7859,-2.7409,6.345,4.605,-1.207,0.268
0.7859,-2.7409,6.2128,4.515000000000001,-1.115,0.403
0.8552,-2.6718,6.2128,4.334,-1.022,0.335
0.8784,-2.6027,6.0806,4.063,-0.9289999999999999,0.335
0.8784,-2.4645,5.5518,3.5210000000000004,-0.7430000000000001,0.403
0.8321,-2.4185,5.4196,3.341,-0.836,0.403
0.7859,-2.3954,5.2875,3.25,-0.9289999999999999,0.335
0.7859,-2.3954,5.5518,3.341,-1.022,0.268
0.7859,-2.4415,5.4196,3.341,-0.9289999999999999,0.403
0.7859,-2.4415,5.5518,3.431,-0.836,0.335
0.809,-2.3954,5.4196,3.25,-0.9289999999999999,0.335
0.8321,-2.3033,5.2875,3.07,-0.836,0.268
0.809,-2.2342,5.0231,2.799,-0.836,0.335
0.809,-2.119,4.7587,2.889,-1.022,0.47
0.809,-2.119,4.7587,2.889,-1.022,0.47
0.7165,-2.073,4.7587,2.889,-1.115,0.403
0.6934,-2.096,4.7587,2.889,-1.115,0.335
0.7165,-2.0269,4.6265,2.7089999999999996,-1.115,0.403
0.7859,-2.0269,4.6265,2.5280000000000005,-0.836,0.403
0.809,-2.0039,4.6265,2.4379999999999997,-0.7430000000000001,0.47
0.7859,-1.9578,4.4943,2.347,-0.7430000000000001,0.403
0.7859,-1.9578,4.4943,2.347,-0.7430000000000001,0.403
0.6241,-1.8887,4.3621,2.347,-1.022,0.403
0.5547,-1.8426,4.3621,2.257,-1.3,0.335
0.5316,-1.7966,4.3621,2.167,-1.393,0.335
0.809,-1.8196,4.3621,1.986,-0.5569999999999999,0.335
0.9246,-1.7735,4.4943,1.896,-0.27799999999999997,0.335
0.9246,-1.7505,4.3621,1.896,-0.371,0.335
0.7628,-1.7735,4.3621,1.806,-0.7430000000000001,0.403
0.6241,-1.7044,4.23,1.715,-1.022,0.47
0.6241,-1.6584,4.23,1.715,-1.115,0.403
0.9246,-1.6123,4.23,1.535,-0.185,0.403
1.0402,-1.5662,4.3621,1.444,0.0,0.47
0.9246,-1.6353,4.23,1.535,-0.27799999999999997,0.403
0.7165,-1.6353,4.23,1.715,-0.9289999999999999,0.47
0.6241,-1.5893,4.23,1.535,-1.022,0.403
0.7397,-1.6123,4.0978,1.444,-0.7430000000000001,0.47
0.7397,-1.5893,4.0978,1.3539999999999999,-0.836,0.403
0.6472,-1.5893,3.9656,1.444,-1.022,0.47
0.6241,-1.5662,3.9656,1.3539999999999999,-1.115,0.403
0.6934,-1.5893,4.0978,1.3539999999999999,-0.836,0.403
0.7859,-1.5893,4.0978,1.535,-0.65,0.403
0.8321,-1.5893,4.0978,1.535,-0.46399999999999997,0.335
0.809,-1.5893,4.0978,1.535,-0.46399999999999997,0.335
0.7859,-1.6123,4.0978,1.535,-0.5569999999999999,0.335
0.7859,-1.6584,4.23,1.535,-0.7430000000000001,0.403
0.7628,-1.6814,4.3621,1.806,-0.65,0.403
0.7859,-1.7505,4.3621,1.806,-0.7430000000000001,0.403
0.7397,-1.7505,4.3621,1.986,-0.65,0.335
0.7859,-1.7735,4.3621,1.986,-0.65,0.47
0.809,-1.7275,4.3621,1.896,-0.65,0.403
0.8321,-1.7044,4.3621,1.806,-0.46399999999999997,0.403
0.8321,-1.7966,4.3621,1.986,-0.5569999999999999,0.403
0.8321,-1.9117,4.7587,2.5280000000000005,-0.65,0.335
0.8321,-1.9117,4.7587,2.5280000000000005,-0.65,0.335
0.809,-1.9808,4.6265,2.618,-0.7430000000000001,0.403
0.809,-2.0039,4.6265,2.618,-0.7430000000000001,0.403
0.8552,-1.9808,4.6265,2.618,-0.7430000000000001,0.335
0.8784,-2.0269,4.7587,2.7089999999999996,-0.836,0.47
0.8784,-2.073,4.8909,2.799,-0.836,0.335
0.7628,-2.119,5.0231,2.889,-0.836,0.403
0.7628,-2.119,5.0231,2.889,-0.836,0.403
0.7397,-2.119,5.0231,2.799,-0.9289999999999999,0.335
0.8552,-2.2112,5.1553,2.889,-0.7430000000000001,0.403
0.8552,-2.3033,5.2875,3.16,-0.836,0.403
0.8552,-2.3724,5.684,3.5210000000000004,-0.7430000000000001,0.335
0.8552,-2.4415,5.8162,3.8819999999999997,-0.836,0.335
0.9477,-2.5336,6.0806,4.063,-0.7430000000000001,0.201
0.9939,-2.5567,6.0806,3.973,-0.46399999999999997,0.201
0.9939,-2.5567,6.0806,4.063,-0.5569999999999999,0.335
0.9246,-2.6027,6.2128,4.334,-0.836,0.268
0.8784,-2.6718,6.345,4.694999999999999,-1.115,0.335
1.0633,-2.8561,6.7415,5.056000000000001,-0.5569999999999999,0.335
1.0864,-2.9022,6.7415,5.056000000000001,-0.5569999999999999,0.268
1.0864,-2.9482,6.7415,5.237,-0.7430000000000001,0.403
1.0171,-2.9482,6.8737,5.237,-0.836,0.335
0.9708,-2.9482,6.7415,5.417999999999999,-1.022,0.403
0.9939,-2.9943,7.1381,5.507999999999999,-1.022,0.268
0.9477,-2.9022,7.2703,5.417999999999999,-1.115,0.403
0.8552,-2.7179,7.1381,5.056000000000001,-1.115,0.403
0.7628,-2.4645,7.0059,4.424,-1.393,0.5369999999999999
0.9015,-2.8331,6.7415,4.966,-1.022,0.403
1.0171,-2.9022,6.7415,4.966,-0.7430000000000001,0.268
0.9246,-2.9482,6.8737,5.237,-1.022,0.335
0.809,-2.9022,6.6093,5.056000000000001,-1.393,0.403
0.7628,-2.8561,6.4771,4.8759999999999994,-1.4860000000000002,0.403
0.7628,-2.764,6.345,4.424,-1.207,0.403
0.7628,-2.764,6.345,4.424,-1.207,0.403
0.7628,-2.81,6.345,4.605,-1.207,0.335
0.8321,-2.81,6.4771,4.605,-1.022,0.268
0.9015,-2.6949,6.0806,4.244,-0.836,0.403
0.9015,-2.5336,5.5518,3.5210000000000004,-0.7430000000000001,0.403
0.8552,-2.4876,5.5518,3.341,-0.836,0.403
0.7397,-2.4645,5.5518,3.431,-1.115,0.335
0.7397,-2.4645,5.5518,3.431,-1.115,0.335
0.7628,-2.4185,5.4196,3.341,-1.022,0.335
0.7859,-2.3033,5.1553,2.979,-0.9289999999999999,0.335
0.809,-2.3033,5.1553,2.799,-0.7430000000000001,0.335
0.8321,-2.2803,5.1553,2.799,-0.836,0.47
0.7859,-2.2342,5.0231,2.799,-0.836,0.403
0.7628,-2.1881,4.8909,2.799,-0.9289999999999999,0.335
0.7628,-2.1881,4.8909,2.799,-0.9289999999999999,0.335
0.7165,-2.073,4.6265,2.618,-1.022,0.47
0.6934,-2.0039,4.6265,2.5280000000000005,-0.9289999999999999,0.403
0.6703,-1.9808,4.4943,2.4379999999999997,-1.022,0.47
0.7397,-2.0039,4.6265,2.5280000000000005,-1.022,0.47
0.7628,-2.0039,4.6265,2.5280000000000005,-0.836,0.403
0.7397,-1.9808,4.4943,2.4379999999999997,-0.836,0.403
0.7397,-1.9578,4.4943,2.347,-0.836,0.403
0.7397,-1.8426,4.3621,1.896,-0.7430000000000001,0.403
0.7397,-1.7735,4.3621,1.896,-0.7430000000000001,0.403
0.7165,-1.7735,4.3621,1.896,-0.836,0.403
0.6241,-1.7275,4.3621,1.806,-1.115,0.403
0.6241,-1.7275,4.23,1.715,-1.115,0.335
0.7859,-1.7505,4.3621,1.715,-0.836,0.403
0.9015,-1.7044,4.3621,1.715,-0.27799999999999997,0.403
0.9015,-1.7275,4.3621,1.715,-0.27799999999999997,0.403
0.809,-1.7044,4.23,1.715,-0.5569999999999999,0.403
0.6934,-1.6814,4.0978,1.715,-0.836,0.403
0.601,-1.6814,4.0978,1.625,-1.022,0.335
0.6934,-1.6353,4.0978,1.535,-1.022,0.335
0.809,-1.6353,4.0978,1.444,-0.46399999999999997,0.335
0.809,-1.6353,4.0978,1.3539999999999999,-0.371,0.403
0.7397,-1.6123,4.0978,1.535,-0.65,0.403
0.6703,-1.6123,4.0978,1.444,-0.9289999999999999,0.403
0.6472,-1.6123,4.0978,1.444,-0.836,0.268
0.8321,-1.6123,4.0978,1.3539999999999999,-0.371,0.268
0.8321,-1.6123,4.0978,1.3539999999999999,-0.371,0.268
0.8784,-1.6123,3.9656,1.444,-0.185,0.403
0.8552,-1.6123,4.0978,1.444,-0.46399999999999997,0.403
0.7628,-1.5893,4.0978,1.535,-0.7430000000000001,0.335
0.6241,-1.5432,3.9656,1.3539999999999999,-1.115,0.403
0.7397,-1.5662,3.9656,1.444,-0.65,0.335
0.7397,-1.5662,3.9656,1.444,-0.65,0.335
0.7628,-1.7275,4.3621,1.896,-0.7430000000000001,0.335
0.7859,-1.7735,4.3621,2.076,-0.7430000000000001,0.403
0.809,-1.7966,4.3621,1.986,-0.5569999999999999,0.335
0.8321,-1.8426,4.4943,2.167,-0.5569999999999999,0.335
0.7628,-1.8657,4.3621,2.257,-0.836,0.335
0.6934,-1.8887,4.4943,2.347,-0.9289999999999999,0.335
0.6934,-1.9117,4.4943,2.5280000000000005,-1.022,0.268
0.7859,-2.0269,4.6265,2.7089999999999996,-0.7430000000000001,0.268
0.7859,-2.0269,4.6265,2.7089999999999996,-0.7430000000000001,0.268
0.9246,-2.119,5.0231,2.889,-0.46399999999999997,0.268
0.9246,-2.119,5.0231,2.889,-0.46399999999999997,0.268
0.9708,-2.2572,5.2875,3.07,-0.46399999999999997,0.268
0.9015,-2.3494,5.4196,3.341,-0.65,0.335
0.8784,-2.3724,5.4196,3.341,-0.7430000000000001,0.335
0.8552,-2.4185,5.5518,3.5210000000000004,-0.7430000000000001,0.335
0.8321,-2.4645,5.684,3.792,-0.836,0.268
0.8784,-2.5336,5.8162,3.973,-0.7430000000000001,0.268
0.9246,-2.5797,5.9484,4.244,-0.836,0.335
1.0402,-2.6718,6.2128,4.424,-0.5569999999999999,0.335
1.0864,-2.6949,6.345,4.605,-0.5569999999999999,0.403
1.0633,-2.7409,6.4771,4.694999999999999,-0.46399999999999997,0.335
1.0402,-2.787,6.4771,4.785,-0.65,0.335
0.9708,-2.8331,6.6093,4.8759999999999994,-0.9289999999999999,0.335
0.9246,-2.8791,6.6093,5.056000000000001,-0.9289999999999999,0.268
0.8784,-2.8791,6.7415,5.147,-1.207,0.201
0.8784,-2.8791,6.7415,5.147,-1.207,0.268
0.9015,-2.9022,6.7415,5.147,-1.115,0.268
0.9015,-2.9022,6.7415,5.147,-1.115,0.268
0.9246,-2.9022,6.6093,5.056000000000001,-0.836,0.268
0.9246,-2.8561,6.6093,5.147,-1.022,0.268
0.9015,-2.8331,6.4771,4.8759999999999994,-1.022,0.268
0.8321,-2.787,6.4771,4.785,-1.115,0.268
0.809,-2.81,6.345,4.785,-1.207,0.268
0.8784,-2.7409,6.345,4.605,-0.9289999999999999,0.268
0.8784,-2.7179,6.2128,4.424,-0.9289999999999999,0.201
0.8784,-2.7179,6.2128,4.424,-0.9289999999999999,0.201
0.8552,-2.6488,6.0806,4.063,-0.9289999999999999,0.268
0.8321,-2.6027,5.8162,4.063,-1.022,0.335
0.7628,-2.5336,5.684,3.8819999999999997,-1.115,0.335
0.7859,-2.5336,5.8162,3.702,-1.115,0.335
0.7628,-2.5106,5.684,3.612,-1.022,0.335
0.7397,-2.4876,5.5518,3.431,-1.115,0.403
0.7397,-2.4645,5.4196,3.431,-0.9289999999999999,0.403
0.7397,-2.4185,5.4196,3.341,-0.9289999999999999,0.268
0.7859,-2.4185,5.2875,3.25,-0.9289999999999999,0.335
0.7628,-2.3033,5.0231,2.889,-0.836,0.268
0.7165,-2.2572,4.8909,2.889,-0.836,0.403
0.7165,-2.1651,4.7587,2.889,-1.115,0.335
0.6934,-2.1421,4.7587,2.889,-1.115,0.335
0.7397,-2.073,4.6265,2.618,-0.836,0.403
0.7628,-2.0269,4.6265,2.5280000000000005,-0.836,0.335
0.809,-2.0039,4.4943,2.257,-0.836,0.268
0.809,-1.9348,4.3621,2.257,-0.7430000000000001,0.335
0.7397,-1.8657,4.3621,2.167,-0.7430000000000001,0.403
0.5316,-1.7505,4.23,1.896,-1.207,0.403
0.6472,-1.7505,4.23,1.806,-1.115,0.403
0.8552,-1.6814,4.23,1.625,-0.371,0.335
0.7628,-1.6353,4.23,1.625,-0.65,0.403
0.5316,-1.4971,3.9656,1.173,-1.115,0.335
0.5085,-1.4741,3.9656,1.2640000000000002,-1.207,0.335
0.601,-1.4741,3.9656,1.083,-1.022,0.403
0.6703,-1.4971,3.9656,1.2640000000000002,-0.9289999999999999,0.47
0.7628,-1.5432,3.9656,1.173,-0.65,0.335
0.8784,-1.5662,3.9656,1.2640000000000002,-0.371,0.403
0.9015,-1.5893,4.0978,1.3539999999999999,-0.27799999999999997,0.403
0.8552,-1.6123,4.0978,1.444,-0.371,0.335
0.8552,-1.5893,4.0978,1.3539999999999999,-0.27799999999999997,0.268
0.8552,-1.5662,3.9656,1.2640000000000002,-0.371,0.403
0.7859,-1.5893,3.9656,1.3539999999999999,-0.5569999999999999,0.335
0.7859,-1.5893,3.9656,1.3539999999999999,-0.5569999999999999,0.335
0.7397,-1.5662,3.9656,1.3539999999999999,-0.5569999999999999,0.335
0.601,-1.5893,4.0978,1.535,-1.115,0.335
0.6934,-1.6353,4.0978,1.535,-1.022,0.403
0.7628,-1.6353,4.0978,1.535,-0.5569999999999999,0.335
0.8321,-1.6814,4.23,1.625,-0.46399999999999997,0.403
0.8552,-1.6814,4.23,1.625,-0.371,0.403
0.8784,-1.7044,4.3621,1.806,-0.371,0.335
0.6472,-1.7275,4.3621,1.986,-0.9289999999999999,0.335
0.601,-1.7275,4.23,1.986,-1.207,0.403
0.6934,-1.8426,4.3621,2.167,-0.836,0.335
0.6934,-1.8426,4.3621,2.167,-0.836,0.335
0.8784,-1.8426,4.4943,2.076,-0.46399999999999997,0.403
0.9708,-1.9117,4.6265,2.347,-0.27799999999999997,0.335
0.9015,-1.9578,4.6265,2.4379999999999997,-0.46399999999999997,0.335
0.8321,-2.0039,4.6265,2.618,-0.7430000000000001,0.335
0.8552,-2.0499,4.7587,2.618,-0.7430000000000001,0.335
0.9939,-2.1881,5.0231,2.979,-0.371,0.403
0.9246,-2.2572,5.1553,2.979,-0.46399999999999997,0.335
0.7628,-2.2572,5.1553,2.979,-0.9289999999999999,0.268
0.6703,-2.2803,5.2875,3.25,-1.115,0.268
0.7859,-2.3494,5.4196,3.25,-0.836,0.201
0.9246,-2.3954,5.684,3.341,-0.5569999999999999,0.268
0.9939,-2.4415,5.8162,3.702,-0.46399999999999997,0.268
0.9939,-2.6258,6.0806,4.1530000000000005,-0.65,0.268
0.9708,-2.6258,6.2128,4.334,-0.836,0.268
0.9246,-2.6488,6.0806,4.334,-0.9289999999999999,0.268
0.8784,-2.8331,6.4771,4.8759999999999994,-1.115,0.403
0.7397,-2.8331,6.4771,5.056000000000001,-1.393,0.335
0.7397,-2.9022,6.7415,5.147,-1.393,0.268
0.8784,-2.9482,6.8737,5.327,-1.022,0.268
0.9939,-3.0404,7.0059,5.417999999999999,-0.836,0.335
0.9708,-3.0634,7.0059,5.327,-1.022,0.335
0.8321,-2.9252,6.7415,5.056000000000001,-1.3,0.268
0.8784,-2.9252,6.6093,4.966,-1.207,0.335
0.9477,-2.9252,6.6093,4.8759999999999994,-0.9289999999999999,0.201
0.9939,-2.9713,6.7415,5.147,-0.836,0.268
0.7628,-3.0634,6.8737,5.327,-1.393,0.403
0.809,-3.0404,6.8737,5.327,-1.3,0.335
0.809,-3.0404,6.8737,5.327,-1.3,0.335
0.9015,-2.9713,6.4771,4.8759999999999994,-0.9289999999999999,0.201
0.9015,-2.9713,6.4771,4.8759999999999994,-0.9289999999999999,0.201
0.8784,-2.8561,6.345,4.694999999999999,-1.207,0.47
0.8552,-2.81,6.2128,4.424,-1.022,0.47
0.809,-2.6258,5.9484,3.8819999999999997,-1.115,0.403
0.7859,-2.5797,5.8162,3.702,-1.022,0.335
0.7165,-2.4415,5.4196,3.25,-1.115,0.268
0.7397,-2.4185,5.2875,3.16,-1.022,0.268
0.7859,-2.3724,5.0231,3.07,-0.9289999999999999,0.268
0.7397,-2.1881,4.8909,2.799,-0.836,0.268
0.6934,-2.1881,4.8909,2.799,-1.115,0.268
0.6703,-2.1881,4.8909,2.7089999999999996,-1.115,0.268
0.6934,-2.1651,4.8909,2.799,-1.115,0.268
0.7397,-2.1651,4.7587,2.7089999999999996,-0.9289999999999999,0.335
0.7859,-2.1651,4.7587,2.7089999999999996,-0.836,0.403
0.7859,-2.1651,4.7587,2.7089999999999996,-0.836,0.403
0.7628,-2.0499,4.4943,2.4379999999999997,-0.836,0.335
0.7628,-2.0499,4.4943,2.4379999999999997,-0.836,0.335
0.7165,-2.0269,4.4943,2.347,-0.9289999999999999,0.268
0.6703,-1.9808,4.4943,2.347,-0.9289999999999999,0.335
0.7165,-1.9808,4.3621,2.257,-0.9289999999999999,0.335
0.7397,-1.9808,4.3621,2.257,-0.836,0.403
0.7628,-1.9578,4.3621,2.257,-0.7430000000000001,0.403
0.809,-1.9808,4.3621,2.257,-0.7430000000000001,0.403
0.7628,-1.9117,4.23,1.986,-0.7430000000000001,0.403
0.7628,-1.9117,4.23,1.986,-0.7430000000000001,0.403
0.7397,-1.8657,4.23,1.896,-0.836,0.403
0.7397,-1.8657,4.23,1.896,-0.836,0.47
0.7165,-1.8196,4.23,1.896,-0.836,0.403
0.7397,-1.7735,4.3621,1.806,-0.7430000000000001,0.403
0.7165,-1.7505,4.23,1.715,-0.7430000000000001,0.403
0.7165,-1.7275,4.0978,1.625,-0.836,0.335
0.7859,-1.7275,4.0978,1.625,-0.7430000000000001,0.403
0.809,-1.7275,4.23,1.625,-0.46399999999999997,0.47
0.809,-1.7275,4.23,1.715,-0.46399999999999997,0.335
0.7859,-1.7275,4.23,1.625,-0.46399999999999997,0.403
0.7859,-1.7505,4.0978,1.625,-0.65,0.335
0.7397,-1.7275,4.0978,1.625,-0.7430000000000001,0.403
0.7397,-1.6814,4.0978,1.535,-0.5569999999999999,0.403
0.7859,-1.7275,4.23,1.625,-0.5569999999999999,0.335
0.7397,-1.7275,4.23,1.715,-0.65,0.403
0.6934,-1.7275,4.0978,1.715,-0.836,0.335
0.6472,-1.7275,4.23,1.806,-0.9289999999999999,0.403
0.6472,-1.7275,4.23,1.806,-0.9289999999999999,0.403
0.9246,-1.7044,4.23,1.625,-0.092,0.268
0.7859,-1.7966,4.3621,1.806,-0.46399999999999997,0.335
0.7397,-1.8657,4.3621,2.167,-0.836,0.403
0.7165,-1.9117,4.3621,2.257,-0.836,0.335
0.7859,-1.9348,4.4943,2.347,-0.7430000000000001,0.335
0.8784,-2.0269,4.6265,2.5280000000000005,-0.5569999999999999,0.335
0.7859,-2.0499,4.7587,2.7089999999999996,-0.7430000000000001,0.335
0.7165,-2.073,4.7587,2.889,-1.022,0.403
0.7628,-2.0269,4.7587,2.7089999999999996,-0.9289999999999999,0.403
0.8552,-2.073,4.7587,2.5280000000000005,-0.65,0.335
0.9015,-2.096,4.7587,2.7089999999999996,-0.5569999999999999,0.335
0.8784,-2.1421,4.8909,2.889,-0.5569999999999999,0.403
0.809,-2.1651,4.8909,2.889,-0.5569999999999999,0.403
0.7165,-2.2342,5.0231,2.889,-0.9289999999999999,0.268
0.7628,-2.3033,5.1553,2.979,-1.022,0.268
0.8784,-2.3954,5.4196,3.341,-0.65,0.268
0.9015,-2.4415,5.5518,3.431,-0.65,0.335
0.9246,-2.5567,5.8162,3.973,-0.7430000000000001,0.335
0.9246,-2.5567,5.8162,3.973,-0.7430000000000001,0.335
0.9477,-2.6718,6.2128,4.334,-0.7430000000000001,0.268
0.9246,-2.7409,6.345,4.515000000000001,-0.836,0.335
0.9246,-2.8331,6.345,4.694999999999999,-0.9289999999999999,0.268
0.9477,-2.8331,6.4771,4.785,-0.9289999999999999,0.335
0.9246,-2.8561,6.6093,4.8759999999999994,-0.836,0.268
0.9246,-2.8791,6.6093,4.966,-1.115,0.335
0.9246,-2.8791,6.6093,4.8759999999999994,-0.9289999999999999,0.335
0.9246,-2.8561,6.4771,4.785,-0.9289999999999999,0.335
0.9477,-2.8791,6.6093,4.966,-0.9289999999999999,0.335
0.9015,-2.9022,6.7415,4.966,-1.115,0.335
0.9015,-2.9713,6.8737,5.056000000000001,-1.115,0.268
0.9015,-2.9713,6.8737,5.056000000000001,-1.115,0.268
0.9015,-2.9943,6.8737,5.147,-1.115,0.268
0.9477,-2.9943,6.8737,5.237,-0.836,0.268
0.9477,-2.9713,6.7415,5.147,-1.022,0.335
0.9015,-2.9022,6.6093,4.8759999999999994,-0.9289999999999999,0.403
0.8784,-2.8791,6.4771,4.785,-1.207,0.47
0.8321,-2.8561,6.345,4.605,-1.022,0.403
0.809,-2.787,6.2128,4.515000000000001,-1.115,0.335
0.7859,-2.787,6.345,4.424,-1.207,0.268
0.7859,-2.764,6.2128,4.424,-1.115,0.403
0.7859,-2.764,6.2128,4.334,-1.207,0.335
0.809,-2.7409,6.0806,4.244,-1.022,0.335
0.8552,-2.6258,5.9484,3.973,-0.9289999999999999,0.335
0.809,-2.5797,5.684,3.702,-0.836,0.335
0.7859,-2.4876,5.4196,3.341,-0.9289999999999999,0.335
0.7628,-2.4645,5.4196,3.341,-1.022,0.403
0.7165,-2.4185,5.4196,3.25,-1.115,0.403
0.7397,-2.3954,5.2875,3.25,-1.022,0.335
0.7859,-2.3954,5.2875,3.16,-1.022,0.268
0.8552,-2.3494,5.1553,3.07,-0.65,0.268
0.8552,-2.3033,5.0231,2.799,-0.7430000000000001,0.403
0.809,-2.2572,4.8909,2.799,-0.836,0.403
0.7165,-2.1651,4.8909,2.889,-1.022,0.335
0.6934,-2.096,4.6265,2.7089999999999996,-1.115,0.403
0.7397,-2.096,4.7587,2.7089999999999996,-0.9289999999999999,0.335
0.7397,-2.096,4.7587,2.7089999999999996,-0.9289999999999999,0.335
0.8321,-2.073,4.6265,2.618,-0.7430000000000001,0.403
0.8784,-2.0499,4.6265,2.4379999999999997,-0.65,0.403
0.8784,-2.0269,4.6265,2.347,-0.5569999999999999,0.335
0.8784,-1.9578,4.6265,2.347,-0.65,0.403
0.7397,-1.9348,4.4943,2.257,-0.65,0.47
0.7397,-1.9348,4.4943,2.257,-0.65,0.47
0.6703,-1.9117,4.3621,2.257,-0.9289999999999999,0.47
0.6934,-1.9117,4.3621,2.347,-0.836,0.47
0.7165,-1.9117,4.3621,2.257,-0.836,0.403
0.7397,-1.8887,4.3621,2.167,-0.7430000000000001,0.403
0.7859,-1.8657,4.3621,2.076,-0.65,0.403
0.8321,-1.8657,4.3621,1.896,-0.65,0.403
0.809,-1.8196,4.3621,1.896,-0.65,0.403
0.7859,-1.7966,4.3621,1.896,-0.65,0.403
0.7165,-1.8196,4.3621,1.986,-0.7430000000000001,0.403
0.7165,-1.8196,4.3621,1.986,-0.7430000000000001,0.47
0.7628,-1.8196,4.3621,1.986,-0.65,0.403
0.7859,-1.7966,4.3621,1.896,-0.65,0.335
0.809,-1.7505,4.3621,1.806,-0.65,0.403
0.7628,-1.7735,4.3621,1.806,-0.7430000000000001,0.403
0.6472,-1.7505,4.0978,1.806,-0.836,0.403
0.5779,-1.7505,4.23,1.806,-1.115,0.335
0.7165,-1.7735,4.3621,1.986,-0.7430000000000001,0.335
0.9246,-1.7966,4.4943,1.896,-0.185,0.335
0.9246,-1.7966,4.4943,1.896,-0.185,0.335
0.809,-1.8426,4.4943,2.076,-0.65,0.335
0.809,-1.8426,4.4943,2.076,-0.65,0.335
0.7628,-1.8657,4.3621,2.167,-0.7430000000000001,0.403
0.7397,-1.9117,4.3621,2.167,-0.7430000000000001,0.335
0.7628,-1.9578,4.3621,2.257,-0.7430000000000001,0.403
0.7165,-1.9578,4.3621,2.347,-0.836,0.335
0.6934,-1.9578,4.3621,2.347,-0.9289999999999999,0.335
0.7165,-1.9578,4.4943,2.347,-0.836,0.335
0.7165,-1.9808,4.4943,2.4379999999999997,-0.836,0.335
0.7628,-2.0039,4.4943,2.4379999999999997,-0.7430000000000001,0.403
0.9015,-2.0269,4.7587,2.5280000000000005,-0.5569999999999999,0.403
0.9015,-2.096,4.8909,2.799,-0.46399999999999997,0.403
0.7628,-2.119,4.8909,2.889,-0.9289999999999999,0.403
0.7165,-2.1421,4.8909,2.889,-0.9289999999999999,0.335
0.6934,-2.1881,4.8909,2.799,-1.022,0.268
0.9477,-2.2803,5.1553,2.889,-0.46399999999999997,0.335
0.9477,-2.2803,5.1553,2.889,-0.46399999999999997,0.335
1.0402,-2.3494,5.4196,3.07,-0.185,0.335
0.9246,-2.3954,5.4196,3.25,-0.46399999999999997,0.335
0.7628,-2.3494,5.2875,3.25,-0.9289999999999999,0.268
0.7165,-2.3724,5.2875,3.16,-1.115,0.268
0.8552,-2.5797,5.8162,3.8819999999999997,-0.7430000000000001,0.335
0.9246,-2.6258,6.2128,4.1530000000000005,-0.7430000000000001,0.268
0.9246,-2.6258,6.2128,4.1530000000000005,-0.7430000000000001,0.268
0.9477,-2.6718,6.345,4.334,-0.7430000000000001,0.335
0.9708,-2.764,6.4771,4.605,-0.836,0.268
0.9708,-2.787,6.4771,4.605,-0.7430000000000001,0.335
0.9477,-2.6488,6.345,4.244,-0.7430000000000001,0.335
0.9246,-2.6718,6.345,4.1530000000000005,-0.836,0.335
0.9015,-2.7179,6.2128,4.244,-0.836,0.335
0.8552,-2.764,6.345,4.515000000000001,-0.9289999999999999,0.335
0.8552,-2.787,6.345,4.694999999999999,-1.022,0.268
0.8784,-2.8331,6.4771,4.694999999999999,-1.115,0.268
0.8784,-2.8331,6.4771,4.694999999999999,-0.9289999999999999,0.268
0.8784,-2.8331,6.345,4.605,-1.022,0.268
0.8784,-2.81,6.345,4.515000000000001,-0.9289999999999999,0.268
0.8784,-2.764,6.345,4.424,-0.9289999999999999,0.268
0.8552,-2.764,6.2128,4.515000000000001,-1.022,0.403
0.8321,-2.764,6.2128,4.334,-0.9289999999999999,0.335
0.8321,-2.7409,5.9484,3.973,-0.836,0.335
0.9015,-2.6258,5.9484,4.063,-0.836,0.403
0.9015,-2.6258,5.9484,3.8819999999999997,-0.65,0.403
0.8552,-2.5797,5.8162,3.973,-0.836,0.403
0.8321,-2.5106,5.684,3.431,-0.836,0.335
0.8552,-2.4185,5.4196,3.25,-0.836,0.335
0.7859,-2.3494,5.1553,2.979,-0.7430000000000001,0.268
0.7859,-2.3724,5.1553,2.979,-0.9289999999999999,0.335
0.7859,-2.3033,5.1553,2.979,-0.836,0.268
0.8552,-2.2342,5.0231,2.799,-0.5569999999999999,0.403
0.8552,-2.2342,5.0231,2.799,-0.5569999999999999,0.403
0.8552,-2.1421,4.7587,2.618,-0.7430000000000001,0.268
0.8321,-2.1421,4.7587,2.5280000000000005,-0.65,0.403
0.809,-2.119,4.7587,2.7089999999999996,-0.7430000000000001,0.47
0.7628,-2.073,4.6265,2.5280000000000005,-0.836,0.47
0.7628,-2.073,4.6265,2.5280000000000005,-0.836,0.47
0.7165,-2.0039,4.3621,2.257,-0.9289999999999999,0.47
0.7165,-1.9348,4.3621,2.076,-0.836,0.335
0.7397,-1.8887,4.3621,1.986,-0.7430000000000001,0.403
0.7628,-1.8426,4.3621,1.896,-0.65,0.403
0.7628,-1.8426,4.3621,1.896,-0.65,0.403
0.7628,-1.8426,4.3621,2.076,-0.7430000000000001,0.335
0.7397,-1.8887,4.3621,2.076,-0.7430000000000001,0.335
0.7165,-1.8887,4.3621,1.986,-0.65,0.335
0.7165,-1.8657,4.23,1.896,-0.7430000000000001,0.335
0.7397,-1.8426,4.23,1.896,-0.836,0.403
0.7397,-1.8196,4.23,1.806,-0.7430000000000001,0.335
0.7397,-1.8657,4.23,1.806,-0.7430000000000001,0.47
0.7165,-1.7735,4.23,1.715,-0.9289999999999999,0.47
0.7165,-1.7735,4.23,1.715,-0.9289999999999999,0.47
0.601,-1.7275,4.0978,1.715,-1.022,0.403
0.6934,-1.7966,4.23,1.896,-0.7430000000000001,0.403
0.6934,-1.7966,4.23,1.896,-0.7430000000000001,0.403
1.0633,-1.6814,4.3621,1.444,0.092,0.47
0.9708,-1.6814,4.23,1.444,-0.092,0.403
0.8552,-1.6814,4.23,1.444,-0.46399999999999997,0.403
0.7859,-1.6814,4.23,1.535,-0.5569999999999999,0.403
0.7165,-1.7505,4.3621,1.806,-0.836,0.403
0.7397,-1.7505,4.3621,1.806,-0.7430000000000001,0.335
0.7165,-1.7505,4.23,1.715,-0.9289999999999999,0.403
0.6703,-1.7505,4.3621,1.715,-0.836,0.335
0.7628,-1.8196,4.3621,1.896,-0.65,0.335
0.7165,-1.8657,4.3621,2.076,-0.7430000000000001,0.403
0.6472,-1.8426,4.3621,2.076,-1.022,0.403
0.6472,-1.8196,4.3621,2.076,-1.022,0.335
0.6703,-1.8196,4.3621,1.896,-0.9289999999999999,0.268
0.7859,-1.8196,4.3621,1.986,-0.46399999999999997,0.268
1.0402,-1.9117,4.7587,2.076,0.0,0.403
0.8552,-1.9348,4.4943,2.347,-0.46399999999999997,0.403
0.7397,-1.9117,4.4943,2.347,-0.7430000000000001,0.335
0.809,-1.8887,4.3621,2.167,-0.5569999999999999,0.335
0.809,-1.9808,4.6265,2.347,-0.5569999999999999,0.335
0.7859,-2.0269,4.6265,2.618,-0.7430000000000001,0.335
0.6934,-2.096,4.8909,2.889,-1.115,0.268
0.6472,-2.119,4.8909,2.889,-1.115,0.335
0.809,-2.1881,5.0231,2.799,-0.5569999999999999,0.268
0.9246,-2.3263,5.1553,2.979,-0.371,0.268
0.8552,-2.3494,5.2875,3.25,-0.65,0.201
0.7859,-2.3954,5.5518,3.341,-0.836,0.268
0.7859,-2.4185,5.5518,3.431,-0.7430000000000001,0.335
0.809,-2.4185,5.684,3.431,-0.836,0.268
0.7859,-2.5567,5.9484,3.8819999999999997,-1.022,0.201
0.8552,-2.5797,5.9484,3.973,-0.836,0.201
0.9477,-2.5797,5.9484,3.973,-0.65,0.268
0.9939,-2.6027,5.9484,3.973,-0.46399999999999997,0.268
1.0402,-2.6258,5.9484,3.973,-0.371,0.268
1.0171,-2.6258,6.0806,4.063,-0.46399999999999997,0.335
1.0171,-2.6949,6.2128,4.244,-0.46399999999999997,0.268
0.9246,-2.764,6.345,4.424,-0.836,0.268
0.9246,-2.764,6.345,4.424,-0.836,0.268
0.9939,-2.787,6.4771,4.605,-0.7430000000000001,0.268
1.0171,-2.9482,6.6093,4.785,-0.7430000000000001,0.335
0.9939,-2.9252,6.7415,4.785,-0.65,0.268
1.0171,-2.9252,6.6093,4.785,-0.7430000000000001,0.268
0.9708,-2.9022,6.6093,4.694999999999999,-0.836,0.268
0.9708,-2.9252,6.6093,4.694999999999999,-0.836,0.268
0.9708,-2.9252,6.6093,4.694999999999999,-0.836,0.268
0.8784,-2.9252,6.7415,5.056000000000001,-1.022,0.335
0.8321,-2.9943,6.7415,5.147,-1.207,0.335
0.8784,-2.9713,6.6093,5.056000000000001,-1.115,0.335
0.9015,-2.9482,6.6093,4.785,-0.836,0.335
0.9477,-2.81,6.2128,4.424,-0.7430000000000001,0.335
0.9246,-2.81,6.0806,4.334,-0.5569999999999999,0.335
0.8784,-2.764,6.0806,4.244,-0.9289999999999999,0.403
0.7859,-2.6949,5.9484,4.063,-1.022,0.403
0.7628,-2.6258,5.8162,3.973,-1.115,0.403
0.7165,-2.6027,5.684,3.792,-1.115,0.335
0.7165,-2.5797,5.684,3.702,-0.9289999999999999,0.335
0.7859,-2.5797,5.684,3.5210000000000004,-0.836,0.335
0.8321,-2.5106,5.684,3.431,-0.65,0.335
0.8321,-2.5106,5.684,3.431,-0.65,0.335
0.8552,-2.4645,5.4196,3.341,-0.5569999999999999,0.335
0.8321,-2.3954,5.1553,2.979,-0.5569999999999999,0.268
0.7628,-2.3494,5.0231,2.889,-0.7430000000000001,0.335
0.7397,-2.3263,4.8909,2.889,-0.836,0.268
0.6703,-2.3033,5.0231,2.889,-1.207,0.335
0.5779,-2.2342,4.8909,2.799,-1.207,0.268
0.809,-2.1651,4.7587,2.618,-0.836,0.403
0.9015,-2.073,4.6265,2.257,-0.46399999999999997,0.403
0.9015,-2.0269,4.3621,2.347,-0.46399999999999997,0.47
0.6241,-1.9808,4.3621,2.347,-0.9289999999999999,0.335
0.6241,-1.9578,4.3621,2.347,-0.9289999999999999,0.268
0.9477,-1.9348,4.3621,2.076,-0.185,0.403
0.9708,-1.8657,4.3621,1.806,-0.092,0.335
0.8784,-1.8657,4.3621,1.896,-0.27799999999999997,0.47
0.7628,-1.8196,4.23,1.806,-0.5569999999999999,0.335
0.6703,-1.7966,4.23,1.896,-0.9289999999999999,0.403
0.6703,-1.7966,4.23,1.896,-0.9289999999999999,0.403
0.8784,-1.7966,4.3621,1.806,-0.371,0.335
0.8321,-1.7966,4.3621,1.806,-0.46399999999999997,0.403
0.7165,-1.7735,4.3621,1.806,-0.7430000000000001,0.335
0.6241,-1.7505,4.0978,1.806,-0.9289999999999999,0.403
0.8552,-1.7966,4.3621,1.806,-0.371,0.403
0.8552,-1.7966,4.3621,1.806,-0.371,0.403
0.9246,-1.7735,4.23,1.715,-0.092,0.403
0.8321,-1.7505,4.23,1.625,-0.46399999999999997,0.403
0.7859,-1.7044,4.23,1.625,-0.46399999999999997,0.268
0.7628,-1.7505,4.0978,1.625,-0.65,0.335
0.7859,-1.7966,4.3621,1.806,-0.5569999999999999,0.335
0.809,-1.8196,4.3621,1.806,-0.46399999999999997,0.335
0.7397,-1.8196,4.23,1.896,-0.7430000000000001,0.403
0.6703,-1.8196,4.23,1.896,-0.9289999999999999,0.403
0.6472,-1.7735,4.0978,1.806,-0.836,0.403
0.7859,-1.7735,4.23,1.715,-0.46399999999999997,0.403
0.809,-1.7966,4.3621,1.806,-0.5569999999999999,0.335
0.809,-1.7735,4.23,1.806,-0.5569999999999999,0.335
0.809,-1.7735,4.23,1.806,-0.5569999999999999,0.335
0.7628,-1.8657,4.3621,1.986,-0.5569999999999999,0.403
0.7859,-1.9117,4.3621,2.167,-0.5569999999999999,0.335
0.7628,-1.9117,4.4943,2.347,-0.65,0.403
0.7165,-1.9348,4.3621,2.257,-0.7430000000000001,0.335
0.7859,-1.9578,4.3621,2.167,-0.65,0.335
0.7628,-2.0269,4.4943,2.4379999999999997,-0.7430000000000001,0.403
0.809,-2.073,4.6265,2.618,-0.7430000000000001,0.403
0.8552,-2.1421,4.8909,2.799,-0.46399999999999997,0.335
0.9015,-2.1881,5.0231,2.799,-0.5569999999999999,0.335
0.9015,-2.1881,5.0231,2.799,-0.5569999999999999,0.335
0.9246,-2.2112,5.0231,2.889,-0.27799999999999997,0.335
0.9246,-2.2112,5.0231,2.889,-0.27799999999999997,0.335
0.8321,-2.2112,5.0231,2.799,-0.7430000000000001,0.47
0.7859,-2.1881,5.0231,2.799,-0.7430000000000001,0.335
0.8552,-2.3494,5.2875,2.979,-0.7430000000000001,0.335
0.9015,-2.4645,5.684,3.431,-0.46399999999999997,0.268
1.0633,-2.5797,5.9484,3.702,-0.371,0.335
1.0402,-2.6027,5.9484,3.8819999999999997,-0.371,0.335
0.9477,-2.6718,6.0806,4.1530000000000005,-0.836,0.335
0.8784,-2.7409,6.2128,4.424,-0.836,0.335
0.8321,-2.6488,6.345,4.244,-0.836,0.268
0.8321,-2.1421,5.8162,3.07,-0.65,0.47
0.9246,-2.4645,5.9484,3.702,-0.65,0.335
0.9246,-2.7409,6.2128,4.244,-0.65,0.268
0.9015,-2.787,6.345,4.334,-0.7430000000000001,0.268
0.9015,-2.764,6.2128,4.244,-0.7430000000000001,0.335
0.8784,-2.7409,6.0806,4.063,-0.836,0.403
0.9015,-2.7409,6.0806,4.063,-0.65,0.335
0.9246,-2.787,6.2128,4.334,-0.836,0.403
0.9246,-2.787,6.2128,4.334,-0.7430000000000001,0.335
0.9246,-2.787,6.2128,4.334,-0.7430000000000001,0.335
0.8552,-2.7409,6.0806,4.244,-0.9289999999999999,0.403
0.809,-2.764,6.0806,4.334,-1.022,0.403
0.8552,-2.787,6.2128,4.334,-0.9289999999999999,0.335
0.8784,-2.764,6.0806,4.334,-0.9289999999999999,0.335
0.9015,-2.7179,6.0806,4.1530000000000005,-0.7430000000000001,0.268
0.9015,-2.7409,6.0806,4.334,-0.9289999999999999,0.268
0.8784,-2.764,6.0806,4.244,-0.836,0.335
0.8321,-2.6718,5.9484,3.973,-0.7430000000000001,0.335
0.8321,-2.6718,5.9484,3.973,-0.7430000000000001,0.335
0.7859,-2.5797,5.8162,3.612,-0.836,0.335
0.7397,-2.5106,5.5518,3.431,-0.836,0.335
0.809,-2.4415,5.2875,3.07,-0.7430000000000001,0.335
0.8784,-2.4185,5.1553,3.07,-0.65,0.335
0.809,-2.3033,5.0231,2.799,-0.5569999999999999,0.268
0.7859,-2.2803,4.8909,2.889,-0.65,0.335
0.7165,-2.1651,4.7587,2.889,-1.022,0.335
0.6934,-2.0499,4.4943,2.4379999999999997,-0.9289999999999999,0.335
0.6934,-2.0499,4.4943,2.4379999999999997,-0.9289999999999999,0.335
0.7165,-1.9578,4.3621,2.167,-0.7430000000000001,0.403
0.7397,-2.0039,4.3621,2.167,-0.65,0.403
0.7859,-2.0039,4.3621,2.167,-0.5569999999999999,0.403
0.7859,-2.0269,4.3621,2.257,-0.65,0.403
0.7628,-1.9808,4.3621,2.167,-0.5569999999999999,0.335
0.7628,-1.9578,4.3621,2.076,-0.65,0.268
0.7165,-1.8426,4.23,1.806,-0.5569999999999999,0.335
0.6934,-1.7735,4.23,1.715,-0.5569999999999999,0.335
0.6703,-1.7275,4.0978,1.535,-0.7430000000000001,0.403
0.601,-1.6814,4.0978,1.535,-1.115,0.47
0.601,-1.6353,3.9656,1.444,-1.022,0.403
0.6241,-1.6814,4.0978,1.535,-1.022,0.335
0.6934,-1.6814,4.23,1.535,-0.836,0.403
0.8784,-1.7275,4.0978,1.444,-0.27799999999999997,0.403
0.9708,-1.6814,4.3621,1.535,0.0,0.403
0.8784,-1.7505,4.3621,1.625,-0.27799999999999997,0.47
0.8784,-1.7044,4.23,1.535,-0.27799999999999997,0.335
0.809,-1.7275,4.0978,1.535,-0.46399999999999997,0.403
0.7397,-1.7505,4.0978,1.625,-0.7430000000000001,0.47
0.7165,-1.7505,4.23,1.806,-0.7430000000000001,0.403
0.6934,-1.8196,4.23,1.806,-0.9289999999999999,0.403
0.7165,-1.7966,4.0978,1.806,-0.7430000000000001,0.335
0.7859,-1.7735,4.23,1.715,-0.46399999999999997,0.335
0.8321,-1.7735,4.23,1.715,-0.46399999999999997,0.403
0.8321,-1.7505,4.23,1.625,-0.371,0.335
0.7628,-1.7735,4.23,1.715,-0.46399999999999997,0.403
0.7165,-1.7966,4.23,1.806,-0.7430000000000001,0.403
0.6934,-1.8196,4.23,1.896,-0.836,0.403
0.7628,-1.9117,4.3621,2.076,-0.65,0.403
0.7628,-1.9117,4.3621,2.076,-0.65,0.403
0.8552,-1.9578,4.3621,2.167,-0.46399999999999997,0.335
0.8784,-1.9808,4.3621,2.167,-0.27799999999999997,0.268
0.8552,-1.9808,4.3621,2.167,-0.185,0.335
0.8552,-1.9808,4.4943,2.167,-0.5569999999999999,0.335
0.8321,-1.9808,4.4943,2.257,-0.5569999999999999,0.335
0.8552,-2.073,4.6265,2.347,-0.5569999999999999,0.335
0.8321,-2.096,4.7587,2.5280000000000005,-0.65,0.335
0.7628,-2.1881,4.8909,2.889,-0.9289999999999999,0.403
0.7397,-2.1881,4.8909,2.799,-0.836,0.268
0.7628,-2.2342,4.8909,2.799,-0.7430000000000001,0.335
0.7628,-2.2572,5.0231,2.889,-0.7430000000000001,0.403
0.7859,-2.3033,5.1553,2.889,-0.65,0.201
0.8784,-2.3494,5.1553,3.07,-0.5569999999999999,0.201
0.9708,-2.3724,5.1553,3.07,-0.27799999999999997,0.335
1.0171,-2.3724,5.4196,3.25,-0.092,0.403
1.0171,-2.4415,5.5518,3.341,-0.185,0.335
0.9477,-2.5336,5.684,3.5210000000000004,-0.46399999999999997,0.268
0.8552,-2.5567,5.8162,3.792,-0.836,0.335
0.8552,-2.5797,5.8162,3.8819999999999997,-0.7430000000000001,0.268
0.9939,-2.6258,6.0806,3.973,-0.5569999999999999,0.335
1.2251,-2.5567,5.9484,3.702,0.185,0.335
1.1789,-2.5797,5.9484,3.792,0.092,0.335
1.0402,-2.6718,5.9484,4.063,-0.27799999999999997,0.335
0.9708,-2.7179,6.0806,4.1530000000000005,-0.65,0.335
0.809,-2.764,6.2128,4.515000000000001,-1.022,0.335
0.6472,-2.787,6.2128,4.605,-1.393,0.403
0.7165,-2.81,6.345,4.605,-1.207,0.335
0.809,-2.8561,6.345,4.694999999999999,-1.022,0.403
0.7628,-2.9022,6.4771,4.785,-1.207,0.403
0.8552,-2.9482,6.6093,4.8759999999999994,-0.9289999999999999,0.335
0.9246,-2.9482,6.6093,4.8759999999999994,-0.7430000000000001,0.268
0.9246,-2.9713,6.6093,4.8759999999999994,-0.65,0.335
0.8321,-2.9482,6.4771,4.8759999999999994,-1.022,0.335
0.809,-2.9252,6.4771,4.8759999999999994,-1.022,0.335
0.7859,-2.9022,6.4771,4.8759999999999994,-1.022,0.335
0.7859,-2.8791,6.2128,4.605,-1.022,0.403
0.7859,-2.8331,6.2128,4.605,-1.022,0.403
0.7859,-2.787,6.2128,4.424,-1.022,0.335
0.9708,-2.8331,6.2128,4.424,-0.5569999999999999,0.403
1.0171,-2.81,6.2128,4.244,-0.27799999999999997,0.335
1.0402,-2.787,6.2128,4.1530000000000005,-0.46399999999999997,0.335
0.9708,-2.7179,5.9484,4.1530000000000005,-0.46399999999999997,0.47
0.7628,-2.6258,5.684,3.702,-1.022,0.47
0.6703,-2.3724,5.0231,2.979,-1.115,0.335
0.6703,-2.3724,5.0231,2.979,-1.115,0.335
0.7859,-2.3033,4.8909,2.889,-0.65,0.335
0.7859,-2.3033,4.8909,2.889,-0.65,0.335
0.8552,-2.2572,4.8909,2.889,-0.5569999999999999,0.335
0.809,-2.2572,5.0231,2.799,-0.5569999999999999,0.403
0.7397,-2.2342,4.7587,2.7089999999999996,-0.7430000000000001,0.335
0.6934,-2.1881,4.7587,2.618,-0.836,0.268
0.7165,-2.1421,4.7587,2.7089999999999996,-0.836,0.335
0.7628,-2.119,4.7587,2.5280000000000005,-0.65,0.201
0.7859,-2.119,4.6265,2.4379999999999997,-0.65,0.403
0.7859,-2.0499,4.6265,2.347,-0.65,0.335
0.809,-2.0499,4.4943,2.257,-0.65,0.335
0.6934,-1.9578,4.3621,2.167,-0.836,0.403
0.601,-1.9348,4.3621,2.167,-0.9289999999999999,0.403
0.6241,-1.8887,4.3621,2.076,-0.9289999999999999,0.335
0.7397,-1.9117,4.3621,2.076,-0.7430000000000001,0.335
0.8552,-1.8657,4.3621,1.896,-0.27799999999999997,0.403
0.809,-1.8426,4.3621,1.806,-0.46399999999999997,0.403
0.6703,-1.8196,4.0978,1.806,-0.836,0.47
0.601,-1.7735,4.0978,1.806,-0.9289999999999999,0.335
0.6472,-1.7505,4.0978,1.806,-0.9289999999999999,0.268
0.9246,-1.6814,4.3621,1.535,-0.092,0.335
0.9477,-1.7044,4.23,1.444,-0.092,0.403
0.7859,-1.7044,4.23,1.625,-0.371,0.403
0.7397,-1.7044,4.23,1.535,-0.65,0.335
0.7397,-1.7044,4.23,1.535,-0.65,0.335
0.8552,-1.6814,4.23,1.535,-0.27799999999999997,0.335
0.8321,-1.7275,4.23,1.535,-0.371,0.335
0.7165,-1.7044,4.0978,1.625,-0.7430000000000001,0.403
0.6703,-1.7505,4.23,1.715,-0.9289999999999999,0.403
0.7165,-1.7735,4.3621,1.715,-0.65,0.335
0.7397,-1.7735,4.3621,1.806,-0.7430000000000001,0.335
0.7628,-1.7966,4.3621,1.715,-0.65,0.335
0.7859,-1.7735,4.3621,1.806,-0.371,0.268
0.809,-1.8426,4.3621,1.806,-0.371,0.335
0.7859,-1.8887,4.3621,1.986,-0.5569999999999999,0.47
0.7859,-1.8657,4.3621,1.986,-0.46399999999999997,0.335
0.809,-1.9117,4.3621,2.167,-0.5569999999999999,0.403
0.8321,-1.9348,4.4943,2.167,-0.371,0.268
0.9015,-2.0039,4.6265,2.257,-0.46399999999999997,0.335
0.8552,-2.0269,4.7587,2.5280000000000005,-0.5569999999999999,0.403
0.809,-2.096,4.7587,2.5280000000000005,-0.65,0.403
0.809,-2.073,4.7587,2.4379999999999997,-0.5569999999999999,0.335
0.8552,-2.0499,4.6265,2.347,-0.5569999999999999,0.335
0.8552,-2.0499,4.4943,2.347,-0.65,0.403
0.7859,-2.0269,4.4943,2.257,-0.5569999999999999,0.335
0.8552,-2.3033,5.1553,2.799,-0.5569999999999999,0.268
0.9477,-2.4185,5.4196,3.16,-0.46399999999999997,0.335
0.9246,-2.4645,5.684,3.341,-0.46399999999999997,0.335
0.9246,-2.5106,5.8162,3.5210000000000004,-0.5569999999999999,0.335
0.8784,-2.4876,5.8162,3.431,-0.7430000000000001,0.201
0.8784,-2.4876,5.8162,3.431,-0.7430000000000001,0.201
0.809,-2.4876,5.8162,3.431,-0.7430000000000001,0.268
0.809,-2.4876,5.8162,3.431,-0.7430000000000001,0.268
0.7859,-2.1881,5.8162,2.799,-0.7430000000000001,0.403
0.8321,-2.3954,5.684,3.16,-0.7430000000000001,0.268
0.9708,-2.4645,5.4196,3.25,-0.27799999999999997,0.47
0.9708,-2.4645,5.4196,3.25,-0.27799999999999997,0.47
0.9015,-2.4415,5.4196,3.07,-0.46399999999999997,0.201
0.7859,-2.5336,5.684,3.431,-0.836,0.268
0.8552,-2.6027,5.9484,3.792,-0.7430000000000001,0.268
0.8552,-2.6258,6.0806,3.973,-0.836,0.268
0.8552,-2.6949,6.0806,3.973,-0.836,0.268
0.9477,-2.6488,5.9484,3.792,-0.5569999999999999,0.335
0.9477,-2.6258,5.8162,3.612,-0.46399999999999997,0.268
0.9708,-2.6027,5.8162,3.612,-0.46399999999999997,0.268
0.8784,-2.6718,6.0806,3.8819999999999997,-0.7430000000000001,0.335
0.7628,-2.7409,6.2128,4.1530000000000005,-1.022,0.335
0.809,-2.7409,6.345,4.244,-0.9289999999999999,0.268
0.8784,-2.764,6.345,4.334,-0.7430000000000001,0.335
0.9015,-2.787,6.345,4.063,-0.7430000000000001,0.201
0.9477,-2.787,6.345,4.1530000000000005,-0.5569999999999999,0.268
0.9477,-2.787,6.345,4.1530000000000005,-0.5569999999999999,0.268
0.9246,-2.764,6.345,4.244,-0.5569999999999999,0.268
0.7859,-2.7409,6.2128,4.063,-0.836,0.268
0.7859,-2.764,6.345,4.244,-1.022,0.335
0.8321,-2.787,6.345,4.334,-0.9289999999999999,0.268
0.8321,-2.787,6.345,4.334,-0.9289999999999999,0.268
0.9708,-2.7179,6.0806,3.973,-0.46399999999999997,0.268
0.9939,-2.6488,5.9484,3.792,-0.46399999999999997,0.268
0.9477,-2.5797,5.684,3.341,-0.46399999999999997,0.268
0.7397,-2.4415,5.5518,3.25,-0.9289999999999999,0.268
0.6703,-2.3724,5.2875,2.979,-1.115,0.268
0.6472,-2.3724,5.1553,2.889,-1.115,0.201
0.6472,-2.3724,5.1553,2.889,-1.115,0.201
0.7859,-2.3263,5.1553,2.799,-0.65,0.268
0.8784,-2.2112,4.8909,2.7089999999999996,-0.46399999999999997,0.268
0.8784,-2.2112,4.8909,2.7089999999999996,-0.46399999999999997,0.268
0.8784,-2.1651,4.7587,2.5280000000000005,-0.5569999999999999,0.335
0.7397,-2.096,4.6265,2.4379999999999997,-0.7430000000000001,0.201
0.7165,-2.119,4.6265,2.5280000000000005,-0.836,0.268
0.7165,-2.119,4.7587,2.5280000000000005,-0.7430000000000001,0.201
0.7628,-2.119,4.6265,2.4379999999999997,-0.7430000000000001,0.201
0.809,-2.096,4.7587,2.4379999999999997,-0.65,0.335
0.8321,-2.073,4.6265,2.347,-0.5569999999999999,0.335
0.809,-2.0039,4.4943,2.257,-0.5569999999999999,0.335
0.7859,-1.9808,4.4943,2.167,-0.65,0.335
0.7397,-1.9578,4.3621,2.076,-0.65,0.268
0.7165,-1.9117,4.3621,1.986,-0.836,0.335
0.7165,-1.8887,4.3621,1.896,-0.7430000000000001,0.335
0.6703,-1.8657,4.23,1.806,-0.9289999999999999,0.403
0.9015,-1.8196,4.3621,1.625,-0.092,0.268
0.8552,-1.7735,4.3621,1.625,-0.371,0.268
0.8552,-1.7735,4.3621,1.625,-0.371,0.268
0.7628,-1.7505,4.3621,1.625,-0.46399999999999997,0.335
0.7397,-1.7735,4.23,1.625,-0.65,0.268
0.7628,-1.7966,4.3621,1.625,-0.5569999999999999,0.268
0.809,-1.7735,4.23,1.625,-0.371,0.268
0.7859,-1.7505,4.23,1.535,-0.5569999999999999,0.335
0.6934,-1.6814,4.0978,1.444,-0.65,0.268
0.6934,-1.6814,4.0978,1.444,-0.65,0.268
0.6241,-1.7505,4.0978,1.535,-0.7430000000000001,0.268
0.7397,-1.7505,4.3621,1.625,-0.5569999999999999,0.268
0.9015,-1.7275,4.3621,1.535,-0.092,0.335
0.9939,-1.7275,4.3621,1.444,0.185,0.268
0.9477,-1.7505,4.3621,1.625,-0.092,0.268
0.6934,-1.7735,4.3621,1.715,-0.65,0.335
0.6934,-1.7735,4.3621,1.715,-0.65,0.335
0.7397,-1.8196,4.3621,1.806,-0.7430000000000001,0.335
0.5316,-1.7966,4.3621,1.986,-1.115,0.335
0.5316,-1.7966,4.3621,1.986,-1.115,0.335
0.6703,-1.9117,4.4943,1.986,-0.7430000000000001,0.268
0.8552,-1.9348,4.6265,2.076,-0.5569999999999999,0.335
1.0864,-1.8426,4.7587,1.986,0.185,0.403
1.2251,-1.7966,4.8909,1.806,0.5569999999999999,0.403
1.1326,-1.8657,4.8909,2.076,0.27799999999999997,0.335
0.9939,-1.9348,4.8909,2.076,-0.185,0.335
0.9708,-2.0039,4.7587,2.257,-0.185,0.335
0.9015,-2.0269,4.7587,2.347,-0.371,0.335
0.8321,-2.0499,4.7587,2.347,-0.46399999999999997,0.268
0.7628,-2.0499,4.6265,2.347,-0.9289999999999999,0.201
0.7628,-2.0499,4.6265,2.257,-0.836,0.268
0.809,-2.073,4.7587,2.347,-0.7430000000000001,0.268
0.9015,-2.2112,5.1553,2.799,-0.371,0.268
0.8784,-2.3033,5.4196,2.979,-0.46399999999999997,0.268
0.8784,-2.3033,5.4196,2.979,-0.46399999999999997,0.268
0.8552,-2.3494,5.2875,2.979,-0.5569999999999999,0.134
0.8552,-2.3494,5.4196,2.979,-0.46399999999999997,0.201
0.9015,-2.3954,5.5518,3.07,-0.65,0.403
0.8552,-2.4876,5.684,3.25,-0.65,0.268
0.8552,-2.5106,5.9484,3.612,-0.5569999999999999,0.268
0.8552,-2.6027,5.9484,3.792,-0.65,0.268
0.9015,-2.5797,5.9484,3.702,-0.65,0.201
0.9477,-2.5336,5.9484,3.5210000000000004,-0.5569999999999999,0.201
0.9246,-2.5336,5.9484,3.5210000000000004,-0.5569999999999999,0.268
0.9246,-2.5797,5.9484,3.612,-0.46399999999999997,0.268
0.9939,-2.6949,6.345,3.973,-0.46399999999999997,0.268
1.1326,-2.7179,6.6093,4.063,-0.185,0.335
1.1789,-2.6949,6.6093,4.063,-0.092,0.268
0.6934,-2.6718,6.345,4.063,-1.207,0.335
0.7397,-2.6718,6.2128,3.973,-1.115,0.335
0.8321,-2.6718,6.345,4.063,-1.022,0.268
0.9246,-2.7179,6.345,4.1530000000000005,-0.65,0.268
0.8784,-2.7409,6.345,4.063,-0.836,0.201
0.7859,-2.7409,6.345,4.1530000000000005,-1.022,0.201
0.8321,-2.7409,6.4771,4.1530000000000005,-0.9289999999999999,0.268
0.9939,-2.7179,6.345,3.973,-0.371,0.268
0.9246,-2.6949,6.2128,3.8819999999999997,-0.5569999999999999,0.201
0.9477,-2.6949,6.2128,3.8819999999999997,-0.5569999999999999,0.268
0.9246,-2.6488,6.0806,3.792,-0.46399999999999997,0.201
0.8552,-2.6027,6.0806,3.612,-0.7430000000000001,0.201
0.809,-2.5797,5.9484,3.612,-0.836,0.268
0.809,-2.5567,5.8162,3.5210000000000004,-0.9289999999999999,0.268
0.7859,-2.5336,5.8162,3.341,-0.836,0.134
0.8321,-2.5336,5.8162,3.341,-0.5569999999999999,0.201
0.9015,-2.4645,5.4196,3.07,-0.371,0.201
0.9246,-2.4185,5.4196,2.979,-0.371,0.335
0.8784,-2.3954,5.2875,2.7089999999999996,-0.46399999999999997,0.268
0.8552,-2.3494,5.1553,2.7089999999999996,-0.5569999999999999,0.268
0.7628,-2.1881,5.0231,2.5280000000000005,-0.65,0.268
0.7165,-2.1651,4.8909,2.5280000000000005,-0.836,0.335
0.7165,-2.096,4.8909,2.347,-0.7430000000000001,0.268
0.7165,-2.096,4.8909,2.4379999999999997,-0.7430000000000001,0.335
0.7165,-2.073,4.7587,2.167,-0.7430000000000001,0.201
0.6934,-2.0499,4.6265,2.167,-0.836,0.201
0.6934,-2.0499,4.7587,2.167,-0.7430000000000001,0.201
0.7397,-2.0039,4.6265,2.076,-0.7430000000000001,0.268
0.7628,-1.9578,4.4943,1.986,-0.5569999999999999,0.403
0.7628,-1.9578,4.4943,1.986,-0.5569999999999999,0.403
0.7628,-1.9348,4.4943,1.896,-0.5569999999999999,0.335
0.7628,-1.9117,4.3621,1.896,-0.65,0.335
0.7165,-1.8887,4.4943,1.896,-0.5569999999999999,0.268
0.8552,-1.8196,4.3621,1.715,-0.371,0.335
0.8552,-1.8196,4.3621,1.715,-0.371,0.335
0.8552,-1.7735,4.3621,1.625,-0.27799999999999997,0.335
0.809,-1.7505,4.23,1.444,-0.371,0.268
0.809,-1.7044,4.3621,1.535,-0.46399999999999997,0.335
0.7397,-1.7044,4.3621,1.444,-0.5569999999999999,0.335
0.7628,-1.7044,4.23,1.535,-0.5569999999999999,0.403
0.809,-1.7044,4.23,1.3539999999999999,-0.371,0.403
0.809,-1.7044,4.23,1.444,-0.371,0.335
0.809,-1.7044,4.23,1.3539999999999999,-0.46399999999999997,0.335
0.7165,-1.7044,4.23,1.3539999999999999,-0.5569999999999999,0.335
0.6703,-1.7044,4.23,1.444,-0.836,0.268
0.6241,-1.7044,4.23,1.444,-0.9289999999999999,0.268
0.6241,-1.7044,4.23,1.444,-0.9289999999999999,0.268
0.809,-1.6814,4.23,1.2640000000000002,-0.46399999999999997,0.201
0.8321,-1.7044,4.23,1.2640000000000002,-0.371,0.335
0.809,-1.7044,4.3621,1.444,-0.5569999999999999,0.335
0.7859,-1.7505,4.3621,1.535,-0.46399999999999997,0.268
0.809,-1.7505,4.3621,1.625,-0.46399999999999997,0.335
0.8321,-1.7735,4.3621,1.625,-0.46399999999999997,0.268
0.8321,-1.7966,4.4943,1.625,-0.371,0.335
0.9015,-1.8426,4.6265,1.806,-0.185,0.335
0.9477,-1.8657,4.6265,1.806,-0.092,0.268
0.9708,-1.8887,4.7587,1.896,-0.185,0.201
0.8784,-1.9117,4.6265,1.896,-0.27799999999999997,0.201
0.9015,-1.9117,4.6265,1.986,-0.27799999999999997,0.335
0.8784,-1.9117,4.6265,2.076,-0.371,0.335
0.7397,-1.9808,4.6265,2.167,-0.836,0.335
0.7397,-1.9808,4.6265,2.167,-0.836,0.335
0.7397,-2.0039,4.7587,2.167,-0.7430000000000001,0.201
0.8321,-2.0269,4.8909,2.347,-0.5569999999999999,0.201
0.8552,-2.0499,4.8909,2.4379999999999997,-0.46399999999999997,0.335
0.8321,-2.073,4.8909,2.5280000000000005,-0.65,0.201
0.809,-2.1651,5.1553,2.618,-0.65,0.268
0.809,-2.1651,5.1553,2.618,-0.65,0.268
0.7859,-2.2112,5.2875,2.5280000000000005,-0.65,0.134
0.7859,-2.2342,5.2875,2.5280000000000005,-0.7430000000000001,0.201
0.8321,-2.3033,5.4196,2.7089999999999996,-0.46399999999999997,0.201
0.8784,-2.3033,5.4196,2.7089999999999996,-0.371,0.134
0.9708,-2.3033,5.5518,2.799,-0.371,0.268
0.9708,-2.3494,5.5518,2.799,-0.27799999999999997,0.335
0.9939,-2.3724,5.684,3.16,-0.27799999999999997,0.268
0.9939,-2.4645,6.0806,3.341,-0.371,0.201
0.9939,-2.4645,6.0806,3.341,-0.371,0.201
0.9708,-2.5336,6.2128,3.431,-0.46399999999999997,0.134
0.9477,-2.5797,6.345,3.612,-0.371,0.268
0.9477,-2.5797,6.345,3.702,-0.46399999999999997,0.201
1.0402,-2.6488,6.345,3.792,-0.371,0.268
1.0402,-2.6488,6.4771,3.8819999999999997,-0.46399999999999997,0.268
0.9939,-2.6488,6.4771,3.8819999999999997,-0.46399999999999997,0.201
0.9477,-2.6488,6.6093,3.973,-0.5569999999999999,0.201
0.9015,-2.6949,6.4771,3.973,-0.65,0.201
0.7397,-2.6258,6.345,3.792,-0.9289999999999999,0.201
0.7628,-2.6258,6.345,3.702,-1.022,0.201
0.7628,-2.6488,6.345,3.8819999999999997,-0.9289999999999999,0.201
0.7628,-2.6258,6.4771,3.792,-1.022,0.067
0.7397,-2.6488,6.6093,3.8819999999999997,-0.9289999999999999,0.201
0.7628,-2.6258,6.4771,3.792,-0.9289999999999999,0.134
0.7628,-2.6027,6.4771,3.702,-0.9289999999999999,0.201
0.8321,-2.6258,6.345,3.792,-0.836,0.201
0.8784,-2.6488,6.2128,3.792,-0.65,0.201
0.8784,-2.6718,6.345,3.792,-0.7430000000000001,0.134
0.7628,-2.5106,6.0806,3.341,-0.836,0.268
0.7397,-2.3954,5.5518,2.889,-0.836,0.201
0.7397,-2.3954,5.5518,2.889,-0.836,0.201
0.7397,-2.3033,5.4196,2.799,-0.836,0.067
0.7397,-2.3033,5.4196,2.799,-0.836,0.067
0.809,-2.2112,5.4196,2.4379999999999997,-0.5569999999999999,0.201
0.809,-2.2112,5.4196,2.4379999999999997,-0.5569999999999999,0.201
0.8321,-1.9578,5.1553,2.167,-0.46399999999999997,0.268
0.7859,-2.0269,5.1553,2.347,-0.5569999999999999,0.335
0.7397,-2.096,5.0231,2.4379999999999997,-0.836,0.268
0.6934,-2.0499,4.7587,2.257,-0.9289999999999999,0.201
0.7165,-2.0269,4.6265,2.076,-0.9289999999999999,0.335
0.7165,-2.0269,4.6265,2.076,-0.9289999999999999,0.335
0.7165,-2.0039,4.6265,1.986,-0.836,0.134
0.601,-1.9348,4.6265,1.896,-1.207,0.134
0.601,-1.8657,4.7587,1.896,-1.115,0.201
0.7859,-1.8426,4.6265,1.715,-0.5569999999999999,0.268
0.7628,-1.8657,4.3621,1.806,-0.46399999999999997,0.335
0.6703,-1.7966,4.3621,1.625,-0.7430000000000001,0.268
0.6472,-1.7735,4.3621,1.535,-0.7430000000000001,0.268
0.5779,-1.7044,4.3621,1.444,-0.836,0.201
0.6934,-1.7966,4.3621,1.625,-0.65,0.201
0.8321,-1.7505,4.6265,1.625,-0.46399999999999997,0.201
0.7859,-1.1977,4.7587,0.8119999999999999,-0.185,0.403
0.9708,-1.2438,4.8909,0.722,0.185,0.268
0.9939,-1.382,4.7587,0.993,0.092,0.335
0.9015,-1.3359,4.7587,0.903,0.0,0.403
0.8552,-1.2207,4.6265,0.722,-0.092,0.47
0.8321,-1.5202,4.4943,1.083,-0.27799999999999997,0.268
0.7628,-1.4971,4.4943,1.083,-0.46399999999999997,0.268
0.7628,-1.1516,4.4943,0.451,-0.27799999999999997,0.403
0.7165,-0.8061,4.4943,0.0,-0.27799999999999997,0.47
0.7397,-0.9904,4.4943,0.27,-0.371,0.47
0.9477,-1.0825,4.7587,0.541,0.185,0.403
0.9708,-1.0595,4.8909,0.541,0.092,0.47
0.9708,-1.0595,4.8909,0.541,0.092,0.47
1.0171,-1.1516,5.0231,0.6320000000000001,0.27799999999999997,0.403
0.9939,-1.0134,5.0231,0.541,0.185,0.5369999999999999
0.8784,-0.8522,5.0231,0.18,-0.092,0.47
0.6703,-0.1151,4.8909,-0.903,-0.27799999999999997,0.806
0.6472,-0.1151,4.8909,-0.993,-0.185,0.806
0.6703,-0.2994,4.8909,-0.722,-0.092,0.671
0.809,-0.3224,4.8909,-0.6320000000000001,0.0,0.671
0.9708,-0.2764,5.0231,-0.8119999999999999,0.46399999999999997,0.604
0.9939,-0.4376,5.1553,-0.451,0.371,0.671
0.9939,-0.4376,5.1553,-0.451,0.371,0.671
0.9708,-0.2533,5.4196,-0.722,0.5569999999999999,0.671
0.8552,0.1612,5.4196,-1.2640000000000002,0.371,0.806
0.7397,0.3224,5.4196,-1.535,0.185,0.738
0.7397,0.3455,5.5518,-1.535,0.092,0.806
0.7628,0.3455,5.5518,-1.535,0.185,0.738
0.8552,0.3455,5.684,-1.535,0.371,0.738
0.8321,0.6679,5.684,-1.986,0.371,0.873
0.809,1.1056,5.684,-2.889,0.5569999999999999,1.007
0.809,1.1977,5.684,-2.979,0.65,1.007
0.8552,1.0595,5.8162,-2.7089999999999996,0.65,1.007
0.7628,1.2438,5.684,-2.979,0.5569999999999999,1.141
0.6472,1.3129,5.684,-3.07,0.185,1.007
0.6703,1.5202,5.684,-3.431,0.27799999999999997,1.141
0.809,1.382,5.8162,-3.25,0.65,1.141
0.7397,1.6814,5.8162,-3.612,0.5569999999999999,1.2089999999999999
0.7397,1.8196,5.8162,-3.792,0.5569999999999999,1.2759999999999998
0.7165,1.7505,5.684,-3.612,0.5569999999999999,1.2089999999999999
0.7397,1.8426,5.5518,-3.8819999999999997,0.7430000000000001,1.2089999999999999
0.809,1.4511,5.5518,-3.431,0.65,1.007
0.7859,1.1977,5.4196,-2.889,0.5569999999999999,0.806
0.7859,1.1286,5.2875,-2.799,0.27799999999999997,0.806
0.7628,1.2438,5.4196,-3.07,0.46399999999999997,0.873
0.6472,1.6353,5.2875,-3.612,0.27799999999999997,1.0739999999999998
0.7397,1.6123,5.2875,-3.702,0.46399999999999997,1.007
0.809,1.382,5.1553,-3.341,0.5569999999999999,0.873
0.7628,1.1286,5.0231,-2.979,0.27799999999999997,0.738
0.7628,1.1286,5.0231,-2.979,0.27799999999999997,0.738
0.7397,1.1056,4.8909,-3.07,0.371,0.806
0.601,1.3359,4.7587,-3.25,0.185,1.007
0.6472,1.2438,4.8909,-3.25,0.185,0.806
0.6241,1.405,5.0231,-3.25,0.185,0.873
0.6241,1.4741,5.0231,-3.431,0.185,0.94
0.6472,1.4741,4.8909,-3.431,0.27799999999999997,1.007
0.7628,1.2438,4.6265,-3.431,0.5569999999999999,0.738
0.7859,1.0365,4.6265,-3.07,0.5569999999999999,0.806
0.7165,0.9674,4.6265,-2.7089999999999996,0.185,0.738
0.6703,0.9443,4.7587,-2.7089999999999996,0.092,0.604
0.6241,1.1747,4.8909,-3.07,0.092,0.671
0.6472,1.3359,4.8909,-3.341,0.185,0.806
0.7397,1.3589,4.8909,-3.5210000000000004,0.371,0.738
0.7859,1.428,4.8909,-3.702,0.5569999999999999,0.873
0.7628,1.3359,4.7587,-3.612,0.5569999999999999,0.738
0.809,1.1747,4.4943,-3.25,0.65,0.738
0.809,1.1286,4.4943,-3.16,0.5569999999999999,0.671
0.6934,1.2438,4.6265,-3.25,0.27799999999999997,0.806
0.6472,1.428,4.8909,-3.431,0.27799999999999997,0.873
0.6703,1.4741,4.8909,-3.431,0.27799999999999997,0.806
0.7165,1.382,4.7587,-3.5210000000000004,0.5569999999999999,0.806
0.7165,1.382,4.7587,-3.5210000000000004,0.5569999999999999,0.806
0.7397,1.3589,4.7587,-3.341,0.371,0.94
0.6472,1.1516,4.3621,-3.16,0.185,0.738
0.601,0.9904,4.3621,-2.799,0.092,0.806
0.6472,0.9904,4.4943,-2.7089999999999996,0.092,0.806
0.6934,1.0134,4.6265,-2.7089999999999996,0.185,0.738
0.6934,1.0134,4.6265,-2.7089999999999996,0.185,0.738
0.6934,1.405,4.7587,-3.431,0.371,0.806
0.6934,1.405,4.7587,-3.431,0.371,0.806
0.7397,1.405,4.7587,-3.612,0.5569999999999999,0.873
0.6703,1.405,4.7587,-3.431,0.27799999999999997,0.806
0.5779,1.382,4.7587,-3.431,0.0,0.873
0.5547,1.4511,4.8909,-3.431,0.092,0.873
0.7859,1.4971,5.0231,-3.612,0.5569999999999999,0.873
0.7628,1.5202,4.8909,-3.612,0.65,0.873
0.7165,1.5202,5.0231,-3.5210000000000004,0.5569999999999999,0.873
0.7165,1.4971,5.0231,-3.5210000000000004,0.65,0.873
0.7165,1.5432,4.8909,-3.5210000000000004,0.46399999999999997,0.94
0.6703,1.5432,4.8909,-3.612,0.27799999999999997,0.873
0.5779,1.4971,4.8909,-3.5210000000000004,0.092,0.873
0.5316,1.6123,5.1553,-3.702,0.092,0.873
0.4854,1.6353,5.1553,-3.612,0.0,0.873
0.5547,1.6584,5.2875,-3.612,0.092,1.007
0.6934,1.6814,5.1553,-3.792,0.46399999999999997,0.873
0.9708,1.6353,5.1553,-3.792,1.115,0.873
0.9246,1.6814,5.2875,-3.8819999999999997,1.022,0.94
0.6703,1.7044,5.1553,-3.792,0.46399999999999997,1.0739999999999998
0.4392,1.7044,5.2875,-3.612,-0.185,0.94
0.6241,1.7275,5.4196,-3.792,0.371,1.007
0.9477,1.7044,5.4196,-3.973,1.022,1.007
1.0171,1.7735,5.684,-3.973,1.3,1.007
0.7859,1.8657,5.684,-3.792,0.65,1.007
0.6703,1.8657,5.5518,-3.792,0.185,1.141
0.6703,1.8657,5.5518,-3.8819999999999997,0.46399999999999997,1.007
0.7859,1.8887,5.5518,-3.8819999999999997,0.7430000000000001,0.94
0.7397,1.8657,5.5518,-3.973,0.65,0.94
0.6241,1.8657,5.5518,-3.8819999999999997,0.27799999999999997,0.94
0.601,1.9117,5.5518,-3.792,0.185,1.0739999999999998
0.7165,1.9578,5.8162,-3.8819999999999997,0.5569999999999999,1.0739999999999998
0.6934,1.9578,5.684,-3.973,0.46399999999999997,1.007
0.6934,1.9117,5.5518,-3.973,0.371,0.94
0.7165,1.8887,5.684,-3.973,0.46399999999999997,0.94
0.7628,1.9117,5.5518,-3.973,0.65,1.007
0.7397,1.9117,5.5518,-4.063,0.5569999999999999,1.007
0.7397,1.9117,5.5518,-3.973,0.5569999999999999,1.0739999999999998
0.6703,1.8426,5.2875,-3.973,0.371,0.94
0.7628,1.7735,5.2875,-3.973,0.65,0.873
0.809,1.9578,5.684,-4.063,0.7430000000000001,0.94
0.809,1.9578,5.684,-4.063,0.7430000000000001,0.94
0.7165,1.8657,5.5518,-3.973,0.5569999999999999,0.94
0.6934,1.7044,5.1553,-3.8819999999999997,0.371,1.007
0.6703,1.6584,5.1553,-3.792,0.27799999999999997,0.873
0.6472,1.6353,5.1553,-3.702,0.185,0.873
0.6241,1.6584,5.0231,-3.792,0.27799999999999997,0.94
0.601,1.7044,5.1553,-3.792,0.185,0.94
0.601,1.6814,5.0231,-3.792,0.185,0.94
0.5779,1.6353,5.0231,-3.792,0.185,0.873
0.5779,1.6353,5.0231,-3.792,0.185,0.873
0.601,1.6353,5.0231,-3.702,0.092,0.873
0.6241,1.7044,5.2875,-3.8819999999999997,0.185,0.94
0.7397,1.8196,5.1553,-3.973,0.65,0.873
0.7628,1.7275,5.2875,-3.8819999999999997,0.7430000000000001,0.806
0.6472,1.5202,4.8909,-3.702,0.27799999999999997,0.806
0.6241,1.4741,4.7587,-3.5210000000000004,0.27799999999999997,0.671
0.5547,1.5662,4.8909,-3.702,0.092,0.738
0.601,1.6123,4.8909,-3.702,0.185,0.806
0.6472,1.6123,4.8909,-3.702,0.27799999999999997,0.873
0.6703,1.5432,4.7587,-3.612,0.27799999999999997,0.873
0.6703,1.4511,4.6265,-3.612,0.185,0.738
0.6703,1.3359,4.4943,-3.612,0.371,0.671
0.7397,1.3359,4.4943,-3.5210000000000004,0.5569999999999999,0.604
0.7628,1.3589,4.6265,-3.612,0.5569999999999999,0.738
0.6703,1.4971,4.7587,-3.5210000000000004,0.185,0.873
0.6241,1.5432,4.7587,-3.5210000000000004,0.185,0.873
0.6241,1.428,4.6265,-3.5210000000000004,0.27799999999999997,0.738
0.6934,1.405,4.6265,-3.5210000000000004,0.185,0.806
0.7165,1.4511,4.7587,-3.702,0.46399999999999997,0.806
0.7165,1.5202,4.7587,-3.612,0.46399999999999997,0.806
0.6934,1.5432,4.7587,-3.612,0.46399999999999997,0.806
0.6241,1.4971,4.6265,-3.612,0.092,0.738
0.6472,1.4741,4.6265,-3.702,0.371,0.806
0.7165,1.4741,4.7587,-3.702,0.46399999999999997,0.806
0.6703,1.5662,4.8909,-3.612,0.27799999999999997,0.94
0.6934,1.6123,4.8909,-3.792,0.5569999999999999,0.806
0.6703,1.5662,4.8909,-3.612,0.46399999999999997,0.806
0.6241,1.5432,4.7587,-3.612,0.185,0.806
0.6934,1.4741,4.7587,-3.702,0.46399999999999997,0.806
0.7628,1.4741,4.7587,-3.792,0.65,0.806
0.6934,1.5432,4.8909,-3.612,0.371,0.873
0.6934,1.5432,4.8909,-3.702,0.371,0.806
0.6703,1.5432,4.7587,-3.612,0.27799999999999997,0.94
0.6472,1.6353,4.8909,-3.702,0.371,0.873
0.601,1.6123,4.8909,-3.612,0.185,0.873
0.601,1.6123,4.8909,-3.612,0.185,0.873
0.6241,1.6123,4.8909,-3.702,0.27799999999999997,0.873
0.6472,1.6584,5.1553,-3.792,0.371,0.873
0.6472,1.6814,5.0231,-3.8819999999999997,0.371,0.873
0.6934,1.7735,5.1553,-3.8819999999999997,0.5569999999999999,0.806
0.7165,1.7505,5.2875,-3.8819999999999997,0.5569999999999999,0.873
0.7165,1.7505,5.2875,-3.8819999999999997,0.5569999999999999,0.873
0.7397,1.7735,5.1553,-3.973,0.46399999999999997,0.94
0.7165,1.7735,5.1553,-3.8819999999999997,0.5569999999999999,0.94
0.6703,1.7735,5.1553,-3.8819999999999997,0.46399999999999997,0.873
0.6703,1.7505,5.1553,-3.8819999999999997,0.46399999999999997,0.873
0.6934,1.7966,5.1553,-3.973,0.46399999999999997,0.94
0.6703,1.8657,5.2875,-3.973,0.46399999999999997,1.007
0.6703,1.8657,5.2875,-3.973,0.46399999999999997,1.007
0.7397,1.9348,5.5518,-4.063,0.65,0.94
0.7397,1.9808,5.5518,-4.063,0.7430000000000001,1.007
0.7628,2.0039,5.4196,-3.973,0.65,0.94
0.6934,1.7735,5.1553,-3.973,0.65,0.873
0.6703,1.9117,5.5518,-3.8819999999999997,0.371,0.873
0.601,1.9578,5.4196,-3.8819999999999997,0.371,0.94
0.5779,1.9117,5.5518,-4.063,0.371,0.873
0.7165,1.8887,5.4196,-4.063,0.65,0.806
0.7859,1.8657,5.1553,-4.063,0.7430000000000001,0.806
0.6934,1.6584,5.1553,-3.702,0.371,0.873
0.6934,1.405,5.1553,-3.16,0.27799999999999997,0.806
0.6472,1.6353,5.2875,-3.431,0.27799999999999997,0.806
0.5779,1.7735,5.2875,-3.8819999999999997,0.185,0.873
0.5316,1.7966,5.2875,-3.8819999999999997,0.185,0.94
0.5316,1.7966,5.2875,-3.8819999999999997,0.185,0.94
0.6241,1.8657,5.2875,-3.973,0.46399999999999997,0.873
0.6934,1.8657,5.1553,-3.973,0.5569999999999999,0.873
0.7165,1.8657,5.1553,-4.063,0.65,0.873
0.6934,1.8426,5.1553,-4.063,0.5569999999999999,0.94
0.6703,1.8196,5.2875,-3.973,0.46399999999999997,0.873
0.6703,1.8196,5.2875,-3.973,0.46399999999999997,0.873
0.6472,1.8196,5.1553,-3.973,0.46399999999999997,1.007
0.6703,1.8196,5.1553,-4.063,0.46399999999999997,1.007
0.6703,1.8426,5.1553,-3.973,0.46399999999999997,0.94
0.7165,1.8657,5.1553,-4.063,0.46399999999999997,0.873
0.7165,1.7735,5.0231,-3.973,0.5569999999999999,0.806
0.6703,1.7505,5.0231,-3.973,0.46399999999999997,0.806
0.6241,1.7735,5.0231,-3.973,0.46399999999999997,0.806
0.6241,1.7505,4.8909,-3.973,0.27799999999999997,0.873
0.601,1.7505,5.0231,-3.973,0.27799999999999997,0.94
0.6472,1.7966,5.0231,-3.973,0.27799999999999997,0.873
0.6703,1.7505,5.0231,-3.973,0.46399999999999997,0.806
0.6934,1.7044,5.0231,-3.973,0.5569999999999999,0.873
0.7165,1.6353,4.8909,-3.792,0.46399999999999997,0.806
0.6934,1.6353,4.8909,-3.8819999999999997,0.46399999999999997,0.738
0.6472,1.6353,4.8909,-3.8819999999999997,0.46399999999999997,0.806
0.601,1.6353,4.8909,-3.792,0.185,0.873
0.6472,1.6814,4.8909,-3.8819999999999997,0.46399999999999997,0.873
0.6472,1.6814,4.8909,-3.8819999999999997,0.5569999999999999,0.873
0.6472,1.6814,4.8909,-3.8819999999999997,0.5569999999999999,0.873
0.7165,1.5893,4.7587,-3.792,0.46399999999999997,0.806
0.6934,1.6353,4.7587,-3.702,0.46399999999999997,0.738
0.6472,1.6353,4.7587,-3.792,0.371,0.806
0.6241,1.6353,4.7587,-3.792,0.27799999999999997,0.873
0.5316,1.6814,4.8909,-3.8819999999999997,0.0,0.873
0.601,1.6353,4.8909,-3.792,0.27799999999999997,0.94
0.6934,1.6353,4.8909,-3.8819999999999997,0.371,0.94
0.6934,1.6814,4.8909,-3.8819999999999997,0.5569999999999999,0.806
0.6934,1.6814,4.8909,-3.8819999999999997,0.5569999999999999,0.806
0.6472,1.7044,4.8909,-3.8819999999999997,0.5569999999999999,0.873
0.6241,1.6584,4.8909,-3.792,0.27799999999999997,0.806
0.6241,1.7044,4.8909,-3.792,0.27799999999999997,0.806
0.6472,1.7044,5.0231,-3.8819999999999997,0.185,0.806
0.6703,1.7044,4.7587,-3.792,0.46399999999999997,0.806
0.6934,1.6353,4.7587,-3.702,0.46399999999999997,0.806
0.6934,1.382,4.4943,-3.612,0.371,0.671
0.6934,1.405,4.4943,-3.612,0.371,0.671
0.7397,1.3129,4.7587,-3.431,0.46399999999999997,0.604
0.7165,1.405,4.8909,-3.612,0.46399999999999997,0.5369999999999999
0.6934,1.6584,4.8909,-3.792,0.5569999999999999,0.806
0.7165,1.6353,4.8909,-3.8819999999999997,0.5569999999999999,0.806
0.7165,1.6353,4.8909,-3.792,0.5569999999999999,0.806
0.6703,1.7275,5.0231,-3.973,0.46399999999999997,0.806
0.6703,1.7275,5.0231,-3.973,0.46399999999999997,0.806
0.6703,1.7505,5.0231,-3.973,0.46399999999999997,0.806
0.6472,1.7275,5.0231,-3.973,0.46399999999999997,0.738
0.6703,1.8196,5.0231,-4.063,0.27799999999999997,0.873
0.6934,1.8426,5.0231,-4.1530000000000005,0.5569999999999999,0.806
0.6934,1.8196,5.0231,-4.1530000000000005,0.5569999999999999,0.873
0.6703,1.7735,5.0231,-4.063,0.5569999999999999,0.806
0.6472,1.8196,5.1553,-4.063,0.371,0.806
0.6241,1.8657,5.0231,-4.1530000000000005,0.27799999999999997,0.873
0.601,1.9348,5.2875,-4.1530000000000005,0.371,0.806
0.6703,1.8887,5.1553,-4.063,0.371,0.806
0.6703,1.8887,5.1553,-4.063,0.371,0.806
0.7165,1.8657,5.0231,-4.1530000000000005,0.5569999999999999,0.873
0.6472,1.9117,5.1553,-4.1530000000000005,0.371,0.873
0.5779,1.9578,5.2875,-4.1530000000000005,0.27799999999999997,0.873
0.5085,1.9808,5.4196,-3.973,0.185,0.873
0.5547,2.0039,5.2875,-4.1530000000000005,0.371,0.873
0.8321,1.9348,5.2875,-4.244,1.022,0.873
0.8321,1.9808,5.2875,-4.244,1.022,0.873
0.7397,1.9578,5.2875,-4.1530000000000005,0.5569999999999999,0.873
0.4392,1.9578,5.4196,-3.8819999999999997,-0.185,0.806
0.416,1.9808,5.4196,-3.8819999999999997,-0.27799999999999997,0.873
0.6934,2.073,5.4196,-4.1530000000000005,0.5569999999999999,0.94
0.8784,2.0039,5.684,-4.334,1.022,0.94
0.809,2.0269,5.684,-4.244,1.022,0.806
0.7165,2.0269,5.5518,-4.063,0.46399999999999997,0.94
0.601,2.0039,5.2875,-4.1530000000000005,0.27799999999999997,0.873
0.5085,1.9578,5.5518,-3.973,0.092,0.873
0.6472,1.9808,5.4196,-4.244,0.46399999999999997,0.806
0.6472,1.9808,5.4196,-4.244,0.46399999999999997,0.806
0.6241,2.0499,5.4196,-4.1530000000000005,0.371,0.873
0.5316,2.0269,5.4196,-4.063,0.185,0.94
0.416,2.0269,5.4196,-3.973,-0.092,0.94
0.7165,1.8426,5.0231,-4.063,0.65,0.873
0.9246,1.6584,5.0231,-3.973,1.022,0.738
0.9246,1.6584,5.0231,-3.973,1.022,0.738
0.809,1.6123,5.1553,-3.792,0.7430000000000001,0.671
0.5547,1.6814,5.2875,-3.612,0.092,0.671
0.3929,1.8657,5.4196,-3.702,-0.27799999999999997,0.806
0.416,1.9348,5.4196,-3.792,-0.185,0.873
0.601,1.9578,5.2875,-4.1530000000000005,0.371,0.873
0.8321,1.8657,5.1553,-4.1530000000000005,0.9289999999999999,0.806
0.8784,1.8426,5.0231,-4.063,0.9289999999999999,0.806
0.3698,1.7044,5.0231,-3.792,-0.371,0.806
0.3005,1.7735,5.0231,-3.8819999999999997,-0.371,0.738
0.3929,1.8426,5.1553,-3.8819999999999997,-0.185,0.806
0.809,1.7966,5.0231,-3.973,0.9289999999999999,0.738
0.8321,1.7044,4.8909,-3.973,0.836,0.671
0.5316,1.7505,4.8909,-3.792,0.0,0.738
0.5085,1.9117,5.0231,-4.063,0.092,0.873
0.5085,1.9117,5.0231,-4.063,0.092,0.873
0.601,1.9117,5.0231,-4.063,0.371,0.806
0.6472,1.7275,4.7587,-3.973,0.5569999999999999,0.738
0.5547,1.6814,4.8909,-3.973,0.185,0.738
0.5085,1.7275,4.7587,-3.973,0.0,0.806
0.5779,1.7505,4.7587,-3.973,0.092,0.806
0.6703,1.7275,4.7587,-3.8819999999999997,0.371,0.738
0.6934,1.7044,4.8909,-3.8819999999999997,0.46399999999999997,0.738
0.7165,1.7275,4.7587,-3.8819999999999997,0.46399999999999997,0.738
0.6472,1.7044,4.7587,-3.8819999999999997,0.371,0.806
0.5085,1.7044,4.7587,-3.8819999999999997,0.0,0.738
0.5085,1.7044,4.7587,-3.8819999999999997,0.0,0.738
0.601,1.6814,4.6265,-3.792,0.46399999999999997,0.671
0.7628,1.6353,4.7587,-3.8819999999999997,0.65,0.671
0.7628,1.6123,4.6265,-3.973,0.5569999999999999,0.671
0.7165,1.6123,4.6265,-3.792,0.46399999999999997,0.738
0.6472,1.5893,4.6265,-3.702,0.27799999999999997,0.738
0.6472,1.5202,4.4943,-3.792,0.371,0.604
0.6472,1.5202,4.4943,-3.792,0.371,0.604
0.6703,1.5893,4.4943,-3.792,0.371,0.806
0.6703,1.5893,4.4943,-3.792,0.371,0.806
0.4854,1.5432,4.4943,-3.702,-0.092,0.738
0.4854,1.5432,4.4943,-3.702,-0.092,0.738
0.6703,1.6123,4.6265,-3.792,0.46399999999999997,0.738
0.6703,1.6123,4.6265,-3.792,0.46399999999999997,0.738
0.6934,1.5893,4.6265,-3.792,0.5569999999999999,0.738
0.6934,1.5893,4.6265,-3.792,0.46399999999999997,0.806
0.6934,1.6123,4.6265,-3.792,0.5569999999999999,0.738
0.6472,1.7044,4.7587,-3.8819999999999997,0.371,0.806
0.601,1.7505,4.8909,-3.973,0.27799999999999997,0.738
0.5779,1.7735,4.8909,-3.973,0.27799999999999997,0.738
0.601,1.7966,4.8909,-3.973,0.27799999999999997,0.738
0.6472,1.7735,4.8909,-3.973,0.371,0.806
0.7397,1.8196,4.8909,-4.063,0.65,0.738
0.7165,1.9117,4.8909,-4.244,0.65,0.738
0.6934,1.9578,5.0231,-4.1530000000000005,0.5569999999999999,0.806
0.6472,2.0039,5.1553,-4.244,0.65,0.806
0.6472,2.0039,5.1553,-4.1530000000000005,0.371,0.873
0.6241,2.0269,5.1553,-4.1530000000000005,0.371,0.806
0.6241,2.0039,5.2875,-4.244,0.371,0.873
0.7165,2.073,5.5518,-4.244,0.46399999999999997,0.94
0.7628,2.119,5.5518,-4.244,0.65,0.873
0.7397,2.119,5.684,-4.334,0.836,0.873
0.7628,2.1421,5.684,-4.334,0.836,0.873
0.7165,2.1651,5.684,-4.334,0.5569999999999999,0.873
0.6703,2.2342,5.684,-4.334,0.5569999999999999,0.806
0.6472,2.2342,5.8162,-4.334,0.46399999999999997,0.873
0.6703,2.2342,5.8162,-4.334,0.46399999999999997,0.873
0.6703,2.2342,5.8162,-4.424,0.5569999999999999,0.873
0.6934,2.2112,5.8162,-4.424,0.5569999999999999,0.873
0.7165,2.1881,5.684,-4.424,0.5569999999999999,0.873
0.6703,2.2572,5.8162,-4.334,0.65,0.873
0.6703,2.2803,5.8162,-4.424,0.5569999999999999,0.94
0.6241,2.3263,5.9484,-4.424,0.46399999999999997,0.94
0.6241,2.3263,5.9484,-4.424,0.46399999999999997,0.94
0.6703,2.2803,5.8162,-4.424,0.65,0.806
0.6934,2.2803,5.684,-4.334,0.5569999999999999,0.94
0.6934,2.2112,5.684,-4.424,0.5569999999999999,0.873
0.6934,2.1881,5.5518,-4.424,0.7430000000000001,0.806
0.6472,2.1881,5.4196,-4.334,0.46399999999999997,0.806
0.601,2.1881,5.5518,-4.334,0.46399999999999997,0.873
0.6472,2.1651,5.4196,-4.424,0.5569999999999999,0.738
0.6241,2.0039,5.0231,-4.244,0.27799999999999997,0.806
0.6472,1.9117,5.0231,-4.1530000000000005,0.371,0.671
0.6472,1.8196,4.8909,-4.063,0.371,0.671
0.6241,1.8196,4.8909,-4.063,0.27799999999999997,0.738
0.601,1.8657,5.0231,-4.1530000000000005,0.185,0.806
0.5547,1.8657,5.1553,-4.063,0.185,0.806
0.601,2.073,5.1553,-4.1530000000000005,0.27799999999999997,0.806
0.6241,2.0499,5.1553,-4.334,0.371,0.806
0.6472,1.9808,5.0231,-4.244,0.27799999999999997,0.806
0.6472,1.9578,4.8909,-4.1530000000000005,0.27799999999999997,0.806
0.6241,1.9348,5.0231,-4.1530000000000005,0.371,0.738
0.6241,1.9578,4.8909,-4.1530000000000005,0.27799999999999997,0.806
0.601,1.9808,5.1553,-4.244,0.46399999999999997,0.738
0.6241,1.9808,5.1553,-4.244,0.371,0.738
0.6241,1.9808,5.1553,-4.244,0.371,0.738
0.6472,1.9348,4.8909,-4.1530000000000005,0.27799999999999997,0.806
0.6472,1.9348,4.8909,-4.1530000000000005,0.27799999999999997,0.806
0.601,1.9117,4.8909,-4.063,0.371,0.738
0.4854,1.9117,5.1553,-4.1530000000000005,0.092,0.738
0.4854,1.9117,5.1553,-4.1530000000000005,0.092,0.738
0.601,1.9578,5.0231,-4.244,0.27799999999999997,0.806
0.7397,1.9348,5.1553,-4.1530000000000005,0.65,0.671
0.8321,1.9117,5.0231,-4.244,0.836,0.671
0.7628,1.9348,5.0231,-4.244,0.7430000000000001,0.738
0.6703,1.9117,5.0231,-4.1530000000000005,0.46399999999999997,0.806
0.6241,1.9348,5.1553,-4.1530000000000005,0.46399999999999997,0.738
0.6241,1.9348,5.1553,-4.063,0.371,0.671
0.601,1.9348,5.0231,-4.1530000000000005,0.27799999999999997,0.806
0.601,1.9578,5.1553,-4.244,0.371,0.738
0.5547,1.9117,5.0231,-4.1530000000000005,0.27799999999999997,0.738
0.5316,1.8657,4.8909,-4.063,0.185,0.738
0.5316,1.8426,5.0231,-4.1530000000000005,0.185,0.671
0.5085,1.8657,5.0231,-4.1530000000000005,0.092,0.738
0.5085,1.8887,5.0231,-4.1530000000000005,0.092,0.738
0.601,1.9348,5.0231,-4.1530000000000005,0.185,0.738
0.7397,1.9117,4.8909,-4.1530000000000005,0.65,0.738
0.8784,1.8657,5.0231,-4.1530000000000005,0.9289999999999999,0.671
0.8321,1.8426,5.0231,-4.244,0.9289999999999999,0.604
0.6934,1.8657,5.0231,-4.1530000000000005,0.46399999999999997,0.738
0.6241,1.8657,4.8909,-4.063,0.371,0.738
0.6472,1.7966,4.7587,-4.063,0.371,0.671
0.6241,1.7966,4.7587,-3.973,0.185,0.671
0.601,1.8196,4.8909,-3.973,0.185,0.738
0.6241,1.8426,4.8909,-3.973,0.371,0.738
0.6934,1.8196,4.8909,-4.063,0.5569999999999999,0.738
0.6472,1.7505,4.7587,-3.8819999999999997,0.371,0.738
0.6241,1.6123,4.7587,-3.702,0.092,0.738
0.5316,1.4971,4.7587,-3.341,-0.092,0.671
0.5316,1.8196,5.0231,-3.973,0.092,0.738
0.7397,1.8196,5.0231,-3.973,0.5569999999999999,0.671
0.6934,1.7966,5.0231,-4.063,0.46399999999999997,0.738
0.601,1.7966,5.0231,-4.063,0.371,0.738
0.5085,1.8196,5.0231,-4.063,-0.092,0.671
0.5547,1.8426,4.8909,-4.063,0.27799999999999997,0.738
0.6934,1.8426,5.0231,-4.063,0.46399999999999997,0.671
0.5779,1.8887,4.8909,-4.1530000000000005,0.185,0.873
0.6703,1.9348,5.0231,-4.1530000000000005,0.46399999999999997,0.806
0.6703,1.9348,5.0231,-4.1530000000000005,0.46399999999999997,0.806
0.7397,1.8426,4.8909,-4.063,0.5569999999999999,0.806
0.6241,1.8196,4.8909,-4.063,0.27799999999999997,0.738
0.4854,1.8196,5.0231,-4.063,-0.092,0.873
0.5085,1.9348,5.0231,-4.1530000000000005,0.0,0.738
0.601,1.9117,5.1553,-4.244,0.371,0.738
0.601,1.9117,5.1553,-4.244,0.371,0.738
0.6472,1.8196,4.7587,-4.063,0.371,0.738
0.6241,1.7966,4.7587,-4.063,0.371,0.738
0.6472,1.8196,4.8909,-3.973,0.27799999999999997,0.671
0.6241,1.8196,4.7587,-4.063,0.371,0.671
0.6241,1.7966,4.8909,-3.973,0.27799999999999997,0.738
0.6241,1.8426,4.8909,-4.063,0.371,0.806
0.6241,1.8657,5.0231,-4.1530000000000005,0.185,0.806
0.6703,1.8887,4.8909,-4.1530000000000005,0.5569999999999999,0.738
0.7165,1.8657,4.8909,-4.063,0.5569999999999999,0.738
0.7397,1.8426,4.8909,-4.063,0.65,0.671
0.7165,1.8196,4.7587,-4.063,0.5569999999999999,0.738
0.6472,1.7966,4.8909,-4.063,0.46399999999999997,0.738
0.6472,1.7966,4.8909,-4.063,0.46399999999999997,0.738
0.6472,1.7966,4.8909,-3.973,0.27799999999999997,0.738
0.6241,1.8426,4.8909,-4.063,0.27799999999999997,0.738
0.6241,1.8887,5.0231,-4.1530000000000005,0.27799999999999997,0.738
0.6472,1.8657,5.0231,-4.063,0.46399999999999997,0.738
0.6703,1.8657,5.0231,-4.063,0.46399999999999997,0.738
0.6934,1.8426,4.8909,-4.1530000000000005,0.5569999999999999,0.738
0.6472,1.9117,5.1553,-4.244,0.46399999999999997,0.671
0.6472,1.8887,5.0231,-4.244,0.371,0.738
0.6241,1.9117,5.0231,-4.244,0.371,0.671
0.6703,1.8887,4.8909,-4.244,0.371,0.738
0.6703,1.8887,5.0231,-4.1530000000000005,0.371,0.738
0.6934,1.8887,5.0231,-4.1530000000000005,0.46399999999999997,0.738
0.7165,1.9348,5.0231,-4.334,0.65,0.671
0.7165,1.9578,4.8909,-4.244,0.65,0.738
0.7628,1.9808,5.0231,-4.334,0.7430000000000001,0.738
0.7859,1.9348,5.0231,-4.334,0.836,0.738
0.6472,1.9808,5.0231,-4.244,0.371,0.738
0.5316,2.0039,5.2875,-4.1530000000000005,0.0,0.738
0.3929,1.9578,5.1553,-3.973,-0.27799999999999997,0.873
0.3929,1.9578,5.1553,-3.973,-0.27799999999999997,0.873
0.5316,1.9578,5.2875,-4.244,0.185,0.671
0.6934,1.9578,5.1553,-4.244,0.5569999999999999,0.738
0.7397,2.0039,5.1553,-4.244,0.65,0.806
0.7165,2.0499,5.2875,-4.424,0.65,0.738
0.8321,2.1651,5.684,-4.424,0.7430000000000001,0.806
0.8321,2.1651,5.684,-4.424,0.7430000000000001,0.806
0.7628,2.073,5.4196,-4.424,0.65,0.671
0.7628,2.073,5.4196,-4.424,0.65,0.671
0.6472,1.9808,5.0231,-4.244,0.371,0.738
0.6241,1.9578,5.1553,-4.244,0.27799999999999997,0.671
0.6241,1.9808,5.1553,-4.244,0.371,0.738
0.6241,1.9808,5.1553,-4.334,0.46399999999999997,0.806
0.6472,2.0269,5.1553,-4.334,0.46399999999999997,0.738
0.7397,1.9808,5.1553,-4.334,0.5569999999999999,0.873
0.7628,1.9808,5.1553,-4.244,0.5569999999999999,0.806
0.7397,1.9117,5.0231,-4.334,0.65,0.738
0.6934,1.8657,4.8909,-4.1530000000000005,0.46399999999999997,0.806
0.6472,1.8887,5.0231,-4.1530000000000005,0.27799999999999997,0.738
0.5547,1.8887,5.0231,-4.244,0.185,0.671
0.5547,1.9578,4.8909,-4.244,0.0,0.806
0.5779,1.9348,5.0231,-4.244,0.185,0.738
0.7165,1.8887,4.8909,-4.1530000000000005,0.46399999999999997,0.806
0.7859,1.8657,4.8909,-4.244,0.65,0.738
0.7397,1.8657,5.0231,-4.244,0.46399999999999997,0.671
0.7397,1.8657,5.0231,-4.244,0.46399999999999997,0.671
0.6241,1.8196,4.8909,-4.1530000000000005,0.185,0.671
0.5779,1.9117,5.0231,-4.244,0.27799999999999997,0.738
0.6241,1.9578,5.0231,-4.244,0.27799999999999997,0.738
0.6703,1.9117,4.8909,-4.244,0.371,0.738
0.7397,1.9117,4.8909,-4.244,0.5569999999999999,0.738
0.7628,1.9117,5.0231,-4.1530000000000005,0.65,0.671
0.7628,1.8887,5.0231,-4.1530000000000005,0.65,0.604
0.6472,1.9117,5.0231,-4.1530000000000005,0.27799999999999997,0.738
0.601,1.8887,5.0231,-4.1530000000000005,0.27799999999999997,0.738
0.601,1.9117,4.8909,-4.1530000000000005,0.092,0.738
0.6472,1.9348,5.0231,-4.244,0.27799999999999997,0.738
0.6934,1.9117,5.0231,-4.1530000000000005,0.371,0.738
0.7628,1.8887,4.8909,-4.244,0.5569999999999999,0.738
0.7628,1.8657,4.8909,-4.1530000000000005,0.65,0.738
0.7628,1.8657,4.8909,-4.1530000000000005,0.65,0.738
0.6703,1.9348,5.0231,-4.244,0.46399999999999997,0.671
0.6472,1.9348,5.0231,-4.244,0.27799999999999997,0.671
0.6241,1.9348,5.0231,-4.244,0.27799999999999997,0.671
0.601,1.9117,5.0231,-4.244,0.185,0.738
0.6241,1.9117,5.0231,-4.244,0.27799999999999997,0.604
0.6241,1.9117,5.0231,-4.244,0.27799999999999997,0.604
0.6934,1.8426,5.0231,-4.1530000000000005,0.27799999999999997,0.671
0.7165,1.8426,4.8909,-4.1530000000000005,0.46399999999999997,0.671
0.6703,1.8196,4.7587,-4.244,0.371,0.604
0.6703,1.8196,4.7587,-4.244,0.371,0.604
0.601,1.7275,4.6265,-3.973,0.27799999999999997,0.604
0.601,1.6584,4.6265,-3.973,0.27799999999999997,0.738
0.601,1.7044,4.6265,-3.973,0.27799999999999997,0.671
0.6241,1.7275,4.6265,-3.973,0.27799999999999997,0.671
0.6934,1.7735,4.7587,-4.1530000000000005,0.371,0.671
0.6703,1.7735,4.6265,-4.063,0.371,0.738
0.7165,1.7505,4.7587,-3.973,0.46399999999999997,0.738
0.6934,1.7275,4.7587,-4.1530000000000005,0.371,0.671
0.6472,1.7735,4.7587,-4.063,0.371,0.671
0.6241,1.7735,4.8909,-4.063,0.092,0.806
0.601,1.7735,4.8909,-4.063,0.185,0.738
0.6472,1.7505,4.7587,-4.063,0.27799999999999997,0.738
0.6934,1.7966,4.8909,-4.1530000000000005,0.46399999999999997,0.671
0.7165,1.7966,4.8909,-4.063,0.46399999999999997,0.671
0.7397,1.8657,4.8909,-4.1530000000000005,0.5569999999999999,0.671
0.7397,1.8887,5.0231,-4.244,0.46399999999999997,0.671
0.7165,1.8887,4.8909,-4.1530000000000005,0.5569999999999999,0.671
0.7165,1.8887,4.8909,-4.1530000000000005,0.5569999999999999,0.671
0.6934,1.8657,5.0231,-4.1530000000000005,0.371,0.738
0.6241,1.9348,5.0231,-4.244,0.27799999999999997,0.738
0.5779,2.0039,5.0231,-4.334,0.185,0.806
0.601,2.0269,5.2875,-4.244,0.185,0.738
0.6472,2.0269,5.0231,-4.244,0.27799999999999997,0.806
0.6703,2.0039,5.0231,-4.244,0.46399999999999997,0.806
0.6703,2.0039,5.1553,-4.244,0.46399999999999997,0.671
0.6934,2.0039,5.2875,-4.334,0.46399999999999997,0.604
0.6241,2.096,5.4196,-4.334,0.185,0.671
0.6472,2.119,5.4196,-4.334,0.46399999999999997,0.738
0.6472,2.096,5.2875,-4.334,0.27799999999999997,0.806
0.6703,2.096,5.5518,-4.424,0.46399999999999997,0.738
0.7165,2.119,5.5518,-4.424,0.65,0.806
0.7397,2.1651,5.5518,-4.515000000000001,0.7430000000000001,0.738
0.7165,2.2112,5.684,-4.424,0.5569999999999999,0.738
0.7165,2.1881,5.5518,-4.334,0.46399999999999997,0.738
0.6703,2.1651,5.5518,-4.334,0.371,0.806
0.6241,2.1421,5.4196,-4.424,0.5569999999999999,0.738
0.6241,2.119,5.4196,-4.334,0.27799999999999997,0.738
0.6703,2.2112,5.684,-4.515000000000001,0.46399999999999997,0.738
0.6472,2.2572,5.684,-4.424,0.46399999999999997,0.873
0.6703,2.3033,5.684,-4.605,0.371,0.94
0.6703,2.1881,5.5518,-4.424,0.371,0.806
0.6241,2.096,5.2875,-4.424,0.371,0.738
0.6241,2.096,5.2875,-4.424,0.371,0.738
0.5779,2.0499,5.2875,-4.1530000000000005,0.092,0.806
0.6241,2.119,5.2875,-4.334,0.185,0.738
0.6241,2.119,5.2875,-4.515000000000001,0.46399999999999997,0.738
0.6472,2.096,5.4196,-4.424,0.46399999999999997,0.806
0.6703,2.119,5.4196,-4.424,0.46399999999999997,0.738
0.7165,2.073,5.1553,-4.334,0.5569999999999999,0.738
0.6703,2.0269,5.1553,-4.334,0.46399999999999997,0.738
0.6472,2.096,5.1553,-4.424,0.371,0.671
0.6472,2.073,5.2875,-4.424,0.46399999999999997,0.738
0.6472,2.0499,5.1553,-4.334,0.46399999999999997,0.738
