0,1,2
138.37354722222221,-602.0682573333333,10.13167811111111
138.38872801906174,-602.0655232912593,10.079286999999999
138.40492213726966,-602.061543191591,9.901605222222221
138.42067793673672,-602.0535144862658,9.90170122222222
138.43612198997434,-602.0451991347295,9.550023355555552
138.45169471187558,-602.0322691611728,9.376123266666665
138.46666102213138,-602.0190090450582,9.380000955555554
138.48129319586778,-602.0011959331944,9.024700262222222
138.4960611069405,-601.9827255642161,8.847177346666665
138.51064613296742,-601.9605286557295,8.847432208888888
138.52498715050396,-601.9383110175951,8.50010173422222
138.53825229409298,-601.9113207732736,8.330549037333332
138.55070293640588,-601.8837598689671,8.338774118222222
138.56363671377292,-601.8522101433028,7.974378851377776
138.57689383776156,-601.8203113605764,7.787761362311109
138.59002708531114,-601.788796438014,7.778921651022219
138.60171499582992,-601.7531291663831,7.4469023491911095
138.6129476108819,-601.7171386928018,7.292660825137777
138.62475252520417,-601.6777394433434,7.286162133610663
138.6360915628213,-601.6382187835908,6.948992588303647
138.6471761587846,-601.595378135607,6.789600820774409
138.65805221883008,-601.5524827791927,6.7887960426720655
138.66873188994913,-601.5097776594946,6.43439944338611
138.67963283907145,-601.4642690599533,6.257780621877933
138.69042300807354,-601.4180292200813,6.258939578147533
138.7006251164258,-601.3684429876434,5.909620096576635
138.7113876271071,-601.3193015919983,5.738078392783514
138.72087537365783,-601.2658636191164,5.744314466768171
138.7299732305426,-601.2127352264015,5.379128437335258
138.7392743844185,-601.1557487979719,5.191720185680124
138.74889635905973,-601.0992101249371,5.1820897118027665
138.75762254088136,-601.0392984418867,4.851810087666285
138.7664561251087,-600.979564234103,4.699308241307581
138.7751855566193,-600.9164484078835,4.683345636630063
138.78418245011616,-600.8531450163943,4.3721632780317154
138.79228176908057,-600.7902937600854,4.238758697211146
138.80090949393542,-600.724570815347,4.1807821083497325
138.80869708343707,-600.6596171481366,3.962030514955954
138.8166165557063,-600.5918833441432,3.9210566993399523
138.82486221647898,-600.5237390602279,3.6648990048062666
138.83305584333246,-600.4522151768103,3.586519088050359
138.84071008737578,-600.3810326020566,3.402787793802245
138.8481475944973,-600.3105199967655,3.3968342773319082
138.8558484207999,-600.2372882313089,3.0636319246777597
138.86307994363125,-600.1649630411499,2.9082073498013887
138.86970409077702,-600.0887615687552,2.898674747862738
138.87652321935957,-600.013279260854,2.5733463832388805
138.88328436106738,-599.9351565342306,2.425795796392801
138.88993774694043,-599.8572079137524,2.3989404207875094
138.89647495571413,-599.776136050439,2.106555580452483
138.9033083998765,-599.6955925606145,1.9919485178952352
138.91010390435517,-599.6120335862321,1.8926173888545146
138.91638272927787,-599.5290599092402,1.7596792060774333
138.92288136389044,-599.4435255840216,1.7006765415203453
138.9293315354154,-599.3582867284496,1.4841823146570503
138.9348571674389,-599.2700525860861,1.4454658655715333
138.94011930479562,-599.1824742719447,1.1744749424485594
138.94525390393207,-599.0920060150265,1.0812617971033636
138.9507006366812,-599.0026553180959,0.9405006724183502
138.95613233150937,-598.909712676408,0.898708480058713
138.96107310131575,-598.8173734966726,0.6391846365832482
138.96584541739165,-598.7226122776618,0.5574385708855614
138.97051616978172,-598.624447699244,0.3858132487538059
138.97551084762284,-598.5274074562823,0.39196570439982825
138.98049927513597,-598.4319722083118,0.03213021308969011
138.9854155060589,-598.3339485939773,-0.14992750044267028
138.98942604460174,-598.236801419996,-0.15420743619725283
138.99360907256485,-598.1361249605599,-0.4962582442038379
138.99859021756987,-598.0365851536781,-0.6605312744326451
139.00283703192102,-597.9340110212272,-0.6505972745959357
139.00687658100392,-597.8284328557685,-1.0239187409033632
139.0112278923351,-597.7233447731725,-1.2194624294330128
139.01557967079924,-597.6206688487682,-1.2372283401848845
139.02028209517403,-597.5156689691493,-1.5496100031974334
139.0245753253621,-597.4112887412199,-1.6842138884322042
139.02790432410563,-597.3038396290922,-1.7442524520268192
139.03140379746705,-597.1981244608306,-1.9683347232297776
139.03529826213094,-597.0891733637354,-2.0146392166549583
139.03880567044675,-596.9815352742545,-2.2642359977862276
139.04218578435243,-596.8760995280134,-2.3360550011397194
139.04508169997834,-596.7679282254778,-2.5295198604287044
139.0482502562594,-596.6611571368751,-2.5452069419399117
139.05183894342656,-596.5519179465412,-2.857465140393034
139.0554606176646,-596.4429192043458,-2.9919455610683783
139.0586267143943,-596.3316627561117,-3.047555302249288
139.0616566666911,-596.2215370806001,-3.2766805383179536
139.0646162974464,-596.1085264581293,-3.3280279966088417
139.06793043803378,-595.9965461084529,-3.5613636772577766
139.07126834614365,-595.8829173116418,-3.6169215801289334
139.0741528686205,-595.770165990514,-3.846160860479055
139.07690568965103,-595.6549270722012,-3.897622363051399
139.07918235249323,-595.5408295879562,-4.135873724058909
139.08133140449286,-595.424316443634,-4.196347307288642
139.08383503669555,-595.3093861320157,-4.409605513072119
139.08637397772532,-595.1917313958145,-4.445085941077819
139.08847320447026,-595.0747944198338,-4.718495666131947
139.0908652993557,-594.9549885440001,-4.8141276134082975
139.09328194696417,-594.837132349541,-4.9552039960669925
139.0956691350179,-594.7174844905667,-4.991136043106753
139.09760581337508,-594.5983604015728,-5.263552206285948
139.0998355125896,-594.481854831396,-5.358190591687365
139.10168143803125,-594.3628543775365,-5.5009827660264685
139.10342435555648,-594.2450473978396,-5.5430070935915525
139.1047112166714,-594.1248879233532,-5.806720684059478
139.10629923114618,-594.0059668846571,-5.892656496749625
139.10792489119817,-593.8847181878917,-6.059764819942412
139.10994562653374,-593.7647283854219,-6.049095365357421
139.11160597091236,-593.6420195501131,-6.423564787666624
139.11358128997958,-593.5213316561164,-6.620256432198048
139.11559151055775,-593.3984977337634,-6.639170298951695
139.11758012163432,-593.2765726881904,-6.949026458760339
139.11953612834196,-593.1565634630662,-7.0811048407912045
139.12104712874708,-593.0343775332332,-7.146699511434411
139.12244763810813,-592.9130833512384,-7.358558347130467
139.12380613090502,-592.7898365916219,-7.392639405048745
139.12513689960267,-592.6679521592844,-7.6686576998507565
139.12685386365894,-592.5438069932181,-7.766898216874989
139.12862364774261,-592.4213841894348,-7.902235746088342
139.1303788255692,-592.2963714268728,-7.955959848485631
139.13210611961534,-592.172618631845,-8.189233489878262
139.1338032709456,-592.046200536742,-8.244729353493113
139.13505958980267,-591.9214579945324,-8.47363507576266
139.13662054118575,-591.7941473457237,-8.524763020254428
139.13822021887663,-591.6681337159339,-8.763748209039207
139.13980489085745,-591.539905017127,-8.824955620046206
139.14136402413922,-591.4134676682332,-9.046466426941915
139.1424852086745,-591.2849201427285,-9.090199456059848
139.14350285772483,-591.1577788133754,-9.35015390311151
139.14407465978059,-591.0288691777146,-9.432330572385391
139.14454916014154,-590.9018481511661,-9.597841988871737
139.14499745171395,-590.7727447010398,-9.585575627580306
139.14543412582626,-590.645471570822,-9.958861711310345
139.14545159930364,-590.5169257224379,-10.154370017262606
139.14579565080902,-590.3915926491532,-10.17210054543709
139.147432124743,-590.2652357568195,-10.46999222789767
139.14930380886682,-590.1416996209224,-10.590106132580475
139.15160835996545,-590.0182659280233,-10.657583897833861
139.15396670862123,-589.8974277806894,-10.836630769831965
139.15588983138534,-589.7761979961195,-10.837899864052291
139.15687722455843,-589.6582513743718,-11.157905367878685
139.1568420955549,-589.5396006260313,-11.300133093927302
139.15619229506186,-589.4245445296818,-11.30062871884257
139.15625013521125,-589.3108534948788,-11.603067944028984
139.157270014207,-589.1998701893244,-11.72772939143762
139.15970157380409,-589.087968636632,-11.753243096027507
139.16279155400719,-588.9782944788171,-11.991711345929755
139.1667906052797,-588.8704531657777,-12.052401818054223
139.1700932620369,-588.7665601648121,-12.199379846047059
139.17362033543938,-588.666401082275,-12.168580096262117
139.17878657379362,-588.5666034903753,-12.497568345788988
139.18790494752608,-588.4740290956878,-12.648778817538084
139.19727339813,-588.386672842945,-12.6222115115094
139.2045035128107,-588.2988026186301,-12.878905984772505
139.2099711320091,-588.2133077543023,-12.95782268025783
139.21377471263796,-588.1272852222644,-12.975405239079002
139.21719139018398,-588.0436090326958,-13.118051965227977
139.2217158721439,-587.9640490618727,-13.082920913599176
139.2300953445765,-587.8858625210504,-13.312398738293652
139.24036041816237,-587.8106999859199,-13.364098785210349
139.2512672864879,-587.7329445635386,-13.394557081993614
139.2617367271896,-587.6570048630475,-13.472217273514872
139.26909333920992,-587.5802896715637,-13.430521829945885
139.27407831367856,-587.5065566646048,-13.640146916908769
139.27728428544438,-587.4314305195387,-13.671994226093874
139.27967819396014,-587.3603706520254,-13.690725168108864
139.28269875423808,-587.2935915581385,-13.726110873453663
139.29114390801118,-587.2335321438675,-13.69573716613955
139.29973076051851,-587.172223732745,-13.799243411119487
139.30822382864815,-587.1115374640992,-13.724971878321647
139.3149346829333,-587.0518387175474,-13.884200717143562
139.31913854007752,-586.9897394131431,-13.865651778187699
139.32072609849192,-586.9270511872753,-13.846870821668377
139.3217678185518,-586.8651367429939,-13.810759592677556
139.32309622203326,-586.806714504904,-13.782243407568474
139.32651818046062,-586.7455549354385,-13.710716970364007
139.3335972931351,-586.6847177246858,-13.72161326554717
139.34130715594543,-586.6205435593398,-13.554731782952555
139.3502672951785,-586.5570253689823,-13.742544822438488
139.3593500566048,-586.4902750767741,-13.752580084146643
139.36093083208502,-586.4250561461295,-13.58483756807702
139.3568785060136,-586.3559848237,-13.710684970096857
139.35093585938046,-586.2879449261661,-13.658754594338914
139.34634411072042,-586.2164016588205,-13.524655821006386
139.34496429096927,-586.145585888426,-13.571797566782392
139.3479442588808,-586.0720649972673,-13.441161534780619
139.3521644692257,-585.9990487124078,-13.48538569407341
139.35369626284347,-585.9229051359706,-13.35183207558842
139.35549169871769,-585.8463994765272,-13.406701769588729
139.35731432795524,-585.7650054809724,-13.283793685811261
139.3578826962496,-585.6829718661321,-13.330284625677248
139.35613701778405,-585.5948445832902,-13.198997787765457
139.35395335739355,-585.505114599315,-13.287890342282507
139.3529469348992,-585.4159295682186,-13.19900511902178
139.35301160688178,-585.3230374925847,-13.208245765750936
139.3537002446471,-585.230314473119,-13.039708634702317
139.35450388160962,-585.1338595478305,-13.233114323009282
139.35531908890812,-585.0380300447592,-13.248742233538469
139.35530368288113,-584.9381934235084,-13.086592366289878
139.35347792885253,-584.8377468327906,-13.27581700757011
139.3517267381698,-584.7335205996917,-13.287263871072565
139.35124914375703,-584.6287923223209,-13.120932956797242
139.3518543943855,-584.5191384382626,-13.34896514598073
139.3510249393466,-584.409239399218,-13.39921955738644
139.34416567320145,-584.2953592266202,-13.271696191014373
139.33866377662022,-584.1827131230999,-13.408768841477364
139.33762182536984,-584.0684670224229,-13.36806371416258
139.3411844598256,-583.9555257557464,-13.30326761647733
139.3476724539548,-583.8448623983295,-13.29194169805155
139.3546532463244,-583.7323707238477,-13.16298138525493
139.35752487151726,-583.621932823101,-13.29281674007416
139.3603551557165,-583.5100274605788,-13.244874317115611
139.36519202989726,-583.3990112597461,-13.19694035873553
139.3711827643082,-583.2854851216632,-13.148517733838379
139.3764977358758,-583.1726627012052,-13.106340664167668
139.38036818639017,-583.0603571653631,-13.055123817443233
139.3830733529533,-582.9446660185097,-13.028494924681434
139.38550698924615,-582.8252675790981,-12.952962222090724
139.3874410411021,-582.7064151256463,-12.985977190012509
139.38883700288872,-582.5885444376136,-12.841214380156513
139.38928238187165,-582.4662318191165,-13.040205272950814
139.38953131001495,-582.3392752606564,-13.061418387967334
139.3893267410123,-582.2111475185907,-12.9277294460421
139.38903438200626,-582.0846078010244,-13.140954096055397
139.3866735118832,-581.9530529198965,-13.176400968290917
139.38352184968957,-581.8211375643658,-13.049996871594997
139.3806675193886,-581.6859400212333,-13.290024373214912
139.3803790281638,-581.5524195167492,-13.352274097057048
139.3806078077405,-581.4168667116141,-13.236746043121409
139.3809367877235,-581.2832441973554,-13.48016429511315
139.38169179562803,-581.1480503725858,-13.545804769327116
139.3825212712267,-581.0144650423329,-13.433667465763303
139.3829431767112,-580.8839208467914,-13.694123844714802
139.3832775677393,-580.7523943956398,-13.776802445888524
139.3835897000926,-580.618275425116,-13.68170326928447
139.38430360816199,-580.4871827538541,-13.916012302257837
139.38508771801534,-580.358968660436,-13.972543557453426
139.38628716088533,-580.2297066608039,-13.881763418245354
139.38796327828229,-580.1033019172572,-14.110390302280893
139.38971089247056,-579.9770477146137,-14.161239408538654
139.39185861772643,-579.8538476799216,-14.0698591969938
139.39528781976992,-579.7307902126466,-14.277301351281366
139.39974765740857,-579.6115594095007,-14.306965727791153
139.4051715266976,-579.4913425550475,-14.234046855025177
139.41071106284235,-579.3734577967074,-14.377903397332547
139.41619494784422,-579.2554955963751,-14.34398216186214
139.41912393180857,-579.1353395922714,-14.381401413230371
139.42067894557127,-579.0168626016939,-14.255310882442485
139.42234771620903,-578.8973681976878,-14.476740627953609
139.42565994903939,-578.7801893425195,-14.520392595686955
139.42925376699688,-578.6608734741701,-14.386266785642523
139.43244034545776,-578.5461018066453,-14.579839567740274
139.43508948912563,-578.4359192874459,-14.595634572060247
139.43759346912498,-578.3282216381847,-14.433651798602442
139.4404434708973,-578.2195144405894,-14.62981905576517
139.44455592144345,-578.1125602801376,-14.648208535150118
139.44968370689216,-578.0036218529519,-14.48882023675729
139.45412029748385,-577.8966536967174,-14.615885515443734
139.45876621759353,-577.7924204751173,-14.565173016352404
139.46379859496525,-577.6859500018179,-14.443432781020002
139.46883669220009,-577.58054632491,-14.477483520973506
139.47298294713576,-577.4734079706852,-14.33375648314923
139.47730253131917,-577.3682642042572,-14.406780855251522
139.48077401393266,-577.2611587334,-14.302027449576034
139.48361583736832,-577.1547735327981,-14.294476408728771
139.48505753414622,-577.048408086878,-14.109147590103731
139.48537736812727,-576.9384731226806,-14.288263702189932
139.48546828079898,-576.8285699965409,-14.289602036498357
139.48510144956197,-576.7155589713622,-14.113162593029003
139.48546962003192,-576.6031247454005,-14.281182879772691
139.48680088797434,-576.4873187216068,-14.271425388738603
139.48666317515605,-576.3700284683632,-14.098593913458043
139.48664429143466,-576.2477966083867,-14.292986359075273
139.48664944210105,-576.1254952801831,-14.309601026914725
139.48624865972448,-575.9990154550022,-14.1484379169764
139.48618305742198,-575.8730880879393,-14.325620758840717
139.4861854241448,-575.7452061794984,-14.325025822927254
139.48579068434597,-575.6179325721463,-14.153659126381315
139.48532213731997,-575.4883240718722,-14.357990303226824
139.48443304818397,-575.3541879139062,-14.384543702294557
139.4830618287826,-575.2210539386487,-14.233319323584512
139.48243679622632,-575.0853365275809,-14.398037845635502
139.48196989039096,-574.9510326325307,-14.384978589908714
139.48236258367166,-574.8189215405247,-14.245733841396536
139.48333227847115,-574.6895385891028,-14.389263754789992
139.48522491569278,-574.5582747122179,-14.355015890405669
139.48686455722503,-574.4289104031561,-14.267082969828955
139.48843028027315,-574.2970903000545,-14.297257172875506
139.48913761823002,-574.1662431462778,-14.149653598144278
139.48884188591768,-574.0327759641089,-14.316273729219645
139.4879373010777,-573.8994545317411,-14.305116082517236
139.48651314427215,-573.7625632652606,-14.180956060818094
139.48500532774807,-573.6264942633031,-14.304931219667317
139.48350222378195,-573.4925249178336,-14.251128600738763
139.48161077313938,-573.354976845464,-14.230658451270472
139.4809023315707,-573.2190781558546,-14.131235535656268
139.48044056743015,-573.0850332352717,-14.210698394451963
139.48085603942081,-572.9485899295869,-14.11238347546988
139.48144104970277,-572.8131968072292,-14.195087675008239
139.48164098083004,-572.675263757055,-14.100014096768822
139.48258238599482,-572.5379648802531,-14.177975968895542
139.48324803042695,-572.397661088818,-14.078160063244484
139.48343838910284,-572.2583410794902,-14.185861366787922
139.48312031663747,-572.1203814889385,-14.115784892553584
139.48229263719665,-571.98038940743,-14.17689855809135
139.48096414113502,-571.8407533817783,-14.060234445851341
139.47955437591543,-571.6976793907738,-14.235629003890475
139.47773774019183,-571.5551330812376,-14.23324578415183
139.47709934474216,-571.4100440777306,-14.174651000910181
139.47670567674922,-571.2665100234794,-14.251491257375141
139.47636655308133,-571.120242110073,-14.150553736062324
139.47604316137057,-570.9742792351598,-14.34126694961719
139.4732617376223,-570.8245492843882,-14.354202385394276
139.46879448771531,-570.6761954110782,-14.317464248906905
139.46487494013087,-570.5259600083475,-14.399897393623563
139.4639988999099,-570.3791223143494,-14.30455276056244
139.46415468706698,-570.2311947426347,-14.52441797551913
139.46451462406012,-570.0851530541743,-14.56650541269804
139.4644996052499,-569.9377095797117,-14.500038562015549
139.4648204755465,-569.7929004996856,-14.680400389072586
139.46520396017584,-569.6460022499073,-14.682984438351847
139.46477140255698,-569.4999558301752,-14.727452774381918
139.4645942328635,-569.3514813255331,-14.687784924004651
139.46570266050188,-569.2066808413082,-14.836055439279082
139.4670524433024,-569.0646745458314,-14.806548176775737
139.46925263355777,-568.9234369554177,-14.94190326539421
139.47159161370936,-568.783542262858,-14.899480576234904
139.47269308634472,-568.6457333188299,-15.050129247940932
139.4727100587549,-568.5131690294899,-15.023000141869183
139.47456322306797,-568.3731301409804,-15.107611819671474
139.47922304742474,-568.2252253301623,-15.014445719695988
139.4856117085105,-568.0782615366364,-15.252364739642058
139.49184460931775,-567.9366800982992,-15.31250598181035
139.49631326792445,-567.801054511456,-15.208016760151217
139.49789974605753,-567.6663303254801,-15.45304255891242
139.49847655818465,-567.5345220525448,-15.520290579895844
139.49884323356034,-567.4051715687661,-15.40976082310149
139.4999839999804,-567.2755229608102,-15.6460452213824
139.50290780482024,-567.1497066193319,-15.704551841885534
139.50696796767522,-567.0280834524503,-15.58528068461089
139.5128421020393,-566.9055815610837,-15.800431719503997
139.51858482079422,-566.7858746183862,-15.837804976619328
139.5246302488717,-566.6670282752741,-15.697400455956876
139.52941646161435,-566.5516816445146,-15.896592979192045
139.53224009404212,-566.4360478860852,-15.918007724649431
139.53463105207908,-566.3220012711306,-15.761644692329043
139.53731213716802,-566.2080843033949,-15.920804607878345
139.5424788944572,-566.0954027508661,-15.902186745649868
139.54847997008278,-565.9807148634593,-15.729202931441405
139.55250744963337,-565.8642186034755,-15.871402878255576
139.55402781914873,-565.748606838007,-15.835825047291971
139.55338247695724,-565.6344073387729,-15.675618053189684
139.5514900595133,-565.5212949078858,-15.789595217992492
139.55019825251145,-565.4112370452408,-15.725794605017523
139.54945560663091,-565.3007278080684,-15.622980842451343
139.55047779949382,-565.1933373162525,-15.59565503120805
139.55348108891803,-565.088506793836,-15.403195815943294
139.55807166198272,-564.9810036327294,-15.579200578414644
139.5620912925141,-564.873675322176,-15.577427563108218
139.56347378868242,-564.7615955399277,-15.397876770024013
139.56225586247703,-564.648931042466,-15.569451714809261
139.55971206230294,-564.531846163703,-15.563248881816735
139.55817304360426,-564.4147246380668,-15.379268271046428
139.55808886946662,-564.2945841780871,-15.564349170296657
139.55377597249554,-564.1726828177807,-15.571652291769107
139.54826800327027,-564.0466678745332,-15.40117763546378
139.5446544662676,-563.9212135383349,-15.580044101557721
139.54229254156903,-563.7937977852167,-15.581132789873886
139.54103764226033,-563.6673929949812,-15.404443700412273
139.5404326621531,-563.5362645987834,-15.602152408338933
139.53832182560325,-563.4056457519167,-15.622083338487815
139.535118505218,-563.2723109496274,-15.464236490858921
139.53585246862232,-563.1419666067749,-15.624252622309157
139.5381847835272,-563.010627030908,-15.606490975981616
139.53956982025358,-562.8793190157397,-15.458789709013317
139.5399243697108,-562.745207471149,-15.607296585232463
139.54006777923303,-562.6120336959746,-15.578025683673832
139.54016692116616,-562.4766748350415,-15.465045667102821
139.5398451328962,-562.3432129496455,-15.536225703559044
139.5398544017966,-562.212439250616,-15.429627962237488
139.54075108364,-562.0793857481347,-15.482066548700466
139.54304627304137,-561.947359712554,-15.356727357385667
139.5455885212606,-561.8123306517482,-15.460268067167116
139.547322691491,-561.6782125103178,-15.386030999170785
139.54681547125807,-561.5406888996628,-15.38654401542938
139.54504407562027,-561.4040311976256,-15.227307646327139
139.54345748252834,-561.2686706979631,-15.41904988057429
139.5419304148251,-561.1291800992153,-15.433014337043662
139.54084763716247,-560.9892100136103,-15.269201015735256
139.54110111701254,-560.8452289385181,-15.490754411502637
139.54079690998503,-560.7020845074852,-15.534530029492238
139.54038549208198,-560.5568765705057,-15.400527869704064
139.53790337216952,-560.4125015563293,-15.562194843460272
139.53504241311617,-560.2660797935819,-15.546084039438702
139.5317357087634,-560.1213311239683,-15.450778652730598
139.52633177292375,-559.9738912762825,-15.531130681266204
139.52264035787422,-559.8288278930384,-15.43370493202403
139.5193439471079,-559.6820362596886,-15.515939891467921
139.52316008615134,-559.5369866795477,-15.420397073134033
139.5295764611792,-559.3900817707438,-15.504638562357474
139.533545183848,-559.244486221577,-15.411102273803136
139.5320363764337,-559.0949085699257,-15.509295619733791
139.5294535215971,-558.9478902688232,-15.429711187886669
139.52751392454485,-558.799208098113,-15.498662182394783
139.52655367554087,-558.6510792999089,-15.38983539912512
139.52333717524348,-558.5004923413362,-15.539605611207268
139.5213578371361,-558.3511465429895,-15.511598045511642
139.52170919316424,-558.1994956724865,-15.493004201153134
139.52334480206707,-558.0487228221551,-15.458889147630737
139.52398022177383,-557.8960032341739,-15.464109732046674
139.5227621221166,-557.7450663105806,-15.387980890776058
139.52036930933727,-557.5966325783337,-15.496009763793637
139.5177755850486,-557.4465438752147,-15.426260859033441
139.51599990031463,-557.2982587728103,-15.535802316172541
139.51564685545225,-557.1485855564495,-15.467565995533864
139.5168153596467,-556.9999438474856,-15.585097812050066
139.51827155492617,-556.8493557887509,-15.524851850788487
139.51976457808976,-556.6988828235641,-15.641763454452846
139.520011732723,-556.545077825925,-15.580897280339427
139.51918486522868,-556.3932027595396,-15.718012107833392
139.51651050875768,-556.2404265692381,-15.677349157549582
139.5143260231167,-556.0912803044154,-15.769583825951745
139.51309369099306,-555.9398967715658,-15.684040716576131
139.51330131607423,-555.790218795356,-15.897140801646927
139.51420464637295,-555.6426000172469,-15.932463108939945
139.51523427035096,-555.4936365458243,-15.888157055117528
139.51627450952378,-555.3469316162215,-16.020462017971294
139.5173020772229,-555.2044021984259,-15.97498920304728
139.5170804963311,-555.0612878569337,-16.109901929213443
139.5166122370938,-554.9200919346702,-16.06703687760183
139.5169226352077,-554.7770211493689,-16.203301235591823
139.51902879468528,-554.6368386204066,-16.16178781580404
139.52187481883416,-554.4965981164573,-16.290886583781607
139.5248283391294,-554.3595689935669,-16.2422075739814
139.52694001969863,-554.2216838944138,-16.368777306652973
139.52761952175453,-554.0813219658627,-16.31756926154677
139.52800292407852,-553.943280485527,-16.445980916335973
139.5283216536231,-553.808894795888,-16.3966147933474
139.52985669334714,-553.6749328608632,-16.50033457503337
139.5332558300977,-553.5415600242817,-16.426276578941565
139.5369794429753,-553.4102018655091,-16.552394925899094
139.53907232636183,-553.2823432916674,-16.500735495078846
139.54080929839753,-553.1523275123064,-16.565395665105616
139.5416272734497,-553.0237294051482,-16.452278057354608
139.5422498156822,-552.89338600551,-16.641845061073493
139.54364752852788,-552.7653668757264,-16.653634287014597
139.54476795246907,-552.6370039830928,-16.53319274549972
139.5462294281555,-552.5077686101399,-16.689107425721335
139.54773832875904,-552.3801967553163,-16.66724432816517
139.55046725442628,-552.2525532927206,-16.567786520566507
139.55299070705232,-552.1271197711495,-16.625896097283572
139.55584784263277,-552.0000561812012,-16.506227896222857
139.55708663554253,-551.8673394819679,-16.599906827445317
139.55798414153008,-551.7361992428223,-16.51580798089
139.5612664033814,-551.5964874013175,-16.4960254433117
139.5641576020147,-551.4558198077535,-16.333971914872844
139.5656974687349,-551.3153225584416,-16.490081144104995
139.56489005763473,-551.1730015610815,-16.46841259555937
139.56362467415053,-551.0264341571853,-16.310038602359747
139.56228569275467,-550.8811019861707,-16.452886276287806
139.56012792395632,-550.7215326970534,-16.417956172438085
139.55866019705593,-550.5671187475386,-16.294393867574136
139.55899401953994,-550.4208457532263,-16.375693693830378
139.56091718198107,-550.2740146103181,-16.279215742308846
139.56230952743667,-550.1283405472786,-16.314561280100666
139.5615207961376,-549.9837412646651,-16.172129040114708
139.55825195588824,-549.8346899057117,-16.323141479194927
139.55494425068798,-549.6872786397066,-16.29637614049737
139.55249714874927,-549.5372056858521,-16.191981663409777
139.55190141513484,-549.3891436542158,-16.25837129078026
139.55209509450782,-549.2393229114731,-16.146983140372967
139.55285456859386,-549.0833292104061,-16.243800271269013
139.55289506687996,-548.9266821614225,-16.162839624387285
139.549914749586,-548.76581764533,-16.212007269749314
139.54513887813312,-548.605169042267,-16.083397137333566
139.5413055971313,-548.44176217972,-16.246362895314878
139.53853668532727,-548.2793098962102,-16.231550875518412
139.53725380521962,-548.11813051654,-16.161586563515083
139.53792904352386,-547.9552313799264,-16.22331676103352
139.5393987465657,-547.7938944129783,-16.10726918077418
139.53936199566735,-547.6296693390485,-16.28217065734473
139.53696936554928,-547.4667934003296,-16.279294356137505
139.53413958810455,-547.3014175242257,-16.233458663237847
139.53249640469588,-547.1378936731049,-16.290142876505982
139.532345909814,-546.9711618995301,-16.169049311996343
139.5320854263425,-546.8053402822442,-16.414369998361995
139.5318066498069,-546.6420590481063,-16.48191290694987
139.5302944017025,-546.476932557039,-16.37167803775997
139.52650363347962,-546.3141943691255,-16.616667283311088
139.52025596327,-546.1512101182932,-16.68387875108443
139.51853732397268,-545.9904946531111,-16.573312441079995
139.52185737817226,-545.8270235650083,-16.8407083675342
139.52531661918928,-545.6645084966856,-16.930326516210627
139.52669938836422,-545.5014577355128,-16.842166887109272
139.52641519712026,-545.3434845577066,-17.081005537798916
139.52539098895687,-545.1877834039914,-17.14206641071078
139.52546534392567,-545.0359795159471,-17.04043969030468
139.5265796873614,-544.8836651807784,-17.294864341864766
139.52788618005053,-544.7342345600625,-17.371511215647075
139.53003563247208,-544.5840588066209,-17.270380311651607
139.53191244018345,-544.4370983040162,-17.5110805671083
139.53370802657645,-544.2918807342827,-17.574003044787222
139.53628316481038,-544.151123289893,-17.45914774468837
139.53856692255766,-544.0134979764479,-17.66899776046141
139.54158125743075,-543.8800937603161,-17.70106999845667
139.54469883718858,-543.7494310680543,-17.567977385978203
139.54984783812233,-543.6181367721897,-17.782285844541942
139.55532989305578,-543.4843167855903,-17.818816525327904
139.55997925845233,-543.3568086562087,-17.67756942833609
139.55946440607812,-543.2356527916664,-17.83091428616253
139.55792403249458,-543.1132238190544,-17.806481366211187
139.55455601776018,-542.9931009924388,-17.665272723437468
139.55498059767183,-542.8712900307789,-17.75655289309521
139.55615765804282,-542.7521023091205,-17.670055284975174
139.55870047409152,-542.6359539052813,-17.612004422839252
139.56312472122528,-542.5232936978607,-17.486670275093832
139.5666285541724,-542.4082560748959,-17.50465891124487
139.56989847199137,-542.2943790594602,-17.344869769618132
139.5722537679535,-542.1776781941942,-17.4442999256414
139.5743926420017,-542.062891860157,-17.365952303886893
139.57727914545842,-541.9462631713385,-17.28574107174681
139.58109723341437,-541.8317442862492,-17.204459293566096
139.58463489213034,-541.7117329638271,-17.146680805563665
139.58806615162987,-541.5923299816351,-17.035315256946795
139.58855088670663,-541.4686046210136,-17.067693686126134
139.58802875622214,-541.338641989835,-16.922294337527696
139.5873126784812,-541.2080518175218,-17.051165615555373
139.5845128843946,-541.0732876416544,-17.002259115805277
139.58051483299923,-540.9391964222442,-16.92824701525549
139.57715532465085,-540.8016517581348,-16.914167680909465
139.57479441569723,-540.6637352625306,-16.778107194248506
139.5726668039944,-540.5256578796763,-16.919802220458173
139.5730818888859,-540.3791031977055,-16.883719468890064
139.5731764985556,-540.2308893891665,-16.844962855673238
139.5711505565101,-540.0832232405905,-16.814927849194696
139.56626353974175,-539.9322716536759,-16.76995419678082
139.55429959004508,-539.7811725127742,-16.77243543209135
139.5431455188251,-539.6275154933012,-16.675704892185962
139.53518850342448,-539.4759429090575,-16.803369324422256
139.53209251007343,-539.3214477997245,-16.753255978880766
139.53083586414883,-539.1669263380397,-16.80660222796093
139.52914184889602,-539.0091021333396,-16.682170699263313
139.5253311191056,-538.84999621317,-16.93242317350918
139.52032813234243,-538.6874016785489,-17.004897869977267
139.51515784777428,-538.5256023210854,-16.899594788667574
139.5141378588034,-538.3611787010263,-17.149182278660007
139.5094415465729,-538.1938913643779,-17.220991990874662
139.50407676168666,-538.0284104820882,-17.115023925311537
139.49701191476544,-537.8656443965518,-17.404201313994857
139.49340531103786,-537.7026979435826,-17.515600924900394
139.49629453875755,-537.5432613222357,-17.449222758028156
139.5037289526392,-537.3833470991614,-17.654650991813746
139.51032400320017,-537.2276596913586,-17.682301447821555
139.51172582926688,-537.0715829786321,-17.695475066826596
139.51042462890842,-536.9188766070575,-17.74709683834884
139.50983510700337,-536.7655690165535,-17.72120182988879
139.51350474954498,-536.6147304457729,-17.86774240405645
139.51797403450422,-536.4665309386104,-17.83650520044633
139.51925257367202,-536.3179287482733,-18.00235629283304
139.5137112244578,-536.1713594746751,-17.990429607441975
139.5068847078671,-536.0230146585379,-18.124645559746764
139.50441735714818,-535.8784725268337,-18.08108373427378
139.50614581970274,-535.7337084201113,-18.26848668364768
139.51403108455565,-535.5911970079031,-18.278111855243807
139.5197484527681,-535.4536198524603,-18.312352299954554
139.52207270574903,-535.321034201248,-18.282117721590904
139.51998750186343,-535.1887031801434,-18.38716748287982
139.51335228505982,-535.0587140151384,-18.31443946639096
139.51412009986714,-534.9316890672555,-18.46742421377757
139.52169982318605,-534.8078830953892,-18.442631183386396
139.53135546103118,-534.6830346036594,-18.450716116913643
139.5380018460433,-534.5605710087282,-18.381789707598145
139.54395185412423,-534.4403260976179,-18.467737496981126
139.547212186704,-534.3179684064521,-18.375907508586334
139.54947754834237,-534.1985674686606,-18.475150905277104
139.55233303064918,-534.0839129171037,-18.396616524190094
139.55649970356353,-533.9688000630824,-18.415415984803737
139.56045691080683,-533.8560504869367,-18.256437667639595
139.56267327796849,-533.7419300047824,-18.4198219654007
139.56697573322523,-533.6291583882836,-18.405428485384025
139.57204488229294,-533.5144026301284,-18.213257227589576
139.57760594222498,-533.4012927922023,-18.39238919473737
139.58318629369975,-533.2858541449058,-18.39374338410739
139.58951247181764,-533.1679061964969,-18.217319795699627
139.59713162073092,-533.0456387586872,-18.376844401307814
139.60284589146318,-532.9238356710018,-18.35859122913822
139.60152191693103,-532.8000017639218,-18.17484136346688
139.59511134542825,-532.6779317751968,-18.349543690166048
139.5902404048816,-532.5536840099825,-18.346468239087443
139.5857466661251,-532.4307677687979,-18.165615010231058
139.5875558342333,-532.3043708634048,-18.344285713715102
139.58895718665698,-532.1770274700468,-18.34517863942137
139.58738060115368,-532.047039218468,-18.16829378734986
139.58481840616994,-531.9183707170453,-18.356562239684962
139.58373997384103,-531.7901587843406,-18.367052914242283
139.58420740952505,-531.6604145128671,-18.19976581102183
139.5849773708375,-531.5334374699449,-18.36175263810683
139.58579688671475,-531.4041424351215,-18.345961687414054
139.58784665816805,-531.2719559979685,-18.17512666782705
139.59093466176475,-531.1402534874559,-18.35055517758512
139.59336506018343,-531.0097013090874,-18.348205909565415
139.59562937190012,-530.8769692725735,-18.16807886376793
139.59700692939867,-530.7456890089499,-18.373351075633508
139.5973644330136,-530.6169750858757,-18.400845509721307
139.59669150802262,-530.4859294733731,-18.250562166031326
139.59500073446588,-530.3554617272514,-18.389238144371504
139.59230732664213,-530.2222895401284,-18.350136344933905
139.59068547598736,-530.0896509136887,-18.249383414807735
139.59012233642014,-529.9543298598506,-18.28943346108531
139.5906020592776,-529.8195773310764,-18.151705729585107
139.59210486522824,-529.6825883210576,-18.277330738885553
139.59296958122403,-529.5446434140433,-18.225177970408215
139.59287126993468,-529.4046132107519,-18.167238505502798
139.5909390847266,-529.2653379333186,-18.127200261628047
139.58743382692447,-529.1226993338915,-18.05247586481916
139.58407447382552,-528.9793687079243,-18.06393229335427
139.58079207913357,-528.8379381566627,-17.897610944111598
139.5788055368475,-528.6901275215158,-18.130322534667695
139.57710641808845,-528.5380586208472,-18.185256347446018
139.57589961594604,-528.3873008247728,-18.062412382446556
139.5739871072019,-528.2373102493833,-18.21785914988981
139.56949487948398,-528.0820649840922,-18.19552813955529
139.56249548632104,-527.9228904912603,-18.159496540069018
139.55591554032745,-527.7643744123739,-18.1559749478277
139.55280017633297,-527.6043884671762,-18.088470539647485
139.55412159169288,-527.4467927932704,-18.163626993199514
139.5571329027941,-527.292736089874,-18.061005668973767
139.55920736550794,-527.138129320361,-18.220506982270415
139.55489962174127,-526.9860220561246,-18.202230517789282
139.55061048014542,-526.8319006629238,-18.186551095203328
139.5463860601086,-526.6795683926332,-18.170347158225766
139.55045333169082,-526.52262800588,-18.160486130687513
139.54625798484543,-526.3645411480014,-18.162541635716114
139.53677200369188,-526.2033871200987,-18.145449924653192
139.52964991851977,-526.046368515477,-18.174260933436067
139.52926545997752,-525.8873257045548,-18.110565247447077
139.53023399461605,-525.7301399945724,-18.25839353440063
139.533514464287,-525.5700661237644,-18.2284440435764
139.53433422095134,-525.4112805602871,-18.323219678945257
139.53465017625288,-525.2550109418455,-18.240217536536335
139.53527154436205,-525.0980199025399,-18.47430811650263
139.53594515779739,-524.9422977849539,-18.53062091869114
139.53292186224022,-524.783549055162,-18.48222786498752
139.5316679606436,-524.6285007626415,-18.66373613869104
139.53366221555066,-524.4754074666243,-18.667466634616776
139.53709907235537,-524.3252913856735,-18.72540923246904
139.54036490313172,-524.1736390653316,-18.679145117194057
139.542728747998,-524.0226078856675,-18.877665726354568
139.54200213211084,-523.8695822664721,-18.8984085577373
139.54066775816563,-523.7183341237321,-18.958951750917514
139.5396414770382,-523.5681916720912,-18.918325259254384
139.5386914104726,-523.4204057179824,-19.105461407579934
139.54187854332167,-523.2784693525049,-19.11481977812771
139.54749223238647,-523.1362744441739,-19.17651616292261
139.5539220602277,-522.9968679326352,-19.12308811637383
139.55919166938384,-522.85655465973,-19.317312485447815
139.5629205114727,-522.7192840455441,-19.33375907674402
139.56341172328288,-522.5823555896148,-19.355965909225702
139.56283775624712,-522.4482625478213,-19.362229099988223
139.56288024986222,-522.3136054676714,-19.394190524755114
139.56633432014277,-522.1836164805459,-19.349423479156844
139.57124291453462,-522.0537805109532,-19.456557379473036
139.57719393596184,-521.9282785897678,-19.38591350201145
139.5836794727136,-521.8019812833654,-19.50912665464916
139.59017967378537,-521.6777300171661,-19.454562029509095
139.59576902708366,-521.5497510881268,-19.531627138150572
139.5973989400248,-521.4220272157323,-19.430914469014276
139.59698000613267,-521.2923148719632,-19.59262385222524
139.5961572610448,-521.1660958539194,-19.57655545765843
139.5948547883146,-521.0409715048328,-19.499916592372085
139.59963844966808,-520.919891858058,-19.51660351822427
139.6055713035435,-520.8013431733885,-19.35551266629868
139.61370472866818,-520.6823591513222,-19.519962673868314
139.61558837044095,-520.5586656123124,-19.50663490366017
139.61496148819367,-520.4357893669134,-19.333353331451416
139.613841416801,-520.3105574868376,-19.496009234755117
139.61181730415018,-520.1874551110099,-19.48088736028104
139.61087317062766,-520.06021475871,-19.290248639679564
139.61221357171866,-519.9327280072374,-19.495617913891703
139.61604692736128,-519.8023295652846,-19.523209410326057
139.618679910634,-519.6727926741879,-19.373023128982638
139.6193927058929,-519.5418232846024,-19.493157392382606
139.61847754823862,-519.4128389599712,-19.435513878004798
139.6176604822439,-519.2822300920587,-19.342183120747084
139.6176977661864,-519.1523343082782,-19.338175320047387
139.61831605652247,-519.0201618813601,-19.156389741569914
139.61945242134135,-518.8898228003306,-19.340401925331467
139.62149757275716,-518.756619655409,-19.346636331315242
139.62369539489444,-518.6235096979924,-19.17509295952124
139.62507115992784,-518.4859968308044,-19.3619511330236
139.62420783599333,-518.3479217868845,-19.371031528748176
139.62167697265008,-518.2057922637982,-19.20233414669498
139.61720415148153,-518.0615985758739,-19.41159994276757
139.61158521887117,-517.91781436521,-19.443087961062385
139.6082827554585,-517.7727080921055,-19.29679820157942
139.6063118875872,-517.6298118068415,-19.450190872441944
139.60463536894505,-517.4855320440915,-19.42580576552669
139.60263089730273,-517.3434364535813,-19.31147788962914
139.60058934310152,-517.1987141681395,-19.400190683270413
139.5973356300483,-517.055114149549,-19.311125699133914
139.59388576025472,-516.9095142290374,-19.348960930900883
139.59003505726128,-516.7651761936778,-19.209018384890072
139.587803397626,-516.6188766762959,-19.358314208336072
139.58756995248825,-516.4722175667569,-19.329832254004295
139.58773947035866,-516.3233056905665,-19.23861522020087
139.58798716990987,-516.1744237855072,-19.29575633901285
139.58701498295918,-516.0264368617682,-19.175119680047047
139.58499131203362,-515.8752385260976,-19.31674504088292
139.58319679207736,-515.7251376177037,-19.28059262394102
139.58147362437657,-515.5727154076843,-19.245788030102094
139.58061056773417,-515.4211771643269,-19.205690758769947
139.5799318078868,-515.2719709248739,-19.186183155700668
139.57929956087185,-515.1210864638298,-19.12515748245308
139.57580916393644,-514.9703749374689,-19.164890941375543
139.57179677821782,-514.8167552286418,-19.026846622520228
139.5685583931172,-514.6639209191802,-19.252039590668588
139.56880975406168,-514.508331110882,-19.29945478103917
139.57222126708166,-514.3544030356455,-19.169092193631975
139.5708722912205,-514.1970925063137,-19.412224108150028
139.56530329190647,-514.0392947914687,-19.477578244890307
139.5622566025588,-513.8781487625768,-19.365154603852808
139.5638679281195,-513.717396481064,-19.601779414135304
139.56638794003175,-513.5539229814755,-19.660626446640027
139.56576673793373,-513.3918213058214,-19.54634519735186
139.5595945723524,-513.2280327743413,-19.828942256896937
139.55157866265156,-513.070741197477,-19.933761538664236
139.54741645262033,-512.9182144917402,-19.86080304265376
139.55271351173238,-512.7649522511548,-20.038447378321255
139.56393731094346,-512.6120852999104,-20.038313936210972
139.57495483080783,-512.4626999587297,-20.060014442186926
139.57837706785364,-512.3151435310806,-20.03745946237316
139.57776579874223,-512.1674239108867,-20.115576062407886
139.57635652200452,-512.0230009978932,-20.015914884664838
139.57932857567735,-511.8782532188803,-20.248662097921773
139.5819008484467,-511.7359079906315,-20.30363153340093
139.5818908038227,-511.5930295157818,-20.191059308680117
139.5797199941324,-511.4553528854764,-20.430646380843683
139.57714790516667,-511.3164080250443,-20.49245567522947
139.57617658561117,-511.18082295660184,-20.37648719183748
139.57841567870472,-511.0474292786418,-20.60621625529986
139.58496456500407,-510.9121043666426,-20.65816754098446
139.59063782578392,-510.7756884954728,-20.532341048891283
139.59400016397316,-510.64427101374787,-20.739633287051827
139.59438671994562,-510.5181791474297,-20.769147747434594
139.59170684401198,-510.3935448218472,-20.620884430039585
139.59338335104377,-510.2722030259312,-20.807095728308607
139.59919440212417,-510.1485699303794,-20.81552924879985
139.60492838262115,-510.0282849122594,-20.64618499151332
139.61015473238993,-509.9069313409945,-20.813030001988135
139.61438389237193,-509.7875006432253,-20.802097234685174
139.6195854663435,-509.6675237567457,-20.613386689604432
139.62449687850534,-509.5483244149096,-20.780674333226504
139.6292804071101,-509.4309758615305,-20.770184199070798
139.63397032659657,-509.3122193119353,-20.581916287137314
139.6393961565156,-509.19101236735776,-20.74352969339098
139.64407066782897,-509.07144984255115,-20.727365321866863
139.64770710014918,-508.9547344242736,-20.533423172564973
139.6502610874111,-508.83680126880637,-20.707519901029134
139.6533853733981,-508.7207107263345,-20.70383885171552
139.6565792848405,-508.60278377195465,-20.522380024624127
139.6597416968557,-508.4861667185444,-20.66478304422519
139.6620297213479,-508.36761242119877,-20.629408286048474
139.6628783275427,-508.2495372250727,-20.454656754037245
139.6630163143455,-508.12733314086887,-20.59170461335084
139.66054443701316,-508.0005461815803,-20.550974694886655
139.6584070757758,-507.8742369506958,-20.402102293285637
139.65636701578399,-507.74981966344245,-20.491143354585653
139.65560920800556,-507.6236924774452,-20.40240663810789
139.6559399617138,-507.4986082316778,-20.359149192136744
139.6544286125555,-507.3683773276739,-20.2365193066066
139.6525703375675,-507.234702598213,-20.286628610328474
139.64984777288007,-507.09773714425756,-20.15896013627257
139.64658040450607,-506.95492727630386,-20.249293534751114
139.6428381001894,-506.8121618214503,-20.16184915545188
139.63905403256783,-506.6663494690191,-20.172620389910193
139.636138541247,-506.5211819571959,-20.005613846590727
139.6342595632851,-506.37657068477347,-20.205993219671328
139.6326146112371,-506.22781268721684,-20.22859481497415
139.6306291925788,-506.07402634726526,-20.073418632499198
139.627370139886,-505.92101263344733,-20.26139894505521
139.62102626691353,-505.76951008434156,-20.271601479833436
139.61292365385626,-505.61964669332104,-20.11031999221022
139.61074808550106,-505.4667474132565,-20.325852509425747
139.61225464528067,-505.31500485625514,-20.3636072488635
139.6144762040593,-505.1609762046771,-20.22358421052347
139.6163985004684,-505.0095005194507,-20.39381587264931
139.61658916063243,-504.85642308168457,-20.38626975699737
139.61602011526958,-504.7047917280808,-20.266030678098303
139.6148965552243,-504.55093057056087,-20.40454634056514
139.6144994050965,-504.397174366498,-20.365284225254197
139.61219985197624,-504.24135924136203,-20.33508985671605
139.60790807856853,-504.08652881379123,-20.28825595638887
139.60533401076955,-503.93146802514775,-20.276168048219777
139.60437209305658,-503.7789771399505,-20.190478423969555
139.60498006374607,-503.6287583280319,-20.269081997320043
139.6050702543107,-503.47563526498294,-20.16990779289275
139.60423427280676,-503.3245197686047,-20.28338633152168
139.60199294640384,-503.17127765039794,-20.219087092372828
139.59908998321885,-503.01897187350664,-20.26669012961141
139.59609597926496,-502.86270482481643,-20.136515389072212
139.5935387929913,-502.7070484309034,-20.352110840480666
139.59192667245847,-502.5494612811037,-20.389928514111347
139.59545804856586,-502.3870056640348,-20.249968409964247
139.59832345554105,-502.22547794451043,-20.505478861310085
139.59895980512394,-502.0625753098393,-20.58321153487815
139.59708795958986,-501.90253408516526,-20.483166430668437
139.59309665239113,-501.746978617686,-20.664550637707585
139.58873821811736,-501.59412375718324,-20.66815706696896
139.58436834504937,-501.4335740649807,-20.626715367038383
139.5821134446395,-501.27335989094945,-20.69896941799676
139.58031360845598,-501.1112247554721,-20.59344569117736
139.57945171612124,-500.95674290518787,-20.812827756846705
139.580434115025,-500.80295056492406,-20.854432044738274
139.58094828916987,-500.6514833955037,-20.739362700265715
139.5809508389973,-500.50386390443924,-20.976515258105344
139.58167413880815,-500.35607520403005,-21.035890038167196
139.58211885724063,-500.20789765660214,-20.917487040451274
139.58250153451303,-500.0570741982228,-21.192109813204084
139.58245569436554,-499.9082754912834,-21.28895480817912
139.5815034693495,-499.763226427353,-21.20802202537638
139.58202795455998,-499.6204088787113,-21.3852286364313
139.58366165580392,-499.480888371597,-21.384657469708444
139.58508329872572,-499.34442045333384,-21.37100559205428
139.58726364439485,-499.20746570767835,-21.37392932289344
139.5891540545862,-499.07096228626045,-21.326778537269522
139.5909595918481,-498.93649051168353,-21.384640754531027
139.5935438091053,-498.8084317761577,-21.264725194014755
139.59583634238282,-498.680438706014,-21.442755960483886
139.59680593394665,-498.55550755927766,-21.443008949175244
139.59708470297664,-498.4282900401986,-21.324749618498704
139.59763378722917,-498.29692945136674,-21.465353568209316
139.599461125328,-498.1666084880699,-21.428179740142152
139.6019287920542,-498.0399862369137,-21.357536561889916
139.604900095468,-497.91327702242427,-21.338454131822612
139.6075192010152,-497.7899898352076,-21.181986411304017
139.60961995082133,-497.66528269344144,-21.301934507556034
139.61158715214864,-497.5420651734483,-21.24410482603027
139.61226766580575,-497.4162224492052,-21.16293474760917
139.6118580524013,-497.29000711396804,-21.13640385346893
139.61205935030847,-497.1604260968554,-20.98919670946635
139.61402263424105,-497.0332433178333,-21.097136337383134
139.61631039311837,-496.9040823415087,-21.027298187522142
139.61616473219172,-496.7730862373869,-20.98664416166077
139.61512379225965,-496.6423577189643,-20.89024621855579
139.61391860100557,-496.50804685661024,-20.920715293386742
139.61187636665153,-496.3745208355122,-20.77340659043991
139.6092851021217,-496.23796459718767,-20.91493924803405
139.60703155176333,-496.1027444485851,-20.87869412785041
139.60569892806657,-495.9629910933737,-20.791868414476642
139.60456944257248,-495.8243187001147,-20.814909872787815
139.6039073151793,-495.67947383995033,-20.660173553321208
139.60334807632924,-495.53545450219383,-20.856117011703294
139.6003515910292,-495.3899632106115,-20.874282692307606
139.59608893978566,-495.2415694044109,-20.714670595134134
139.5916336797267,-495.0934771405304,-20.950988053360213
139.5872032616032,-494.9432847195336,-21.00952773380851
139.58366215559127,-494.7931710037676,-20.890289636479032
139.58034927439826,-494.64479909078324,-21.06651282838166
139.5775398213682,-494.49461905000646,-21.064958242506513
139.57487101063606,-494.3458026109178,-20.99030544254295
139.57309139589393,-494.19592828152275,-21.07742729135168
139.57233626375944,-494.0475650311956,-20.98677136238263
139.57179676780353,-493.9016140517977,-21.125588628336757
139.5671978496925,-493.75395460718164,-21.08662811651311
139.56226489843021,-493.6080535149564,-21.113162575858468
139.55733529806673,-493.4603124642988,-21.000327031965348
139.5586400333104,-493.3143046280085,-21.1880173174191
139.5619944127743,-493.16645332381887,-21.197929825095066
139.5620132365743,-493.0199254334868,-21.137230574874604
139.56136468152525,-492.87189017814427,-21.230955947581844
139.56182387460044,-492.7213921734312,-21.14690354251131
139.56373186433225,-492.5729509237999,-21.29533741144426
139.56590247754144,-492.4270321896242,-21.265993502599436
139.56645030005825,-492.288368802759,-21.300687702058053
139.56543377318297,-492.1535392535246,-21.1978075743602
139.56411883370043,-492.0256607142944,-21.400900477517695
139.5631735797246,-491.9009910940674,-21.426215602897415
139.5619050397956,-491.783003003351,-21.348257438173146
139.55894543968824,-491.6688470491602,-21.49986993389987
139.5540452751912,-491.56339574028965,-21.47370465184881
139.55252624460022,-491.4620046679872,-21.488849072361134
139.55663660033656,-491.36631476047097,-21.41689170278958
139.56386948605683,-491.2714886757079,-21.53986778251367
139.56997956562142,-491.1816311042564,-21.48506608445998
139.57249107393437,-491.0948647653724,-21.585379509066986
139.573836482101,-491.0162635720437,-21.50791515589621
139.5745170911,-490.9416417359091,-21.624281621760804
139.57505506049304,-490.87314372621603,-21.562870309847618
139.5747355175113,-490.8064357868381,-21.652419284945513
139.57589346111033,-490.744481707772,-21.564190482265634
139.577741100161,-490.68599863655953,-21.698204959272484
139.57970040076884,-490.6353544150417,-21.654441658501554
139.58124350141279,-490.58740890350214,-21.67375309797538
139.58227074907705,-490.5433125812334,-21.549149531132972
139.5835908830675,-490.5018416889578,-21.736008400408494
139.5845401524175,-490.4673914687043,-21.745089491906235
139.58334663700867,-490.4323784526544,-21.62190042394453
139.58174153908945,-490.40201750700686,-21.78361504012694
139.5817196193941,-490.37219922,-21.76755187853157
139.58160398042367,-490.3484086581366,-21.693625056263606
139.580649908908,-490.3277993292927,-21.73856059858646
139.5791310532337,-490.31443402417415,-21.60571836313153
139.57752084223065,-490.30107027480676,-21.753514747799038
139.57673659427388,-490.2792977876917,-21.723533354688765
139.57695002600843,-490.25141009506615,-21.618753219531367
139.57653862487433,-490.2247439863002,-21.66961938354431
139.5772418859826,-490.21549077896424,-21.542707769779476
139.5777456331592,-490.21207041975197,-21.640776964506554
139.5786147575896,-490.2094563863843,-21.561068381455858
139.58077659658997,-490.21089679554905,-21.568922197500726
139.5815217879052,-490.21312760740096,-21.398998235767813
139.57909660696248,-490.216304328244,-21.59451486269133
139.57483984303047,-490.21962505085554,-21.61225371183707
139.5723324142543,-490.22309979021026,-21.452214783205033
139.57226384705191,-490.23286880328726,-21.641022203973293
139.57268402734223,-490.2441684007005,-21.652051846963776
139.57442975901142,-490.2576596318178,-21.48530371217648
139.57559443943936,-490.2748462032778,-21.67383351981964
139.57539256749735,-490.2859745226789,-21.68458554968502
139.57286514503787,-490.29303958890335,-21.517559801772627
139.56908722470544,-490.29755241243953,-21.707640447179898
139.56675737966535,-490.30616793839226,-21.71994331480939
139.56598228525763,-490.3195756951258,-21.554468404661108
139.56552916454132,-490.33375120991974,-21.736436762542887
139.56596821628014,-490.3435462245598,-21.74062734264689
139.5665794582186,-490.35232583229424,-21.567040144973113
139.56680577831162,-490.376100159782,-21.780956868744305
139.56695189526093,-490.4025353074517,-21.817095814737723
139.56461411569595,-490.4254413192798,-21.675456982953364
139.5630465830264,-490.4388890628825,-21.790414590656738
139.56412117131168,-490.4483783404866,-21.727594420582328
139.56611956742117,-490.4702156329428,-21.659283950301578
139.56745297012864,-490.4978972868769,-21.59882138491923
139.56781129909498,-490.5281638962505,-21.516392984315953
139.5667375170789,-490.5490983716009,-21.482759465643156
139.564158806655,-490.5565762409417,-21.35211818450109
139.56337089665337,-490.5657595482721,-21.433953891902526
139.5629523525673,-490.57942000282964,-21.338011821526184
139.5634349676247,-490.6070580492566,-21.364187309687473
139.56409095065217,-490.6354594285082,-21.212585020070982
139.5643616110706,-490.6611526547088,-21.38377156833837
139.56249624646352,-490.6848828355266,-21.377180338827984
139.55858753981462,-490.70706335580724,-21.23310326597306
139.55350264414082,-490.7320673765809,-21.396665537365
139.5478441625116,-490.75359515138,-21.382450030979157
139.54379588431894,-490.78084505974255,-21.254676322805782
139.54135922232567,-490.80762339612113,-21.372030214120542
139.53763687165394,-490.8164901262077,-21.31160632765752
139.53412099001162,-490.82369643043023,-21.28643114454283
139.53151773915855,-490.8357908264865,-21.193579747395145
139.52913403847543,-490.8550054983879,-21.248675932231166
139.52600681601385,-490.87618872790233,-21.125994339289413
139.52277536524932,-490.902959507453,-21.241546465983493
139.52039036056843,-490.9312866125906,-21.179320814899803
139.51985300961528,-490.9525603306837,-21.15246898061726
139.51969283173236,-490.95468614515494,-21.053435282705518
139.51919969988225,-490.95909436731824,-21.123072618111355
139.51782387955836,-490.9812652651936,-21.01493217573941
139.51588042209542,-491.0074929343305,-21.114005237846573
139.5138510774886,-491.0341589419809,-21.03530052217596
139.5110120839096,-491.044736034114,-21.07999436331798
139.50681775955601,-491.0535840245001,-20.946910426682216
139.5032351327716,-491.06441724534005,-21.109866820614222
139.50064713174865,-491.08467388424117,-21.095045436768448
139.49829486300362,-491.09997422344566,-20.99551239234026
139.49684452853637,-491.11464703121993,-21.08283424563783
139.49518454123705,-491.1265287638865,-20.992378321157627
139.49021912096848,-491.1337615191113,-21.06023895501408
139.4854845667499,-491.14119005744016,-20.950321811092746
139.48127418829017,-491.1542836576225,-21.07278663883078
139.47887297036476,-491.1750476056396,-21.017473688791036
139.4776890685345,-491.19623253596296,-21.018907601100693
139.47840991208264,-491.21450525484966,-20.87624579401945
139.4795014527093,-491.2319356527804,-21.050143725153738
139.48188538639607,-491.24297990974935,-21.046263878510253
139.4820281160825,-491.24890453131576,-20.899368430014814
139.48007613059104,-491.26085340896157,-21.08404810559367
139.47855429696878,-491.2746567537857,-21.09095000339475
139.47796324868744,-491.30641423336345,-20.956115694899044
139.47756676349428,-491.34270998907135,-21.140637040256262
139.47721482981927,-491.3793971937019,-21.14738060783571
139.47358792283796,-491.41417602565105,-21.033629203605372
139.47059138165022,-491.4448021063428,-21.179348604023225
139.46899553109589,-491.4749816214134,-21.147290226663298
139.46770251520942,-491.507680825812,-21.10486221241069
139.46648845581583,-491.54123669050256,-21.081506243766423
139.46654123212107,-491.5716208705092,-21.011040485894924
139.46766795830305,-491.5990630274635,-21.038124886545557
139.4698147832436,-491.6124224913528,-20.887431509418413
139.47049242864782,-491.62253897092046,-21.075543605764796
139.46963282274345,-491.6249011970255,-21.0858779243334
139.46765665875023,-491.6319936430001,-20.927288201260243
139.46836173302714,-491.65385304038364,-21.148341325354522
139.4708268050128,-491.68531671661947,-21.191616671671024
139.4731963732942,-491.720881320786,-21.057114240209746
139.47345980697474,-491.7506180806127,-21.224762878313445
139.472064489345,-491.77934768209843,-21.214633738639364
139.47117859930393,-491.8095152531392,-21.12045064592234
139.4724623052167,-491.8552729237473,-21.202744649899795
139.47375100650285,-491.90063206073137,-21.107260876099474
139.47461171200092,-491.94830460548684,-21.172712911793514
139.47660657719655,-491.9941244889378,-21.060387169709777
139.48044434736,-492.02967595734106,-21.14084211340511
139.4845961168969,-492.0626681218508,-21.043519279322666
139.48628586114177,-492.09403209257545,-21.084953958748486
139.48376139063225,-492.12544213695946,-20.94861086039653
139.48042998075246,-492.16068134211076,-21.085287454548613
139.47862722971692,-492.200281199609,-21.04418627092291
139.47962162735385,-492.24118021182545,-20.97556105267723
139.48033997884775,-492.28134849125627,-20.96278826615107
139.47934846011404,-492.32424645304474,-20.827610174286395
139.47802906893455,-492.3670802469593,-20.961723754166453
139.47789664571826,-492.4164244600078,-20.918059556268734
139.47841416611368,-492.46981786140867,-20.85084256942149
139.479464981608,-492.5212137276601,-20.830275140485423
139.47855240007956,-492.57820267900604,-20.723055928589215
139.47356234030607,-492.64287040450733,-20.815401839205325
139.46864908795592,-492.71282972163254,-20.72996997204366
139.46382107445717,-492.78285238012785,-20.778633324243767
139.45866810714296,-492.85411227353194,-20.649518898666102
139.4539341023785,-492.92624347321157,-20.806543434936973
139.4489405515251,-492.9981044015286,-20.785790193430067
139.44396611084386,-493.0688892534816,-20.697877902523043
139.44029823979784,-493.14230995004505,-20.758204764740718
139.43694384795597,-493.21767049895726,-20.640753849180616
139.43369985886108,-493.2994796683102,-20.788662307857283
139.43134719816052,-493.387319053565,-20.758792988756177
139.43002759653547,-493.47675432185434,-20.732861046334172
139.42811204105973,-493.56564568737934,-20.699225452995915
139.41993920493618,-493.65783959515284,-20.672689358340083
139.40857781524127,-493.7448796980211,-20.63431356658291
139.39879363237443,-493.82801202511195,-20.6295250195598
139.39398493258506,-493.9146755817287,-20.55368400078842
139.3947606086971,-494.0016323914454,-20.642634508752124
139.39787412815136,-494.09126891048834,-20.553807238938052
139.3977131573307,-494.1819763186812,-20.669018521417897
139.3956658000401,-494.2720167326765,-20.60645202611996
139.39327028342586,-494.36064317305545,-20.669568182442088
139.39042853784983,-494.45444990933686,-20.554906560986435
139.389182406863,-494.5475496756605,-20.754288172633313
139.38827312154578,-494.64345062909376,-20.775892006502414
139.3849783596426,-494.73854789527786,-20.680697083101503
139.38084269459148,-494.835170151782,-20.852348847916836
139.3798847783693,-494.93621833425766,-20.846222834954396
139.38080981338805,-495.03589501666573,-20.8210237968051
139.3820982826014,-495.13306021957715,-20.84156461406688
139.3809753359804,-495.22974211037,-20.749275793868748
139.37897363254447,-495.3259425296257,-20.90194106497131
139.3776477575278,-495.419450026389,-20.876828558296097
139.37729723841738,-495.5114997209221,-20.875633761870453
139.37714677564892,-495.6062153704646,-20.820429069562422
139.3786829085082,-495.70011714399334,-20.882655214862307
139.3817665132702,-495.7971962059846,-20.76710358238442
139.38511575670051,-495.8927104901201,-20.953670596058004
139.38723849418017,-495.99000228219904,-20.96245983195381
139.38620929598108,-496.0833983148237,-20.860943957427477
139.38456434813176,-496.1746868964268,-20.99929825916319
139.38158586738848,-496.266884994665,-20.959874783121126
139.3783830406814,-496.3587732899443,-20.94756714152478
139.37641467387252,-496.4556056577655,-20.875620664147856
139.37595319359343,-496.5532781130861,-20.9353692254882
139.37662098722876,-496.65072146654205,-20.817340009050767
139.3770944714708,-496.7459135830425,-20.955011040768674
139.3758796931694,-496.83906338649507,-20.91490429470881
139.37434453920625,-496.92884259680005,-20.847342513818294
139.37317781007823,-497.0188894952622,-20.82563034288853
139.37210135939821,-497.1085288199111,-20.69789845226735
139.3714689405952,-497.2000882038467,-20.80860034496729
139.37216632256838,-497.29868142173484,-20.741524459889447
139.37353219081982,-497.3980969695368,-20.72205638483847
139.37295721953402,-497.4954452955306,-20.591740549950618
139.37076847993237,-497.59608011208195,-20.69541885337056
139.36376900429744,-497.69143786490946,-20.621319379012718
139.35549448510935,-497.78701156139635,-20.592390844822184
139.35078219481684,-497.8820887318207,-20.474897264485808
139.35219159176538,-497.9806281661643,-20.571984741225837
139.35316083696108,-498.08559104800327,-20.491294440188085
139.35320693365233,-498.19157425835516,-20.52010625802669
139.35224641171195,-498.29420799541793,-20.371140298087518
139.35109822680175,-498.3977503802291,-20.539817587731477
139.34951639459408,-498.4995912251172,-20.530717099597652
139.3478703300961,-498.6039100255599,-20.38745995126984
139.3454134965018,-498.7101083275073,-20.554858922035475
139.34241878405493,-498.8206672650168,-20.544480115023333
139.34059108730344,-498.9313437136386,-20.428477579338935
139.33902278760038,-499.0459647105469,-20.549566891177943
139.33095444979168,-499.16384045182315,-20.492878425239173
139.32170085405514,-499.28495735365266,-20.497146472526687
139.31357381342792,-499.4062283805445,-20.365449212938596
139.31154233506706,-499.5280241556219,-20.525374117365732
139.31199086129618,-499.6432788959798,-20.507521244015095
139.31128456495912,-499.75903336197536,-20.413736587608728
139.31076979365673,-499.872832598471,-20.487021053924956
139.3119433152198,-499.9884800888142,-20.38252774246341
139.31384847193817,-500.10367024339763,-20.478469561012147
139.31587286012538,-500.2213973375195,-20.396633601783112
139.31419452552996,-500.3383681453215,-20.446998045420326
139.3126208493589,-500.45779077770413,-20.319584711279763
139.311913597156,-500.57559465312005,-20.465087290833445
139.31180035511142,-500.6901708998035,-20.43281209260935
139.31139685898535,-500.80469253634305,-20.352127573146806
139.31258371732125,-500.9183922764676,-20.380783027075516
139.3132504334532,-501.03498790767173,-20.23166070322645
139.3109271945149,-501.1539515792258,-20.411022971249952
139.30803900618304,-501.27169693107663,-20.412607461495682
139.3054895710954,-501.391381796205,-20.254774205177302
139.30386547862227,-501.51098082368486,-20.45330052463329
139.30409399732056,-501.63804216413297,-20.474049066311498
139.3051004548761,-501.76560665033287,-20.317019830211933
139.30583751947344,-501.8936779596571,-20.531677394075427
139.3056888894493,-502.02002917498476,-20.56855718016114
139.30002301212784,-502.1444100431174,-20.42765918846908
139.2945662667133,-502.2658100916864,-20.588083836858285
139.28922895472604,-502.38488739787414,-20.57073070746971
139.2913887711947,-502.50484483389755,-20.444689281013456
139.2970724070759,-502.6224526790203,-20.553535619217215
139.29803775068484,-502.7342326277211,-20.48460417964319
139.29845637317464,-502.8475239045338,-20.46404783559493
139.29917036436524,-502.95950619325424,-20.336596236945546
139.29952260808793,-503.0743096029167,-20.444314198418635
139.30061882596186,-503.18763558827453,-20.374254382113946
139.2993824702341,-503.3016836747574,-20.351009977984262
139.29769718351187,-503.41425416423533,-20.224771667069568
139.29841185689082,-503.52755568735085,-20.314778973304115
139.30041769137972,-503.63980268442066,-20.22700850176089
139.3010105640001,-503.7506512634341,-20.238497139155992
139.3004893011695,-503.86350142349033,-20.072207998773322
139.29852062476454,-503.97514691970105,-20.255967663170754
139.29546913126467,-504.0904587471964,-20.26194954979041
139.2918338066978,-504.21281585051327,-20.090153658632282
139.28895475164475,-504.3356595968583,-20.30999688584682
139.2874998970552,-504.456444671861,-20.352062335283588
139.28840568493473,-504.5789579581952,-20.21635000694257
139.29264716343602,-504.7013029200568,-20.351168862626135
139.2979061234785,-504.82269197756614,-20.308209940531928
139.29795156350863,-504.9492976542761,-20.23897130247252
139.29243454216697,-505.0722784852019,-20.222851506203217
139.2879368261878,-505.1941861751532,-20.090339946884573
139.28370693879734,-505.3141454386525,-20.21389026627448
139.2804138866341,-505.43504715178057,-20.15966280788661
139.28023148048047,-505.5531894193588,-20.105817616339927
139.2794400199718,-505.6674622189104,-20.04126050440929
139.2785380049193,-505.7836025783741,-20.00120970621224
139.27844981872775,-505.8980540091523,-19.9072450178013
139.28057898584532,-506.0148065671779,-19.937061376749806
139.28271067547013,-506.1319979809389,-19.789099957920534
139.2839912188995,-506.24883888796234,-19.94193952378938
139.28426198758325,-506.36862351184953,-19.917001311880444
139.2830931726077,-506.48852172001415,-19.813757644746765
139.28124239737997,-506.6146894260737,-19.89265691244086
139.28010288557167,-506.7419539798926,-19.79377840235718
139.2791218328374,-506.86762791849804,-19.866834680096837
139.278186424668,-506.9954630380451,-19.762113180058712
139.2756307823277,-507.1231407387469,-19.85319452458703
139.27319810673322,-507.2540573172696,-19.766498091337564
139.2720566225408,-507.3845793022398,-19.82360322226416
139.26954694440394,-507.5141562780465,-19.70293057541298
139.26638865401173,-507.6417013794758,-19.831061420707798
139.2647882257429,-507.7725212423648,-19.78141448822484
139.26516657598967,-507.90336395282907,-19.75943773968735
139.26634596762494,-508.03661702537073,-19.67801591980316
139.267668793968,-508.16763745996286,-19.723632101326164
139.26818016038905,-508.29938618745086,-19.591470505071392
139.26852196205886,-508.4310459249493,-19.760973750165224
139.26800187848798,-508.5620438148498,-19.75269921748128
139.2660848146131,-508.69490225412994,-19.654389767163735
139.2630942862525,-508.82501481659403,-19.751826113417884
139.2599315969537,-508.9561766028066,-19.671484681894253
139.2588327892706,-509.090596599476,-19.743061075690683
139.25980682984212,-509.2304800427285,-19.636859691709336
139.2583051425987,-509.3616853885492,-19.75032495869052
139.25468522267747,-509.49355574996525,-19.686012447893926
139.25069313952625,-509.6236836249157,-19.713941216090873
139.24832784446718,-509.75587896168497,-19.564092206510043
139.24837665788965,-509.8908743460283,-19.7811797609212
139.24849515432857,-510.02369202775355,-19.820489537554582
139.24821523542147,-510.15213720637064,-19.682021536410186
139.24991472562516,-510.2821477751591,-19.85814696115008
139.25198592712368,-510.41062238278136,-19.856494608112197
139.25328068045982,-510.53901060375085,-19.732604095906648
139.25440172989386,-510.6698222482471,-19.875776556092195
139.2530063169555,-510.7951621451714,-19.84117123849996
139.25194879074888,-510.9194348584917,-19.763516270536208
139.2546734378169,-511.04213736761284,-19.78152626672313
139.25770332455937,-511.1682758446534,-19.62175848513228
139.26075116751412,-511.29330754582656,-19.817165115743265
139.26170592127818,-511.41814944096507,-19.834793968576474
139.26222847848393,-511.5411778457214,-19.674645043631905
139.26265716445332,-511.66267337064477,-19.838785656287733
139.2630609793083,-511.78213438324707,-19.825148491165788
139.2626309656847,-511.90235704787256,-19.68905532110074
139.26204030211468,-512.0289742094502,-19.835992739688283
139.2626596868817,-512.1583459374538,-19.80515238049805
139.2631016056217,-512.2919237363886,-19.714423392938787
139.2639124127564,-512.4273087541471,-19.74511232112472
139.26355168831304,-512.5559777398622,-19.598023471532873
139.26255112119057,-512.6781971158161,-19.73954249619049
139.26225814915358,-512.801246116471,-19.70328374307033
139.26252330729156,-512.921891456279,-19.600976555490238
139.26289632032658,-513.0437891079737,-19.638805434833106
139.2632855992667,-513.1629751221104,-19.498856536398193
139.2644939283096,-513.2841903854234,-19.620437268510557
139.26667021558222,-513.4049053259379,-19.564240222845136
139.26818780952624,-513.5280700338498,-19.501096834420167
139.2687307479129,-513.6487445749508,-19.458405888955095
139.26701592228656,-513.7663870447718,-19.365079035644925
139.2648739324888,-513.8860166296549,-19.383621224038414
139.2659640848227,-514.0067991278988,-19.224385634654123
139.2668638278609,-514.1319984132842,-19.403438509077336
139.2660682482501,-514.2591679995949,-19.404713605722772
139.2645342523528,-514.3908270119739,-19.24427034865837
139.26287439002877,-514.5215114258351,-19.43866773642228
139.26162362801688,-514.6548178527734,-19.455287346408404
139.26088314134938,-514.7879812131439,-19.294129178616753
139.26066590778336,-514.9251278590756,-19.499500258869496
139.260145747715,-515.0670246320441,-19.527093561344458
139.26080617795606,-515.2094906763155,-19.376909086041646
139.2612826668067,-515.3516835022178,-19.558176442818947
139.2592498128711,-515.4915611642558,-19.56166602181847
139.25633333541205,-515.627757977883,-19.40011161468619
139.2545136120388,-515.7635002671452,-19.60165397704388
139.25499423110404,-515.8976317611985,-19.625418561623796
139.25674941651917,-516.0338001149611,-19.471405368425934
139.25873455256726,-516.1676196685231,-19.651656615683454
139.25950544569594,-516.2974289172832,-19.654130085163196
139.26084385976066,-516.423532151323,-19.47882577686516
139.2622767427903,-516.5509584919788,-19.67254787734306
139.26329747416546,-516.6747891682242,-19.688492200043182
139.26381059147457,-516.7995866753031,-19.526658744965527
139.26585755496876,-516.920756428448,-19.681344079469703
139.26859284199693,-517.0429244387615,-19.658251636196102
139.27142689187195,-517.1627350443619,-19.503479900286912
139.2730083878292,-517.2829995292956,-19.62806163039824
139.27349554728266,-517.4038630285324,-19.57486558273179
139.2737569109453,-517.5231273830852,-19.472220443153535
139.27314628716664,-517.6434139267699,-19.47836330578125
139.27236995032675,-517.7613763885483,-19.306728390631182
139.271160845443,-517.8810523456003,-19.459478270627994
139.27070371644217,-517.9989600547623,-19.434450372847028
139.26999281734152,-518.1207412047048,-19.275475836854042
139.2684199414525,-518.2415650442266,-19.415414304927495
139.26669703999627,-518.3639279270575,-19.37757499522317
139.26455797024732,-518.4844476797724,-19.245845476572686
139.2623660891651,-518.6020669699809,-19.315503928714865
139.26101615256945,-518.7212893600051,-19.207384603079266
139.26067513730266,-518.8391367626677,-19.220400186144246
139.26095320074097,-518.9613477825759,-19.05563799143145
139.2613511252403,-519.0826934136498,-19.207839264244043
139.26176736258122,-519.2080441624262,-19.18226275927886
139.2609475648927,-519.3352807240938,-19.043763070202267
139.2594815528765,-519.4673977505736,-19.162625586170776
139.25872848127682,-519.6041069834171,-19.10371032436151
139.25853937477874,-519.739790348444,-19.051247455897457
139.25887819526002,-519.8729299320494,-18.97941883318505
139.25849467124593,-520.0087534408481,-18.95583540315234
139.2592059106743,-520.1415429114492,-18.82047201589097
139.26012598738592,-520.2740574574956,-18.9263240900882
139.25984096824095,-520.4066785895317,-18.854398386507654
139.25890831686365,-520.5425210937768,-18.8357289788293
139.25827007008172,-520.67748477907,-18.699425675721677
139.25811044817306,-520.8195336614931,-18.837424498114007
139.2580488214173,-520.9609793325699,-18.79764554272856
139.25800767016153,-521.1086553562777,-18.74256297790988
139.25797119926807,-521.2554771692857,-18.719268176066528
139.2562935164776,-521.4043066743686,-18.62604029567746
139.2539007850185,-521.5501925871276,-18.676324210311183
139.25139907378417,-521.6952247373293,-18.54883034716713
139.2493218131546,-521.8376127888833,-18.666038623861827
139.24900165257495,-521.9782665017523,-18.605469122778743
139.25027124317796,-522.12288760519,-18.595655714050416
139.2530727276178,-522.2674737977151,-18.483109746586067
139.253674969713,-522.4199966710971,-18.60740563056319
139.25259679811833,-522.5778416664514,-18.55392373676253
139.2511978777817,-522.735325735155,-18.559593858679534
139.24811025900814,-522.8900871784404,-18.439378434906573
139.24555192445868,-523.0463697116708,-18.590023033873756
139.24272516528978,-523.1978680001954,-18.56288985506316
139.24111692399413,-523.3446174641199,-18.520542315113133
139.24141970348265,-523.4930056151929,-18.51027508078096
139.2437430475975,-523.6412484277694,-18.432270640756183
139.24643746152128,-523.7916204970899,-18.50565747547736
139.2479357688533,-523.9394620149955,-18.40126653242076
139.24752910116268,-524.0885507876967,-18.537442518256395
139.2455152221858,-524.2349508599231,-18.495840726314253
139.24526187611932,-524.3834066132496,-18.499089468586963
139.24618735089012,-524.5301621320821,-18.40650650225366
139.24774609418716,-524.6783481921924,-18.52712271707582
139.2494093223959,-524.8247128254811,-18.469961154120202
139.2510697927858,-524.96781198751,-18.51174859262256
139.25188476269972,-525.1116699783157,-18.37575825334714
139.25251904183523,-525.2536337545631,-18.58865717753084
139.25187438417845,-525.3927907586367,-18.623778323936765
139.25098310762766,-525.5332650642175,-18.481121692564912
139.2496445165646,-525.6703658621982,-18.71203437047188
139.24905683367192,-525.8086998584209,-18.76516927060107
139.24945080168115,-525.9444935219014,-18.640526392952484
139.2492123856591,-526.0767918311751,-18.801317434890485
139.24556377252532,-526.2056899380975,-18.78433069905071
139.24005301135597,-526.3347041203625,-18.68387538456488
139.2363015291828,-526.4602675382149,-18.754379654211476
139.2354210349998,-526.5859843456865,-18.64710614608029
139.23759303877654,-526.7087154142645,-18.69927710841334
139.24034465142483,-526.8291038265328,-18.573670292968615
139.24235171846757,-526.9495301834537,-18.64912706472479
139.24335999810236,-527.0682513988954,-18.546806058703186
139.24538618027853,-527.1888008843107,-18.575734494172934
139.24923157059428,-527.308821097706,-18.426885151864905
139.2513310014312,-527.4317040581066,-18.553945171609236
139.25181760402268,-527.5521834546937,-18.50322741357579
139.25115338706155,-527.6712882093221,-18.413458214582707
139.25026845283108,-527.792280101271,-18.415242719034154
139.25099640532252,-527.9119286471094,-18.23924944570782
139.2520365820562,-528.0334646332961,-18.430256869247973
139.2531244100137,-528.1536495957489,-18.44348651501035
139.25461696355165,-528.2730835006556,-18.278938382994948
139.25575856811096,-528.3941156896277,-18.4452365400955
139.25516930227636,-528.5174315220587,-18.433756919418276
139.2534209096993,-528.647402258009,-18.291977062685948
139.25310822446815,-528.7764466130852,-18.425576658608183
139.25308712778505,-528.9077370611589,-18.381398476752633
139.25435842663106,-529.033104597015,-18.29087349905706
139.25587012388817,-529.1546867676955,-18.30325156109844
139.25576395668875,-529.2809151411357,-18.13785184536204
139.25615883764263,-529.4062775071498,-18.319654775537675
139.25829097880916,-529.5335415180288,-18.32367992793553
139.25909758156607,-529.6573278808372,-18.149927302555607
139.25839382717962,-529.7786581968716,-18.340705745058106
139.25698734364912,-529.9028579390564,-18.353706409782824
139.25587098427778,-530.0266829479157,-18.18892929672976
139.2560623046271,-530.1553954988728,-18.379703478779827
139.25568932880893,-530.2828460908581,-18.392699883052117
139.25397679830226,-530.4065943270742,-18.227918509546626
139.2540758239584,-530.5308803394436,-18.403190597925374
139.25535708581558,-530.65309561709,-18.400684908526337
139.25685657252208,-530.7770163527318,-18.220401441349527
139.25755704483194,-530.898696196177,-18.420847291360733
139.25726464087853,-531.0208266367426,-18.443515363594162
139.25595648697313,-531.1396728971333,-18.288405658049815
139.2556957879329,-531.2604387302301,-18.429238476914048
139.2572927320298,-531.3827366971308,-18.392293518000503
139.25882782599365,-531.5074595197074,-18.27739464983252
139.25950738415006,-531.6280259221647,-18.323657315357636
139.2608275036512,-531.7458098739854,-18.192142203104975
139.2622569603884,-531.8613621861418,-18.257098561171937
139.2640986211881,-531.9740052041482,-18.144277141461124
139.26640719695783,-532.0887309959572,-18.168577420380473
139.26877632264393,-532.2026505757099,-18.01509992152204
139.27071319741466,-532.319466056806,-18.1283735301217
139.27212540867222,-532.436427786884,-18.063869360943585
139.2725912691115,-532.5560219777085,-17.99127257757988
139.272448789372,-532.6748506544127,-17.94117998986891
139.27177600130858,-532.7993793315575,-17.851445193944155
139.27141738678839,-532.9253231564933,-17.85315401164528
139.27194981838338,-533.0548450321437,-17.67708505156863
139.27306355350757,-533.1836493179278,-17.863088497070596
139.2742777095492,-533.3102417581187,-17.871314164794786
139.27549468177727,-533.4345914033748,-17.701762054741195
139.27587357585983,-533.5638564058003,-17.889409941303537
139.27649013226412,-533.6996367107363,-17.8992800500881
139.27755611899724,-533.8394645340597,-17.731372381094886
139.27869683109589,-533.9777043097956,-17.932794141768845
139.27654915369558,-534.1175181769814,-17.956438124665027
139.27336367647408,-534.2536103985682,-17.802304329783432
139.27165861051992,-534.3882512016615,-17.96919316741183
139.27109520997948,-534.52741038519,-17.958304227262452
139.2715912664406,-534.667950980862,-17.824152162257747
139.2727028259434,-534.807759281602,-17.95037186082365
139.27392167720834,-534.9454327386339,-17.89881378161178
139.27514465205215,-535.0813025377577,-17.833925466989015
139.27635105819172,-535.2169272348233,-17.80447424804798
139.27753699281425,-535.3526220268968,-17.70176186305158
139.27788063317428,-535.4894391787068,-17.754583510043663
139.27722781624112,-535.6212585140828,-17.629627379257965
139.27638499235687,-535.7520133000689,-17.712113444764274
139.2759268205776,-535.8794671081098,-17.61682173249281
139.276785873218,-536.0087147108471,-17.6349861661567
139.27830681977142,-536.1377113288404,-17.475372822042814
139.2807598472009,-536.2703182424289,-17.640215334648925
139.28254306997104,-536.4029896945876,-17.62728006947725
139.2821118593077,-536.5413302826964,-17.489172675077146
139.2804225613982,-536.6792460762977,-17.625033831646267
139.27891633827645,-536.8210194419329,-17.583117210437607
139.27664681861881,-536.9611391007749,-17.51158551042999
139.27425691726694,-537.0981156497767,-17.500510450446743
139.27228759595098,-537.2355536881137,-17.351729982409882
139.27125173210092,-537.3770351277725,-17.516708523202087
139.27124040314104,-537.5205877338872,-17.503909286216516
139.27102169783774,-537.6637413806726,-17.378660318695886
139.26953262774114,-537.8086370503936,-17.500330713907935
139.26657866257173,-537.9556781640656,-17.444223331342204
139.26419506367017,-538.0990091151334,-17.402971217431254
139.26278077142877,-538.2383311045985,-17.330447645813123
139.26363556600904,-538.379545389004,-17.33189177003967
139.26575335420853,-538.5195404181304,-17.1649664300746
139.2685042881441,-538.6619761113424,-17.36892395577554
139.27011072683317,-538.8024652964014,-17.3951037036987
139.2673551971227,-538.9452426669754,-17.243505673844084
139.26541090793262,-539.0876755076044,-17.42361405063535
139.2669436300707,-539.2335088418444,-17.42594464964884
139.2683286224262,-539.3863108673862,-17.27681093181916
139.26966437115613,-539.5383334468252,-17.46042866660001
139.270560607179,-539.6880380381359,-17.466268623603078
139.26601397197035,-539.8353205665223,-17.294330802828373
139.2620860924384,-539.9838817752537,-17.51918671964384
139.2632693827729,-540.1285378495297,-17.56626485868153
139.26751318917368,-540.2691271216362,-17.43556521994144
139.27189807576337,-540.4087133192165,-17.54525838072519
139.27419370444824,-540.5457047870816,-17.477173763731166
139.27562816594417,-540.6832672081273,-17.43971298778469
139.27810199277212,-540.8193962653764,-17.340520294866938
139.28033784268496,-540.9592065921632,-17.381838263730437
139.2820836317938,-541.0985843148766,-17.24537845481616
139.28041946863004,-541.2372941447189,-17.35787305664979
139.27727564977675,-541.370621189518,-17.29258988070565
139.2767570563204,-541.4995088037826,-17.2188870011161
139.2788242168281,-541.6240381303152,-17.155716358435328
139.28261290629032,-541.7481433822128,-17.065144394555258
139.28587068462664,-541.8695809889342,-17.035325381758078
139.28651017011254,-541.9942530651026,-16.877020365467427
139.28332801323478,-542.1198451434105,-17.016425979084637
139.27737345189323,-542.2479310236992,-16.978053814924074
139.27094909675355,-542.3789606651977,-16.870995242743987
139.27150704034958,-542.5144470818148,-16.930558234873512
139.27838506405047,-542.6552126021968,-16.812343449225256
139.28396350521305,-542.7950319448198,-16.88986948876253
139.28057335870474,-542.9332548434627,-16.789617750522023
139.2754377100793,-543.0691926165288,-16.8186942413178
139.26632644581085,-543.2061871383737,-16.6699929543358
139.26230430750564,-543.3447210878858,-16.825400319029534
139.2642887536934,-543.4879073289828,-16.80302990594549
139.26908896021175,-543.6312160463011,-16.68943628139705
139.2665760491924,-543.7788239793286,-16.786405010959168
139.25852780940002,-543.9268315537837,-16.70559596274351
139.25195274548562,-544.0728140599099,-16.734669024373513
139.25028493987807,-544.2209909122831,-16.58596430822574
139.2553769725005,-544.3695472297832,-16.769108283750843
139.2642143305272,-544.5177039726818,-16.774474481498167
139.27161995565396,-544.6679403492058,-16.6233628908985
139.2732916875322,-544.8156364017664,-16.81135114577333
139.27132708724073,-544.9629442678978,-16.82156162287038
139.2703058281639,-545.1072598959807,-16.65399432218965
139.27277665079242,-545.2540108097435,-16.873465494798364
139.27467697139576,-545.4003901009797,-16.915158889629296
139.27232772036768,-545.5458416733464,-16.779074506682452
139.2650517443613,-545.6937146129101,-16.928832415832176
139.25977034835134,-545.8430069663282,-16.900812547204122
139.25948387041723,-545.9900510446018,-16.81844985818584
139.26184311711782,-546.1337346187333,-16.850000840692733
139.2651103994589,-546.2765123700933,-16.703774045421845
139.26727904313483,-546.4150303399907,-16.862194772795576
139.26426556058988,-546.5504898758014,-16.84283772239153
139.2643687334414,-546.6817720780633,-16.6981762999471
139.26920221446943,-546.8158468000722,-16.834825029324847
139.27409168095815,-546.9493927410953,-16.79369598092481
139.2723485832378,-547.0821620503154,-16.717144865182664
139.27341220784325,-547.212240647444,-16.691729764259836
139.2803642720306,-547.340750650995,-16.55099516406784
139.28757381699916,-547.4713859046689,-16.66960399560134
139.29021143348444,-547.6014060625373,-16.610435049357065
139.2881993737275,-547.7298646923327,-16.553829842205584
139.28610732801644,-547.8592222715565,-16.49158440904995
139.2844397053202,-547.9889661106503,-16.452088450881227
139.28452512897198,-548.126122400451,-16.38228160329686
139.28290483586807,-548.2640389576047,-16.372108401315803
139.28055577691492,-548.4023665327496,-16.226044645674122
139.2768605958526,-548.5330756526463,-16.363898330308043
139.27336118849914,-548.6667167740103,-16.323974237164187
139.27118270523647,-548.8019093997194,-16.24993879763623
139.27299716744278,-548.9438504756209,-16.254709031264397
139.27517374639154,-549.0867616351479,-16.090807228393544
139.27574912623263,-549.2270147415758,-16.302684350264983
139.2759960830722,-549.3690081932034,-16.33678369435864
139.2728849541475,-549.5105586958924,-16.19310526067452
139.2703802330147,-549.6563221127553,-16.369891859224026
139.26926441614083,-549.8024923660798,-16.368900679995754
139.27008669395872,-549.9497033430939,-16.233223852075735
139.27169556276374,-550.099295464284,-16.395284784610887
139.27343886807657,-550.2480558374743,-16.37956793936826
139.27436293368203,-550.3957626024239,-16.289976465568703
139.274699342413,-550.5441961495128,-16.360108107927733
139.2749134352893,-550.6906639981374,-16.25246197250899
139.2722235756738,-550.8348262754446,-16.350131114874674
139.27351029245222,-550.9760682416552,-16.27002247946258
139.27557402453746,-551.1189840376828,-16.300096855146965
139.27981891993886,-551.2661060194636,-16.152393453053566
139.28156323171336,-551.4119768368763,-16.326984315436814
139.2778510632172,-551.5573325920122,-16.32379740004228
139.27474483839669,-551.7043758306197,-16.177401325021364
139.27385731306427,-551.8504848398613,-16.345595356734048
139.27465992798977,-551.9994134528762,-16.336011610668958
139.27455537822124,-552.1471985574827,-16.203218518678828
139.27344954911058,-552.2926531278089,-16.33631549883489
139.27462496925665,-552.4365631262787,-16.291634701213177
139.27747369994535,-552.5764801570656,-16.22148765598095
139.28061657746164,-552.7166468854336,-16.20266555549185
139.28212914119652,-552.8540505154034,-16.07139862101231
139.28370479682428,-552.994033562956,-16.192680810200635
139.28485999483945,-553.1325416240157,-16.13618522161118
139.28591467184918,-553.2730514620195,-16.09250040539687
139.2877555781404,-553.4107348488271,-16.010290912179464
139.28972754850955,-553.5497507816721,-16.018946286146644
139.29087635256013,-553.6874667749017,-15.849823882336047
139.29143351813383,-553.8229641527491,-16.049217615163805
139.29104132076844,-553.9615858448129,-16.07083357021379
139.29087727317776,-554.0988608912106,-15.914671747485995
139.29117185533,-554.2402271411485,-16.101059757487146
139.29196464048462,-554.3816295340176,-16.109669989710518
139.2928457910731,-554.5210280992188,-15.940502444156113
139.29291074949555,-554.662720674848,-16.16396419993136
139.29239910118721,-554.8044942025981,-16.209648177928827
139.291368741642,-554.9485342528225,-16.07755437814852
139.28901729385183,-555.0901594823827,-16.219453893220752
139.287256404559,-555.2288786334343,-16.183575630515207
139.2856386707245,-555.3676730075247,-16.103930030689625
139.28489390908507,-555.5020515729025,-16.11023550586146
139.28433433405021,-555.633635814719,-15.938763203255519
139.28505353251452,-555.7654173270508,-16.137686180099706
139.28683959041163,-555.8941356230881,-16.158831379166116
139.2884029518163,-556.0242683934339,-16.00219880045475
139.2894888727825,-556.1516048370188,-16.159543540286425
139.28881941700726,-556.2796092302759,-16.139110502340323
139.28821907369922,-556.4055178176525,-15.997756341377308
139.28805353554503,-556.5300343217212,-16.11678811771817
139.28838797940864,-556.6567681744039,-16.058042116281253
139.2900496631409,-556.7817341709044,-15.99533594166469
139.29195316201157,-556.9080164131074,-15.941812192487797
139.293877951926,-557.0327658903393,-15.868087107343626
139.2953689585926,-557.1554345997899,-15.838804961327464
139.29552000318148,-557.2793914229275,-15.711748349229689
139.29540090716515,-557.4018429273178,-15.799795562511463
139.29522947683773,-557.5214322798963,-15.710064998015458
139.29505001776835,-557.6430150424314,-15.715994906573334
139.29487150525733,-557.7640868654461,-15.544147037353433
139.29469572090255,-557.8849719235183,-15.73543546074833
139.2945229822232,-558.0108239299982,-15.748946106365452
139.29435330940683,-558.1420216531787,-15.584678974204792
139.29459732955425,-558.2750519298586,-15.782318398291574
139.29450995111895,-558.404508731081,-15.80218004460058
139.2927130912382,-558.5352674515947,-15.644263913131805
139.2901892237422,-558.6652446541636,-15.828870869029773
139.28919851639424,-558.7960845440405,-15.835700047149965
139.29058364224704,-558.930320581834,-15.664751447492378
139.2924242351723,-559.0616893811177,-15.877090100072401
139.29309774419048,-559.1932457097764,-15.911650974874648
139.2935282576323,-559.3229685209692,-15.76843407189912
139.29390404910097,-559.4547463486873,-15.915536147334173
139.2938528849186,-559.5846503394941,-15.884860444991451
139.29330461282996,-559.7161898172716,-15.779671434589883
139.294309161252,-559.8484042754259,-15.833241213028884
139.29560998686523,-559.9788733462508,-15.709033213690105
139.29654090061916,-560.1087768906025,-15.810085301124303
139.2953294812278,-560.2401669236954,-15.733359610780727
139.2937068242832,-560.3730238185104,-15.719139596203261
139.29449077539334,-560.502236565388,-15.56317669494035
139.29738934303202,-560.6292934569447,-15.719518188829863
139.30066960990328,-560.7583788127572,-15.6980819049416
139.30356889727003,-560.8876713141384,-15.56363532949578
139.3047063099822,-561.0198419735025,-15.682511839921032
139.30424139344936,-561.15152805953,-15.623610572568506
139.30140928988038,-561.2855110287779,-15.575817360744063
139.29814402771052,-561.4176389502182,-15.503586426757835
139.29483857310464,-561.5517833761032,-15.485118481527536
139.295680535366,-561.6840126043758,-15.348371961034193
139.29857378420417,-561.8143888663236,-15.471838306119546
139.30101303081867,-561.9484442948366,-15.417526873427121
139.30168411881436,-562.0825574350126,-15.374673536461566
139.30034758627923,-562.22026984175,-15.310843144452454
139.29821787143402,-562.3567435253482,-15.292692229094724
139.29595980940456,-562.4961147274851,-15.179216953992844
139.2945295259316,-562.6344921540106,-15.274985225883649
139.29492958442378,-562.770702790903,-15.192975719996676
139.29651135492153,-562.9100379630332,-15.219519299614683
139.29748563819552,-563.0484252753183,-15.068285101454912
139.29791390088485,-563.1893321738597,-15.252293492961963
139.29781620194348,-563.330376313762,-15.258524106691238
139.2967915890609,-563.471079274169,-15.10551080093128
139.29559616566218,-563.6147991121289,-15.302853318047635
139.29438358173746,-563.7574889767928,-15.322418057386212
139.29277414467893,-563.9026190353891,-15.164205018947014
139.29192956009845,-564.0461730608273,-15.381035303513253
139.29124995788317,-564.191228000161,-15.420087810301714
139.2910254620391,-564.3332898964699,-15.281362539312397
139.29007206918797,-564.476999414982,-15.454437246600005
139.28939712296707,-564.6198141447825,-15.449734176109835
139.28755546530735,-564.7620578851279,-15.329878620077098
139.28345154671325,-564.9068399610529,-15.464317821126897
139.27772154277451,-565.0508901367918,-15.420979244398922
139.2717478151562,-565.1937354411053,-15.383359135422694
139.26950808026143,-565.3310317490278,-15.328477152948173
139.27338922014096,-565.467894932404,-15.300309425503228
139.27679666987487,-565.600676992263,-15.205868825882106
139.27800580896118,-565.7346121492336,-15.253487389493019
139.27752431149545,-565.8660535145053,-15.123328175326153
139.27835597912772,-565.9973453997978,-15.236063157604368
139.280259784951,-566.1255116822815,-15.171020362104805
139.28194027539635,-566.2550878126303,-15.136738512203843
139.28067575801313,-566.3847403853649,-15.050290137541515
139.2813060010892,-566.5180594099867,-15.072031761798641
139.2823062328,-566.6502156321912,-14.91599560827799
139.28501068116458,-566.7790312943076,-15.080959057134534
139.28842817626094,-566.9096134661008,-15.0681447282133
139.2890632318845,-567.0395113267193,-14.929301229617792
139.28830965660018,-567.1690622221964,-15.071948393194573
139.28728907264946,-567.3013785563539,-15.036817778993573
139.2849976019372,-567.439907479273,-14.96586833023577
139.28289521034495,-567.5777087308182,-14.97278022861405
139.28209253525716,-567.7134046080669,-14.808397163292943
139.28361633040484,-567.8501984024241,-15.020863018110493
139.28476241451307,-567.98567515735,-15.055551095150264
139.28458287877274,-568.1228195016529,-14.91246139441226
139.28455321690436,-568.263841977601,-15.083252336035873
139.28578595166803,-568.4114139824427,-15.076265499881707
139.28725363353038,-568.5636922023274,-14.969741072754205
139.28874743111487,-568.7147459305379,-15.085978545768045
139.28899320672258,-568.866682885168,-15.024438241004107
139.28693077134852,-569.0147600483938,-15.020597044818103
139.28361469285898,-569.156273933684,-14.883726431982865
139.28214838108482,-569.2966811881297,-15.04283004688706
139.28107287686566,-569.4348702132321,-15.024155884013478
139.28296727466196,-569.5686022374422,-14.909634420113134
139.28378604364823,-569.6980760060184,-14.993308929582778
139.28437804215807,-569.8248567187592,-14.89920566127464
139.28450560037157,-569.9484761613072,-14.933087251552541
139.28535978969785,-570.0743807621893,-14.789191064052662
139.28593649010963,-570.2022281959702,-14.942954143219062
139.28644949077713,-570.3286459217171,-14.918939444607682
139.2852980110418,-570.4523326537576,-14.787815514886049
139.28424067849323,-570.5720767535345,-14.894211715829195
139.28527232411162,-570.700728410773,-14.822830138994565
139.28588575973683,-570.8299132003787,-14.797323119141863
139.28681749561227,-570.9573673216722,-14.671362118373361
139.28862097351643,-571.0834821840227,-14.76639987561962
139.29180692814057,-571.2130306720978,-14.683659855088099
139.29481340008743,-571.3434696401541,-14.688781944701887
139.29774121678665,-571.4718226833277,-14.5161262565379
139.29937788459887,-571.6013801871328,-14.718592770498676
139.2990886011359,-571.7322035430102,-14.743281506681674
139.29800757500493,-571.8697803593519,-14.590192465086895
139.29760668604536,-572.0056952197317,-14.757133423262076
139.29734752605188,-572.1393446775714,-14.746296603659479
139.29670795323824,-572.2702295959473,-14.607329073451858
139.29600139400722,-572.405834354258,-14.76012039546418
139.29652526411292,-572.5412722573262,-14.735133939698722
139.29893221393334,-572.6794278947245,-14.635756764604949
139.2983926586326,-572.8132946432571,-14.685001660922362
139.29562880931633,-572.9466201758152,-14.556468779461998
139.29287007594283,-573.0775306131595,-14.666565563119244
139.2917942677436,-573.2115913052413,-14.598884568998711
139.29189345607364,-573.3476518517609,-14.594845511619438
139.29140312191993,-573.481768396951,-14.444683615631616
139.2891591902441,-573.6158073732323,-14.606124942360381
139.28741778609213,-573.7446480591805,-14.589788491311367
139.28785676519286,-573.8761117973063,-14.45822361695253
139.28954691101916,-574.0086873282586,-14.584857807208639
139.2906419192277,-574.1426379213361,-14.533714219686969
139.29160232646262,-574.2737300072927,-14.467914023345752
139.29498793215546,-574.4091095266025,-14.450806010851984
139.29593398225896,-574.5454691349751,-14.335506393893828
139.29637866630972,-574.6800854245078,-14.435288217868436
139.29260653053237,-574.8187531741546,-14.357292264065265
139.28968912338712,-574.9564297189405,-14.364195006876685
139.28944993175878,-575.0890841785617,-14.193319971910325
139.28974978507034,-575.2231142466131,-14.401269937725205
139.2893300716783,-575.3567416753826,-14.431442125762304
139.29000619198047,-575.4963400973089,-14.283836536021626
139.2921238630883,-575.6363757625325,-14.45939194456223
139.29326772636819,-575.7783650358433,-14.457169575325054
139.2909134486936,-575.918314961107,-14.312881898757949
139.28706991477728,-576.0589048400461,-14.4759674094278
139.28298319320606,-576.19762320922,-14.461275142319872
139.28055040081065,-576.3378521707458,-14.33455030773509
139.28218077174228,-576.4743408832893,-14.449596677154943
139.28460058784162,-576.6124070399023,-14.386865268797019
139.28632254447885,-576.7518632999909,-14.356899256073342
139.28705910584034,-576.8887964250754,-14.249678884065426
139.2863543348296,-577.0263156520467,-14.307717658038396
139.28454998742097,-577.1611767148341,-14.187978654233586
139.28296205322926,-577.2978547874474,-14.268857973715276
139.28226131896722,-577.4325435072152,-14.17195951541919
139.28339243513395,-577.5657365612884,-14.197889190337248
139.2852845010676,-577.700593958787,-14.046041087477528
139.28689118090583,-577.8346858086506,-14.198030469324467
139.28800726630058,-577.9663067982336,-14.172242073393628
139.2885986929255,-578.0998283394642,-14.052070588885918
139.28866610972884,-578.2322416846603,-14.139071854802879
139.28780465464004,-578.3676346230732,-14.048295342942062
139.28676967697854,-578.501697891672,-14.075328113480305
139.28530404781807,-578.6386747709325,-13.92458310624077
139.2845944661948,-578.7746951455981,-14.093413588834414
139.28404618590648,-578.9132670406827,-14.084466293650282
139.28395040809372,-579.0503784395654,-13.941341809722038
139.28353404850495,-579.1891037104238,-14.087770874364173
139.28305949411956,-579.3257698851583,-14.056422161228527
139.2825800499928,-579.4639383217385,-13.952243730126947
139.28210644667863,-579.6008510373675,-14.008760722994872
139.28205319166304,-579.7414694057397,-13.887499938085018
139.28208476371182,-579.8808289989771,-13.986298553775585
139.28254351881543,-580.0222215007502,-13.907319391688375
139.28349185267967,-580.1638194464275,-13.907927948280237
139.2845246148811,-580.3042641989915,-13.739084057111477
139.28555957457638,-580.442480876452,-13.942565506571642
139.28616958767702,-580.586647079479,-13.96826917825403
139.28668593571686,-580.7307723793986,-13.81619507215864
139.28635309601685,-580.8766974944309,-13.996880772235162
139.28585515248906,-581.0235347486278,-13.999788694533908
139.2853312700592,-581.16764830082,-13.829642998810002
139.2848096506213,-581.3091674976469,-14.040685307180373
139.28470834681374,-581.4520111059346,-14.07394983777297
139.2851032135642,-581.5930880429744,-13.929436590587787
139.28518103187696,-581.7348434404378,-14.074690178839633
139.28396055597503,-581.8761193421109,-14.042165989313702
139.28290844577634,-582.0128331984689,-13.931172717381862
139.28272808317448,-582.1505480486956,-13.98294049340969
139.2831353019156,-582.2856849309372,-13.856930491659737
139.28447557870325,-582.4210136061456,-13.93233418439852
139.28639407205253,-582.5524079654555,-13.829960099359527
139.28881159014207,-582.6854134084755,-13.84490753088976
139.29088386403353,-582.8164405463812,-13.682077184642214
139.29285761674558,-582.9460263039693,-13.835198879720148
139.29355159407206,-583.0769296769416,-13.810542797020302
139.29356907975497,-583.2066437250195,-13.65921106784885
139.29345101842395,-583.3389506416571,-13.791732338692714
139.29412886011795,-583.4723513225255,-13.7464758317588
139.29454557533504,-583.6099792798899,-13.66443374701341
139.29490413864036,-583.7473130949377,-13.662849889008825
139.29524597199634,-583.8864926672637,-13.484257932174469
139.2959902643991,-584.02365305935,-13.684742814987828
139.29680446311934,-584.1610864453677,-13.70744992002341
139.2976210633879,-584.3008864886815,-13.552379247281214
139.298015863429,-584.4395822628385,-13.702527438425156
139.29749757737954,-584.5769023988206,-13.67489785179132
139.29680404529137,-584.7174895207894,-13.554076542385758
139.29608532756293,-584.8575501342208,-13.637806978633549
139.29496112780302,-585.0001890283315,-13.54375963710356
139.29377182025559,-585.1409060476395,-13.573287788469532
139.2929970724136,-585.2784178277125,-13.425038162057726
139.2927286995931,-585.4171906146219,-13.563940406830364
139.29338675196811,-585.5526046121513,-13.525064873825226
139.29422073041513,-585.6896876305067,-13.419113713103199
139.29548869971643,-585.8251548278772,-13.460728933358325
139.29723610051403,-585.962228216466,-13.324566375835671
139.29782253568848,-586.1039880217718,-13.442987646829952
139.29693465954912,-586.2467169709678,-13.383631140046456
139.29576454871878,-586.3935138261087,-13.341539899414594
139.29414396585983,-586.5394453738323,-13.261465073249134
139.29286700355135,-586.6823106113936,-13.259783646368698
139.29291070437247,-586.8251582813216,-13.086106785505661
139.2940392496301,-586.9667903819728,-13.29599036829323
139.29495804668684,-587.1112512677818,-13.328096173303022
139.29582182676756,-587.2554518002462,-13.182424200535037
139.2962516519141,-587.4034534100244,-13.334927429513494
139.2953547952273,-587.5505192123709,-13.309652880714173
139.29420535746894,-587.700392472931,-13.207149154739344
139.29302175105548,-587.8495152498724,-13.27407957410619
139.29184814442445,-588.0006337394848,-13.163232215695261
139.29110389571088,-588.1500021308901,-13.24851862642153
139.29045610345136,-588.3003432633096,-13.15602725937002
139.2894261488615,-588.4466927589376,-13.191063466883339
139.28915752115972,-588.5911545121583,-13.04832189661888
139.2894556459851,-588.7319557052962,-13.179806862311802
139.29027354798507,-588.8734693916706,-13.133514050226946
139.2915944397026,-589.0143413820418,-13.058452281258072
139.29299714334812,-589.159396187127,-13.046212172989595
139.29398559314959,-589.304861886816,-12.906105388958025
139.29487713422952,-589.4499782532524,-13.051531780494146
139.29450283609205,-589.5988666536045,-13.01918039425249
139.29511447124014,-589.7510674923793,-12.931305621761911
139.29591459423432,-589.9001288513537,-12.960881854574517
139.2967410352707,-590.0490698861515,-12.812680309609341
139.2975609860875,-590.1966881391749,-12.971218641866056
139.2979573106709,-590.3427619318,-12.951979196344993
139.29785260672472,-590.4915337828505,-12.836667932046888
139.29764918619543,-590.6399578237045,-12.931774935724942
139.2966058043303,-590.7912876050494,-12.84910416162522
139.29499860274018,-590.941455177602,-12.882273020200167
139.29330149518316,-591.0939319251422,-12.737664100997334
139.2916105430736,-591.2455197272704,-12.91132727879912
139.29035553781685,-591.3955933804638,-12.90721267882313
139.28920557089432,-591.5474964896914,-12.771788354325864
139.28809296672378,-591.6959677570168,-12.92007493488652
139.28700365880738,-591.8408215090489,-12.890583737669397
139.28675761363218,-591.9867493935487,-12.80111699376929
139.28709438698104,-592.1312255746294,-12.849236985905083
139.28713226770262,-592.2796713093396,-12.7195792002631
139.28793116448406,-592.4255712821044,-12.850008906453242
139.28887090238993,-592.5706968584232,-12.802660834865607
139.28900411002599,-592.7111466583669,-12.738381792358405
139.28691900598838,-592.8512913503257,-12.701479596985362
139.28318611665125,-592.9873356295128,-12.605288426806057
139.279999871347,-593.123663196397,-12.634362512311641
139.28683138144925,-593.2568800954252,-12.485658820039449
139.29474617226683,-593.3926646649847,-12.626500098593828
139.3027650533137,-593.527031610328,-12.58956359937043
139.3037040394315,-593.669204034272,-12.50989554210635
139.30280302542758,-593.8125528794623,-12.521887045865107
139.3019574924874,-593.9591844919923,-12.356100771846087
139.30031374778397,-594.1047961195012,-12.567423285799041
139.29730173843038,-594.2528101624144,-12.60096802197422
139.29364824694642,-594.4000173775761,-12.45673498037162
139.29156108647084,-594.5492362801274,-12.620170338564007
139.29187198736815,-594.6967352957646,-12.605827918978617
139.291836745505,-594.8434316813523,-12.498545330955364
139.29173277630744,-594.996242081224,-12.600450757939853
139.29325920698267,-595.1501499804875,-12.524578407146565
139.29591311950728,-595.3071746895067,-12.56541046778069
139.29834233942367,-595.4621788535042,-12.428464750637039
139.29987073857959,-595.6192517381648,-12.602756528353073
139.29832079190652,-595.7708173303764,-12.59927052829133
139.29206699753146,-595.9183080867867,-12.476699017316056
139.2886609320249,-596.0679706741677,-12.61613483035055
139.28915996522366,-596.2151213153891,-12.577792865607266
139.29043292080246,-596.3602580915923,-12.522561188042491
139.28978744548903,-596.501288816197,-12.498865545351666
139.28794613075718,-596.6437592268431,-12.39875915927148
139.28589183572893,-596.7849019955239,-12.469125830870112
139.28998771683735,-596.9272189831015,-12.361714724690964
139.29525538064178,-597.0677467506351,-12.43944138050731
139.30068248310022,-597.208547390355,-12.339390258545878
139.30277717672112,-597.3437147731917,-12.381186637972139
139.3041755973764,-597.4800997907626,-12.245205239620624
139.3054148747892,-597.6147886372524,-12.372158804882847
139.3082491427192,-597.754764008154,-12.321334592367291
139.30971765471986,-597.8933970342183,-12.270339326568179
139.30883701891952,-598.0336476993889,-12.214084111326228
139.30667774482373,-598.1705881051429,-12.16987047374741
139.30552545274486,-598.3100050843539,-12.0991653653097
139.30705672300115,-598.4503914478853,-12.091908070539331
139.30869226099193,-598.5961075266661,-11.954936874589698
139.30703828043374,-598.7399993642651,-12.09722568345667
139.3031054750004,-598.8853358919376,-12.061736714545866
139.29877283782483,-599.0284854603423,-11.985935112816305
139.29524496514065,-599.1738372874761,-11.998821303288004
139.29316021954403,-599.3187907848143,-11.833929715981924
139.29139374908007,-599.4699657220091,-12.062555741388632
139.28848405677812,-599.6202349036238,-12.113403989017563
139.28867421351023,-599.7728613279842,-11.986474458868715
139.28948163559784,-599.9284640695248,-12.132581647418402
139.28999036075354,-600.0840881688442,-12.100911058190313
139.2896090002095,-600.2421787747512,-12.045477732269887
139.28905504631993,-600.3985142822472,-12.04469184929482
139.288886896661,-600.5544939983989,-11.915710036284413
139.28920896597674,-600.7061379558743,-12.070188602685088
139.2888013874349,-600.8582051586635,-12.046889391307985
139.28784300932742,-601.0081942769648,-11.9637341452265
139.28596676823994,-601.1564541553527,-12.016511775494658
139.28475497220748,-601.3065262674875,-11.891511627985041
139.28369329961848,-601.4548264674436,-12.036856485839534
139.2834998621728,-601.6041102376755,-12.004423565916248
139.28307037842163,-601.7506480194527,-11.936287989747475
139.2838335714005,-601.8988191773093,-11.950947857318775
139.2831800009808,-602.0452096872477,-11.787829947112298
139.28184170643848,-602.1887531803501,-11.999738238455437
139.28038550059398,-602.3296857626278,-12.033868752020798
139.28262597852776,-602.4715388993482,-11.890221487808383
139.2855739286421,-602.6133684579015,-12.04249720240903
139.28779833567984,-602.753176169322,-12.016995139231904
139.28984639809104,-602.8914106905313,-11.914991944888252
139.2910087302449,-603.0281841271745,-11.980821194666511
139.29197738540105,-603.1661672358055,-11.868872666666991
139.2941255287288,-603.3020209635114,-11.951411161599268
139.29606835165242,-603.4381442286826,-11.856171878753765
139.29588736812477,-603.57238542602,-11.902889767680538
139.29569664173926,-603.707379223873,-11.77182987882953
139.29591734600186,-603.844870296704,-11.8823155898573
139.29580653082235,-603.9809053959393,-11.81502352310729
139.29521854334808,-604.1155341345997,-11.795561003290643
139.29413281723674,-604.2526424368618,-11.670403435776155
139.2937860959471,-604.3882966671011,-11.772604484308026
139.29317966232458,-604.5251796672169,-11.697027755062122
139.29211924440258,-604.6603616408618,-11.690621003847559
139.29098311112,-604.793280821143,-11.53204030096404
139.29067110421644,-604.9289414810762,-11.713412780641116
139.29258169335353,-605.0648601519987,-11.717007482540412
139.29490962887547,-605.2031640262436,-11.545820916139737
139.29646659192474,-605.338749508275,-11.753986562221222
139.29702588367167,-605.4761296516747,-11.784374430524931
139.2965545756755,-605.6119148764196,-11.63698452105086
139.29629629522222,-605.7513539497928,-11.797964099671594
139.2964949602662,-605.8924064371815,-11.781165900514548
139.29637152228452,-606.0360421942194,-11.664244605326715
139.29577297481572,-606.1777428966424,-11.767594121406617
139.29632169590235,-606.3213079559304,-11.69316585970874
139.2975027333335,-606.4636129613035,-11.703030702110736
139.29879343705676,-606.6079087291506,-11.535117766734952
139.2976219395855,-606.750722887461,-11.729970846783898
139.2959746631727,-606.891209589168,-11.747046149055064
139.29466632556947,-607.0271847664635,-11.586343673548454
139.29467816097406,-607.1658188807995,-11.762513119662996
139.29495386265444,-607.303013097362,-11.760904787999761
139.29527841649943,-607.4446916832898,-11.597408095436656
139.29478501378932,-607.5860717143129,-11.794292285742156
139.29249237038454,-607.7284195183585,-11.813398698269879
139.2898724853248,-607.8689363749063,-11.654727333019824
139.28886707918824,-608.0076699133283,-11.820317758792166
139.28943264572356,-608.1428452444676,-11.808130406786733
139.2911256965137,-608.2733384405519,-11.648165692309798
139.29343083187686,-608.4024401952809,-11.797799708603497
139.2950042666739,-608.5281991034493,-11.769655947119418
139.2964089836184,-608.6557675378339,-11.621296666828837
139.29775997879582,-608.7814746819505,-11.74258201680145
139.29908101546621,-608.9105168441861,-11.686089588996285
139.30037727235808,-609.0414289659602,-11.604328130167648
139.30123947097402,-609.173891440577,-11.573457739590651
139.3015919288878,-609.3039605194566,-11.43109704330449
139.30224809259303,-609.4312921589558,-11.5288445306896
139.30418766535055,-609.562169371706,-11.448814240296933
139.30635633488373,-609.6918943343028,-11.4099048791608
139.30771864713867,-609.823401647401,-11.280529473660293
139.3052025350526,-609.9683071043687,-11.396709854650299
139.30235718947017,-610.1154704236111,-11.335112457862527
139.30071846432568,-610.2673052147683,-11.297481130795624
139.30057814735972,-610.4154579832784,-11.192083028120587
139.2999163965374,-610.5550357301072,-11.232011476227889
139.29833843717776,-610.6947693668669,-11.094162146557414
139.2965996781993,-610.832546858779,-11.215354227388017
139.29608726609143,-610.974288286281,-11.158768530440842
139.29582741099657,-611.1219390672653,-11.11152159705796
139.2956217630212,-611.2686717967277,-11.042789294944745
139.29296410346313,-611.4135447170667,-11.02649529292715
139.2910858394134,-611.561480371825,-10.904704052921415
139.2906239453318,-611.7099708219329,-11.019237492045143
139.2916838944041,-611.8580994780425,-10.955993153391095
139.29262247060922,-612.0040490566878,-10.940783320652224
139.2935234236016,-612.1497057591662,-10.815197130455516
139.2923489272866,-612.3048696577537,-10.958761415554939
139.29077604505775,-612.4597282201164,-10.924547922876584
139.28873518886007,-612.6157703934584,-10.862430228991188
139.2874510967123,-612.7694211336419,-10.862661066650169
139.2871597311295,-612.9259034433335,-10.726214379355964
139.28707105472574,-613.0886785407444,-10.90645895806988
139.287434844,-613.2565393943137,-10.908925759006017
139.2887052858513,-613.4263064891973,-10.772317996946516
139.289728323045,-613.5946217003276,-10.94263356236631
139.2882215516671,-613.7516536072601,-10.935171350008327
139.28623024821226,-613.9084621773433,-10.822345194973668
139.28540235910228,-614.06463324706,-10.952149936049917
139.28564203839528,-614.2235419392673,-10.90417689934839
139.28691315593002,-614.3795096767947,-10.896043268980641
139.2879618163304,-614.5310319044523,-10.798401611345243
139.28812973768933,-614.6821393806761,-10.899576991476453
139.2881191230251,-614.8310148225066,-10.822974593829885
139.28930495212035,-614.9811842956193,-10.875081735319
139.29071320484258,-615.1274288313707,-10.749411099030338
139.29214591380705,-615.2722093462526,-10.883654321087619
139.29356313771467,-615.41136151186,-10.840119765367119
139.29619088631537,-615.5508560657017,-10.78054503239666
139.29902336743012,-615.6884351746467,-10.750638067153892
139.30144406642742,-615.8324460695072,-10.660648501799088
139.30169464794878,-615.9769236110463,-10.710388745579655
139.29986319770447,-616.1261632457748,-10.582351211582443
139.2972307217327,-616.2742327798917,-10.715326941931865
139.29488614694034,-616.4242290827343,-10.67052489450351
139.29386449744763,-616.5708401252372,-10.625082998845892
139.29312196314095,-616.7189556475121,-10.57540823595932
139.29203514569272,-616.8648548672024,-10.535515825420893
139.2913055952421,-617.0133220374736,-10.474102239716542
139.2914809851308,-617.1610108203281,-10.454864750488332
139.29183486865332,-617.309890574121,-10.348480382345949
139.2918087512259,-617.4552537878254,-10.428178614481416
139.29170700505628,-617.601293416695,-10.330099068839106
139.29159158019488,-617.7470286538758,-10.39763726925219
139.29106261674872,-617.8957165560123,-10.287397691887495
139.28963713528796,-618.0441087631984,-10.375577384312045
139.28723129040503,-618.189922475559,-10.285979298958816
139.28384225596494,-618.3386418050454,-10.334388242291475
139.28112611654763,-618.4870555830486,-10.205019407846354
139.27940451900662,-618.6383819214681,-10.350344088070063
139.27872764811696,-618.7889581307132,-10.317890990515991
139.27950312694358,-618.9402810080365,-10.251449582912723
139.28055804668128,-619.0887815158313,-10.25557125741769
139.2820645179649,-619.2384633202762,-10.109643840173431
139.28405054085502,-619.3870721317212,-10.293843624777468
139.28610422840754,-619.5337616859146,-10.300265631603729
139.28732090755847,-619.6834762483313,-10.1554456610304
139.28711910337006,-619.8308469830606,-10.344317329625055
139.28581513928444,-619.9782823462473,-10.355411220441933
139.28471995515304,-620.1236337766268,-10.198490527311469
139.28409276963126,-620.2665012001017,-10.406520674420713
139.28439121491434,-620.4123350410619,-10.436773043752181
139.28487054180331,-620.5566880842254,-10.28924763530587
139.2853792279199,-620.702549724549,-10.480896156109976
139.28588655123502,-620.8425426076424,-10.494766899136303
139.2888521645027,-620.9832285071744,-10.330859864384852
139.29390992481666,-621.1232805883121,-10.528992763060264
139.2960270708376,-621.2654807206169,-10.549347883957902
139.295060205701,-621.4048596168291,-10.391925227077762
139.29390095597034,-621.5439106548544,-10.57403676110296
139.29436416087265,-621.6796900620348,-10.578370517350383
139.2972003800096,-621.8155133914773,-10.404926495820028
139.29800508687686,-621.9465480180204,-10.598316320964589
139.29592626879247,-622.0735328559616,-10.61392836833137
139.29330031113054,-622.2005292851538,-10.451762637920375
139.29183427250652,-622.3236756389366,-10.607178978157899
139.29062106801717,-622.4473387850505,-10.584817540617644
139.28906501815194,-622.5689358582192,-10.427967903206202
139.2866411963652,-622.6918392250916,-10.557121016622483
139.2840782923262,-622.8099794472648,-10.50849635226099
139.2819346886942,-622.9289339351161,-10.3859232360785
139.28072676528416,-623.0455417011646,-10.431677247235529
139.28218893505147,-623.163877701291,-10.29965348061478
139.2858087725953,-623.2808763473423,-10.360558389402652
139.28857488378267,-623.4002102085014,-10.243685520412745
139.28948824278413,-623.5187245866568,-10.27642894330165
139.28796295024262,-623.6408846414998,-10.131394588412777
139.28432717599753,-623.7636737775671,-10.235964213612743
139.28155479197875,-623.889517951055,-10.16275606103493
139.27899451546688,-624.0125460148932,-10.104137552261673
139.27856818438897,-624.13629934656,-10.008251338229504
139.28021737243984,-624.2592572399644,-9.999994609100275
139.2814368758642,-624.3839926445658,-9.8139944354068
139.28255309831457,-624.51157620343,-10.017619706421335
139.28034567829525,-624.6379148714207,-10.04346719965809
139.27586047975566,-624.7672921890696,-9.89153691511707
139.27057284833566,-624.8966656481325,-10.030075807773985
139.26561059887533,-625.0254268018383,-9.99083692265312
139.26119466668814,-625.160186224731,-9.896026114363464
139.25612946899116,-625.2950482785577,-9.922533448156262
139.25100645655945,-625.4280128204724,-9.771263004171281
139.2463554084687,-625.5613361420753,-9.916811047604904
139.2435093459301,-625.695462621264,-9.88458131326075
139.24270742450247,-625.8270243775993,-9.763539351040112
139.24397018084625,-625.9641540888293,-9.853865801258845
139.24562791354296,-626.1004471018119,-9.7664144736998
139.24651973153416,-626.2417668300715,-9.786601883218585
139.24642257183945,-626.3829015763623,-9.629011514959593
139.24489699843434,-626.5274871876455,-9.812901791796044
139.2402309948867,-626.6741537543444,-9.819014290854716
139.2350032662499,-626.8187416987336,-9.647349012135612
139.2301482091803,-626.9592184456737,-9.851867025317643
139.22831318056916,-627.0999132838343,-9.878607260721898
139.2271082558344,-627.2386507469852,-9.727569718348374
139.2276909330267,-627.3758431356581,-9.882476311570125
139.23108862141768,-627.5183184399077,-9.859605127014099
139.2345885449246,-627.6614613451677,-9.751813999704025
139.23682713876485,-627.8035215159773,-9.835547190897302
139.23549451778155,-627.9472007285785,-9.741502604312801
139.22935638444312,-628.0893327562923,-9.773845317020923
139.22234444653,-628.2291339137455,-9.628410251951268
139.2173125841523,-628.3603383917961,-9.755009883993399
139.21726919003547,-628.490995736945,-9.703831738257755
139.21986677339825,-628.6200943066049,-9.620245881098397
139.22418938662693,-628.7517223859539,-9.607956989071205
139.22879552866286,-628.8819843234456,-9.443985262642135
139.2325697557735,-629.0139764183438,-9.608075238563867
139.23201547755795,-629.1440284349292,-9.59438743670782
139.2297820480118,-629.2757005849493,-9.428322823013344
139.22806588586417,-629.4054134244118,-9.592316706474524
139.22935402928013,-629.5363384858236,-9.578532812157924
139.2312247135469,-629.6656439463077,-9.398581824098885
139.23359596736316,-629.7919669200569,-9.584198442273212
139.23315716614613,-629.9213919141658,-9.592037282669764
139.23093059465086,-630.050825045764,-9.422098345288536
139.22755502478344,-630.1830945336549,-9.59978622974946
139.22605277445746,-630.3120039045322,-9.599696336432606
139.2265909978222,-630.441035429843,-9.421828665337975
139.22917232785946,-630.5674384932364,-9.597691497301719
139.2341806780929,-630.6961936873445,-9.595776551487686
139.24083698027337,-630.8244076781683,-9.416083827895875
139.2464944276567,-630.9533174960212,-9.590791286464524
139.25022719816224,-631.0788957618706,-9.587720967255397
139.2522899450006,-631.199973715316,-9.406872870268492
139.25357868359495,-631.3210589420538,-9.575661350306351
139.25428362514714,-631.4400146335588,-9.566672052566432
139.25444933701104,-631.5615281592935,-9.379904977048737
139.25491729059078,-631.6822339483972,-9.562185254298779
139.25502659272942,-631.8057388189518,-9.566687753771044
139.2542412767272,-631.9268185476376,-9.393412475465528
139.25328820603556,-632.044871669586,-9.535669821070993
139.25108313918915,-632.1636787146748,-9.500149388898679
139.2490697007292,-632.2817663997505,-9.339816117455547
139.2487658901824,-632.4022974101914,-9.454071092408217
139.2500421038571,-632.5211922002234,-9.390548289583108
139.25243750511498,-632.641107020271,-9.286653655798347
139.25461200929382,-632.75788305777,-9.261705761235932
139.2563007411085,-632.8770460795591,-9.064015129273242
139.25745763426457,-632.9962201796743,-9.256699497368938
139.25849170609735,-633.1145211304752,-9.271606087686855
139.2582527290883,-633.236460060113,-9.108734900226995
139.25694120776166,-633.3569834540745,-9.2384442237498
139.2542018303193,-633.4801851859643,-9.190375769494826
139.25039273057737,-633.605855716364,-9.082560502189102
139.24642386023856,-633.7344993589222,-9.104778090261696
139.24741103749184,-633.8657658032181,-8.949217900556514
139.2477309399648,-633.9952792406535,-9.077414406796805
139.2479128377577,-634.1289147744957,-9.027833135259318
139.24847699206816,-634.2635221333601,-8.932276910419565
139.25075224082084,-634.4023134414584,-8.942092071733686
139.2541604604797,-634.5420156185774,-8.77412945527003
139.25610235741797,-634.6795024274257,-8.952169878156742
139.25566826061126,-634.8188574613386,-8.952432523265674
139.25229936109898,-634.9574237575598,-8.77491739059683
139.24592563650535,-635.1005851411409,-8.989014771357176
139.23863092875632,-635.243038358072,-9.025334374339746
139.2320771046642,-635.3875906070322,-8.883876199544538
139.22946422280165,-635.5325548081909,-9.017708184093996
139.2313744681493,-635.6789867978171,-8.973762390865677
139.23416217100518,-635.8236297568401,-8.893067135967977
139.23749638469982,-635.9638115432139,-8.882879718965135
139.24048181396745,-636.1045545096517,-8.7185151474825
139.24294436024456,-636.2434080343576,-8.893340315855411
139.24444597370982,-636.3866324205878,-8.890387706450543
139.24450026655458,-636.5286940100743,-8.714807002696807
139.24221098977696,-636.6685026087171,-8.919008106510585
139.23825177990017,-636.8093193313439,-8.945431432546584
139.23442555883292,-636.9479260631567,-8.794076980804807
139.2319141306716,-637.0896146121767,-8.950150819081163
139.23257782362535,-637.2331808430519,-8.92844687957974
139.23509910161343,-637.3805758905701,-8.808220435371759
139.2371347050992,-637.52622974963,-8.909910079295985
139.23657844510163,-637.6720931827805,-8.833821945442434
139.2338672792162,-637.8151044730332,-8.828070239920246
139.23240813540139,-637.9577318408005,-8.662877947624619
139.23409659271272,-638.0986628348403,-8.84375450178611
139.23803500107863,-638.2415168688859,-8.846853278169824
139.2419567200698,-638.3819042535598,-8.67217427677576
139.24417488118257,-638.5240683544439,-8.864990746509369
139.24355500576164,-638.6633374646907,-8.880029438465197
139.2407318945955,-638.8047241939089,-8.717290352643248
139.23668695386138,-638.9441129467723,-8.893709941451535
139.2361529530374,-639.0849774643242,-8.892351752482043
139.23838384598497,-639.223724839453,-8.713215785734771
139.2419591005427,-639.3588470456509,-8.910667090356544
139.24246349046874,-639.49272159113,-8.930340617200537
139.24234653392284,-639.6287092775964,-8.772236366266752
139.24087497146454,-639.7631855451638,-8.914490607209967
139.2453169722676,-639.9025811998126,-8.878967070375403
139.25293362171155,-640.0413871047895,-8.760941073633665
139.26148754186931,-640.1823675980721,-8.819249999798823
139.2692859270832,-640.3201406197783,-8.699781148186203
139.27148007271856,-640.4571224864159,-8.746696532845077
139.2725221648114,-640.591997935492,-8.615834139726175
139.27085324755265,-640.727980983558,-8.683584915698873
139.26907653080238,-640.8618426814049,-8.573557913893792
139.2677141896809,-640.9968234095054,-8.590770384531634
139.26522209920336,-641.133146439968,-8.4302050773917
139.2613057241414,-641.2682080033587,-8.56377230865511
139.25633885838567,-641.4039639533223,-8.519561762140746
139.25246453435972,-641.5430124737566,-8.406549408916794
139.2517402646214,-641.6803330404388,-8.450071519342824
139.254534528688,-641.8192127905334,-8.315815851991076
139.25758031442663,-641.9564291986424,-8.396202320164923
139.25940108665807,-642.09644586055,-8.298811010560991
139.26012962742746,-642.236670336248,-8.312663358356305
139.25980624932458,-642.3808460710499,-8.148737928373842
139.25845575326917,-642.5237615583329,-8.318366585446372
139.2565083740116,-642.664801309182,-8.310217464741122
139.2548799808408,-642.8097746807323,-8.15170961918156
139.25415987759024,-642.9551102662497,-8.323050879412598
139.25363167379217,-643.1059944106775,-8.316614361865858
139.2531493621164,-643.2558423590556,-8.15809914491313
139.2498066439645,-643.40516167518,-8.328986577764688
139.2471731631755,-643.5506142790244,-8.32209623283847
139.2447189838081,-643.6974915478249,-8.159878991676152
139.2464440130538,-643.8458394951269,-8.349721900011028
139.24733768360616,-643.9986864073232,-8.361787030568129
139.24558659466092,-644.1549348453027,-8.196074383347451
139.2404550137478,-644.3075951662098,-8.387026918344054
139.23759676136964,-644.4549098058051,-8.40020167556288
139.23934226984343,-644.6020983898193,-8.235598655003926
139.243217483256,-644.7463488584114,-8.405777922455844
139.24540841239886,-644.8918179194767,-8.398179412129984
139.24517621369554,-645.0346422501683,-8.2229487570691
139.24446269180456,-645.1779445776374,-8.416978864869712
139.24448438647624,-645.3197133158047,-8.433231194892548
139.2479417048029,-645.4642452918356,-8.271705747137606
139.24587164377772,-645.6111321273355,-8.435114354420701
139.2398491033056,-645.7551724330689,-8.42074518392602
139.23312172085306,-645.8965948596118,-8.242081803458765
139.23086993722154,-646.0331961469169,-8.404183729375612
139.23283240983253,-646.1652530991772,-8.388507877514682
139.23807560074823,-646.297152374441,-8.195054247875973
139.2439003654985,-646.4267335468348,-8.38217401085891
139.24811593725033,-646.5531903886474,-8.391515996064069
139.24989460449314,-646.6810798670381,-8.22308020349145
139.24992681645557,-646.8066192223848,-8.35563041381788
139.25043239034736,-646.9341697711801,-8.31040284636653
139.2539018906852,-647.0603085064156,-8.161557894759497
139.26284638786305,-647.1861806835935,-8.225629766072746
139.27275867378233,-647.3102093670846,-8.11192385960822
139.27696887605018,-647.4304662772287,-8.100099964941291
139.28080189426657,-647.5533447344258,-7.9104982924965865
139.2832711838581,-647.6788576740865,-8.070345527430495
139.2829668311615,-647.8086075484316,-8.052414984586624
139.2829351896901,-647.9394057003896,-7.856706663964978
139.28295854047582,-648.0685532674865,-8.048786747110379
139.28545833539064,-648.2014397299905,-8.063089052478002
139.28595208871468,-648.3440018085536,-7.8996135800678475
139.28480383367335,-648.4881087941001,-8.049454108259079
139.2841648410306,-648.632114350582,-8.02151685867253
139.28487056654075,-648.7680799866699,-7.837923874429603
139.28501386536308,-648.9005039051882,-7.998653328652932
139.2846301963757,-649.0358312289069,-7.9816050050984835
139.2862017015631,-649.1722714672838,-7.790504028029382
139.28855255795614,-649.3104426940911,-7.987019333136961
139.28773873907716,-649.4433096833587,-8.00575686046676
139.28507155945672,-649.5762643834933,-7.846716610018784
139.2837143075759,-649.7128408256216,-7.958596627671002
139.284693455492,-649.850656084527,-7.892698867545442
139.2881810688193,-649.9879875119948,-7.81376709537723
139.29171010695046,-650.125896570651,-7.7526991274806285
139.29273146150007,-650.259913560044,-7.642933812408707
139.29241364229085,-650.3942843384018,-7.636071905566935
139.29388761953646,-650.5327188234827,-7.451432220947384
139.29569899284107,-650.6712256483426,-7.629971971554839
139.295086305826,-650.8112241774269,-7.630733944384514
139.29358685385125,-650.9554357349424,-7.453718139436412
139.2927527077571,-651.1017135559929,-7.62958704365557
139.29206348625019,-651.2463242340732,-7.627678170096949
139.29182549636656,-651.4083723539156,-7.473769247481469
139.29126869310818,-651.5736512777395,-7.649090655013303
139.29147915726563,-651.7423101732207,-7.64663428476736
139.29307208163823,-651.9100659142977,-7.466400136743638
139.29574195424058,-652.0678844983985,-7.666267440173604
139.29858924496742,-652.222872009019,-7.688356965825791
139.30184219118436,-652.3771352603482,-7.5326687137001995
139.30513000437534,-652.5337370269111,-7.69263637948761
139.3063229198402,-652.6836654936187,-7.6748262674972425
139.307079889851,-652.8343936510507,-7.517830736098273
139.30568379386415,-652.9790420572778,-7.651535571842672
139.30469827359852,-653.126323069264,-7.6074626298092936
139.30545332920977,-653.2749017168983,-7.508715368949393
139.30736709476102,-653.4224463286737,-7.534952053952285
139.30784271763466,-653.5678563876875,-7.383410961177398
139.3067901697808,-653.7113528153096,-7.491014343059927
139.30544695735094,-653.849968789683,-7.420839947164677
139.30488782658264,-653.9852283573264,-7.346146284800892
139.3081912420065,-654.1237969519952,-7.286565497556775
139.31180951809384,-654.2614672653895,-7.193266340604945
139.31461797305397,-654.3957715002938,-7.174147597010081
139.31681207687367,-654.5305306370482,-6.981490966252114
139.3176201054332,-654.6626446242275,-7.166387287252974
139.31896076031228,-654.7994830714521,-7.1735058304760555
139.31956754003033,-654.9385967083251,-7.002846595921359
139.31960824829352,-655.0829104336257,-7.178358423052801
139.3187120521926,-655.2270312702964,-7.176092472406466
139.31764122111903,-655.3741482551195,-6.996048743982353
139.3173738037595,-655.528543694678,-7.2114786354042915
139.3152157613008,-655.6826078678207,-7.249130749048452
139.31394228598165,-655.834587097218,-7.109005084914835
139.31368694685054,-655.982759411048,-7.215933279342126
139.31404953311355,-656.1319207799678,-7.145083695991639
139.31617499211742,-656.2812047759921,-7.115586023807154
139.31862279691921,-656.4283901472717,-6.993704013724133
139.31863447987894,-656.5781487127663,-7.08023803590678
139.31651432786816,-656.7262920175058,-6.988994280311649
139.31276596213633,-656.8750435653157,-7.007654098176492
139.30956659708403,-657.0209816286153,-6.848536138263557
139.30980964535948,-657.1660912092237,-6.996777338960903
139.31155905294725,-657.3089713125919,-6.96724076188047
139.313584851934,-657.4528223368196,-6.826646120346312
139.31563711783718,-657.5964589973192,-6.930379220610352
139.31684415600856,-657.7422766192349,-6.856334543096613
139.31704364853516,-657.8868654716999,-6.823525100293503
139.3166281280391,-658.0334188621508,-6.694357607793678
139.31609551456333,-658.1782808453125,-6.777647869071072
139.31595772410552,-658.3250109543669,-6.683160352570687
139.3167221912711,-658.4683905270489,-6.685457777760422
139.31930068198392,-658.6125079274226,-6.509977425172378
139.32138219442717,-658.7575907791961,-6.7064366897549625
139.32292404081727,-658.9067073206911,-6.72511817655977
139.32351469218145,-659.0595960537624,-6.566021885586799
139.32349603749884,-659.2114736965008,-6.7339572812828905
139.3233557869179,-659.3601695280314,-6.724114899201205
139.32319321183218,-659.5095631010499,-6.553820762003136
139.32384981735788,-659.6565608471052,-6.7369905305055555
139.32589469839394,-659.805255459824,-6.742382521230197
139.3277757073351,-659.9525853447169,-6.569996734177061
139.32959718973012,-660.0975469256815,-6.757768132360628
139.32932752795517,-660.2434202811536,-6.767761752766416
139.32864347253596,-660.3869924593604,-6.599977595394426
139.32829693384272,-660.5323291533574,-6.772454919390581
139.32966549371164,-660.6751321841979,-6.767154465608956
139.33259138710818,-660.8184357281906,-6.584076234049555
139.33619780117084,-660.9589817244103,-6.776102743480238
139.3386570281445,-661.0949311124624,-6.790351475133144
139.34085184202783,-661.2310658986955,-6.626822429008271
139.3429625581623,-661.3653016253828,-6.761739397149657
139.3446139912287,-661.5006955209369,-6.718878587513265
139.34573941396673,-661.6374336704165,-6.58362499093555
139.3467436286268,-661.772495950333,-6.652105570073189
139.34811998617388,-661.9103883928003,-6.5428083714330505
139.34790853076885,-662.0531986197072,-6.563585763996911
139.346559409028,-662.1945524358305,-6.406585378782994
139.34500194152923,-662.3327850488565,-6.532309781809168
139.34424806663884,-662.4706478907667,-6.4802564070575635
139.34366563204634,-662.6107427291466,-6.370866987066648
139.34312576902764,-662.7509288402302,-6.392317311046662
139.34219143170884,-662.8911874478302,-6.235989857248897
139.34201282121634,-663.0361893212032,-6.37997176671509
139.34157722966054,-663.1821238210872,-6.346175898403505
139.3402733258609,-663.3296182222751,-6.219178542022325
139.33881430402204,-663.4736877944624,-6.287357437172033
139.3373450091082,-663.6180616336009,-6.177758554543963
139.33630700066254,-663.7600341204172,-6.209070585214605
139.335780678964,-663.9011445058454,-6.062604838107472
139.335364180079,-664.0467991232923,-6.189591437298723
139.3345649026298,-664.192930165917,-6.138800258712196
139.33246665919145,-664.3429821854154,-6.068934451602555
139.33013846423972,-664.4916843271225,-6.035392293910434
139.3277973910913,-664.638001618367,-5.927578640833099
139.3254870375661,-664.7860276491546,-5.98269223315879
139.32362635299344,-664.9335186131906,-5.860028047706703
139.32352650972524,-665.0855284701656,-5.957213700145739
139.32542469915552,-665.2370997433183,-5.8766215748069985
139.32769549865355,-665.3919227304881,-5.891115717218896
139.32877474657232,-665.5460119113105,-5.727832081853016
139.32672389042705,-665.703257951403,-5.928948346324618
139.3228441812008,-665.862175419668,-5.952286833018443
139.3227623238896,-666.02466212513,-5.797847541934489
139.3263176455987,-666.1867802004426,-5.993607582319187
139.33013917186977,-666.3461099815432,-6.011589844926108
139.32984936623518,-666.5052436358035,-5.85179432975525
139.32750941589958,-666.6620748305016,-6.054167574242248
139.3256140492508,-666.8217101562964,-6.078763040951469
139.32671100010947,-666.9875879392322,-5.9255807298829115
139.32756948005743,-667.1527657295724,-6.134576125344848
139.3259022785529,-667.3180818817086,-6.165793743029007
139.32334298540144,-667.4757518764848,-6.019233582935389
139.32064167275658,-667.6296502220854,-6.18504513514135
139.32082681932616,-667.782415239158,-6.173078909569534
139.32446306898746,-667.9382760436156,-6.041296872494197
139.32873782371635,-668.0925393185532,-6.172639576282161
139.33307948294703,-668.244698009899,-6.126204502292347
139.3353176639246,-668.3981295275828,-6.06978388729216
139.33422687289985,-668.5455392511717,-6.014653418070349
139.3320751342803,-668.6914578998726,-5.948223472580554
139.33097558642442,-668.8321354905922,-5.907592463769214
139.33297855917965,-668.9711650106477,-5.7946923275986055
139.3363948826668,-669.1078876078406,-5.842194404951723
139.33634751081075,-669.2517936546342,-5.711918704527062
139.33642940695245,-669.3942719497935,-5.826789778794647
139.3373573252819,-669.5407512255392,-5.763883075284455
139.33720925098825,-669.6920896588139,-5.750280311895767
139.33684808411545,-669.8522475547655,-5.6263290580175465
139.3372707686557,-670.0217190976214,-5.739973994327409
139.3390779897429,-670.1988333301373,-5.675841152859494
139.34195774877287,-670.3771758092784,-5.633916870755574
139.34460039215188,-670.5458568447078,-5.533732869161977
139.34551358369484,-670.6911327944466,-5.567830828223446
139.34771234170202,-670.8284331357621,-5.4241510095071375
139.34890316399924,-670.9652238616499,-5.548769277349683
139.34617768523736,-671.104233863017,-5.49560976741445
139.34311837529495,-671.2425302439053,-5.431424333716405
139.34126780930228,-671.3854405743917,-5.4008968211854365
139.3421510890381,-671.5321549700975,-5.305718859864681
139.34274724238563,-671.6791809074416,-5.357002641437008
139.34122238071896,-671.8284447842267,-5.2305086452315575
139.33806300297096,-671.9793098293189,-5.365259081327992
139.33544298871246,-672.1354819163204,-5.322231739646651
139.33296810957683,-672.2904942975773,-5.277605135790048
139.33055745574683,-672.4473367838185,-5.236986153163462
139.33024904294354,-672.6019057534745,-5.182869159386395
139.33077613132767,-672.7617737055784,-5.173978456807056
139.33023082358116,-672.9216562210753,-5.071719691370491
139.32824501431872,-673.082714875697,-5.172539641997599
139.32517801404038,-673.2400808128335,-5.095581814846928
139.32152772845168,-673.3966887798115,-5.135607612356182
139.31986603430707,-673.5513267283385,-4.997855632087657
139.3194488025458,-673.7050104890185,-5.178717633122855
139.32051839722402,-673.8614021319772,-5.181801856380275
139.32145947851023,-674.0181591146918,-5.071190431880618
139.32195080618422,-674.1782548438256,-5.214018588002087
139.32152386203109,-674.3375609607623,-5.1790689663457785
139.320096224496,-674.4970728015965,-5.1644089784341025
139.3188994191295,-674.6531287299182,-5.104664151839791
139.31776580142858,-674.8093104580902,-5.142714681458387
139.31707338826806,-674.9620676505427,-5.002987433299206
139.31647906366948,-675.116234055781,-5.211397157027182
139.31632347606646,-675.2680808258131,-5.242029102977382
139.31707918199734,-675.4211618480743,-5.094883271149802
139.31759573215066,-675.5714930129094,-5.316381167837143
139.31682332687964,-675.7221743852483,-5.360101286746705
139.31375078250983,-675.8699632195702,-5.2260436278784885
139.30943879761796,-676.0146627717561,-5.412694566277452
139.3074060284068,-676.1605442961059,-5.421567726898638
139.31202334616054,-676.3054052332088,-5.290988995754252
139.31584990167704,-676.4475929195347,-5.470513937605236
139.31494299373426,-676.5910815086108,-5.472261101678441
139.30899384690147,-676.7315611071923,-5.3372052518284985
139.30170841793455,-676.8708400867174,-5.489037810387262
139.30699890308608,-677.0021665302778,-5.463092591168247
139.3184288841614,-677.1334818238925,-5.325100429005635
139.3276370935795,-677.2600615144531,-5.423108074652272
139.33626998746556,-677.3838938399151,-5.3433379425211305
139.33028103930994,-677.5072252992842,-5.297745655431863
139.32063156556418,-677.6266545380125,-5.173201753694919
139.31572944588254,-677.7462341167729,-5.222821448627309
139.3196545160492,-677.863323520642,-5.094663365781923
139.33022075652096,-677.9774300624554,-5.137662881375108
139.34032051118925,-678.088908294374,-5.002884619190514
139.34237532774154,-678.2017225072376,-5.066089062663286
139.3316968215019,-678.315247447485,-4.951515728358281
139.31862352279262,-678.4315666229479,-4.9650988416070705
139.31963941917107,-678.5459707727362,-4.800904177078083
139.32345870626298,-678.658364836148,-4.92835466126408
139.33312657497007,-678.775481944494,-4.878027367672297
139.3364293280897,-678.8951544407303,-4.785522524685328
139.33306986338079,-679.0207684501536,-4.788624645923327
139.3263724008265,-679.1470126963026,-4.613948989383547
139.32074525817055,-679.2754452938515,-4.7973572115488405
139.3232202099676,-679.4008516314042,-4.802987655936356
139.3260483813408,-679.5246869379346,-4.630840322546093
139.32603052930304,-679.6523526027898,-4.823257611560226
139.3233886153676,-679.780197094299,-4.837897122796581
139.31984879627308,-679.9125720072594,-4.674758856255158
139.31700107357383,-680.0468378946371,-4.86709806486851
139.31433227109872,-680.1887528620554,-4.881659495704085
139.31173720897027,-680.333864632612,-4.718443148761882
139.30960446912812,-680.4787803963926,-4.938213156479174
139.30923897048766,-680.6262714901777,-4.980205386418689
139.31005345162376,-680.7676751099632,-4.844419838580425
139.3115030116501,-680.9033932723562,-4.978929732713493
139.3093611937119,-681.0403107960722,-4.935661849068784
139.30776356159146,-681.17634047616,-4.872273415309366
139.3079419329581,-681.3094383876276,-4.853150191802306
139.3097049681849,-681.4414578861858,-4.726306439073395
139.31175986190496,-681.5644223137383,-4.816705628410334
139.314256346613,-681.6868651218977,-4.729327039969497
139.32050342173613,-681.807872864018,-4.725382156761562
139.32741176765163,-681.9299108161537,-4.543659495775849
139.32942256013922,-682.0471427149731,-4.732703749944417
139.33001457733698,-682.166832327235,-4.7439702263352075
139.3307250863433,-682.2869485632556,-4.577458924948221
139.3351487442499,-682.4062613597821,-4.742435521332927
139.33942900657968,-682.5259352419704,-4.729634339939853
139.34033260384092,-682.642341979411,-4.5470513390046134
139.34054801692744,-682.756439725414,-4.738458385506586
139.33897828508177,-682.870090282964,-4.752087654230781
139.33871829376926,-682.9863017060052,-4.587939145177198
139.33954528155093,-683.1009636285723,-4.743490753983969
139.34057790354743,-683.2120457925903,-4.721264585012964
139.34163696620737,-683.3238703918992,-4.554716112304733
139.34268625477551,-683.4342530839649,-4.700976263373952
139.34371866531012,-683.5474548407393,-4.669458636665394
139.34473301706595,-683.6604282076925,-4.528991904313112
139.34613999739665,-683.776015831018,-4.627743159932577
139.3471948263887,-683.8896646149751,-4.548716637774264
139.34775355643401,-684.002708403909,-4.497728053189219
139.34902645364045,-684.1115665710622,-4.375185072609651
139.35083652529661,-684.2210776310376,-4.4058313632180335
139.35313895526807,-684.3291617789466,-4.258699876048637
139.3563284445652,-684.4417380143389,-4.354251903376864
139.35759487299083,-684.5564773607688,-4.272026152927312
139.35681601114896,-684.6742841475904,-4.238416848360771
139.3548160572887,-684.7922573926332,-4.097381318407162
139.35342343992411,-684.9128527542798,-4.1926834843051
139.35217209597226,-685.0343054052148,-4.110207872425259
139.3509668035947,-685.1542021874164,-4.081378663005353
139.35060919680143,-685.2816719305245,-3.960375901506925
139.34919243531047,-685.4092540294674,-4.044975576803467
139.3479964368212,-685.5393107652811,-3.951797474322231
139.34562782291076,-685.6671931771153,-3.97518289978095
139.34387970620284,-685.7936415076297,-3.8207905474618915
139.34186988437307,-685.9230890900683,-3.984017811452709
139.3406594167627,-686.053752379497,-3.9694672976657497
139.33962603553553,-686.1887062657631,-3.82927291688595
139.3386427685625,-686.3246451494587,-3.9701954879348427
139.33768350868166,-686.4643427907387,-3.9333402812059584
139.33633024858202,-686.6036249281929,-3.856314002676172
139.33491743480448,-686.7378048411492,-3.872364526552813
139.3339252480873,-686.8698755282218,-3.710637272651677
139.3338526312155,-686.9961971425681,-3.9224308312341774
139.33108851664164,-687.1179350349651,-3.9564466120388992
139.32618096993463,-687.2315296885026,-3.812684615065844
139.3213251996875,-687.3410605703068,-3.9699131861843444
139.32312484457586,-687.447230703001,-3.949363979525066
139.324996199764,-687.5532667106526,-3.844925300842144
139.32356817107163,-687.6543189367424,-3.9358544828334616
139.31615835312235,-687.7545763304154,-3.8490058870470008
139.3076575613992,-687.8532488746728,-3.89563475333277
139.30974391951466,-687.9422491061955,-3.764485841840761
139.318438923838,-688.0251815385451,-3.889265180456514
139.3270999951192,-688.0981795942445,-3.836266741294489
139.32083643344484,-688.1652850244883,-3.764676285228722
139.30962191583433,-688.2264015412997,-3.740568888573409
139.30332959128702,-688.2850403960745,-3.6115287167706525
139.30715297396816,-688.3405399658405,-3.7236816280700498
139.31294512109682,-688.3987183513906,-3.6580567615916695
139.31288331057806,-688.4531561852806,-3.648554134510773
139.30713247650164,-688.5022156818677,-3.5104120918665225
139.30443407179834,-688.5478626648207,-3.6557468079060964
139.3077267525032,-688.5921779435115,-3.6233037461678923
139.31299393216415,-688.6329690640529,-3.546441681991941
139.31570287839446,-688.6745214348057,-3.576702312067923
139.31375320625892,-688.7138253107722,-3.429185164366127
139.31089953912056,-688.7533489437677,-3.625736400421189
139.30996076958095,-688.7884984142776,-3.644509858698473
139.3098289976168,-688.821862482043,-3.4855055391979795
139.3082160548134,-688.8543949580735,-3.713966775432399
139.30550848413984,-688.8824424316535,-3.7646502338890406
139.302620495564,-688.9112420073415,-3.6375559145679044
139.30055883035638,-688.9392010761522,-3.8254812837410705
139.29951308461648,-688.9723259590535,-3.835628875136459
139.29827472893172,-689.0017462286603,-3.727769596288826
139.29660479676107,-689.0283698206629,-3.8800139653091734
139.29528296610633,-689.0515985416138,-3.8544805565517435
139.29569399956853,-689.0634090354341,-3.8232990335958674
139.2964457600449,-689.0719483568053,-3.8017422952099054
139.29725497421953,-689.0797119955604,-3.760910408547911
139.29847483697665,-689.0858109704855,-3.7484017147598547
139.30099325806884,-689.0931276050012,-3.6580897299824673
139.3041462399503,-689.0922228237441,-3.720636363159386
139.306970624914,-689.080267960666,-3.605405218558527
139.31009978813017,-689.0587299948319,-3.7096522255693056
139.31324540334222,-689.0364012817383,-3.636121454802307
139.3163495713149,-689.0142319831126,-3.645377150489705
139.31857819056185,-688.991008975183,-3.482859597755207
139.32060000414546,-688.986570397061,-3.699672880437769
139.32255170191434,-688.9863607202337,-3.738708385342553
139.32405095237422,-688.9812682501805,-3.599966112469559
139.32461705736577,-688.9660912032782,-3.7579507572345903
139.32375470421488,-688.9487024256732,-3.738157624221843
139.3250847017914,-688.9374990534313,-3.6170141612943314
139.32806803177013,-688.9301489880007,-3.7099144908459682
139.3313395986474,-688.9236741181962,-3.6250370426198275
139.33297783950874,-688.9148370412208,-3.6442623620506707
139.33508922685246,-688.8960638723505,-3.485709903703736
139.33767588153927,-688.8727047035028,-3.685818467622548
139.34032080171698,-688.84876055395,-3.7081492537635823
139.34088464723922,-688.8310097250497,-3.5527022621268385
139.34020292536073,-688.817615794291,-3.7455087548387853
139.33763734115766,-688.8018366235092,-3.760537469772955
139.33473147279838,-688.7858048195961,-3.597788406929346
139.33262020884672,-688.7640464969347,-3.806659456296396
139.33275300375277,-688.7398132111125,-3.8377527278856682
139.3357984995695,-688.7218100282788,-3.6910682216971624
139.33897255518343,-688.7069462446432,-3.84485929086743
139.3421271806325,-688.692512847992,-3.8208725822599208
139.34399927648664,-688.673695248157,-3.710834807863109
139.34558824105855,-688.6563146579937,-3.7844731115360957
139.3475104252112,-688.6388873270472,-3.680333637431304
139.3502932488832,-688.6262033922064,-3.7414653693507343
139.35279795585566,-688.6161151969935,-3.6248193234923867
139.35603275032247,-688.6024229595935,-3.7228628466029736
139.35854622298902,-688.589022425577,-3.643128591935783
139.35923523968427,-688.5779188176098,-3.6599661744258247
139.35790512139226,-688.5648031794991,-3.4990259791380884
139.35701320445185,-688.5522912244351,-3.703917519882219
139.35786427948935,-688.5386770648968,-3.7310312828485714
139.35905184874412,-688.5252743102882,-3.5803672680371466
139.35823649363516,-688.5067817869533,-3.7584208117333935
139.35703214981498,-688.4826205368718,-3.7586965776518624
139.35658847003134,-688.453811390331,-3.6192539815201195
139.35671389983418,-688.4347188390268,-3.7970819152321758
139.35695136766375,-688.4135744786108,-3.797132071166454
139.35638653244513,-688.3976449206095,-3.6718747058888193
139.35607993649555,-688.3805279879159,-3.8194928206107277
139.35952712665323,-688.35423657666,-3.789333157554858
139.36532049177237,-688.3264841919852,-3.7094429940555487
139.36903491957986,-688.2994814243197,-3.742739487087363
139.36570651028512,-688.2824295083072,-3.5982582023413996
139.36142753761325,-688.2666182787642,-3.7694631621158528
139.35907264209948,-688.2504622795575,-3.7628903441125274
139.3608356094202,-688.2318377672957,-3.643426277053176
139.36175263155036,-688.2162608788194,-3.768111757917083
139.3592003114388,-688.1992946086252,-3.7150194610032123
139.3559904225427,-688.1831113157081,-3.6951355808803945
139.35762622719844,-688.1614107806345,-3.6078529171505926
139.3610292391205,-688.1372763158505,-3.6801478440228235
139.3639159607708,-688.1107796441793,-3.5746649931172763
139.3641925909921,-688.0968807060166,-3.693148953998369
139.36394326863117,-688.0814323216762,-3.633855137101684
139.36523674611624,-688.0626190917885,-3.6423004676077246
139.36558660966847,-688.0268493476166,-3.508789540494435
139.36492144126365,-687.9886059147271,-3.6988826468103384
139.36488405997358,-687.9543352062507,-3.711197975348464
139.36579410108482,-687.9307633371775,-3.5969590081201432
139.36729312831386,-687.9115420359007,-3.7606879360224488
139.3688886332681,-687.8963317733568,-3.7466390861469767
139.36924696436358,-687.8721400422935,-3.7040880669841267
139.36935276442287,-687.8428107443681,-3.723790264697952
139.3706403313407,-687.8153279497519,-3.6112543186164254
139.37296727290075,-687.7904808777654,-3.7887245999957844
139.37259255066485,-687.7755223308842,-3.7884171035973653
139.37168282505263,-687.7621728994686,-3.7368802623405535
139.371911037085,-687.7513831497263,-3.8027669131055393
139.3735973687418,-687.7404392349816,-3.6908757860927466
139.37596200760663,-687.7245356895795,-3.9055603544097792
139.37842867749364,-687.7078664018027,-3.9424671449490334
139.37718111650224,-687.6861948176438,-3.8472249168737847
139.37562089686926,-687.6650594367387,-4.049309640861554
139.37525233529828,-687.6441594441239,-4.073616587071546
139.37553801377098,-687.6256517735067,-4.010849927631786
139.37512914393633,-687.6082946763821,-4.13966760062148
139.3741765128112,-687.5871478837819,-4.090707495833397
139.3747713446262,-687.5630870175812,-4.179787904144958
139.37772232031006,-687.5324726467576,-4.0910905346787425
139.3794598886691,-687.5057243127277,-4.2478894586155285
139.3825727301465,-687.4834060512517,-4.226910604774536
139.3875607991688,-687.4672049973386,-4.235707283224719
139.39490808338508,-687.453513799927,-4.1616292573009845
139.40015693815351,-687.4388819597345,-4.235111847666534
139.40491145665348,-687.4242700882686,-4.130816660254306
139.40744437696995,-687.4006895793865,-4.2520150503389855
139.41155206500522,-687.3740115991476,-4.195435662645887
139.41632695279887,-687.3511895448007,-4.20605858223737
139.42034603769557,-687.3288819226273,-4.059925492469441
139.42169102391657,-687.3102691175152,-4.255855267736663
139.4216589505984,-687.2933088801547,-4.274007265226107
139.4254621437485,-687.2661008130535,-4.114381484937774
139.42669118922296,-687.2441919169586,-4.319843001572107
139.42738792540447,-687.2236544482538,-4.347526740428663
139.42755584614613,-687.2039215756932,-4.197432701507441
139.42802806003817,-687.1883156009934,-4.350491142689686
139.43060774996272,-687.1641658463948,-4.325771806094152
139.43275091283704,-687.1353761323261,-4.189147057715436
139.43272117865158,-687.1030296578525,-4.303414659704167
139.431435954607,-687.0728887589349,-4.239904483915119
139.43238368911034,-687.0413972012465,-4.2031909595399135
139.43376453643256,-687.0100833917353,-4.106584713165366
139.4348017009344,-686.9758033727061,-4.1365719663004805
139.43493226697703,-686.940598094266,-3.9887814416578182
139.43282632305522,-686.9048906834594,-4.127143706982788
139.43030302834296,-686.8636849071332,-4.08772819452998
139.42896415033076,-686.8211477176332,-3.987665433037269
139.4287025308125,-686.7730434410822,-4.026197108321234
139.42866008380395,-686.724509896832,-3.88695100582742
139.42701940832148,-686.6714963094493,-4.016386475758254
139.4242593100844,-686.6175211289049,-3.96804416791131
139.42172702647136,-686.5624821656293,-3.912528800730142
139.41927632048336,-686.5025181110627,-3.8817253640842675
139.4176981178389,-686.4403756381254,-3.800786080260747
139.4150830836341,-686.3719577300177,-3.840016593561381
139.4122978747148,-686.3032577895691,-3.701469329084237
139.40951824271275,-686.2346589529166,-3.872646288711731
139.4067792586382,-686.1623804093667,-3.8660454705614473
139.40367669192267,-686.0844881081678,-3.7601398927142937
139.40013486740554,-686.0037150792783,-3.8858813195335875
139.39655556394345,-685.9235146768174,-3.8338449685751033
139.39507478145273,-685.8378458720324,-3.860853296239324
139.38992454095174,-685.7455782320064,-3.7252628864891495
139.3832923233802,-685.6533030758126,-3.954928899050645
139.37851314637783,-685.5631583297177,-4.006817133834361
139.37663832578443,-685.4690541686982,-3.8809275908403005
139.3753710405879,-685.3754964949837,-4.101998363205012
139.37054373052692,-685.2817413834232,-4.145291357791946
139.3732935150139,-685.180508634769,-4.032741169700692
139.37751961036443,-685.078400557788,-4.271995316834785
139.37992575230933,-684.9796176189031,-4.333471686191099
139.37905723844327,-684.8798663983239,-4.217170277769635
139.37590170116772,-684.7813402054318,-4.462852398519077
139.37192297129602,-684.6801936128204,-4.530756741490741
139.37646552261882,-684.5828272473601,-4.420883306684626
139.38264772500614,-684.4833350267498,-4.662820329924744
139.3907143773946,-684.3872895244695,-4.726979575387085
139.39452230517156,-684.2910806796652,-4.613361043071647
139.39249277527563,-684.1982554699268,-4.840565547498943
139.38562684049253,-684.1047978346289,-4.889992274148461
139.3951499402489,-684.0123704450324,-4.7616412230202005
139.41274696282773,-683.9231027385614,-4.960683402169039
139.42883205676108,-683.8331072205409,-4.981947803540099
139.43616733251824,-683.7483420764668,-4.825434427133382
139.44082698738498,-683.6623796670087,-5.026332033005938
139.44776169187105,-683.577400380964,-5.0494518611007155
139.45505277937278,-683.4938263138923,-4.894793911417716
139.46190078134427,-683.4082747884581,-5.0470172229425385
139.465273883515,-683.3280493930464,-5.0214627566895835
139.46913781049471,-683.2465813181517,-4.843904804668308
139.47304494880808,-683.1660233644257,-5.0007545213373366
139.4748500500877,-683.0796607036085,-4.979826460228588
139.47620907140904,-682.9886898147713,-4.806191750223392
139.4770488817688,-682.8989088663049,-4.968511667790378
139.47736223930008,-682.8118712349574,-4.953053807579586
139.48003162740295,-682.726038802235,-4.759818169591017
139.48560003476712,-682.6386299149476,-4.926249995388092
139.49249038418992,-682.5521488853663,-4.914904043407389
139.49872579261046,-682.4625802686359,-4.725780313648909
139.50391842035523,-682.367762221469,-4.909484519117566
139.50636286348134,-682.2752908115525,-4.915410946808446
139.50616957093706,-682.1811567669158,-4.743559596721548
139.501341258086,-682.0880289906366,-4.89255523357939
139.49318883273412,-681.9909318408472,-4.8637730926594545
139.48818530826486,-681.892782642486,-4.7125878471277565
139.4888142807646,-681.792544267454,-4.850897431741937
139.49056080727144,-681.6890470028658,-4.811429238578339
139.4879868939805,-681.5855503659072,-4.702081485760476
139.48294105505235,-681.4788502510893,-4.746468764181998
139.47911703848376,-681.3730269534434,-4.61307826482574
139.47970021684495,-681.2680645061317,-4.720230518965061
139.48403298454426,-681.1576345836933,-4.649604995326604
139.4865882707484,-681.0476817251263,-4.632305591775653
139.48751971880523,-680.9389773866554,-4.492518235143301
139.48729181863806,-680.8273932139065,-4.6226744197344765
139.4868352900729,-680.7155916047589,-4.575052826547874
139.4863395286788,-680.5990219089948,-4.526883087113955
139.48625363821435,-680.4768418093585,-4.484149669424133
139.4850171657113,-680.3532310792535,-4.444497766119519
139.48356816218723,-680.2310922423275,-4.39291524227856
139.48333103828685,-680.1075359808291,-4.363368883617559
139.48251655162895,-679.9795494790242,-4.306044117116206
139.48118750956306,-679.8433167371837,-4.331939225641405
139.4801851250139,-679.7049153907755,-4.185110431330411
139.47844099477052,-679.566411364825,-4.436154401036822
139.47451820968513,-679.4231330824462,-4.509420592965456
139.4693941510192,-679.2805270176866,-4.40490900711631
139.46410271313817,-679.1358169049275,-4.604739562651096
139.4572086109751,-678.9919263041721,-4.626792340408103
139.45009202540862,-678.8451598276949,-4.57688956267602
139.44385526793397,-678.69563885485,-4.702698429242158
139.44075962107286,-678.5476935032342,-4.650729518030518
139.43833622331204,-678.3979007208649,-4.80791196714057
139.43977951925055,-678.2494599496943,-4.787316638472846
139.43992051594222,-678.1042185161754,-4.891964317097396
139.43733326972048,-677.9586443839082,-4.81883421794417
139.4342371713068,-677.8158936551057,-5.05742994719238
139.43231711363214,-677.6722907284726,-5.118247898662812
139.43271468270333,-677.5309686038964,-5.073005916538973
139.43644656725246,-677.3878458877256,-5.26534467721142
139.4407922392058,-677.2463985763104,-5.279905660106089
139.44314375241666,-677.1077069298308,-5.35716643107115
139.44218654569113,-676.9697291419772,-5.294155934948017
139.4426363196962,-676.8328662543871,-5.53130382641891
139.44459309306154,-676.6998101745844,-5.5906739401120245
139.44846788107773,-676.5714558094741,-5.544991245542727
139.45349249726118,-676.4448770493839,-5.720572995817403
139.45990939564794,-676.3237283082188,-5.718376968314303
139.46651348792054,-676.2027610196022,-5.7560267177100135
139.47347176076906,-676.085187778489,-5.692874424595005
139.48040190763004,-675.9669272774166,-5.836935158336913
139.48640653387147,-675.8526681403675,-5.803218114301043
139.49214065686027,-675.7420627394058,-5.845431522291068
139.49773912722713,-675.6315424735863,-5.709867152503316
139.50405217771328,-675.5254768563534,-5.922600499369704
139.51041835861636,-675.4183635465054,-5.957556068458314
139.51670462436334,-675.3125640874297,-5.814733859769145
139.52247483574402,-675.2046743241488,-5.982860585551982
139.52764910435621,-675.0979009322157,-5.97320953355704
139.53221815037224,-674.9894222583486,-5.810327359057022
139.53495850321463,-674.883782669234,-5.965772498512617
139.5356496990707,-674.776357326782,-5.943439860190432
139.53756567763293,-674.6713311051996,-5.743329444090471
139.54052069659681,-674.5640117473868,-5.936166848399276
139.544462830038,-674.4585778598613,-5.951226474930303
139.54772498714345,-674.3511645705714,-5.788508323683551
139.54833897608074,-674.2397968343763,-5.900022834204182
139.54882526576392,-674.1275847721594,-5.833759566947035
139.54968976614305,-674.0151606385118,-5.750931466023871
139.55020694687818,-673.8983890115901,-5.709246443610387
139.54982597489183,-673.7811801935964,-5.58174709292005
139.5472156795183,-673.6588273516886,-5.652910197772124
139.54378597700156,-673.5371858343051,-5.546295524846419
139.5398305043809,-673.4139694834072,-5.57010220528297
139.53541546668333,-673.2930083539079,-5.416131107941743
139.533024640951,-673.1711803825302,-5.534721033203554
139.531485104911,-673.0505028183696,-5.475533180687588
139.53013772243315,-672.9297236387873,-5.406278011778269
139.52802482232966,-672.803918328897,-5.368102138934325
139.52537820216915,-672.6768508017967,-5.270952703635449
139.5201967010395,-672.5437949027511,-5.328453550181864
139.51458191617658,-672.408566124325,-5.2081766189505005
139.50896032928503,-672.2748260237603,-5.3236089787706105
139.50506177789023,-672.1373817401983,-5.261263560812942
139.50443972410352,-671.9919709387364,-5.269458502542033
139.50366048349224,-671.8458064539818,-5.133761008515811
139.49587422138254,-671.6907522385742,-5.343788473151279
139.49049507070094,-671.5310390703218,-5.376038160008969
139.49142851244798,-671.3679900321155,-5.23824084892205
139.49730897484255,-671.2061820729062,-5.479735911091049
139.5003974303459,-671.0402000426942,-5.543453195482269
139.499184004215,-670.8736976093778,-5.429392702095711
139.49712745937333,-670.7094591300477,-5.677002765323916
139.49411020609392,-670.5459612776654,-5.746835050774343
139.49258638984026,-670.3814897423508,-5.638889558446992
139.49220604415623,-670.2207999545077,-5.910233463789386
139.49123669083588,-670.0643803264749,-6.003799591354003
139.48810998901325,-669.9051353651139,-5.919587941140842
139.48870473058278,-669.7474177098711,-6.165567527165352
139.49250108006171,-669.5934770558376,-6.233769335412084
139.49565175859664,-669.4437096246811,-6.149646779491496
139.49657338218137,-669.2942775304543,-6.398776135850123
139.49539164279616,-669.148266204509,-6.470127714430973
139.49257403777716,-669.0058351933003,-6.38524170821977
139.49193511001386,-668.8635165971981,-6.634229855217749
139.49256233800767,-668.7210259041508,-6.705440224437951
139.49507832102142,-668.5833931037934,-6.598872815880375
139.49916827216964,-668.4481079929122,-6.858017648040375
139.50598062652844,-668.32094980817,-6.939384702422598
139.51365124137845,-668.1988645917276,-6.842973979027043
139.52179508180444,-668.076492069801,-7.014501570497265
139.52580929939285,-667.9590771626451,-7.008251384189707
139.53017250131916,-667.842924568234,-6.918011038510776
139.53454344568567,-667.7244097177146,-6.994707976782201
139.54173021844255,-667.6107932938477,-6.893627137275849
139.5493779449983,-667.4979626555618,-6.91760142863427
139.55700909464724,-667.3897596545809,-6.763797942214913
139.56494084145316,-667.286477957075,-6.821081167893054
139.5719967895137,-667.1881063044065,-6.700586615793417
139.5787772265638,-667.0890775019878,-6.661397297079283
139.58417412852938,-666.9896883459202,-6.453677442694821
139.58716245642785,-666.8836886537869,-6.641633211229526
139.58962656884947,-666.7778744056175,-6.651811201986454
139.58989568191015,-666.672373715548,-6.4842114149656025
139.5901326343796,-666.5633499691352,-6.591424101967029
139.58953845140672,-666.4551721714026,-6.520859011190679
139.58919715861438,-666.3432069809738,-6.414125322009762
139.59137707557784,-666.228391372492,-6.412811082652222
139.5882773423401,-666.1054581690533,-6.2337190655169055
139.5812893197126,-665.9806018299612,-6.423086480992381
139.57362302441783,-665.8520521538944,-6.434676118690079
139.5688065507894,-665.7237725169367,-6.268487978609999
139.5662729868969,-665.5939241981931,-6.433223664563953
139.56423203786034,-665.4656088747366,-6.42018157274013
139.56149552751458,-665.3377859682712,-6.24799595253032
139.55948193527632,-665.2059754709849,-6.441437561436347
139.55764156441586,-665.075242093718,-6.457101392564596
139.55791534532764,-664.9461745707093,-6.294987445915067
139.5561422850431,-664.814598512213,-6.464861239655142
139.55234240671,-664.6827547172289,-6.456957255617438
139.5481912074813,-664.5527324866981,-6.301670464944831
139.54402878335137,-664.4190197741143,-6.4757963377579015
139.54238909093993,-664.2872884348101,-6.472144432793193
139.54250926494208,-664.157826882543,-6.302332579271106
139.54380281419665,-664.0263938519822,-6.503713145908589
139.5457233080234,-663.8960269066419,-6.527315934768294
139.5460974326302,-663.761003730457,-6.373140945850221
139.5461569625097,-663.6269696377202,-6.553748143692203
139.54327628235214,-663.4942200687696,-6.556577563756408
139.5398485298605,-663.3593487317792,-6.396475506281824
139.53718144649304,-663.227610322418,-6.5844817216147975
139.53593820658057,-663.094514333738,-6.594710159169993
139.53622941699336,-662.9626308610332,-6.427160818947409
139.53764648692314,-662.8316353453574,-6.638131322992646
139.53926857487284,-662.6975960239771,-6.6713240492601065
139.5396748189535,-662.5644436118043,-6.5267389977497885
139.53983211656674,-662.4345907491129,-6.680607799961377
139.5395267210982,-662.3042081481427,-6.656698824395187
139.5399544637489,-662.1763917076195,-6.536152970640805
139.54134586168348,-662.0470503330064,-6.628678293344891
139.5433208685709,-661.918832826681,-6.543425838271201
139.5457951749287,-661.7883969652141,-6.56300612832221
139.54710037326794,-661.659783187193,-6.404808640595442
139.54815318718266,-661.5333629995932,-6.580167558038777
139.54831921752566,-661.4049128394123,-6.577748697704335
139.54789486316724,-661.277472864771,-6.420261657106774
139.54817980046383,-661.1512296290994,-6.603454924199186
139.5486025436499,-661.0227545339066,-6.608870413513819
139.5490468356663,-660.8948407126079,-6.436508125050675
139.54989978529568,-660.7692672537688,-6.65242693744737
139.5500010022751,-660.6404526899473,-6.6905679720662885
139.54995043319417,-660.5120023789259,-6.550931228907429
139.5498702261059,-660.3811851006658,-6.704254730523587
139.54896389880585,-660.2513460524709,-6.679800454361967
139.54749457078506,-660.1205110278634,-6.574552039695308
139.5459335397297,-659.9913375727677,-6.64752077418418
139.54478703606472,-659.8604757873803,-6.542711730895275
139.5457948548188,-659.7315481479933,-6.6095433594642
139.5476298713011,-659.6052498642333,-6.498597210255348
139.55001489598348,-659.4778265827455,-6.574703627403711
139.55165466862152,-659.3515816550488,-6.473032266774296
139.55188829186207,-659.2218709926376,-6.538601526825675
139.55101602924816,-659.0920835127044,-6.426393009099279
139.54829055053162,-658.9574029800926,-6.534885881430686
139.54482252429185,-658.8228415156311,-6.465600975984316
139.5412553115873,-658.6859509611832,-6.479230256855219
139.53895099528157,-658.5497219210678,-6.315081759948344
139.5369320307542,-658.4112959968339,-6.538389430921247
139.5358219618558,-658.2680847533654,-6.583919324116372
139.53367568195193,-658.1255443392905,-6.451671439533718
139.53135268471672,-657.9851653325388,-6.618486652282221
139.52861671553148,-657.8417199975702,-6.607524087252946
139.52501573018466,-657.6992926194998,-6.523057552539573
139.52129295561934,-657.558274911075,-6.609249440020106
139.5163649915597,-657.4140496106546,-6.51766354972286
139.5116767428678,-657.2704144405524,-6.634596419487911
139.50833689234196,-657.1234449967106,-6.573751511475184
139.50531422154572,-656.9783095968778,-6.645653331325405
139.50239797579115,-656.8356051537556,-6.5397773733978495
139.49995515720676,-656.6919675873888,-6.715484925282917
139.49805243303183,-656.553053797317,-6.713414699390206
139.49628478870483,-656.4136115364074,-6.656560485243058
139.49580307795563,-656.2764574268188,-6.7183700674778954
139.49722807158597,-656.1366253614973,-6.602401871934955
139.49654836173835,-655.9953806499583,-6.820619191018312
139.493814711513,-655.8491386672955,-6.861058732323892
139.48988604068197,-655.7039771163836,-6.762948985896061
139.4857742401594,-655.561096171657,-6.978597005815067
139.4825074037504,-655.4164367660482,-7.016467247956296
139.4815111329486,-655.2738879353647,-6.939576893023371
139.48016003334186,-655.129930803036,-7.127399496098029
139.47793585027964,-654.987330511816,-7.1374443213949075
139.4768006833521,-654.8466207929594,-7.155198505741773
139.47754390869227,-654.7048415045771,-7.154600455734224
139.47783090883667,-654.5618264966132,-7.197216076861943
139.4780225821621,-654.4222374470685,-7.141019754825408
139.47778179743645,-654.2822806334678,-7.302232107750228
139.47868994559443,-654.1450585417383,-7.285666682897271
139.48104874222201,-654.0072967752432,-7.361139239796
139.48201967676926,-653.8713863522518,-7.258834018916951
139.48187789672022,-653.7335124795325,-7.522032438184192
139.4815155901793,-653.597206789724,-7.607453079673657
139.48070188669968,-653.4627444174196,-7.515095943385343
139.47980947650402,-653.3271159512443,-7.7606965765529665
139.4809691281324,-653.1948205378136,-7.828519431942812
139.48293336596907,-653.0624439363675,-7.71856450955488
139.48544302966485,-652.9323444534276,-7.976615383252774
139.4884367522043,-652.8015124757242,-8.056888479172892
139.49312737579197,-652.6701742760843,-7.9593837973152315
139.49768000183158,-652.543879197563,-8.142161475179863
139.50214027990233,-652.4203889399377,-8.147161375266716
139.50651865331346,-652.2994541746001,-8.060758572853414
139.51246282003743,-652.1789406910493,-8.147729360384897
139.52069071727502,-652.0630912111776,-8.056922370138599
139.52966900829907,-651.9526897246442,-8.08735161534712
139.53620390905252,-651.8423186579203,-7.940003082777862
139.54092341316334,-651.7335233969962,-8.060553143319117
139.54562516055387,-651.6274101631652,-8.003325426082593
139.5510778206374,-651.5203042785228,-7.866896804002942
139.5561924476495,-651.4153409251886,-7.9050628836892844
139.5595222822409,-651.3084428902523,-7.765451185597848
139.56080335625617,-651.2010391354926,-7.826131499176785
139.5628902362147,-651.0883382012802,-7.709034034977946
139.565519263958,-650.9749522444639,-7.733340722882059
139.56780866397483,-650.8618134389571,-7.579869633008395
139.56794246697945,-650.7456575933905,-7.693599186286011
139.56435613649447,-650.6301414451711,-7.629550961785851
139.56007678490064,-650.5163961327514,-7.546080166797315
139.55818546875219,-650.3958511430461,-7.531187560216539
139.55638799174466,-650.2715664132927,-7.38892551691647
139.55381173557168,-650.1428062294641,-7.52969650106551
139.55029503032006,-650.0141626552127,-7.492689707436773
139.5466402506163,-649.887372000377,-7.406129542308885
139.54300983511123,-649.7556209520711,-7.4337533722569065
139.54025725835527,-649.6184387288694,-7.28359942442715
139.53771939710748,-649.4821213067518,-7.464761220763725
139.53484990632128,-649.3475049148544,-7.468145239322522
139.5298997890519,-649.203505939908,-7.34771302071539
139.5250146148204,-649.0588606559957,-7.501575546095523
139.52062435167446,-648.9122855098833,-7.4776602936978795
139.51680617671033,-648.7670001267425,-7.424392960083808
139.51356738898207,-648.6189527549784,-7.4404191384792115
139.51049054145977,-648.4657349925546,-7.308248479342657
139.50666850825456,-648.3165280268424,-7.5115302405541895
139.503162462385,-648.1676177195404,-7.537034223987943
139.50100147774606,-648.0200650238465,-7.409450260433685
139.4999633504681,-647.8702068221463,-7.625258891364165
139.49875211469475,-647.7220188358913,-7.6632897445168675
139.49752348368665,-647.5715951218631,-7.526533867580922
139.49589818082816,-647.4216351773243,-7.790308796840002
139.49257399235134,-647.267996750339,-7.876305948321305
139.48772352632034,-647.1121223733815,-7.78452532202483
139.48428123362868,-646.9533421309019,-7.991244122099298
139.48445664376763,-646.799924256544,-8.020185144395988
139.4857637664174,-646.6471314655794,-7.950072228676601
139.4860466413805,-646.497456299876,-8.104007043259248
139.48283175480682,-646.3479040393593,-8.080164080064119
139.48800481653484,-646.2005033253628,-8.122004910204515
139.49478189548972,-646.0513626197137,-8.022650550562311
139.50219405943372,-645.9052234724369,-8.24052543066405
139.50634071182168,-645.7583159491512,-8.28062253298801
139.5019672872867,-645.6145725465506,-8.190332463430853
139.49595204718273,-645.469239652035,-8.388323505345491
139.49380243849092,-645.3293411491917,-8.408536769482351
139.499032528294,-645.1907094145012,-8.333376032825702
139.50566417429667,-645.054302684779,-8.46476698680366
139.50755025924053,-644.9206898517621,-8.41838016300384
139.5064052965423,-644.7848605139336,-8.483216597585667
139.50631485267405,-644.650109003503,-8.370275254389714
139.5076685988846,-644.5132228578115,-8.574519364976364
139.51011504094257,-644.3786761658065,-8.600985697785237
139.51274522832745,-644.2469198063806,-8.48682021005016
139.51578542433484,-644.1145589372492,-8.66796650528955
139.51886438372358,-643.9847774096486,-8.671335022751164
139.52313930614392,-643.853910420969,-8.57749441766895
139.52759262227394,-643.7246875594681,-8.696123659960934
139.5316076144276,-643.5976313596555,-8.636975124475141
139.53301206189758,-643.4677292914666,-8.676967502543885
139.53346375940015,-643.3386966567947,-8.539182102834854
139.53289714943364,-643.2082259285191,-8.732006693305834
139.53460071420395,-643.0830084985473,-8.747053505999038
139.53755541877823,-642.9571737094624,-8.584322540914462
139.54153966218155,-642.834233543333,-8.770985241878305
139.54649625966675,-642.7093541174909,-8.77987016506437
139.5507537230263,-642.5846344582069,-8.61097731047266
139.55316814230406,-642.4604920985,-8.792004346129982
139.55065872546908,-642.33150722338,-8.795253604009527
139.54720023089538,-642.2033882967345,-8.620725084111296
139.54360110825237,-642.0729980289628,-8.817910938998518
139.5424908252953,-641.9481039323299,-8.837319016107962
139.54600432318855,-641.8242755637434,-8.67894931543963
139.5503926075041,-641.696515677564,-8.827424168021073
139.55489343794935,-641.5697865173584,-8.79812124282474
139.55770832136534,-641.4438374281814,-8.67205043381223
139.55644642592247,-641.313931629145,-8.763099369195308
139.5535657883319,-641.1854909261677,-8.676370526800609
139.55122370471304,-641.0557228435111,-8.670526157846725
139.55354353041113,-640.9244966532056,-8.486904011115064
139.55758585600714,-640.7940256138543,-8.695165000591386
139.5619151907298,-640.6647434150314,-8.725648212289931
139.56418524340617,-640.5324514422529,-8.578353646210697
139.56313471003523,-640.3951243338519,-8.7301961804739
139.55979055592942,-640.2571059616456,-8.704260936959324
139.55562457231284,-640.1200927090832,-8.59334336158028
139.55094280567218,-639.9809624467082,-8.674553494080843
139.54951157866338,-639.8446159683244,-8.57798584880363
139.5499828148095,-639.7073182855427,-8.6219898684135
139.55165095267256,-639.5721919289251,-8.488216110245594
139.55394541291827,-639.4390127457235,-8.60937277821499
139.55509872753925,-639.3030308789218,-8.552751668406607
139.55313096589398,-639.16350866195,-8.534721843318382
139.55056697493887,-639.0209960242523,-8.429911014068033
139.54586509265982,-638.878274815479,-8.52635937175213
139.54203628110838,-638.7336839274597,-8.445029951658448
139.53966853791124,-638.5911843962208,-8.486097253642324
139.53968179406598,-638.4464542407823,-8.349386777848421
139.54099417267022,-638.300470567159,-8.533948935706116
139.5413139330464,-638.1508172910347,-8.540733315786035
139.5377328442961,-637.9950153854485,-8.432206257387994
139.53342251676048,-637.8401996032936,-8.583493430308128
139.52861519945944,-637.6826966480602,-8.557002825450484
139.52624263271804,-637.5277158557966,-8.552759133915078
139.52439075925997,-637.3754436673947,-8.508051521959636
139.52431380665888,-637.2216121820003,-8.556143379372722
139.52377159933286,-637.068019329444,-8.42645745900803
139.52232094134382,-636.9111635240251,-8.694441683810354
139.52029855813578,-636.7550664105996,-8.784648130834896
139.51695859266735,-636.5970744167415,-8.69707680008166
139.5138132791446,-636.4425877773762,-8.894086438849888
139.51034096269225,-636.2918189077805,-8.913318299840336
139.50561885193235,-636.1408996382839,-8.882918605661347
139.50071394121957,-635.9920966961956,-8.968777488410678
139.4987186736908,-635.8441959947654,-8.876858593382233
139.497333711937,-635.6943125514426,-9.129119629111482
139.50225584190534,-635.5465731242687,-9.203602887062953
139.5063142754808,-635.3995539055109,-9.100308367236646
139.50726580538904,-635.2559981128809,-9.371540666410075
139.5059379772496,-635.1168140211939,-9.464995187805728
139.50581760661197,-634.9782651101106,-9.380671931423601
139.5104613283015,-634.8434510418834,-9.595656517686502
139.51599182441467,-634.7113012978646,-9.632863326171625
139.5203872416901,-634.5785256594911,-9.57534968083769
139.52449313059668,-634.4475132068815,-9.72530014501679
139.52190849674284,-634.3152695685283,-9.697472831418116
139.51843318424062,-634.185480046994,-9.768520476890757
139.5185269404532,-634.0617125775743,-9.661790344585622
139.52385406587592,-633.9419657670315,-9.847245168990254
139.53015210157912,-633.8247261540141,-9.854922215617108
139.5365547472751,-633.7062082772202,-9.771796624149141
139.5428872551197,-633.5891203352519,-9.881406436489781
139.54952633972692,-633.4705365198681,-9.813238471052642
139.55695365048336,-633.3553862773977,-9.846741150569903
139.56320097360555,-633.2441995529583,-9.702466052309386
139.5666576706054,-633.1323486322061,-9.85926113514919
139.56745196935674,-633.0223645297309,-9.838278440211216
139.56852560287618,-632.9143180092575,-9.68908819129698
139.57374827833917,-632.806385889031,-9.788605938908297
139.57931581747314,-632.6982019056751,-9.710345908741836
139.58487314656256,-632.5923257219009,-9.634642419552495
139.59034939607378,-632.4884168926568,-9.553314540213488
139.59491021189854,-632.3800646821123,-9.489530808092637
139.59881240938316,-632.2707274711912,-9.391846485425178
139.59923849639108,-632.1588905005277,-9.373444261960257
139.59732063473288,-632.0489637037209,-9.177264260717559
139.5945488151517,-631.9375334561288,-9.370382041229274
139.59493451430887,-631.8206637485677,-9.385722043963213
139.5967675650479,-631.7019114070757,-9.223284268919373
139.59721957160392,-631.5824252387656,-9.381178929571375
139.59656760745233,-631.4573574417078,-9.3612958124456
139.59323834376045,-631.3304951720143,-9.22390231456675
139.58736585857747,-631.198354715629,-9.364769609900222
139.57983624888556,-631.0633526195074,-9.327859127455916
139.57167163540748,-630.9268324474723,-9.275396766611166
139.56431747345275,-630.7844071693678,-9.262338227136283
139.55887443877268,-630.6436460295604,-9.164490658425471
139.5547123749297,-630.5025903202895,-9.245207398478144
139.55333147682876,-630.3659387116579,-9.148146360753037
139.5529371179826,-630.2298927460324,-9.207429265970491
139.55192434231316,-630.0924556738527,-9.088934393410169
139.54997917608858,-629.956695040944,-9.1910453352651
139.54746452967262,-629.8236094026689,-9.115378499342254
139.54487175107852,-629.688275981287,-9.128438249483628
139.54312333223325,-629.5511413008322,-8.963720221847222
139.5419793184058,-629.4139576173517,-9.191964415980646
139.54138312266738,-629.2724023012088,-9.242430832336291
139.53843919199736,-629.1307574452518,-9.115119470914157
139.53178047246604,-628.9843856303946,-9.293555399376183
139.52570549695136,-628.8379217117908,-9.29421355006043
139.52599900322514,-628.6918833037246,-9.213245618555087
139.52879403154512,-628.5433314329028,-9.319394267866842
139.52095450164936,-628.3921229405817,-9.247765139400821
139.51274222231342,-628.2433532002958,-9.343746377581626
139.5189561899511,-628.0904634911677,-9.261949837984652
139.52426925277712,-627.9397419974678,-9.39443769176466
139.52316123774727,-627.7861026303193,-9.349147767766889
139.51955276558223,-627.6348843372583,-9.416399467228652
139.51549552248315,-627.4820342525162,-9.305873388912637
139.51592533932137,-627.3310316773099,-9.542064005652314
139.51930156630755,-627.1778706406357,-9.600476844614214
139.51746616898396,-627.0256366464117,-9.486660865564701
139.51461455022704,-626.8757531663736,-9.760697619473627
139.50913446576132,-626.725024354222,-9.856956595604778
139.50361729379955,-626.5774986187538,-9.77543779395815
139.50187072633986,-626.4292627535267,-9.985996935358509
139.5041902309622,-626.2821753279867,-10.01877829898109
139.5097557392685,-626.132323278214,-10.001886321233632
139.51548062774907,-625.9840495327471,-10.102284938944706
139.5170457494061,-625.8410660080768,-10.024905778878002
139.51899043596816,-625.7014122932502,-10.236795042135862
139.52262604441347,-625.5613725043363,-10.270906527615946
139.527781908582,-625.4240667331585,-10.22580330400421
139.53193471827143,-625.2913067809402,-10.348881062616698
139.5337727437717,-625.1583059118343,-10.294181043451406
139.53471100496031,-625.0283786494892,-10.428539218948378
139.53792174690528,-624.8978757406719,-10.385119616667573
139.5411306544494,-624.7711599661521,-10.46650087501868
139.5438828906505,-624.6439655761741,-10.370104355592009
139.5469153163348,-624.520532449984,-10.533291364997352
139.55242642986158,-624.3969777365684,-10.518700596624917
139.56082067845333,-624.2763843727429,-10.459184998155385
139.56926150252255,-624.1558797177877,-10.479252825899467
139.56978359441163,-624.039154648588,-10.32154287586577
139.56871451455783,-623.9248455864127,-10.5158455659399
139.56651929393556,-623.8151023434153,-10.532370478236254
139.57029539940848,-623.703975279265,-10.371117612754828
139.57274628771148,-623.592923480241,-10.520161561258409
139.57366349772462,-623.477971026495,-10.49142773198421
139.5783711495374,-623.3583782100355,-10.334965711943003
139.58253793643985,-623.2411955299787,-10.44916473381144
139.58653728939098,-623.1261614753188,-10.385585977902098
139.58798049808763,-623.0011469634045,-10.280874352013761
139.58889195229858,-622.8726378997643,-10.273231395634769
139.59009475937475,-622.7534478324619,-10.087810661478
139.59257073043443,-622.636006934273,-10.27182943217845
139.5952661204802,-622.5205861404589,-10.27807042510112
139.59591194877586,-622.4017157965873,-10.106533640246012
139.59408534627462,-622.2817981431505,-10.27880950026058
139.5917902359607,-622.1617391899827,-10.273307582497372
139.58902162120867,-622.0382732597583,-10.099575001576431
139.58578701475662,-621.9150641162412,-10.289839301824724
139.58250521325635,-621.7893919712179,-10.30232582429524
139.58008375836775,-621.6650145630671,-10.137034568987977
139.57869014460437,-621.5418454698734,-10.3195389751084
139.57752191935063,-621.4164031112186,-10.324265603451046
139.57847049766914,-621.2894243907947,-10.151214454015912
139.578184501366,-621.1580385398187,-10.369588493884315
139.57601121319703,-621.0280505281683,-10.41018475597494
139.57267004230889,-620.8993712472153,-10.273003240287787
139.56996414708507,-620.7672887066198,-10.421865330355079
139.56742379083732,-620.6364040213399,-10.392949642644592
139.56577578300698,-620.503353711536,-10.302686822274328
139.56391901652705,-620.3725821034556,-10.342217204866687
139.56327890566266,-620.2402683208126,-10.203969809681267
139.56124678527593,-620.109119010388,-10.350006345755858
139.55608871980797,-619.9796571623775,-10.31826510405267
139.54873615781045,-619.8476984864661,-10.234688546910792
139.54228126627766,-619.712441635032,-10.264679639289593
139.53979726729514,-619.577218579269,-10.116892953890613
139.54389566369713,-619.4367930105446,-10.298017261768367
139.5492522508716,-619.297324102872,-10.301363791868342
139.54368918251635,-619.1557634185411,-10.149524981203951
139.53602130224948,-619.0157976863891,-10.339093920221169
139.52598640278634,-618.8781415684188,-10.350885081460609
139.52589459583186,-618.7370011491851,-10.190828260067175
139.53354560196692,-618.5938947556609,-10.420137267132729
139.540991911966,-618.4457069026535,-10.471668496420504
139.54294915744006,-618.2973818738808,-10.345421947930502
139.53309630918463,-618.1499104770312,-10.534244176830729
139.5210215715807,-618.0004405108767,-10.545288627953179
139.51566085237522,-617.8567908481579,-10.431167546594901
139.52116984485588,-617.7120815968847,-10.587732592249779
139.53288465178073,-617.5688096261409,-10.56651986012688
139.5382766776737,-617.4240049795316,-10.535172226352815
139.5361639052143,-617.2817727971675,-10.535071065100201
139.53422288807047,-617.1378112986905,-10.470946597633729
139.5348096053447,-616.9955513894138,-10.547691892726636
139.5367166361902,-616.8548354944645,-10.446659410041763
139.5384499408668,-616.7125736951089,-10.613570160837371
139.53601362664315,-616.5732544382406,-10.602703133855199
139.5352438162195,-616.433056230412,-10.568940904327086
139.53810536608185,-616.2950868291248,-10.5935580759556
139.54206315707003,-616.1540303095198,-10.492580031706202
139.54618390770045,-616.014362503419,-10.671220973499326
139.54699153291702,-615.8749108265946,-10.672084137514672
139.54548060238105,-615.7323994661405,-10.65021077668091
139.54352744948446,-615.5925314416422,-10.679316348292963
139.5431580747347,-615.4521430962393,-10.596756801857557
139.54311070894406,-615.3132384320121,-10.764579448459898
139.54394975192542,-615.1723393703559,-10.754624317284462
139.5457772547165,-615.0318168825352,-10.782026050314867
139.54777645831876,-614.8929593626417,-10.732901704314642
139.54731579118757,-614.7525519210609,-10.85309330995958
139.54472525717554,-614.6138314009786,-10.79550713782674
139.54174559293776,-614.4774211792593,-10.950803294296765
139.53831981343507,-614.3387375181437,-10.928321672989012
139.53608553307677,-614.2011608923292,-11.024286484310514
139.53535510675692,-614.0627240966977,-10.942473517854234
139.53534650619687,-613.927723257085,-11.161957510724713
139.53548239310783,-613.792700287284,-11.203663725817414
139.53564524489917,-613.6583647736824,-11.164600897057918
139.53663250688552,-613.5214017452919,-11.307009164773255
139.53777060985155,-613.385450465903,-11.271639654710816
139.53851202799353,-613.2532741767324,-11.409253821292628
139.5383422312238,-613.1215122817181,-11.369090210096665
139.53840327302578,-612.9953925458196,-11.48720659917223
139.54015405883646,-612.8691585002106,-11.427545210470017
139.5438605600507,-612.745105810197,-11.579194221170443
139.54831793410617,-612.6240732517824,-11.553065454093089
139.55286208896553,-612.501917182741,-11.6173540749966
139.55612519422766,-612.3816844090003,-11.50386491812233
139.55826434762886,-612.2609169382131,-11.734063729912386
139.55891450936502,-612.1421689987121,-11.786484763924664
139.55966829269016,-612.0220667139413,-11.661128020159163
139.5608445243036,-611.9058585703889,-11.878481567554374
139.56290985028068,-611.7937193264551,-11.91805733717181
139.5663556216054,-611.6813611761365,-11.779855329011465
139.57044091991864,-611.5705572271233,-11.969597880297554
139.57418357716466,-611.4569626634238,-11.981562653805867
139.57698314396086,-611.3444255439153,-11.817477307643136
139.5791436099393,-611.2347582189445,-12.001239113645589
139.58032419579365,-611.1304992326143,-12.007223141870263
139.58129201506878,-611.0288047084845,-11.83542939231716
139.58261418315394,-610.9243938433599,-11.975576885778432
139.58522041683278,-610.8196962201184,-11.937946601461928
139.58928017497357,-610.7164302781174,-11.786485404736016
139.59274978811322,-610.6114722324284,-11.885922259755242
139.59482002664356,-610.5088969470961,-11.807581336996689
139.59575961352624,-610.4064472845598,-11.725945589287727
139.59481526262152,-610.3058886973388,-11.647797745358554
139.5959733327055,-610.2016433806435,-11.57795802422496
139.59876741665715,-610.0926482070021,-11.493596877385531
139.60184896529947,-609.9842532155519,-11.445883667098938
139.60330151374367,-609.8736621004185,-11.311904463062778
139.60358449257038,-609.7629761675191,-11.373350978608997
139.6028081995525,-609.6467130265568,-11.257019716377437
139.60100975944417,-609.5273026308755,-11.308783515509091
139.59533291217707,-609.3981432876558,-11.182769536862967
139.58896112086157,-609.2688710878095,-11.282624289884438
139.58171962843514,-609.1393668545915,-11.204701265128133
139.57481785256763,-609.0045256082382,-11.228365164036452
139.56931595637985,-608.8684867014281,-11.074251285166993
139.56499361865158,-608.7278283714236,-11.284356040902024
139.56178999919618,-608.5866092974735,-11.316683018859276
139.55885568598322,-608.442200301564,-11.171232219038751
139.55560629980664,-608.3000266936486,-11.375027000866128
139.55234011252966,-608.1603221879782,-11.401044004915727
139.54665123969605,-608.017192633504,-11.249283231187547
139.5397374048314,-607.8741852451548,-11.486755155611764
139.5351426854342,-607.7289695062206,-11.546449302258203
139.5360086918064,-607.5849684987897,-11.428365671126864
139.54124163790846,-607.4394006742097,-11.601204237393588
139.54439710338974,-607.2955897841493,-11.596265025882534
139.5454477505711,-607.1460529247628,-11.528683646762408
139.5481176026659,-606.9991349512887,-11.592826858604463
139.5502519911803,-606.8552391439534,-11.479192292668737
139.55019382011972,-606.7109560657724,-11.644690559949552
139.5472321866881,-606.5682386705341,-11.632411049452593
139.54660842623557,-606.4244170592833,-11.577786861434797
139.5464611116386,-606.278153401079,-11.617750297296169
139.54641118135368,-606.1334815277338,-11.479935955379766
139.5472027713841,-605.9907749002259,-11.70013586315141
139.54774074064161,-605.8449958161434,-11.742557993145276
139.54328877907065,-605.7010862099416,-11.607202345361367
139.53831281478745,-605.5595972137155,-11.831451614930415
139.53659170812048,-605.4167468496531,-11.877923106721685
139.53760116204938,-605.2756558616455,-11.746616820735179
139.54037437141938,-605.1318371540118,-11.96013491657216
139.54387155734426,-604.9887005462946,-11.995875234631367
139.54664246749147,-604.8434694125372,-11.859320846012228
139.54717360287214,-604.7007026608075,-12.094313300974333
139.54848300715187,-604.5620983570633,-12.151527978158661
139.54992944257276,-604.4220311374585,-12.030964877565212
139.55097026825146,-604.2853007351382,-12.219082987759691
139.55068316912764,-604.1473245286633,-12.22942332017639
139.54972390156416,-604.0127006007384,-12.122541611081875
139.55152028767367,-603.8796715577207,-12.2561798599787
139.55384225591533,-603.7488534602962,-12.212040331097747
139.5562363170351,-603.6168891871538,-12.193583916858065
139.55902141452788,-603.4873920596414,-12.113004028185363
139.5610237756865,-603.3571918759574,-12.147493649931977
139.56243044488622,-603.2295223725404,-12.00420549390081
139.56451930306557,-603.1023649714475,-12.144730103836041
139.5671255575023,-602.9767077849683,-12.107476935993494
139.57020889112738,-602.8519093213974,-12.00348332746932
139.57252245540082,-602.723562402779,-12.056303399555839
139.5734153840009,-602.5942849493268,-11.93134569386458
139.57277948603735,-602.4623933349127,-12.038277535274238
139.57020242219878,-602.331444013489,-11.96743159890612
139.56686311009312,-602.197461096568,-11.955317547804869
139.56547395188397,-602.0651858842547,-11.819159926894285
139.56613902581535,-601.9347245714382,-11.950261892897569
139.56432726512335,-601.8040245994146,-11.903586081123075
139.56081390476987,-601.6684104062625,-11.867907000360294
139.5565995256091,-601.5316958818541,-11.812284711371747
139.55271554719053,-601.3912105644306,-11.806667258257662
139.54895288772457,-601.2491015462517,-11.698109032886428
139.5452680054282,-601.1044222272916,-11.818859973147585
139.54206175244727,-600.9616971762669,-11.761833135630967
139.54105193648294,-600.819583068444,-11.760792267056418
139.54008510308233,-600.6804301054616,-11.638951333475983
139.53872995004727,-600.5371248802542,-11.793700765130717
139.5373164063729,-600.3954379880269,-11.770672419007676
139.53714328830293,-600.2510036426406,-11.727810513811702
139.53804205081084,-600.108482872868,-11.727661194131732
139.53791040703425,-599.9675540024994,-11.638263119649887
139.53387499871224,-599.8218136115012,-11.764972661287727
139.52665222995503,-599.6747267797158,-11.713904425147787
139.52177115737757,-599.5219212280473,-11.800975611322318
139.51742784373494,-599.3701451669147,-11.710269019719075
139.51448585345108,-599.220322930092,-11.908082721246215
139.51268730281188,-599.0703947077218,-11.928118644995578
139.51073235282183,-598.9238060451825,-11.886098990524758
139.50836326002815,-598.7757034444764,-11.990491030360563
139.50635569910455,-598.6265368486805,-11.917105292418588
139.50444899653257,-598.4746033787845,-12.125318715890929
139.50217891651195,-598.3242773656405,-12.155754361585492
139.50438933547298,-598.1733725915892,-12.144061007724119
139.50910886160514,-598.0244982665876,-12.235880608441361
139.51220797591097,-597.878556244018,-12.149922431380825
139.51206248711472,-597.7306007462558,-12.433834332025118
139.50592792464985,-597.5851663649789,-12.539968454891632
139.49991479456187,-597.4384468293106,-12.468324799980369
139.50017502657715,-597.29437649616,-12.742891596340703
139.50702845215778,-597.1537027815846,-12.839680614923259
139.5134603788432,-597.0138993057759,-12.758691855728038
139.51642941834785,-596.8783061938209,-13.045416459290859
139.51701920963228,-596.7440827011178,-13.154363285075902
139.51671409646326,-596.6144989774946,-13.085532333083169
139.52198723067977,-596.4879243984235,-13.305617138578295
139.53117746313117,-596.3649802644984,-13.347924166295645
139.54102040970136,-596.2469676472849,-13.29346203865081
139.5483881327441,-596.1294010684142,-13.433580230580555
139.5535133590203,-596.0189184218892,-13.395920644732524
139.55811719383613,-595.910024759473,-13.440361778042641
139.56296194026473,-595.8058633815216,-13.30702513357498
139.5686072992889,-595.7069956445054,-13.496195084737167
139.57433249128164,-595.6079651990469,-13.507587258121575
139.5799922249153,-595.5103106449021,-13.341201653728206
139.58555837288768,-595.4108712449013,-13.534046783393617
139.5910266407344,-595.3169940138625,-13.54911413528125
139.59639756163554,-595.2212976927909,-13.386403709391107
139.60002818227252,-595.1282359013903,-13.457011624127201
139.60325910736316,-595.0335774502904,-13.349841761085518
139.607187253521,-594.9399459207775,-13.29543945977722
139.61202031025803,-594.8427652017793,-13.124948522655474
139.615733612304,-594.7462567706656,-13.209852584323315
139.61834704089375,-594.6478082503712,-13.11697886821338
139.61988199269678,-594.5511914245293,-13.031125043655239
139.61994564093905,-594.4532768213232,-12.92465696879426
139.62094790102748,-594.3552667814455,-12.869180777932858
139.62294496245275,-594.2535453525783,-12.71139337560572
139.62388058149406,-594.1512999062348,-12.78808761628098
139.6237674943655,-594.0424518138553,-12.687004079178461
139.6218036076866,-593.9305548095823,-12.672789460804001
139.61949749193036,-593.8171825581027,-12.486265354561144
139.61633261733832,-593.6979952180915,-12.687282921628764
139.61221966919555,-593.5768830803208,-12.710522710918605
139.60550982382733,-593.4462906889577,-12.555984722430669
139.59796536125927,-593.3127920053311,-12.72940331932635
139.58995060760773,-593.1781538223078,-12.725044138444254
139.58236645001367,-593.0397074824525,-12.581227047495975
139.57620827520577,-592.9036969702865,-12.743747314248854
139.57083532433018,-592.7705186620537,-12.728489803223955
139.56610650020903,-592.6363519972136,-12.603478549700952
139.56198442249297,-592.5030780313964,-12.719925529673779
139.5588636524965,-592.3722869462309,-12.658594731868828
139.5555768616617,-592.2391770215181,-12.639645153706388
139.55107161212888,-592.1070857811585,-12.532627381219314
139.54433163440535,-591.9719924641989,-12.618889591801986
139.5360067907269,-591.836172059094,-12.527374024606882
139.5274833716342,-591.7021379043437,-12.584231827991667
139.52274101497463,-591.5656917076429,-12.463311853598677
139.52334320654086,-591.4307036706831,-12.584878552818815
139.52418263213886,-591.292840873308,-12.528667474261173
139.52505756604583,-591.1563638391905,-12.513083491532427
139.52551649144345,-591.0196480755429,-12.42412060909122
139.52547502153357,-590.8789231901835,-12.503657261572986
139.5257447290231,-590.732674345518,-12.405416136276974
139.52525150281934,-590.5857633592265,-12.529844567483757
139.5246127046496,-590.4408093453036,-12.476495220912762
139.52025432166064,-590.291993627386,-12.521000494480063
139.51603711871036,-590.1441131699908,-12.387727990269587
139.5131401297653,-589.9977033978719,-12.634423677310412
139.51178216301966,-589.8489944795673,-12.703341586573456
139.51075131401868,-589.7007122588636,-12.594481718058725
139.50938810508578,-589.5546242803747,-12.828415028791136
139.50345870091576,-589.4055577349117,-12.884570561745768
139.49916616477984,-589.2533399780336,-12.783708567023353
139.49895982943133,-589.1014284091926,-13.03018699985711
139.5016287798986,-588.9509190424938,-13.098887654913089
139.50442416245573,-588.7985640272163,-13.006203813789936
139.50597129710113,-588.648415597996,-13.281274842038654
139.50560411180476,-588.4982163747582,-13.378568092509592
139.50485928471093,-588.3475138261142,-13.298083565202752
139.50528152235407,-588.1996734930807,-13.551074147500021
139.50675250112033,-588.0553259990169,-13.626286952019509
139.50594652974652,-587.9123309037737,-13.54712135985441
139.5046966310487,-587.7716399963159,-13.814187351506517
139.50460950100089,-587.6358677526546,-13.903475565380846
139.50598816386596,-587.5012004469957,-13.814986001477397
139.50969548877512,-587.3723547306176,-14.074891842064984
139.51340515302772,-587.2469146933955,-14.157019904874794
139.51541808103516,-587.1209016058673,-14.061370189906825
139.5162417001508,-586.9982052055227,-14.317814140614134
139.51887085490515,-586.8765162691975,-14.396480313543664
139.52470016880847,-586.7596252905483,-14.297368708695418
139.53273105318831,-586.6476425751308,-14.477827394917117
139.54108803464115,-586.5402803776454,-14.480508303361038
139.54856826955017,-586.4374172127775,-14.390529949228856
139.55494543625394,-586.3385541305556,-14.479984194986322
139.56183262516797,-586.2404980064767,-14.39166066296601
139.5699576451706,-586.1464547389021,-14.410770300077363
139.5786253422176,-586.0565977691007,-14.252102159410938
139.58563385631544,-585.96663735798,-14.355979891099297
139.58974507940076,-585.8740779177757,-14.282079845009877
139.59321837355523,-585.7827257393487,-14.164354879739934
139.59815912840668,-585.6939702442593,-14.111551758889362
139.60209110688407,-585.6065874973231,-13.918740846982844
139.60494229750387,-585.5156358546407,-14.044288053177187
139.60753678028553,-585.4252639672826,-13.99205748159375
139.61086613330005,-585.3303893200541,-13.817728827966198
139.61347199845156,-585.2359634491677,-13.905905377057927
139.61589610483722,-585.1382929459356,-13.816304148371877
139.61742804995666,-585.0401341633915,-13.728891384814517
139.61793844182563,-584.94163642767,-13.651231464640707
139.61823726413792,-584.8381570913323,-13.571387466800864
139.6164344115104,-584.7310589187657,-13.515146306492962
139.61382619779897,-584.6196739307412,-13.410269570281459
139.60986022868798,-584.5081979438992,-13.417091545502323
139.60526844672444,-584.3966500824398,-13.24613574294541
139.6006168075339,-584.2803614156421,-13.412903041903952
139.5956086868775,-584.1615020265934,-13.401892563084717
139.5910111631995,-584.0346384932944,-13.251089838709259
139.586150479254,-583.9063410791745,-13.415820810113045
139.58130629298216,-583.7732668965579,-13.402774003739053
139.5757111902276,-583.6382641930613,-13.283240177761835
139.5679921456379,-583.4931567127273,-13.428056728245044
139.55954742798198,-583.3456351389685,-13.395095500950479
139.5518990116973,-583.1980914977959,-13.371581756554082
139.54657374427399,-583.0491947304816,-13.328712172003932
139.5434315104263,-582.9033734252964,-13.324683569125375
139.54200435061958,-582.7572028933218,-13.240393784347088
139.5417618363383,-582.6134502746664,-13.336927488637093
139.54134903358747,-582.4714061648068,-13.25568341514932
139.54008671078182,-582.326228828491,-13.364825354600198
139.5366173258896,-582.1812611467783,-13.296189516273298
139.53275587094294,-582.0375793807927,-13.400192449481366
139.52969225378908,-581.8915209386244,-13.326417604911658
139.52559977563774,-581.7454271035081,-13.457274796298352
139.52012595164288,-581.5963177465683,-13.410354209907268
139.51281104175388,-581.4470886183402,-13.519298611078762
139.50523194896,-581.2999579056783,-13.450465234472478
139.5071584777938,-581.1506638462653,-13.614238218561857
139.5134245092097,-581.0018319663469,-13.600233424873458
139.5184142131397,-580.8513514646197,-13.66222192654349
139.51814613133882,-580.7018618501108,-13.58101202286942
139.5135431939996,-580.5508404875632,-13.830368210952372
139.50854941621708,-580.4028890792306,-13.901946621257547
139.50724804851882,-580.2588843039928,-13.818968340808384
139.50834633784467,-580.1134502566217,-14.086373891129876
139.5086769384605,-579.9697987501645,-14.176001663673588
139.50720485501444,-579.8242801288708,-14.087851658439526
139.50621628216504,-579.6792292383349,-14.405234114398912
139.50657047113768,-579.5328859510603,-14.544838792580519
139.50842195289826,-579.3916419556348,-14.506665692984349
139.51095722769804,-579.2516168442918,-14.707103756540368
139.50701720386408,-579.1158749780155,-14.729764042318608
139.50265948953123,-578.9845576450731,-14.78418874693981
139.5036242134802,-578.8529546208658,-14.759350041217608
139.5109819267894,-578.7256230347499,-14.898099016028677
139.51910115049245,-578.604060674366,-14.859070213061967
139.52725720287052,-578.4853810460315,-14.978315268477617
139.5340726237942,-578.3742902965989,-14.919782546115488
139.5433994324405,-578.2667061691609,-15.03779613531217
139.55104075957505,-578.1595436737119,-14.978031946731075
139.55371720264355,-578.0568553712627,-15.05320169494282
139.55084171504188,-577.9547125854928,-14.950593665376784
139.54730740379654,-577.8561796004564,-15.04767853042206
139.54780181580458,-577.759769933576,-14.966985617689554
139.55361405193696,-577.6625267567001,-14.968895447923284
139.56040718998034,-577.5664998918965,-14.793027500379239
139.5656572282204,-577.4729015604732,-14.96629147386503
139.57011331262262,-577.3776730008842,-14.961777669573046
139.57557923083465,-577.2863385351761,-14.779486087503281
139.58240137830518,-577.1979014228675,-14.899282768056763
139.5889870788634,-577.1058064423918,-14.841301670832463
139.59461049340896,-577.0122416835603,-14.703122840281475
139.59914013996737,-576.912170556739,-14.76112088971587
139.6033866112884,-576.8122213901235,-14.641341161372491
139.60422716441428,-576.714946559252,-14.656981008172373
139.60314257936778,-576.615323393124,-14.49484307719448
139.60168839189637,-576.5166474227518,-14.603670969790292
139.59977029905068,-576.4152976164427,-14.534721084608327
139.60107381578393,-576.3073131290805,-14.45921332089754
139.6030031155283,-576.1995374848834,-14.396253067727935
139.6033856885008,-576.088250196259,-14.31085878025662
139.60016636396995,-575.9729295535208,-14.300197857137958
139.59709377922064,-575.8525383557676,-14.133114643554565
139.5936835747441,-575.7299777218238,-14.314390868993584
139.5898436803413,-575.6062693963248,-14.317889316654824
139.58597245978476,-575.4773673842551,-14.143609986538287
139.58215003135652,-575.3480314634875,-14.364215979461337
139.57839172478046,-575.2092197607421,-14.407044194606607
139.57264458293503,-575.0613066680403,-14.272094631974102
139.56493874449754,-574.9073640613324,-14.470135669765614
139.55654009422165,-574.7531765133408,-14.49039892977935
139.55058632904863,-574.5993230888862,-14.355939579971356
139.54890577222312,-574.4471432933979,-14.537920105104497
139.5485144249864,-574.2982803363496,-14.54212285245986
139.54879715216146,-574.1479312423787,-14.437886586055837
139.54921067321015,-573.9977858859152,-14.578812061033577
139.54882313851203,-573.8494077886895,-14.541959758233538
139.54704712649132,-573.7020925206942,-14.526691357726957
139.54378667784377,-573.554046746801,-14.466307794396991
139.54233082380713,-573.4075515227346,-14.506606922611805
139.54331170528346,-573.2579547851536,-14.369128273048839
139.54517665021467,-573.1098653429153,-14.57672476875403
139.546781217509,-572.9631932984796,-14.606543486681444
139.54666644431884,-572.8180711804586,-14.458584426831077
139.54620943536162,-572.6736838956213,-14.689295425168547
139.54610114560057,-572.5251841965828,-14.74222864572824
139.54441969535537,-572.3751064548683,-14.617384088510155
139.54121552697237,-572.2229915436117,-14.829259536612165
139.5381630520233,-572.0734503882957,-14.863357206936398
139.53600566207137,-571.9231036805991,-14.720430154445307
139.53405797199818,-571.7747341267135,-14.970266647703482
139.5346457001596,-571.6246034816899,-15.04232536318388
139.53655526427846,-571.4774842542789,-14.936606300886499
139.53623625956584,-571.3316605616249,-15.097122104607402
139.5346529669317,-571.1893983573289,-15.079860130550527
139.5324286679863,-571.0464228464988,-15.034997717920096
139.53051846891918,-570.9065665482938,-15.043354759040378
139.5311640348811,-570.7717800488549,-14.921490868575757
139.5356004613552,-570.6397538060502,-15.050879249820143
139.53908751964406,-570.5085182100255,-15.002489853286752
139.542335110578,-570.3793072051669,-14.968393992326881
139.54548862008102,-570.2484827861663,-14.894881508660823
139.5473464633849,-570.1196051871851,-14.89494426161504
139.54686363967755,-569.9886832113935,-14.72470060511577
139.54633021606065,-569.8588054727843,-14.92539060496972
139.5457942589311,-569.7309837316718,-14.948302827045893
139.54732052871148,-569.5978479881545,-14.79343727134429
139.54964820359257,-569.4651340413973,-14.976033760554486
139.55086927700657,-569.3348008301239,-14.980852471986902
139.55020899708308,-569.2021218382853,-14.807893405641542
139.54835872602874,-569.0704500137732,-15.030295618268001
139.5467092161588,-568.9353571775638,-15.074920053116685
139.54635531822169,-568.8002730149078,-14.94176671018759
139.5462655758862,-568.6667028950535,-15.0906976646316
139.5449979410065,-568.5314774699086,-15.061850841297831
139.54351275620292,-568.3974353008633,-14.976136963743233
139.54241585070955,-568.2608606049976,-15.02070109436335
139.54182286817854,-568.1253111327757,-14.88748744720569
139.541749770436,-567.9918945199986,-15.0360810265081
139.54260302259686,-567.8565352931587,-15.006896828032732
139.54198674292985,-567.7239410969548,-14.921455131345205
139.5410853217637,-567.5891101354463,-14.960249975168873
139.5401396925098,-567.4545209723295,-14.821267041214762
139.5387880039211,-567.3163992147664,-14.992894029247141
139.5377849941476,-567.1783068921994,-14.986743239501742
139.53604287405392,-567.0417737696637,-14.87322857694162
139.53417770871528,-566.902818735988,-14.997813812351666
139.53231446112363,-566.7653555694523,-14.944621269983934
139.53089054104709,-566.6250595858241,-14.946877218748499
139.52957473778133,-566.4849639149891,-14.835622575910898
139.5282992715242,-566.3430447784756,-14.977870434598065
139.52663756818887,-566.2027793543236,-14.942340515507455
139.52286891721866,-566.0597533364539,-14.93166224861791
139.51708803086862,-565.9165720143172,-14.871029280219352
139.5113975811596,-565.7699008767975,-14.935826610696179
139.5066274829524,-565.6242070990459,-14.822846163395226
139.50498751866456,-565.4807808825313,-15.01600616967954
139.50892846065264,-565.3398480177881,-15.03138839818608
139.51434020160985,-565.1967426463643,-14.95111833991614
139.51709269093396,-565.055238049998,-15.09305291255445
139.51639596119438,-564.9140181184582,-15.05720970741498
139.5146086300206,-564.7705969144656,-15.131525025388479
139.51303926504778,-564.6240996686614,-15.0280625655842
139.51235892428363,-564.4790707308798,-15.270449043820282
139.51145539765207,-564.3359891995955,-15.335057744278584
139.50682052844806,-564.190654753611,-15.227466514381426
139.50150530886935,-564.0469367034741,-15.508604553488505
139.49736339122745,-563.9076339225528,-15.611964814817807
139.4968021523572,-563.7685660572479,-15.53754729836933
139.4986094757496,-563.6323425847062,-15.744818545667089
139.50086480743965,-563.4943587245488,-15.774312015187073
139.50317766496073,-563.3588047795461,-15.758656604465335
139.5042353558966,-563.2250833625699,-15.826369619164272
139.50502697079995,-563.093630266907,-15.716304856085433
139.5078092230848,-562.9685946128673,-15.979065290414436
139.51218203303566,-562.8452216208987,-16.064047946965662
139.51681076344488,-562.7239357994522,-15.971252825739114
139.5222479582244,-562.6009345882375,-16.177275870215304
139.52612507244112,-562.4767103162952,-16.205521136913713
139.5296350293653,-562.3540081774084,-16.13119666128832
139.53302163544362,-562.2345840066636,-16.27220455210863
139.5355140729552,-562.1136579066422,-16.23543466515116
139.5386135620866,-561.9978365919657,-16.23981108312426
139.54302415769655,-561.8812345819447,-16.13253389691678
139.54763424613128,-561.766134772553,-16.256343884351008
139.5534506674288,-561.6587057116873,-16.202376094007462
139.55942563286266,-561.5517093471702,-16.166642654985488
139.5657579965043,-561.4471408035516,-16.068252131944945
139.5712504461712,-561.3445450211775,-16.089866127078587
139.57444168709242,-561.2391273755127,-15.933702344434447
139.57671663306022,-561.1346446303725,-16.051905866251552
139.57877596525026,-561.0279770643792,-15.99233161029088
139.5799415530714,-560.9227984729317,-15.889147151182138
139.57926737032525,-560.8151468830273,-15.88754567233248
139.57987926628695,-560.7081228493768,-15.708166415705042
139.58197167546987,-560.5980708910112,-15.878893935840958
139.583919761922,-560.4881589755549,-15.871843678199097
139.58540061104284,-560.3747520381448,-15.687015642779457
139.5859438406211,-560.2610305505648,-15.889002298480442
139.58423848702566,-560.1468173029963,-15.91321117640365
139.58087389293556,-560.0269958473957,-15.759642276549076
139.5768146360847,-559.903253766446,-15.931868967340245
139.57267417833464,-559.7745816700223,-15.926317880353636
139.5681657002483,-559.6463446847639,-15.780892227279734
139.56487973867195,-559.5153429810846,-15.937080397375652
139.56311879185114,-559.3856514690623,-15.915490789693793
139.56291989255843,-559.2584753857645,-15.79970970437166
139.56344689822794,-559.1336111147298,-15.89114986985813
139.56411158969817,-559.0075379424468,-15.804812257566823
139.5627410316054,-558.8799778083644,-15.821609404607702
139.559749138204,-558.753523803829,-15.660628773870803
139.5564755291137,-558.6282717043787,-15.846811050380872
139.55360280154827,-558.4987266824709,-15.855215549113163
139.55167421796872,-558.3697566052721,-15.685842270067676
139.5499618919306,-558.2384690914464,-15.904586150634413
139.54872783714885,-558.1081746238252,-15.945552253423374
139.5476069876197,-557.9719798423179,-15.80874057843456
139.53912738677883,-557.8251428793701,-15.980780485632177
139.52929663444317,-557.6786747169408,-15.975042615052018
139.5234439113973,-557.5231349729252,-15.856408330328367
139.52216958849266,-557.3684694778406,-15.976764467831508
139.52511618043098,-557.21354918625,-15.91934282755687
139.52886504825253,-557.0607812461719,-15.893788480605517
139.53477616513058,-556.9114360315442,-15.78578973278738
139.5356934403799,-556.7548993828368,-15.860108755765053
139.53518823494434,-556.6003791907618,-15.756650000964948
139.53481638518247,-556.4470607994115,-15.83602246152518
139.53612093952972,-556.2957526297722,-15.737617144307638
139.53815288770363,-556.1435513317765,-15.810102442186235
139.53824630471328,-555.9937449376811,-15.704809962287056
139.5363062424482,-555.8422814375261,-15.791976973620805
139.5348101874359,-555.6922317748282,-15.701366207176777
139.53547754443437,-555.5433704748245,-15.766574426686969
139.5382125369799,-555.3897297636263,-15.654004868419385
139.54132215896306,-555.2373182825263,-15.78072207438585
139.54158603665445,-555.0885487218437,-15.729661502574533
139.5412770125603,-554.9330340456634,-15.742715471670536
139.5408578031184,-554.7783821106668,-15.618966695214887
139.5400118520301,-554.6248737736494,-15.812654003417318
139.53744813947247,-554.4703302747985,-15.828563533841967
139.53704311408842,-554.3102345844534,-15.73478141135218
139.53707558650012,-554.1508964834055,-15.8903301697186
139.5363737633078,-553.9956133754321,-15.868101150307245
139.5351243958134,-553.8403115147203,-15.868150237456673
139.53419395490738,-553.6880341965908,-15.82108615683904
139.53457253225636,-553.534669731058,-15.888500556420052
139.5360306401563,-553.3832690195543,-15.778137178223288
139.5372714721874,-553.2301476467533,-15.991427632478391
139.53721920165583,-553.0784509789949,-16.02694030895572
139.53567527623707,-552.9283771604088,-15.941902554038931
139.5334443112246,-552.7760867392991,-16.124444459300307
139.5306970009069,-552.6267473503406,-16.129208586783903
139.52829616105274,-552.4758554391219,-16.132555061875543
139.5264094272358,-552.3263883750774,-16.14091903889616
139.5258861259517,-552.1789231453787,-16.155184600561913
139.52687495368136,-552.0296888991492,-16.158365342675037
139.52650947721938,-551.8830428477821,-16.188301398915055
139.5250552266954,-551.7355511792292,-16.16080438629812
139.52258257069983,-551.5899880465253,-16.265319147388713
139.52076273360632,-551.4438426299896,-16.192056130701523
139.51909934242076,-551.3004788248338,-16.396826945191115
139.51872467531368,-551.1558525160718,-16.42381998190293
139.51943441495445,-551.0134412807575,-16.404305167803603
139.52035094186994,-550.8692317977019,-16.489007003266565
139.5208851245242,-550.7246656444123,-16.39593106095175
139.51558235217294,-550.5778175423674,-16.667413867377675
139.50918760602733,-550.4326015569114,-16.76111889602582
139.50882896817916,-550.2938715110109,-16.677046146896192
139.51255909706208,-550.1541450358966,-16.909979883870268
139.5166432619027,-550.0157976070299,-16.965135843066566
139.51991881470153,-549.8801024841789,-16.90167575505693
139.52298605945222,-549.7417832642784,-17.100130259789236
139.52473424177902,-549.6061348760952,-17.120806986743766
139.526606193028,-549.4723685424431,-17.11586716522158
139.52970827475468,-549.3441575186647,-17.150855305903722
139.5330122640813,-549.2213378914215,-17.078749663069672
139.5358989781908,-549.0974855337394,-17.235689632860133
139.54030562621176,-548.9764165301677,-17.21485182487282
139.5449535886876,-548.8533594010245,-17.22613926911158
139.54958370969922,-548.7365685703813,-17.13011151400853
139.55455507847472,-548.6235115801408,-17.26220670856858
139.55829021511374,-548.5069035018419,-17.216524125350855
139.56172498338216,-548.3908347430448,-17.21439896398541
139.56340816127215,-548.2743059371622,-17.09813636343383
139.56348330477874,-548.161799309324,-17.20855444020286
139.563235772701,-548.0516972113571,-17.141194739194113
139.5649823370737,-547.9422410269802,-17.096593192524473
139.5699793251543,-547.8348796243878,-16.98925312853102
139.57555532970156,-547.7294640958781,-17.001156647094394
139.5819891676997,-547.6220809852572,-16.835282387879992
139.58768173558096,-547.5166493624539,-16.96125749148501
139.58821353291782,-547.4104799536274,-16.90945481731225
139.58647361280592,-547.3040338414106,-16.785412167158988
139.58430409473473,-547.1931422887784,-16.835339241940606
139.58207951243983,-547.0808907723672,-16.707488538944443
139.58110755580395,-546.9628312847669,-16.794462129980438
139.57998928101645,-546.8428323823081,-16.703657943238657
139.57885764695115,-546.715791359046,-16.733101820737247
139.57732876871478,-546.5871007172871,-16.584767920458056
139.57450840791248,-546.4586819742896,-16.74829396773894
139.5706485290617,-546.328286233167,-16.734042237242047
139.56540186487823,-546.2005780540709,-16.587079955446324
139.5603649072966,-546.0760432370383,-16.733020975396915
139.55708419443206,-545.9492386987051,-16.701184217569722
139.55584583398277,-545.8229641028793,-16.604190062567316
139.55503355625407,-545.6910482898065,-16.670280136905944
139.55308426968605,-545.5582430359593,-16.558592433466792
139.5497033045369,-545.4216535686786,-16.665018625477373
139.54526275517588,-545.2799351978013,-16.593667039710173
139.54067344345228,-545.1392065963682,-16.612332261731343
139.53365387168955,-544.9951823111556,-16.453219705974735
139.52789074849522,-544.8521383456879,-16.677218617528162
139.52451599054442,-544.7054190694558,-16.72343975130381
139.5253664577554,-544.5584140718884,-16.59188310730168
139.52951565224285,-544.4079475566858,-16.779754657439696
139.53221047030846,-544.2593375950615,-16.78984842979994
139.5312871978994,-544.1132125080514,-16.675996975051852
139.527187660603,-543.9662155083128,-16.84001399771986
139.52415561930405,-543.8215436389137,-16.826253242610093
139.52466731068083,-543.676356128836,-16.769641570518253
139.52752491564874,-543.5339499352106,-16.805910626898083
139.52752395073088,-543.3898586707403,-16.664401905500135
139.52119839667023,-543.2462512456403,-16.9034604703534
139.51287477710548,-543.0996967829046,-16.964741257428887
139.5055037025848,-542.9550479094452,-16.848244266726596
139.50130441457722,-542.814065826708,-17.045964135160524
139.50232009596837,-542.6719644028475,-17.065906225816676
139.50929410377063,-542.530840553235,-16.9616211819287
139.51777303541078,-542.3911015354444,-17.133475300704475
139.51533547367964,-542.2469033278267,-17.127551641702475
139.50992794748552,-542.1030445456408,-17.1154779137291
139.50441400210468,-541.9586703067769,-17.11319247082608
139.50758830455413,-541.8195227435301,-17.074823822990506
139.5157422220459,-541.6787239474172,-17.113976892673207
139.5218996512752,-541.5395973764981,-16.988711961593477
139.5234599883029,-541.3989261618487,-17.231296409968884
139.52736582654146,-541.2611751201727,-17.296103080566514
139.5325083264339,-541.1229290167952,-17.183131973386367
139.53700190976977,-540.9877785123253,-17.38885667584936
139.5388360232758,-540.849674157034,-17.416803600534575
139.53641437986818,-540.7113058490758,-17.328058499560434
139.5323546928952,-540.574033099853,-17.502635677259104
139.5284358016461,-540.4346651192551,-17.49943507717999
139.52747724932843,-540.3013651036617,-17.466110886242923
139.52712439754112,-540.1669078368467,-17.500017884082244
139.52936348197417,-540.0345402898042,-17.374284355502404
139.5349655533394,-539.8989781362742,-17.607769940600274
139.54116054818715,-539.7647050565191,-17.663477747920364
139.5465646878047,-539.628332786431,-17.54140777746268
139.545979130835,-539.4951193061175,-17.762660734691814
139.54420396246917,-539.3601655088125,-17.80613591414317
139.54386056310756,-539.2288292132263,-17.671833315816745
139.54586351255992,-539.0978656452988,-17.895147209912654
139.55077302316064,-538.9700676603136,-17.94068332623078
139.5561940218403,-538.8404536965922,-17.80844166477113
139.56122955282115,-538.7121474912744,-17.972285675537915
139.565705707155,-538.5867471925573,-17.95835190852692
139.57000632529775,-538.4641204349642,-17.84033632928444
139.5733875607443,-538.3411648550375,-17.93440295917345
139.57530483096969,-538.2203011011138,-17.85069181128468
139.57607892919654,-538.1023942191134,-17.83360620330664
139.57784716140446,-537.9837173871528,-17.64587756308055
139.58061040555052,-537.8606686356991,-17.84484466046684
139.58312268594523,-537.7354573048118,-17.86603398007535
139.58637037671295,-537.6089666858549,-17.709445521906083
139.5884869601755,-537.484019186976,-17.839434174322914
139.58870277521214,-537.3519768987634,-17.791645048961964
139.58689270052756,-537.2179366985607,-17.721285302533833
139.58388008007205,-537.0833552654741,-17.703871233564616
139.58066979661993,-536.9463129661924,-17.564336140852447
139.57828874904425,-536.8085088730392,-17.678425878152552
139.57610741243158,-536.6725123015476,-17.61473783767488
139.57810548591004,-536.5370016300719,-17.558203704503537
139.57967902436167,-536.4031047348159,-17.481230530813825
139.57950083214996,-536.2671682395363,-17.454863779597854
139.5777428280948,-536.1323482544071,-17.3218633433841
139.57528141995087,-535.9941738999854,-17.43332794749881
139.5723036710161,-535.8556564847459,-17.367014773835745
139.56967567079693,-535.7178120383594,-17.345868733672265
139.5667443296573,-535.5757479734257,-17.234751977587475
139.56502778829648,-535.4307662292614,-17.3361425298629
139.56398928659075,-535.2839864673903,-17.259755304360553
139.5631011626181,-535.1318004141466,-17.310138578243503
139.55280330084412,-534.9682424153858,-17.18274407434868
139.54323572776622,-534.804736185726,-17.392385138472854
139.53395028457797,-534.6392990651527,-17.42424842481925
139.5314293270041,-534.4754179832228,-17.30518137263496
139.5327628979497,-534.3125415288532,-17.528990576329292
139.52827240825687,-534.1428295762357,-17.575022002245845
139.52555741562313,-533.9737553161837,-17.463849931896092
139.53022280229638,-533.807622095232,-17.70089746444333
139.53260013488728,-533.6426300879097,-17.76016721921279
139.53284160126483,-533.4814413207506,-17.64296131427553
139.53224179354459,-533.3194496640905,-17.923891282915278
139.53394803938124,-533.1583728664249,-18.027043473777248
139.5365018959885,-532.9967316883472,-17.952417886861436
139.53918895323363,-532.837276530942,-18.16933942252066
139.53816487912556,-532.6787166065765,-18.20848318040211
139.53641314335638,-532.5225908032988,-18.166688335285148
139.53577456660815,-532.3681802801077,-18.302976905653573
139.53701214808896,-532.2175373181525,-18.26148769824422
139.54025002672344,-532.0706099016812,-18.395264932322572
139.5450756927369,-531.9230681175632,-18.351264388623147
139.55056095119846,-531.778730276401,-18.479793940317435
139.55363433780707,-531.6340478064599,-18.43054571423395
139.55618163965775,-531.4913541170021,-18.565018033839845
139.55735371848607,-531.3519071605579,-18.52171257566796
139.5570020831444,-531.2108261296522,-18.640798983646103
139.55635070600468,-531.0746994362939,-18.58210761384647
139.55893575564687,-530.9425574123062,-18.690431116294548
139.5633651032728,-530.815137897645,-18.620976840964847
139.56892164866252,-530.6874368512796,-18.715888602245744
139.5725694960706,-530.5596859134552,-18.63302258574886
139.5741410567192,-530.4361987884546,-18.71611715537534
139.5736305644867,-530.3102362429078,-18.621433947224034
139.5735322553453,-530.1867985250105,-18.700484738490236
139.575162225441,-530.067258664631,-18.601757751978653
139.5783466695872,-529.9455229426583,-18.63757116674857
139.58179671867123,-529.8189371786349,-18.495606803740714
139.58525082137803,-529.688915070401,-18.58334386902467
139.58660327645978,-529.5649686744197,-18.49330315653085
139.58874816709982,-529.444817991854,-18.47124623512837
139.59019970640685,-529.3240970394569,-18.294924528880493
139.5902581535549,-529.2062073977498,-18.448114415959154
139.5892158176895,-529.0917891153072,-18.42352652526004
139.58920014955376,-528.9737883869566,-18.243842107020317
139.59021314891075,-528.8551120686722,-18.415711027147708
139.59182814133095,-528.732493362261,-18.409802169497326
139.5906641191383,-528.6083731998268,-18.226115534069166
139.58896084900536,-528.4814513440537,-18.4293479097889
139.58635084245958,-528.354545816006,-18.454802507730854
139.58318594205764,-528.2210857654578,-18.302479327895032
139.580365741468,-528.0873951311285,-18.46021432353384
139.57724392369363,-527.9512930912866,-18.44017154139487
139.57410618166847,-527.8158248882423,-18.311590106545047
139.57183299156858,-527.6815905558897,-18.426964196547996
139.5701757083352,-527.54360810818,-18.36456050877317
139.56989717672553,-527.4060188988774,-18.348911377433346
139.56907702344571,-527.2661984948996,-18.22946213304763
139.5669264324563,-527.12833107551,-18.333202648473986
139.56454034010792,-526.9924043674472,-18.259165386122564
139.56049841635672,-526.8537145370533,-18.26393962996236
139.55618281146275,-526.7148054486698,-18.100029004625924
139.55310584783203,-526.5765996601677,-18.311925535921638
139.5515541514923,-526.435415680634,-18.346044289439572
139.5503295771809,-526.295644012825,-18.202385265179732
139.54795406566535,-526.1514173377476,-18.389470140773607
139.54579281842837,-526.0008095517065,-18.398777238589705
139.54329449511886,-525.8514764097631,-18.26394215672762
139.54076428830413,-525.7006642679913,-18.450468759046426
139.5378530232853,-525.5517012100479,-18.45921758358746
139.5361407290615,-525.4052265545831,-18.3378876807083
139.53674591495897,-525.255428774714,-18.50651017815356
139.53657398979237,-525.1038203828332,-18.497354897821047
139.5341939764598,-524.9485109656791,-18.455423625663695
139.53099552790584,-524.7950808551811,-18.488908335520982
139.5289108813537,-524.6462549453636,-18.35461619605717
139.5258466435085,-524.4974282886217,-18.596502280655336
139.5226300676762,-524.3507181282797,-18.66061058747573
139.52066077110283,-524.2026618117204,-18.54694111651834
139.52102404926578,-524.0560312870864,-18.76795510818015
139.5202060090866,-523.906686888299,-18.811191322064175
139.5191633395882,-523.7589237239081,-18.69598062929709
139.5156247955255,-523.6119392158456,-18.94065268671801
139.51492451362103,-523.462934218719,-19.007546966361154
139.51726762149087,-523.3164638615166,-18.89666346822652
139.52018608311474,-523.1742208996013,-19.132345119678273
139.522767441813,-523.0330366499795,-19.190248993352245
139.5252446672691,-522.8969396521445,-19.07037508924844
139.52766583442582,-522.7658437064139,-19.302390656054587
139.53291779998978,-522.6349831134434,-19.35662844508296
139.53948256394716,-522.5056218305693,-19.233088456333554
139.54457385538473,-522.3745424368487,-19.460535809360024
139.54436648728452,-522.2464503278918,-19.510205384608717
139.54392366984533,-522.1236432081039,-19.382097182079633
139.54672717149745,-522.0065054540756,-19.537403672088065
139.5530165093888,-521.8883115323678,-19.514932384318715
139.56114734394467,-521.7703589128994,-19.408736150744613
139.5674757281864,-521.6498654355779,-19.486751509052077
139.57170917423386,-521.5309863605855,-19.386989089581768
139.5734100902987,-521.4119022240144,-19.410000634638674
139.57458030956073,-521.294470716181,-19.255234401917807
139.5752153018994,-521.1835429822065,-19.354891669459274
139.57737866229567,-521.071637641887,-19.276771159222967
139.57981692851115,-520.9611283229165,-19.210158059520626
139.58391994277096,-520.8508307851965,-19.12856963442133
139.58911888599243,-520.7382882798188,-19.078986836306452
139.5944630744804,-520.6226307187638,-18.958991658825852
139.5960625280076,-520.5084039429971,-18.999074204838724
139.5936013978703,-520.3893643273213,-18.86137897307382
139.59118626485088,-520.2669609293088,-18.964369994067724
139.58881467981354,-520.1456256231562,-18.889583237283848
139.5860730891376,-520.0215522597299,-18.863576857763928
139.58329648884583,-519.8923829949064,-18.739654537152195
139.58096482050163,-519.7615747349031,-18.840548175831334
139.57916596671902,-519.6290226155618,-18.763664036732695
139.57379970399137,-519.4880069100501,-18.800083809416368
139.5669749463224,-519.347712932894,-18.65872580432226
139.5607768862187,-519.2095585935283,-18.837026482195963
139.55479231581617,-519.0695303767696,-18.837549382291886
139.55099066835515,-518.923577563615,-18.721608246525296
139.5485010066908,-518.7752391600796,-18.88023856743402
139.54589848404055,-518.6277137846515,-18.861091110564967
139.5420784028486,-518.4765451535177,-18.835485026788
139.53724602888082,-518.3247498251077,-18.838207744430658
139.53022659012095,-518.1682644685799,-18.79930363228347
139.5228695704206,-518.0130666759436,-18.8637477901184
139.51513900103456,-517.8581149869142,-18.75041417017555
139.50456544536485,-517.7050073870722,-18.987573911827596
139.49439678300794,-517.5556745798212,-19.046955875701865
139.48897283140047,-517.4049539087915,-18.928560061798354
139.49074029592126,-517.253642358994,-19.20558480794163
139.49392090639455,-517.1000979532623,-19.304831776307132
139.49199668848715,-516.9474711634475,-19.226300966894854
139.48373664933607,-516.7963790333824,-19.46126821426853
139.47720336649306,-516.6459329233392,-19.51845768386443
139.47110835271212,-516.4977556953098,-19.462870895197895
139.47135123293958,-516.3533680975931,-19.654940319153162
139.4843657932277,-516.2067074939952,-19.66923196533065
139.4976944824483,-516.0641350178057,-19.702435321517957
139.5063755449865,-515.9268647534258,-19.703922337905883
139.51277161818766,-515.7895689973901,-19.769567168519114
139.51944106048032,-515.6562670159981,-19.687973074503343
139.52648098896756,-515.5226214177145,-19.92750354800471
139.5330842245997,-515.3928558334505,-19.9892562437283
139.53950620897626,-515.2657118069666,-19.903591246469734
139.54169038599056,-515.1390905848598,-20.130513262660795
139.54381904879267,-515.0160138698983,-20.17965750107408
139.54754900110362,-514.8923582585342,-20.087949776564855
139.55236927421677,-514.7715739699179,-20.295325259374035
139.55733905649498,-514.6530817668449,-20.324922964405438
139.56555517036938,-514.5332843144354,-20.24666454666968
139.57389303249897,-514.4149295981483,-20.39818879902168
139.57843710579604,-514.2955084739395,-20.3719352735959
139.5792813500619,-514.1788009463575,-20.38229605175484
139.58019673260307,-514.0645342007153,-20.276875850916284
139.58152399069206,-513.954837627399,-20.40363193720555
139.58538052510892,-513.849252550924,-20.352610245717035
139.59174139963517,-513.7425443171272,-20.311786322547324
139.59769134307896,-513.6379486356356,-20.23021619796513
139.6030638122217,-513.5305857142972,-20.229377494268178
139.6070123780542,-513.4233785065376,-20.050761012793448
139.60979689473282,-513.3138693884483,-20.227742160926745
139.61189833289902,-513.207505351306,-20.226945531282265
139.61177815713103,-513.1065577299926,-20.048371123860008
139.61203847885378,-513.0042730913478,-20.183018286855642
139.61606897549908,-512.8984984307644,-20.139887672073495
139.6199748511766,-512.7931212276326,-19.987369513483106
139.62297714131762,-512.6876848806578,-20.085370973493077
139.62411334844708,-512.5786500218491,-20.005594655725268
139.62486017958395,-512.4704461786656,-19.947324777036666
139.62346340281277,-512.3639474377103,-19.841740732373815
139.62042399195187,-512.2572563659609,-19.850588830632095
139.6191543925608,-512.1461402121842,-19.68165915111259
139.61866747865506,-512.028586916189,-19.853365957166606
139.61711202684415,-511.9093700608488,-19.84729498544284
139.6133098783224,-511.78520135558216,-19.679044723235123
139.6070573543486,-511.6605797908052,-19.872289344536544
139.5999930134031,-511.53477427193627,-19.88775618806018
139.59368811302338,-511.4062545296284,-19.725445253806043
139.58885854822887,-511.278610890079,-19.919251086942925
139.58521407102847,-511.14787162506593,-19.93527914230203
139.5822691105782,-511.01837263784034,-19.773529419883356
139.58032904847107,-510.88587724732383,-19.975971520315547
139.57779444691582,-510.75466695503656,-20.00063584296996
139.57353431847085,-510.62476200655203,-19.8475223878466
139.56570256203028,-510.49310788609546,-20.025324166895775
139.55603408719327,-510.3625674565132,-20.025348168167177
139.54736955365246,-510.2349241178821,-19.866717587592323
139.54231614840344,-510.1058195693683,-20.051956598190337
139.5429883950208,-509.9735815991235,-20.059417831010578
139.54931532228176,-509.84055144010944,-19.889101286053037
139.55421920270595,-509.7096637167141,-20.105219907181848
139.5571242852412,-509.57639043917527,-20.143560750532878
139.55958829146925,-509.4445354929772,-20.00412381610613
139.5602845943473,-509.3148394833932,-20.15700773851164
139.56102812024776,-509.1827424932682,-20.132113883139375
139.5617705161621,-509.0520440197835,-20.037703476069474
139.5600363497818,-508.92471251680536,-20.085888504956593
139.55783153464216,-508.7960093448598,-19.956295756065934
139.55638705823264,-508.6692711731218,-20.0828220258476
139.55717030434477,-508.5455480554233,-20.031570517851492
139.55961995546096,-508.41869245509554,-19.9862161021096
139.56195738142873,-508.2879283045576,-19.932588527852882
139.5642391189753,-508.1582422007853,-19.896691857884335
139.56031193412585,-508.0310250198421,-19.816616709592918
139.55355615142616,-507.9018442678158,-19.834204258056257
139.54715206473261,-507.77451870560174,-19.674014028741823
139.54337517536214,-507.6485554782349,-19.877725688789138
139.54428766343847,-507.5195699726268,-19.90365957105868
139.5485908271737,-507.3885380274502,-19.75181567555044
139.55022203660099,-507.253875915358,-19.9517559790019
139.55129565574364,-507.1195834088101,-19.97391850467558
139.55224248757938,-506.9821885390199,-19.81830325257148
139.54945271812318,-506.84285259028485,-20.058087207200494
139.54636597179643,-506.6996149814761,-20.120093384051735
139.54244239715442,-506.5559950866446,-20.004321783125196
139.53717348102205,-506.4139324397795,-20.192228905163578
139.5317104322877,-506.2703439112631,-20.202358249424186
139.52875203150387,-506.129720798822,-20.126011469828626
139.5271597464546,-505.9933298538618,-20.243220962716634
139.52709533038407,-505.8562762358372,-20.182652677826866
139.52939251536006,-505.72185884576714,-20.262836237917693
139.53007423835902,-505.58520485972457,-20.16524202023074
139.52960184001327,-505.4500470778446,-20.33585045469759
139.5293160026195,-505.31407255858386,-20.328681111386658
139.5286608759924,-505.1810969961209,-20.29334540000404
139.52794120887506,-505.0463457663503,-20.322345120601362
139.52762953559207,-504.9131558650527,-20.21123622417614
139.53028033820704,-504.77790581915707,-20.409795618533845
139.5326646023644,-504.64416730055007,-20.430577235113777
139.53455098262893,-504.51304203522096,-20.34183616752682
139.5371322909289,-504.3804465354321,-20.49030384955146
139.53981587289567,-504.25067123585944,-20.46099375379832
139.54042663198564,-504.1190390028128,-20.47969178667745
139.5410248068154,-503.987679041497,-20.392791136565588
139.54243506852885,-503.8560230984216,-20.528355855700575
139.54521969056358,-503.727408843518,-20.486142797057784
139.54865024781586,-503.6024605512074,-20.505101481627477
139.55175053529737,-503.4761664937949,-20.390911664463037
139.55474067584723,-503.34894079884526,-20.57624837333592
139.55478981612293,-503.2174342084942,-20.583807304431026
139.55425005745988,-503.08694175501444,-20.51449641157735
139.55318952891008,-502.9597364660251,-20.605387486966546
139.5512168183445,-502.8315506407106,-20.51850078457796
139.54908972770383,-502.70540068431336,-20.63728601872174
139.5469620130039,-502.57677647885714,-20.578293475087737
139.54650887876784,-502.44989563451117,-20.631519559971427
139.5484522163115,-502.32680710106234,-20.506967867077343
139.55084720963268,-502.2031894000465,-20.683314391444334
139.55247713864878,-502.08081331726504,-20.681883138033545
139.55310776248012,-501.9557504624189,-20.588339984426167
139.55311888973557,-501.82988092487324,-20.698872344584622
139.55095084831044,-501.7009646397661,-20.631626926965296
139.5483778075161,-501.5745009256459,-20.668831201283364
139.5474048056503,-501.4523743207684,-20.528257697823655
139.54799764981902,-501.32489827167547,-20.71930144987946
139.54930767607755,-501.1989848819932,-20.732567424157487
139.5507425072695,-501.07049923684633,-20.59319348074583
139.5517694485156,-500.94455493644864,-20.777425400695922
139.5518788730526,-500.82172966838425,-20.78387954286824
139.551392571321,-500.6974172772656,-20.63604700786692
139.54956026284927,-500.5745754599875,-20.823433962647602
139.5474848125277,-500.4482797299901,-20.833043139650506
139.547445362463,-500.32268053449747,-20.676446950244117
139.54781367351723,-500.19900694557515,-20.882701500271505
139.54866896526028,-500.0732107245649,-20.911178272521116
139.55002193343628,-499.9504164122803,-20.761877266992947
139.55145519468485,-499.82775022307106,-20.913600279154917
139.55041835261014,-499.70094846650125,-20.88754551353911
139.54890223606918,-499.5730767769972,-20.792398442338328
139.54813316051468,-499.44336083160147,-20.842674176757818
139.54793509778756,-499.316349328473,-20.715172133399527
139.54662205451805,-499.19209576628697,-20.8319283621211
139.547570467311,-499.0671227318405,-20.77090681306489
139.55018968277895,-498.94173519720965,-20.722607732099657
139.55022936327302,-498.8039538297011,-20.662300732445395
139.5476974613164,-498.66933858617705,-20.637338087240323
139.54468725214193,-498.53300442869124,-20.5336781289137
139.5436793044988,-498.4031792408751,-20.603152259454497
139.5430861444173,-498.27264447188617,-20.494848612217513
139.54340571123595,-498.14382428115505,-20.56983841391665
139.54267127848433,-498.0167702265659,-20.467050437838008
139.5433791577511,-497.88474216798147,-20.55011767409991
139.54313343180536,-497.75236859654234,-20.45540713258403
139.5414667018083,-497.62017123554824,-20.534824546141188
139.53871814227207,-497.48480303466624,-20.43646418192057
139.53538164078583,-497.34949745799696,-20.533350494317045
139.53156433670853,-497.21145319659394,-20.45245902893574
139.52770516265986,-497.07441560551746,-20.52316905277461
139.52389250064786,-496.9382998831349,-20.416101298835702
139.52137536556958,-496.79167506920953,-20.579219424167963
139.51874246846583,-496.64380532321803,-20.564559771722447
139.51653453127133,-496.49656118275635,-20.551679629324802
139.51403232116547,-496.3460411911761,-20.545714075932946
139.5115068434655,-496.19274009147455,-20.535365937839476
139.50778063015176,-496.0410630524557,-20.550655574978446
139.50427793141577,-495.8880120101282,-20.515674728828266
139.5021017517551,-495.7372717819633,-20.59741765702532
139.5006324926869,-495.5891375776536,-20.501382807444603
139.4997379583106,-495.4393647090207,-20.737693432077744
139.49773731336157,-495.2863079883216,-20.79622627893311
139.49759901102618,-495.13395352612577,-20.717907349184642
139.49906714418006,-494.9839063346485,-20.956658416853486
139.5000143509825,-494.83563504626045,-21.01763170674455
139.49221456779568,-494.68515213014723,-20.978648513428656
139.4848314279719,-494.5384133121849,-21.16194149427918
139.48503217703154,-494.39573871037487,-21.167456697351927
139.49126773765903,-494.251639435021,-21.252889828369664
139.49985535484893,-494.10930463687447,-21.16957267346398
139.50139391501796,-493.96958527352086,-21.44906383647871
139.4978012264826,-493.83442411696024,-21.550777221715663
139.49364405088778,-493.7002871159848,-21.47471282917484
139.49929621326731,-493.56826267236255,-21.722796892764652
139.51052941248787,-493.4368993100757,-21.79310317857669
139.51819816913218,-493.3044982207641,-21.72344054979021
139.51518185938892,-493.1750010682066,-21.95091771089824
139.5092501016623,-493.0452988847252,-22.00061709422849
139.50405161711555,-492.9194465705574,-21.947204495346384
139.50852616565166,-492.79516390760944,-22.096219057331467
139.51980323833627,-492.67460186166727,-22.067455841538774
139.53022531970575,-492.5563261548908,-22.11058024961603
139.5374517332105,-492.4438751926661,-21.975926879915512
139.5459913485947,-492.33278759303664,-22.1918887377011
139.55426148538038,-492.22396324512107,-22.23007281770891
139.5627707733899,-492.1222237160519,-22.09047911993894
139.5695624262147,-492.0262156684988,-22.235585610588426
139.57303751516238,-491.93862336503634,-22.202914323460135
139.57621053451408,-491.85518841204123,-22.055488755142377
139.58010112367134,-491.77459111513775,-22.12482447210811
139.58531189396612,-491.70243117767524,-22.016382411296068
139.59194459175532,-491.63339387565594,-21.969479389527006
139.59876734334154,-491.56900118679846,-21.787190481863384
139.6042990709979,-491.50604433881483,-21.918258078723348
139.60949392040834,-491.44385937862177,-21.871547897805534
139.61413684520016,-491.3865709820874,-21.7024624736025
139.61736957458234,-491.33616288881313,-21.803072629071394
139.61452139939806,-491.28784777129533,-21.72590500676251
139.61049755068086,-491.24063839726676,-21.624295998064277
139.6067064619944,-491.19063626081123,-21.586799017200395
139.60589228746431,-491.1438249355887,-21.41765646398982
139.60568507513656,-491.09708908923824,-21.552701636608635
139.60683598004687,-491.0528428040324,-21.50996903144967
139.60454258442383,-491.00849526711187,-21.380543962799393
139.59871650143185,-490.96230131148457,-21.451243202718885
139.59185607414642,-490.9177941639292,-21.3441646648606
139.58612012630147,-490.8722111463091,-21.399071137037716
139.58192265226955,-490.8292799131488,-21.276199831437058
139.578913903742,-490.78462383664095,-21.384178214869618
139.57618569140547,-490.7437050112184,-21.314378820524404
139.5723203875493,-490.70329603708564,-21.314530199194987
139.56828263859958,-490.6678304052873,-21.155149343897474
139.56467849306068,-490.63426673094153,-21.347209447774222
139.5612123271627,-490.60623813145463,-21.361491773873194
139.5586443871079,-490.5786573981323,-21.19799632219439
139.55506061403585,-490.54992116402786,-21.42921058255443
139.54968019913295,-490.5239918562076,-21.482647065136693
139.545250755098,-490.5010389282443,-21.35830576994118
139.54148516844074,-490.4773703845612,-21.494977686037977
139.53790590826927,-490.45079133702205,-21.453871824357
139.5352361517618,-490.418274868499,-21.39195272005515
139.53607515474636,-490.3901195944425,-21.373961771741445
139.53760397714242,-490.36323698984376,-21.256057769142707
139.54171479794672,-490.34722769395745,-21.35686879708215
139.54587110898123,-490.34362074757735,-21.27990204724382
139.54833473941594,-490.3388602365582,-21.305692541332593
139.54960168432007,-490.3377944954346,-21.153705257643594
139.5506112733461,-490.33912019883047,-21.348790526203842
139.5511443659304,-490.34131422557084,-21.366098016986314
139.55157457746515,-490.34791737971096,-21.20562772999101
139.55156742755926,-490.35530844780544,-21.426013828047346
139.55147290705278,-490.36275198127794,-21.468622148325906
139.55218359005116,-490.3731383664611,-21.33345269082669
139.55345765070345,-490.3835567156193,-21.497764519547193
139.55441382246835,-490.3899097299401,-21.484298570489916
139.5557052620129,-490.39126510108963,-21.361159213971476
139.55745605463989,-490.3924212227709,-21.471329798312034
139.56215026216594,-490.3961486074945,-21.403722604874815
139.5657219461648,-490.40828923313285,-21.37978287488114
139.5677863281747,-490.4166171736116,-21.264945214200562
139.56869677857594,-490.4269299130162,-21.3547795343645
139.57018660513867,-490.4454449421343,-21.266836076750664
139.57177111828926,-490.4636997710033,-21.311604839056663
139.57047558901482,-490.4793584911452,-21.17859582358488
139.56697803211614,-490.49673217663303,-21.31733832428947
139.56473425716854,-490.517067540552,-21.278303047216276
139.56441581674372,-490.53828735942585,-21.205602878999525
139.56325497215397,-490.5507831652,-21.20696547129861
139.56276348985426,-490.5672604502277,-21.05573096824062
139.5632342033164,-490.5920810208301,-21.239269986079304
139.56347999467278,-490.61903502265454,-21.245031226140206
139.5612115281309,-490.6421105871418,-21.093050542450662
139.55888313931138,-490.66162538946674,-21.2881212910121
139.55575454756612,-490.68154960661496,-21.30541426179576
139.5529210774295,-490.71209189563956,-21.144929454801645
139.55101004096758,-490.7318007531511,-21.328611141299817
139.55136400375923,-490.7449683983865,-21.334515050020208
139.55298904337522,-490.75868675021223,-21.162641180962822
139.55443452001484,-490.77740636013004,-21.382655959555738
139.55253463728036,-490.79522265388084,-21.424892960370872
139.55040336989214,-490.8172804526648,-21.28935218340823
139.5490792480427,-490.8361875082061,-21.424263670503823
139.54711227614507,-490.84477684808667,-21.38139737982163
139.54381270894928,-490.85217248533456,-21.322295930433558
139.54275932764952,-490.8712704218818,-21.2932712968651
139.54258083161852,-490.89284609208016,-21.19337722404904
139.54299051791818,-490.9221535661438,-21.244699384244374
139.54310134736772,-490.94644836134927,-21.118243766661934
139.54315082920618,-490.9736617614736,-21.219070125343304
139.5431873377807,-490.9908354031132,-21.142118706246897
139.54404206580273,-491.01657462348584,-21.119464450481217
139.54463761491573,-491.04939422402657,-20.97782647983238
139.54394085821508,-491.0782493551709,-21.108293659704263
139.54299554978033,-491.1052540972375,-21.060983061798368
139.5420139753854,-491.1315046940458,-20.99756131052467
139.54186044130094,-491.15886845331454,-20.974280629993466
139.53899825442997,-491.1829616716102,-20.862219904939888
139.53563504365945,-491.2060581226066,-20.94547527783553
139.5330407937733,-491.2214285150623,-20.850952872953396
139.5318710098402,-491.2305319835616,-20.896093630360756
139.53017964491363,-491.23497615127314,-20.763456609990342
139.52799735208953,-491.24514880844197,-20.9027904992497
139.5261585774061,-491.25837048571134,-20.864346610731285
139.524414657813,-491.2754610364797,-20.80961720991625
139.5214825116499,-491.29062540744803,-20.801076113931547
139.51712064402938,-491.3049506491804,-20.697520569542338
139.51294731201241,-491.31808655051645,-20.800665789420815
139.50969237450482,-491.3383390953987,-20.72603323152152
139.50748874167704,-491.3650513772407,-20.75994574778887
139.50470537700764,-491.388990365133,-20.616080486278435
139.50020120715632,-491.40974800640754,-20.792472417156937
139.4933636022398,-491.42547993634923,-20.79108657025766
139.48615655624687,-491.44056431435405,-20.673334011213843
139.48596301113722,-491.4610379819288,-20.82382466333246
139.4871749188458,-491.4865649930343,-20.7965375376733
139.48906134776394,-491.51847117757677,-20.755562280790123
139.48817940726823,-491.55587675329326,-20.754120290377557
139.48511366937686,-491.58484043905656,-20.67559453595187
139.48288677361188,-491.6094193744094,-20.76714159568838
139.4833250954564,-491.6372766814886,-20.680910877647115
139.48182444913434,-491.66802102565674,-20.788980057337902
139.47831290726003,-491.69603974657014,-20.719271459250905
139.47609357264858,-491.7175539654684,-20.781629486153403
139.47539802113752,-491.7317279706282,-20.66620973527812
139.47419400742356,-491.7448136805225,-20.836691409425963
139.47249475835298,-491.7644574012674,-20.829395305796027
139.47072062930894,-491.7851333468207,-20.78178095600411
139.47060120077217,-491.812445234999,-20.82194905887966
139.4716357442094,-491.8411047648482,-20.684339383977438
139.4737077018681,-491.87798888749586,-20.908433913206775
139.47678078563993,-491.9094404656256,-20.954750664658338
139.4795997218874,-491.9305226679628,-20.823289638332117
139.4815046259812,-491.94923115937496,-21.02263367402757
139.48237829834153,-491.9743312767242,-21.04419993194525
139.48385463212608,-492.00199007314745,-20.891410875637472
139.48296472367056,-492.026081902503,-21.11846235507014
139.4816142232428,-492.0533843657609,-21.167736056725033
139.4822459226489,-492.06865620965516,-21.039231980602146
139.48326507785245,-492.08393406345243,-21.205863436961387
139.48352589623036,-492.10063316753184,-21.194717115542844
139.48568644893732,-492.12451324552075,-21.059490044885855
139.4890175539827,-492.140480112738,-21.189739822553456
139.4937673937796,-492.1552185868004,-21.142211822443276
139.49709076058298,-492.1682733239341,-21.059351556019003
139.49802645601537,-492.18302431297616,-21.034659253263513
139.4984713095052,-492.2025820938891,-20.88340720821448
139.49922233446796,-492.2295466336254,-21.020923662877905
139.50084524581473,-492.2807112516724,-20.98066233976355
139.5038532308103,-492.3384450997026,-20.882460361726242
139.50709545030455,-492.39585391233527,-20.91172782451944
139.50663884957683,-492.45541945921985,-20.76321750953485
139.50421697868177,-492.5131025318436,-20.9271316691676
139.50102583147262,-492.56917983924893,-20.913268051022573
139.4977262142054,-492.6274131163497,-20.7898906776083
139.49609449748323,-492.6981151585597,-20.886765521341918
139.4939982341746,-492.75802096919125,-20.80586258729776
139.49266020840463,-492.8175448730892,-20.816814019972686
139.4914928598422,-492.8761458334517,-20.649987674869834
139.49037624901194,-492.93881499144857,-20.849030522984997
139.48723233308218,-493.00690160539193,-20.870295593322382
139.48208322515907,-493.07510336757076,-20.713782885881987
139.47619564392775,-493.1419475121123,-20.905173597806407
139.47106543585673,-493.21920679418184,-20.918786531953053
139.46698099871034,-493.2994983050787,-20.75519185460821
139.46398691663273,-493.3872063380304,-20.977712766989086
139.46125348806953,-493.4776071611467,-21.022455901592185
139.45778795452657,-493.5670226194783,-20.889421258417507
139.45545906535358,-493.6570173183344,-21.057458895624023
139.44681462703394,-493.7431528295784,-21.047718755052763
139.43579802200776,-493.8211492426955,-20.926685197642872
139.42446366424508,-493.9006752205341,-21.049576268389075
139.42185628902328,-493.97855829740996,-20.994689561357504
139.4251416152017,-494.060089568111,-20.95235409460474
139.42914809035452,-494.1403731439493,-20.882213899238593
139.4250231476556,-494.2206644810699,-20.86290704015522
139.41850747612693,-494.2977692269856,-20.73270657458308
139.41366143727186,-494.37272938716285,-20.841301554397347
139.41250535750407,-494.44964341902545,-20.772118756433837
139.41498015602158,-494.52544367010535,-20.737073978620224
139.41937971083942,-494.60339022812445,-20.627395600921282
139.42040208991548,-494.68188769648395,-20.687081631858952
139.41785804889636,-494.7642927162505,-20.568989885018848
139.41751335021934,-494.8522112637951,-20.665043461400415
139.41843653350304,-494.9379341197746,-20.583319260004206
139.4183663856833,-495.02462800126716,-20.59983428085365
139.41604345818965,-495.11110266377005,-20.438571523925315
139.4133030119522,-495.20057028727496,-20.629601322500985
139.41175181497917,-495.2877249634459,-20.642853343298874
139.40963919599375,-495.3835864058668,-20.478327586318986
139.4070318942981,-495.4806453943566,-20.695807807230295
139.40724095990672,-495.5759163864461,-20.735510250363827
139.40677654782087,-495.66865525847913,-20.597434915719578
139.40412893405693,-495.76038830920976,-20.74309291860359
139.40108233490866,-495.8569302145139,-20.710973143709822
139.39882237920474,-495.9559266280796,-20.632929804031665
139.39798389378194,-496.05400599430465,-20.655448262434724
139.3970309608747,-496.15108837785306,-20.500188943060003
139.3964793579608,-496.2465906376334,-20.693052601239945
139.39560519939812,-496.3408275071877,-20.708138481642106
139.3938576288497,-496.43650926321874,-20.545446584266493
139.39154778579638,-496.53030141157046,-20.744790980715067
139.38915833934325,-496.62197103894306,-20.766357599385866
139.38678695544866,-496.7165897496417,-20.610146440278886
139.38568668819224,-496.81208992200885,-20.80040370142535
139.38485629250889,-496.91190327314723,-20.81288318479404
139.38368101454543,-497.0107508034903,-20.647584890384948
139.38080903074587,-497.1039033381316,-20.842326293640504
139.3776385517709,-497.198858704251,-20.85928991911828
139.3732214650174,-497.29545349368124,-20.698475766818273
139.37026054416424,-497.3901828196573,-20.874420857433837
139.37092185625437,-497.4815544580842,-20.872588170271623
139.373119542939,-497.57399327347696,-20.692977705331632
139.3727168041097,-497.66492017222174,-20.89664339486628
139.3689232635743,-497.7589288384104,-20.922531306623153
139.36450551527412,-497.85221684594643,-20.770641440602244
139.36372353339686,-497.9470721812003,-20.90815132362602
139.36573493743535,-498.03679592834084,-20.867883428872016
139.36827641202174,-498.1276661756771,-20.745727197330826
139.36801131085693,-498.21747334620153,-20.804195351165884
139.36102333153624,-498.30701908827166,-20.68488572722317
139.3523794945125,-498.39991456076376,-20.741791788786035
139.355856309408,-498.4929783548426,-20.620920072571128
139.3617078066533,-498.5890189059451,-20.681262737132815
139.36918479685218,-498.68428889839237,-20.563827623916726
139.3715365462256,-498.7798596058826,-20.611439272992122
139.37036402255399,-498.87413122854156,-20.481273144289737
139.36686065349886,-498.97393472671206,-20.582271871879424
139.36458360772698,-499.07588206134415,-20.505492821691337
139.36669443348495,-499.17680824562046,-20.48809988766069
139.3704741462492,-499.27995258298256,-20.339587453639226
139.37083610272205,-499.3820736092749,-20.484708408486448
139.3676329156668,-499.4813091409794,-20.45205158555589
139.36499425634406,-499.5799553350932,-20.32677872933645
139.3662055857226,-499.67912869359475,-20.416542213019223
139.3673465739347,-499.78454013054187,-20.32852791892422
139.3684572665256,-499.89256577607483,-20.360290921488783
139.36954610347544,-500.0020347874774,-20.214276146275573
139.36897241694928,-500.114502246114,-20.376460829522422
139.3619090514919,-500.2255609681189,-20.360867734991494
139.3536482070014,-500.33902510764005,-20.2412952096262
139.34978624315931,-500.4468517295692,-20.329799387652063
139.34685898115484,-500.5562839804679,-20.240525787900147
139.34827051391085,-500.6661183207034,-20.269422640687694
139.34806395270866,-500.78119632374506,-20.120541715697463
139.34753671047415,-500.89404728330476,-20.27963495067597
139.3469528305894,-501.00911450940987,-20.260950407876702
139.34184503835516,-501.12503647716386,-20.149588846479535
139.33508377447396,-501.24538472526183,-20.245877437108852
139.3309644209052,-501.3657261654556,-20.164388249960393
139.3294871468719,-501.4886213880303,-20.194487572798113
139.32938063219862,-501.6098706350267,-20.04680911785806
139.3295497842727,-501.73333291983914,-20.222524829837287
139.33018233064453,-501.85466234860843,-20.220462764038736
139.33171989299416,-501.97343074318223,-20.07065193101777
139.3338290354304,-502.09426444708294,-20.246358430330563
139.3351993860804,-502.2150211335047,-20.244287151865574
139.3331153778306,-502.3448627657794,-20.120349031155214
139.32831502591816,-502.4767227506767,-20.270177696718015
139.32180767694484,-502.60465417520214,-20.242228584503035
139.3187492553003,-502.726056862949,-20.149896898042655
139.31724545000714,-502.84401829844774,-20.19311549714438
139.31648639988174,-502.96428936530305,-20.058556318468327
139.31629776283611,-503.0833118365899,-20.201179222666752
139.31540278013333,-503.19998293583825,-20.166024349087397
139.3098601458309,-503.3183804383783,-20.08431724873975
139.30346680978525,-503.4354393459851,-20.105495091726798
139.29904937194806,-503.5531950301415,-19.948895156936064
139.30001971731292,-503.6714633220998,-20.140477769031236
139.30205381885077,-503.792418764355,-20.154282603348623
139.30180596440135,-503.91382871482426,-19.990309659888236
139.29699679935112,-504.0378695143074,-20.2018732466122
139.29257576919474,-504.1590350144451,-20.235659055558386
139.29322679844603,-504.2821688787118,-20.091667086726797
139.29693809160725,-504.40394517862364,-20.24470115148963
139.30079798804775,-504.52371803606565,-20.219957438474683
139.30257759772806,-504.64524276881906,-20.115815829329787
139.29939495116312,-504.7621130804355,-20.17601252500412
139.2960882287669,-504.879019685615,-20.05843144290067
139.29485705347855,-504.9934513222334,-20.13926377908381
139.29570294210475,-505.1057604929743,-20.042318337489167
139.2961308797645,-505.22236255122255,-20.083392797886262
139.29441402989536,-505.33775595769936,-19.94668948050558
139.29147130660746,-505.4510282609298,-20.059719800965304
139.2891465940337,-505.5630849151983,-19.99497234364725
139.28821054618157,-505.67838918948036,-19.96051079419141
139.28797798839878,-505.7943422158643,-19.858950202994265
139.2874769916739,-505.9122229940711,-19.905007503627992
139.28651876578067,-506.0284039071303,-19.773287026483942
139.28548272215536,-506.14685916306314,-19.890396520645297
139.28280318315964,-506.26776992393076,-19.829728237028874
139.28024372075558,-506.38745216607515,-19.80038992765167
139.27856600824623,-506.50986211258663,-19.706826474948187
139.2754458398493,-506.63107665851004,-19.754088293118066
139.27043711155872,-506.7578712952182,-19.623572333510165
139.26512190653622,-506.8890648708058,-19.766231000203103
139.2639294446388,-507.0180439255386,-19.73111188911826
139.26892249082442,-507.1443350406555,-19.648856066838245
139.27508162641428,-507.2705110942118,-19.660904031409835
139.2785081610677,-507.39364118713894,-19.49517421820365
139.27353144259652,-507.52236468217404,-19.707312251701705
139.26694485349648,-507.6524223457014,-19.741672507421985
139.26424018842673,-507.78171668949034,-19.598254985364484
139.2648161522885,-507.91451462755333,-19.774976022779875
139.26604005045053,-508.04612460268527,-19.773919282417488
139.25874679558763,-508.1819398655847,-19.648766066770296
139.24985383641115,-508.31666459118753,-19.798054430083003
139.24569896956913,-508.4535217910113,-19.769565015617932
139.2495357015224,-508.5884484055041,-19.700590882996643
139.2594370752692,-508.7198415021912,-19.711771485874596
139.26835544672582,-508.8512885268309,-19.545174310974772
139.26996371199706,-508.9800573127107,-19.77398427353216
139.26967641625845,-509.1107257392171,-19.825016458311772
139.2694247609684,-509.23868725400524,-19.698270865313606
139.2712389239766,-509.3638786004616,-19.83194423657624
139.27344044921503,-509.4914109696576,-19.7878398300611
139.2736330252072,-509.6184173052617,-19.737390768838857
139.27259973915827,-509.74736989959666,-19.6995090146389
139.27174664299156,-509.8766875310029,-19.618160518323254
139.27217549550232,-510.0025998746212,-19.628682410217667
139.27326530517956,-510.1252208517948,-19.461426524334303
139.27488247344132,-510.24766005733744,-19.646372939944374
139.27740344702696,-510.3666824398528,-19.65354157777667
139.28048177227527,-510.48169136165586,-19.482932437831185
139.28239400945256,-510.5981196866508,-19.666325167933472
139.28322449942024,-510.71358491166194,-19.671940120257975
139.28382682853314,-510.8388526779207,-19.499777294804705
139.2843749590166,-510.96471003308665,-19.72559826635746
139.28531512080724,-511.093570890316,-19.77364146013243
139.28385453989168,-511.2232477602109,-19.643906876129627
139.27946880536342,-511.3571475393781,-19.79001700538024
139.27456041500372,-511.4891679924294,-19.758349356853074
139.27167241280728,-511.615249622703,-19.673239161390615
139.2704615620525,-511.7417974385683,-19.701433769185797
139.2704264736857,-511.8670493670596,-19.551850599203203
139.27226970349767,-511.9908420906487,-19.701677750942686
139.27446238212144,-512.112582365633,-19.673727124904396
139.27751687685603,-512.2348082892076,-19.55784250218864
139.27782207088765,-512.3541645738096,-19.6354126721633
139.27675173090805,-512.4755160856803,-19.535205064360188
139.27501084007253,-512.5947229770583,-19.573585357082596
139.27521570951325,-512.7164811129935,-19.434187872027227
139.27580681731055,-512.8374267154625,-19.56348633914904
139.27646676591272,-512.9556719182254,-19.515007028493073
139.27630798562905,-513.0735051092745,-19.429244089713976
139.2759877177767,-513.1895800481525,-19.426445221694657
139.27646281844227,-513.3079191596879,-19.24586857589756
139.27544579137975,-513.4319880606129,-19.472341818873392
139.27373413648985,-513.5625726061581,-19.521037284071443
139.27313989957068,-513.6950599670909,-19.39195497149172
139.2727775976152,-513.8225289597456,-19.48868912583378
139.27205616872467,-513.9451351641825,-19.407645502398065
139.2708625081025,-514.0725664116238,-19.414206007289973
139.27041271097391,-514.200789423258,-19.242988734404108
139.2688860836588,-514.327108949343,-19.43665020141968
139.2671658023393,-514.4512512339473,-19.452533890657485
139.26502058977547,-514.5727836022077,-19.290639802117507
139.26610801176366,-514.6967410824062,-19.4699008413499
139.2678264951051,-514.819420634163,-19.47138410280452
139.26882541673191,-514.9447753799396,-19.295089586481357
139.2676111080193,-515.0676538970249,-19.500391033503423
139.26597142340717,-515.1896904516844,-19.527914702747708
139.26550198357404,-515.310231871748,-19.377660594214216
139.26445193584104,-515.4334372313626,-19.527083277432343
139.26371136720692,-515.5615653471062,-19.49872818287269
139.26345389359093,-515.6943508586519,-19.388433835348373
139.26288603415887,-515.828225566527,-19.458405844346316
139.26226417378666,-515.9749190067114,-19.35060007556648
139.2616403574628,-516.1220898866529,-19.386894544659896
139.261025022003,-516.255149379809,-19.245411235975535
139.26124324526475,-516.3814479717053,-19.365197181747796
139.26285707665113,-516.5029590255982,-19.307205349742276
139.26390574406048,-516.6248226369016,-19.233439113487748
139.26400335318237,-516.7429773661044,-19.189680033247704
139.26308802909483,-516.8570707849603,-19.08554147644247
139.2615724696413,-516.9738155020123,-19.11376807919176
139.26201352884902,-517.0935243316163,-18.964216904163276
139.2616058611692,-517.2133519025988,-19.116793578114834
139.26062357938545,-517.3361763408473,-19.091592474288618
139.25995101167746,-517.4562142049828,-18.95978796937296
139.25893928552532,-517.5727591046725,-19.057810502409627
139.25746345001187,-517.6912145506775,-18.97805525766851
139.2555051156201,-517.8112349618244,-18.977080884987853
139.25429946665292,-517.9368214090414,-18.822526549329748
139.2532615017782,-518.0660016117785,-19.003968309999802
139.25350561366687,-518.1903780027362,-19.007632292892083
139.25400266909466,-518.3113776115557,-18.83351849800658
139.25330946621975,-518.4303916472886,-19.03449240231024
139.24992229279187,-518.5573141465628,-19.057688528836117
139.24727827616437,-518.685241663,-18.903106877584218
139.24523116135566,-518.8123703248582,-19.079438243671728
139.24785343032127,-518.940569385943,-19.07799183198146
139.25137228154986,-519.0671592513378,-18.917895715477822
139.25543107001351,-519.1920357772868,-19.106828949563603
139.25666367648827,-519.3211082803109,-19.117984405871606
139.25731351616207,-519.4500038364846,-18.95136208440183
139.25742511586697,-519.580886822045,-19.163583813857556
139.2574274803823,-519.7074400687993,-19.198027765535507
139.25699729756437,-519.830271499394,-19.05469393943568
139.25689739010207,-519.9493831864105,-19.182781423521966
139.25645429195038,-520.0711413362739,-19.13309112983048
139.2580039686123,-520.1896508850197,-19.044821864840646
139.25910882705776,-520.3072243555154,-19.03249940337383
139.25928589720647,-520.4200726765583,-18.848863218600826
139.25927489136484,-520.5283230138116,-19.03741678065699
139.2608708712971,-520.6375630828437,-19.048192564935373
139.26317621666956,-520.7450367950275,-18.88119057143598
139.2651799813292,-520.8544864986019,-19.0289185126902
139.26627359852668,-520.9752316713367,-18.998868676166644
139.26716963256487,-521.0965186732249,-18.87350098318514
139.27006851748718,-521.2241410702501,-18.95783257441112
139.27332674400068,-521.350804805545,-18.864386387859327
139.27661049961097,-521.4748282575919,-18.8488814204955
139.2782082142941,-521.5904175416712,-18.658145415362586
139.27944599773852,-521.7102191667833,-18.879236271099437
139.28059419090403,-521.8291594147671,-18.922549349058507
139.28211880282205,-521.9474642371318,-18.788084649239803
139.28246501512106,-522.0661780835655,-18.88255872217429
139.2821581791436,-522.1832853601084,-18.799255017330996
139.28172509740028,-522.2984057969621,-18.781644945764018
139.2820960369997,-522.419443597443,-18.629849858766924
139.28426517194893,-522.5399434441533,-18.772321716827204
139.28676309604882,-522.6620708134009,-18.737015797109706
139.2880592519472,-522.7823760979044,-18.618511042710423
139.28745217554365,-522.8989686236349,-18.67787323572218
139.2872961977663,-523.0178359483562,-18.559457650956166
139.2876433247315,-523.1413734531461,-18.628964648552518
139.2856203579506,-523.2661342383261,-18.52069386837109
139.2823308101702,-523.394042637306,-18.576813140325786
139.27924539753616,-523.5211703062604,-18.4551546345027
139.27665536002218,-523.6551053468069,-18.561404947313488
139.27502256695462,-523.7925912299838,-18.489877482346493
139.27401511138888,-523.9304692602374,-18.493360571940546
139.27314705158042,-524.0731901212537,-18.321479463722525
139.27314232777402,-524.2092870739548,-18.5156616351355
139.27289789390662,-524.3408951994433,-18.5320660287707
139.27096632775311,-524.4709622439268,-18.37069264462812
139.2662590285277,-524.6055947853544,-18.563375600852904
139.26106353094355,-524.7404540966928,-18.57828077929991
139.25789939631997,-524.8760700962521,-18.415408179969134
139.25970564642537,-525.0145842281285,-18.60997963183017
139.26289272903063,-525.1521186743704,-18.626773305913424
139.26425553962767,-525.2921766935834,-18.465789202218904
139.2656447802946,-525.4307474911174,-18.661376452569073
139.26537510444157,-525.5680402818617,-18.679185925141464
139.26395614734113,-525.700259084891,-18.519217619936075
139.26397195915885,-525.8322119785117,-18.678730469165707
139.26263005543657,-525.9669105824305,-18.660465540617558
139.26103569345923,-526.0986052815975,-18.513871494534595
139.2602348485346,-526.2308644307595,-18.63926052925045
139.2600147634816,-526.359716339799,-18.586871786188524
139.26114773827928,-526.4882746847742,-18.486210932035867
139.25883743384995,-526.6137174871415,-18.487518322282828
139.25587133123824,-526.7367531055756,-18.311047934752004
139.25610336467162,-526.8605956695388,-18.479606342875368
139.25738239194962,-526.9911991950314,-18.470386973220947
139.25844196071972,-527.1217063293562,-18.290261053127335
139.25861945725458,-527.2562438617593,-18.49600083288884
139.26190690383618,-527.3945878288728,-18.523962834872567
139.26165936340902,-527.535581524285,-18.37414705907852
139.25947634615514,-527.6793665883555,-18.52636576582543
139.25488216978124,-527.8241218719131,-18.500806694794562
139.25110310098069,-527.9716897908908,-18.374490162173583
139.24918524489553,-528.1128077154382,-18.454798622828626
139.2493113519733,-528.2536668528394,-18.357329305705893
139.24943201371633,-528.3920602361904,-18.385454958931465
139.25037298142541,-528.5293930961683,-18.23580283437926
139.25064151656474,-528.6621037841296,-18.358992708394112
139.25200552380147,-528.7966781523477,-18.304404804631186
139.25315855957695,-528.9317593100469,-18.22408965957629
139.25342989121808,-529.0654295602883,-18.205075245363737
139.25352102309344,-529.2011832077014,-18.045558689964686
139.25398726336226,-529.3364148160081,-18.185279822953714
139.25410944989267,-529.4692080558417,-18.147223178164968
139.2541610879114,-529.5996250070144,-18.021142285589104
139.2541978818204,-529.7393492149271,-18.114093227033777
139.25464362806076,-529.8822241298974,-18.029266390700677
139.25557549193195,-530.0283727430442,-18.033338941744613
139.2553575483765,-530.164909093328,-17.859633715010773
139.25450207631073,-530.3002086962798,-18.035740413825224
139.25558637636783,-530.4370220220787,-18.034069334861893
139.25909832080424,-530.5789158584802,-17.85462047812079
139.26304584646232,-530.7198077513287,-18.06263107406233
139.26496923466647,-530.859315015213,-18.092863892226095
139.26440532941425,-531.0024652499958,-17.945318932612082
139.2629413187899,-531.1500414978414,-18.112749843762913
139.26131810857558,-531.296404086108,-18.102402977135963
139.26174125521075,-531.4393863412034,-17.951080750381916
139.26256765513034,-531.5767914487033,-18.10097311590749
139.26305228579685,-531.7145758095995,-18.07308770365528
139.26263855897662,-531.850065754709,-17.95329925505458
139.26575060032934,-531.9870276263308,-18.024416419753894
139.26952353517297,-532.1223359810807,-17.91775580667543
139.273374989197,-532.2553892469666,-17.96093182211472
139.27225581526656,-532.3895462930759,-17.826330059776232
139.26933709955225,-532.5191503061296,-17.92110567025424
139.26692131943796,-532.6455915666088,-17.83810350295446
139.26792759531645,-532.7750971119797,-17.82029973768063
139.270014637581,-532.908458102128,-17.663760287949717
139.27105615074385,-533.0406934915941,-17.822310277357733
139.2718737454547,-533.1708230798292,-17.803082488987968
139.2705798173504,-533.3107287758965,-17.679288690068116
139.26970332054947,-533.4526461458529,-17.788826514358465
139.27015655351923,-533.5933581368811,-17.720586560871038
139.2692248420187,-533.7283131482511,-17.68205739187671
139.26679739263213,-533.8589689590833,-17.57487418588645
139.26533731939293,-533.994040936054,-17.63471137239836
139.26655726464705,-534.1297124559134,-17.51677078113249
139.26829586326733,-534.2678410005122,-17.5988640819174
139.2692921324916,-534.4049053440916,-17.503179604924533
139.2684813222299,-534.5420279323581,-17.531138965419952
139.2685544053725,-534.6784404260846,-17.381320548137595
139.26962456112463,-534.8199032565481,-17.549052621714342
139.27046824473905,-534.963640682992,-17.539006917513312
139.2700208570923,-535.1061976519006,-17.412400622311132
139.2676789513732,-535.2507577190776,-17.53658709397815
139.26416833803208,-535.3932535516195,-17.482995787867388
139.26211835633407,-535.5345383742826,-17.452659861311062
139.26038965625992,-535.6778382774922,-17.37022201084609
139.26039424291162,-535.8211404870766,-17.402408392980142
139.25951164389832,-535.966262859844,-17.25681699733642
139.25723216027134,-536.1084568581688,-17.422770689974836
139.25429505237764,-536.2510810891843,-17.410946604835473
139.25332152516506,-536.392171822119,-17.283082258808736
139.2527545598091,-536.5364443427916,-17.415676975623114
139.25104497033172,-536.6809386784953,-17.37049391465972
139.2507738368582,-536.8276890133197,-17.32543940433475
139.25161736181704,-536.9723945432064,-17.28012128260523
139.25061671055187,-537.1188997445694,-17.230174217076843
139.2484401221932,-537.2628616951415,-17.1908808723504
139.2481126356725,-537.4046782033696,-17.128149341859682
139.25144851599435,-537.5507722327895,-17.127322797828157
139.2509487371646,-537.7003195402518,-16.989854439141954
139.2492782678034,-537.852526608283,-17.168998783807154
139.2473974181224,-538.0031009056826,-17.17036535069458
139.24714390890622,-538.1583395922818,-17.05961881465336
139.2451661399141,-538.3127122065115,-17.1997703494996
139.24122720279246,-538.4689827513092,-17.16214410656807
139.23613071915062,-538.6197250344725,-17.130191174350777
139.22882009841655,-538.7647608861705,-17.082955891895487
139.22281506798114,-538.9112700527958,-17.08064204663045
139.21962233826054,-539.0563990853701,-16.9809303728802
139.21909080972782,-539.2034547004486,-17.097863344019647
139.22403063650515,-539.3467561743913,-17.037018537381318
139.2267073679192,-539.4907158658109,-17.056261645318973
139.22642763341383,-539.6327597740033,-16.90403098563391
139.22638191750423,-539.777486567745,-17.129061814718828
139.22720676660668,-539.9215111575298,-17.176314866025972
139.22942599752434,-540.0676136234687,-17.045790139555333
139.23271387574306,-540.2104146517894,-17.225005693346287
139.23534738915401,-540.354791111295,-17.226443469359467
139.2353467974127,-540.4978399696132,-17.111149517686034
139.23523005972348,-540.637769279487,-17.252214522478702
139.235091753114,-540.7781227961534,-17.21550174949359
139.2349510997478,-540.9141081263859,-17.166334916727497
139.2364564218782,-541.0482760279683,-17.126258393257345
139.23868019674865,-541.1801722781094,-17.061502300447234
139.24183736848008,-541.3140050068489,-17.05012108240725
139.24472565091912,-541.445093188055,-16.905353539872994
139.24710841103828,-541.5763974278439,-17.047945244559475
139.25017751188292,-541.7038294412724,-17.01275917146818
139.2533402314384,-541.8286746430158,-16.90339164338014
139.25812113828016,-541.9550846839971,-16.95205282739604
139.26192568745964,-542.0804187500211,-16.822936233634167
139.25972618929612,-542.2096608698923,-16.925856384354738
139.25224871897117,-542.339483823717,-16.85099875729753
139.24505400045862,-542.4718432401003,-16.838309536823388
139.24294971274958,-542.6036470595178,-16.69402031075539
139.24189343884868,-542.7334652163327,-16.83878105254943
139.24106179027154,-542.8648959379524,-16.805764016565686
139.2394655613167,-542.996589713381,-16.695384962396584
139.24020489598698,-543.1260542325432,-16.75614243712417
139.24386660617813,-543.2579071828462,-16.639122134073975
139.24847138048403,-543.3904105774176,-16.724831334117734
139.25196549971167,-543.5240253458975,-16.632762756383716
139.25395579378352,-543.6618678680074,-16.677205894065224
139.25232990530853,-543.7990044027512,-16.54387125396896
139.25041457073803,-543.936678687083,-16.672989151069636
139.24805792059567,-544.0712740426221,-16.624329270392536
139.24893363525203,-544.209652256235,-16.57374296343771
139.25044336825974,-544.348458106869,-16.536796038738323
139.251237099846,-544.4912793572536,-16.46890238418808
139.25023189807658,-544.6345097853608,-16.474262024198616
139.2480598725056,-544.7800516607016,-16.317994371730993
139.245274706538,-544.9227574521509,-16.517306762715315
139.24199407929595,-545.0624575444547,-16.53884137592186
139.23989479538642,-545.2038363178389,-16.382598211350626
139.2392936366257,-545.3435401071065,-16.58232677340734
139.24023443048597,-545.4817415567701,-16.604277557686274
139.24023645691332,-545.6280858956733,-16.44845056418743
139.24005070103382,-545.7739774707154,-16.67503030544044
139.239008697221,-545.9248360350293,-16.723832268915675
139.2378102634313,-546.0745424531717,-16.59485645461313
139.2361869213712,-546.2187852841329,-16.75960271274539
