0,1,2,3,4,5
138.35916500000002,-602.06662,10.077402555555555,-179.488663,0.264109,179.605057
138.35770412177777,-602.0623533333334,9.970735888888887,-179.488663,0.264109,179.605057
138.35662891151247,-602.0572940148149,9.859372333333331,-179.488663,0.264109,179.605057
138.35523546005123,-602.0521481206783,9.760533814814814,-179.488663,0.264109,179.605057
138.35379817832717,-602.0427914308013,9.636123345679012,-179.488663,0.264109,179.605057
138.35237257189056,-602.032725654699,9.55902968312757,-179.488663,0.264109,179.605057
138.35096957580302,-602.0183945523895,9.40307467626886,-179.488663,0.264109,179.605057
138.34959105550743,-602.0034142049603,9.378555243255597,-179.488663,0.264109,179.605057
138.34823703599218,-601.9885170623372,9.130279631611032,-179.488663,0.264109,179.605057
138.34690717379948,-601.9695817644815,9.059781797744245,-179.488663,0.264109,179.605057
138.3456010566669,-601.9501081375935,8.888136854188891,-179.488663,0.264109,179.605057
138.34431826443446,-601.9308038031478,8.885070426781148,-179.488663,0.264109,179.605057
138.34305838133827,-601.9075412110584,8.601039805794052,-179.488663,0.264109,179.605057
138.34182099840663,-601.8838178131944,8.494786962584735,-179.488663,0.264109,179.605057
138.340605713843,-601.8603396536116,8.38273370126693,-179.488663,0.264109,179.605057
138.33982279966673,-601.8329777866214,8.285044692352159,-179.488663,0.264109,179.605057
138.3391374943473,-601.8052283247026,8.16341526276567,-179.488663,0.264109,179.605057
138.33807079069715,-601.7735293361452,8.07698964540982,-179.488663,0.264109,179.605057
138.33653231161057,-601.7414912723196,7.927190563225125,-179.488663,0.264109,179.605057
138.3353320246948,-601.7098410459039,7.887714366866281,-179.488663,0.264109,179.605057
138.33462711362708,-601.6787185235233,7.664366694131021,-179.488663,0.264109,179.605057
138.3340313031308,-601.6438775067128,7.6187967991735395,-179.488663,0.264109,179.605057
138.33387645316483,-601.6087883076996,7.4056052907693415,-179.488663,0.264109,179.605057
138.33299066428216,-601.5741485186319,7.370191560142922,-179.488663,0.264109,179.605057
138.33156061883585,-601.5358245996645,7.144770000075844,-179.488663,0.264109,179.605057
138.33086339383428,-601.497308906009,7.097126217786543,-179.488663,0.264109,179.605057
138.33073331567718,-601.4550359695037,6.892088077157599,-179.488663,0.264109,179.605057
138.32989718355614,-601.4126127995252,6.864827714306434,-179.488663,0.264109,179.605057
138.3285210656325,-601.3707629346029,6.625817207947265,-179.488663,0.264109,179.605057
138.32787785533654,-601.3253562621042,6.564584479365874,-179.488663,0.264109,179.605057
138.32697970777923,-601.2798840118767,6.382194582557081,-179.488663,0.264109,179.605057
138.32645401309045,-601.2350453625512,6.377582463526065,-179.488663,0.264109,179.605057
138.32642095218876,-601.1867044719743,6.1008248841333135,-179.488663,0.264109,179.605057
138.32566555491061,-601.1383506480354,6.00184508251834,-179.488663,0.264109,179.605057
138.32436576711845,-601.0906819362533,5.882366974098852,-179.488663,0.264109,179.605057
138.32297558709433,-601.0395615352479,5.797052710353554,-179.488663,0.264109,179.605057
138.32199776673974,-600.9884778421011,5.654798705484606,-179.488663,0.264109,179.605057
138.3211163250974,-600.9381280141619,5.607444269155073,-179.488663,0.264109,179.605057
138.32108802858974,-600.8843743790393,5.401923885259851,-179.488663,0.264109,179.605057
138.32040943021497,-600.8307044786239,5.374181279142406,-179.488663,0.264109,179.605057
138.3191997559769,-600.7778146304005,5.13597451156037,-179.488663,0.264109,179.605057
138.31831173748876,-600.7215663371234,5.075545521756112,-179.488663,0.264109,179.605057
138.31750067974684,-600.6654463305622,4.891816060318764,-179.488663,0.264109,179.605057
138.31753788253096,-600.6101501325486,4.885864376659193,-179.488663,0.264109,179.605057
138.316512208314,-600.5472717977274,4.6113394049807,-179.488663,0.264109,179.605057
138.31569921273015,-600.4795046385289,4.514592211079984,-179.488663,0.264109,179.605057
138.31535098214346,-600.4117235140523,4.391393089803399,-179.488663,0.264109,179.605057
138.31427932383565,-600.3406369280682,4.3122805141532625,-179.488663,0.264109,179.605057
138.31389955467952,-600.2699002590055,4.159690362459046,-179.488663,0.264109,179.605057
138.31366356451508,-600.1959729392871,4.129562837504962,-179.488663,0.264109,179.605057
138.31345968645354,-600.122458900207,3.890634045761769,-179.488663,0.264109,179.605057
138.31326513041168,-600.0500730502547,3.8294830317963537,-179.488663,0.264109,179.605057
138.31225387245965,-599.9746756591051,3.6469569439609346,-179.488663,0.264109,179.605057
138.31150432312762,-599.899748278168,3.6422086339032935,-179.488663,0.264109,179.605057
138.31040710911006,-599.8259805331354,3.3656780395549175,-179.488663,0.264109,179.605057
138.30966663364364,-599.7492271898799,3.2669252229843195,-179.488663,0.264109,179.605057
138.3090080370941,-599.6729683300839,3.119094050601983,-179.488663,0.264109,179.605057
138.30878584970108,-599.5978929374302,3.0203884934614327,-179.488663,0.264109,179.605057
138.30824343747116,-599.5198553104559,2.839806910917906,-179.488663,0.264109,179.605057
138.30805536124782,-599.4423351050901,2.8003822596015615,-179.488663,0.264109,179.605057
138.30794082708763,-599.3660208936335,2.520999167351024,-179.488663,0.264109,179.605057
138.30743196360368,-599.2867665719662,2.4193938528782644,-179.488663,0.264109,179.605057
138.3072621380912,-599.2080514008313,2.2483420881106415,-179.488663,0.264109,179.605057
138.3067518688025,-599.1305635644593,2.193034407167791,-179.488663,0.264109,179.605057
138.3061807679218,-599.0501565776015,1.9448199198503202,-179.488663,0.264109,179.605057
138.30519495637967,-598.9703093266817,1.8743832103106275,-179.488663,0.264109,179.605057
138.30414022313605,-598.8917096282961,1.65138377065456,-179.488663,0.264109,179.605057
138.3034973728694,-598.8102106361276,1.60616210877627,-179.488663,0.264109,179.605057
138.30294604195748,-598.7292908819801,1.3411375896845308,-179.488663,0.264109,179.605057
138.30242085606724,-598.6496378341625,1.2538908483705695,-179.488663,0.264109,179.605057
138.30149770182516,-598.5671043042909,1.054211239449394,-179.488663,0.264109,179.605057
138.3005080832174,-598.4851684882111,1.0323094083059965,-179.488663,0.264109,179.605057
138.29951924631234,-598.404517524274,0.7284185046561036,-179.488663,0.264109,179.605057
138.29936596253933,-598.3210039000302,0.6023053787839884,-179.488663,0.264109,179.605057
138.29938196942862,-598.2381054930477,0.4720999663486248,-179.488663,0.264109,179.605057
138.29861027346348,-598.1522424624167,0.34871503151867517,-179.488663,0.264109,179.605057
138.29810267882564,-598.0670076701584,0.21396263401303564,-179.488663,0.264109,179.605057
138.297655123577,-597.9831107537312,0.0934591187446571,-179.488663,0.264109,179.605057
138.2972259414364,-597.9006746130594,-0.05079253358582315,-179.488663,0.264109,179.605057
138.29721720450786,-597.8154363859837,-0.1507670685905783,-179.488663,0.264109,179.605057
138.2968820142136,-597.7308500186347,-0.32453679913820854,-179.488663,0.264109,179.605057
138.29607563373037,-597.6433303626776,-0.398592403781047,-179.488663,0.264109,179.605057
138.29518648373175,-597.5564687729948,-0.6435351071540941,-179.488663,0.264109,179.605057
138.29429342551896,-597.4709741613979,-0.7107000327493636,-179.488663,0.264109,179.605057
138.294233620269,-597.3827022021163,-0.9951019567572481,-179.488663,0.264109,179.605057
138.2943413161752,-597.2951301967189,-1.1017261029873546,-179.488663,0.264109,179.605057
138.29407031397085,-597.2089436506194,-1.325059548159399,-179.488663,0.264109,179.605057
138.29372742639794,-597.119993293924,-1.3706152155536653,-179.488663,0.264109,179.605057
138.29378570504127,-597.0317552468491,-1.6957294587854435,-179.488663,0.264109,179.605057
138.29392338807602,-596.9449146028123,-1.8430659242394438,-179.488663,0.264109,179.605057
138.29407499383035,-596.8553218396538,-1.9938486151494434,-179.488663,0.264109,179.605057
138.29422722795783,-596.7664528608582,-2.1388875969661107,-179.488663,0.264109,179.605057
138.2939667559857,-596.6789925533002,-2.2934994272716653,-179.488663,0.264109,179.605057
138.29362744728394,-596.5887911932527,-2.432156510095741,-179.488663,0.264109,179.605057
138.29327719696,-596.4993244864947,-2.5974048387222815,-179.488663,0.264109,179.605057
138.29292973964954,-596.4112771257796,-2.7183344243447145,-179.488663,0.264109,179.605057
138.29299844922355,-596.3204991967367,-2.913128581640659,-179.488663,0.264109,179.605057
138.29314941497162,-596.2304662179079,-2.9848151194807513,-179.488663,0.264109,179.605057
138.29290401821942,-596.1375960314874,-3.261681023080598,-179.488663,0.264109,179.605057
138.2925828390543,-596.0454792239777,-3.360769148902667,-179.488663,0.264109,179.605057
138.29225107128806,-595.954823197957,-3.5966626280881075,-179.488663,0.264109,179.605057
138.2919219042765,-595.8614819917153,-3.6547783294957705,-179.488663,0.264109,179.605057
138.29159793890224,-595.768931268807,-3.9542622938163325,-179.488663,0.264109,179.605057
138.29086895469632,-595.6778549195135,-4.0759684803591165,-179.488663,0.264109,179.605057
138.29089066783283,-595.5841020863551,-4.26946830278781,-179.488663,0.264109,179.605057
138.2910622116287,-595.4911473300508,-4.343312065406654,-179.488663,0.264109,179.605057
138.29085061515585,-595.3996742123181,-4.621279483264135,-179.488663,0.264109,179.605057
138.29097606666792,-595.3055317066407,-4.721469123343838,-179.488663,0.264109,179.605057
138.29075647691107,-595.212194239011,-4.955526745433222,-179.488663,0.264109,179.605057
138.29047100195473,-595.1203452451969,-5.011806589744826,-179.488663,0.264109,179.605057
138.2901764100468,-595.0258335762801,-5.314350315892151,-179.488663,0.264109,179.605057
138.2898841845001,-594.9321335383008,-5.439116264261697,-179.488663,0.264109,179.605057
138.2895965883223,-594.8399284492715,-5.6275164836457865,-179.488663,0.264109,179.605057
138.28931400827506,-594.7493337112983,-5.709859584672305,-179.488663,0.264109,179.605057
138.28903645037013,-594.656082835365,-5.973661438516996,-179.488663,0.264109,179.605057
138.28876384438388,-594.56362696652,-6.05968551458391,-179.488663,0.264109,179.605057
138.2884961058443,-594.4683783603383,-6.317352410027942,-179.488663,0.264109,179.605057
138.28864381529772,-594.3739258535327,-6.397241527694197,-179.488663,0.264109,179.605057
138.28846184692637,-594.2809758911436,-6.665133353805994,-179.488663,0.264109,179.605057
138.2882165309847,-594.1853817259918,-6.7552474021400135,-179.488663,0.264109,179.605057
138.28755136780012,-594.0906182817473,-7.001400788249981,-179.488663,0.264109,179.605057
138.28763302859895,-593.997368728447,-7.069776396582172,-179.488663,0.264109,179.605057
138.2878628927964,-593.9057481692046,-7.377786827139633,-179.488663,0.264109,179.605057
138.2881191284939,-593.8114897900608,-7.508019479919317,-179.488663,0.264109,179.605057
138.28837699425037,-593.7180444105512,-7.71763172528651,-179.488663,0.264109,179.605057
138.2882208519279,-593.6260906319216,-7.799641538563409,-179.488663,0.264109,179.605057
138.28880546201376,-593.5314762938749,-8.0943220719908,-179.488663,0.264109,179.605057
138.28911924146007,-593.4376754700861,-8.211224827640413,-179.488663,0.264109,179.605057
138.28896372547078,-593.3453714053093,-8.447750457113282,-179.488663,0.264109,179.605057
138.28871656217734,-593.2504127945896,-8.506498308808373,-179.488663,0.264109,179.605057
138.28845458463434,-593.1562737971449,-8.839948778205443,-179.488663,0.264109,179.605057
138.28860403681097,-593.0636375880965,-8.995621469824735,-179.488663,0.264109,179.605057
138.28842298272272,-592.9683527628118,-9.162833650459248,-179.488663,0.264109,179.605057
138.28817840237303,-592.8738933762393,-9.310813349401725,-179.488663,0.264109,179.605057
138.28792459524715,-592.7809424997961,-9.490847184497595,-179.488663,0.264109,179.605057
138.288083219134,-592.6853486267327,-9.622154348226701,-179.488663,0.264109,179.605057
138.28832207323924,-592.5905857116508,-9.834672630900412,-179.488663,0.264109,179.605057
138.28857357635198,-592.4973367274022,-9.91183904866645,-179.488663,0.264109,179.605057
138.2884133656664,-592.4014500704293,-10.209895019056388,-179.488663,0.264109,179.605057
138.28817309077314,-592.3063996002553,-10.330173211668551,-179.488663,0.264109,179.605057
138.28792022028128,-592.2128681963502,-10.556376223981616,-179.488663,0.264109,179.605057
138.28766842705002,-592.1167041634433,-10.606037870126508,-179.488663,0.264109,179.605057
138.28742043033014,-592.0213812709819,-10.949935126551686,-179.488663,0.264109,179.605057
138.28717671997703,-591.9233156433023,-11.11605460519909,-179.488663,0.264109,179.605057
138.28693733300008,-591.8260961797283,-11.265855474120086,-179.488663,0.264109,179.605057
138.28629154864646,-591.7304286257909,-11.442854025918423,-179.488663,0.264109,179.605057
138.2855736693061,-591.6321653923254,-11.579219995143415,-179.488663,0.264109,179.605057
138.28526224747455,-591.534780544497,-11.778610046435098,-179.488663,0.264109,179.605057
138.28544721292192,-591.438956402743,-11.877656849837852,-179.488663,0.264109,179.605057
138.2857288252054,-591.3405405677754,-12.13924551083326,-179.488663,0.264109,179.605057
138.28561509503695,-591.2430060860402,-12.223056394050895,-179.488663,0.264109,179.605057
138.28542391387384,-591.1470350320251,-12.51003825535484,-179.488663,0.264109,179.605057
138.28521996153282,-591.0484749185443,-12.619242338881008,-179.488663,0.264109,179.605057
138.28542702227836,-590.9507987370067,-12.868599088559616,-179.488663,0.264109,179.605057
138.2857133407773,-590.8546885142174,-12.940178060460445,-179.488663,0.264109,179.605057
138.28601143874158,-590.7559917174574,-13.252243329514616,-179.488663,0.264109,179.605057
138.2858969863168,-590.6581812936793,-13.38653082079101,-179.488663,0.264109,179.605057
138.285701651582,-590.5576725594136,-13.589385001997021,-179.488663,0.264109,179.605057
138.28631425181254,-590.4580536206045,-13.677961366653669,-179.488663,0.264109,179.605057
138.28666905983286,-590.3600294435718,-13.957000758892589,-179.488663,0.264109,179.605057
138.28655659658597,-590.2594516738567,-14.05826237335373,-179.488663,0.264109,179.605057
138.28635227856293,-590.1597936249967,-14.31615968258516,-179.488663,0.264109,179.605057
138.28613249544097,-590.0617368792248,-14.396279214038815,-179.488663,0.264109,179.605057
138.28591274510364,-589.9653949788992,-14.689413328282726,-179.488663,0.264109,179.605057
138.28569612666138,-589.866499576912,-14.804769664748859,-179.488663,0.264109,179.605057
138.2858938820604,-589.7684999869763,-15.039175770638636,-179.488663,0.264109,179.605057
138.2857610330398,-589.6720733313967,-15.095804098750635,-179.488663,0.264109,179.605057
138.28556395254355,-589.5730659973453,-15.432787107452858,-179.488663,0.264109,179.605057
138.2853568286748,-589.4749506319063,-15.591992338377304,-179.488663,0.264109,179.605057
138.28473997522656,-589.3741424120535,-15.753316953503228,-179.488663,0.264109,179.605057
138.28487128222258,-589.2742293382228,-15.911109261626688,-179.488663,0.264109,179.605057
138.28515035383018,-589.1759162795352,-16.074788748087588,-179.488663,0.264109,179.605057
138.285044342675,-589.0750547873777,-16.22865627065276,-179.488663,0.264109,179.605057
138.28486282268145,-588.9751180830813,-16.398877066377477,-179.488663,0.264109,179.605057
138.28466878253795,-588.8767876583737,-16.541842406836277,-179.488663,0.264109,179.605057
138.28488566471313,-588.7759103000687,-16.730233506071606,-179.488663,0.264109,179.605057
138.2851816468056,-588.6759582552512,-16.842915007346058,-179.488663,0.264109,179.605057
138.2854892393584,-588.5776128133242,-17.081779171888634,-179.488663,0.264109,179.605057
138.28538411268698,-588.4767207160381,-17.142865558653433,-179.488663,0.264109,179.605057
138.28478727063893,-588.3767541975085,-17.4677215807121,-179.488663,0.264109,179.605057
138.28451124060246,-588.2783945407714,-17.614799824992993,-179.488663,0.264109,179.605057
138.28430329872882,-588.1774884826218,-17.796336084524842,-179.488663,0.264109,179.605057
138.28452259854996,-588.0775082525724,-17.91574542974954,-179.488663,0.264109,179.605057
138.28441356111256,-587.9791351291926,-18.13869963215282,-179.488663,0.264109,179.605057
138.28465107364482,-587.8782158449015,-18.18907907259179,-179.488663,0.264109,179.605057
138.2845438515483,-587.7782226249159,-18.50380524963795,-179.488663,0.264109,179.605057
138.28436920746253,-587.6798367435866,-18.64075364890633,-179.488663,0.264109,179.605057
138.2841835628059,-587.5789049291898,-18.83447609457014,-179.488663,0.264109,179.605057
138.28399835831468,-587.478899402873,-18.910297262908237,-179.488663,0.264109,179.605057
138.28422654254263,-587.3805014349911,-19.210595315678074,-179.488663,0.264109,179.605057
138.2845341592276,-587.2795577498948,-19.333115590670136,-179.488663,0.264109,179.605057
138.2844426207445,-587.1795405648771,-19.555581799016704,-179.488663,0.264109,179.605057
138.28468321977505,-587.0811311465064,-19.611471451772427,-179.488663,0.264109,179.605057
138.28498682445547,-586.9801762154153,-19.944988697179554,-179.488663,0.264109,179.605057
138.2844773789993,-586.8801479852445,-20.1007281648089,-179.488663,0.264109,179.605057
138.28422323562896,-586.7817277189758,-20.26782905209332,-179.488663,0.264109,179.605057
138.28402376715925,-586.6807621337189,-20.41129735106373,-179.488663,0.264109,179.605057
138.28383807055462,-586.5807234396547,-20.570875430557493,-179.488663,0.264109,179.605057
138.28365776934135,-586.4822928963666,-20.731578631401224,-179.488663,0.264109,179.605057
138.2834811114903,-586.3813172176274,-20.885709741106112,-179.488663,0.264109,179.605057
138.28330769477887,-586.2770019436733,-21.050794336042408,-179.488663,0.264109,179.605057
138.2831373926664,-586.1735023456837,-21.197623122259692,-179.488663,0.264109,179.605057
138.28255946888154,-586.0673712105026,-21.374878256341994,-179.488663,0.264109,179.605057
138.2819082401227,-585.9622231884726,-21.501422810649267,-179.488663,0.264109,179.605057
138.28166227895585,-585.8587672276084,-21.712484997914917,-179.488663,0.264109,179.605057
138.2810902027551,-585.7528543859763,-21.782684463583273,-179.488663,0.264109,179.605057
138.28169303974244,-585.6479564841605,-22.082484643024905,-179.488663,0.264109,179.605057
138.28211161901913,-585.5447534515783,-22.204507044688757,-179.488663,0.264109,179.605057
138.28207672695953,-585.4390905026394,-22.418405708582334,-179.488663,0.264109,179.605057
138.28154097020862,-585.3344383323697,-22.479177268759706,-179.488663,0.264109,179.605057
138.28132332683768,-585.2314767042554,-22.7899901795752,-179.488663,0.264109,179.605057
138.28117240151514,-585.126050861061,-22.92302531261291,-179.488663,0.264109,179.605057
138.28103696629574,-585.0216315646204,-23.113868979772278,-179.488663,0.264109,179.605057
138.2804958886201,-584.9188986519688,-23.203194601173333,-179.488663,0.264109,179.605057
138.2802920444468,-584.8136974397215,-23.45701652106046,-179.488663,0.264109,179.605057
138.28015854609114,-584.7052320959071,-23.53306066316981,-179.488663,0.264109,179.605057
138.28045168220893,-584.5976565440026,-23.79491704854312,-179.488663,0.264109,179.605057
138.28123664284107,-584.4917889138848,-23.87899565613865,-179.488663,0.264109,179.605057
138.2825194711582,-584.387768541086,-24.12276473236832,-179.488663,0.264109,179.605057
138.28388362834292,-584.2813303539419,-24.188756030820212,-179.488663,0.264109,179.605057
138.28524464995456,-584.1759223914793,-24.452799333400396,-179.488663,0.264109,179.605057
138.28658568769976,-584.0636862760857,-24.539064858202796,-179.488663,0.264109,179.605057
138.28872498946816,-583.9516807770805,-24.732657872421015,-179.488663,0.264109,179.605057
138.2909935184161,-583.8413143684498,-24.748473108861454,-179.488663,0.264109,179.605057
138.29202362927708,-583.7328454334836,-25.04914229257183,-179.488663,0.264109,179.605057
138.2919700727218,-583.6220319958808,-25.172033698504432,-179.488663,0.264109,179.605057
138.29170054437645,-583.5123256710856,-25.29048224417232,-179.488663,0.264109,179.605057
138.2909809882985,-583.4044010365822,-25.41116506805917,-179.488663,0.264109,179.605057
138.29018166036042,-583.2941010016057,-25.523423650469976,-179.488663,0.264109,179.605057
138.28978841293656,-583.1848945981432,-25.650192679785295,-179.488663,0.264109,179.605057
138.2898926411345,-583.0731934120549,-25.747611053148653,-179.488663,0.264109,179.605057
138.29050554876682,-582.9625819085325,-25.894416875320836,-179.488663,0.264109,179.605057
138.29162214204416,-582.8537614829066,-25.95373979392275,-179.488663,0.264109,179.605057
138.2924129253461,-582.7425802744691,-26.159337596252897,-179.488663,0.264109,179.605057
138.29312729995712,-582.6325081533225,-26.187157620805262,-179.488663,0.264109,179.605057
138.29340556616884,-582.5242233198015,-26.445260246551317,-179.488663,0.264109,179.605057
138.2931819864701,-582.4135693281047,-26.52558509451959,-179.488663,0.264109,179.605057
138.29286121738946,-582.3040152504323,-26.691479236794688,-179.488663,0.264109,179.605057
138.29416823914823,-582.1919725913361,-26.69924642189175,-179.488663,0.264109,179.605057
138.29578223032098,-582.0810257115513,-26.971968668952204,-179.488663,0.264109,179.605057
138.29948799416874,-581.9718758988079,-27.066913138234884,-179.488663,0.264109,179.605057
138.3031487416879,-581.8603711856983,-27.179302400541534,-179.488663,0.264109,179.605057
138.3067484219766,-581.7499813373244,-27.26355674114156,-179.488663,0.264109,179.605057
138.30905269336625,-581.6413844508521,-27.379191151252627,-179.488663,0.264109,179.605057
138.31065444444963,-581.5304239791456,-27.43876508995641,-179.488663,0.264109,179.605057
138.31168224434523,-581.4205688948787,-27.576731725450106,-179.488663,0.264109,179.605057
138.3121699697381,-581.3124972715204,-27.585453999627276,-179.488663,0.264109,179.605057
138.31336407702486,-581.2020526923205,-27.79407598710977,-179.488663,0.264109,179.605057
138.31591447783117,-581.092704289301,-27.82492019681449,-179.488663,0.264109,179.605057
138.31869986497438,-580.980863632138,-27.983040647306627,-179.488663,0.264109,179.605057
138.32149263499005,-580.8701151468263,-27.963383320020984,-179.488663,0.264109,179.605057
138.32424716218443,-580.7611601854535,-28.197212198830385,-179.488663,0.264109,179.605057
138.32736553198336,-580.6498468438748,-28.25326329986201,-179.488663,0.264109,179.605057
138.33051232015492,-580.5396449493351,-28.351044087031525,-179.488663,0.264109,179.605057
138.3332093710137,-580.4312326600366,-28.379745441749,-179.488663,0.264109,179.605057
138.3353674496866,-580.3204534887898,-28.523579183886543,-179.488663,0.264109,179.605057
138.33738704124787,-580.2107764671443,-28.489635148246307,-179.488663,0.264109,179.605057
138.3393502123068,-580.1028797263938,-28.72847698542448,-179.488663,0.264109,179.605057
138.34209551194357,-579.9926069065793,-28.789541044824873,-179.488663,0.264109,179.605057
138.34578130414548,-579.8834271955008,-28.865335612490885,-179.488663,0.264109,179.605057
138.3496027747047,-579.7760188842824,-28.911408844158643,-179.488663,0.264109,179.605057
138.3529845866874,-579.6662257712402,-29.00231719137905,-179.488663,0.264109,179.605057
138.35623037007326,-579.5575171998853,-29.01897039045615,-179.488663,0.264109,179.605057
138.35858145215386,-579.450571614327,-29.1542116808832,-179.488663,0.264109,179.605057
138.36072015636157,-579.341232963145,-29.11167519353247,-179.488663,0.264109,179.605057
138.36237530120152,-579.2329707374328,-29.341339116894797,-179.488663,0.264109,179.605057
138.36349952766352,-579.1264635262469,-29.393225262479344,-179.488663,0.264109,179.605057
138.3653229147847,-579.0175554205254,-29.456117242060653,-179.488663,0.264109,179.605057
138.36767086808757,-578.9097160511781,-29.495495676091807,-179.488663,0.264109,179.605057
138.3705010081798,-578.8036241445808,-29.569362908262107,-179.488663,0.264109,179.605057
138.3729766680819,-578.6951239265385,-29.585768010200496,-179.488663,0.264109,179.605057
138.37575688922738,-578.5876851604193,-29.692321995858734,-179.488663,0.264109,179.605057
138.37814781503192,-578.4819867026916,-29.642536464206117,-179.488663,0.264109,179.605057
138.38001621082347,-578.3738729069302,-29.85145581696048,-179.488663,0.264109,179.605057
138.38257486120563,-578.2668136619905,-29.882597391937068,-179.488663,0.264109,179.605057
138.3848245061449,-578.1572212809209,-29.941635211420536,-179.488663,0.264109,179.605057
138.3865696883787,-578.0486809198229,-29.945741601170315,-179.488663,0.264109,179.605057
138.38818915770185,-577.9418946478547,-30.036719484920685,-179.488663,0.264109,179.605057
138.3905817853236,-577.8369779318027,-29.97259047867007,-179.488663,0.264109,179.605057
138.3926843494567,-577.7296606091179,-30.1613523335322,-179.488663,0.264109,179.605057
138.3946989977577,-577.623389455918,-30.172336410616552,-179.488663,0.264109,179.605057
138.39625674344978,-577.5188389485716,-30.218087926587078,-179.488663,0.264109,179.605057
138.3981116206814,-577.4118528442782,-30.198862955525094,-179.488663,0.264109,179.605057
138.39999954374468,-577.3059012007454,-30.28090137396174,-179.488663,0.264109,179.605057
138.40186722551297,-577.1973966505171,-30.187136721011775,-179.488663,0.264109,179.605057
138.40411496310378,-577.0899246947754,-30.37934643148394,-179.488663,0.264109,179.605057
138.40681918848003,-576.984187747968,-30.39377836417832,-179.488663,0.264109,179.605057
138.4091638068747,-576.8760349506355,-30.391598920798792,-179.488663,0.264109,179.605057
138.41140315818916,-576.7689371563155,-30.39973337087578,-179.488663,0.264109,179.605057
138.4135896075356,-576.6635735312284,-30.382707154080794,-179.488663,0.264109,179.605057
138.41573438031995,-576.5557885782114,-30.398704448739103,-179.488663,0.264109,179.605057
138.4178403143567,-576.4490523011623,-30.35075162430859,-179.488663,0.264109,179.605057
138.4199085295821,-576.3440437863582,-30.405641887248333,-179.488663,0.264109,179.605057
138.42235223087312,-576.2366076117692,-30.28585660457098,-179.488663,0.264109,179.605057
138.42483627451446,-576.130213886373,-30.44969643125546,-179.488663,0.264109,179.605057
138.42688061356077,-576.0255418060209,-30.43575848016216,-179.488663,0.264109,179.605057
138.42880793664384,-575.9184360575983,-30.40912457642877,-179.488663,0.264109,179.605057
138.4310968901615,-575.8123668573169,-30.386278860428867,-179.488663,0.264109,179.605057
138.43301317131608,-575.708013506401,-30.354319142650926,-179.488663,0.264109,179.605057
138.43524010866602,-575.6012207952379,-30.32910853894749,-179.488663,0.264109,179.605057
138.43831883859056,-575.4954590416953,-30.284678567342105,-179.488663,0.264109,179.605057
138.44152414064882,-575.3914076468383,-30.269480520017748,-179.488663,0.264109,179.605057
138.4447091706157,-575.2849114991119,-30.203232287780565,-179.488663,0.264109,179.605057
138.447023514627,-575.1794410126904,-30.215506985953652,-179.488663,0.264109,179.605057
138.4487183618879,-575.0756756832255,-30.09081946677629,-179.488663,0.264109,179.605057
138.45026520530433,-574.9694604920602,-30.193482132071892,-179.488663,0.264109,179.605057
138.45176044840107,-574.8599992779401,-30.11836701958972,-179.488663,0.264109,179.605057
138.45363655019872,-574.7514456409409,-30.13280438483779,-179.488663,0.264109,179.605057
138.4551496969554,-574.6446173933144,-29.998477220535452,-179.488663,0.264109,179.605057
138.45698117683895,-574.5396535586398,-30.10834978326157,-179.488663,0.264109,179.605057
138.4592609423006,-574.432288758871,-30.04044456820991,-179.488663,0.264109,179.605057
138.4615979415469,-574.3259707321245,-30.03354170440712,-179.488663,0.264109,179.605057
138.46391315022746,-574.2171074719183,-29.932508166300657,-179.488663,0.264109,179.605057
138.4657804067159,-574.1050167758322,-30.006710018700318,-179.488663,0.264109,179.605057
138.46753151622917,-573.9938747713586,-29.9031340933222,-179.488663,0.264109,179.605057
138.4692344916788,-573.8845031914935,-29.984431924507955,-179.488663,0.264109,179.605057
138.4709036202204,-573.7727745367971,-29.88795197791593,-179.488663,0.264109,179.605057
138.4725422406634,-573.66216349689,-29.96733251112486,-179.488663,0.264109,179.605057
138.47415145466255,-573.5533491147306,-29.868935266556015,-179.488663,0.264109,179.605057
138.4753194563294,-573.4421749797782,-29.97880800750409,-179.488663,0.264109,179.605057
138.47597193728387,-573.3278433708532,-29.91090297067439,-179.488663,0.264109,179.605057
138.4769227010334,-573.2145063166828,-29.988794120946114,-179.488663,0.264109,179.605057
138.47791959936862,-573.1029800782337,-29.888907493440062,-179.488663,0.264109,179.605057
138.47932399095575,-572.9891354872091,-30.042230361505702,-179.488663,0.264109,179.605057
138.4812005742907,-572.8764463487416,-30.017775451793568,-179.488663,0.264109,179.605057
138.48273424012334,-572.7613243240884,-30.068447945758237,-179.488663,0.264109,179.605057
138.48417751031923,-572.6473530132151,-30.003327478039346,-179.488663,0.264109,179.605057
138.4847590637672,-572.5352327704082,-30.141084702015277,-179.488663,0.264109,179.605057
138.48474933621654,-572.4208106735565,-30.101064148213435,-179.488663,0.264109,179.605057
138.48462149081357,-572.3075555423845,-30.21629698232762,-179.488663,0.264109,179.605057
138.4848825067525,-572.1961445439919,-30.153752038664027,-179.488663,0.264109,179.605057
138.48521758273313,-572.0824202174655,-30.325834322547795,-179.488663,0.264109,179.605057
138.48638581630817,-571.9698506379564,-30.320138828653782,-179.488663,0.264109,179.605057
138.48770406652457,-571.8591129974259,-30.41725087403269,-179.488663,0.264109,179.605057
138.48903357162175,-571.7460500133565,-30.35290644284562,-179.488663,0.264109,179.605057
138.49034641917808,-571.6341299674638,-30.567545561490736,-179.488663,0.264109,179.605057
138.49204793028326,-571.5240302609702,-30.604406902358072,-179.488663,0.264109,179.605057
138.49380297482915,-571.4115938181822,-30.664508045356953,-179.488663,0.264109,179.605057
138.49472065431857,-571.3002891242105,-30.694825518136593,-179.488663,0.264109,179.605057
138.495457809355,-571.190793780094,-30.783731774614974,-179.488663,0.264109,179.605057
138.49614837551815,-571.0789509063984,-30.778768902706563,-179.488663,0.264109,179.605057
138.49723224696564,-570.9682291809905,-30.933563378109472,-179.488663,0.264109,179.605057
138.49796691996497,-570.8593063942238,-30.910580075734604,-179.488663,0.264109,179.605057
138.498621304592,-570.7480258525972,-31.10437642413716,-179.488663,0.264109,179.605057
138.49966276918542,-570.6378564165906,-31.120394994761945,-179.488663,0.264109,179.605057
138.50035439338683,-570.5294760559088,-31.244998710387307,-179.488663,0.264109,179.605057
138.5009662130767,-570.4187282531996,-31.19182464823489,-179.488663,0.264109,179.605057
138.5015533704287,-570.3090820419457,-31.428027107377805,-179.488663,0.264109,179.605057
138.50295035574186,-570.1969488950983,-31.486451788742944,-179.488663,0.264109,179.605057
138.50448943841172,-570.0859131436653,-31.533275719801043,-179.488663,0.264109,179.605057
138.50603505137718,-569.9766760464466,-31.58956330137088,-179.488663,0.264109,179.605057
138.5075599883507,-569.8693522743424,-31.624456798754487,-179.488663,0.264109,179.605057
138.50905910213328,-569.759670883131,-31.693146125337357,-179.488663,0.264109,179.605057
138.51053173054837,-569.6510778812175,-31.69283706992146,-179.488663,0.264109,179.605057
138.51197811784135,-569.5442469909686,-31.79908762894795,-179.488663,0.264109,179.605057
138.51257557495734,-569.4350212290474,-31.72756041019667,-179.488663,0.264109,179.605057
138.51381785998112,-569.32686992585,-31.927164974782144,-179.488663,0.264109,179.605057
138.51476077586616,-569.2162049995986,-31.94899176158984,-179.488663,0.264109,179.605057
138.51563040756417,-569.1066112499096,-31.972834228021462,-179.488663,0.264109,179.605057
138.51647301432953,-568.9987904021954,-31.974065317302106,-179.488663,0.264109,179.605057
138.51770889903437,-568.8885909202658,-32.00313101294548,-179.488663,0.264109,179.605057
138.51982719563352,-568.779482993014,-31.975014586873193,-179.488663,0.264109,179.605057
138.5216811810599,-568.6721451338852,-32.03141058588257,-179.488663,0.264109,179.605057
138.5230452697923,-568.5624212045998,-31.936161431978046,-179.488663,0.264109,179.605057
138.5238813121462,-568.4537805793884,-32.06735553293002,-179.488663,0.264109,179.605057
138.5245998548442,-568.346901726106,-32.020771856104226,-179.488663,0.264109,179.605057
138.5261060116705,-568.237628615345,-32.045045273036116,-179.488663,0.264109,179.605057
138.52815893709197,-568.1294307595524,-31.93761286703852,-179.488663,0.264109,179.605057
138.53029201907097,-568.0229867687025,-32.04641656592341,-179.488663,0.264109,179.605057
138.53200012852886,-567.9141407542664,-31.97744248703051,-179.488663,0.264109,179.605057
138.53359895037028,-567.8063623673187,-32.00338737407422,-179.488663,0.264109,179.605057
138.53515317588884,-567.7003303540384,-31.851554483340163,-179.488663,0.264109,179.605057
138.5358550442688,-567.5918889596805,-31.977567879008046,-179.488663,0.264109,179.605057
138.53637645909296,-567.4845079667159,-31.92580349689815,-179.488663,0.264109,179.605057
138.5368543675285,-567.3788662503741,-31.85311426708131,-179.488663,0.264109,179.605057
138.53731677776628,-567.2708081826561,-31.801219072331598,-179.488663,0.264109,179.605057
138.5390015118634,-567.1638036705148,-31.700116396914453,-179.488663,0.264109,179.605057
138.54131741673635,-567.0585317114393,-31.671645922609695,-179.488663,0.264109,179.605057
138.54372661845065,-566.950836797506,-31.519158224228732,-179.488663,0.264109,179.605057
138.54612021533111,-566.8441889535993,-31.572426165974782,-179.488663,0.264109,179.605057
138.54806598231136,-566.7392672930335,-31.44791632994306,-179.488663,0.264109,179.605057
138.54989451018122,-566.6319164216418,-31.46959592332927,-179.488663,0.264109,179.605057
138.55167358449927,-566.5256064760334,-31.313497738937706,-179.488663,0.264109,179.605057
138.55300679905,-566.416750012586,-31.3972254684792,-179.488663,0.264109,179.605057
138.55382121370698,-566.3089324263843,-31.30317542024292,-179.488663,0.264109,179.605057
138.55493095226566,-566.2028560213022,-31.292420433970054,-179.488663,0.264109,179.605057
138.5560839726563,-566.0943698279827,-31.147536877758164,-179.488663,0.264109,179.605057
138.55640791756773,-565.9869445917655,-31.241242715889094,-179.488663,0.264109,179.605057
138.5569721068335,-565.8812593725503,-31.157170776242246,-179.488663,0.264109,179.605057
138.55757632094503,-565.7774252354088,-31.158003920098103,-179.488663,0.264109,179.605057
138.55776928009166,-565.6711714001882,-31.022988324782787,-179.488663,0.264109,179.605057
138.55787724393747,-565.5659447910081,-31.130854139197204,-179.488663,0.264109,179.605057
138.55837733990398,-565.4581535165889,-31.060942175833848,-179.488663,0.264109,179.605057
138.55894874981863,-565.3513823405804,-31.078200959217224,-179.488663,0.264109,179.605057
138.55952629580415,-565.2420670409794,-30.966175164689375,-179.488663,0.264109,179.605057
138.56009685501647,-565.1295309564764,-31.087033800013565,-179.488663,0.264109,179.605057
138.56065790225423,-565.0179512281949,-31.03011465755998,-179.488663,0.264109,179.605057
138.56079840109197,-564.9081496828487,-31.08313811720485,-179.488663,0.264109,179.605057
138.560852792044,-564.7959987294014,-30.97362044001896,-179.488663,0.264109,179.605057
138.56088918785866,-564.684972930116,-31.146773901995445,-179.488663,0.264109,179.605057
138.56050902257206,-564.5714845285862,-31.142149586194154,-179.488663,0.264109,179.605057
138.56005095186038,-564.4591176638738,-31.17717980141853,-179.488663,0.264109,179.605057
138.55999625929158,-564.3485732130453,-31.16070828715568,-179.488663,0.264109,179.605057
138.56002302020124,-564.2356987660718,-31.244662144260428,-179.488663,0.264109,179.605057
138.56047635787363,-564.1239636453375,-31.17582953797474,-179.488663,0.264109,179.605057
138.5605978967628,-564.0097788449016,-31.37623019289533,-179.488663,0.264109,179.605057
138.56065134734226,-563.8967280701313,-31.39885307003814,-179.488663,0.264109,179.605057
138.5598673089626,-563.7855119337355,-31.476006230355672,-179.488663,0.264109,179.605057
138.55933759022588,-563.6719777989543,-31.476864740937554,-179.488663,0.264109,179.605057
138.55845560252862,-563.5595947721908,-31.614299667745524,-179.488663,0.264109,179.605057
138.557926371531,-563.4490403034115,-31.573956816775716,-179.488663,0.264109,179.605057
138.55829832982525,-563.3361572097849,-31.808298901725394,-179.488663,0.264109,179.605057
138.5584345692377,-563.2244138396317,-31.864863208897294,-179.488663,0.264109,179.605057
138.5593430605799,-563.1144876532152,-31.960291052499688,-179.488663,0.264109,179.605057
138.55998241487566,-563.0022216315307,-31.99895486871792,-179.488663,0.264109,179.605057
138.56138018205658,-562.8910843151009,-32.120074286131974,-179.488663,0.264109,179.605057
138.5629097524591,-562.7817533593337,-32.10517747933078,-179.488663,0.264109,179.605057
138.56403326294907,-562.6700719381809,-32.316974379555,-179.488663,0.264109,179.605057
138.56505958264066,-562.5595087819407,-32.350993502001444,-179.488663,0.264109,179.605057
138.56646253429253,-562.4507417324606,-32.47092287570182,-179.488663,0.264109,179.605057
138.56709952591297,-562.3396141468143,-32.448608586201196,-179.488663,0.264109,179.605057
138.56716359942408,-562.2295949351526,-32.65819657981334,-179.488663,0.264109,179.605057
138.56752284471227,-562.1213621159648,-32.69000679564771,-179.488663,0.264109,179.605057
138.56793601508954,-562.0107592198113,-32.79481981370154,-179.488663,0.264109,179.605057
138.56835409428373,-561.9012553272323,-32.76338976138962,-179.488663,0.264109,179.605057
138.56917787589273,-561.7935286240627,-32.95527113746505,-179.488663,0.264109,179.605057
138.57007108197965,-561.6834228052198,-32.969374735762706,-179.488663,0.264109,179.605057
138.57178680291995,-561.574407112666,-33.05861647193328,-179.488663,0.264109,179.605057
138.57405329213316,-561.4628932241086,-33.01418673387121,-179.488663,0.264109,179.605057
138.5763977004877,-561.3524656716543,-33.18175167508577,-179.488663,0.264109,179.605057
138.5783136833072,-561.2438259116111,-33.17153883852254,-179.488663,0.264109,179.605057
138.57970606481962,-561.1328221421929,-33.268484143905695,-179.488663,0.264109,179.605057
138.58097392331135,-561.022924291176,-33.18765167151108,-179.488663,0.264109,179.605057
138.58178817876703,-560.914810615498,-33.372253347724325,-179.488663,0.264109,179.605057
138.5825001330935,-560.8043247249421,-33.3790772461598,-179.488663,0.264109,179.605057
138.5827708349548,-560.6949357462985,-33.382375370989564,-179.488663,0.264109,179.605057
138.58459210300768,-560.5830552377336,-33.35866694071774,-179.488663,0.264109,179.605057
138.58669758181995,-560.4722676126396,-33.36024819117078,-179.488663,0.264109,179.605057
138.5888299581965,-560.3632742104633,-33.30277899597127,-179.488663,0.264109,179.605057
138.59093738695523,-560.2519231145903,-33.32118569908157,-179.488663,0.264109,179.605057
138.59300985387029,-560.1416841400085,-33.19529150500885,-179.488663,0.264109,179.605057
138.59422451999825,-560.0332354328787,-33.28641720624115,-179.488663,0.264109,179.605057
138.5952503507172,-559.9224204941852,-33.19976512969566,-179.488663,0.264109,179.605057
138.59622382476192,-559.8127083438626,-33.19262543504925,-179.488663,0.264109,179.605057
138.59717298250757,-559.7047771017965,-33.03935443723772,-179.488663,0.264109,179.605057
138.5985144445277,-559.5944703968244,-33.106624055812496,-179.488663,0.264109,179.605057
138.60032595549845,-559.485257405742,-32.996115896609496,-179.488663,0.264109,179.605057
138.6017950458811,-559.3778164088661,-32.95032140639228,-179.488663,0.264109,179.605057
138.60235342508284,-559.2679911938983,-32.79333782342098,-179.488663,0.264109,179.605057
138.60313238732203,-559.1592510939248,-32.82636983948426,-179.488663,0.264109,179.605057
138.60476572092796,-559.0522745428166,-32.68162407776977,-179.488663,0.264109,179.605057
138.60572536584039,-558.9429054790972,-32.71447163618281,-179.488663,0.264109,179.605057
138.60653662473092,-558.834613383984,-32.569541416818076,-179.488663,0.264109,179.605057
138.60730666851285,-558.723810170167,-32.63183524909264,-179.488663,0.264109,179.605057
138.60764685087258,-558.6140806005391,-32.51635130358943,-179.488663,0.264109,179.605057
138.60789622279881,-558.5061263580726,-32.536148990539225,-179.488663,0.264109,179.605057
138.6077132193487,-558.3957958635979,-32.37816889971125,-179.488663,0.264109,179.605057
138.60744634353907,-558.2865592635319,-32.48759171775788,-179.488663,0.264109,179.605057
138.6067558221579,-558.174828362882,-32.41923675802673,-179.488663,0.264109,179.605057
138.60640105907765,-558.0641876638132,-32.39385573535642,-179.488663,0.264109,179.605057
138.60611849317695,-557.951071895003,-32.29687068425138,-179.488663,0.264109,179.605057
138.6054437187605,-557.8390698698455,-32.324885413870895,-179.488663,0.264109,179.605057
138.60470009943262,-557.7288835111096,-32.17512236571262,-179.488663,0.264109,179.605057
138.60436395370846,-557.6206273805378,-32.30430006819863,-179.488663,0.264109,179.605057
138.60493541677755,-557.5100302716781,-32.25569999290686,-179.488663,0.264109,179.605057
138.60568027413052,-557.4005379038201,-32.238398962837586,-179.488663,0.264109,179.605057
138.6064492168135,-557.2885570422832,-32.174121835175264,-179.488663,0.264109,179.605057
138.6068013738221,-557.1776710987078,-32.19943775905693,-179.488663,0.264109,179.605057
138.60706516524056,-557.0685811832557,-32.082031041476384,-179.488663,0.264109,179.605057
138.6073075318408,-556.9614019744479,-32.219905526332845,-179.488663,0.264109,179.605057
138.60630838870802,-556.8518625668277,-32.180002233411535,-179.488663,0.264109,179.605057
138.60466448699762,-556.7391423465754,-32.22775074383594,-179.488663,0.264109,179.605057
138.6041487912849,-556.6231224291515,-32.146822337573035,-179.488663,0.264109,179.605057
138.6042767377774,-556.5080926333412,-32.293534481344544,-179.488663,0.264109,179.605057
138.60453159302756,-556.3948968411718,-32.262468847338276,-179.488663,0.264109,179.605057
138.6043975387545,-556.2794110787745,-32.35337450401539,-179.488663,0.264109,179.605057
138.60377694245983,-556.1651097865081,-32.26650238291472,-179.488663,0.264109,179.605057
138.60306786401927,-556.0484043399802,-32.47207645141583,-179.488663,0.264109,179.605057
138.60276184048732,-555.9286112067282,-32.49987274213916,-179.488663,0.264109,179.605057
138.60295144693842,-555.8056375940267,-32.53975074648917,-179.488663,0.264109,179.605057
138.6032374827611,-555.6837768434825,-32.567031050350266,-179.488663,0.264109,179.605057
138.60312806972635,-555.5638717960442,-32.62754645502621,-179.488663,0.264109,179.605057
138.60294112301662,-555.4417965387906,-32.64443891389964,-179.488663,0.264109,179.605057
138.60274132836955,-555.3210234210105,-32.740638593555026,-179.488663,0.264109,179.605057
138.6025418056589,-555.2022283932446,-32.71595877190716,-179.488663,0.264109,179.605057
138.6027558416585,-555.0812518460987,-32.89840380798694,-179.488663,0.264109,179.605057
138.60263887866594,-554.9615595504139,-32.903071066288945,-179.488663,0.264109,179.605057
138.60204671268198,-554.8438263954489,-33.05121265800783,-179.488663,0.264109,179.605057
138.60218926134925,-554.7238928290541,-33.021576471948926,-179.488663,0.264109,179.605057
138.602476725588,-554.6052249022064,-33.25560015982487,-179.488663,0.264109,179.605057
138.60237841789402,-554.4884978248945,-33.311846069923035,-179.488663,0.264109,179.605057
138.6022043539674,-554.3695523692559,-33.41447266420387,-179.488663,0.264109,179.605057
138.60242828103677,-554.2518549066544,-33.43979811818026,-179.488663,0.264109,179.605057
138.60272862156478,-554.1360809621284,-33.5887883171085,-179.488663,0.264109,179.605057
138.6030399732748,-554.0180716173174,-33.560000738258964,-179.488663,0.264109,179.605057
138.60334909910802,-553.9012935475756,-33.78930839189708,-179.488663,0.264109,179.605057
138.6044747166429,-553.7864225765063,-33.84083826775743,-179.488663,0.264109,179.605057
138.6057476237354,-553.6693000789822,-33.92265220799018,-179.488663,0.264109,179.605057
138.60703188517186,-553.5533930183543,-33.95916319649113,-179.488663,0.264109,179.605057
138.60747881909228,-553.4393775010789,-34.06083812676732,-179.488663,0.264109,179.605057
138.6081625977826,-553.3230951798307,-34.04967999852923,-179.488663,0.264109,179.605057
138.6092946872411,-553.2080132908014,-34.21670567892605,-179.488663,0.264109,179.605057
138.60967900469203,-553.0905415417486,-34.20595358154509,-179.488663,0.264109,179.605057
138.60990830189326,-552.9742625300112,-34.35210983273557,-179.488663,0.264109,179.605057
138.6101033339288,-552.8598758116814,-34.320488306148285,-179.488663,0.264109,179.605057
138.61069940580896,-552.7474943853605,-34.46997627268265,-179.488663,0.264109,179.605057
138.61260098596904,-552.6328456643935,-34.44168646143925,-179.488663,0.264109,179.605057
138.6147366230895,-552.5193740440843,-34.550407702400484,-179.488663,0.264109,179.605057
138.6168886980963,-552.4077516625068,-34.48135116558394,-179.488663,0.264109,179.605057
138.6190134533914,-552.2938199803245,-34.61951739361151,-179.488663,0.264109,179.605057
138.62151319266886,-552.1810467997236,-34.579905843861305,-179.488663,0.264109,179.605057
138.6236417102286,-552.070109204674,-34.62532420455609,-179.488663,0.264109,179.605057
138.62525326675066,-551.9568498391978,-34.50789467006478,-179.488663,0.264109,179.605057
138.62673851115014,-551.8447369195007,-34.63980682755029,-179.488663,0.264109,179.605057
138.62858981409371,-551.7344477838175,-34.59394120725802,-179.488663,0.264109,179.605057
138.63007555465975,-551.6218252948665,-34.55445039663402,-179.488663,0.264109,179.605057
138.63187949666226,-551.5103378773273,-34.484143969896245,-179.488663,0.264109,179.605057
138.633721422888,-551.3963964062308,-34.43889574779254,-179.488663,0.264109,179.605057
138.6355447496743,-551.2835846253452,-34.3302831401876,-179.488663,0.264109,179.605057
138.63774909148063,-551.1726032167188,-34.31037757508472,-179.488663,0.264109,179.605057
138.63958761898527,-551.0592996181337,-34.126196716922856,-179.488663,0.264109,179.605057
138.64091439123843,-550.9471430105143,-34.19514739163707,-179.488663,0.264109,179.605057
138.64211994279142,-550.8368109172854,-34.08632028857351,-179.488663,0.264109,179.605057
138.64287343791568,-550.7241462278162,-34.01418270479056,-179.488663,0.264109,179.605057
138.64352580537906,-550.6126173613491,-33.88183601109548,-179.488663,0.264109,179.605057
138.64455933586189,-550.5029018478053,-33.8550083228095,-179.488663,0.264109,179.605057
138.64606684429287,-550.3908427365947,-33.66218264773057,-179.488663,0.264109,179.605057
138.64764770819357,-550.2799086354322,-33.750251039528784,-179.488663,0.264109,179.605057
138.64963142645718,-550.170777265718,-33.660541653549224,-179.488663,0.264109,179.605057
138.65125683604472,-550.0592918662185,-33.59132094129294,-179.488663,0.264109,179.605057
138.65237502251628,-549.948921230888,-33.50252381727564,-179.488663,0.264109,179.605057
138.65255452793483,-549.8360765974272,-33.46562195730448,-179.488663,0.264109,179.605057
138.65213307751011,-549.7243420657938,-33.355859635034186,-179.488663,0.264109,179.605057
138.65077609654503,-549.6144186678649,-33.376458349929116,-179.488663,0.264109,179.605057
138.64925130875667,-549.502154185003,-33.21927928704626,-179.488663,0.264109,179.605057
138.64812531214116,-549.3910181355773,-33.34287852518435,-179.488663,0.264109,179.605057
138.6466844212676,-549.2816883744306,-33.28869998554465,-179.488663,0.264109,179.605057
138.6456117108793,-549.1742747830983,-33.25665159605525,-179.488663,0.264109,179.605057
138.6454492262469,-549.0645054190279,-33.19572566742647,-179.488663,0.264109,179.605057
138.64506043099158,-548.955826064699,-33.18670817069667,-179.488663,0.264109,179.605057
138.6446319031442,-548.8489103742464,-33.10576648746856,-179.488663,0.264109,179.605057
138.64420152339665,-548.7396013286112,-33.14988742618207,-179.488663,0.264109,179.605057
138.64295556089218,-548.6313682294773,-33.016230587117796,-179.488663,0.264109,179.605057
138.64156420219192,-548.5206229681647,-33.16610878555825,-179.488663,0.264109,179.605057
138.64016355246514,-548.4109503181328,-33.13820920622092,-179.488663,0.264109,179.605057
138.63960229821805,-548.3030519791575,-33.13677463844981,-179.488663,0.264109,179.605057
138.6396275720162,-548.1927763898811,-33.104881495846115,-179.488663,0.264109,179.605057
138.63935912530715,-548.083593714481,-33.13834251129671,-179.488663,0.264109,179.605057
138.63903575240542,-547.9761824421284,-33.0835764633235,-179.488663,0.264109,179.605057
138.63747221556864,-547.8663864107033,-33.19279525438997,-179.488663,0.264109,179.605057
138.63527221624653,-547.7576749710216,-33.12423626767867,-179.488663,0.264109,179.605057
138.6329762133066,-547.6464599012753,-33.28327137886417,-179.488663,0.264109,179.605057
138.62822966390712,-547.5363258309525,-33.264528712271904,-179.488663,0.264109,179.605057
138.62264984502943,-547.4279743117366,-33.37864577881457,-179.488663,0.264109,179.605057
138.61903606301345,-547.31725363546,-33.314985067579464,-179.488663,0.264109,179.605057
138.6183326621585,-547.2076338218338,-33.534553986304644,-179.488663,0.264109,179.605057
138.6210977859035,-547.099793218087,-33.57634512725205,-179.488663,0.264109,179.605057
138.62492795503073,-546.9895755226804,-33.65685998122859,-179.488663,0.264109,179.605057
138.6264508819402,-546.8804499494989,-33.68930464682324,-179.488663,0.264109,179.605057
138.62543558989003,-546.7730948089143,-33.81833562638772,-179.488663,0.264109,179.605057
138.62146309375714,-546.6633539168483,-33.79768826044691,-179.488663,0.264109,179.605057
138.61613432119714,-546.5546966338402,-34.0373336036816,-179.488663,0.264109,179.605057
138.6130740803392,-546.4478014206684,-34.09920116913851,-179.488663,0.264109,179.605057
138.61297684702504,-546.3385122422736,-34.19621513782145,-179.488663,0.264109,179.605057
138.61593937587116,-546.2302986058157,-34.24029230112767,-179.488663,0.264109,179.605057
138.6190610567391,-546.1238391161304,-34.37259747339507,-179.488663,0.264109,179.605057
138.62052572632797,-546.014977879653,-34.35268547517163,-179.488663,0.264109,179.605057
138.6208168294713,-545.9071845425135,-34.58177222776625,-179.488663,0.264109,179.605057
138.6212797458586,-545.79687117937,-34.6330812025831,-179.488663,0.264109,179.605057
138.6225917745283,-545.6876227121904,-34.70539628899946,-179.488663,0.264109,179.605057
138.62405496569116,-545.5758743135145,-34.72295896719441,-179.488663,0.264109,179.605057
138.62552757952278,-545.4609485724317,-34.82286401464727,-179.488663,0.264109,179.605057
138.62821491182478,-545.3470218622961,-34.77897035778138,-179.488663,0.264109,179.605057
138.63151763465035,-545.2349152493387,-34.961603074780086,-179.488663,0.264109,179.605057
138.635717796856,-545.1205003943122,-34.96645801400101,-179.488663,0.264109,179.605057
138.63880571129738,-545.0072511243658,-35.052841115299465,-179.488663,0.264109,179.605057
138.64039348140278,-544.8958456277188,-34.997253279802045,-179.488663,0.264109,179.605057
138.64083730768834,-544.7821266527953,-35.167022516742186,-179.488663,0.264109,179.605057
138.64063536634723,-544.6695623187487,-35.15901397590454,-179.488663,0.264109,179.605057
138.64071781020203,-544.554563161184,-35.2194413661895,-179.488663,0.264109,179.605057
138.6412666252279,-544.4407125824898,-35.15642789349234,-179.488663,0.264109,179.605057
138.6431346868965,-544.3287109278001,-35.28929817020983,-179.488663,0.264109,179.605057
138.64688269657216,-544.2186719703336,-35.24439066914953,-179.488663,0.264109,179.605057
138.6509533908227,-544.1063238841512,-35.31610121536114,-179.488663,0.264109,179.605057
138.65379872767,-543.9951118116735,-35.21003398379495,-179.488663,0.264109,179.605057
138.6555371926904,-543.8814419580788,-35.344237769738584,-179.488663,0.264109,179.605057
138.6566171140651,-543.7688971861784,-35.30066377790445,-179.488663,0.264109,179.605057
138.65754996782888,-543.6581780673727,-35.29738025318357,-179.488663,0.264109,179.605057
138.65844014081696,-543.5451320844312,-35.20675466105169,-179.488663,0.264109,179.605057
138.66054289518962,-543.4332284937533,-35.250908781271484,-179.488663,0.264109,179.605057
138.6628582599992,-543.3231448992623,-35.11728512371349,-179.488663,0.264109,179.605057
138.6647725505967,-543.2107242706858,-35.2068214418657,-179.488663,0.264109,179.605057
138.66657940088547,-543.099435106454,-35.118579982240114,-179.488663,0.264109,179.605057
138.66874973235286,-542.9899550143161,-35.09773725939386,-179.488663,0.264109,179.605057
138.67014055978618,-542.8781271201295,-34.949542508582056,-179.488663,0.264109,179.605057
138.67094326131146,-542.7674201066949,-34.98776931549062,-179.488663,0.264109,179.605057
138.67120625478898,-542.6585117691573,-34.848218344621394,-179.488663,0.264109,179.605057
138.6713575663053,-542.5472454187106,-34.852196007181206,-179.488663,0.264109,179.605057
138.67189505610997,-542.4370899204442,-34.67839589196325,-179.488663,0.264109,179.605057
138.67373591505066,-542.3287232485892,-34.74885635065985,-179.488663,0.264109,179.605057
138.67581126671362,-542.2179888902383,-34.641539031578674,-179.488663,0.264109,179.605057
138.67831466747518,-542.1083558832405,-34.61529616338064,-179.488663,0.264109,179.605057
138.68004674080117,-542.0005023715015,-34.45345916593293,-179.488663,0.264109,179.605057
138.68077680359718,-541.8902720087592,-34.527949450568,-179.488663,0.264109,179.605057
138.68088541450524,-541.7811339965307,-34.4246619574253,-179.488663,0.264109,179.605057
138.68045752368056,-541.6737666394678,-34.410500934885356,-179.488663,0.264109,179.605057
138.68033908473438,-541.5640137491829,-34.257666728007486,-179.488663,0.264109,179.605057
138.67946288729559,-541.4553446822487,-34.340184895026155,-179.488663,0.264109,179.605057
138.6792689329663,-541.3484378956033,-34.24492528426704,-179.488663,0.264109,179.605057
138.67921418572047,-541.2391373504257,-34.24981396886556,-179.488663,0.264109,179.605057
138.67959872518549,-541.1309125501843,-34.10847078342359,-179.488663,0.264109,179.605057
138.6796549863203,-541.0201754294224,-34.21556702582688,-179.488663,0.264109,179.605057
138.679234124964,-540.9105107724961,-34.14488549045239,-179.488663,0.264109,179.605057
138.67749182469328,-540.8026202834576,-34.144121649409875,-179.488663,0.264109,179.605057
138.67551001602126,-540.6923524038408,-34.03530440670295,-179.488663,0.264109,179.605057
138.67391915805902,-540.5831773003963,-34.11552585565893,-179.488663,0.264109,179.605057
138.67242911577418,-540.4757734647685,-34.01796952683714,-179.488663,0.264109,179.605057
138.67139109500397,-540.3659847372553,-34.10578225265124,-179.488663,0.264109,179.605057
138.67086890816543,-540.2572804710452,-34.015817200687565,-179.488663,0.264109,179.605057
138.6700466481038,-540.1503391133261,-34.12250775396036,-179.488663,0.264109,179.605057
138.66917606776292,-540.0410046143928,-34.051420529455385,-179.488663,0.264109,179.605057
138.66789753828652,-539.9327464667572,-34.157704036963686,-179.488663,0.264109,179.605057
138.66573249140228,-539.8262432608141,-34.08620976669422,-179.488663,0.264109,179.605057
138.66383337725884,-539.717339088805,-34.21764990603222,-179.488663,0.264109,179.605057
138.66201445928692,-539.6095035829181,-34.171312267592455,-179.488663,0.264109,179.605057
138.66064811627155,-539.5034154707838,-34.28624264276984,-179.488663,0.264109,179.605057
138.65980238734818,-539.3949189794392,-34.22339524016946,-179.488663,0.264109,179.605057
138.65907280938788,-539.2874838734629,-34.40207086672566,-179.488663,0.264109,179.605057
138.65837683784008,-539.1817890105117,-34.40296871550408,-179.488663,0.264109,179.605057
138.65687615250346,-539.0736787453276,-34.5041105230956,-179.488663,0.264109,179.605057
138.65605720082274,-538.9666229679129,-34.45276822155418,-179.488663,0.264109,179.605057
138.65374179874158,-538.8613006591088,-34.67015525745654,-179.488663,0.264109,179.605057
138.65116003674325,-538.7535562946407,-34.70976451558113,-179.488663,0.264109,179.605057
138.64815105448767,-538.6468598833345,-34.804743929817924,-179.488663,0.264109,179.605057
138.64633320037274,-538.5418905227326,-34.81685841720105,-179.488663,0.264109,179.605057
138.6447794258111,-538.4344928031779,-34.97602973822918,-179.488663,0.264109,179.605057
138.64371123195392,-538.3281368460663,-34.957423281479535,-179.488663,0.264109,179.605057
138.64439801299466,-538.2235018595001,-35.177236887173386,-179.488663,0.264109,179.605057
138.64419402146245,-538.1164325424073,-35.21927271508945,-179.488663,0.264109,179.605057
138.64381477662855,-538.0103991228302,-35.3361818907849,-179.488663,0.264109,179.605057
138.64258454150527,-537.9060809136125,-35.32830215351472,-179.488663,0.264109,179.605057
138.64243360500143,-537.7993227165532,-35.523233448965016,-179.488663,0.264109,179.605057
138.64332200820732,-537.6935948607282,-35.54038696663754,-179.488663,0.264109,179.605057
138.64358431095397,-537.5895767582107,-35.67385430385001,-179.488663,0.264109,179.605057
138.64289632974751,-537.4831133082573,-35.629543863284695,-179.488663,0.264109,179.605057
138.64284940970538,-537.3776749356604,-35.85229344200466,-179.488663,0.264109,179.605057
138.64334203587,-537.2739411465006,-35.897265242946844,-179.488663,0.264109,179.605057
138.64516934281502,-537.167756932363,-35.96182939693209,-179.488663,0.264109,179.605057
138.64846959755064,-537.0625928087197,-35.97777731806779,-179.488663,0.264109,179.605057
138.6516068382215,-536.9591283707116,-36.07289131617496,-179.488663,0.264109,179.605057
138.6526117464343,-536.8532086973933,-35.99660123044078,-179.488663,0.264109,179.605057
138.65358656279426,-536.7440377234778,-36.18908257333107,-179.488663,0.264109,179.605057
138.65454149672874,-536.6357691432944,-36.203786138443576,-179.488663,0.264109,179.605057
138.6563019840066,-536.5292208616642,-36.211282329922724,-179.488663,0.264109,179.605057
138.65901987724519,-536.4202653264168,-36.212479699679704,-179.488663,0.264109,179.605057
138.66230126386097,-536.3123779302806,-36.18424195008475,-179.488663,0.264109,179.605057
138.66564868054255,-536.2019718938229,-36.188161754965236,-179.488663,0.264109,179.605057
138.6673190288667,-536.0926323484861,-36.114067857942196,-179.488663,0.264109,179.605057
138.66945154078763,-535.9807944860181,-36.139934930758365,-179.488663,0.264109,179.605057
138.67164615636952,-535.8700475430568,-35.98802422579676,-179.488663,0.264109,179.605057
138.6746433137064,-535.7610938516301,-36.111195578510554,-179.488663,0.264109,179.605057
138.6781690198233,-535.6497817074551,-36.056589153446566,-179.488663,0.264109,179.605057
138.6817502923203,-535.5395809787807,-35.97673550633099,-179.488663,0.264109,179.605057
138.68529174444004,-535.4311698324589,-35.923936562634736,-179.488663,0.264109,179.605057
138.68754286516526,-535.3203917833553,-35.80115897990626,-179.488663,0.264109,179.605057
138.68909323700572,-535.2064491970601,-35.77012108445371,-179.488663,0.264109,179.605057
138.69089207600308,-535.0934942201097,-35.57914584354129,-179.488663,0.264109,179.605057
138.69271502494385,-534.9823432358116,-35.65942937839533,-179.488663,0.264109,179.605057
138.69369553615502,-534.8688671973762,-35.561935135471586,-179.488663,0.264109,179.605057
138.6949042814386,-534.7565400295487,-35.50568918478894,-179.488663,0.264109,179.605057
138.69614148249264,-534.6460401777853,-35.37975599148225,-179.488663,0.264109,179.605057
138.69654366784133,-534.5332106760153,-35.385479669215634,-179.488663,0.264109,179.605057
138.69677313007952,-534.4215199304915,-35.21342556917123,-179.488663,0.264109,179.605057
138.69655411756605,-534.3116454268198,-35.309175113689676,-179.488663,0.264109,179.605057
138.69624852494687,-534.1994301644598,-35.22714688043033,-179.488663,0.264109,179.605057
138.69592996251268,-534.08834270076,-35.18225420252922,-179.488663,0.264109,179.605057
138.6960240034479,-533.9790607073871,-35.09051035458662,-179.488663,0.264109,179.605057
138.697022338697,-533.8674273742075,-35.08060823449096,-179.488663,0.264109,179.605057
138.6981873342631,-533.7569114471386,-34.94417452353929,-179.488663,0.264109,179.605057
138.69936909306682,-533.6481907833655,-35.02802768623652,-179.488663,0.264109,179.605057
138.70012673061504,-533.5371087550254,-34.93410307115598,-179.488663,0.264109,179.605057
138.69955499084483,-533.427134287064,-34.97250542962355,-179.488663,0.264109,179.605057
138.69790417368765,-533.3189454125002,-34.833130010313354,-179.488663,0.264109,179.605057
138.6956503526749,-533.2083856761652,-34.964242998052576,-179.488663,0.264109,179.605057
138.69289554078983,-533.0989241726152,-34.91757820801403,-179.488663,0.264109,179.605057
138.69090282138828,-532.9869724347836,-34.915832858078275,-179.488663,0.264109,179.605057
138.68991219471488,-532.8761148525895,-34.84676097463787,-179.488663,0.264109,179.605057
138.68913607549982,-532.7670527426917,-34.89790922481633,-179.488663,0.264109,179.605057
138.68964767369417,-532.6599008328161,-34.77127969721702,-179.488663,0.264109,179.605057
138.69040953930715,-532.5503882345521,-34.9400163765492,-179.488663,0.264109,179.605057
138.68956617853738,-532.4419610111191,-34.93097527810362,-179.488663,0.264109,179.605057
138.6884137669553,-532.335292938719,-34.9272704421796,-179.488663,0.264109,179.605057
138.68721593506444,-532.2262270868885,-34.93489832427519,-179.488663,0.264109,179.605057
138.68561538827646,-532.1182328379534,-34.9396379874492,-179.488663,0.264109,179.605057
138.68395706184114,-532.0119888278045,-34.96660077104807,-179.488663,0.264109,179.605057
138.68231076456345,-531.9033392246683,-34.974874531716615,-179.488663,0.264109,179.605057
138.68110095378967,-531.7957537417349,-35.02841577504682,-179.488663,0.264109,179.605057
138.67999564651433,-531.6856445208214,-35.026270858385374,-179.488663,0.264109,179.605057
138.6789269598644,-531.5765965501205,-35.131995408376675,-179.488663,0.264109,179.605057
138.67829146310527,-531.4693117339342,-35.07346675839118,-179.488663,0.264109,179.605057
138.67775164250037,-531.3596387104811,-35.29905219725589,-179.488663,0.264109,179.605057
138.67682796790828,-531.2510478396861,-35.34685985834283,-179.488663,0.264109,179.605057
138.67625132589072,-531.1442178029182,-35.424866467642374,-179.488663,0.264109,179.605057
138.67657362485232,-531.0349926268121,-35.46713065214313,-179.488663,0.264109,179.605057
138.67707112820233,-530.9268418475654,-35.583554700197425,-179.488663,0.264109,179.605057
138.67800904127122,-530.8204440921063,-35.59096813121804,-179.488663,0.264109,179.605057
138.67984303040913,-530.7116434872602,-35.783439435072566,-179.488663,0.264109,179.605057
138.68100881802647,-530.6039096989167,-35.798132961149314,-179.488663,0.264109,179.605057
138.68202438524912,-530.4979214877525,-35.97471041768807,-179.488663,0.264109,179.605057
138.68258302032567,-530.3895231132495,-35.97351009644905,-179.488663,0.264109,179.605057
138.6826316572741,-530.2821843718494,-36.16670992073631,-179.488663,0.264109,179.605057
138.68257760287145,-530.1765841525033,-36.182131967245795,-179.488663,0.264109,179.605057
138.6833268900834,-530.0685668406875,-36.33822695639666,-179.488663,0.264109,179.605057
138.68463685575574,-529.9616023565902,-36.316544167769734,-179.488663,0.264109,179.605057
138.6864509931639,-529.8563697106994,-36.525079659925716,-179.488663,0.264109,179.605057
138.68875083052055,-529.748713407858,-36.55583737430391,-179.488663,0.264109,179.605057
138.6911150990689,-529.6421034854892,-36.65864385034025,-179.488663,0.264109,179.605057
138.69304796203625,-529.537219069222,-36.63102807916859,-179.488663,0.264109,179.605057
138.6932226098363,-529.4299047769841,-36.801040853343586,-179.488663,0.264109,179.605057
138.6918111307231,-529.323630757264,-36.79327584974081,-179.488663,0.264109,179.605057
138.6905131672635,-529.2190762447724,-36.903454144634324,-179.488663,0.264109,179.605057
138.69007770019275,-529.1120859645707,-36.83585466175007,-179.488663,0.264109,179.605057
138.69187603682028,-529.0061301703677,-37.004903044334945,-179.488663,0.264109,179.605057
138.69656133562214,-528.9018882002154,-36.99617364914204,-179.488663,0.264109,179.605057
138.70340183594254,-528.7952048806708,-37.03377615224133,-179.488663,0.264109,179.605057
138.710576089451,-528.6895505651258,-36.97584771374252,-179.488663,0.264109,179.605057
138.71648128199163,-528.5856046895351,-37.06305680012942,-179.488663,0.264109,179.605057
138.7195828996003,-528.4792121766103,-36.972488108738546,-179.488663,0.264109,179.605057
138.72084769032776,-528.3738434741804,-37.068074505501116,-179.488663,0.264109,179.605057
138.72090401643302,-528.2701781109506,-36.985883124485895,-179.488663,0.264109,179.605057
138.7215409596426,-528.1640611007268,-37.02712475951125,-179.488663,0.264109,179.605057
138.7251614119696,-528.0589629808052,-36.890588616758826,-179.488663,0.264109,179.605057
138.7293270752425,-527.9555633677606,-36.98014209912398,-179.488663,0.264109,179.605057
138.73518698016034,-527.8497073616992,-36.89191780371136,-179.488663,0.264109,179.605057
138.74130239253716,-527.7448655846763,-36.86244914051018,-179.488663,0.264109,179.605057
138.74655882054088,-527.641717736512,-36.715803223623254,-179.488663,0.264109,179.605057
138.7515686935828,-527.536108999071,-36.7452015295459,-179.488663,0.264109,179.605057
138.75234955966025,-527.4315100747073,-36.59682205769078,-179.488663,0.264109,179.605057
138.75186107424946,-527.3286007421054,-36.61034339967154,-179.488663,0.264109,179.605057
138.74989366588912,-527.2232262605863,-36.44608696387453,-179.488663,0.264109,179.605057
138.7480691205244,-527.1145907419099,-36.48653995686955,-179.488663,0.264109,179.605057
138.744654652404,-527.0068480542898,-36.34921517208679,-179.488663,0.264109,179.605057
138.7376854277235,-526.8965496066604,-36.35888341339138,-179.488663,0.264109,179.605057
138.7301043695931,-526.7873086960622,-36.19077387691821,-179.488663,0.264109,179.605057
138.72209809759948,-526.6798329413764,-36.26679145992906,-179.488663,0.264109,179.605057
138.71412064981268,-526.5742387619399,-36.165031265162135,-179.488663,0.264109,179.605057
138.70790509056908,-526.4662560147717,-36.14456403421813,-179.488663,0.264109,179.605057
138.70295164143226,-526.3593313086837,-36.00271021912481,-179.488663,0.264109,179.605057
138.69626773003785,-526.2498722510761,-36.07209822205811,-179.488663,0.264109,179.605057
138.68851145293175,-526.1371964075395,-35.96370844721364,-179.488663,0.264109,179.605057
138.67941723640217,-526.0254797077027,-35.981549538621096,-179.488663,0.264109,179.605057
138.67018477195631,-525.9155436963371,-35.82161285225077,-179.488663,0.264109,179.605057
138.65982396408822,-525.8075273570495,-35.93523675175686,-179.488663,0.264109,179.605057
138.64938484124755,-525.6971645178918,-35.87108287348517,-179.488663,0.264109,179.605057
138.6407229673817,-525.5879019835837,-35.83446964838243,-179.488663,0.264109,179.605057
138.63253973440575,-525.4761467996224,-35.75618573466477,-179.488663,0.264109,179.605057
138.62456861336568,-525.3654824927911,-35.752542657527535,-179.488663,0.264109,179.605057
138.6167532817676,-525.2566102537498,-35.630627963867376,-179.488663,0.264109,179.605057
138.6082571483295,-525.1453781667772,-35.7180690755232,-179.488663,0.264109,179.605057
138.59810302175453,-525.0352560776776,-35.62773240940126,-179.488663,0.264109,179.605057
138.586527933019,-524.9269221689752,-35.68044249738228,-179.488663,0.264109,179.605057
138.57812038644676,-524.8162199786094,-35.55537480758552,-179.488663,0.264109,179.605057
138.57457436674727,-524.7066185630628,-35.68809900169123,-179.488663,0.264109,179.605057
138.57616130692477,-524.5987960781679,-35.64304541801915,-179.488663,0.264109,179.605057
138.57916293592845,-524.4885961880773,-35.673472679694825,-179.488663,0.264109,179.605057
138.58117103508488,-524.3794881042734,-35.58751791023537,-179.488663,0.264109,179.605057
138.58007542419494,-524.2721501411409,-35.711529281556686,-179.488663,0.264109,179.605057
138.57632131998398,-524.1624261198405,-35.657762875100225,-179.488663,0.264109,179.605057
138.57085690881314,-524.0537854063206,-35.762006085860996,-179.488663,0.264109,179.605057
138.5663601523203,-523.9469064667268,-35.68847151884399,-179.488663,0.264109,179.605057
138.5641742139665,-523.8376332712814,-35.85766024165011,-179.488663,0.264109,179.605057
138.564125972586,-523.7294353323343,-35.84907118667845,-179.488663,0.264109,179.605057
138.56614862336644,-523.6229912598185,-35.944366189408996,-179.488663,0.264109,179.605057
138.569790463768,-523.5141451651758,-35.882050340413656,-179.488663,0.264109,179.605057
138.57370434703026,-523.4063666994539,-36.103118977628114,-179.488663,0.264109,179.605057
138.57268541919163,-523.3003346088062,-36.14640983706479,-179.488663,0.264109,179.605057
138.56946242055096,-523.1918931384627,-36.21265484911477,-179.488663,0.264109,179.605057
138.56584444595276,-523.0845120708693,-36.25523209569813,-179.488663,0.264109,179.605057
138.5658967095796,-522.9788702812318,-36.351844773614744,-179.488663,0.264109,179.605057
138.5687373886576,-522.8708121415268,-36.372987554864835,-179.488663,0.264109,179.605057
138.57250601672342,-522.7638075586843,-36.529332163892455,-179.488663,0.264109,179.605057
138.5772279696543,-522.6585355301703,-36.50789899514229,-179.488663,0.264109,179.605057
138.58207343089427,-522.5508405480384,-36.739050987503674,-179.488663,0.264109,179.605057
138.58687468056954,-522.4441926371512,-36.79242520208727,-179.488663,0.264109,179.605057
138.59159880349205,-522.3392709108011,-36.90453484444794,-179.488663,0.264109,179.605057
138.59377453576025,-522.2319199747998,-36.90324455162462,-179.488663,0.264109,179.605057
138.59540964614973,-522.1256099657359,-37.09236392855238,-179.488663,0.264109,179.605057
138.5952707105935,-522.0210201066327,-37.10370552770236,-179.488663,0.264109,179.605057
138.5935451640427,-521.9139951110735,-37.25673032911905,-179.488663,0.264109,179.605057
138.59111616973283,-521.8080052214932,-37.231977352757966,-179.488663,0.264109,179.605057
138.59227880934577,-521.6994630982049,-37.415550891137556,-179.488663,0.264109,179.605057
138.59578768486878,-521.5919542383729,-37.42134665173937,-179.488663,0.264109,179.605057
138.59971590356633,-521.4861810461275,-37.556355495180796,-179.488663,0.264109,179.605057
138.60490590067738,-521.3779926505781,-37.51358656084445,-179.488663,0.264109,179.605057
138.60698555128994,-521.2708598937713,-37.67597460696059,-179.488663,0.264109,179.605057
138.60841355534967,-521.1654619305875,-37.66058487529895,-179.488663,0.264109,179.605057
138.6092802540411,-521.0576432527158,-37.751527939179454,-179.488663,0.264109,179.605057
138.61125614305524,-520.950873853103,-37.664693225282186,-179.488663,0.264109,179.605057
138.6134257686013,-520.8458328072699,-37.8324513484443,-179.488663,0.264109,179.605057
138.61601395122375,-520.7383646826221,-37.82243169382864,-179.488663,0.264109,179.605057
138.62029170221973,-520.6319395777621,-37.81285129596586,-179.488663,0.264109,179.605057
138.6252589722096,-520.527236678351,-37.78046733684828,-179.488663,0.264109,179.605057
138.62947038926947,-520.4201006612657,-37.76214157982202,-179.488663,0.264109,179.605057
138.63264940670072,-520.3140017328885,-37.700664597088014,-179.488663,0.264109,179.605057
138.63475539818057,-520.20961918479,-37.685745257200246,-179.488663,0.264109,179.605057
138.6366168325913,-520.1027977978755,-37.56739873479096,-179.488663,0.264109,179.605057
138.63881354852103,-519.9970078807008,-37.59983013880643,-179.488663,0.264109,179.605057
138.6418674119058,-519.8929288251849,-37.45448376504412,-179.488663,0.264109,179.605057
138.64422793872453,-519.7864055107904,-37.49294389909242,-179.488663,0.264109,179.605057
138.64559311518195,-519.6809083428693,-37.35362625536294,-179.488663,0.264109,179.605057
138.64797358350197,-519.5728501417422,-37.344947661578736,-179.488663,0.264109,179.605057
138.65052325464507,-519.4658165617232,-37.15849129001675,-179.488663,0.264109,179.605057
138.65183672658537,-519.3605101612861,-37.22090630928672,-179.488663,0.264109,179.605057
138.65165227819534,-519.257046887794,-37.10554355077891,-179.488663,0.264109,179.605057
138.65158153567188,-519.1511570506915,-37.05463970384747,-179.488663,0.264109,179.605057
138.65235587377097,-519.0462878896614,-36.906641404288756,-179.488663,0.264109,179.605057
138.6549326596305,-518.943114336358,-36.92469794799773,-179.488663,0.264109,179.605057
138.65824395408765,-518.837480595136,-36.764976713928924,-179.488663,0.264109,179.605057
138.66001238963207,-518.7328571628718,-36.82701379293249,-179.488663,0.264109,179.605057
138.6610346578662,-518.6256571034361,-36.71127309415828,-179.488663,0.264109,179.605057
138.66189315371224,-518.5194663416336,-36.70799648100419,-179.488663,0.264109,179.605057
138.66188535202866,-518.41498770797,-36.52762070292768,-179.488663,0.264109,179.605057
138.6617044017964,-518.3080707516131,-36.656981577499636,-179.488663,0.264109,179.605057
138.66067006203554,-518.2021867274299,-36.60856467429382,-179.488663,0.264109,179.605057
138.65947975497886,-518.0937485291366,-36.54619320185907,-179.488663,0.264109,179.605057
138.65868584994115,-517.9863417281748,-36.5211806781392,-179.488663,0.264109,179.605057
138.6579825164011,-517.8806687700708,-36.45037008433898,-179.488663,0.264109,179.605057
138.65689663345984,-517.7725788181647,-36.459668807339355,-179.488663,0.264109,179.605057
138.65533901764016,-517.6655427468141,-36.3458114690054,-179.488663,0.264109,179.605057
138.6537092080031,-517.5559730757005,-36.44804374400645,-179.488663,0.264109,179.605057
138.65290947245077,-517.4474550088458,-36.372498241229714,-179.488663,0.264109,179.605057
138.65187645906542,-517.3364239642381,-36.45650483474649,-179.488663,0.264109,179.605057
138.65081148185942,-517.2264694322697,-36.36273365048549,-179.488663,0.264109,179.605057
138.64975525823178,-517.1182940006173,-36.50629504647605,-179.488663,0.264109,179.605057
138.64748202938918,-517.0077462173892,-36.47207866468883,-179.488663,0.264109,179.605057
138.645408396536,-516.8982961989853,-36.55449121211196,-179.488663,0.264109,179.605057
138.64340417454795,-516.7863556893636,-36.45912598175732,-179.488663,0.264109,179.605057
138.6418547836679,-516.6755091243018,-36.67404172123727,-179.488663,0.264109,179.605057
138.64041839479083,-516.5621911659663,-36.71117968293946,-179.488663,0.264109,179.605057
138.63902503495618,-516.4499905621611,-36.736785302324705,-179.488663,0.264109,179.605057
138.63848143093654,-516.3396091711828,-36.802781270015956,-179.488663,0.264109,179.605057
138.63770484267042,-516.226894824775,-36.81745927941943,-179.488663,0.264109,179.605057
138.6364820356992,-516.1153169357633,-36.93413655263586,-179.488663,0.264109,179.605057
138.634774931575,-516.0055532237636,-36.892113897275145,-179.488663,0.264109,179.605057
138.63258458016776,-515.8934467644036,-37.13059041176523,-179.488663,0.264109,179.605057
138.63032873096836,-515.7824661585491,-37.19128914847753,-179.488663,0.264109,179.605057
138.6297363098436,-515.6732891142346,-37.27317027617925,-179.488663,0.264109,179.605057
138.6286636665453,-515.5617588557471,-37.33292644112083,-179.488663,0.264109,179.605057
138.6275102341837,-515.4513441625459,-37.43909994399597,-179.488663,0.264109,179.605057
138.62799971504742,-515.3427229247052,-37.46791121698185,-179.488663,0.264109,179.605057
138.62922148371726,-515.2317385466525,-37.625659539783165,-179.488663,0.264109,179.605057
138.63016166701613,-515.1218599850453,-37.6056300848067,-179.488663,0.264109,179.605057
138.62980016174504,-515.0137653040478,-37.83960913198969,-179.488663,0.264109,179.605057
138.6279496823904,-514.9032980790797,-37.89581040139491,-179.488663,0.264109,179.605057
138.62665083725884,-514.7939274347394,-37.99804170794177,-179.488663,0.264109,179.605057
138.62548079143593,-514.686331600133,-38.01885548591923,-179.488663,0.264109,179.605057
138.62476381279316,-514.5763543126767,-38.16549421151235,-179.488663,0.264109,179.605057
138.62455831128264,-514.467464856072,-38.13435515932769,-179.488663,0.264109,179.605057
138.6248686945534,-514.360341615687,-38.34925020185768,-179.488663,0.264109,179.605057
138.62609917377395,-514.2508284824094,-38.38636746660988,-179.488663,0.264109,179.605057
138.6279086164799,-514.1423948906709,-38.47340420313398,-179.488663,0.264109,179.605057
138.6289850064756,-514.0357193738781,-38.46737088670493,-179.488663,0.264109,179.605057
138.62989947727152,-513.9266459683136,-38.61177308075336,-179.488663,0.264109,179.605057
138.6311792250873,-513.8186442512069,-38.57839749702401,-179.488663,0.264109,179.605057
138.6325138274492,-513.712392896213,-38.739269692128474,-179.488663,0.264109,179.605057
138.63425286415344,-513.6037360773572,-38.722364109455164,-179.488663,0.264109,179.605057
138.63604805475964,-513.4961435071526,-38.79566399168846,-179.488663,0.264109,179.605057
138.63782894454656,-513.3860273254546,-38.70548045463297,-179.488663,0.264109,179.605057
138.64081364595927,-513.2769725182642,-38.85253657194767,-179.488663,0.264109,179.605057
138.64481799394372,-513.1696809876777,-38.82181491148459,-179.488663,0.264109,179.605057
138.64896932051562,-513.0642680364025,-38.81857856781194,-179.488663,0.264109,179.605057
138.65268033504935,-512.9564633407409,-38.7385317628219,-179.488663,0.264109,179.605057
138.6558398416354,-512.8497135185405,-38.759261148916416,-179.488663,0.264109,179.605057
138.65884411142713,-512.7446928907258,-38.60221275723315,-179.488663,0.264109,179.605057
138.6613639398007,-512.6372450618281,-38.69303527670526,-179.488663,0.264109,179.605057
138.66375104233163,-512.5308399396139,-38.60608001839959,-179.488663,0.264109,179.605057
138.6660776497913,-512.4218900093633,-38.52371798224237,-179.488663,0.264109,179.605057
138.6687697353751,-512.3139806276247,-38.40739942028218,-179.488663,0.264109,179.605057
138.67273040692208,-512.2078140667953,-38.33035595688249,-179.488663,0.264109,179.605057
138.67647602166636,-512.0992393279018,-38.197724929215305,-179.488663,0.264109,179.605057
138.67889335408483,-511.9917271274598,-38.167140730882835,-179.488663,0.264109,179.605057
138.68059998353266,-511.8859564971143,-37.960367905881384,-179.488663,0.264109,179.605057
138.68255086698977,-511.7820384741976,-38.042542347550466,-179.488663,0.264109,179.605057
138.684112188684,-511.67570225131465,-37.94693901144176,-179.488663,0.264109,179.605057
138.6851627258949,-511.5703947258307,-37.849941549400704,-179.488663,0.264109,179.605057
138.68609616523548,-511.46252398018885,-37.76983900835802,-179.488663,0.264109,179.605057
138.68740357608692,-511.3556747522313,-37.67050519898472,-179.488663,0.264109,179.605057
138.68876718695287,-511.2505494612749,-37.622965725718004,-179.488663,0.264109,179.605057
138.68971197757827,-511.1429974063012,-37.50272973671808,-179.488663,0.264109,179.605057
138.68973645602222,-511.03648962775026,-37.50741531838461,-179.488663,0.264109,179.605057
138.6891658572254,-510.9317054817789,-37.33432312227337,-179.488663,0.264109,179.605057
138.68848435816324,-510.8244896590661,-37.446374204681,-179.488663,0.264109,179.605057
138.68696903814583,-510.71831234826146,-37.380647509310855,-179.488663,0.264109,179.605057
138.68571917182206,-510.6138528171477,-37.33255395714999,-179.488663,0.264109,179.605057
138.68536150544693,-510.5112224886367,-37.274814055195876,-179.488663,0.264109,179.605057
138.68518736587222,-510.4061509653185,-37.25243851400828,-179.488663,0.264109,179.605057
138.684231074976,-510.3020855535927,-37.18383241598759,-179.488663,0.264109,179.605057
138.6827212877304,-510.19970140559656,-37.202636712688744,-179.488663,0.264109,179.605057
138.68071160707802,-510.0948429737846,-37.0978675959646,-179.488663,0.264109,179.605057
138.67863052986908,-509.9909810051285,-37.21787052383818,-179.488663,0.264109,179.605057
138.6765647708914,-509.8887954771023,-37.160095673933974,-179.488663,0.264109,179.605057
138.6741190107987,-509.7841318758228,-37.235183890440986,-179.488663,0.264109,179.605057
138.67163203462658,-509.68046120888874,-37.13249432917021,-179.488663,0.264109,179.605057
138.6695846300108,-509.57846355608683,-37.31443897573261,-179.488663,0.264109,179.605057
138.66847559168306,-509.47398447272894,-37.31860584451722,-179.488663,0.264109,179.605057
138.66715933293577,-509.3704950280009,-37.3568052409873,-179.488663,0.264109,179.605057
138.66540968356233,-509.2686753608795,-37.35898349131495,-179.488663,0.264109,179.605057
138.6635982399659,-509.16437108454505,-37.4371962741022,-179.488663,0.264109,179.605057
138.66221086694486,-509.06105332496475,-37.3999836805679,-179.488663,0.264109,179.605057
138.65928359512188,-508.95940227687163,-37.57631649201395,-179.488663,0.264109,179.605057
138.65567930918223,-508.8552636082043,-37.57487152568222,-179.488663,0.264109,179.605057
138.6524015480415,-508.7521084987099,-37.72406024734621,-179.488663,0.264109,179.605057
138.65046948668564,-508.65061719594064,-37.69547119123242,-179.488663,0.264109,179.605057
138.65088737682603,-508.5466354197113,-37.91766824031096,-179.488663,0.264109,179.605057
138.6513586472726,-508.4436344007186,-37.96208751161171,-179.488663,0.264109,179.605057
138.65019122460072,-508.3422944365544,-38.08896205944379,-179.488663,0.264109,179.605057
138.64665755553867,-508.23846129617965,-38.08750199083479,-179.488663,0.264109,179.605057
138.64434356049193,-508.1356062585592,-38.30040299407201,-179.488663,0.264109,179.605057
138.64230641040004,-508.0344096686914,-38.33552621953146,-179.488663,0.264109,179.605057
138.6448744909893,-507.9307173420966,-38.47711408821016,-179.488663,0.264109,179.605057
138.64586131612418,-507.828000603468,-38.44092417911107,-179.488663,0.264109,179.605057
138.64405207754407,-507.72693984271535,-38.68256904983176,-179.488663,0.264109,179.605057
138.64335380205853,-507.6191142528019,-38.74643614277468,-179.488663,0.264109,179.605057
138.64658542799882,-507.5114692165573,-38.79406032120316,-179.488663,0.264109,179.605057
138.65138018443312,-507.40539124267303,-38.85841504604458,-179.488663,0.264109,179.605057
138.65395359709692,-507.3011353457784,-38.88031414908665,-179.488663,0.264109,179.605057
138.65522303024875,-507.1944599481485,-38.96171075512764,-179.488663,0.264109,179.605057
138.65580294667112,-507.0888178115823,-38.919995700614884,-179.488663,0.264109,179.605057
138.65664737871404,-506.9806181265045,-39.067034747025026,-179.488663,0.264109,179.605057
138.65958781529204,-506.8734457716899,-39.036296015657385,-179.488663,0.264109,179.605057
138.66249496656792,-506.7680031119742,-39.129361901270116,-179.488663,0.264109,179.605057
138.66494344796524,-506.6601393535498,-39.04465000910507,-179.488663,0.264109,179.605057
138.66562092809588,-506.5533254377257,-39.19668947382459,-179.488663,0.264109,179.605057
138.66634523936685,-506.44824062166896,-39.170951160766336,-179.488663,0.264109,179.605057
138.6674810599945,-506.3407294985051,-39.191839460307875,-179.488663,0.264109,179.605057
138.66909369526675,-506.2342621610049,-39.11529549440531,-179.488663,0.264109,179.605057
138.67077875821073,-506.12951778277073,-39.18611783757625,-179.488663,0.264109,179.605057
138.67163123023832,-506.0223410275468,-39.079162402969416,-179.488663,0.264109,179.605057
138.67271750448046,-505.91620208855494,-39.169688838425245,-179.488663,0.264109,179.605057
138.6742457565985,-505.8117802443861,-39.0824374961033,-179.488663,0.264109,179.605057
138.67666200248382,-505.70492026318794,-39.09833106663987,-179.488663,0.264109,179.605057
138.67881081607,-505.5990924409831,-38.93644685939867,-179.488663,0.264109,179.605057
138.68046491562535,-505.49070949071495,-39.05326756035624,-179.488663,0.264109,179.605057
138.68117343629197,-505.38335696123806,-38.99231048353602,-179.488663,0.264109,179.605057
138.68250587555357,-505.2777373074496,-38.915578144903044,-179.488663,0.264109,179.605057
138.6839441482869,-505.1696997083195,-38.84588670929135,-179.488663,0.264109,179.605057
138.68456002116906,-505.0627150548642,-38.74426914642196,-179.488663,0.264109,179.605057
138.6845919883333,-504.9574625500597,-38.689254862315394,-179.488663,0.264109,179.605057
138.68656183082095,-504.84978673283143,-38.56173893582635,-179.488663,0.264109,179.605057
138.68930189950237,-504.743157642519,-38.5597595244192,-179.488663,0.264109,179.605057
138.69215704355685,-504.63398773354083,-38.38000233523428,-179.488663,0.264109,179.605057
138.69335192952605,-504.525862299535,-38.474962628320256,-179.488663,0.264109,179.605057
138.69378532549996,-504.41948354447396,-38.39214514362846,-179.488663,0.264109,179.605057
138.69406025962095,-504.3107004008294,-38.33446655144812,-179.488663,0.264109,179.605057
138.6934782578639,-504.20298351751103,-38.244760738415344,-179.488663,0.264109,179.605057
138.69273314628953,-504.09701185970954,-38.21783451569219,-179.488663,0.264109,179.605057
138.6915553432274,-503.9886297328113,-38.095676531341894,-179.488663,0.264109,179.605057
138.69112908617797,-503.88130694678745,-38.15197610525905,-179.488663,0.264109,179.605057
138.69085920065356,-503.7757223974507,-38.03049790139844,-179.488663,0.264109,179.605057
138.69021376113938,-503.6677204757086,-38.09412566338836,-179.488663,0.264109,179.605057
138.68909172374478,-503.56077110681696,-37.9799756476005,-179.488663,0.264109,179.605057
138.68665654686149,-503.4555533061863,-38.058216785024705,-179.488663,0.264109,179.605057
138.68399337570725,-503.34791158348344,-37.95868014467113,-179.488663,0.264109,179.605057
138.6821455930219,-503.24131598086683,-38.037045300815976,-179.488663,0.264109,179.605057
138.6804871676063,-503.13644562861583,-37.93763267918304,-179.488663,0.264109,179.605057
138.6793008668061,-503.0291451492255,-38.0355699819046,-179.488663,0.264109,179.605057
138.67781519609593,-502.9228846956697,-37.95572950684837,-179.488663,0.264109,179.605057
138.67670144760942,-502.814076840398,-38.05445278749763,-179.488663,0.264109,179.605057
138.67526725687944,-502.70630699428045,-37.97539829036912,-179.488663,0.264109,179.605057
138.67337870841337,-502.5960108100272,-38.111391163361084,-179.488663,0.264109,179.605057
138.67142614775605,-502.48677801498974,-38.06960625857527,-179.488663,0.264109,179.605057
138.66948855441206,-502.3793114308803,-38.17172136655162,-179.488663,0.264109,179.605057
138.66758151141383,-502.26945983593055,-38.09605869675019,-179.488663,0.264109,179.605057
138.66611836754075,-502.1606935726075,-38.29415603530813,-179.488663,0.264109,179.605057
138.66476481265,-502.04942460691035,-38.314475596088286,-179.488663,0.264109,179.605057
138.66345242611416,-501.9392375926951,-38.38460112812136,-179.488663,0.264109,179.605057
138.66216693830228,-501.83083407297835,-38.39335653028845,-179.488663,0.264109,179.605057
138.66049444606182,-501.72006232444164,-38.521334860009965,-179.488663,0.264109,179.605057
138.65794522838084,-501.6103923505646,-38.471535411953695,-179.488663,0.264109,179.605057
138.6556675878188,-501.50250248235903,-38.72675351426969,-179.488663,0.264109,179.605057
138.65471043356854,-501.39223640230233,-38.80419383880791,-179.488663,0.264109,179.605057
138.6536203227744,-501.2830633085695,-38.86994334235532,-179.488663,0.264109,179.605057
138.65169601335833,-501.17566149610127,-38.9650662586652,-179.488663,0.264109,179.605057
138.649632232174,-501.06587476566324,-39.02169606481541,-179.488663,0.264109,179.605057
138.64962501930182,-500.9571724629086,-39.14248105456507,-179.488663,0.264109,179.605057
138.65126300045284,-500.85023303399646,-39.151170249426755,-179.488663,0.264109,179.605057
138.65320672467664,-500.7409004295085,-39.34715581354616,-179.488663,0.264109,179.605057
138.65353950899265,-500.6326441425024,-39.36536359988779,-179.488663,0.264109,179.605057
138.65313470572795,-500.5218760972969,-39.52104608931841,-179.488663,0.264109,179.605057
138.65217747548246,-500.4121810682055,-39.49895080097125,-179.488663,0.264109,179.605057
138.65194470711538,-500.3042607494174,-39.70817379266096,-179.488663,0.264109,179.605057
138.65227080827407,-500.198230239446,-39.73961900657289,-179.488663,0.264109,179.605057
138.6539378232326,-500.0898190140464,-39.845510405608564,-179.488663,0.264109,179.605057
138.6546155345161,-499.9824734941002,-39.81745354054911,-179.488663,0.264109,179.605057
138.65508574650414,-499.8768678070839,-40.01358387120376,-179.488663,0.264109,179.605057
138.655097104507,-499.7688453675356,-40.03193642408062,-179.488663,0.264109,179.605057
138.65542719684348,-499.6618758966212,-40.13052501373028,-179.488663,0.264109,179.605057
138.6558163414001,-499.5523716963532,-40.073317897647506,-179.488663,0.264109,179.605057
138.65621176190044,-499.443917943285,-40.271559446674345,-179.488663,0.264109,179.605057
138.65742592494234,-499.33721673303364,-40.292023217923415,-179.488663,0.264109,179.605057
138.658786568396,-499.2281168930026,-40.32042928806386,-179.488663,0.264109,179.605057
138.66138915655844,-499.12008896918496,-40.29895854894088,-179.488663,0.264109,179.605057
138.6654368968532,-499.00954515908205,-40.321626314145846,-179.488663,0.264109,179.605057
138.66848232193468,-498.9000703503547,-40.23737772769313,-179.488663,0.264109,179.605057
138.6704626379279,-498.78809965029325,-40.289040394003216,-179.488663,0.264109,179.605057
138.672612434276,-498.67722224414365,-40.162925282535525,-179.488663,0.264109,179.605057
138.67476555181372,-498.568140419886,-40.227067001648344,-179.488663,0.264109,179.605057
138.67853315591768,-498.4567024312851,-40.11343094298339,-179.488663,0.264109,179.605057
138.6825700736321,-498.3463781056535,-40.084901529647205,-179.488663,0.264109,179.605057
138.68660344012778,-498.2335789030247,-39.88963739631862,-179.488663,0.264109,179.605057
138.68852362183398,-498.11762231365606,-39.95771121853293,-179.488663,0.264109,179.605057
138.68999385733136,-498.0026834073216,-39.84800726296945,-179.488663,0.264109,179.605057
138.69176386023767,-497.88958272426186,-39.74960238890858,-179.488663,0.264109,179.605057
138.69397930991778,-497.77419156223834,-39.62766491234338,-179.488663,0.264109,179.605057
138.69625234033498,-497.65998342317084,-39.54541848439649,-179.488663,0.264109,179.605057
138.6980938926892,-497.54763618222796,-39.402190797641296,-179.488663,0.264109,179.605057
138.6985891806862,-497.4287256150034,-39.41182556445551,-179.488663,0.264109,179.605057
138.69880817171588,-497.3101935550341,-39.24368255349196,-179.488663,0.264109,179.605057
138.6985581221463,-497.1891563191466,-39.310355038431226,-179.488663,0.264109,179.605057
138.6982178207174,-497.0693394665414,-39.19924974559272,-179.488663,0.264109,179.605057
138.69827497542587,-496.95147075249633,-39.19529776699023,-179.488663,0.264109,179.605057
138.69841080849483,-496.8314013545409,-39.02591853132771,-179.488663,0.264109,179.605057
138.69773911205445,-496.7125994734631,-39.151519301876355,-179.488663,0.264109,179.605057
138.69609412939496,-496.59147405584736,-39.099342294647215,-179.488663,0.264109,179.605057
138.69427788480056,-496.47160660353006,-39.03242664002911,-179.488663,0.264109,179.605057
138.69245321885336,-496.35369552581653,-38.995245886614846,-179.488663,0.264109,179.605057
138.6910634861069,-496.2335860139068,-38.92354838674972,-179.488663,0.264109,179.605057
138.68978050508855,-496.1147450393272,-38.90939799763604,-179.488663,0.264109,179.605057
138.68935845459026,-495.9935812882966,-38.81627264615885,-179.488663,0.264109,179.605057
138.68747192602532,-495.8736761997681,-38.87312280973195,-179.488663,0.264109,179.605057
138.68531933247553,-495.7514614938881,-38.75219519552728,-179.488663,0.264109,179.605057
138.68314414059256,-495.6305230292436,-38.88456219697951,-179.488663,0.264109,179.605057
138.68099536510533,-495.5115598265656,-38.839151420653955,-179.488663,0.264109,179.605057
138.67888243325973,-495.390416930719,-38.870606358974314,-179.488663,0.264109,179.605057
138.67680672072868,-495.2705610174241,-38.78994786177372,-179.488663,0.264109,179.605057
138.67476797330545,-495.152667118073,-38.90744429044137,-179.488663,0.264109,179.605057
138.67317628108933,-495.03257566807923,-38.84716294133125,-179.488663,0.264109,179.605057
138.67169663731505,-494.91375267524575,-38.96551630095924,-179.488663,0.264109,179.605057
138.66984978038505,-494.79687330085346,-38.90609188280944,-179.488663,0.264109,179.605057
138.66795574723355,-494.6777782679186,-39.05031515750354,-179.488663,0.264109,179.605057
138.66607921619817,-494.55993389929915,-39.01676065441986,-179.488663,0.264109,179.605057
138.66340976291627,-494.4440156723409,-39.15033602622599,-179.488663,0.264109,179.605057
138.66061969074286,-494.33013128849836,-39.10613362025435,-179.488663,0.264109,179.605057
138.65990028692875,-494.2140066956269,-39.28616376354042,-179.488663,0.264109,179.605057
138.66083902608514,-494.09481894404826,-39.28841612904872,-179.488663,0.264109,179.605057
138.66209604287877,-493.97671367541733,-39.41455943097934,-179.488663,0.264109,179.605057
138.6617543931832,-493.86050462275205,-39.36292495513217,-179.488663,0.264109,179.605057
138.65986409142994,-493.74206089758445,-39.60617779265522,-179.488663,0.264109,179.605057
138.6568696102234,-493.6248547708965,-39.671652852400484,-179.488663,0.264109,179.605057
138.65493065908115,-493.5095630954841,-39.74185077504726,-179.488663,0.264109,179.605057
138.65528372347907,-493.39202734748824,-39.81218579285819,-179.488663,0.264109,179.605057
138.65691328073584,-493.2757144045027,-39.8945312520622,-179.488663,0.264109,179.605057
138.6571305161945,-493.1613002510417,-39.95835548672218,-179.488663,0.264109,179.605057
138.6550070866115,-493.0446264123348,-40.04788185117777,-179.488663,0.264109,179.605057
138.65121372390752,-492.9291599978404,-40.09504102152957,-179.488663,0.264109,179.605057
138.64755099129337,-492.81557725719455,-40.20247120427656,-179.488663,0.264109,179.605057
138.64971936578326,-492.6997199836299,-40.205219299698236,-179.488663,0.264109,179.605057
138.6530231225901,-492.58505555137214,-40.37256660732879,-179.488663,0.264109,179.605057
138.65527496909687,-492.4679938037456,-40.36213613718156,-179.488663,0.264109,179.605057
138.6544079628377,-492.35211747123384,-40.527949054093604,-179.488663,0.264109,179.605057
138.65087440566998,-492.2381262406964,-40.51598419322788,-179.488663,0.264109,179.605057
138.64726846002245,-492.12613323916577,-40.66416171689298,-179.488663,0.264109,179.605057
138.64657576568374,-492.011866006125,-40.634561462780304,-179.488663,0.264109,179.605057
138.65058579548182,-491.89876906076324,-40.79665824185699,-179.488663,0.264109,179.605057
138.65753444968345,-491.7875146628268,-40.78097724315589,-179.488663,0.264109,179.605057
138.6645595590172,-491.6739443924795,-40.89030512987994,-179.488663,0.264109,179.605057
138.66780226893346,-491.56152616927267,-40.82185523882622,-179.488663,0.264109,179.605057
138.6706530470919,-491.44667052577955,-40.972170568360205,-179.488663,0.264109,179.605057
138.67338489449827,-491.33296090071445,-40.94470812011642,-179.488663,0.264109,179.605057
138.67646476948002,-491.2210976828914,-41.00136953385607,-179.488663,0.264109,179.605057
138.6808042250882,-491.11119469005916,-40.893872866512204,-179.488663,0.264109,179.605057
138.68492321345303,-490.99898014034534,-41.040251756529756,-179.488663,0.264109,179.605057
138.68770574942354,-490.8878992195178,-41.00885286876953,-179.488663,0.264109,179.605057
138.6901814210703,-490.7786248420082,-40.97439217059213,-179.488663,0.264109,179.605057
138.69173917696665,-490.66699923097565,-40.920613156443345,-179.488663,0.264109,179.605057
138.6930911949624,-490.5564909374843,-40.8680297355802,-179.488663,0.264109,179.605057
138.6947935033443,-490.4435111143419,-40.79138290368544,-179.488663,0.264109,179.605057
138.69654165919533,-490.3316438094207,-40.721489934621154,-179.488663,0.264109,179.605057
138.69909545521256,-490.2215900098137,-40.61638959417275,-179.488663,0.264109,179.605057
138.70177405860852,-490.10919745419733,-40.56575913936453,-179.488663,0.264109,179.605057
138.70361819445418,-489.9979356192812,-40.40743816404489,-179.488663,0.264109,179.605057
138.70609054241328,-489.8884823190461,-40.42813134513318,-179.488663,0.264109,179.605057
138.70824270384634,-489.77668072823946,-40.27104674844369,-179.488663,0.264109,179.605057
138.7094788861227,-489.66599954638775,-40.28450880959284,-179.488663,0.264109,179.605057
138.71092495797532,-489.55284991202444,-40.120193092964215,-179.488663,0.264109,179.605057
138.71280310805466,-489.44081582640314,-40.1654453317897,-179.488663,0.264109,179.605057
138.7147409623115,-489.32633155752575,-40.032919792837404,-179.488663,0.264109,179.605057
138.7158418634767,-489.21298547271005,-40.04916066886901,-179.488663,0.264109,179.605057
138.7167597167625,-489.1014790579129,-39.88762376712283,-179.488663,0.264109,179.605057
138.71680479544793,-488.9876597794633,-39.9710151366998,-179.488663,0.264109,179.605057
138.71626401142754,-488.87499669135445,-39.87662872849898,-179.488663,0.264109,179.605057
138.71479241268315,-488.75990049412246,-39.87724145327812,-179.488663,0.264109,179.605057
138.71274491373168,-488.64595459875983,-39.722812956424,-179.488663,0.264109,179.605057
138.71061135472388,-488.5295926609495,-39.83148694006975,-179.488663,0.264109,179.605057
138.70849092765513,-488.41440243998744,-39.762383145937726,-179.488663,0.264109,179.605057
138.70681395082585,-488.30108482331536,-39.7434206694911,-179.488663,0.264109,179.605057
138.70566018104824,-488.18975335582724,-39.646549063568806,-179.488663,0.264109,179.605057
138.70462746185115,-488.07613583238026,-39.686595873439295,-179.488663,0.264109,179.605057
138.7028123069987,-487.96367699140825,-39.548864905532014,-179.488663,0.264109,179.605057
138.70045581388425,-487.84878263489173,-39.69605847426637,-179.488663,0.264109,179.605057
138.69843523435276,-487.73503522833676,-39.66547426522296,-179.488663,0.264109,179.605057
138.696510574669,-487.62313495266733,-39.6562189691842,-179.488663,0.264109,179.605057
138.6946324718925,-487.5089289070957,-39.626005351471015,-179.488663,0.264109,179.605057
138.6932010579592,-487.3958859713028,-39.64624831432632,-179.488663,0.264109,179.605057
138.69187933968155,-487.2804167125525,-39.59369617623414,-179.488663,0.264109,179.605057
138.69100902497277,-487.1661044186685,-39.674238095276664,-179.488663,0.264109,179.605057
138.6898307021203,-487.0536492926041,-39.577002236541404,-179.488663,0.264109,179.605057
138.6877862026752,-486.93889829522993,-39.756024845544616,-179.488663,0.264109,179.605057
138.68518510079255,-486.8253201377786,-39.75726967677005,-179.488663,0.264109,179.605057
138.68209900520475,-486.7135918821067,-39.80180615806099,-179.488663,0.264109,179.605057
138.67895980201317,-486.59955596420474,-39.79206935590941,-179.488663,0.264109,179.605057
138.678320401524,-486.48668035802245,-39.88079655949537,-179.488663,0.264109,179.605057
138.67777938860448,-486.3756421561387,-39.823766597963214,-179.488663,0.264109,179.605057
138.67685508093822,-486.26228397843033,-40.028014756072366,-179.488663,0.264109,179.605057
138.67504592669826,-486.15007401075115,-40.054485136403734,-179.488663,0.264109,179.605057
138.67308553333723,-486.03968956017366,-40.14827432474034,-179.488663,0.264109,179.605057
138.6715334399687,-485.9355067918692,-40.14962514417934,-179.488663,0.264109,179.605057
138.6700850808154,-485.83404607050187,-40.314928622892126,-179.488663,0.264109,179.605057
138.66867806739094,-485.7345727554481,-40.30245432382714,-179.488663,0.264109,179.605057
138.66729933396982,-485.6411783199155,-40.51010704449101,-179.488663,0.264109,179.605057
138.6647120874247,-485.5503279367037,-40.53998198737709,-179.488663,0.264109,179.605057
138.66233060131674,-485.46127845829506,-40.69595752701139,-179.488663,0.264109,179.605057
138.66207924843198,-485.37812230898436,-40.674155288867915,-179.488663,0.264109,179.605057
138.66308060809956,-485.2973274907279,-40.911559019107045,-179.488663,0.264109,179.605057
138.66390582427343,-485.218154020542,-40.9711849715684,-179.488663,0.264109,179.605057
138.66263074200742,-485.14469750932386,-41.05266669524392,-179.488663,0.264109,179.605057
138.65971995677904,-485.07342910472556,-41.088791289118056,-179.488663,0.264109,179.605057
138.65734476212583,-485.00361191653883,-41.18594363266117,-179.488663,0.264109,179.605057
138.65757624391162,-484.9393445938664,-41.17245186008932,-179.488663,0.264109,179.605057
138.6616146576887,-484.87710126844155,-41.33913654770908,-179.488663,0.264109,179.605057
138.66717835597922,-484.8161479808722,-41.328043457551054,-179.488663,0.264109,179.605057
138.67091287190783,-484.7605862587416,-41.470537630036645,-179.488663,0.264109,179.605057
138.67094132713754,-484.706893060858,-41.43525402474445,-179.488663,0.264109,179.605057
138.6685837210864,-484.65433720441587,-41.5861453668981,-179.488663,0.264109,179.605057
138.66496109984294,-484.6070229439981,-41.559258931273966,-179.488663,0.264109,179.605057
138.66483477506313,-484.5614299167111,-41.66000139064752,-179.488663,0.264109,179.605057
138.66869839508405,-484.51682957021626,-41.5829660722433,-179.488663,0.264109,179.605057
138.67536016591373,-484.4773287425854,-41.72314991402812,-179.488663,0.264109,179.605057
138.68043171060887,-484.439409608276,-41.68555597803516,-179.488663,0.264109,179.605057
138.6847024147748,-484.4066127736521,-41.69142320469009,-179.488663,0.264109,179.605057
138.68875221193116,-484.3753068428355,-41.60372449359854,-179.488663,0.264109,179.605057
138.69393223057054,-484.34474433268537,-41.629216300973354,-179.488663,0.264109,179.605057
138.69926462213027,-484.3147651734795,-41.47693033057038,-179.488663,0.264109,179.605057
138.7033196498164,-484.2895957213934,-41.549478414575326,-179.488663,0.264109,179.605057
138.70582775544509,-484.26574617627205,-41.44424872080249,-179.488663,0.264109,179.605057
138.70840147249342,-484.24676647274094,-41.38341821042388,-179.488663,0.264109,179.605057
138.71054104118315,-484.2290306710892,-41.2260450610549,-179.488663,0.264109,179.605057
138.71256335077985,-484.21179589232577,-41.2225963988921,-179.488663,0.264109,179.605057
138.71330144682142,-484.19917310166016,-41.04136995895152,-179.488663,0.264109,179.605057
138.71377220278606,-484.187652232748,-41.09130806996359,-179.488663,0.264109,179.605057
138.71335968442824,-484.1765156005444,-40.96346840319788,-179.488663,0.264109,179.605057
138.7115443781337,-484.1698808700072,-40.928658958918504,-179.488663,0.264109,179.605057
138.70700855416356,-484.1642408804154,-40.73879914382858,-179.488663,0.264109,179.605057
138.6958295805992,-484.1588800521979,-40.80218612453402,-179.488663,0.264109,179.605057
138.68348096696226,-484.1579179658122,-40.68779532746168,-179.488663,0.264109,179.605057
138.6694313833714,-484.1578493107992,-40.62070016702669,-179.488663,0.264109,179.605057
138.65072053320085,-484.15796031848754,-40.49076045664056,-179.488663,0.264109,179.605057
138.62928842847234,-484.1623723466069,-40.474488596173,-179.488663,0.264109,179.605057
138.60679555165504,-484.16758182996807,-40.28043895792767,-179.488663,0.264109,179.605057
138.58276597466804,-484.1728767139475,-40.384648621669896,-179.488663,0.264109,179.605057
138.55877081163092,-484.1823800397008,-40.31108050763435,-179.488663,0.264109,179.605057
138.53594690703585,-484.19258989539804,-40.24362647547138,-179.488663,0.264109,179.605057
138.51368186077235,-484.2027958502476,-40.17491350685411,-179.488663,0.264109,179.605057
138.49184524461086,-484.2171225402363,-40.11769965454957,-179.488663,0.264109,179.605057
138.4720475463441,-484.2320696198842,-40.05071758616826,-179.488663,0.264109,179.605057
138.45458364336497,-484.24692819677557,-40.00941712235933,-179.488663,0.264109,179.605057
138.43947754161906,-484.2658244177999,-39.929544384263096,-179.488663,0.264109,179.605057
138.4267022869002,-484.2852594213962,-39.92900019220126,-179.488663,0.264109,179.605057
138.41704067187604,-484.3045257725668,-39.80660193452655,-179.488663,0.264109,179.605057
138.4097836388712,-484.32775104959126,-39.900000275095515,-179.488663,0.264109,179.605057
138.40475340007296,-484.35143779673547,-39.8156208378867,-179.488663,0.264109,179.605057
138.40147383906785,-484.37914662638866,-39.87154425545694,-179.488663,0.264109,179.605057
138.40105505626673,-484.4072657914108,-39.7496898952494,-179.488663,0.264109,179.605057
138.40532282957292,-484.4350671064931,-39.89443098448418,-179.488663,0.264109,179.605057
138.41334543910247,-484.46240945510624,-39.86139429594118,-179.488663,0.264109,179.605057
138.4236475832078,-484.49353780813414,-39.89339233240174,-179.488663,0.264109,179.605057
138.4334377815121,-484.53351398102416,-39.81843133830081,-179.488663,0.264109,179.605057
138.4438076856137,-484.57469116787223,-39.92833415069125,-179.488663,0.264109,179.605057
138.4549691589053,-484.6197895930767,-39.8604591853039,-179.488663,0.264109,179.605057
138.46777287174805,-484.66503086612727,-39.97880083872725,-179.488663,0.264109,179.605057
138.4799016019184,-484.70965727730817,-39.91936471437282,-179.488663,0.264109,179.605057
138.48966772694743,-484.75779269604504,-40.04342047718576,-179.488663,0.264109,179.605057
138.4959459905033,-484.805945323671,-39.98969846222093,-179.488663,0.264109,179.605057
138.50061605757176,-484.85341655570414,-40.13481666494009,-179.488663,0.264109,179.605057
138.50366428883333,-484.9043430288742,-40.10215708988148,-179.488663,0.264109,179.605057
138.50634480031113,-484.9552362626532,-40.23523931497916,-179.488663,0.264109,179.605057
138.50891364500225,-485.00539903367365,-40.19054376229906,-179.488663,0.264109,179.605057
138.511423621656,-485.0589689527323,-40.35641697232145,-179.488663,0.264109,179.605057
138.5151199050343,-485.11245841810535,-40.34451240456605,-179.488663,0.264109,179.605057
138.51982221372728,-485.1651710536782,-40.4595313063806,-179.488663,0.264109,179.605057
138.52465885020396,-485.22124529914055,-40.39677243041736,-179.488663,0.264109,179.605057
138.52821978674083,-485.277194366201,-40.59470531257831,-179.488663,0.264109,179.605057
138.53147493885902,-485.3323226775161,-40.61486041696149,-179.488663,0.264109,179.605057
138.53380130526332,-485.39076945725463,-40.67323408743398,-179.488663,0.264109,179.605057
138.53673016175821,-485.4490486875882,-40.66604881442427,-179.488663,0.264109,179.605057
138.54056097253442,-485.5107322145427,-40.75968684721822,-179.488663,0.264109,179.605057
138.54451769152473,-485.5722193239936,-40.6755471022344,-179.488663,0.264109,179.605057
138.5484433188211,-485.6327926666093,-40.87585894387411,-179.488663,0.264109,179.605057
138.5527175633016,-485.69658843498524,-40.89839300773604,-179.488663,0.264109,179.605057
138.55741140863074,-485.76012137091857,-40.89228512352171,-179.488663,0.264109,179.605057
138.56089041721825,-485.82269816083004,-40.9170121305456,-179.488663,0.264109,179.605057
138.56284320144644,-485.8884604071918,-40.876266229950225,-179.488663,0.264109,179.605057
138.56405230120484,-485.953924459562,-40.94983224205362,-179.488663,0.264109,179.605057
138.5650954679838,-486.01839782883354,-40.84562047637923,-179.488663,0.264109,179.605057
138.56526927868384,-486.0860227735668,-40.99680008583654,-179.488663,0.264109,179.605057
138.56526674619369,-486.1533162564007,-40.970201917516064,-179.488663,0.264109,179.605057
138.564405869972,-486.21958638398763,-40.95681593138352,-179.488663,0.264109,179.605057
138.56379623524361,-486.2889759987107,-40.904508308271105,-179.488663,0.264109,179.605057
138.5636579636189,-486.3580026363405,-40.89875896901402,-179.488663,0.264109,179.605057
138.56320348670027,-486.42597496637194,-40.79099080110916,-179.488663,0.264109,179.605057
138.5626922323946,-486.4970363839678,-40.83776316983948,-179.488663,0.264109,179.605057
138.56217689378383,-486.567704967804,-40.706757760792016,-179.488663,0.264109,179.605057
138.5616680675723,-486.6415565872515,-40.75422650920446,-179.488663,0.264109,179.605057
138.56158022492454,-486.714994479678,-40.623917479839115,-179.488663,0.264109,179.605057
138.5623991616405,-486.78730517667475,-40.64676461767024,-179.488663,0.264109,179.605057
138.56256647379593,-486.85836201578377,-40.49183397772359,-179.488663,0.264109,179.605057
138.56260108148857,-486.93242416382566,-40.53037526652357,-179.488663,0.264109,179.605057
138.56178554497927,-487.00603404532643,-40.39113877754576,-179.488663,0.264109,179.605057
138.56081157837104,-487.08277324409323,-40.42232137028654,-179.488663,0.264109,179.605057
138.5594091110459,-487.15904690437515,-40.275726185249546,-179.488663,0.264109,179.605057
138.558351556446,-487.23414267601396,-40.318703226977874,-179.488663,0.264109,179.605057
138.5561460251677,-487.31220150783855,-40.183902490928425,-179.488663,0.264109,179.605057
138.55497426610964,-487.3897427816477,-40.21286265101084,-179.488663,0.264109,179.605057
138.55361525984668,-487.46607773462625,-40.064045033315466,-179.488663,0.264109,179.605057
138.55223813223182,-487.5453524374407,-40.13563848502997,-179.488663,0.264109,179.605057
138.55087696616155,-487.62408762778244,-40.02945415896669,-179.488663,0.264109,179.605057
138.54789568453987,-487.70159512625577,-40.03422252462771,-179.488663,0.264109,179.605057
138.5462754469243,-487.78202142415495,-39.869107248526014,-179.488663,0.264109,179.605057
138.54495046148938,-487.861887641258,-39.99606257536218,-179.488663,0.264109,179.605057
138.54370337072788,-487.94050596711423,-39.94524012442057,-179.488663,0.264109,179.605057
138.54290026196966,-488.02202325408666,-39.8864078537677,-179.488663,0.264109,179.605057
138.54219737160335,-488.10296097631203,-39.8399851937447,-179.488663,0.264109,179.605057
138.5415245215784,-488.1826316713164,-39.778050338227466,-179.488663,0.264109,179.605057
138.5408672490443,-488.2651825332143,-39.747158830756184,-179.488663,0.264109,179.605057
138.53981177321774,-488.3471353717882,-39.67065818765277,-179.488663,0.264109,179.605057
138.53787033461109,-488.4278030542156,-39.67724263726957,-179.488663,0.264109,179.605057
138.53577931501977,-488.51133309837456,-39.553357976797116,-179.488663,0.264109,179.605057
138.53533078484344,-488.59424763202964,-39.66621249980676,-179.488663,0.264109,179.605057
138.53521713164594,-488.67585983466086,-39.60128924503862,-179.488663,0.264109,179.605057
138.53394007024525,-488.76031753087204,-39.63894391409663,-179.488663,0.264109,179.605057
138.53244848985497,-488.8441431496754,-39.51364462122217,-179.488663,0.264109,179.605057
138.5313458859212,-488.93091683308523,-39.674055087124046,-179.488663,0.264109,179.605057
138.52992609209022,-489.01704601480793,-39.65668777524814,-179.488663,0.264109,179.605057
138.5284630529032,-489.10182134783093,-39.67202796170798,-179.488663,0.264109,179.605057
138.52619083898006,-489.1893868841554,-39.64415485094158,-179.488663,0.264109,179.605057
138.52337843937437,-489.27626508462356,-39.70618336888558,-179.488663,0.264109,179.605057
138.5200873345377,-489.36177021684716,-39.636725350090025,-179.488663,0.264109,179.605057
138.5163366288125,-489.45005132909694,-39.80053067030484,-179.488663,0.264109,179.605057
138.51336867961322,-489.5376320837554,-39.78655821274188,-179.488663,0.264109,179.605057
138.51142082588555,-489.62382717394047,-39.881425375346815,-179.488663,0.264109,179.605057
138.5105260273941,-489.7127859121705,-39.803371748783036,-179.488663,0.264109,179.605057
138.50862256597284,-489.8010321890658,-40.02669845972266,-179.488663,0.264109,179.605057
138.50654444341697,-489.88788091553386,-40.07224739288451,-179.488663,0.264109,179.605057
138.50405027748832,-489.97748161669557,-40.10981730428143,-179.488663,0.264109,179.605057
138.50109770880053,-490.06635839171287,-40.16775794084213,-179.488663,0.264109,179.605057
138.4985061183156,-490.15382635625656,-40.20304656879651,-179.488663,0.264109,179.605057
138.497255581647,-490.24403523654314,-40.27657707776144,-179.488663,0.264109,179.605057
138.49546970781876,-490.3335093292364,-40.29109005170878,-179.488663,0.264109,179.605057
138.49237016565303,-490.4215639439816,-40.422785850685436,-179.488663,0.264109,179.605057
138.48946263886393,-490.5123489975053,-40.37670387188432,-179.488663,0.264109,179.605057
138.48663486664225,-490.60238897357897,-40.617418992108405,-179.488663,0.264109,179.605057
138.48632726253902,-490.6909993656141,-40.68035633455471,-179.488663,0.264109,179.605057
138.48817251131783,-490.7823302708215,-40.745050097144194,-179.488663,0.264109,179.605057
138.4908327538015,-490.8729063502336,-40.79975373727284,-179.488663,0.264109,179.605057
138.4923861604664,-490.96204327135735,-40.86171060372511,-179.488663,0.264109,179.605057
138.49328366262827,-491.05389130238956,-40.90217751519354,-179.488663,0.264109,179.605057
138.49486033052548,-491.1535086056288,-40.932870618301706,-179.488663,0.264109,179.605057
138.49696107451524,-491.2532629838857,-40.970942113121446,-179.488663,0.264109,179.605057
138.49913675647562,-491.3558927148775,-40.977934421755215,-179.488663,0.264109,179.605057
138.50129648299784,-491.45763789357557,-41.011366796254485,-179.488663,0.264109,179.605057
138.5050667467663,-491.5577591192733,-40.967849549866806,-179.488663,0.264109,179.605057
138.50910549645488,-491.6603982747167,-41.03709082717961,-179.488663,0.264109,179.605057
138.51272805888746,-491.7620812592318,-40.92855432671463,-179.488663,0.264109,179.605057
138.51580519631423,-491.86212685155925,-41.05497133860071,-179.488663,0.264109,179.605057
138.51872948500758,-491.9646887614694,-41.003610572709,-179.488663,0.264109,179.605057
138.52158161407058,-492.0662952766218,-40.994823226972954,-179.488663,0.264109,179.605057
138.52478941426082,-492.166265642385,-40.88971911431081,-179.488663,0.264109,179.605057
138.5267907266294,-492.26875364417936,-40.92448232430328,-179.488663,0.264109,179.605057
138.52811161165772,-492.37028756604343,-40.78146775651797,-179.488663,0.264109,179.605057
138.52968829196428,-492.47445330058827,-40.84279425838237,-179.488663,0.264109,179.605057
138.53129370742874,-492.57766392944455,-40.726342982469,-179.488663,0.264109,179.605057
138.53247137068266,-492.67921565266386,-40.70301617565796,-179.488663,0.264109,179.605057
138.53272362339487,-492.7789913035811,-40.50429134256525,-179.488663,0.264109,179.605057
138.53278720640458,-492.8812593752249,-40.58715379771975,-179.488663,0.264109,179.605057
138.53322459562654,-492.9825714517728,-40.49223847509648,-179.488663,0.264109,179.605057
138.53455185877755,-493.0822514464351,-40.418532723913046,-179.488663,0.264109,179.605057
138.53562755341625,-493.1844540203518,-40.31276835366321,-179.488663,0.264109,179.605057
138.5366376355843,-493.28570756240134,-40.259964970746275,-179.488663,0.264109,179.605057
138.5372095629785,-493.38533124770174,-40.11889327560783,-179.488663,0.264109,179.605057
138.53768572533943,-493.48747875812796,-40.12493543417191,-179.488663,0.264109,179.605057
138.53731285149567,-493.58867826898665,-39.9531998149582,-179.488663,0.264109,179.605057
138.53636480683898,-493.69251556466634,-40.02491989142548,-179.488663,0.264109,179.605057
138.5353152113215,-493.795403620216,-39.918862190114986,-179.488663,0.264109,179.605057
138.53508156654584,-493.8966385309497,-39.89004991452136,-179.488663,0.264109,179.605057
138.53501443486653,-494.0003696939898,-39.742832329399626,-179.488663,0.264109,179.605057
138.5349815605681,-494.103124819839,-39.80235817126919,-179.488663,0.264109,179.605057
138.53372400529142,-494.2042233320158,-39.68410623536098,-179.488663,0.264109,179.605057
138.5326500657164,-494.3035526759515,-39.71321768409688,-179.488663,0.264109,179.605057
138.53121745642233,-494.4053821689031,-39.564551355055016,-179.488663,0.264109,179.605057
138.52932282140551,-494.5062634499802,-39.653750792347026,-179.488663,0.264109,179.605057
138.52777339383104,-494.605520332685,-39.56517245186125,-179.488663,0.264109,179.605057
138.52631504404832,-494.707307348939,-39.56879661933753,-179.488663,0.264109,179.605057
138.52489565079864,-494.80815275433844,-39.418279895765956,-179.488663,0.264109,179.605057
138.52350423578181,-494.9073755918012,-39.52466465727415,-179.488663,0.264109,179.605057
138.52213820542508,-495.00912941309946,-39.45327164100458,-179.488663,0.264109,179.605057
138.51997534665435,-495.11420893237295,-39.438124534787214,-179.488663,0.264109,179.605057
138.51727321619225,-495.2184591269674,-39.34523104514948,-179.488663,0.264109,179.605057
138.51450166169178,-495.32532745385845,-39.38992446121236,-179.488663,0.264109,179.605057
138.51216630671428,-495.4311995021153,-39.25684009949746,-179.488663,0.264109,179.605057
138.50995140557885,-495.53536655884784,-39.383596702355625,-179.488663,0.264109,179.605057
138.50779209602794,-495.6377111302465,-39.33257552743601,-179.488663,0.264109,179.605057
138.50567461497425,-495.7425023040073,-39.345159263413144,-179.488663,0.264109,179.605057
138.50359561490612,-495.84629243488035,-39.264444503451266,-179.488663,0.264109,179.605057
138.50155387903604,-495.94840623087015,-39.34770652560996,-179.488663,0.264109,179.605057
138.49913796736018,-496.05299914145144,-39.25319076999087,-179.488663,0.264109,179.605057
138.49668158015587,-496.1566003313339,-39.37218262935601,-179.488663,0.264109,179.605057
138.49466269979723,-496.2585297379316,-39.31339671094337,-179.488663,0.264109,179.605057
138.49317070043952,-496.3629417918674,-39.37804630829777,-179.488663,0.264109,179.605057
138.4918052968284,-496.466365403837,-39.26491812787438,-179.488663,0.264109,179.605057
138.4900739647735,-496.57238708048766,-39.44320731746891,-179.488663,0.264109,179.605057
138.4866514037524,-496.6774205062288,-39.44371872928567,-179.488663,0.264109,179.605057
138.48129482891704,-496.78076247306643,-39.448157042924414,-179.488663,0.264109,179.605057
138.47521696704982,-496.88656306237266,-39.45405976463762,-179.488663,0.264109,179.605057
138.4703150662561,-496.9913506566803,-39.46553105067117,-179.488663,0.264109,179.605057
138.46818207359948,-497.0944453395359,-39.47056015172636,-179.488663,0.264109,179.605057
138.46909897624363,-497.20000187127823,-39.493865427745476,-179.488663,0.264109,179.605057
138.47143415088811,-497.30454952434644,-39.49377956771362,-179.488663,0.264109,179.605057
138.47360910189326,-497.4074085017251,-39.53974808998893,-179.488663,0.264109,179.605057
138.47572107553404,-497.51273352739867,-39.50568748619674,-179.488663,0.264109,179.605057
138.4777904167435,-497.61705380681053,-39.605967336961506,-179.488663,0.264109,179.605057
138.47941113416948,-497.719689470774,-39.52846940994849,-179.488663,0.264109,179.605057
138.48009596552427,-497.8247951710936,-39.704946043859074,-179.488663,0.264109,179.605057
138.4805838798411,-497.9289000420577,-39.70364489999188,-179.488663,0.264109,179.605057
138.48020413819117,-498.0313241445414,-39.77102236199276,-179.488663,0.264109,179.605057
138.47842426611803,-498.1362220616493,-39.72865441421351,-179.488663,0.264109,179.605057
138.47515768169637,-498.2401228601942,-39.858876904956716,-179.488663,0.264109,179.605057
138.47328287956125,-498.34661320144727,-39.81132161792215,-179.488663,0.264109,179.605057
138.47253443106936,-498.4521069219441,-39.94552727409088,-179.488663,0.264109,179.605057
138.47243256457352,-498.5559009631537,-39.901955152481825,-179.488663,0.264109,179.605057
138.47246146324488,-498.6578788865865,-40.02533019960802,-179.488663,0.264109,179.605057
138.47210543727968,-498.7623099004418,-39.97092746895644,-179.488663,0.264109,179.605057
138.47167748986755,-498.8657462912956,-40.10064082004241,-179.488663,0.264109,179.605057
138.47329635564034,-498.9675126622125,-40.0525763933506,-179.488663,0.264109,179.605057
138.47612289351468,-499.07176435186676,-40.151086260059174,-179.488663,0.264109,179.605057
138.47832943282623,-499.1750304145712,-40.071818348989964,-179.488663,0.264109,179.605057
138.4795574794217,-499.2808973456606,-40.19135055632754,-179.488663,0.264109,179.605057
138.4818061397001,-499.3900454540737,-40.133104985887336,-179.488663,0.264109,179.605057
138.48422694176892,-499.4982974692985,-40.1842666255099,-179.488663,0.264109,179.605057
138.4862370763442,-499.60483068166917,-40.057650487354685,-179.488663,0.264109,179.605057
138.48690271106236,-499.71377166111523,-40.18849391761337,-179.488663,0.264109,179.605057
138.4872899790042,-499.8216448111576,-40.14155957009429,-179.488663,0.264109,179.605057
138.48761606578006,-499.9277701994076,-40.11284872707054,-179.488663,0.264109,179.605057
138.48792527864416,-500.03630336311056,-40.029813732110114,-179.488663,0.264109,179.605057
138.4890498301429,-500.14804116579813,-39.9969197014886,-179.488663,0.264109,179.605057
138.4903214557473,-500.25883073642217,-39.86261668585778,-179.488663,0.264109,179.605057
138.4916044108309,-500.37212165340696,-39.871967578575806,-179.488663,0.264109,179.605057
138.492871385338,-500.4843015910667,-39.703540693516054,-179.488663,0.264109,179.605057
138.49411714453683,-500.5946638848592,-39.73637661306009,-179.488663,0.264109,179.605057
138.49534094320984,-500.70735971947767,-39.59143475482634,-179.488663,0.264109,179.605057
138.4957198335299,-500.8189194770578,-39.610977496327024,-179.488663,0.264109,179.605057
138.49633502018372,-500.93293205823363,-39.45274246004994,-179.488663,0.264109,179.605057
138.496988716783,-501.045813691863,-39.49679107606731,-179.488663,0.264109,179.605057
138.49640881835305,-501.1611303749713,-39.3630619143069,-179.488663,0.264109,179.605057
138.49517978169493,-501.2752940084825,-39.37096785057425,-179.488663,0.264109,179.605057
138.49424906369032,-501.38760337150865,-39.20109600906382,-179.488663,0.264109,179.605057
138.49380191296135,-501.5022112583859,-39.288977700470085,-179.488663,0.264109,179.605057
138.4926365018312,-501.6156488711978,-39.19908161409858,-179.488663,0.264109,179.605057
138.49134401335692,-501.73150576092553,-39.17247251360665,-179.488663,0.264109,179.605057
138.4900444914721,-501.8461987636047,-39.04461550331543,-179.488663,0.264109,179.605057
138.4887620449942,-501.95902779950273,-39.085034964911905,-179.488663,0.264109,179.605057
138.4870905861698,-502.0741460290896,-38.94767664873061,-179.488663,0.264109,179.605057
138.48536509673497,-502.18808486037113,-39.00863206458832,-179.488663,0.264109,179.605057
138.48283200813884,-502.3001673486135,-38.89180970266826,-179.488663,0.264109,179.605057
138.48058409252613,-502.41028450619297,-38.933106350312805,-179.488663,0.264109,179.605057
138.47924651519875,-502.52270915362095,-38.796625220179564,-179.488663,0.264109,179.605057
138.47769936218376,-502.6339963706996,-38.88055741484607,-179.488663,0.264109,179.605057
138.4761322979853,-502.74347335017666,-38.7867118317348,-179.488663,0.264109,179.605057
138.4741728720187,-502.85529794286964,-38.82498247025359,-179.488663,0.264109,179.605057
138.47257350775666,-502.9660016639987,-38.6854753309946,-179.488663,0.264109,179.605057
138.47106890234951,-503.0749067578922,-38.82291807420403,-179.488663,0.264109,179.605057
138.47001531421245,-503.1861699205589,-38.78258303963569,-179.488663,0.264109,179.605057
138.46865624722736,-503.2963222875555,-38.77310765280515,-179.488663,0.264109,179.605057
138.4672554134253,-503.40468588397636,-38.719738719744925,-179.488663,0.264109,179.605057
138.4658661492295,-503.51541722179974,-38.75270543040085,-179.488663,0.264109,179.605057
138.46449895737908,-503.62504726221005,-38.645088201529866,-179.488663,0.264109,179.605057
138.46192362450404,-503.7328978603408,-38.785427316314845,-179.488663,0.264109,179.605057
138.45873262371387,-503.8431253615089,-38.747988653322054,-179.488663,0.264109,179.605057
138.45546387246299,-503.9522605632678,-38.7887921138656,-179.488663,0.264109,179.605057
138.45386872669334,-504.06389182671995,-38.71848234629302,-179.488663,0.264109,179.605057
138.45386298853757,-504.17443465787494,-38.843250714469534,-179.488663,0.264109,179.605057
138.45417521351388,-504.28318763786075,-38.790241304868275,-179.488663,0.264109,179.605057
138.4533145905836,-504.3943026052307,-38.907834765314824,-179.488663,0.264109,179.605057
138.4509996380426,-504.50430966831925,-38.84765044798358,-179.488663,0.264109,179.605057
138.4484267433489,-504.61253060565434,-38.9993307990912,-179.488663,0.264109,179.605057
138.44748151917142,-504.72312184228554,-38.97323337242103,-179.488663,0.264109,179.605057
138.4489303833966,-504.83261428563276,-39.08459041687131,-179.488663,0.264109,179.605057
138.45124812589998,-504.94032974446225,-39.01816968354381,-179.488663,0.264109,179.605057
138.45124090283232,-505.0504245198626,-39.21604103908964,-179.488663,0.264109,179.605057
138.44912612271182,-505.1594293662158,-39.2361346168577,-179.488663,0.264109,179.605057
138.44456479694247,-505.2666659356115,-39.30348372057761,-179.488663,0.264109,179.605057
138.4395790342321,-505.37629037396215,-39.295852458822196,-179.488663,0.264109,179.605057
138.43663440386982,-505.48483328298056,-39.41132678397011,-179.488663,0.264109,179.605057
138.43578254583122,-505.5916161647598,-39.34902333134024,-179.488663,0.264109,179.605057
138.4365933575717,-505.70079501788365,-39.55800517461224,-179.488663,0.264109,179.605057
138.4364931717232,-505.8089002993653,-39.58920924010646,-179.488663,0.264109,179.605057
138.43621221122234,-505.915253369182,-39.64097597539387,-179.488663,0.264109,179.605057
138.43836486945148,-506.0240100863392,-39.65143977213708,-179.488663,0.264109,179.605057
138.44302874695396,-506.13170077076506,-39.72700064423174,-179.488663,0.264109,179.605057
138.4481285376089,-506.23764664779947,-39.69408559074064,-179.488663,0.264109,179.605057
138.45118786942723,-506.34600344421557,-39.820830946559134,-179.488663,0.264109,179.605057
138.45215115453684,-506.45330135007003,-39.76979852459984,-179.488663,0.264109,179.605057
138.45186019691644,-506.55886146315123,-39.90374998342087,-179.488663,0.264109,179.605057
138.451322528814,-506.6668393849583,-39.85992366446413,-179.488663,0.264109,179.605057
138.45115383211703,-506.7737651825115,-39.95182192939204,-179.488663,0.264109,179.605057
138.45106132894307,-506.8789598327599,-39.865942416542175,-179.488663,0.264109,179.605057
138.4513960467411,-506.9865788185216,-39.99271973795862,-179.488663,0.264109,179.605057
138.45263278163597,-507.09315209025505,-39.94171928159729,-179.488663,0.264109,179.605057
138.45526610860944,-507.1980005104294,-39.96951186442173,-179.488663,0.264109,179.605057
138.45814130223724,-507.30527944942713,-39.840620937492105,-179.488663,0.264109,179.605057
138.46020264421986,-507.4115187472794,-39.94609728237482,-179.488663,0.264109,179.605057
138.46207189900971,-507.5160391579998,-39.87379584947977,-179.488663,0.264109,179.605057
138.46346370695954,-507.6229959454525,-39.82577628208264,-179.488663,0.264109,179.605057
138.46474023093944,-507.72891884505225,-39.68419716107785,-179.488663,0.264109,179.605057
138.4659755431176,-507.83312850806493,-39.67271987386361,-179.488663,0.264109,179.605057
138.4684188218289,-507.93978009744177,-39.4834648088716,-179.488663,0.264109,179.605057
138.47189027832738,-508.045403249487,-39.50401347274718,-179.488663,0.264109,179.605057
138.4759286652242,-508.1493185181257,-39.34678435884498,-179.488663,0.264109,179.605057
138.4787910033648,-508.2556809707069,-39.30408550423754,-179.488663,0.264109,179.605057
138.48137742294506,-508.3610201496399,-39.083608871852334,-179.488663,0.264109,179.605057
138.4822274297348,-508.46465651663175,-39.15666352582769,-179.488663,0.264109,179.605057
138.48271806498093,-508.5707450484603,-39.05194040202527,-179.488663,0.264109,179.605057
138.4831298479949,-508.6758151985814,-38.96121138614041,-179.488663,0.264109,179.605057
138.48352000409287,-508.7791873413371,-38.84574907928184,-179.488663,0.264109,179.605057
138.484723397032,-508.8850163677005,-38.77150892404613,-179.488663,0.264109,179.605057
138.48689365575095,-508.9940983135215,-38.6699251827723,-179.488663,0.264109,179.605057
138.4888157550574,-509.10227945556016,-38.620495062673136,-179.488663,0.264109,179.605057
138.48942710818008,-509.2130085272668,-38.49871361839398,-179.488663,0.264109,179.605057
138.48976761726607,-509.3226723714427,-38.51161513663702,-179.488663,0.264109,179.605057
138.48922778141548,-509.4305635065508,-38.34673887710228,-179.488663,0.264109,179.605057
138.487287554243,-509.54083231481275,-38.439926242993515,-179.488663,0.264109,179.605057
138.48550550981483,-509.65000839021013,-38.35533583110696,-179.488663,0.264109,179.605057
138.48460177990071,-509.76167985929567,-38.33868180647344,-179.488663,0.264109,179.605057
138.48388656593707,-509.87226219066963,-38.23371318086265,-179.488663,0.264109,179.605057
138.48321922709547,-509.98105396801054,-38.275014667991734,-179.488663,0.264109,179.605057
138.48257095431956,-510.0922070403783,-38.13853837734304,-179.488663,0.264109,179.605057
138.48152504796963,-510.20225152805546,-38.2460223284242,-179.488663,0.264109,179.605057
138.4804144900174,-510.31050922163644,-38.17572850172759,-179.488663,0.264109,179.605057
138.47930679634672,-510.42113655808953,-38.2006751017775,-179.488663,0.264109,179.605057
138.47821542939786,-510.5306644565542,-38.07301672391654,-179.488663,0.264109,179.605057
138.47673218279,-510.6384147373095,-38.217110109240366,-179.488663,0.264109,179.605057
138.47560232197986,-510.74854371275234,-38.18342571678642,-179.488663,0.264109,179.605057
138.4745592074608,-510.85758214837085,-38.17704334865412,-179.488663,0.264109,179.605057
138.47395894427308,-510.9648517071623,-38.1326968066524,-179.488663,0.264109,179.605057
138.47304512176146,-511.0745085457522,-38.15869304332193,-179.488663,0.264109,179.605057
138.47167091730518,-511.18308327637516,-38.084861448872715,-179.488663,0.264109,179.605057
138.47022418070114,-511.2898974114581,-38.18541881739918,-179.488663,0.264109,179.605057
138.46837284681035,-511.3991069597341,-38.10819840814787,-179.488663,0.264109,179.605057
138.46646692354423,-511.50724238818435,-38.23230246801117,-179.488663,0.264109,179.605057
138.46498785553393,-511.61362506657593,-38.178628750096685,-179.488663,0.264109,179.605057
138.46402586087538,-511.7224108635298,-38.27057596884305,-179.488663,0.264109,179.605057
138.463180962589,-511.83013010841717,-38.184745409811626,-179.488663,0.264109,179.605057
138.46237149990822,-511.9361040358529,-38.35053625264177,-179.488663,0.264109,179.605057
138.4619913033734,-512.0444883817191,-38.33854931769413,-179.488663,0.264109,179.605057
138.46170236730734,-512.1518133450191,-38.408567009273526,-179.488663,0.264109,179.605057
138.46061445931466,-512.2574000323278,-38.346629256641194,-179.488663,0.264109,179.605057
138.4589715627392,-512.3654040537745,-38.514036622139514,-179.488663,0.264109,179.605057
138.4568303674207,-512.4723554848546,-38.50366620986006,-179.488663,0.264109,179.605057
138.4542092982426,-512.5775753108417,-38.59738614143693,-179.488663,0.264109,179.605057
138.4523508650542,-512.6852190227295,-38.525631411031036,-179.488663,0.264109,179.605057
138.4510820567802,-512.7918165790061,-38.73250653948531,-179.488663,0.264109,179.605057
138.44953855209562,-512.9009555166934,-38.76160389016179,-179.488663,0.264109,179.605057
138.44796206019558,-513.0090505324381,-38.79948910570098,-179.488663,0.264109,179.605057
138.44640139207056,-513.115399412459,-38.82322032424678,-179.488663,0.264109,179.605057
138.4456874182028,-513.2198865479307,-38.86915024889266,-179.488663,0.264109,179.605057
138.4455636041481,-513.3267819618991,-38.88092179670508,-179.488663,0.264109,179.605057
138.44720402741152,-513.4326387412348,-38.9519933947955,-179.488663,0.264109,179.605057
138.44917396767434,-513.5410489416712,-38.92660099797814,-179.488663,0.264109,179.605057
138.44953734996443,-513.648427992366,-39.03849890378485,-179.488663,0.264109,179.605057
138.44916358588964,-513.7540736443914,-38.97261903181377,-179.488663,0.264109,179.605057
138.44905837496424,-513.8621367674098,-39.127596418432226,-179.488663,0.264109,179.605057
138.44982970433523,-513.9691464868771,-39.104796027272904,-179.488663,0.264109,179.605057
138.4503547050811,-514.074423609624,-39.169682368093994,-179.488663,0.264109,179.605057
138.45082297342466,-514.1821236050588,-39.07528282228107,-179.488663,0.264109,179.605057
138.45168390213803,-514.2887764417628,-39.23368846530262,-179.488663,0.264109,179.605057
138.45261111860586,-514.3937030063765,-39.214316330546396,-179.488663,0.264109,179.605057
138.4535384055459,-514.5010586943198,-39.213872910695656,-179.488663,0.264109,179.605057
138.45486318516618,-514.6073733704783,-39.15511292155799,-179.488663,0.264109,179.605057
138.45542728867895,-514.7119678133299,-39.17523574789854,-179.488663,0.264109,179.605057
138.45583123416475,-514.8189973107775,-39.03852543733096,-179.488663,0.264109,179.605057
138.457018736376,-514.9249916218472,-39.1416022660547,-179.488663,0.264109,179.605057
138.458346061012,-515.0292714209951,-39.06690131700066,-179.488663,0.264109,179.605057
138.46009491707147,-515.1359918939485,-39.01449943209072,-179.488663,0.264109,179.605057
138.46190320679614,-515.2416826993808,-38.90474150694061,-179.488663,0.264109,179.605057
138.4636976653555,-515.3456644131874,-38.86427582663525,-179.488663,0.264109,179.605057
138.46505139204902,-515.4520921242946,-38.67638138269974,-179.488663,0.264109,179.605057
138.4658870527008,-515.557495396304,-38.72239141148115,-179.488663,0.264109,179.605057
138.46619654852609,-515.6611947117364,-38.59062366248479,-179.488663,0.264109,179.605057
138.46639640966765,-515.7673450678116,-38.54355924414539,-179.488663,0.264109,179.605057
138.46698216806956,-515.8724759380623,-38.35532260804438,-179.488663,0.264109,179.605057
138.4680474418041,-515.975907716549,-38.40754349043495,-179.488663,0.264109,179.605057
138.46919346804532,-516.0817953136111,-38.28198659504774,-179.488663,0.264109,179.605057
138.46951801241468,-516.1866681174523,-38.25370959847088,-179.488663,0.264109,179.605057
138.47008431133423,-516.289846438328,-38.06235970387677,-179.488663,0.264109,179.605057
138.47110157380138,-516.3954851042693,-38.14279797264472,-179.488663,0.264109,179.605057
138.47219456124517,-516.5001134226413,-38.045458463634894,-179.488663,0.264109,179.605057
138.47246581564067,-516.603051624305,-37.97861364531795,-179.488663,0.264109,179.605057
138.47215819891957,-516.7084544593143,-37.866114831401745,-179.488663,0.264109,179.605057
138.4717391829685,-516.8128511584506,-37.8395769434843,-179.488663,0.264109,179.605057
138.47212517984272,-516.9155618773577,-37.67400124556893,-179.488663,0.264109,179.605057
138.4726666895487,-517.0207412922168,-37.76553371987233,-179.488663,0.264109,179.605057
138.47323160034964,-517.1249185612551,-37.67928841639796,-179.488663,0.264109,179.605057
138.4729718237493,-517.2274137688582,-37.65176516663303,-179.488663,0.264109,179.605057
138.47214013760257,-517.3323815212219,-37.530132182907906,-179.488663,0.264109,179.605057
138.4707952313051,-517.4363509078374,-37.57521577800532,-179.488663,0.264109,179.605057
138.4693668085337,-517.5386419455825,-37.442521595324955,-179.488663,0.264109,179.605057
138.4679419978136,-517.64340917435,-37.52954309979223,-179.488663,0.264109,179.605057
138.46653817347845,-517.7471816185129,-37.438786826481724,-179.488663,0.264109,179.605057
138.46515851192194,-517.8535458976601,-37.479448526443676,-179.488663,0.264109,179.605057
138.46380330477442,-517.9589158073896,-37.34233244862786,-179.488663,0.264109,179.605057
138.4624722625659,-518.062588248964,-37.48615026720979,-179.488663,0.264109,179.605057
138.46157565038993,-518.1687134110714,-37.45219030801394,-179.488663,0.264109,179.605057
138.45995734270474,-518.2738197816467,-37.44480019556257,-179.488663,0.264109,179.605057
138.45821771184924,-518.3772275477562,-37.40677678298151,-179.488663,0.264109,179.605057
138.45647855777628,-518.4830915714101,-37.42922824839439,-179.488663,0.264109,179.605057
138.4551749003622,-518.5879412249033,-37.35043669492847,-179.488663,0.264109,179.605057
138.45438754985204,-518.6910968092923,-37.449332839593886,-179.488663,0.264109,179.605057
138.45371465859654,-518.7967131448825,-37.37045120648153,-179.488663,0.264109,179.605057
138.4526635625343,-518.901319531718,-37.490686461668794,-179.488663,0.264109,179.605057
138.45155177443246,-519.0042361935228,-37.433143939078285,-179.488663,0.264109,179.605057
138.45003299335352,-519.1096178733538,-37.55169027672914,-179.488663,0.264109,179.605057
138.44845441412113,-519.2139937951214,-37.49245883660222,-179.488663,0.264109,179.605057
138.44442232616268,-519.3166841077222,-37.61621008125819,-179.488663,0.264109,179.605057
138.43995688171,-519.4218434807104,-37.56218354813639,-179.488663,0.264109,179.605057
138.43793227450183,-519.5260010658047,-37.700328747783836,-179.488663,0.264109,179.605057
138.4372459624895,-519.6284769409989,-37.6606961696535,-179.488663,0.264109,179.605057
138.43683707039827,-519.7334257062103,-37.79745055542628,-179.488663,0.264109,179.605057
138.43484681097883,-519.8373764447643,-37.75642716342128,-179.488663,0.264109,179.605057
138.43010280622767,-519.939649167483,-37.89929690565184,-179.488663,0.264109,179.605057
138.42610930047775,-520.0443984083116,-37.86438887010462,-179.488663,0.264109,179.605057
138.42766313549876,-520.1481531857814,-38.001803773794435,-179.488663,0.264109,179.605057
138.43030433968698,-520.2502334470778,-37.96144089970647,-179.488663,0.264109,179.605057
138.43107034280465,-520.3547936636453,-38.118795200964186,-179.488663,0.264109,179.605057
138.43062907810827,-520.4583627926315,-38.09837172444413,-179.488663,0.264109,179.605057
138.42954196894704,-520.5602607209338,-38.21172356308867,-179.488663,0.264109,179.605057
138.42834115200085,-520.6646418607854,-38.14729762395543,-179.488663,0.264109,179.605057
138.42836667178318,-520.7680351111803,-38.31757338917749,-179.488663,0.264109,179.605057
138.42863709596318,-520.8697603019003,-38.31007137662177,-179.488663,0.264109,179.605057
138.42854198832325,-520.9739717890841,-38.377521575325744,-179.488663,0.264109,179.605057
138.427553793628,-521.0771984166319,-38.31725035526357,-179.488663,0.264109,179.605057
138.42516903584627,-521.178759960216,-38.4614065664783,-179.488663,0.264109,179.605057
138.4213068820023,-521.2828107228321,-38.42778499991527,-179.488663,0.264109,179.605057
138.4180255106895,-521.3858794961864,-38.50265543307589,-179.488663,0.264109,179.605057
138.41654963094157,-521.4872860046893,-38.39974808845872,-179.488663,0.264109,179.605057
138.41791983979638,-521.5911845009899,-38.54924077393177,-179.488663,0.264109,179.605057
138.42107355673465,-521.6941037273473,-38.52095568162704,-179.488663,0.264109,179.605057
138.42248401131545,-521.8038966929411,-38.46104790213492,-179.488663,0.264109,179.605057
138.42352575362622,-521.9177695730937,-38.43036335684401,-179.488663,0.264109,179.605057
138.42571271537014,-522.0308389107514,-38.322322043439975,-179.488663,0.264109,179.605057
138.42850828421143,-522.1464061093302,-38.29293916578004,-179.488663,0.264109,179.605057
138.43138581527091,-522.2608292577133,-38.10521800632438,-179.488663,0.264109,179.605057
138.43423881388787,-522.3733962446138,-38.15180322763938,-179.488663,0.264109,179.605057
138.43704633003594,-522.483991046515,-38.020610671176605,-179.488663,0.264109,179.605057
138.4398048205717,-522.5968851742339,-37.96412644305901,-179.488663,0.264109,179.605057
138.44128049634185,-522.7086335617443,-37.79252957881056,-179.488663,0.264109,179.605057
138.44124662177012,-522.8228301574794,-37.82218799700241,-179.488663,0.264109,179.605057
138.4409113189017,-522.935892265498,-37.67406863741648,-179.488663,0.264109,179.605057
138.44175249912587,-523.0471194815481,-37.66365779228192,-179.488663,0.264109,179.605057
138.4424063458498,-523.1606644876873,-37.47546916936957,-179.488663,0.264109,179.605057
138.4430134267203,-523.2730581895348,-37.55110834089015,-179.488663,0.264109,179.605057
138.4444238537144,-523.3836231423201,-37.44896973463296,-179.488663,0.264109,179.605057
138.44597489052705,-523.4965165326308,-37.39012341172828,-179.488663,0.264109,179.605057
138.4475319901132,-523.6082700155624,-37.26946426101385,-179.488663,0.264109,179.605057
138.4490681568377,-523.7182061341498,-37.25088640109345,-179.488663,0.264109,179.605057
138.4489356226187,-523.8304819106261,-37.07251403429411,-179.488663,0.264109,179.605057
138.44806056647545,-523.941628807637,-37.16469624562635,-179.488663,0.264109,179.605057
138.4474601178569,-524.0509691728863,-37.07910067918081,-179.488663,0.264109,179.605057
138.44692313045704,-524.1626598354774,-37.04062360103449,-179.488663,0.264109,179.605057
138.44681713912166,-524.2732320681134,-36.93301659794503,-179.488663,0.264109,179.605057
138.44638818776485,-524.3820080318942,-36.95519360309413,-179.488663,0.264109,179.605057
138.4454900783786,-524.4931443726413,-36.79959283046545,-179.488663,0.264109,179.605057
138.44451091049774,-524.6031721830466,-36.9102206070688,-179.488663,0.264109,179.605057
138.44394012352785,-524.7114134474132,-36.84307060589437,-179.488663,0.264109,179.605057
138.4426377972659,-524.8220246379235,-36.82087100785175,-179.488663,0.264109,179.605057
138.4407970184524,-524.9315366767307,-36.735054337922776,-179.488663,0.264109,179.605057
138.43887472909395,-525.0392713806455,-36.76280212113774,-179.488663,0.264109,179.605057
138.43696347685292,-525.1493850573482,-36.61539599355724,-179.488663,0.264109,179.605057
138.43549228095614,-525.2584084674288,-36.76510202841362,-179.488663,0.264109,179.605057
138.43495135333652,-525.3656632690194,-36.73703028549221,-179.488663,0.264109,179.605057
138.43378283923184,-525.4753056139559,-36.71608532369455,-179.488663,0.264109,179.605057
138.43250542669736,-525.5838661097672,-36.691271637801755,-179.488663,0.264109,179.605057
138.43122440212187,-525.6906662642572,-36.68702564762308,-179.488663,0.264109,179.605057
138.42996087415438,-525.7998620816193,-36.657919542365306,-179.488663,0.264109,179.605057
138.42830814901734,-525.9079840243753,-36.68013638446159,-179.488663,0.264109,179.605057
138.42742242320392,-526.01862012458,-36.637041469856676,-179.488663,0.264109,179.605057
138.42670269424454,-526.1281855650715,-36.71362863864264,-179.488663,0.264109,179.605057
138.4260264008012,-526.2359786095777,-36.61243802965082,-179.488663,0.264109,179.605057
138.42577907952332,-526.341884118254,-36.8037528668594,-179.488663,0.264109,179.605057
138.4252104034701,-526.4501725747521,-36.8172899262902,-179.488663,0.264109,179.605057
138.424585544299,-526.5573975183219,-36.839051005016636,-179.488663,0.264109,179.605057
138.4239583353903,-526.6628847823309,-36.863101473805905,-179.488663,0.264109,179.605057
138.42333957683854,-526.7707909137841,-36.89463549249046,-179.488663,0.264109,179.605057
138.42273130847985,-526.8776461537454,-36.93063630579398,-179.488663,0.264109,179.605057
138.42172312242081,-526.9870381631067,-36.971431394732555,-179.488663,0.264109,179.605057
138.4198279581346,-527.0953817288816,-37.016945002057156,-179.488663,0.264109,179.605057
138.4173716849839,-527.2019747196704,-37.062132900960606,-179.488663,0.264109,179.605057
138.41483812372286,-527.3109682729262,-37.12010258056596,-179.488663,0.264109,179.605057
138.414789137711,-527.4188918081404,-37.168538181223695,-179.488663,0.264109,179.605057
138.41523776343897,-527.5250664272453,-37.244632802349706,-179.488663,0.264109,179.605057
138.41660086439344,-527.6336478907677,-37.27089038936192,-179.488663,0.264109,179.605057
138.41689547406853,-527.7411664534702,-37.38539832211934,-179.488663,0.264109,179.605057
138.41697219548342,-527.8469432831171,-37.3613016341903,-179.488663,0.264109,179.605057
138.414950914764,-527.9551340512422,-37.576221891849826,-179.488663,0.264109,179.605057
138.41294944738792,-528.0622688939164,-37.61336437173157,-179.488663,0.264109,179.605057
138.4109804079943,-528.1676688559601,-37.72432779415088,-179.488663,0.264109,179.605057
138.4123311916463,-528.2754894868619,-37.70191533456315,-179.488663,0.264109,179.605057
138.41391606209552,-528.3822608025627,-37.89239903387603,-179.488663,0.264109,179.605057
138.4159358761911,-528.5001037298442,-37.90510495541114,-179.488663,0.264109,179.605057
138.41801395277108,-528.6184849911429,-37.916754019519296,-179.488663,0.264109,179.605057
138.4204865714254,-528.7352902746397,-37.89681589045015,-179.488663,0.264109,179.605057
138.42300293236266,-528.8543857985444,-37.88912023889872,-179.488663,0.264109,179.605057
138.42631358684542,-528.9722455675238,-37.82766863592888,-179.488663,0.264109,179.605057
138.42932534850686,-529.0924486243596,-37.824812596434164,-179.488663,0.264109,179.605057
138.43223449766037,-529.2114107841803,-37.691885906703135,-179.488663,0.264109,179.605057
138.4350817497466,-529.3326995249919,-37.75273350069929,-179.488663,0.264109,179.605057
138.43705301705631,-529.4527285865765,-37.63580331691767,-179.488663,0.264109,179.605057
138.43799971827568,-529.5707986323289,-37.63618668988705,-179.488663,0.264109,179.605057
138.43913870874852,-529.691064323153,-37.458792285078644,-179.488663,0.264109,179.605057
138.44112306920755,-529.8100586976109,-37.50640695975931,-179.488663,0.264109,179.605057
138.44201450387064,-529.9313731110254,-37.3762438566622,-179.488663,0.264109,179.605057
138.4430853418593,-530.051426171685,-37.33120547293516,-179.488663,0.264109,179.605057
138.44458749748395,-530.1737862071531,-37.15463353470245,-179.488663,0.264109,179.605057
138.445743885978,-530.2948674059672,-37.21185165397919,-179.488663,0.264109,179.605057
138.44640400796513,-530.4139707937342,-37.09129199547815,-179.488663,0.264109,179.605057
138.44695548824924,-530.5352513711101,-37.05844698186877,-179.488663,0.264109,179.605057
138.44747739691766,-530.6552425070852,-36.88458138232885,-179.488663,0.264109,179.605057
138.4483966352285,-530.7775358808462,-36.95562102600649,-179.488663,0.264109,179.605057
138.44938226585631,-530.8985504186264,-36.84888289190636,-179.488663,0.264109,179.605057
138.4503671570897,-531.0175880935622,-36.812273826517696,-179.488663,0.264109,179.605057
138.45133789310222,-531.1345374156632,-36.65831293549879,-179.488663,0.264109,179.605057
138.45188132538058,-531.2536724546163,-36.710279398308074,-179.488663,0.264109,179.605057
138.45233156809752,-531.3715502719414,-36.58446808333957,-179.488663,0.264109,179.605057
138.45234610278354,-531.4917668270945,-36.603616363842626,-179.488663,0.264109,179.605057
138.45186262248117,-531.6107413832509,-36.44498686656791,-179.488663,0.264109,179.605057
138.4512864153454,-531.7277754570316,-36.53763389535911,-179.488663,0.264109,179.605057
138.45069985778892,-531.847023616399,-36.45250314637253,-179.488663,0.264109,179.605057
138.45053023896685,-531.9650186190615,-36.43157919468349,-179.488663,0.264109,179.605057
138.45003575358155,-532.0810848392341,-36.30834471416522,-179.488663,0.264109,179.605057
138.44948332756468,-532.1993812499996,-36.365498715029005,-179.488663,0.264109,179.605057
138.44892717014707,-532.3164412610417,-36.244874938115004,-179.488663,0.264109,179.605057
138.44796750957698,-532.4315891386487,-36.32260932186056,-179.488663,0.264109,179.605057
138.44694079688233,-532.5489835975317,-36.22256592782834,-179.488663,0.264109,179.605057
138.4455046092322,-532.6651577625879,-36.27684518454871,-179.488663,0.264109,179.605057
138.4431856190375,-532.7794356140869,-36.153346663491305,-179.488663,0.264109,179.605057
138.4407230495278,-532.895975584542,-36.25474588747588,-179.488663,0.264109,179.605057
138.43908812069927,-533.0113105214308,-36.178367333682665,-179.488663,0.264109,179.605057
138.43764197232804,-533.1247641325039,-36.20973105667135,-179.488663,0.264109,179.605057
138.4366648141585,-533.2404945826117,-36.070943696134655,-179.488663,0.264109,179.605057
138.43579535138986,-533.3550344563474,-36.22563089702915,-179.488663,0.264109,179.605057
138.43537046006082,-533.4677072032711,-36.20254032014586,-179.488663,0.264109,179.605057
138.4350405259186,-533.5826707346538,-36.181358126062456,-179.488663,0.264109,179.605057
138.4339129422771,-533.6964573860377,-36.16359440509035,-179.488663,0.264109,179.605057
138.43223119881418,-533.8083903623797,-36.15237287337718,-179.488663,0.264109,179.605057
138.42964120818291,-533.9226273347166,-36.14295738178801,-179.488663,0.264109,179.605057
138.42813840354026,-534.035700402646,-36.13901111221441,-179.488663,0.264109,179.605057
138.42769574265026,-534.1469325393942,-36.129728317059296,-179.488663,0.264109,179.605057
138.42747140613236,-534.260481188406,-36.13781902009559,-179.488663,0.264109,179.605057
138.42565125838598,-534.372878225751,-36.12496313725731,-179.488663,0.264109,179.605057
138.42271650160635,-534.4834464051206,-36.15502747532111,-179.488663,0.264109,179.605057
138.4196005617831,-534.596342954344,-36.12673784521478,-179.488663,0.264109,179.605057
138.4177247009398,-534.708099537727,-36.204184117614226,-179.488663,0.264109,179.605057
138.41817686813553,-534.8180387009783,-36.11952370805959,-179.488663,0.264109,179.605057
138.41949887678342,-534.930317467659,-36.30928999065065,-179.488663,0.264109,179.605057
138.4193333851543,-535.0414673014553,-36.32127849546392,-179.488663,0.264109,179.605057
138.4176407471285,-535.1508105510384,-36.37350245410847,-179.488663,0.264109,179.605057
138.41607741956417,-535.2625040464515,-36.36291621192312,-179.488663,0.264109,179.605057
138.41661552141753,-535.373079061318,-36.466433015565364,-179.488663,0.264109,179.605057
138.41756625615022,-535.4818577576416,-36.39217204142982,-179.488663,0.264109,179.605057
138.41817532923153,-535.592996782131,-36.619712064989045,-179.488663,0.264109,179.605057
138.41870740760984,-535.7030272283498,-36.6694743107705,-179.488663,0.264109,179.605057
138.41593118637726,-535.8112710814572,-36.70303714557919,-179.488663,0.264109,179.605057
138.4129434559245,-535.9218848144758,-36.761737309786916,-179.488663,0.264109,179.605057
138.4115985824608,-536.0313993503848,-36.780440591662924,-179.488663,0.264109,179.605057
138.4106014074842,-536.1434031734723,-36.85595681075846,-179.488663,0.264109,179.605057
138.40968795424908,-536.2543119107339,-36.84056400115479,-179.488663,0.264109,179.605057
138.41003623669718,-536.3634242621226,-36.963544194938684,-179.488663,0.264109,179.605057
138.41063191293154,-536.4748921828947,-36.9087466109448,-179.488663,0.264109,179.605057
138.41167926275006,-536.5852458960036,-37.082398406490164,-179.488663,0.264109,179.605057
138.41280205164352,-536.6938072925489,-37.07827242425775,-179.488663,0.264109,179.605057
138.41351329313218,-536.8047329081418,-37.14683190575621,-179.488663,0.264109,179.605057
138.41454277637203,-536.9145537587891,-37.07922708103655,-179.488663,0.264109,179.605057
138.4156212664227,-537.0225917599048,-37.22636152223599,-179.488663,0.264109,179.605057
138.41710488597707,-537.1330033173205,-37.195718185657654,-179.488663,0.264109,179.605057
138.41864843106512,-537.2423192882907,-37.24791681328822,-179.488663,0.264109,179.605057
138.42018200861872,-537.3498614259402,-37.14091732279283,-179.488663,0.264109,179.605057
138.42210244845128,-537.4597859754124,-37.27623611806292,-179.488663,0.264109,179.605057
138.42407294781762,-537.5686236358789,-37.23377713555523,-179.488663,0.264109,179.605057
138.42561476754415,-537.6756960051508,-37.22114583973471,-179.488663,0.264109,179.605057
138.42704892323994,-537.785159175821,-37.137200310546696,-179.488663,0.264109,179.605057
138.42844114924858,-537.8935436972324,-37.14910028141561,-179.488663,0.264109,179.605057
138.43021585543877,-538.000171020043,-36.983222474506746,-179.488663,0.264109,179.605057
138.4312204840661,-538.1091970923202,-37.06685561935485,-179.488663,0.264109,179.605057
138.4320568091293,-538.2171523214628,-36.97271098642517,-179.488663,0.264109,179.605057
138.43325824574546,-538.3276246853861,-36.884656574641305,-179.488663,0.264109,179.605057
138.43451561757365,-538.4370293137565,-36.76473659428108,-179.488663,0.264109,179.605057
138.43617696048935,-538.5489310847461,-36.69792589488144,-179.488663,0.264109,179.605057
138.43748480296776,-538.6597407924055,-36.542599727214174,-179.488663,0.264109,179.605057
138.43870334493232,-538.7687561271122,-36.53479933999296,-179.488663,0.264109,179.605057
138.43988669641953,-538.8758621469124,-36.349221174993964,-179.488663,0.264109,179.605057
138.4414568465901,-538.9853296847831,-36.39231082777007,-179.488663,0.264109,179.605057
138.44308202547273,-539.0937126546181,-36.25762270276839,-179.488663,0.264109,179.605057
138.44387376310922,-539.2046039308307,-36.24550451110452,-179.488663,0.264109,179.605057
138.44407688556117,-539.3229530812793,-36.10477669721097,-179.488663,0.264109,179.605057
138.44374872945693,-539.4453772853242,-36.17651452036688,-179.488663,0.264109,179.605057
138.4429083180838,-539.566875355853,-36.07047456574501,-179.488663,0.264109,179.605057
138.44238807484086,-539.68646022712,-36.083929601225904,-179.488663,0.264109,179.605057
138.44193926423898,-539.8082283625879,-35.919606858929015,-179.488663,0.264109,179.605057
138.44151112324943,-539.9287013374137,-36.02550298497938,-179.488663,0.264109,179.605057
138.440682538632,-540.0472018866911,-35.95362133325197,-179.488663,0.264109,179.605057
138.44019631627017,-540.1678892763805,-35.920016797242106,-179.488663,0.264109,179.605057
138.43937481485528,-540.2872975912766,-35.8273175128141,-179.488663,0.264109,179.605057
138.4384979412055,-540.4090185062911,-35.83780992019411,-179.488663,0.264109,179.605057
138.43803313086727,-540.5294707994268,-35.681016619005206,-179.488663,0.264109,179.605057
138.43724667716063,-540.6479562689066,-35.803052032097824,-179.488663,0.264109,179.605057
138.43558574656635,-540.7686299136449,-35.74730966741267,-179.488663,0.264109,179.605057
138.4341842093852,-540.888024946043,-35.696264808554595,-179.488663,0.264109,179.605057
138.43326515052658,-541.0054661932901,-35.63693992887361,-179.488663,0.264109,179.605057
138.43245565839183,-541.1208464079905,-35.59650877278637,-179.488663,0.264109,179.605057
138.4320902590455,-541.2384401197949,-35.5297777662651,-179.488663,0.264109,179.605057
138.4318188750476,-541.3548040871186,-35.50783913268943,-179.488663,0.264109,179.605057
138.43198082046956,-541.4692671513445,-35.412675877537765,-179.488663,0.264109,179.605057
138.43181646188503,-541.5859887824818,-35.45132396945721,-179.488663,0.264109,179.605057
138.43158918004355,-541.7015020860251,-35.31219428359889,-179.488663,0.264109,179.605057
138.43012054600354,-541.8193975348437,-35.44013576002943,-179.488663,0.264109,179.605057
138.42801386209683,-541.9360926774452,-35.39029945868218,-179.488663,0.264109,179.605057
138.4262201966101,-542.050888094553,-35.39013791648314,-179.488663,0.264109,179.605057
138.4249253113832,-542.1679375872966,-35.31942475348154,-179.488663,0.264109,179.605057
138.42333793168703,-542.2837731912705,-35.373836825150875,-179.488663,0.264109,179.605057
138.4217146291638,-542.3977185777895,-35.25047111904244,-179.488663,0.264109,179.605057
138.42092856237772,-542.5139320308759,-35.41946694033429,-179.488663,0.264109,179.605057
138.42073178902226,-542.6289462837208,-35.41068498384836,-179.488663,0.264109,179.605057
138.42106633957397,-542.7463516049214,-35.413657222436015,-179.488663,0.264109,179.605057
138.42109173018812,-542.862565375225,-35.40786864701215,-179.488663,0.264109,179.605057
138.4202335943705,-542.9768880172826,-35.432677517163036,-179.488663,0.264109,179.605057
138.41838962453147,-543.0892065116706,-35.41262326691157,-179.488663,0.264109,179.605057
138.41637471323702,-543.2037934246046,-35.478640083997355,-179.488663,0.264109,179.605057
138.4147649368343,-543.3172043407081,-35.41203463329882,-179.488663,0.264109,179.605057
138.41366974867432,-543.4287671021945,-35.58246238446305,-179.488663,0.264109,179.605057
138.41351438750561,-543.5426402290383,-35.57511235784949,-179.488663,0.264109,179.605057
138.41354920131624,-543.6553559000387,-35.66984915776097,-179.488663,0.264109,179.605057
138.41321088832632,-543.7662370125494,-35.60621013568629,-179.488663,0.264109,179.605057
138.4128027615388,-543.8794409042064,-35.818299705810766,-179.488663,0.264109,179.605057
138.41197580979497,-543.9957660074558,-35.85261149815747,-179.488663,0.264109,179.605057
138.41066618748468,-544.1110609515553,-35.91371068869074,-179.488663,0.264109,179.605057
138.4096893234673,-544.2245101135087,-35.93488314891307,-179.488663,0.264109,179.605057
138.40920357095226,-544.3402432865073,-36.02684904854252,-179.488663,0.264109,179.605057
138.40882294921795,-544.4547872788102,-35.99896419360454,-179.488663,0.264109,179.605057
138.4088794335933,-544.567464364861,-36.16755877405673,-179.488663,0.264109,179.605057
138.40861186919062,-544.6781655511044,-36.15837557673114,-179.488663,0.264109,179.605057
138.4082833003927,-544.7911638071819,-36.278920372273795,-179.488663,0.264109,179.605057
138.4079472036942,-544.9030143909175,-36.22168739003867,-179.488663,0.264109,179.605057
138.4076143814575,-545.0130446763271,-36.4176531159861,-179.488663,0.264109,179.605057
138.40769761425167,-545.125412693568,-36.435841064155746,-179.488663,0.264109,179.605057
138.4078628742967,-545.2366501342634,-36.48076550609522,-179.488663,0.264109,179.605057
138.40845285609348,-545.3460794160485,-36.455296591751654,-179.488663,0.264109,179.605057
138.40994072472174,-545.4578574051552,-36.52977820454648,-179.488663,0.264109,179.605057
138.41076567658467,-545.5685154043255,-36.42648203956354,-179.488663,0.264109,179.605057
138.41144631244583,-545.6773756028537,-36.59358631453511,-179.488663,0.264109,179.605057
138.41208840495216,-545.7885946739855,-36.58291281172891,-179.488663,0.264109,179.605057
138.41271365680524,-545.898703737293,-36.552913183072576,-179.488663,0.264109,179.605057
138.41332664805682,-546.0070248034687,-36.529291941944244,-179.488663,0.264109,179.605057
138.41351780242366,-546.1177143706101,-36.46216147715814,-179.488663,0.264109,179.605057
138.41444320410702,-546.2273033863231,-36.43231402957943,-179.488663,0.264109,179.605057
138.41591296065192,-546.3351136924158,-36.31778741998839,-179.488663,0.264109,179.605057
138.41747068496497,-546.4453016211202,-36.315271324862344,-179.488663,0.264109,179.605057
138.41861318186363,-546.5543979571385,-36.13497745195852,-179.488663,0.264109,179.605057
138.41965638443463,-546.6617243822851,-36.187120929020445,-179.488663,0.264109,179.605057
138.42025422481464,-546.7714370716553,-36.0614866283046,-179.488663,0.264109,179.605057
138.42034382347103,-546.8843333222882,-35.9994993517199,-179.488663,0.264109,179.605057
138.42033049949075,-546.996260649609,-35.8262632126944,-179.488663,0.264109,179.605057
138.42070744714636,-547.1064023369454,-35.83891188884802,-179.488663,0.264109,179.605057
138.42115708809584,-547.2188871033984,-35.67378278722386,-179.488663,0.264109,179.605057
138.42243620614394,-547.3302407023297,-35.692661601041905,-179.488663,0.264109,179.605057
138.4238630277106,-547.4397843721273,-35.53376263708218,-179.488663,0.264109,179.605057
138.42529909740765,-547.55167476835,-35.56058571034839,-179.488663,0.264109,179.605057
138.42671659262834,-547.662443179778,-35.40963100583683,-179.488663,0.264109,179.605057
138.42769954635511,-547.7756784879514,-35.43731533557832,-179.488663,0.264109,179.605057
138.42858161199675,-547.8877967177574,-35.28722188754203,-179.488663,0.264109,179.605057
138.4294309550878,-548.0023636281774,-35.336969100935846,-179.488663,0.264109,179.605057
138.42985100745588,-548.1157908786607,-35.208938536551884,-179.488663,0.264109,179.605057
138.42976856093458,-548.2273770095942,-35.24071641052516,-179.488663,0.264109,179.605057
138.4287654538748,-548.3370079138667,-35.09471650672066,-179.488663,0.264109,179.605057
138.42759248111886,-548.4489552443907,-35.170544613061494,-179.488663,0.264109,179.605057
138.42640221750284,-548.5597737203532,-35.06859494162455,-179.488663,0.264109,179.605057
138.4252254239085,-548.6730570070785,-35.08040332735278,-179.488663,0.264109,179.605057
138.42447872760516,-548.7852221158785,-34.914433935303244,-179.488663,0.264109,179.605057
138.4238286704408,-548.8955683519905,-35.04281278871915,-179.488663,0.264109,179.605057
138.42402851969496,-549.0082481115403,-34.993413864357265,-179.488663,0.264109,179.605057
138.4239848412657,-549.1197920191972,-34.93643944940484,-179.488663,0.264109,179.605057
138.4234824118374,-549.2295223542335,-34.892110052103334,-179.488663,0.264109,179.605057
138.42289537787227,-549.3415960322028,-34.832365358716956,-179.488663,0.264109,179.605057
138.4218891052606,-549.4525444420054,-34.80444260324981,-179.488663,0.264109,179.605057
138.421223963019,-549.5616898652353,-34.73055315125061,-179.488663,0.264109,179.605057
138.42063650665222,-549.6731890673535,-34.74128090458261,-179.488663,0.264109,179.605057
138.41966227572868,-549.7835732588193,-34.6199296712515,-179.488663,0.264109,179.605057
138.41903521228917,-549.8921645396539,-34.728599504581126,-179.488663,0.264109,179.605057
138.4180758339154,-550.0031194957013,-34.65949156013298,-179.488663,0.264109,179.605057
138.41706363704716,-550.1129691607497,-34.698047823102115,-179.488663,0.264109,179.605057
138.41605527216885,-550.2210354612511,-34.568933340375764,-179.488663,0.264109,179.605057
138.41547268154454,-550.331474812569,-34.731979789364125,-179.488663,0.264109,179.605057
138.4149835315044,-550.440818081054,-34.71724846057471,-179.488663,0.264109,179.605057
138.41452002638164,-550.5483870287094,-34.712725475223735,-179.488663,0.264109,179.605057
138.41365757564856,-550.6583379093878,-34.69590751747537,-179.488663,0.264109,179.605057
138.41313826842605,-550.7672014308123,-34.703830069278204,-179.488663,0.264109,179.605057
138.4122843089417,-550.8742991991923,-34.678997727384576,-179.488663,0.264109,179.605057
138.41096489753988,-550.9837873153688,-34.71676611942951,-179.488663,0.264109,179.605057
138.4099818273834,-551.0921963367855,-34.67888724379906,-179.488663,0.264109,179.605057
138.40825867358487,-551.1988477220568,-34.77697621429425,-179.488663,0.264109,179.605057
138.40641201013418,-551.3078974270642,-34.69728740701166,-179.488663,0.264109,179.605057
138.40415624174435,-551.4158758668808,-34.888597374704865,-179.488663,0.264109,179.605057
138.40185073440603,-551.522104360293,-34.90212956462029,-179.488663,0.264109,179.605057
138.40285340204903,-551.6307387258513,-34.96160898142791,-179.488663,0.264109,179.605057
138.40368211119292,-551.738309243751,-34.951111997859655,-179.488663,0.264109,179.605057
138.40241090921808,-551.8484037669754,-35.07370812602897,-179.488663,0.264109,179.605057
138.39909513766978,-551.95743730249,-35.018526476420504,-179.488663,0.264109,179.605057
138.39459449873547,-552.064707941291,-35.238195447990165,-179.488663,0.264109,179.605057
138.3940293398555,-552.1743670405527,-35.280086641782056,-179.488663,0.264109,179.605057
138.39425931480156,-552.2829442358285,-35.344118296573356,-179.488663,0.264109,179.605057
138.39875349020247,-552.3897608413074,-35.364687049698965,-179.488663,0.264109,179.605057
138.40403658853313,-552.4989728259936,-35.4652331722674,-179.488663,0.264109,179.605057
138.40570455627343,-552.6071106494056,-35.433442256875566,-179.488663,0.264109,179.605057
138.40621510902116,-552.7134956804076,-35.61753502697306,-179.488663,0.264109,179.605057
138.40730825090907,-552.8222837880423,-35.62385001929278,-179.488663,0.264109,179.605057
138.40891303038487,-552.9300053023616,-35.7360101876488,-179.488663,0.264109,179.605057
138.40977598051455,-553.0359814587031,-35.670392578227045,-179.488663,0.264109,179.605057
138.41006762503983,-553.1443679936698,-35.88743739392997,-179.488663,0.264109,179.605057
138.40900886061098,-553.2516951069755,-35.92670443185512,-179.488663,0.264109,179.605057
138.4076950723743,-553.357283905893,-35.9426613242021,-179.488663,0.264109,179.605057
138.40675963103098,-553.4652900012372,-35.97680605917936,-179.488663,0.264109,179.605057
138.40714516312096,-553.5722434691775,-35.96796643421725,-179.488663,0.264109,179.605057
138.40861074010792,-553.6774652956483,-36.00587887582078,-179.488663,0.264109,179.605057
138.4106821489793,-553.7851109722933,-35.928757962037125,-179.488663,0.264109,179.605057
138.4128452641903,-553.8917104582387,-36.01799752945432,-179.488663,0.264109,179.605057
138.41499595636404,-553.9965846244662,-35.92945931909374,-179.488663,0.264109,179.605057
138.4167029096416,-554.1038888497194,-35.98371811413915,-179.488663,0.264109,179.605057
138.41747550513776,-554.2101529822407,-35.86019913140679,-179.488663,0.264109,179.605057
138.41722890771945,-554.3189644507754,-35.91263619151628,-179.488663,0.264109,179.605057
138.41719264554825,-554.426737845627,-35.78729547384799,-179.488663,0.264109,179.605057
138.41843096615509,-554.5327708485706,-35.76619844773958,-179.488663,0.264109,179.605057
138.42031725831336,-554.636947748202,-35.56732364385339,-179.488663,0.264109,179.605057
138.4227187619601,-554.7435384668207,-35.599730983663704,-179.488663,0.264109,179.605057
138.4247767087416,-554.8490959923497,-35.45436054569623,-179.488663,0.264109,179.605057
138.42550467557356,-554.9572122833422,-35.39706772008646,-179.488663,0.264109,179.605057
138.4247242931096,-555.064302673511,-35.18780838499164,-179.488663,0.264109,179.605057
138.42365333955922,-555.1696648201881,-35.23229661014967,-179.488663,0.264109,179.605057
138.4208968364643,-555.27744950097,-35.09900705752992,-179.488663,0.264109,179.605057
138.41825309372672,-555.3841857508903,-35.03145035634061,-179.488663,0.264109,179.605057
138.41566950295731,-555.489194287973,-34.86420983610057,-179.488663,0.264109,179.605057
138.41313468698357,-555.596630494405,-34.8725059920562,-179.488663,0.264109,179.605057
138.41146701001838,-555.7030242531043,-34.703024370234054,-179.488663,0.264109,179.605057
138.40999647892733,-555.8076963665779,-34.732917739937626,-179.488663,0.264109,179.605057
138.40940762456435,-555.9148021476146,-34.58503333186343,-179.488663,0.264109,179.605057
138.40900348036465,-556.020871379945,-34.593029123098205,-179.488663,0.264109,179.605057
138.40741002602616,-556.1252247623407,-34.423247136555204,-179.488663,0.264109,179.605057
138.40724403878832,-556.2320175044222,-34.49829178079354,-179.488663,0.264109,179.605057
138.40736590567798,-556.3377792883311,-34.39555864725409,-179.488663,0.264109,179.605057
138.40754361017517,-556.4418307130123,-34.38752400315316,-179.488663,0.264109,179.605057
138.40608728817432,-556.5483268900302,-34.229179609988044,-179.488663,0.264109,179.605057
138.403092873009,-556.6537974052201,-34.330748443041024,-179.488663,0.264109,179.605057
138.3998334264487,-556.7575627629394,-34.25453949831621,-179.488663,0.264109,179.605057
138.39862066351606,-556.8680446485216,-34.247888983968664,-179.488663,0.264109,179.605057
138.39824515215952,-556.978298541748,-34.13049744121458,-179.488663,0.264109,179.605057
138.3988637650575,-557.0869387811329,-34.20474414580472,-179.488663,0.264109,179.605057
138.4004937380896,-557.1979778507894,-34.10121307261708,-179.488663,0.264109,179.605057
138.40230280130984,-557.3079174641762,-34.15850797237425,-179.488663,0.264109,179.605057
138.40288995366862,-557.4160736006964,-34.03802509435366,-179.488663,0.264109,179.605057
138.4024030399104,-557.5266014879018,-34.141468824388,-179.488663,0.264109,179.605057
138.40088690459115,-557.6402984397372,-34.06713477664455,-179.488663,0.264109,179.605057
138.40082915443978,-557.7530121811835,-34.11532281177251,-179.488663,0.264109,179.605057
138.40106390265746,-557.8681929073405,-33.98573306912268,-179.488663,0.264109,179.605057
138.40176447857434,-557.9822289045565,-34.15096326242794,-179.488663,0.264109,179.605057
138.4029589229513,-558.0944141106904,-34.13841567795542,-179.488663,0.264109,179.605057
138.4038244867003,-558.208900302343,-34.13681525207628,-179.488663,0.264109,179.605057
138.40379063075036,-558.3222184430402,-34.13249560631929,-179.488663,0.264109,179.605057
138.4035773723675,-558.4336913377675,-34.149177682580955,-179.488663,0.264109,179.605057
138.40333126650614,-558.5474764576871,-34.143095822144836,-179.488663,0.264109,179.605057
138.40308209132135,-558.6601057453839,-34.18249234509392,-179.488663,0.264109,179.605057
138.40406784609672,-558.7709020278779,-34.15316391795656,-179.488663,0.264109,179.605057
138.40487590057396,-558.8840226066469,-34.2496762742966,-179.488663,0.264109,179.605057
138.40563692266124,-558.9959992186618,-34.16841085285886,-179.488663,0.264109,179.605057
138.40678838151197,-559.1061544810661,-34.37878015525509,-179.488663,0.264109,179.605057
138.40841221807838,-559.2186454875941,-34.41137167987353,-179.488663,0.264109,179.605057
138.40969676895676,-559.3300037708541,-34.44471042773168,-179.488663,0.264109,179.605057
138.4096631935295,-559.4438184138761,-34.47682229241255,-179.488663,0.264109,179.605057
138.40977713702495,-559.5565056317055,-34.51475780683332,-179.488663,0.264109,179.605057
138.4103296304419,-559.6673647018426,-34.545355949465375,-179.488663,0.264109,179.605057
138.41055130949238,-559.7805481467773,-34.59995264507862,-179.488663,0.264109,179.605057
138.41070367290078,-559.8925867465656,-34.62115086350098,-179.488663,0.264109,179.605057
138.41084000623454,-560.002802939461,-34.6999118772415,-179.488663,0.264109,179.605057
138.41138186125707,-560.1153537984568,-34.684163521007314,-179.488663,0.264109,179.605057
138.41240778090148,-560.2267708673446,-34.826419314730956,-179.488663,0.264109,179.605057
138.41269458927974,-560.3363765798978,-34.79089733067682,-179.488663,0.264109,179.605057
138.41282949635232,-560.44832785105,-34.95909974854482,-179.488663,0.264109,179.605057
138.41375343781868,-560.5591560380655,-34.94952438863505,-179.488663,0.264109,179.605057
138.414822045663,-560.6681833851495,-35.067000121818005,-179.488663,0.264109,179.605057
138.415493722138,-560.7795666197553,-35.00669807722319,-179.488663,0.264109,179.605057
138.416076459607,-560.8898369147512,-35.187134640436774,-179.488663,0.264109,179.605057
138.41704378811974,-560.998316333185,-35.18979342587259,-179.488663,0.264109,179.605057
138.41848494394682,-561.1091614245777,-35.237135272368455,-179.488663,0.264109,179.605057
138.4200003687983,-561.21890318704,-35.192633617097556,-179.488663,0.264109,179.605057
138.42150909474572,-561.3268635119836,-35.29229353143794,-179.488663,0.264109,179.605057
138.42299502347657,-561.4371987803574,-35.21417566800056,-179.488663,0.264109,179.605057
138.42404459288886,-561.5464398247117,-35.3182014403962,-179.488663,0.264109,179.605057
138.42499196322802,-561.6539083738534,-35.24444943501406,-179.488663,0.264109,179.605057
138.4254947533744,-561.7637606490314,-35.280137799539844,-179.488663,0.264109,179.605057
138.42549081002235,-561.8725273259474,-35.138048386287856,-179.488663,0.264109,179.605057
138.42538557605383,-561.9795299793616,-35.21434780837451,-179.488663,0.264109,179.605057
138.4252615806229,-562.0889246792269,-35.1128694526834,-179.488663,0.264109,179.605057
138.4259569297234,-562.197241952651,-35.0580747121686,-179.488663,0.264109,179.605057
138.42762759165413,-562.3038032284537,-34.897293324137706,-179.488663,0.264109,179.605057
138.429058888959,-562.4127644332542,-34.87933519307807,-179.488663,0.264109,179.605057
138.43001129044364,-562.5206559533857,-34.683599284240664,-179.488663,0.264109,179.605057
138.43044370083206,-562.6267990794083,-34.71447931008079,-179.488663,0.264109,179.605057
138.43035529649788,-562.7353496021502,-34.56758155814314,-179.488663,0.264109,179.605057
138.43016398652532,-562.8428377745793,-34.512834255817,-179.488663,0.264109,179.605057
138.42995481627798,-562.9528514229377,-34.30967335969389,-179.488663,0.264109,179.605057
138.42974504884145,-563.0618055279277,-34.3740764532324,-179.488663,0.264109,179.605057
138.42953814532618,-563.1732648214175,-34.26070176899313,-179.488663,0.264109,179.605057
138.4285134238896,-563.2836399537664,-34.18815273161413,-179.488663,0.264109,179.605057
138.42733971268473,-563.3922284742271,-34.05743188280135,-179.488663,0.264109,179.605057
138.4261528963078,-563.503181968908,-34.03306494193376,-179.488663,0.264109,179.605057
138.42498033806268,-563.6130304531754,-33.830920223288395,-179.488663,0.264109,179.605057
138.42341664116123,-563.7210956458059,-33.94016053214178,-179.488663,0.264109,179.605057
138.42179695577332,-563.8315339195917,-33.871623063217385,-179.488663,0.264109,179.605057
138.42101044154694,-563.940876131937,-33.76664577809137,-179.488663,0.264109,179.605057
138.42081241419967,-564.0484440427518,-33.737442942190285,-179.488663,0.264109,179.605057
138.4203242339505,-564.1583939051957,-33.58570580202542,-179.488663,0.264109,179.605057
138.41937429946228,-564.2672564265885,-33.658404768966854,-179.488663,0.264109,179.605057
138.4183455243056,-564.3786198794667,-33.5533259581305,-179.488663,0.264109,179.605057
138.41690494581746,-564.4888996828678,-33.571289309524424,-179.488663,0.264109,179.605057
138.4158131615571,-564.5973943325027,-33.41147488314057,-179.488663,0.264109,179.605057
138.41398533040734,-564.7082555830343,-33.53852630489144,-179.488663,0.264109,179.605057
138.41244695236713,-564.8180134604041,-33.487799948864534,-179.488663,0.264109,179.605057
138.4109883441032,-564.9259896622191,-33.44952787557605,-179.488663,0.264109,179.605057
138.40997710111205,-565.0363405340528,-33.39286808661242,-179.488663,0.264109,179.605057
138.40948037996466,-565.1455969052687,-33.375330579329585,-179.488663,0.264109,179.605057
138.40868296099794,-565.2530805079703,-33.291201891467644,-179.488663,0.264109,179.605057
138.40824741020373,-565.3629475679529,-33.32183770457088,-179.488663,0.264109,179.605057
138.4078904275442,-565.4717287656497,-33.180016416065484,-179.488663,0.264109,179.605057
138.406732902265,-565.578745680522,-33.340683896907805,-179.488663,0.264109,179.605057
138.40502106437694,-565.6881543871514,-33.32357359997235,-179.488663,0.264109,179.605057
138.40240137677262,-565.7964854171933,-33.301808805975895,-179.488663,0.264109,179.605057
138.39840359922655,-565.903060203935,-33.301921329303326,-179.488663,0.264109,179.605057
138.39501017208391,-566.012034678383,-33.2759311237576,-179.488663,0.264109,179.605057
138.39301787709684,-566.1199392311801,-33.309441555222705,-179.488663,0.264109,179.605057
138.39297681006963,-566.230361823785,-33.24991688055865,-179.488663,0.264109,179.605057
138.39579235047654,-566.3397175697011,-33.35674991610985,-179.488663,0.264109,179.605057
138.39913916912892,-566.4473046645596,-33.28580517388326,-179.488663,0.264109,179.605057
138.39966819978733,-566.5572745683021,-33.43849725537201,-179.488663,0.264109,179.605057
138.40044748218872,-566.6704236840792,-33.41341155908298,-179.488663,0.264109,179.605057
138.40167639847786,-566.7825994103945,-33.518380519564694,-179.488663,0.264109,179.605057
138.40215643029066,-566.8929850707098,-33.44557170226864,-179.488663,0.264109,179.605057
138.40083719142243,-567.0014427884339,-33.655027108873185,-179.488663,0.264109,179.605057
138.398355527593,-567.1122390745433,-33.68670473769995,-179.488663,0.264109,179.605057
138.39526600687913,-567.2219273049271,-33.74696397854423,-179.488663,0.264109,179.605057
138.39374152130517,-567.334100580445,-33.761959110470436,-179.488663,0.264109,179.605057
138.39337305766517,-567.4451755117378,-33.85899317948232,-179.488663,0.264109,179.605057
138.39406237211705,-567.558717708496,-33.819314175573616,-179.488663,0.264109,179.605057
138.3945427719373,-567.6711385359936,-34.01126913764368,-179.488663,0.264109,179.605057
138.39497455647825,-567.7817362156479,-34.025446321935966,-179.488663,0.264109,179.605057
138.39539047702766,-567.894662987623,-34.13190834811549,-179.488663,0.264109,179.605057
138.39538664279758,-568.0064495084163,-34.080354304482945,-179.488663,0.264109,179.605057
138.3952989121429,-568.116418126233,-34.296409621648294,-179.488663,0.264109,179.605057
138.3956063165948,-568.2287258320011,-34.33468716103586,-179.488663,0.264109,179.605057
138.39763104276028,-568.3441707568775,-34.3747390842788,-179.488663,0.264109,179.605057
138.399970437163,-568.4586012421994,-34.41044276776279,-179.488663,0.264109,179.605057
138.4015181604928,-568.5712013838192,-34.435554939733926,-179.488663,0.264109,179.605057
138.40247487087618,-568.6818340324622,-34.464237853115364,-179.488663,0.264109,179.605057
138.40247843878927,-568.7947664070625,-34.47053788636852,-179.488663,0.264109,179.605057
138.40229132746467,-568.9065525775267,-34.50617187539105,-179.488663,0.264109,179.605057
138.40289007476468,-569.0165196594058,-34.458156471464605,-179.488663,0.264109,179.605057
138.40363747827251,-569.1288256139591,-34.53312543356422,-179.488663,0.264109,179.605057
138.40522531661642,-569.2400021028045,-34.430316617886064,-179.488663,0.264109,179.605057
138.40736932600444,-569.353638188445,-34.534607221794104,-179.488663,0.264109,179.605057
138.41000652146775,-569.4661500357819,-34.46112004792437,-179.488663,0.264109,179.605057
138.4118817362551,-569.5811035336292,-34.45923813770726,-179.488663,0.264109,179.605057
138.4127565518525,-569.6949104673872,-34.30419225473578,-179.488663,0.264109,179.605057
138.4134188457901,-569.8068695008249,-34.37012774857713,-179.488663,0.264109,179.605057
138.4144398827708,-569.9211333146118,-34.25828546464071,-179.488663,0.264109,179.605057
138.41592881361197,-570.034232999117,-34.17799487120141,-179.488663,0.264109,179.605057
138.41749014731997,-570.1497579955861,-34.001424615822465,-179.488663,0.264109,179.605057
138.41986686707747,-570.2641250322761,-33.98156010812072,-179.488663,0.264109,179.605057
138.4215497506972,-570.3766339235995,-33.783917822641186,-179.488663,0.264109,179.605057
138.42348059941122,-570.4914377260619,-33.809514342884846,-179.488663,0.264109,179.605057
138.42502291351798,-570.6050677455615,-33.65733308535072,-179.488663,0.264109,179.605057
138.42605491890262,-570.7168469370802,-33.616562114574265,-179.488663,0.264109,179.605057
138.42655951846626,-570.8309328811677,-33.39997826586836,-179.488663,0.264109,179.605057
138.42695146033859,-570.9438576201198,-33.49098334704486,-179.488663,0.264109,179.605057
138.4264939630549,-571.0592107439797,-33.40421065044358,-179.488663,0.264109,179.605057
138.42710508456804,-571.1734089670596,-33.296725855890166,-179.488663,0.264109,179.605057
138.4279212383346,-571.2857520574775,-33.22329118014585,-179.488663,0.264109,179.605057
138.4287667910316,-571.3961263529658,-33.093106306386375,-179.488663,0.264109,179.605057
138.4283741978763,-571.5088037883769,-33.08335362931884,-179.488663,0.264109,179.605057
138.4277395590977,-571.6203393282466,-32.895823174473534,-179.488663,0.264109,179.605057
138.42747620383477,-571.7300602057744,-33.00373891032683,-179.488663,0.264109,179.605057
138.4272908507721,-571.8421243427979,-32.93387686840234,-179.488663,0.264109,179.605057
138.42671306761525,-571.9530633306606,-32.88092800494315,-179.488663,0.264109,179.605057
138.42606501580002,-572.0664661564194,-32.79650055515292,-179.488663,0.264109,179.605057
138.42541212699004,-572.1787489095688,-32.78521546035887,-179.488663,0.264109,179.605057
138.42435688964417,-572.2892107379292,-32.655317107237835,-179.488663,0.264109,179.605057
138.42323619041116,-572.397737368662,-32.727807962439556,-179.488663,0.264109,179.605057
138.42170767096758,-572.5086001366765,-32.6225210398635,-179.488663,0.264109,179.605057
138.4213513264251,-572.6183534172244,-32.65352279971248,-179.488663,0.264109,179.605057
138.42082381820745,-572.7263238647336,-32.50674678178368,-179.488663,0.264109,179.605057
138.42026957959385,-572.8366688326037,-32.61725721166501,-179.488663,0.264109,179.605057
138.41930721073913,-572.9459193538918,-32.54998986376857,-179.488663,0.264109,179.605057
138.41909823619324,-573.053397200672,-32.54165553248487,-179.488663,0.264109,179.605057
138.41904291259155,-573.1632586053962,-32.45391657351326,-179.488663,0.264109,179.605057
138.41819777266988,-573.2720342483976,-32.51874941624371,-179.488663,0.264109,179.605057
138.41720668925203,-573.3833123743541,-32.40580448119637,-179.488663,0.264109,179.605057
138.41578984587687,-573.4935083746657,-32.5399468396086,-179.488663,0.264109,179.605057
138.41348666783827,-573.601920717844,-32.496311420243046,-179.488663,0.264109,179.605057
138.4114496458435,-573.7084344651591,-32.53612689696341,-179.488663,0.264109,179.605057
138.41031615937032,-573.8173202977845,-32.44251656909614,-179.488663,0.264109,179.605057
138.40937950069798,-573.9251319489632,-32.58681253776381,-179.488663,0.264109,179.605057
138.4084955289536,-574.0354621092581,-32.5533307286537,-179.488663,0.264109,179.605057
138.4076346666374,-574.1447268313188,-32.63457872161499,-179.488663,0.264109,179.605057
138.40679066958197,-574.2522244785745,-32.53804893679851,-179.488663,0.264109,179.605057
138.40555138242573,-574.3621065221082,-32.750734933714874,-179.488663,0.264109,179.605057
138.40260799599997,-574.4709026780561,-32.785643152853446,-179.488663,0.264109,179.605057
138.3997763178828,-574.57793433338,-32.801393454289155,-179.488663,0.264109,179.605057
138.3986499208495,-574.687357527259,-32.857082151896314,-179.488663,0.264109,179.605057
138.39829126656852,-574.7957027878693,-32.8636162781066,-179.488663,0.264109,179.605057
138.39973392836558,-574.9022915514528,-32.959143134422796,-179.488663,0.264109,179.605057
138.3998736688549,-575.0112797532155,-32.92375819611803,-179.488663,0.264109,179.605057
138.3960530598846,-575.1191977881891,-33.10329095995932,-179.488663,0.264109,179.605057
138.3923178296833,-575.2253669555296,-33.10504594602282,-179.488663,0.264109,179.605057
138.3915274651764,-575.3339430545192,-33.23305643591698,-179.488663,0.264109,179.605057
138.39256931454807,-575.4414563464305,-33.18328914803336,-179.488663,0.264109,179.605057
138.39396278928217,-575.5514946656635,-33.413658627839396,-179.488663,0.264109,179.605057
138.3933534374481,-575.6604730009319,-33.46625032986765,-179.488663,0.264109,179.605057
138.39112018663758,-575.7676894253057,-33.53686949315389,-179.488663,0.264109,179.605057
138.38900458448774,-575.8772952783538,-33.569470621010154,-179.488663,0.264109,179.605057
138.38817460063396,-575.9858201783381,-33.665927585694156,-179.488663,0.264109,179.605057
138.3876135446542,-576.0925854224653,-33.63388491122082,-179.488663,0.264109,179.605057
138.38629292037868,-576.2017469630601,-33.80662661312083,-179.488663,0.264109,179.605057
138.384839164656,-576.3098352432601,-33.80159053724306,-179.488663,0.264109,179.605057
138.3854327916141,-576.4204382825071,-33.882359108150446,-179.488663,0.264109,179.605057
138.38601678574722,-576.5342379192275,-33.78724028997145,-179.488663,0.264109,179.605057
138.38700121428766,-576.6470583917204,-33.9669556536031,-179.488663,0.264109,179.605057
138.38887306228142,-576.7580784735368,-33.968893239456975,-179.488663,0.264109,179.605057
138.39048510566107,-576.8671595249432,-33.93236792970052,-179.488663,0.264109,179.605057
138.3920222612787,-576.9785680619808,-33.92988557929461,-179.488663,0.264109,179.605057
138.39270124424183,-577.0888576191735,-33.8443638077489,-179.488663,0.264109,179.605057
138.39319893602743,-577.2016214844728,-33.854018315880644,-179.488663,0.264109,179.605057
138.3936532912944,-577.3132764586422,-33.68589504623462,-179.488663,0.264109,179.605057
138.39450318398272,-577.4231216727311,-33.766048940089114,-179.488663,0.264109,179.605057
138.39665209679265,-577.5353093584257,-33.66842505616582,-179.488663,0.264109,179.605057
138.3994426957558,-577.6463699802448,-33.56249721826019,-179.488663,0.264109,179.605057
138.40190949898656,-577.7556256604452,-33.439466725880685,-179.488663,0.264109,179.605057
138.40345512631382,-577.8672331604255,-33.33977016873541,-179.488663,0.264109,179.605057
138.40397320287167,-577.9777237176957,-33.201653763977525,-179.488663,0.264109,179.605057
138.40427840107574,-578.0864194651647,-33.127570438574004,-179.488663,0.264109,179.605057
138.40453668301237,-578.197477022265,-32.94676531424654,-179.488663,0.264109,179.605057
138.4047819083524,-578.3074274560353,-32.95417083257009,-179.488663,0.264109,179.605057
138.40502103472383,-578.4155927256368,-32.78379857311587,-179.488663,0.264109,179.605057
138.40566620705982,-578.5261292785702,-32.797784338872916,-179.488663,0.264109,179.605057
138.4063834128044,-578.6355680127506,-32.63399232685218,-179.488663,0.264109,179.605057
138.40792615830452,-578.7432307211832,-32.66474399133118,-179.488663,0.264109,179.605057
138.40961207048645,-578.8532736881684,-32.51771787803241,-179.488663,0.264109,179.605057
138.41089197192036,-578.9622276513337,-32.52522291130815,-179.488663,0.264109,179.605057
138.41001913482873,-579.069414246259,-32.35495016680611,-179.488663,0.264109,179.605057
138.4107814970484,-579.1789896026306,-32.44632029653173,-179.488663,0.264109,179.605057
138.4118600566454,-579.2917509728898,-32.359912648479565,-179.488663,0.264109,179.605057
138.41257584953698,-579.4035458286605,-32.33736041745539,-179.488663,0.264109,179.605057
138.4127982422552,-579.5135574102515,-32.20697235805124,-179.488663,0.264109,179.605057
138.41250812535347,-579.6259143945127,-32.26664774594705,-179.488663,0.264109,179.605057
138.4129409659681,-579.7371424933098,-32.14854535606508,-179.488663,0.264109,179.605057
138.4131015754639,-579.8465629042755,-32.1915053392017,-179.488663,0.264109,179.605057
138.41320545451202,-579.9540655762745,-32.05668754456054,-179.488663,0.264109,179.605057
138.41370717674636,-580.0639224402562,-32.13784751340692,-179.488663,0.264109,179.605057
138.41387066534617,-580.1726877339022,-32.04122970447552,-179.488663,0.264109,179.605057
138.4139641820479,-580.2839544959714,-32.06814311936118,-179.488663,0.264109,179.605057
138.41404237435464,-580.3941390911094,-31.917278756469067,-179.488663,0.264109,179.605057
138.41411638971408,-580.5025401830635,-32.04780273906704,-179.488663,0.264109,179.605057
138.41377785035448,-580.6133095366284,-32.00054894388723,-179.488663,0.264109,179.605057
138.41295094816638,-580.722977156154,-31.980514869186912,-179.488663,0.264109,179.605057
138.41203813379929,-580.830864711616,-31.925474060354105,-179.488663,0.264109,179.605057
138.41112111924517,-580.9411285201431,-31.940547408408786,-179.488663,0.264109,179.605057
138.4102163066384,-581.0502993828954,-31.846303028317653,-179.488663,0.264109,179.605057
138.40973746953375,-581.1576990042225,-31.942264106247322,-179.488663,0.264109,179.605057
138.4093506376572,-581.2674835826501,-31.860447406399214,-179.488663,0.264109,179.605057
138.4081663751019,-581.3761837718268,-31.962525195034953,-179.488663,0.264109,179.605057
138.40725013592274,-581.4873877915741,-31.886825205892915,-179.488663,0.264109,179.605057
138.40681119904266,-581.5975110091545,-31.992846787796314,-179.488663,0.264109,179.605057
138.4060632986136,-581.7058518694292,-31.921090591921935,-179.488663,0.264109,179.605057
138.4056749089475,-581.816562077119,-32.049718918379234,-179.488663,0.264109,179.605057
138.4045426118648,-581.9261716091156,-32.00056946705875,-179.488663,0.264109,179.605057
138.40368830374618,-582.034002114852,-32.11223881925955,-179.488663,0.264109,179.605057
138.40331241024697,-582.144209892588,-32.046130393682574,-179.488663,0.264109,179.605057
138.40303754571252,-582.2533257252185,-32.20208319186642,-179.488663,0.264109,179.605057
138.40278679615548,-582.3606712992081,-32.1802582122725,-179.488663,0.264109,179.605057
138.4021337691432,-582.4704027955285,-32.293461267151265,-179.488663,0.264109,179.605057
138.40099890746848,-582.5790508505895,-32.22888654425225,-179.488663,0.264109,179.605057
138.40060515244954,-582.6859370006156,-32.42607019352838,-179.488663,0.264109,179.605057
138.40036521883314,-582.795217277723,-32.44547606502674,-179.488663,0.264109,179.605057
138.3997487952198,-582.9034221718614,-32.50789916808503,-179.488663,0.264109,179.605057
138.39947650718733,-583.009873075356,-32.50710617409899,-179.488663,0.264109,179.605057
138.4000982521453,-583.1187258789831,-32.60840151963128,-179.488663,0.264109,179.605057
138.40047929443972,-583.2265109338742,-32.540508210410806,-179.488663,0.264109,179.605057
138.40080677693322,-583.3368161626819,-32.74897785911159,-179.488663,0.264109,179.605057
138.40152955660443,-583.4460566407964,-32.779669730034605,-179.488663,0.264109,179.605057
138.40232111617806,-583.5577971930835,-32.81305776738514,-179.488663,0.264109,179.605057
138.40311517399604,-583.6684485612393,-32.84197139402314,-179.488663,0.264109,179.605057
138.4038984381961,-583.7773083842218,-32.872721038515365,-179.488663,0.264109,179.605057
138.40466840391514,-583.8885283362428,-32.889148786583874,-179.488663,0.264109,179.605057
138.40542475931437,-583.998638519198,-32.91677827313636,-179.488663,0.264109,179.605057
138.40616763559507,-584.1069607368495,-32.91635686221555,-179.488663,0.264109,179.605057
138.40648658403387,-584.2176514454558,-32.94155485819468,-179.488663,0.264109,179.605057
138.4067162107487,-584.3272415843971,-32.90104157600724,-179.488663,0.264109,179.605057
138.4069247073166,-584.439319660763,-32.959726024097414,-179.488663,0.264109,179.605057
138.40712601257056,-584.5503013253053,-32.840632694409805,-179.488663,0.264109,179.605057
138.40732301655368,-584.6594853015872,-32.979563177222474,-179.488663,0.264109,179.605057
138.40792702511487,-584.7667569014432,-32.940715882257365,-179.488663,0.264109,179.605057
138.40942517758103,-584.8763870521495,-32.89236306275477,-179.488663,0.264109,179.605057
138.4106701851042,-584.9849297286602,-32.83543145081465,-179.488663,0.264109,179.605057
138.4114361901985,-585.0917111922658,-32.777307692937065,-179.488663,0.264109,179.605057
138.41250616717895,-585.2008884102526,-32.70051022273305,-179.488663,0.264109,179.605057
138.4132110544196,-585.3132587031264,-32.629474539739746,-179.488663,0.264109,179.605057
138.41383289864933,-585.4246694557011,-32.5281752558397,-179.488663,0.264109,179.605057
138.41442929027005,-585.5385704584016,-32.45618464011755,-179.488663,0.264109,179.605057
138.4150121093548,-585.6513495857556,-32.3282934440989,-179.488663,0.264109,179.605057
138.4155839249498,-585.7623003682289,-32.288399393018864,-179.488663,0.264109,179.605057
138.41614540735839,-585.8755741817089,-32.10231347815225,-179.488663,0.264109,179.605057
138.41710750426878,-585.9877015960427,-32.1650511584855,-179.488663,0.264109,179.605057
138.41813604092349,-586.106538362877,-32.05001106104097,-179.488663,0.264109,179.605057
138.41834190411683,-586.2250268773051,-32.041336023448515,-179.488663,0.264109,179.605057
138.41714830478585,-586.3417605712691,-31.860086686102594,-179.488663,0.264109,179.605057
138.41528112191824,-586.4564830886038,-31.97633211501246,-179.488663,0.264109,179.605057
138.41412711116635,-586.5734384281441,-31.91479976614455,-179.488663,0.264109,179.605057
138.41436414743492,-586.6891769672962,-31.8559552809244,-179.488663,0.264109,179.605057
138.41487602192515,-586.8072927538141,-31.790751200735766,-179.488663,0.264109,179.605057
138.4146142507336,-586.9242041208411,-31.74648742327238,-179.488663,0.264109,179.605057
138.41379080670708,-587.0392118645279,-31.67155354126691,-179.488663,0.264109,179.605057
138.41286673931748,-587.1564698845253,-31.642095966831583,-179.488663,0.264109,179.605057
138.41275702288038,-587.2725102901671,-31.537314590890464,-179.488663,0.264109,179.605057
138.41240107037868,-587.386656820502,-31.552902395236774,-179.488663,0.264109,179.605057
138.4120009330996,-587.503067825122,-31.3907124218053,-179.488663,0.264109,179.605057
138.41159764970638,-587.618276101422,-31.511852155302194,-179.488663,0.264109,179.605057
138.411610139343,-587.7316053143508,-31.455214111021313,-179.488663,0.264109,179.605057
138.4121162726219,-587.8472135880213,-31.41643467371167,-179.488663,0.264109,179.605057
138.4123032696226,-587.9616334672813,-31.36013124700552,-179.488663,0.264109,179.605057
138.41160244652144,-588.0784550293765,-31.340570469293546,-179.488663,0.264109,179.605057
138.41073402666183,-588.1940954658221,-31.27906260992461,-179.488663,0.264109,179.605057
138.41025510497738,-588.307855013153,-31.298296064428396,-179.488663,0.264109,179.605057
138.41027156092525,-588.4196204690988,-31.19567035136653,-179.488663,0.264109,179.605057
138.40956552502612,-588.533664220283,-31.309793028691864,-179.488663,0.264109,179.605057
138.40831436549036,-588.6465416749425,-31.246137928239417,-179.488663,0.264109,179.605057
138.40779330882958,-588.7618471687196,-31.30944789566016,-179.488663,0.264109,179.605057
138.4074256833274,-588.8759983699643,-31.194980085303126,-179.488663,0.264109,179.605057
138.40791530584187,-588.9882952289516,-31.372157635898187,-179.488663,0.264109,179.605057
138.40774808110612,-589.1028907752707,-31.371557408715464,-179.488663,0.264109,179.605057
138.40704119856102,-589.2163162557307,-31.390481698464445,-179.488663,0.264109,179.605057
138.40623643789468,-589.32789456063,-31.388634371105034,-179.488663,0.264109,179.605057
138.40501288042248,-589.4417832056365,-31.434115383370717,-179.488663,0.264109,179.605057
138.40331229862872,-589.5545141690466,-31.41342480737236,-179.488663,0.264109,179.605057
138.40195116468945,-589.6654103113243,-31.51572918959184,-179.488663,0.264109,179.605057
138.39985594533712,-589.7786289664633,-31.440255794033547,-179.488663,0.264109,179.605057
138.3992863742441,-589.8907019033014,-31.648475719964036,-179.488663,0.264109,179.605057
138.39903003336957,-590.0052184369332,-31.678917868116745,-179.488663,0.264109,179.605057
138.39883998427564,-590.1185950103343,-31.72710006564001,-179.488663,0.264109,179.605057
138.3990765631249,-590.2301311248675,-31.760775425323462,-179.488663,0.264109,179.605057
138.39939510288588,-590.3397128562206,-31.823817825851044,-179.488663,0.264109,179.605057
138.39931483781925,-590.4516118818693,-31.84310413608285,-179.488663,0.264109,179.605057
138.3991559533347,-590.5623829135681,-31.939566152363174,-179.488663,0.264109,179.605057
138.39898360465705,-590.6756196029149,-31.91588128078486,-179.488663,0.264109,179.605057
138.39881101432195,-590.7877389464318,-32.095279977859825,-179.488663,0.264109,179.605057
138.39946216360678,-590.8980402345637,-32.09690089715701,-179.488663,0.264109,179.605057
138.39985813335915,-591.0106758488541,-32.23228007610614,-179.488663,0.264109,179.605057
138.40019743563516,-591.1221763996396,-32.189881477277495,-179.488663,0.264109,179.605057
138.40052057878358,-591.231864152113,-32.39161709754746,-179.488663,0.264109,179.605057
138.40124656095946,-591.3438960079998,-32.41557494003965,-179.488663,0.264109,179.605057
138.40245345252762,-591.4548033426189,-32.49970422477489,-179.488663,0.264109,179.605057
138.4041500279609,-591.5639084242255,-32.48356697243837,-179.488663,0.264109,179.605057
138.40550974442763,-591.6753680051801,-32.613407815221464,-179.488663,0.264109,179.605057
138.40678275091136,-591.7857132830751,-32.56547088022677,-179.488663,0.264109,179.605057
138.4076096437507,-591.8942663452948,-32.72109092744014,-179.488663,0.264109,179.605057
138.40833555360746,-592.0051837652722,-32.69893319687573,-179.488663,0.264109,179.605057
138.40862027614972,-592.1149965646061,-32.78201457003863,-179.488663,0.264109,179.605057
138.4092233785085,-592.2230266577762,-32.68731816542376,-179.488663,0.264109,179.605057
138.41070291270813,-592.3334304483886,-32.85467795089299,-179.488663,0.264109,179.605057
138.41233669101177,-592.4427387912451,-32.84425995858445,-179.488663,0.264109,179.605057
138.41397808217812,-592.5502734370076,-32.82325243465424,-179.488663,0.264109,179.605057
138.41559765168708,-592.6601906283894,-32.7935922634268,-179.488663,0.264109,179.605057
138.4171898229871,-592.7690210621731,-32.7548754821392,-179.488663,0.264109,179.605057
138.4187538704313,-592.8760863338234,-32.7063616731741,-179.488663,0.264109,179.605057
138.420290048874,-592.9855425336281,-32.643174643671486,-179.488663,0.264109,179.605057
138.4217988056452,-593.0939202086663,-32.577201737286956,-179.488663,0.264109,179.605057
138.42204862020805,-593.2005408073728,-32.471713025705625,-179.488663,0.264109,179.605057
138.422043093411,-593.3095602756315,-32.40108274500785,-179.488663,0.264109,179.605057
138.4219865769453,-593.4175090186965,-32.24417445728193,-179.488663,0.264109,179.605057
138.42150999966893,-593.5237083457102,-32.20987173682512,-179.488663,0.264109,179.605057
138.42136685488504,-593.6323140657518,-31.99779123859054,-179.488663,0.264109,179.605057
138.42129243243656,-593.7398564497138,-32.04698140231484,-179.488663,0.264109,179.605057
138.4220541462411,-593.8456566747769,-31.918393788261362,-179.488663,0.264109,179.605057
138.42297225403325,-593.953870420415,-31.828429145017157,-179.488663,0.264109,179.605057
138.42390858308985,-594.06102783023,-31.679263372646385,-179.488663,0.264109,179.605057
138.42401390638614,-594.1664499563853,-31.638637082153227,-179.488663,0.264109,179.605057
138.42436219726568,-594.2742923555701,-31.431679121864043,-179.488663,0.264109,179.605057
138.4235221281916,-594.3810850507945,-31.516042300123797,-179.488663,0.264109,179.605057
138.42286700144248,-594.4861489757835,-31.42262770060577,-179.488663,0.264109,179.605057
138.42266884718327,-594.5936395709036,-31.34078021091359,-179.488663,0.264109,179.605057
138.42338623894926,-594.7000867449193,-31.24388496040055,-179.488663,0.264109,179.605057
138.42345520368184,-594.8048113193502,-31.18194024458895,-179.488663,0.264109,179.605057
138.4225721688427,-594.9119686243612,-31.060804548719396,-179.488663,0.264109,179.605057
138.42110062614017,-595.0180884604836,-31.048661464057545,-179.488663,0.264109,179.605057
138.41953231047236,-595.1224915429367,-30.86943149404952,-179.488663,0.264109,179.605057
138.4191989451454,-595.2293330974834,-31.013800377396226,-179.488663,0.264109,179.605057
138.41747464441573,-595.3394094887841,-30.980391482965153,-179.488663,0.264109,179.605057
138.4159073466603,-595.448567316537,-30.90195670701694,-179.488663,0.264109,179.605057
138.4148044066234,-595.5559889646969,-30.909865333597295,-179.488663,0.264109,179.605057
138.41422069105516,-595.6615356023865,-30.781404289296702,-179.488663,0.264109,179.605057
138.41292778877983,-595.7694727969126,-30.889175718686577,-179.488663,0.264109,179.605057
138.41151143710655,-595.8806196627062,-30.819169370298674,-179.488663,0.264109,179.605057
138.41009053922195,-595.9908277073287,-30.85023523983407,-179.488663,0.264109,179.605057
138.40868894042055,-596.1035472510823,-30.729787501719525,-179.488663,0.264109,179.605057
138.40772180195208,-596.2151659722621,-30.875042176354878,-179.488663,0.264109,179.605057
138.40767664374172,-596.3249770626703,-30.84251907321245,-179.488663,0.264109,179.605057
138.4069951904998,-596.4371315358607,-30.850200511783157,-179.488663,0.264109,179.605057
138.40537483669763,-596.5481595997664,-30.8049942030542,-179.488663,0.264109,179.605057
138.4035897478153,-596.6616499826844,-30.856413428713573,-179.488663,0.264109,179.605057
138.40179709984764,-596.7740187439587,-30.755739430392396,-179.488663,0.264109,179.605057
138.40208176883405,-596.8845650474105,-30.933011027594358,-179.488663,0.264109,179.605057
138.4019565192524,-596.9974413118711,-30.932504847018542,-179.488663,0.264109,179.605057
138.39928706728446,-597.1091782172166,-30.96448839242268,-179.488663,0.264109,179.605057
138.39614674037838,-597.2190981036408,-30.948455016749115,-179.488663,0.264109,179.605057
138.39459956757847,-597.3313579478962,-31.018578553982834,-179.488663,0.264109,179.605057
138.3950356965018,-597.442489199266,-30.95546670303775,-179.488663,0.264109,179.605057
138.395040949714,-597.551814198706,-31.12947374350178,-179.488663,0.264109,179.605057
138.39290661973828,-597.6634897699902,-31.12570300618803,-179.488663,0.264109,179.605057
138.38914095026243,-597.7740471808515,-31.221997168377612,-179.488663,0.264109,179.605057
138.38551501351907,-597.8870752542296,-31.15200503139498,-179.488663,0.264109,179.605057
138.38813036997814,-597.9989899497339,-31.36387565969937,-179.488663,0.264109,179.605057
138.39154612223027,-598.1090902939941,-31.397968510225986,-179.488663,0.264109,179.605057
138.3930182629423,-598.2215285631092,-31.43687118157052,-179.488663,0.264109,179.605057
138.3912060775673,-598.332835295146,-31.473886551551846,-179.488663,0.264109,179.605057
138.38506324472246,-598.4423326906889,-31.514065912694083,-179.488663,0.264109,179.605057
138.3777309804508,-598.5541775893078,-31.558861377457024,-179.488663,0.264109,179.605057
138.37396466654116,-598.664901305539,-31.590345202852124,-179.488663,0.264109,179.605057
138.37712688583508,-598.7780927146621,-31.622411893860296,-179.488663,0.264109,179.605057
138.38245117131757,-598.8901678289893,-31.649295942180007,-179.488663,0.264109,179.605057
138.38731081353308,-599.0004257271759,-31.672615772758263,-179.488663,0.264109,179.605057
138.39036396773926,-599.1130187364711,-31.693438277350058,-179.488663,0.264109,179.605057
138.393012401706,-599.2244774451891,-31.70340112525262,-179.488663,0.264109,179.605057
138.39636533611952,-599.3341241032678,-31.720202245415017,-179.488663,0.264109,179.605057
138.4006328177774,-599.4461155987482,-31.707764467366584,-179.488663,0.264109,179.605057
138.40091407136725,-599.5569832937732,-31.714469208558416,-179.488663,0.264109,179.605057
138.39957274595912,-599.6703161103778,-31.67236841768313,-179.488663,0.264109,179.605057
138.3979259813794,-599.7825301067957,-31.697529469141937,-179.488663,0.264109,179.605057
138.3974735496172,-599.8971910734492,-31.585695716710596,-179.488663,0.264109,179.605057
138.39767708567018,-600.0107107004019,-31.686695792985052,-179.488663,0.264109,179.605057
138.39883025388457,-600.1223875580533,-31.60991809148173,-179.488663,0.264109,179.605057
138.40139072569443,-600.2363742354246,-31.603648038431707,-179.488663,0.264109,179.605057
138.40460690929095,-600.349201732884,-31.45638754907063,-179.488663,0.264109,179.605057
138.4070853828559,-600.464459403286,-31.5192197424502,-179.488663,0.264109,179.605057
138.40814906501274,-600.5785638880752,-31.40427415805199,-179.488663,0.264109,179.605057
138.40932532763057,-600.6950815830693,-31.365816354271228,-179.488663,0.264109,179.605057
138.41091804393892,-600.8104247795534,-31.177808160572496,-179.488663,0.264109,179.605057
138.41380517679792,-600.9281593064298,-31.233408661181496,-179.488663,0.264109,179.605057
138.41649946485524,-601.048964319447,-31.111231384012715,-179.488663,0.264109,179.605057
138.41870442074432,-601.1686653139516,-31.06792471262735,-179.488663,0.264109,179.605057
138.4207801508271,-601.2864430906096,-30.902564009380736,-179.488663,0.264109,179.605057
138.4219791809208,-601.4064278286526,-30.960368914791758,-179.488663,0.264109,179.605057
138.42257515147753,-601.5251475093648,-30.840396042425002,-179.488663,0.264109,179.605057
138.42345270076788,-601.6419257209295,-30.83524576303626,-179.488663,0.264109,179.605057
138.42519541843726,-601.760921459656,-30.652317705869738,-179.488663,0.264109,179.605057
138.4266757177978,-601.8786683199751,-30.751622690036164,-179.488663,0.264109,179.605057
138.4272611470168,-601.9944907825992,-30.67314989642481,-179.488663,0.264109,179.605057
138.42765927610301,-602.1125477795493,-30.608230152443735,-179.488663,0.264109,179.605057
138.42801428288234,-602.2293726505192,-30.52025194796775,-179.488663,0.264109,179.605057
138.428355616215,-602.3485562536835,-30.47587499987217,-179.488663,0.264109,179.605057
138.42910002700648,-602.4665165475972,-30.35835924669814,-179.488663,0.264109,179.605057
138.42950379944736,-602.5825545221475,-30.367911990877076,-179.488663,0.264109,179.605057
138.42983370167673,-602.6965577149648,-30.199686957278235,-179.488663,0.264109,179.605057
138.43055480458764,-602.8127992393598,-30.298455613276303,-179.488663,0.264109,179.605057
138.43093322528236,-602.927835217279,-30.219446491496594,-179.488663,0.264109,179.605057
138.4316483942173,-603.0452606853281,-30.22451325001833,-179.488663,0.264109,179.605057
138.43242074150874,-603.1657606669689,-30.0932334524821,-179.488663,0.264109,179.605057
138.43237220664338,-603.2851617738113,-30.192037381709152,-179.488663,0.264109,179.605057
138.4317495189536,-603.4026449566189,-30.11306353315842,-179.488663,0.264109,179.605057
138.43184219003496,-603.5223403493529,-30.142586702965193,-179.488663,0.264109,179.605057
138.43289794821519,-603.6407758495978,-30.001640975509464,-179.488663,0.264109,179.605057
138.4328993085877,-603.7572749553415,-30.150469099046788,-179.488663,0.264109,179.605057
138.4322791033845,-603.8759965726808,-30.121519444806335,-179.488663,0.264109,179.605057
138.4303114057624,-603.993474207115,-30.101116068540424,-179.488663,0.264109,179.605057
138.4289235280227,-604.1090322519451,-30.078238495650275,-179.488663,0.264109,179.605057
138.42602868629842,-604.2310962199946,-30.082535250467192,-179.488663,0.264109,179.605057
138.42246295619287,-604.3569920184757,-30.05096083688344,-179.488663,0.264109,179.605057
138.41881376101702,-604.4818636650202,-30.090001215078583,-179.488663,0.264109,179.605057
138.4156104391585,-604.6047545288711,-30.03251685142001,-179.488663,0.264109,179.605057
138.41295251698543,-604.7297681216751,-30.14767630196208,-179.488663,0.264109,179.605057
138.4120841429759,-604.8534282891721,-30.085057974726368,-179.488663,0.264109,179.605057
138.41158602880728,-604.9750590492255,-30.222915186785883,-179.488663,0.264109,179.605057
138.4107583842305,-605.0988207347582,-30.182994621067625,-179.488663,0.264109,179.605057
138.4098766045172,-605.2212484391925,-30.31548800837584,-179.488663,0.264109,179.605057
138.40899653864363,-605.3416681533887,-30.270203617906272,-179.488663,0.264109,179.605057
138.4073079986971,-605.4642403002687,-30.436114579799995,-179.488663,0.264109,179.605057
138.40630311205965,-605.5897663520409,-30.424247763915936,-179.488663,0.264109,179.605057
138.4054492478051,-605.7140979253884,-30.55377014594492,-179.488663,0.264109,179.605057
138.40504839854094,-605.8364223317858,-30.505514750196127,-179.488663,0.264109,179.605057
138.4047438532422,-605.9608722465687,-30.702775254221894,-179.488663,0.264109,179.605057
138.40528423338077,-606.0839773086851,-30.72225798046988,-179.488663,0.264109,179.605057
138.40639657986708,-606.2050625727182,-30.814179303389903,-179.488663,0.264109,179.605057
138.40801816625068,-606.3282884422683,-30.787738342967646,-179.488663,0.264109,179.605057
138.40971853805183,-606.4501898872217,-30.94965941033808,-179.488663,0.264109,179.605057
138.4114104838709,-606.5700927378163,-30.933802699930727,-179.488663,0.264109,179.605057
138.41431045904187,-606.6921572512196,-31.070600683942974,-179.488663,0.264109,179.605057
138.41741079599194,-606.8129180685494,-31.029620890177448,-179.488663,0.264109,179.605057
138.42091777828338,-606.9317006594848,-31.205508813119998,-179.488663,0.264109,179.605057
138.42322243478387,-607.0526649194037,-31.20361895828477,-179.488663,0.264109,179.605057
138.42443251545592,-607.1723451325337,-31.28713671634348,-179.488663,0.264109,179.605057
138.42540647092608,-607.2900664177192,-31.209056186245625,-179.488663,0.264109,179.605057
138.4263193495447,-607.4099883257043,-31.38857493640871,-179.488663,0.264109,179.605057
138.42844080740826,-607.5286448022246,-31.390315908794022,-179.488663,0.264109,179.605057
138.43036136483116,-607.6453606336748,-31.397828865929615,-179.488663,0.264109,179.605057
138.43262687201593,-607.7642950442859,-31.373650026259178,-179.488663,0.264109,179.605057
138.43575048193975,-607.8819816591116,-31.37833920348769,-179.488663,0.264109,179.605057
138.4394119544036,-607.9977449495916,-31.309083196995726,-179.488663,0.264109,179.605057
138.44436270287818,-608.1157438306267,-31.319849607815662,-179.488663,0.264109,179.605057
138.44867778479883,-608.2325116234648,-31.166243367560217,-179.488663,0.264109,179.605057
138.45198303002138,-608.3473725011653,-31.252299634652626,-179.488663,0.264109,179.605057
138.45544996663892,-608.4644850855777,-31.16057812396726,-179.488663,0.264109,179.605057
138.4584892673258,-608.580382410132,-31.07444357510954,-179.488663,0.264109,179.605057
138.46181048188342,-608.6943883652098,-30.94470622320574,-179.488663,0.264109,179.605057
138.46555151083038,-608.8106612950312,-30.860888209712076,-179.488663,0.264109,179.605057
138.46932329691018,-608.9257339603549,-30.70100800997929,-179.488663,0.264109,179.605057
138.47304759123674,-609.0389299837612,-30.67306860953393,-179.488663,0.264109,179.605057
138.4771200861378,-609.1544074464513,-30.467351431310796,-179.488663,0.264109,179.605057
138.48120430122626,-609.2686988508619,-30.52003739501602,-179.488663,0.264109,179.605057
138.4852327737376,-609.3853942325318,-30.394945580943467,-179.488663,0.264109,179.605057
138.48713947056896,-609.500910742003,-30.328293448842167,-179.488663,0.264109,179.605057
138.48859469479825,-609.6145485755666,-30.163302113455448,-179.488663,0.264109,179.605057
138.49034959465143,-609.7304611580935,-30.193232383544427,-179.488663,0.264109,179.605057
138.4921394710537,-609.845180155906,-30.04538487585563,-179.488663,0.264109,179.605057
138.49267710896802,-609.9580288776956,-30.07494085533696,-179.488663,0.264109,179.605057
138.49254598611225,-610.0731652513484,-29.92671905704051,-179.488663,0.264109,179.605057
138.49228297596085,-610.1871216602821,-29.978987387534595,-179.488663,0.264109,179.605057
138.4924079956058,-610.303488029567,-29.853477940250894,-179.488663,0.264109,179.605057
138.49137684315284,-610.4186814025591,-29.8716530635015,-179.488663,0.264109,179.605057
138.49012912155962,-610.5320018705432,-29.71205040897433,-179.488663,0.264109,179.605057
138.48967716484546,-610.6433360886479,-29.811489855408503,-179.488663,0.264109,179.605057
138.4898014556026,-610.7569563034524,-29.733151524064898,-179.488663,0.264109,179.605057
138.48921789482986,-610.869417785653,-29.715948654082016,-179.488663,0.264109,179.605057
138.48809039661552,-610.9800480691416,-29.61612517072015,-179.488663,0.264109,179.605057
138.48645947977633,-611.0930053710782,-29.664829020767705,-179.488663,0.264109,179.605057
138.48392974114057,-611.2048215728546,-29.53575509303748,-179.488663,0.264109,179.605057
138.48043488331717,-611.3148192797292,-29.646408261476743,-179.488663,0.264109,179.605057
138.4763860396342,-611.4271555424592,-29.579283652138226,-179.488663,0.264109,179.605057
138.47228398233395,-611.5383618450679,-29.602236401035753,-179.488663,0.264109,179.605057
138.4661745115696,-611.6477605549043,-29.496230708428765,-179.488663,0.264109,179.605057
138.45810600391883,-611.7595085200907,-29.62303592944041,-179.488663,0.264109,179.605057
138.4509942187774,-611.8701370319533,-29.572063372674275,-179.488663,0.264109,179.605057
138.4441749235265,-611.9789682698713,-29.639142433951164,-179.488663,0.264109,179.605057
138.43751111178616,-612.0901588976168,-29.528443717450273,-179.488663,0.264109,179.605057
138.43097317095936,-612.2002400255108,-29.72612486717398,-179.488663,0.264109,179.605057
138.42496405502925,-612.3085336551711,-29.746028239119905,-179.488663,0.264109,179.605057
138.41914616706057,-612.4191962757852,-29.758507863654472,-179.488663,0.264109,179.605057
138.4130386013131,-612.528758826208,-29.792309022763526,-179.488663,0.264109,179.605057
138.40778129650047,-612.6408098063198,-29.804693402026206,-179.488663,0.264109,179.605057
138.40317948109885,-612.75176485843,-29.866421481032845,-179.488663,0.264109,179.605057
138.40000798939843,-612.8609226975321,-29.854388638244004,-179.488663,0.264109,179.605057
138.3988103347647,-612.9681686269877,-29.968132620669852,-179.488663,0.264109,179.605057
138.39761381418796,-613.0777735657393,-29.90409882531793,-179.488663,0.264109,179.605057
138.39643453760416,-613.1862914805547,-30.132746084237805,-179.488663,0.264109,179.605057
138.39691814841925,-613.29731529135,-30.183615565379903,-179.488663,0.264109,179.605057
138.39937190313807,-613.4072612760319,-30.23912856347641,-179.488663,0.264109,179.605057
138.399719011015,-613.5154280192647,-30.282690099982236,-179.488663,0.264109,179.605057
138.39963985287818,-613.6259672094151,-30.355590116916968,-179.488663,0.264109,179.605057
138.39906590067656,-613.7354087760223,-30.382431422025746,-179.488663,0.264109,179.605057
138.3984011525377,-613.8430743156403,-30.493576446844443,-179.488663,0.264109,179.605057
138.3985490327405,-613.953120073297,-30.471284427702166,-179.488663,0.264109,179.605057
138.3996786687599,-614.0620767793413,-30.668115659605967,-179.488663,0.264109,179.605057
138.40098859000804,-614.1692660685774,-30.687169113731986,-179.488663,0.264109,179.605057
138.3994412716442,-614.278844071227,-30.81324340129973,-179.488663,0.264109,179.605057
138.39816584499695,-614.387341373855,-30.761539911089695,-179.488663,0.264109,179.605057
138.40025004720533,-614.4983461303968,-30.965588305884197,-179.488663,0.264109,179.605057
138.4013320887534,-614.612540310073,-30.99185892290092,-179.488663,0.264109,179.605057
138.4021983091341,-614.725748279376,-31.055182116761934,-179.488663,0.264109,179.605057
138.39848993459142,-614.8371489377076,-31.025747993660243,-179.488663,0.264109,179.605057
138.39350871572427,-614.9508704355933,-31.12790104327417,-179.488663,0.264109,179.605057
138.38875443866053,-615.0634387289753,-31.052276315110323,-179.488663,0.264109,179.605057
138.38329183300905,-615.1784420768396,-31.175049262050074,-179.488663,0.264109,179.605057
138.38639280758704,-615.2965634990974,-31.120044431212044,-179.488663,0.264109,179.605057
138.39034106212807,-615.4178952537839,-31.106030971497646,-179.488663,0.264109,179.605057
138.3948132863749,-615.5381434677785,-30.984236871021643,-179.488663,0.264109,179.605057
138.40014803292917,-615.6564647768133,-31.00120534959276,-179.488663,0.264109,179.605057
138.40599185643833,-615.7769845795723,-30.840396050386097,-179.488663,0.264109,179.605057
138.40733349429306,-615.8962300216591,-30.835009949063867,-179.488663,0.264109,179.605057
138.40775561394517,-616.0177913231016,-30.651846069963856,-179.488663,0.264109,179.605057
138.40921982647725,-616.1380869245727,-30.609601335130538,-179.488663,0.264109,179.605057
138.41292674434044,-616.256418515273,-30.389578822519443,-179.488663,0.264109,179.605057
138.41785081599355,-616.376941032307,-30.409705232426823,-179.488663,0.264109,179.605057
138.42212695383006,-616.4961876365875,-30.252053864556427,-179.488663,0.264109,179.605057
138.42580202205397,-616.6134831066121,-30.178099299895976,-179.488663,0.264109,179.605057
138.42930460871844,-616.7329868142118,-29.974520996552286,-179.488663,0.264109,179.605057
138.43231221783844,-616.8512325610408,-30.011890702125104,-179.488663,0.264109,179.605057
138.4351780565643,-616.9675449984273,-29.871482629920145,-179.488663,0.264109,179.605057
138.43756411594947,-617.0860832192603,-29.82707119470619,-179.488663,0.264109,179.605057
138.44064161773298,-617.2033807198641,-29.630652208951673,-179.488663,0.264109,179.605057
138.44463497241526,-617.3187618453022,-29.696980385209198,-179.488663,0.264109,179.605057
138.44875470329958,-617.4363853863676,-29.58553078368895,-179.488663,0.264109,179.605057
138.45243045102953,-617.5527845424191,-29.529515141778255,-179.488663,0.264109,179.605057
138.45596512482754,-617.6672833668039,-29.39520698940719,-179.488663,0.264109,179.605057
138.45901064625627,-617.7840403637973,-29.410658532247854,-179.488663,0.264109,179.605057
138.46191502312857,-617.8995884513553,-29.24833229731074,-179.488663,0.264109,179.605057
138.46351608661854,-618.0175180731143,-29.349020733317044,-179.488663,0.264109,179.605057
138.46483371675131,-618.1342467804261,-29.271931391545564,-179.488663,0.264109,179.605057
138.46525458725074,-618.2490751632336,-29.247946072275802,-179.488663,0.264109,179.605057
138.46507945344305,-618.366157033029,-29.139214759947627,-179.488663,0.264109,179.605057
138.4643769428992,-618.4820244358516,-29.17642721382792,-179.488663,0.264109,179.605057
138.46440028160254,-618.5960010533285,-29.03586188993044,-179.488663,0.264109,179.605057
138.46497912489374,-618.7122451796208,-29.130831474204022,-179.488663,0.264109,179.605057
138.46525016999794,-618.8272895578802,-29.048023280699823,-179.488663,0.264109,179.605057
138.4646344672677,-618.94045779982,-29.05240991431793,-179.488663,0.264109,179.605057
138.46385017163163,-619.0559079772771,-28.922772102732196,-179.488663,0.264109,179.605057
138.46345397850789,-619.1701725837584,-29.034385344263978,-179.488663,0.264109,179.605057
138.46314104063322,-619.282574979419,-28.96822080801798,-179.488663,0.264109,179.605057
138.46243853781374,-619.3972729877327,-28.995234590650195,-179.488663,0.264109,179.605057
138.4612574464898,-619.5107988580141,-28.8791908195965,-179.488663,0.264109,179.605057
138.4599974352083,-619.6267423772009,-29.015226082463776,-179.488663,0.264109,179.605057
138.4587395600957,-619.7415204516736,-28.973483567553277,-179.488663,0.264109,179.605057
138.45750000199624,-619.854433037922,-29.01016269240411,-179.488663,0.264109,179.605057
138.45669240323684,-619.9696333252991,-28.931665128763832,-179.488663,0.264109,179.605057
138.45557201552782,-620.0836527488146,-29.056427912608736,-179.488663,0.264109,179.605057
138.45399433776518,-620.195814389979,-29.003412918675863,-179.488663,0.264109,179.605057
138.45234764007554,-620.3102759535543,-29.109242530786208,-179.488663,0.264109,179.605057
138.451942558101,-620.4235696038187,-29.037294365118775,-179.488663,0.264109,179.605057
138.452202227102,-620.5350183839506,-29.198217041231164,-179.488663,0.264109,179.605057
138.45259115322787,-620.6487798074052,-29.181361939565775,-179.488663,0.264109,179.605057
138.4534110660516,-620.7613858192797,-29.2740006201192,-179.488663,0.264109,179.605057
138.45430551523248,-620.8721592411136,-29.19075197475238,-179.488663,0.264109,179.605057
138.45438081729645,-620.9852573673845,-29.406777583697078,-179.488663,0.264109,179.605057
138.45346988564103,-621.0972119278581,-29.445025414864002,-179.488663,0.264109,179.605057
138.45155332938083,-621.2073455325343,-29.478805785141354,-179.488663,0.264109,179.605057
138.4494629058887,-621.319815268118,-29.52475085690132,-179.488663,0.264109,179.605057
138.44736743941766,-621.4311526603103,-29.554670315079154,-179.488663,0.264109,179.605057
138.44447943320728,-621.5449467853576,-29.59909646256054,-179.488663,0.264109,179.605057
138.44106332624847,-621.6576138516419,-29.62547386120268,-179.488663,0.264109,179.605057
138.43800085043895,-621.7684531301198,-29.68101481902134,-179.488663,0.264109,179.605057
138.43546332273746,-621.8816171368537,-29.67621757821246,-179.488663,0.264109,179.605057
138.43388820727378,-621.9936366455875,-29.763542401782814,-179.488663,0.264109,179.605057
138.4349919758998,-622.1081007550414,-29.68653862916555,-179.488663,0.264109,179.605057
138.43620515663443,-622.2256925173049,-29.860406783527655,-179.488663,0.264109,179.605057
138.43742296566478,-622.3422373939559,-29.85649716011198,-179.488663,0.264109,179.605057
138.43821371373693,-622.4569153663497,-29.89118955469366,-179.488663,0.264109,179.605057
138.43849713675598,-622.5738556489515,-29.83853298594642,-179.488663,0.264109,179.605057
138.43908573052593,-622.689585242909,-29.916906556080708,-179.488663,0.264109,179.605057
138.44219276511242,-622.8076934338013,-29.81750234843722,-179.488663,0.264109,179.605057
138.44534863225925,-622.9245975831434,-29.923067938954144,-179.488663,0.264109,179.605057
138.4488800491409,-623.0438649540516,-29.85085575169329,-179.488663,0.264109,179.605057
138.45202568470725,-623.1661753888866,-29.873068952683603,-179.488663,0.264109,179.605057
138.45381564830467,-623.2873549103227,-29.720535484366422,-179.488663,0.264109,179.605057
138.45407702024826,-623.4065848069964,-29.84187544267284,-179.488663,0.264109,179.605057
138.45238628990455,-623.5279957312982,-29.785437623201478,-179.488663,0.264109,179.605057
138.4441656294905,-623.6523827946468,-29.706235588987077,-179.488663,0.264109,179.605057
138.43311145467715,-623.775596025348,-29.641492312677745,-179.488663,0.264109,179.605057
138.41712868080353,-623.9010887902389,-29.53386995097108,-179.488663,0.264109,179.605057
138.39997505323515,-624.0252526759781,-29.478461531593297,-179.488663,0.264109,179.605057
138.38447566207546,-624.1516515661785,-29.337501163889602,-179.488663,0.264109,179.605057
138.36993822064954,-624.2766997841663,-29.348998310062427,-179.488663,0.264109,179.605057
138.35662125722627,-624.3996994041669,-29.18271767845748,-179.488663,0.264109,179.605057
138.3437377862166,-624.5248066433077,-29.240175620021283,-179.488663,0.264109,179.605057
138.3315366897218,-624.6485561033198,-29.11985578380731,-179.488663,0.264109,179.605057
138.31964559483566,-624.7702740151861,-29.11951062194171,-179.488663,0.264109,179.605057
138.30140961806524,-624.894121184899,-28.945060113939935,-179.488663,0.264109,179.605057
138.282164021032,-625.0208994908785,-29.058434960609564,-179.488663,0.264109,179.605057
138.26340088177068,-625.1464609548707,-28.994032029501415,-179.488663,0.264109,179.605057
138.24787753204433,-625.269993287422,-28.929164736903886,-179.488663,0.264109,179.605057
138.23733313897665,-625.3956295560668,-28.864601335677545,-179.488663,0.264109,179.605057
138.22793450194212,-625.5198997849982,-28.799531448832557,-179.488663,0.264109,179.605057
138.22095379672982,-625.6421294071756,-28.750813260240868,-179.488663,0.264109,179.605057
138.21455595902276,-625.76647919782,-28.673432463449238,-179.488663,0.264109,179.605057
138.21165279739748,-625.8894844918021,-28.654163658101954,-179.488663,0.264109,179.605057
138.21195563817608,-626.0104714778262,-28.537101444791876,-179.488663,0.264109,179.605057
138.21412737236665,-626.133600765124,-28.593369222530892,-179.488663,0.264109,179.605057
138.21746333168667,-626.2554073405908,-28.471859222492135,-179.488663,0.264109,179.605057
138.22098469127778,-626.3752170135067,-28.552029933667843,-179.488663,0.264109,179.605057
138.2257250493645,-626.4971900127867,-28.454422867065773,-179.488663,0.264109,179.605057
138.2306417887242,-626.6178609502385,-28.51688157806922,-179.488663,0.264109,179.605057
138.23552387737874,-626.7365552664365,-28.401562511294895,-179.488663,0.264109,179.605057
138.23950826840917,-626.857432828109,-28.51049980036322,-179.488663,0.264109,179.605057
138.24243511968675,-626.9770278913326,-28.44165931165377,-179.488663,0.264109,179.605057
138.24469817001784,-627.0946655473006,-28.4924411039473,-179.488663,0.264109,179.605057
138.24638560788824,-627.2145053195991,-28.36544511846305,-179.488663,0.264109,179.605057
138.24875525748345,-627.3330811272912,-28.53387167204791,-179.488663,0.264109,179.605057
138.2512276477405,-627.4497177305747,-28.52452044785499,-179.488663,0.264109,179.605057
138.25409608991293,-627.5685743279521,-28.5307486659543,-179.488663,0.264109,179.605057
138.25577094684644,-627.6861845192078,-28.527480835788783,-179.488663,0.264109,179.605057
138.25595126654466,-627.8018727509634,-28.552278686064646,-179.488663,0.264109,179.605057
138.25541944758234,-627.9197979137454,-28.543009380049316,-179.488663,0.264109,179.605057
138.25516343120205,-628.0364933048617,-28.59805715674153,-179.488663,0.264109,179.605057
138.25537688312667,-628.1512830738601,-28.55814872892117,-179.488663,0.264109,179.605057
138.25650252628492,-628.2683258194982,-28.68826953084399,-179.488663,0.264109,179.605057
138.25861593187605,-628.3841545525263,-28.64061255498903,-179.488663,0.264109,179.605057
138.2608968326298,-628.4980931410514,-28.8015491147473,-179.488663,0.264109,179.605057
138.26400012627207,-628.614299907417,-28.784707896727785,-179.488663,0.264109,179.605057
138.2676344294269,-628.7293075908957,-28.915943882315858,-179.488663,0.264109,179.605057
138.27132324661713,-628.8424397929654,-28.869402090126155,-179.488663,0.264109,179.605057
138.2749705034366,-628.9578545741016,-29.06615752155344,-179.488663,0.264109,179.605057
138.27937890941828,-629.0720844163859,-29.085135175202943,-179.488663,0.264109,179.605057
138.28428929234732,-629.1887193353652,-29.192470374675988,-179.488663,0.264109,179.605057
138.290051567442,-629.304176461947,-29.1572619311098,-179.488663,0.264109,179.605057
138.29590226861285,-629.4177559731379,-29.36904560372011,-179.488663,0.264109,179.605057
138.30086611169344,-629.5293446082025,-29.403051498552646,-179.488663,0.264109,179.605057
138.30352687516546,-629.6432146963431,-29.4910541182762,-179.488663,0.264109,179.605057
138.30445718074637,-629.7559215894009,-29.49002468540361,-179.488663,0.264109,179.605057
138.30461749706973,-629.8710595676299,-29.63082022908015,-179.488663,0.264109,179.605057
138.30503220215388,-629.9850462449804,-29.59383799497891,-179.488663,0.264109,179.605057
138.30549188696227,-630.0971815182996,-29.77109105181431,-179.488663,0.264109,179.605057
138.30636469664273,-630.2073516980365,-29.770566330871933,-179.488663,0.264109,179.605057
138.3081290513377,-630.3198286609452,-29.854196421331448,-179.488663,0.264109,179.605057
138.311278621991,-630.4311673081268,-29.785367248343363,-179.488663,0.264109,179.605057
138.31589421972,-630.5449614758475,-29.951854981101285,-179.488663,0.264109,179.605057
138.32155871214093,-630.6576283417351,-29.940564936081422,-179.488663,0.264109,179.605057
138.3261204218302,-630.7684673740523,-29.96325367778119,-179.488663,0.264109,179.605057
138.32957358621314,-630.8816311289737,-29.904419374948247,-179.488663,0.264109,179.605057
138.33234526319694,-630.9936503883457,-29.95985539078093,-179.488663,0.264109,179.605057
138.33453055662824,-631.103847585808,-29.83751362883583,-179.488663,0.264109,179.605057
138.33615682695356,-631.2163797885245,-29.935854965410993,-179.488663,0.264109,179.605057
138.33518416347974,-631.3277785342976,-29.856418524208376,-179.488663,0.264109,179.605057
138.33370554668215,-631.4373662509645,-29.821717837323845,-179.488663,0.264109,179.605057
138.33050232399205,-631.5492998476175,-29.665948404353617,-179.488663,0.264109,179.605057
138.32741040373503,-631.6601106757819,-29.67390830374844,-179.488663,0.264109,179.605057
138.3256184957194,-631.7691209740258,-29.50409042536549,-179.488663,0.264109,179.605057
138.32370140839936,-631.8804874642661,-29.4725019115593,-179.488663,0.264109,179.605057
138.32137588379368,-631.9907413139335,-29.26313561997533,-179.488663,0.264109,179.605057
138.31941241252525,-632.0992045807354,-29.293234639281945,-179.488663,0.264109,179.605057
138.31795994351563,-632.2100338089475,-29.145555880810782,-179.488663,0.264109,179.605057
138.31786233229485,-632.3197599915293,-29.078008922707166,-179.488663,0.264109,179.605057
138.31967974754693,-632.4277050148327,-28.871742386213196,-179.488663,0.264109,179.605057
138.32308632041003,-632.538025254838,-28.922993369258705,-179.488663,0.264109,179.605057
138.3271747202035,-632.6515182058813,-28.796466574526438,-179.488663,0.264109,179.605057
138.3305182281415,-632.7640315771617,-28.74677781019133,-179.488663,0.264109,179.605057
138.3328438722622,-632.8747488423204,-28.583126995194288,-179.488663,0.264109,179.605057
138.33493286779193,-632.9877989073724,-28.62868084241158,-179.488663,0.264109,179.605057
138.33694482344487,-633.0997077092558,-28.49645691185109,-179.488663,0.264109,179.605057
138.33809142330867,-633.2140633333229,-28.497623729451902,-179.488663,0.264109,179.605057
138.33863797814993,-633.327281930729,-28.321012769274937,-179.488663,0.264109,179.605057
138.33823541742896,-633.4386629027508,-28.410729347347658,-179.488663,0.264109,179.605057
138.3380594255702,-633.5480922647605,-28.322668147642602,-179.488663,0.264109,179.605057
138.33752058381256,-633.6598416427303,-28.288770502706583,-179.488663,0.264109,179.605057
138.33609550226905,-633.7704656994053,-28.168360622044393,-179.488663,0.264109,179.605057
138.3336921072614,-633.883558038571,-28.202008734259152,-179.488663,0.264109,179.605057
138.3315378978455,-633.9955356098554,-28.05787906869614,-179.488663,0.264109,179.605057
138.32946416319294,-634.105697657661,-28.13012006685672,-179.488663,0.264109,179.605057
138.3290786832748,-634.2181965183131,-28.024583287239523,-179.488663,0.264109,179.605057
138.32985767001793,-634.3295627577386,-28.06258209771263,-179.488663,0.264109,179.605057
138.3312691378374,-634.4391185975136,-27.92280313040796,-179.488663,0.264109,179.605057
138.3323763609965,-634.5510208965261,-28.043759187026854,-179.488663,0.264109,179.605057
138.3325856547164,-634.6618009880224,-27.986937465867967,-179.488663,0.264109,179.605057
138.33220171925998,-634.7707810989364,-27.978599623355,-179.488663,0.264109,179.605057
138.33170459838365,-634.8821179410453,-27.88947380532106,-179.488663,0.264109,179.605057
138.33037057725357,-634.9923426720833,-27.944884035377623,-179.488663,0.264109,179.605057
138.3297094821511,-635.1007773402878,-27.82251648765641,-179.488663,0.264109,179.605057
138.32919237449556,-635.2115784806446,-27.95357848941399,-179.488663,0.264109,179.605057
138.33035408541608,-635.3212770769911,-27.90686271339379,-179.488663,0.264109,179.605057
138.33183503794095,-635.429195006721,-27.947128740094122,-179.488663,0.264109,179.605057
138.33294810968408,-635.5394886370158,-27.852784562260236,-179.488663,0.264109,179.605057
138.33315044158388,-635.6486887869038,-27.993620236427827,-179.488663,0.264109,179.605057
138.33316774790575,-635.756117171912,-27.956678132817636,-179.488663,0.264109,179.605057
138.33273713631104,-635.8659300002465,-28.018332216612393,-179.488663,0.264109,179.605057
138.3330443987201,-635.9746579347986,-27.931189276954466,-179.488663,0.264109,179.605057
138.333084199309,-636.0816225377474,-28.107567420828797,-179.488663,0.264109,179.605057
138.33306994148106,-636.1909798666892,-28.106167786925347,-179.488663,0.264109,179.605057
138.33263440808108,-636.2992604365957,-28.168349043431093,-179.488663,0.264109,179.605057
138.33171014715282,-636.4057856643676,-28.126934060365958,-179.488663,0.264109,179.605057
138.33029061909656,-636.5147114649176,-28.264778232141186,-179.488663,0.264109,179.605057
138.3292028931248,-636.6225682130821,-28.224844626138637,-179.488663,0.264109,179.605057
138.32901833078378,-636.7286771881288,-28.36918765836511,-179.488663,0.264109,179.605057
138.33024902605553,-636.8371941697959,-28.335752912813806,-179.488663,0.264109,179.605057
138.3321559362949,-636.9446494001588,-28.485282999843758,-179.488663,0.264109,179.605057
138.33417096902656,-637.0546306947624,-28.457035309095932,-179.488663,0.264109,179.605057
138.33576830134675,-637.163553023802,-28.60312777145342,-179.488663,0.264109,179.605057
138.3376700426361,-637.2707144421602,-28.571442456033125,-179.488663,0.264109,179.605057
138.33919495206536,-637.3802662715433,-28.7200148706225,-179.488663,0.264109,179.605057
138.3406228075218,-637.488738112669,-28.690809507434096,-179.488663,0.264109,179.605057
138.34201094490615,-637.595451245514,-28.831996401636992,-179.488663,0.264109,179.605057
138.34378206294434,-637.7045616054801,-28.795405518062115,-179.488663,0.264109,179.605057
138.34642592121233,-637.8125996190842,-28.936248812909138,-179.488663,0.264109,179.605057
138.34920672598648,-637.9188866227778,-28.899314329978385,-179.488663,0.264109,179.605057
138.35115403750504,-638.0275784537704,-29.028077490418532,-179.488663,0.264109,179.605057
138.35290695527533,-638.1352054108485,-28.979062873080903,-179.488663,0.264109,179.605057
138.35500673057658,-638.241088698643,-29.095099146421397,-179.488663,0.264109,179.605057
138.35755668057973,-638.349384023599,-29.033357641984118,-179.488663,0.264109,179.605057
138.36016039956766,-638.4566215558101,-29.12787543826848,-179.488663,0.264109,179.605057
138.36232717501585,-638.5621223734585,-29.04461545677506,-179.488663,0.264109,179.605057
138.3635544120608,-638.6700420587878,-29.122863692597424,-179.488663,0.264109,179.605057
138.36457628738717,-638.7769106599064,-29.02333415064201,-179.488663,0.264109,179.605057
138.36513189036515,-638.882049135189,-29.08502543167881,-179.488663,0.264109,179.605057
138.36517567029776,-638.9896129492117,-28.968938934937835,-179.488663,0.264109,179.605057
138.3647057963067,-639.0961320345164,-28.993404518395018,-179.488663,0.264109,179.605057
138.36413987418325,-639.2009272359751,-28.840092324074426,-179.488663,0.264109,179.605057
138.3635627911035,-639.3081539066885,-28.868357892386523,-179.488663,0.264109,179.605057
138.363402349903,-639.4143418697138,-28.718845682920843,-179.488663,0.264109,179.605057
138.3637381855754,-639.518811862394,-28.68725758758586,-179.488663,0.264109,179.605057
138.36457916695943,-639.6257191322203,-28.477891714473103,-179.488663,0.264109,179.605057
138.3655092168617,-639.7315933985273,-28.531958391883258,-179.488663,0.264109,179.605057
138.36767585309127,-639.8357552967873,-28.408247291515636,-179.488663,0.264109,179.605057
138.36882699220433,-639.9423599744405,-28.31485556990612,-179.488663,0.264109,179.605057
138.36934799347114,-640.0479370525568,-28.1812725281442,-179.488663,0.264109,179.605057
138.36932489070625,-640.1560737367658,-28.118905419969618,-179.488663,0.264109,179.605057
138.36960396237433,-640.2631843982402,-27.947712111371697,-179.488663,0.264109,179.605057
138.36993949990972,-640.3685665035379,-27.9621265590349,-179.488663,0.264109,179.605057
138.36987089186255,-640.476370796547,-27.798763228920325,-179.488663,0.264109,179.605057
138.3701330971244,-640.5831263104868,-27.82409997911128,-179.488663,0.264109,179.605057
138.37045773590657,-640.6881537679701,-27.67165895152446,-179.488663,0.264109,179.605057
138.37202224430786,-640.7956085569888,-27.70229053083583,-179.488663,0.264109,179.605057
138.37422314251353,-640.9020205664265,-27.555144332369416,-179.488663,0.264109,179.605057
138.37652001701667,-641.0067106047024,-27.59058248536899,-179.488663,0.264109,179.605057
138.37716075345307,-641.1138339904242,-27.44824286059079,-179.488663,0.264109,179.605057
138.37705048291346,-641.2199205130379,-27.494938324110016,-179.488663,0.264109,179.605057
138.37720224593744,-641.3242908769306,-27.36385600985147,-179.488663,0.264109,179.605057
138.3786362572667,-641.4311002972373,-27.42656866694905,-179.488663,0.264109,179.605057
138.38030632342918,-641.5368784615156,-27.311503546268852,-179.488663,0.264109,179.605057
138.3811785151729,-641.6409459740297,-27.365382925180295,-179.488663,0.264109,179.605057
138.3818787275281,-641.7474579515684,-27.241484526313954,-179.488663,0.264109,179.605057
138.38212391876317,-641.8529439850981,-27.31529492442452,-179.488663,0.264109,179.605057
138.38186395194333,-641.956724584016,-27.21132754475731,-179.488663,0.264109,179.605057
138.38109598415173,-642.0629547719378,-27.265589266424886,-179.488663,0.264109,179.605057
138.38023733837434,-642.1681640483214,-27.142073210314685,-179.488663,0.264109,179.605057
138.3806047688509,-642.2759394993551,-27.24540174827613,-179.488663,0.264109,179.605057
138.38121218890032,-642.3826953789044,-27.1709525084598,-179.488663,0.264109,179.605057
138.3818589680014,-642.4919957049808,-27.22497306370924,-179.488663,0.264109,179.605057
138.38209375361004,-642.6002504268363,-27.1012158411809,-179.488663,0.264109,179.605057
138.38142146801377,-642.7110230718035,-27.276463123172576,-179.488663,0.264109,179.605057
138.38057732957165,-642.82072386822,-27.273932627386472,-179.488663,0.264109,179.605057
138.37971082608487,-642.9329167724886,-27.271143542585534,-179.488663,0.264109,179.605057
138.37926283986098,-643.0440124659114,-27.286664906142658,-179.488663,0.264109,179.605057
138.3789049284493,-643.1533086895251,-27.284847877991897,-179.488663,0.264109,179.605057
138.37857012229568,-643.2649572506634,-27.33074772490983,-179.488663,0.264109,179.605057
138.3782446988812,-643.3754883886594,-27.31123855782438,-179.488663,0.264109,179.605057
138.3771044469253,-643.4842240436199,-27.410163080744567,-179.488663,0.264109,179.605057
138.37581744617785,-643.5953208059915,-27.33130982588698,-179.488663,0.264109,179.605057
138.37451939968273,-643.7053097470027,-27.545628272871852,-179.488663,0.264109,179.605057
138.3740589384771,-643.8135128365808,-27.582168942078948,-179.488663,0.264109,179.605057
138.37377254311096,-643.9240865341538,-27.622535382289342,-179.488663,0.264109,179.605057
138.37393570075793,-644.0335617496271,-27.66265424860535,-179.488663,0.264109,179.605057
138.3741864485432,-644.1412602878381,-27.713545204745337,-179.488663,0.264109,179.605057
138.37445114816543,-644.25133844472,-27.756372100067576,-179.488663,0.264109,179.605057
138.3747148735382,-644.3603269693269,-27.822528518974956,-179.488663,0.264109,179.605057
138.3749746533002,-644.4675475084623,-27.8545213319071,-179.488663,0.264109,179.605057
138.37522994929455,-644.5771562028356,-27.95287286590908,-179.488663,0.264109,179.605057
138.375480717659,-644.6856836490475,-27.939234887016898,-179.488663,0.264109,179.605057
138.3765483473474,-644.7967180108367,-28.1150848518372,-179.488663,0.264109,179.605057
138.3781748319006,-644.9066746003737,-28.113157038879727,-179.488663,0.264109,179.605057
138.38030062186866,-645.014851808409,-28.26671068269774,-179.488663,0.264109,179.605057
138.38249603946235,-645.121134619852,-28.24248654873798,-179.488663,0.264109,179.605057
138.38426349219762,-645.2297936408804,-28.430418505337585,-179.488663,0.264109,179.605057
138.3863308815223,-645.3373825310824,-28.44057268415941,-179.488663,0.264109,179.605057
138.3880181886278,-645.4474939086807,-28.55752567501192,-179.488663,0.264109,179.605057
138.3896054820329,-645.5565437552768,-28.496700888086657,-179.488663,0.264109,179.605057
138.391560864525,-645.6638303645209,-28.701911621850986,-179.488663,0.264109,179.605057
138.39356205495017,-645.7735051389632,-28.72934457783754,-179.488663,0.264109,179.605057
138.395543945587,-645.8820977274306,-28.745194540082174,-179.488663,0.264109,179.605057
138.39749378937714,-645.9889294507784,-28.771438558563347,-179.488663,0.264109,179.605057
138.39940949268623,-646.0981562832591,-28.747949905539173,-179.488663,0.264109,179.605057
138.40170178900763,-646.2063086892821,-28.77305606057946,-179.488663,0.264109,179.605057
138.40444924682825,-646.3127080424612,-28.668780824401203,-179.488663,0.264109,179.605057
138.40724866199304,-646.4215102164931,-28.75807012914274,-179.488663,0.264109,179.605057
138.41001865472208,-646.5292455459982,-28.669581656106498,-179.488663,0.264109,179.605057
138.41274336751184,-646.6352352708003,-28.654579244500237,-179.488663,0.264109,179.605057
138.4150078283985,-646.7436351319094,-28.461799055116195,-179.488663,0.264109,179.605057
138.41673736657197,-646.8509753333661,-28.5167847040896,-179.488663,0.264109,179.605057
138.4171033223265,-646.9608436533606,-28.39399257528522,-179.488663,0.264109,179.605057
138.41719135689323,-647.0696550254005,-28.247367901070294,-179.488663,0.264109,179.605057
138.41722255517521,-647.176707468336,-28.135297558095175,-179.488663,0.264109,179.605057
138.41806327582466,-647.2861522684846,-27.955765374164812,-179.488663,0.264109,179.605057
138.41864327736505,-647.3945189918068,-27.8947801696043,-179.488663,0.264109,179.605057
138.41875221950616,-647.5011288841432,-27.65601718726601,-179.488663,0.264109,179.605057
138.4163014003681,-647.6101378473693,-27.698920468940937,-179.488663,0.264109,179.605057
138.4121397072908,-647.718076275074,-27.564045972838088,-179.488663,0.264109,179.605057
138.40728436128273,-647.8242654713694,-27.462470933009502,-179.488663,0.264109,179.605057
138.40153800516512,-647.9328612417022,-27.3194942216127,-179.488663,0.264109,179.605057
138.39528450631255,-648.0403938536646,-27.25962198505182,-179.488663,0.264109,179.605057
138.38778473978562,-648.1461844812493,-27.075343623764404,-179.488663,0.264109,179.605057
138.3801423830699,-648.2543888008105,-27.1125062259101,-179.488663,0.264109,179.605057
138.37299086627868,-648.361536952889,-26.971891050278014,-179.488663,0.264109,179.605057
138.36603922793336,-648.471216653308,-26.97529180966482,-179.488663,0.264109,179.605057
138.35963887746703,-648.5798427743224,-26.800914791273843,-179.488663,0.264109,179.605057
138.35343981178312,-648.6909799412904,-26.882207688592135,-179.488663,0.264109,179.605057
138.34942250087875,-648.8010386999634,-26.785722808132654,-179.488663,0.264109,179.605057
138.34589867601872,-648.909316496854,-26.75646338667624,-179.488663,0.264109,179.605057
138.34252366498777,-649.015698150499,-26.62409273354804,-179.488663,0.264109,179.605057
138.33963886132398,-649.124454258643,-26.66263404431726,-179.488663,0.264109,179.605057
138.33689312745238,-649.2321385041488,-26.523397577308707,-179.488663,0.264109,179.605057
138.3342142579765,-649.3380768678576,-26.58795328898963,-179.488663,0.264109,179.605057
138.33240819419012,-649.446426042923,-26.47473122289278,-179.488663,0.264109,179.605057
138.3316237111155,-649.5537164142145,-26.504856888609755,-179.488663,0.264109,179.605057
138.33187603460914,-649.6592691172483,-26.357204776548954,-179.488663,0.264109,179.605057
138.3327427974823,-649.7672397592985,-26.4696262077614,-179.488663,0.264109,179.605057
138.33413078760387,-649.8741584066873,-26.40426986119607,-179.488663,0.264109,179.605057
138.33560328287115,-649.9836127010477,-26.40259834991607,-179.488663,0.264109,179.605057
138.33707173701265,-650.0920174415048,-26.314546157604962,-179.488663,0.264109,179.605057
138.3381078315812,-650.2029371815393,-26.387401855901253,-179.488663,0.264109,179.605057
138.33904271866797,-650.3127823962974,-26.282479776419766,-179.488663,0.264109,179.605057
138.3399440680865,-650.4208504629461,-26.413097820000022,-179.488663,0.264109,179.605057
138.34041522411297,-650.5312927985805,-26.3659380858025,-179.488663,0.264109,179.605057
138.34079364057533,-650.6406392525719,-26.42946422057615,-179.488663,0.264109,179.605057
138.34114812720182,-650.7482113806668,-26.326863418175627,-179.488663,0.264109,179.605057
138.3414927862736,-650.8581653955385,-26.524660844398724,-179.488663,0.264109,179.605057
138.3418305780165,-650.9670319973318,-26.54468049284404,-179.488663,0.264109,179.605057
138.34175152547772,-651.074132791506,-26.563058412101846,-179.488663,0.264109,179.605057
138.3415902283854,-651.1836238795283,-26.599231746672174,-179.488663,0.264109,179.605057
138.34141477638545,-651.2920358197349,-26.615164722388297,-179.488663,0.264109,179.605057
138.3412389887213,-651.3986900716733,-26.673780251750312,-179.488663,0.264109,179.605057
138.34106563401554,-651.5077425921526,-26.674437213924726,-179.488663,0.264109,179.605057
138.3413058980573,-651.6157237971601,-26.78440076585626,-179.488663,0.264109,179.605057
138.34162546875996,-651.7219550063796,-26.724895645970374,-179.488663,0.264109,179.605057
138.34195635578922,-651.8305920392439,-26.96054729022463,-179.488663,0.264109,179.605057
138.34228480013496,-651.938165176814,-27.018421156701105,-179.488663,0.264109,179.605057
138.3430187514022,-652.0439956062577,-27.07868862368475,-179.488663,0.264109,179.605057
138.3438233656357,-652.1522390168574,-27.136868623156452,-179.488663,0.264109,179.605057
138.34422000239334,-652.2594255618486,-27.204186401814734,-179.488663,0.264109,179.605057
138.34494006926639,-652.3691429695226,-27.255352948495375,-179.488663,0.264109,179.605057
138.34571458121144,-652.4778061243796,-27.3414474595832,-179.488663,0.264109,179.605057
138.3464889668899,-652.5847129971376,-27.365183629992384,-179.488663,0.264109,179.605057
138.3472523138298,-652.6897481601742,-27.49379045708819,-179.488663,0.264109,179.605057
138.3484132631989,-652.80144848117,-27.444619506406212,-179.488663,0.264109,179.605057
138.34963722177386,-652.9171598736369,-27.622848068653944,-179.488663,0.264109,179.605057
138.35126704144588,-653.0320278072608,-27.623298853123902,-179.488663,0.264109,179.605057
138.3533655203464,-653.1450933718377,-27.677974034562865,-179.488663,0.264109,179.605057
138.35552788605935,-653.2604570856868,-27.61550295438682,-179.488663,0.264109,179.605057
138.35808294215576,-653.3746397010158,-27.72385395468023,-179.488663,0.264109,179.605057
138.3594481977533,-653.4912288327781,-27.65442717719586,-179.488663,0.264109,179.605057
138.3605560762825,-653.6066411112865,-27.718950917447586,-179.488663,0.264109,179.605057
138.36159672290344,-653.7201766000721,-27.605696879921535,-179.488663,0.264109,179.605057
138.36137712283522,-653.8359886706281,-27.69160347579829,-179.488663,0.264109,179.605057
138.36090859663014,-653.9506089525346,-27.599732293897265,-179.488663,0.264109,179.605057
138.36080761534816,-654.063360721591,-27.599748708176747,-179.488663,0.264109,179.605057
138.36160291256235,-654.1784018740284,-27.428308728822056,-179.488663,0.264109,179.605057
138.36297682124876,-654.2922647623074,-27.52431900552432,-179.488663,0.264109,179.605057
138.36321491219493,-654.4085392811214,-27.442551504448804,-179.488663,0.264109,179.605057
138.36281178674406,-654.5236424439971,-27.344966139574662,-179.488663,0.264109,179.605057
138.3626968180202,-654.6411409795908,-27.24986192547601,-179.488663,0.264109,179.605057
138.36264111575247,-654.7574474994442,-27.151092504529323,-179.488663,0.264109,179.605057
138.36341939231934,-654.8718614789782,-27.05326127277381,-179.488663,0.264109,179.605057
138.3647640624975,-654.9842697294062,-26.94916594792189,-179.488663,0.264109,179.605057
138.36702422053318,-655.0989448055623,-26.8508103337862,-179.488663,0.264109,179.605057
138.36902466500385,-655.2124423124477,-26.748529068456797,-179.488663,0.264109,179.605057
138.37053404932902,-655.3240901187143,-26.65232051067247,-179.488663,0.264109,179.605057
138.37192375482581,-655.4380467716124,-26.551161262535235,-179.488663,0.264109,179.605057
138.37326975985656,-655.5508444769957,-26.468124098319514,-179.488663,0.264109,179.605057
138.3745878816114,-655.6660728255106,-26.35394337201238,-179.488663,0.264109,179.605057
138.37588168009057,-655.7801484994728,-26.327858093635385,-179.488663,0.264109,179.605057
138.37674154655846,-655.8923712289394,-26.16716857981927,-179.488663,0.264109,179.605057
138.3775023974121,-656.0068939795766,-26.250087369512794,-179.488663,0.264109,179.605057
138.37823262415293,-656.1202479664389,-26.155228381428543,-179.488663,0.264109,179.605057
138.37812500729095,-656.2317560549552,-26.14159122823563,-179.488663,0.264109,179.605057
138.37744068559263,-656.3455757376546,-25.996814750223823,-179.488663,0.264109,179.605057
138.3766507555023,-656.45823897037,-26.08047083579906,-179.488663,0.264109,179.605057
138.3758509382949,-656.5690685915565,-25.98634914359652,-179.488663,0.264109,179.605057
138.3758818521754,-656.6822219136027,-26.000152319489644,-179.488663,0.264109,179.605057
138.3768998059428,-656.7942306841295,-25.84301155966777,-179.488663,0.264109,179.605057
138.3781006901229,-656.9044175307272,-25.98160758159312,-179.488663,0.264109,179.605057
138.37932108114381,-657.0169395573873,-25.942425825740692,-179.488663,0.264109,179.605057
138.38011735019396,-657.128328306792,-25.89573870771696,-179.488663,0.264109,179.605057
138.37958547013457,-657.2379062051986,-25.87097990442318,-179.488663,0.264109,179.605057
138.37879552476966,-657.3498301588502,-25.814392843246146,-179.488663,0.264109,179.605057
138.37837586778886,-657.4606315162101,-25.821212345207872,-179.488663,0.264109,179.605057
138.37844690360637,-657.5696325127848,-25.743524730827218,-179.488663,0.264109,179.605057
138.37861506769636,-657.6809898674734,-25.81939199923942,-179.488663,0.264109,179.605057
138.37880026577378,-657.7912347447402,-25.717481489873848,-179.488663,0.264109,179.605057
138.3777542367205,-657.8996891993795,-25.84785856103869,-179.488663,0.264109,179.605057
138.37565550576537,-658.010509772805,-25.800457854425762,-179.488663,0.264109,179.605057
138.3746080830479,-658.1202274551656,-25.863524454336204,-179.488663,0.264109,179.605057
138.37419648532327,-658.2324307967198,-25.757068743374354,-179.488663,0.264109,179.605057
138.37391790643153,-658.3435354892549,-25.95384675053299,-179.488663,0.264109,179.605057
138.3732592266506,-658.4528402963592,-25.972846979913847,-179.488663,0.264109,179.605057
138.37253389458203,-658.5644972357873,-25.985009975390195,-179.488663,0.264109,179.605057
138.37221621455652,-658.6750365918749,-26.016106849596277,-179.488663,0.264109,179.605057
138.37198458305548,-658.7837803160078,-26.02788619258614,-179.488663,0.264109,179.605057
138.37177345557402,-658.8948850030066,-26.078463732047474,-179.488663,0.264109,179.605057
138.3719800982651,-659.0048817270302,-26.075676810723028,-179.488663,0.264109,179.605057
138.37226735607248,-659.1130924606059,-26.177826746263772,-179.488663,0.264109,179.605057
138.3725666514587,-659.223673665659,-26.116381120362533,-179.488663,0.264109,179.605057
138.3728640977152,-659.3331562545357,-26.334197074642372,-179.488663,0.264109,179.605057
138.37233561046563,-659.4408620344686,-26.374235251144434,-179.488663,0.264109,179.605057
138.37123878611132,-659.5509473037426,-26.428588690307667,-179.488663,0.264109,179.605057
138.37045456028244,-659.6599428137218,-26.46239215836895,-179.488663,0.264109,179.605057
138.36974400759263,-659.7671702134779,-26.537984778266814,-179.488663,0.264109,179.605057
138.36946896183557,-659.8767856459485,-26.545827478437033,-179.488663,0.264109,179.605057
138.36969559589363,-659.9853197099224,-26.673185822597773,-179.488663,0.264109,179.605057
138.37043000934142,-660.0920939046204,-26.622766388980736,-179.488663,0.264109,179.605057
138.37125553367588,-660.2012642258052,-26.83833833389802,-179.488663,0.264109,179.605057
138.37126620606384,-660.3093611277194,-26.876132501037528,-179.488663,0.264109,179.605057
138.3707030896107,-660.4199726342857,-26.92967840024946,-179.488663,0.264109,179.605057
138.37003322415674,-660.5295139203557,-26.95182012378513,-179.488663,0.264109,179.605057
138.36935153587797,-660.6372832418135,-27.02444116233679,-179.488663,0.264109,179.605057
138.37031984482303,-660.7431654511103,-27.000258009195132,-179.488663,0.264109,179.605057
138.3716043817079,-660.8514310243314,-27.12380699776456,-179.488663,0.264109,179.605057
138.37293389521167,-660.9586334932962,-27.069578208556212,-179.488663,0.264109,179.605057
138.37384282873612,-661.0640986840732,-27.21127970168124,-179.488663,0.264109,179.605057
138.37465471921007,-661.1719831364995,-27.17520341702849,-179.488663,0.264109,179.605057
138.37584632085387,-661.2788170845989,-27.236869758116406,-179.488663,0.264109,179.605057
138.37709691750828,-661.3881881823488,-27.120758321426546,-179.488663,0.264109,179.605057
138.37793086023458,-661.4965112099719,-27.238304049242984,-179.488663,0.264109,179.605057
138.3799016116565,-661.6073506960657,-27.178071999281638,-179.488663,0.264109,179.605057
138.38248236301956,-661.7171170900515,-27.140951904772766,-179.488663,0.264109,179.605057
138.38514841035146,-661.8251077435677,-27.039480773398665,-179.488663,0.264109,179.605057
138.38738293309282,-661.9354740485845,-27.013323592355505,-179.488663,0.264109,179.605057
138.38908870437044,-662.0447458297857,-26.839568849649666,-179.488663,0.264109,179.605057
138.38984313216383,-662.1522446186689,-26.879402576381615,-179.488663,0.264109,179.605057
138.38998589495392,-662.262126604091,-26.74145852533579,-179.488663,0.264109,179.605057
138.39041496100594,-662.370922462806,-26.680719232634388,-179.488663,0.264109,179.605057
138.3908951854376,-662.4779537773002,-26.491775387136727,-179.488663,0.264109,179.605057
138.39137881168662,-662.5873766264773,-26.516505796299498,-179.488663,0.264109,179.605057
138.39226690672575,-662.6957215465138,-26.36345842768449,-179.488663,0.264109,179.605057
138.39322326483793,-662.8023099751929,-26.33306181982061,-179.488663,0.264109,179.605057
138.39417967402713,-662.911297847948,-26.12488743417896,-179.488663,0.264109,179.605057
138.39471182450103,-663.0192155597726,-26.196706254692828,-179.488663,0.264109,179.605057
138.39515155486956,-663.1253844097317,-26.090747297428912,-179.488663,0.264109,179.605057
138.39597721394068,-663.2339601970073,-26.006778803979877,-179.488663,0.264109,179.605057
138.39686831604553,-663.3414731827716,-25.895090381950492,-179.488663,0.264109,179.605057
138.39817049997163,-663.4515112013249,-25.85968077422169,-179.488663,0.264109,179.605057
138.3974830469795,-663.5647559079499,-25.740850387103027,-179.488663,0.264109,179.605057
138.39681811037957,-663.6770313608063,-25.761995076745244,-179.488663,0.264109,179.605057
138.39698846726753,-663.7917828231348,-25.605361988609687,-179.488663,0.264109,179.605057
138.3977341266662,-663.9053974665603,-25.69844202439117,-179.488663,0.264109,179.605057
138.3989949083,-664.0171688934986,-25.61374428239488,-179.488663,0.264109,179.605057
138.39951944993095,-664.1312487057342,-25.5920986523887,-179.488663,0.264109,179.605057
138.39906795008034,-664.2441677265884,-25.470066969065666,-179.488663,0.264109,179.605057
138.39842766326464,-664.3595152964256,-25.52521630793739,-179.488663,0.264109,179.605057
138.39816939202396,-664.4737080772882,-25.402587869031333,-179.488663,0.264109,179.605057
138.39840186375594,-664.5860458252502,-25.483174111652538,-179.488663,0.264109,179.605057
138.39872917781778,-664.6964148742167,-25.385982576495962,-179.488663,0.264109,179.605057
138.3978388052123,-664.8090871569099,-25.439249890645808,-179.488663,0.264109,179.605057
138.39712822501707,-664.9206176361057,-25.314739427017876,-179.488663,0.264109,179.605057
138.39646370933335,-665.0303335433423,-25.422976510842208,-179.488663,0.264109,179.605057
138.39663919077498,-665.1423927988398,-25.353435816888762,-179.488663,0.264109,179.605057
138.3969801759056,-665.2533269923557,-25.38560506236673,-179.488663,0.264109,179.605057
138.39693874554106,-665.3624584427231,-25.25908725323679,-179.488663,0.264109,179.605057
138.39682142130934,-665.4739439193888,-25.413987957342247,-179.488663,0.264109,179.605057
138.39627992024884,-665.5843146300906,-25.391110883669928,-179.488663,0.264109,179.605057
138.39566128517097,-665.6928926708251,-25.395876139790463,-179.488663,0.264109,179.605057
138.39503602165522,-665.803834623209,-25.364460268478464,-179.488663,0.264109,179.605057
138.39236499175516,-665.9136715168222,-25.408406187331796,-179.488663,0.264109,179.605057
138.38973346322575,-666.0259919406388,-25.33710858924291,-179.488663,0.264109,179.605057
138.38755792782064,-666.1372116244685,-25.473879608279944,-179.488663,0.264109,179.605057
138.38591519865506,-666.2466293692419,-25.432872849539205,-179.488663,0.264109,179.605057
138.3848130606633,-666.3583972293894,-25.531420469662663,-179.488663,0.264109,179.605057
138.3842453824244,-666.4690455252675,-25.45219031200834,-179.488663,0.264109,179.605057
138.38297133644883,-666.5778962436392,-25.640333019209987,-179.488663,0.264109,179.605057
138.3815741366909,-666.6891060140705,-25.65069794863385,-179.488663,0.264109,179.605057
138.38017217746193,-666.7992059448454,-25.71117453292741,-179.488663,0.264109,179.605057
138.37837853864778,-666.907518042007,-25.704127781327035,-179.488663,0.264109,179.605057
138.3769427401131,-667.0181988003973,-25.81575254510543,-179.488663,0.264109,179.605057
138.37477759654675,-667.1277791646918,-25.74959953110605,-179.488663,0.264109,179.605057
138.37496137712705,-667.2355809738749,-25.966821665549464,-179.488663,0.264109,179.605057
138.37725499543507,-667.3457605574164,-26.0062660222151,-179.488663,0.264109,179.605057
138.37952729427272,-667.454848697308,-26.054579827772372,-179.488663,0.264109,179.605057
138.38094167874394,-667.5621670727022,-26.084369351843584,-179.488663,0.264109,179.605057
138.38175369798492,-667.6718718560803,-26.139884589502675,-179.488663,0.264109,179.605057
138.38243369546177,-667.7804936752472,-26.15583279340419,-179.488663,0.264109,179.605057
138.38472028417726,-667.8873540579214,-26.240095475790554,-179.488663,0.264109,179.605057
138.38811878187872,-667.9966090278546,-26.20769962736884,-179.488663,0.264109,179.605057
138.39128066052118,-668.1047890667782,-26.366463552516144,-179.488663,0.264109,179.605057
138.39270580196668,-668.2112155589464,-26.34744969988567,-179.488663,0.264109,179.605057
138.39253132729448,-668.3200443872081,-26.463736787603125,-179.488663,0.264109,179.605057
138.3920394108163,-668.427805894909,-26.4022460975428,-179.488663,0.264109,179.605057
138.39313366878906,-668.5338213303882,-26.562108003198894,-179.488663,0.264109,179.605057
138.39535093220525,-668.6422464430073,-26.54419213107721,-179.488663,0.264109,179.605057
138.3969399289638,-668.7496114450082,-26.596215829057797,-179.488663,0.264109,179.605057
138.39879133999247,-668.8552374559682,-26.511015443534596,-179.488663,0.264109,179.605057
138.40066890269608,-668.9632800987864,-26.62727955273993,-179.488663,0.264109,179.605057
138.40252499262067,-669.0702694615005,-26.565765884167487,-179.488663,0.264109,179.605057
138.40393972359942,-669.1797932083686,-26.602169554010448,-179.488663,0.264109,179.605057
138.40565672883733,-669.2882661610008,-26.46079544607563,-179.488663,0.264109,179.605057
138.407409769297,-669.3949862283484,-26.584746781522547,-179.488663,0.264109,179.605057
138.40914508467003,-669.5041045887925,-26.530920339191688,-179.488663,0.264109,179.605057
138.41085217498488,-669.6121507022851,-26.437557654187565,-179.488663,0.264109,179.605057
138.41211867500363,-669.7184457105509,-26.370630218083324,-179.488663,0.264109,179.605057
138.4124577111851,-669.8271454132096,-26.23334323381262,-179.488663,0.264109,179.605057
138.41342776608454,-669.9347801034199,-26.17527060759713,-179.488663,0.264109,179.605057
138.4149208950579,-670.0406709866577,-25.976711829067387,-179.488663,0.264109,179.605057
138.41649740323393,-670.1489737714949,-26.002425704394742,-179.488663,0.264109,179.605057
138.4176574991343,-670.2562186303786,-25.85036180194432,-179.488663,0.264109,179.605057
138.41871781343778,-670.3659933105233,-25.79952430602836,-179.488663,0.264109,179.605057
138.4193324247296,-670.4747127150247,-25.590317110332737,-179.488663,0.264109,179.605057
138.41984915428068,-670.5816748328667,-25.644119325380995,-179.488663,0.264109,179.605057
138.42074962510782,-670.6910309210342,-25.520143762651475,-179.488663,0.264109,179.605057
138.4221247041606,-670.7993105166795,-25.446464633867343,-179.488663,0.264109,179.605057
138.42357514817866,-670.905834837349,-25.298825137396452,-179.488663,0.264109,179.605057
138.42460936998594,-671.0147597571295,-25.283854164847934,-179.488663,0.264109,179.605057
138.42472430508536,-671.1226156423173,-25.09110541452164,-179.488663,0.264109,179.605057
138.42547508154405,-671.2329904368863,-25.198787465065465,-179.488663,0.264109,179.605057
138.42593168189825,-671.3422992384754,-25.128691737831513,-179.488663,0.264109,179.605057
138.42632295315988,-671.4498402274015,-25.035242394332546,-179.488663,0.264109,179.605057
138.42423159385615,-671.5597648486191,-24.99105281127527,-179.488663,0.264109,179.605057
138.4216734522161,-671.6686028239044,-24.863823894148506,-179.488663,0.264109,179.605057
138.4215223365677,-671.7756755521325,-24.88533484491534,-179.488663,0.264109,179.605057
138.42226544198462,-671.885139085481,-24.729068017904396,-179.488663,0.264109,179.605057
138.4223554896709,-671.9935239651571,-24.8079063295893,-179.488663,0.264109,179.605057
138.4214923117995,-672.1001516402544,-24.70896686349643,-179.488663,0.264109,179.605057
138.41962943179075,-672.2091780586123,-24.70636090698455,-179.488663,0.264109,179.605057
138.41923577231466,-672.321400294339,-24.589259545615462,-179.488663,0.264109,179.605057
138.41914155565763,-672.4326656439648,-24.66722990345283,-179.488663,0.264109,179.605057
138.41869790086798,-672.546423842509,-24.567422483512424,-179.488663,0.264109,179.605057
138.41736933487547,-672.6590627164576,-24.640109161190882,-179.488663,0.264109,179.605057
138.41629334846985,-672.769875750391,-24.53501806109156,-179.488663,0.264109,179.605057
138.41569384756605,-672.8787476087275,-24.64522056125709,-179.488663,0.264109,179.605057
138.41560883666435,-672.9899494988483,-24.577645283644845,-179.488663,0.264109,179.605057
138.415627932807,-673.1000358573332,-24.65543696855414,-179.488663,0.264109,179.605057
138.41566757876893,-673.2126001035035,-24.55545087568566,-179.488663,0.264109,179.605057
138.41612143750774,-673.3240590134876,-24.705631786022018,-179.488663,0.264109,179.605057
138.41624101725537,-673.433711662848,-24.678034918580597,-179.488663,0.264109,179.605057
138.41588137384838,-673.545710222404,-24.729695830982966,-179.488663,0.264109,179.605057
138.41502033407227,-673.6565850955964,-24.660089954756792,-179.488663,0.264109,179.605057
138.414481927588,-673.7699250110974,-24.808591481800413,-179.488663,0.264109,179.605057
138.4140157050988,-673.8821459895952,-24.77931523106626,-179.488663,0.264109,179.605057
138.41315988346176,-673.9925471489981,-24.883668804512073,-179.488663,0.264109,179.605057
138.4122383136807,-674.1052808614262,-24.810244600180106,-179.488663,0.264109,179.605057
138.41213803437435,-674.2211444272158,-25.00090911851116,-179.488663,0.264109,179.605057
138.41220343935754,-674.3359861262976,-25.013795859064437,-179.488663,0.264109,179.605057
138.4135330509944,-674.4489901478731,-25.059705691475642,-179.488663,0.264109,179.605057
138.41509659392986,-674.5642861323073,-25.058116237456964,-179.488663,0.264109,179.605057
138.41668468606997,-674.6784007442012,-25.131480349710316,-179.488663,0.264109,179.605057
138.41784443518497,-674.790656118218,-25.079944251510288,-179.488663,0.264109,179.605057
138.41849135481868,-674.9009431237844,-25.235183881843664,-179.488663,0.264109,179.605057
138.41861584125468,-675.0135345960259,-25.212645734399263,-179.488663,0.264109,179.605057
138.41863407057735,-675.1249856606639,-25.325234380139932,-179.488663,0.264109,179.605057
138.41904145588256,-675.2388902286397,-25.260045248102823,-179.488663,0.264109,179.605057
138.42034221179327,-675.3516655212052,-25.43858677927578,-179.488663,0.264109,179.605057
138.42221380885215,-675.4626110434166,-25.43935053267096,-179.488663,0.264109,179.605057
138.4245854003158,-675.5758793863523,-25.499078143678993,-179.488663,0.264109,179.605057
138.4262001502485,-675.688001365889,-25.44410030311005,-179.488663,0.264109,179.605057
138.42764056654258,-675.7982994490369,-25.577497148502736,-179.488663,0.264109,179.605057
138.42861496352168,-675.9066640690579,-25.53311621611764,-179.488663,0.264109,179.605057
138.42948229854744,-676.0173674774131,-25.6188113700928,-179.488663,0.264109,179.605057
138.430315885751,-676.1269641949609,-25.52672874629018,-179.488663,0.264109,179.605057
138.43113086792772,-676.2347808654753,-25.665644052627876,-179.488663,0.264109,179.605057
138.43234120490808,-676.3449748006024,-25.626781581187796,-179.488663,0.264109,179.605057
138.43361339916768,-676.4540769860191,-25.634736722476816,-179.488663,0.264109,179.605057
138.43487987145366,-676.5614091459679,-25.535540375884008,-179.488663,0.264109,179.605057
138.43612718729463,-676.6711274656593,-25.59990904242758,-179.488663,0.264109,179.605057
138.43735293224356,-676.7797625789748,-25.48649993119337,-179.488663,0.264109,179.605057
138.43773559686366,-676.890902684959,-25.530883649917048,-179.488663,0.264109,179.605057
138.43753353641006,-677.0009631301918,-25.397489590862946,-179.488663,0.264109,179.605057
138.43762807135707,-677.1135090058311,-25.41224111150867,-179.488663,0.264109,179.605057
138.43778058088716,-677.2249513150981,-25.249214854376614,-179.488663,0.264109,179.605057
138.43876384964275,-677.3345879538033,-25.263571327374482,-179.488663,0.264109,179.605057
138.43948861931008,-677.4465708484234,-25.100150022594573,-179.488663,0.264109,179.605057
138.4409727146578,-677.5574303486142,-25.1006710416722,-179.488663,0.264109,179.605057
138.44094490134108,-677.6707551681386,-24.923414282972047,-179.488663,0.264109,179.605057
138.44061510185867,-677.7829613207631,-24.952164880805633,-179.488663,0.264109,179.605057
138.4406402622913,-677.8933479191703,-24.80313770086144,-179.488663,0.264109,179.605057
138.44114672353635,-678.006067330668,-24.7951799785462,-179.488663,0.264109,179.605057
138.44174224193952,-678.1176501842646,-24.609444478453188,-179.488663,0.264109,179.605057
138.4419364355126,-678.2274187701408,-24.68146515638599,-179.488663,0.264109,179.605057
138.44204760225546,-678.3395300159184,-24.575708056541018,-179.488663,0.264109,179.605057
138.44214058259416,-678.4505153226252,-24.52806304517153,-179.488663,0.264109,179.605057
138.44181793659834,-678.5596969838224,-24.3934354863429,-179.488663,0.264109,179.605057
138.44018475407867,-678.6712317767361,-24.418346306612836,-179.488663,0.264109,179.605057
138.4387233584056,-678.781650923383,-24.265479349104996,-179.488663,0.264109,179.605057
138.43813843772926,-678.8902765351353,-24.32360978939584,-179.488663,0.264109,179.605057
138.43773713092406,-679.001265208986,-24.2039624519089,-179.488663,0.264109,179.605057
138.436967587701,-679.1111479896726,-24.22223832549824,-179.488663,0.264109,179.605057
138.43654600847574,-679.2192468144011,-24.0627364213098,-179.488663,0.264109,179.605057
138.43620001784348,-679.3297181090975,-24.15119692829053,-179.488663,0.264109,179.605057
138.43628473235214,-679.439092750485,-24.061879657493485,-179.488663,0.264109,179.605057
138.43604371639375,-679.5509591774221,-24.072375908821897,-179.488663,0.264109,179.605057
138.43533031545783,-679.661732972286,-23.92076588994121,-179.488663,0.264109,179.605057
138.434532583673,-679.7707127912083,-24.045462765853465,-179.488663,0.264109,179.605057
138.4341399979038,-679.8820505464066,-23.99238186398794,-179.488663,0.264109,179.605057
138.4346553581131,-679.9922764185638,-23.973579633763816,-179.488663,0.264109,179.605057
138.43452364461737,-680.1049789239312,-23.91270619524847,-179.488663,0.264109,179.605057
138.43385372297254,-680.2165738758642,-23.928080503885152,-179.488663,0.264109,179.605057
138.43267502080576,-680.3306268555716,-23.82344438949068,-179.488663,0.264109,179.605057
138.43182199296538,-680.4435493540116,-23.931065291259245,-179.488663,0.264109,179.605057
138.4310462319418,-680.5589064139979,-23.86090841525003,-179.488663,0.264109,179.605057
138.43070762399392,-680.6731097525515,-23.94259387526539,-179.488663,0.264109,179.605057
138.430050595752,-680.7897247882257,-23.84650155750297,-179.488663,0.264109,179.605057
138.42933922785292,-680.9051636383724,-23.992131687107,-179.488663,0.264109,179.605057
138.42903777592142,-681.0187254544336,-23.959984038933253,-179.488663,0.264109,179.605057
138.4284119278331,-681.1345634289605,-24.020698741445056,-179.488663,0.264109,179.605057
138.42814076813073,-681.2492091617651,-23.942638948369833,-179.488663,0.264109,179.605057
138.42794440259905,-681.3619859291363,-24.107169181272983,-179.488663,0.264109,179.605057
138.42776578865576,-681.4770516338405,-24.093921636398356,-179.488663,0.264109,179.605057
138.42759326531734,-681.5909386359888,-24.173969233411622,-179.488663,0.264109,179.605057
138.42701374709847,-681.7029701713731,-24.105127238389507,-179.488663,0.264109,179.605057
138.42636107194042,-681.8173039426791,-24.280222296759696,-179.488663,0.264109,179.605057
138.42570304788566,-681.9304720808666,-24.277539577352112,-179.488663,0.264109,179.605057
138.42546397928254,-682.0417975900205,-24.354157265253644,-179.488663,0.264109,179.605057
138.42572276852326,-682.1554379439042,-24.305676763195535,-179.488663,0.264109,179.605057
138.4264881154413,-682.2679250483675,-24.472762399959052,-179.488663,0.264109,179.605057
138.42734388896082,-682.3785816863499,-24.462070258944784,-179.488663,0.264109,179.605057
138.4286162434662,-682.491565114407,-24.569032538413005,-179.488663,0.264109,179.605057
138.42913248512687,-682.6034070250579,-24.498217040103448,-179.488663,0.264109,179.605057
138.4290794954483,-682.7134299917203,-24.693205003952713,-179.488663,0.264109,179.605057
138.4301454131329,-682.8257910651705,-24.710415190024197,-179.488663,0.264109,179.605057
138.4314199525719,-682.9370217358223,-24.745100791016164,-179.488663,0.264109,179.605057
138.43271808957869,-683.0464443785987,-24.73939883380733,-179.488663,0.264109,179.605057
138.43400248370605,-683.1582158493248,-24.79867845137761,-179.488663,0.264109,179.605057
138.4344445289855,-683.2688674469463,-24.73604726653825,-179.488663,0.264109,179.605057
138.4351224842958,-683.3819880250027,-24.862048930159407,-179.488663,0.264109,179.605057
138.4358379795812,-683.4939935731472,-24.810272816002783,-179.488663,0.264109,179.605057
138.4365508069287,-683.6041831475135,-24.893780206263823,-179.488663,0.264109,179.605057
138.43725296269963,-683.7167090531775,-24.799509818747083,-179.488663,0.264109,179.605057
138.43835366460652,-683.828101856665,-24.914400997941648,-179.488663,0.264109,179.605057
138.4395184213135,-683.937683786512,-24.85151439935844,-179.488663,0.264109,179.605057
138.44067942355176,-684.0496117097398,-24.873716330330456,-179.488663,0.264109,179.605057
138.44182316286447,-684.1604169678467,-24.729212312043764,-179.488663,0.264109,179.605057
138.44294718307737,-684.2736884625918,-24.840950120299365,-179.488663,0.264109,179.605057
138.44446194007173,-684.3858422322951,-24.77491015077719,-179.488663,0.264109,179.605057
138.4460333012118,-684.496177381154,-24.71455187775859,-179.488663,0.264109,179.605057
138.4475936349337,-684.6045795948381,-24.620776377234034,-179.488663,0.264109,179.605057
138.44912957175902,-684.7153201677816,-24.552634389219413,-179.488663,0.264109,179.605057
138.45063878477015,-684.8249534355396,-24.415468724799336,-179.488663,0.264109,179.605057
138.45171052198899,-684.9328060135633,-24.376460743277242,-179.488663,0.264109,179.605057
138.45267952156445,-685.0430352169751,-24.169626223591838,-179.488663,0.264109,179.605057
138.45320352561728,-685.1521720412381,-24.237802156400843,-179.488663,0.264109,179.605057
138.4540417447302,-685.259538221504,-24.128200311432067,-179.488663,0.264109,179.605057
138.45452021884992,-685.3692899539624,-24.044662764157803,-179.488663,0.264109,179.605057
138.45450927233912,-685.4779578833309,-23.92238516517046,-179.488663,0.264109,179.605057
138.45440059738593,-685.5848635526414,-23.87454525237158,-179.488663,0.264109,179.605057
138.4542739223436,-685.6941630004214,-23.701702440369715,-179.488663,0.264109,179.605057
138.45455611555064,-685.8023867228602,-23.75270534926171,-179.488663,0.264109,179.605057
138.45491606899313,-685.9088561184004,-23.625930480375928,-179.488663,0.264109,179.605057
138.45528645514483,-686.0177270838245,-23.614255172963343,-179.488663,0.264109,179.605057
138.45565366012423,-686.1255299761614,-23.430019085317653,-179.488663,0.264109,179.605057
138.45601500639833,-686.2315860571899,-23.54701167583825,-179.488663,0.264109,179.605057
138.45637004178437,-686.3400510894711,-23.486226488581067,-179.488663,0.264109,179.605057
138.45630809893396,-686.4474552982101,-23.411099222898592,-179.488663,0.264109,179.605057
138.45575297473462,-686.5531198157166,-23.369276310147164,-179.488663,0.264109,179.605057
138.45551777603185,-686.6612002773943,-23.281343120288437,-179.488663,0.264109,179.605057
138.45534990747663,-686.7682267835623,-23.279661636719645,-179.488663,0.264109,179.605057
138.45437655908145,-686.8735203438739,-23.148798687112073,-179.488663,0.264109,179.605057
138.45366662456215,-686.9812364732677,-23.243598358680245,-179.488663,0.264109,179.605057
138.45301946966453,-687.0879051537487,-23.16062025247064,-179.488663,0.264109,179.605057
138.45239407467196,-687.1928472787692,-23.19209754059776,-179.488663,0.264109,179.605057
138.45178192616703,-687.3002182491418,-23.0457970509471,-179.488663,0.264109,179.605057
138.450770466405,-687.406547934784,-23.19789004480931,-179.488663,0.264109,179.605057
138.44887219626372,-687.5154237857287,-23.172205260893737,-179.488663,0.264109,179.605057
138.44723422833306,-687.6232604131872,-23.1510416785308,-179.488663,0.264109,179.605057
138.4460822830551,-687.7293555194689,-23.14585956024681,-179.488663,0.264109,179.605057
138.44504392552938,-687.8378600800038,-23.12440077960901,-179.488663,0.264109,179.605057
138.44486438663893,-687.9453033554173,-23.141838658449785,-179.488663,0.264109,179.605057
138.44403783158418,-688.0510062916671,-23.10621766038183,-179.488663,0.264109,179.605057
138.44227229541292,-688.1591244961022,-23.17079701271731,-179.488663,0.264109,179.605057
138.44116540619947,-688.2661880730445,-23.074978092158176,-179.488663,0.264109,179.605057
138.43979532213527,-688.371518042505,-23.26812589309007,-179.488663,0.264109,179.605057
138.4388027514076,-688.4792699309036,-23.283495916244178,-179.488663,0.264109,179.605057
138.43748913324205,-688.585973731788,-23.32097752209844,-179.488663,0.264109,179.605057
138.43612998815837,-688.6952170166684,-23.329615023452455,-179.488663,0.264109,179.605057
138.4347810677545,-688.8034145160739,-23.39950505452909,-179.488663,0.264109,179.605057
138.43345337693233,-688.909864049504,-23.374846024956916,-179.488663,0.264109,179.605057
138.43255948140708,-689.0187167074857,-23.530348674243875,-179.488663,0.264109,179.605057
138.431765058122,-689.1265018636866,-23.508073545753053,-179.488663,0.264109,179.605057
138.43059116108284,-689.2325405750876,-23.69113155990442,-179.488663,0.264109,179.605057
138.42935806471738,-689.3409885580775,-23.696411796278007,-179.488663,0.264109,179.605057
138.4281306658572,-689.4483760240715,-23.851441446766472,-179.488663,0.264109,179.605057
138.4256898628374,-689.5540240982612,-23.828693319477157,-179.488663,0.264109,179.605057
138.42304109262867,-689.6620884103681,-24.04551779829268,-179.488663,0.264109,179.605057
138.42120973371397,-689.7690990553975,-24.08456449933042,-179.488663,0.264109,179.605057
138.42285501416265,-689.8786437045043,-24.20081501982307,-179.488663,0.264109,179.605057
138.42558288960652,-689.9871371860836,-24.189332596779764,-179.488663,0.264109,179.605057
138.42766537648757,-690.0981440824196,-24.380397435185273,-179.488663,0.264109,179.605057
138.4275358347315,-690.2080748969588,-24.39368449581301,-179.488663,0.264109,179.605057
138.424091062953,-690.3162270346653,-24.513857972544567,-179.488663,0.264109,179.605057
138.4229069041464,-690.4267519399358,-24.456253671498345,-179.488663,0.264109,179.605057
138.42383437597056,-690.5361794889551,-24.680966973242043,-179.488663,0.264109,179.605057
138.42434964987712,-690.6480979304714,-24.727902497207968,-179.488663,0.264109,179.605057
138.42395382252687,-690.7589228215412,-24.730950935042543,-179.488663,0.264109,179.605057
138.4229707378031,-690.867952826293,-24.79400318309603,-179.488663,0.264109,179.605057
138.42147351658738,-690.9793398714917,-24.726049969673547,-179.488663,0.264109,179.605057
138.4186627618861,-691.0896141534699,-24.848256792044353,-179.488663,0.264109,179.605057
138.41521860899903,-691.1980975374605,-24.79268583663738,-179.488663,0.264109,179.605057
138.4166265377603,-691.3089465337258,-24.83507511787122,-179.488663,0.264109,179.605057
138.41898485897553,-691.4186921333879,-24.699686621327288,-179.488663,0.264109,179.605057
138.4251974958909,-691.5266562274231,-24.822972515567177,-179.488663,0.264109,179.605057
138.43209263844355,-691.6369951976621,-24.76848063202929,-179.488663,0.264109,179.605057
138.43409466231844,-691.7462398777876,-24.65686594903688,-179.488663,0.264109,179.605057
138.43385758922932,-691.8537119977728,-24.5948872206909,-179.488663,0.264109,179.605057
138.43481873512022,-691.9635677800237,-24.40508003460087,-179.488663,0.264109,179.605057
138.43847163295447,-692.07233790138,-24.38086854475092,-179.488663,0.264109,179.605057
138.44137892885263,-692.183610604387,-24.178879277123194,-179.488663,0.264109,179.605057
138.44162997837748,-692.2938012786149,-24.159552945391628,-179.488663,0.264109,179.605057
138.44052487481218,-692.402208390831,-23.962448835882284,-179.488663,0.264109,179.605057
138.4399855909907,-692.5129836672712,-23.940147151731193,-179.488663,0.264109,179.605057
138.44203291871008,-692.622657105958,-23.74006768980232,-179.488663,0.264109,179.605057
138.44580045118784,-692.7305503770771,-23.736826615239327,-179.488663,0.264109,179.605057
138.44903710859984,-692.8408197992712,-23.55580776289856,-179.488663,0.264109,179.605057
138.4500664474266,-692.958529508787,-23.632657850133178,-179.488663,0.264109,179.605057
138.45022901638413,-693.0760531821206,-23.531730159590015,-179.488663,0.264109,179.605057
138.45021591927596,-693.1961348670859,-23.471335688273058,-179.488663,0.264109,179.605057
138.45098920855796,-693.3150203259692,-23.34808629602354,-179.488663,0.264109,179.605057
138.4514981105593,-693.4362423908874,-23.35497359421718,-179.488663,0.264109,179.605057
138.45194689738716,-693.5562077298672,-23.184083114633044,-179.488663,0.264109,179.605057
138.452787945101,-693.6742155499493,-23.2872941806066,-179.488663,0.264109,179.605057
138.4532848167579,-693.7858868661441,-23.212727468802385,-179.488663,0.264109,179.605057
138.4545271199176,-693.8947026672865,-23.15492887736497,-179.488663,0.264109,179.605057
138.45549017439959,-694.0013997629135,-23.05884244087177,-179.488663,0.264109,179.605057
138.45597301570453,-694.1018889809662,-23.03267965724933,-179.488663,0.264109,179.605057
138.45635294729772,-694.1997074435141,-22.89467789662007,-179.488663,0.264109,179.605057
138.45588556014368,-694.2956005590489,-22.952945364335502,-179.488663,0.264109,179.605057
138.45566602319084,-694.3854781253159,-22.833435054273153,-179.488663,0.264109,179.605057
138.45549917858156,-694.4728743230091,-22.888142459932624,-179.488663,0.264109,179.605057
138.45575591200875,-694.5585312788426,-22.765072087814318,-179.488663,0.264109,179.605057
138.45527237639007,-694.6383554873768,-22.836053908011493,-179.488663,0.264109,179.605057
138.45464766391325,-694.7158778688186,-22.729257950430892,-179.488663,0.264109,179.605057
138.4544142675311,-694.7918373443057,-22.790541879731897,-179.488663,0.264109,179.605057
138.4546731204498,-694.8621372593951,-22.67404803125512,-179.488663,0.264109,179.605057
138.45461607509824,-694.9303054413904,-22.764223645383076,-179.488663,0.264109,179.605057
138.45367532807097,-694.9970777737338,-22.676621481733257,-179.488663,0.264109,179.605057
138.4521605535552,-695.0583546185316,-22.7454737989274,-179.488663,0.264109,179.605057
138.4501418503348,-695.1176608729163,-22.63654833834376,-179.488663,0.264109,179.605057
138.44846173848597,-695.1757295424894,-22.767298950427598,-179.488663,0.264109,179.605057
138.44728390650218,-695.2284581629107,-22.72027178473366,-179.488663,0.264109,179.605057
138.4466339485463,-695.2793688553445,-22.77280790533467,-179.488663,0.264109,179.605057
138.44609880924244,-695.3291918989995,-22.670234726555208,-179.488663,0.264109,179.605057
138.4455942445391,-695.3738221518336,-22.837006557854313,-179.488663,0.264109,179.605057
138.44469230412057,-695.4167791051296,-22.826000611375637,-179.488663,0.264109,179.605057
138.44331304948938,-695.4587904551825,-22.866985988840096,-179.488663,0.264109,179.605057
138.44226861474817,-695.4957485231636,-22.832618359732667,-179.488663,0.264109,179.605057
138.44130599816796,-695.5311703088747,-22.93560796380061,-179.488663,0.264109,179.605057
138.44037343576684,-695.5657810616239,-22.860819790090773,-179.488663,0.264109,179.605057
138.43946014731125,-695.595470699297,-23.049078479607168,-179.488663,0.264109,179.605057
138.43897436930283,-695.6237538613304,-23.059559391345783,-179.488663,0.264109,179.605057
138.43817033555993,-695.6470868121536,-23.12219147178142,-179.488663,0.264109,179.605057
138.43649275248342,-695.6690978743229,-23.103093915499798,-179.488663,0.264109,179.605057
138.43466431849944,-695.6905315125441,-23.21929082041361,-179.488663,0.264109,179.605057
138.43406371872842,-695.7115448320098,-23.157709947549645,-179.488663,0.264109,179.605057
138.43494922766342,-695.7279085649587,-23.354150246767368,-179.488663,0.264109,179.605057
138.43694247554586,-695.7431096519579,-23.37281276820731,-179.488663,0.264109,179.605057
138.4370738116924,-695.7535953498631,-23.442131676918518,-179.488663,0.264109,179.605057
138.43683089759983,-695.7629888400236,-23.432212251288732,-179.488663,0.264109,179.605057
138.43651658823768,-695.7720302923308,-23.554375205116152,-179.488663,0.264109,179.605057
138.43783513666588,-695.7808727475234,-23.4987603811658,-179.488663,0.264109,179.605057
138.43946150396337,-695.7852829772637,-23.690072909971946,-179.488663,0.264109,179.605057
138.44112630447765,-695.7887440386461,-23.703607661000316,-179.488663,0.264109,179.605057
138.44072178113902,-695.7876993757062,-23.767488142619698,-179.488663,0.264109,179.605057
138.43785581291735,-695.7857684253303,-23.736667251031836,-179.488663,0.264109,179.605057
138.43577031615595,-695.7836876798724,-23.85101389256716,-179.488663,0.264109,179.605057
138.43592390741836,-695.7773399015559,-23.787582756324706,-179.488663,0.264109,179.605057
138.43652313187644,-695.7702289961813,-23.929996783395463,-179.488663,0.264109,179.605057
138.43843673844802,-695.758799931605,-23.89463303268844,-179.488663,0.264109,179.605057
138.44099667237109,-695.7466697818846,-23.90805439497792,-179.488663,0.264109,179.605057
138.44447079714863,-695.7303052661536,-23.81198910227323,-179.488663,0.264109,179.605057
138.44848901698913,-695.7133266169997,-23.862699167892156,-179.488663,0.264109,179.605057
138.45255890782673,-695.6964666152825,-23.735631455733305,-179.488663,0.264109,179.605057
138.45534924997182,-695.6798701297438,-23.780709464886947,-179.488663,0.264109,179.605057
138.45661021973459,-695.6592957196796,-23.648009696262807,-179.488663,0.264109,179.605057
138.45919182567312,-695.6339516718756,-23.65786291063637,-179.488663,0.264109,179.605057
138.4615901760068,-695.6080141452036,-23.489938347232155,-179.488663,0.264109,179.605057
138.463094654237,-695.5823268120262,-23.514828086239184,-179.488663,0.264109,179.605057
138.46398829435614,-695.5527881818417,-23.361940047468433,-179.488663,0.264109,179.605057
138.46557016841578,-695.5228993972186,-23.359006956530795,-179.488663,0.264109,179.605057
138.46726719149913,-695.4933656666444,-23.178296087815372,-179.488663,0.264109,179.605057
138.4689631089478,-695.4600563154928,-23.222204424563294,-179.488663,0.264109,179.605057
138.4698115744436,-695.4264655732197,-23.088334983533432,-179.488663,0.264109,179.605057
138.47335492692844,-695.3890296210569,-23.070155785249867,-179.488663,0.264109,179.605057
138.4765655291313,-695.351357049347,-22.877957382389145,-179.488663,0.264109,179.605057
138.4796639193798,-695.3099062747475,-22.97391116493479,-179.488663,0.264109,179.605057
138.48064069013165,-695.2682893816977,-22.892087169702656,-179.488663,0.264109,179.605057
138.48117924513352,-695.2229644829923,-22.827582272867325,-179.488663,0.264109,179.605057
138.47915849753642,-695.1775426039375,-22.760064656481767,-179.488663,0.264109,179.605057
138.47665462894093,-695.1284806622036,-22.721066550457696,-179.488663,0.264109,179.605057
138.47408974672135,-695.0793884777721,-22.642527038275592,-179.488663,0.264109,179.605057
138.47113847343516,-695.0309884447573,-22.628949780801317,-179.488663,0.264109,179.605057
138.46897322893352,-694.9791485313843,-22.51744307659178,-179.488663,0.264109,179.605057
138.46699598477727,-694.9273579207077,-22.569641361385454,-179.488663,0.264109,179.605057
138.4634417948292,-694.8763137481444,-22.444061868401352,-179.488663,0.264109,179.605057
138.45921209753533,-694.8218781581024,-22.561582890041525,-179.488663,0.264109,179.605057
138.4544967878005,-694.7675384796231,-22.501326133903916,-179.488663,0.264109,179.605057
138.44892830664926,-694.7139908144392,-22.54150588302215,-179.488663,0.264109,179.605057
138.44367905405778,-694.6570964520413,-22.424180878936205,-179.488663,0.264109,179.605057
138.4385683032151,-694.600341914466,-22.580193307968337,-179.488663,0.264109,179.605057
138.43397038340086,-694.5444225175006,-22.55842795922269,-179.488663,0.264109,179.605057
138.430361755763,-694.4851987800807,-22.581999896020992,-179.488663,0.264109,179.605057
138.42659164259788,-694.4261564677244,-22.546479379134933,-179.488663,0.264109,179.605057
138.42325351838124,-694.3679901532674,-22.621685218389477,-179.488663,0.264109,179.605057
138.42004926749874,-694.3065596259738,-22.52505610852079,-179.488663,0.264109,179.605057
138.41691736285114,-694.2453499347234,-22.727527558301933,-179.488663,0.264109,179.605057
138.41302313676107,-694.180788281846,-22.7522212303053,-179.488663,0.264109,179.605057
138.40861938648692,-694.1164744468175,-22.773205554744138,-179.488663,0.264109,179.605057
138.40458880693538,-694.0531248610124,-22.818251591790517,-179.488663,0.264109,179.605057
138.3998670742153,-693.9866024302725,-22.835433707824325,-179.488663,0.264109,179.605057
138.39507426439357,-693.9203915273382,-22.911764669990195,-179.488663,0.264109,179.605057
138.38786962578007,-693.8551845961401,-22.897052710824855,-179.488663,0.264109,179.605057
138.38151886515737,-693.7868391800887,-23.046317887211536,-179.488663,0.264109,179.605057
138.37912697983947,-693.7188380907614,-23.01780528582044,-179.488663,0.264109,179.605057
138.3816693319515,-693.6518729933828,-23.213139621472266,-179.488663,0.264109,179.605057
138.38639437365282,-693.5818008202232,-23.230696179346317,-179.488663,0.264109,179.605057
138.38902297490114,-693.5121038139257,-23.361509916222904,-179.488663,0.264109,179.605057
138.38749890350778,-693.4434730873124,-23.314545875321706,-179.488663,0.264109,179.605057
138.38023441771256,-693.3760316980813,-23.551520787934805,-179.488663,0.264109,179.605057
138.37028072172382,-693.3055206760844,-23.61071792277013,-179.488663,0.264109,179.605057
138.36321963626156,-693.2353985509584,-23.67361478693348,-179.488663,0.264109,179.605057
138.36628638612007,-693.162084830986,-23.716745791105676,-179.488663,0.264109,179.605057
138.37256886482248,-693.0891754760619,-23.789059184152013,-179.488663,0.264109,179.605057
138.37693936070772,-693.0173839271952,-23.802864329074783,-179.488663,0.264109,179.605057
138.37839952408802,-692.942570308235,-23.908561887536834,-179.488663,0.264109,179.605057
138.37761418753263,-692.86821629117,-23.854073956766747,-179.488663,0.264109,179.605057
138.37680158688775,-692.7950116738381,-24.058590285828004,-179.488663,0.264109,179.605057
138.3764057570786,-692.7188114021214,-24.085328837111486,-179.488663,0.264109,179.605057
138.37568824434942,-692.6430957367255,-24.124427518305684,-179.488663,0.264109,179.605057
138.37450593299508,-692.5685538376129,-24.125084205204246,-179.488663,0.264109,179.605057
138.3744794770105,-692.4910401765441,-24.175729460373308,-179.488663,0.264109,179.605057
138.3775610128072,-692.4140345795971,-24.132739368424875,-179.488663,0.264109,179.605057
138.38491809845107,-692.3382257861866,-24.235017077227823,-179.488663,0.264109,179.605057
138.39343632662408,-692.2594678563231,-24.159517008252994,-179.488663,0.264109,179.605057
138.4000123018356,-692.1812402119491,-24.27794850098882,-179.488663,0.264109,179.605057
138.40446185702956,-692.1042311956154,-24.21860221594687,-179.488663,0.264109,179.605057
138.40842284565727,-692.0242944775664,-24.256096868794565,-179.488663,0.264109,179.605057
138.41469556468903,-691.9449090969422,-24.11581374386448,-179.488663,0.264109,179.605057
138.42134141779758,-691.8667630203273,-24.2356036631924,-179.488663,0.264109,179.605057
138.42837804558837,-691.7857095487151,-24.177615804742537,-179.488663,0.264109,179.605057
138.43374830738705,-691.7052273585886,-24.112815124381193,-179.488663,0.264109,179.605057
138.43501114115284,-691.626004060352,-24.027427458316765,-179.488663,0.264109,179.605057
138.4354345290096,-691.5438926051796,-23.953340590646366,-179.488663,0.264109,179.605057
138.4377391172795,-691.4623713259824,-23.826127147874804,-179.488663,0.264109,179.605057
138.4424422803766,-691.3821274957289,-23.766771774716293,-179.488663,0.264109,179.605057
138.44879026900844,-691.2990137341832,-23.599490107758257,-179.488663,0.264109,179.605057
138.4549662735756,-691.2165080487656,-23.621956530466097,-179.488663,0.264109,179.605057
138.46019871148704,-691.1310307260995,-23.466645175396156,-179.488663,0.264109,179.605057
138.46434490806152,-691.0461747534616,-23.478091922734944,-179.488663,0.264109,179.605057
138.46739355490624,-690.9626498913292,-23.311760892295954,-179.488663,0.264109,179.605057
138.47017933327206,-690.8805791604481,-23.341573765249827,-179.488663,0.264109,179.605057
138.47246225131647,-690.7956998173231,-23.193608860425922,-179.488663,0.264109,179.605057
138.4762547957955,-690.7114659246294,-23.22759125735465,-179.488663,0.264109,179.605057
138.4802953271511,-690.6285591151624,-23.0837958765056,-179.488663,0.264109,179.605057
138.48474043499164,-690.5428301747421,-23.134327377920684,-179.488663,0.264109,179.605057
138.48879079437322,-690.4577560641727,-23.007081101557986,-179.488663,0.264109,179.605057
138.49270459895178,-690.3697561958127,-23.046952717718035,-179.488663,0.264109,179.605057
138.49612476290463,-690.2824227295779,-22.90904655610031,-179.488663,0.264109,179.605057
138.49980822306722,-690.1964646197323,-22.971385092129857,-179.488663,0.264109,179.605057
138.50267062214942,-690.107737429838,-22.855945850381627,-179.488663,0.264109,179.605057
138.50450676600641,-690.0197183217458,-22.890236853295345,-179.488663,0.264109,179.605057
138.5052884336613,-689.9330926573291,-22.74675007843129,-179.488663,0.264109,179.605057
138.50338408902462,-689.8437110244301,-22.847528836538054,-179.488663,0.264109,179.605057
138.4997376259423,-689.7550494032806,-22.77052981686704,-179.488663,0.264109,179.605057
138.4953839333124,-689.6677927497594,-22.776515560763176,-179.488663,0.264109,179.605057
138.49382538062378,-689.577791406614,-22.67288136538073,-179.488663,0.264109,179.605057
138.49325868867274,-689.4842544779797,-22.757606446573693,-179.488663,0.264109,179.605057
138.49166642848806,-689.3913407352326,-22.664553749988883,-179.488663,0.264109,179.605057
138.48989170013485,-689.2998730695597,-22.75330202207468,-179.488663,0.264109,179.605057
138.48933771872896,-689.2057288261024,-22.6642725163827,-179.488663,0.264109,179.605057
138.48903576555918,-689.1123882074395,-22.769384625869336,-179.488663,0.264109,179.605057
138.4891991791484,-689.0205358247565,-22.69671895757819,-179.488663,0.264109,179.605057
138.489453341985,-688.926020767601,-22.799037293618984,-179.488663,0.264109,179.605057
138.48766870657744,-688.8280507230305,-22.723577851882002,-179.488663,0.264109,179.605057
138.4855016930024,-688.7265163660554,-22.873829276999196,-179.488663,0.264109,179.605057
138.48246769020912,-688.6257131907875,-22.846302924338612,-179.488663,0.264109,179.605057
138.4797141065008,-688.5264898970204,-22.945374134328475,-179.488663,0.264109,179.605057
138.47664510202227,-688.4247270886203,-22.866667566540556,-179.488663,0.264109,179.605057
138.4743779947867,-688.3239036705687,-23.080217446187085,-179.488663,0.264109,179.605057
138.4723035103026,-688.2247020636435,-23.115989548055833,-179.488663,0.264109,179.605057
138.47111838748145,-688.1229690195754,-23.173090444941252,-179.488663,0.264109,179.605057
138.4709493254064,-688.0221765580387,-23.21487303902111,-179.488663,0.264109,179.605057
138.47098587991894,-687.9230057057948,-23.29818542666579,-179.488663,0.264109,179.605057
138.47106303786262,-687.8255696053079,-23.318409847257993,-179.488663,0.264109,179.605057
138.47114721913505,-687.7255995463794,-23.459310124048766,-179.488663,0.264109,179.605057
138.4712316078285,-687.6265444921561,-23.422432623061763,-179.488663,0.264109,179.605057
138.4713148378114,-687.5248145552007,-23.666532991373437,-179.488663,0.264109,179.605057
138.47098598567024,-687.4239964674688,-23.732855581907334,-179.488663,0.264109,179.605057
138.4701687274458,-687.3247946068294,-23.80881677546195,-179.488663,0.264109,179.605057
138.47008674456612,-687.2230601958487,-23.864013186204254,-179.488663,0.264109,179.605057
138.47097431606747,-687.1222661642004,-23.949117123855967,-179.488663,0.264109,179.605057
138.4720431752059,-687.0230937235353,-23.979674738880888,-179.488663,0.264109,179.605057
138.4727224236529,-686.9213893868896,-24.091271958283794,-179.488663,0.264109,179.605057
138.47413720065032,-686.8206251327246,-24.063576681501168,-179.488663,0.264109,179.605057
138.47567896208503,-686.7214819866705,-24.263334765027764,-179.488663,0.264109,179.605057
138.4772241931334,-686.6198064314269,-24.285315070776583,-179.488663,0.264109,179.605057
138.4795694748185,-686.5190704466867,-24.387709138972994,-179.488663,0.264109,179.605057
138.48204141151368,-686.4199550656078,-24.34105804753453,-179.488663,0.264109,179.605057
138.48491418944454,-686.31830677957,-24.50993555548752,-179.488663,0.264109,179.605057
138.48782627833637,-686.2175975770529,-24.501035285662734,-179.488663,0.264109,179.605057
138.49070481304506,-686.1185084998979,-24.58071173537071,-179.488663,0.264109,179.605057
138.4947694755346,-686.0168860480238,-24.49679871919075,-179.488663,0.264109,179.605057
138.49901355504713,-685.9162022182992,-24.67427365726846,-179.488663,0.264109,179.605057
138.50241004661117,-685.8171380608051,-24.6739708175684,-179.488663,0.264109,179.605057
138.50517804826106,-685.7155400835524,-24.672655817068506,-179.488663,0.264109,179.605057
138.50695965146022,-685.6148802913578,-24.643905617901662,-179.488663,0.264109,179.605057
138.5089293032793,-685.5158397421084,-24.629412305401956,-179.488663,0.264109,179.605057
138.5117298853298,-685.4142649514818,-24.567206226234795,-179.488663,0.264109,179.605057
138.51465682292633,-685.313627931824,-24.55351982484673,-179.488663,0.264109,179.605057
138.5188011818529,-685.2103430817509,-24.426555560493505,-179.488663,0.264109,179.605057
138.52313008305185,-685.1079976056845,-24.459266312193332,-179.488663,0.264109,179.605057
138.52743432611047,-685.0072955845237,-24.31419928611538,-179.488663,0.264109,179.605057
138.5300279771953,-684.9040877942003,-24.31038157402308,-179.488663,0.264109,179.605057
138.53224262240326,-684.8018466941735,-24.128786084153,-179.488663,0.264109,179.605057
138.53434996925955,-684.701253027851,-24.1511401672698,-179.488663,0.264109,179.605057
138.53681655195692,-684.5981528470791,-23.995716472608823,-179.488663,0.264109,179.605057
138.53890923486853,-684.4960176770994,-23.983848230377124,-179.488663,0.264109,179.605057
138.54089737522162,-684.3955280983624,-23.79420221036764,-179.488663,0.264109,179.605057
138.54242566462244,-684.2925301563271,-23.848772065939,-179.488663,0.264109,179.605057
138.54342958149462,-684.1904954012521,-23.72556414373258,-179.488663,0.264109,179.605057
138.54513567926557,-684.0901044445303,-23.678804725187725,-179.488663,0.264109,179.605057
138.54654728204798,-683.9872033633081,-23.514502067206926,-179.488663,0.264109,179.605057
138.54787990970425,-683.8852637392299,-23.5606722749527,-179.488663,0.264109,179.605057
138.5499991227419,-683.7849662145672,-23.429064704920698,-179.488663,0.264109,179.605057
138.5522455129371,-683.6821568968053,-23.439075188307374,-179.488663,0.264109,179.605057
138.55284272323658,-683.5803073973871,-23.27130789391627,-179.488663,0.264109,179.605057
138.55310160389936,-683.4800983878516,-23.364143162345886,-179.488663,0.264109,179.605057
138.55328913677644,-683.3773760044282,-23.279200652997726,-179.488663,0.264109,179.605057
138.55345973296215,-683.2756118867917,-23.263603501911327,-179.488663,0.264109,179.605057
138.5536245155527,-683.1754867342075,-23.14136195372199,-179.488663,0.264109,179.605057
138.55378579184966,-683.0728467101375,-23.206261956259773,-179.488663,0.264109,179.605057
138.55353162873607,-682.9711634810014,-23.093384181019776,-179.488663,0.264109,179.605057
138.55319799250466,-682.8668511056665,-23.158697806419767,-179.488663,0.264109,179.605057
138.5528532066983,-682.7634964548744,-23.04623365404198,-179.488663,0.264109,179.605057
138.55251109459732,-682.661803281802,-23.12687390800496,-179.488663,0.264109,179.605057
138.5525868272762,-682.5576220405129,-23.029736384190162,-179.488663,0.264109,179.605057
138.55274505182405,-682.4544248743455,-23.10508150165927,-179.488663,0.264109,179.605057
138.55250507999656,-682.3528922162322,-23.002648841350602,-179.488663,0.264109,179.605057
138.55177821516,-682.2488698130898,-23.116939008531713,-179.488663,0.264109,179.605057
138.5505536426882,-682.145828890675,-23.05345139793505,-179.488663,0.264109,179.605057
138.54924694483114,-682.0401830686357,-23.132949060040602,-179.488663,0.264109,179.605057
138.54835307271102,-681.9355187850293,-23.034668944368377,-179.488663,0.264109,179.605057
138.54714381191954,-681.8325393678098,-23.20603322604431,-179.488663,0.264109,179.605057
138.54588867176952,-681.7270948533568,-23.199619729942462,-179.488663,0.264109,179.605057
138.54464220662987,-681.622656974774,-23.250341601223315,-179.488663,0.264109,179.605057
138.54341520399655,-681.5199057620828,-23.215256526866334,-179.488663,0.264109,179.605057
138.54220954456858,-681.4146865664836,-23.342472628572413,-179.488663,0.264109,179.605057
138.54143596760468,-681.3104702250848,-23.29191095250071,-179.488663,0.264109,179.605057
138.54117047578373,-681.2079366424927,-23.483970634842436,-179.488663,0.264109,179.605057
138.5418334879862,-681.102931200392,-23.498252539406383,-179.488663,0.264109,179.605057
138.541028327042,-680.9946581304552,-23.59872669846647,-179.488663,0.264109,179.605057
138.53994098264633,-680.8872714186123,-23.570606300032996,-179.488663,0.264109,179.605057
138.538812666014,-680.7815892560678,-23.780800208533236,-179.488663,0.264109,179.605057
138.53728153543756,-680.6734843719169,-23.8132163392557,-179.488663,0.264109,179.605057
138.53487028481828,-680.5664324351305,-23.95310447694048,-179.488663,0.264109,179.605057
138.53272797019923,-680.4568469375846,-23.91521483684749,-179.488663,0.264109,179.605057
138.5319019112548,-680.3440466105185,-24.17426432589137,-179.488663,0.264109,179.605057
138.53299529628362,-680.2322075888667,-24.25553603715747,-179.488663,0.264109,179.605057
138.53568901974225,-680.1221514277169,-24.306111985047302,-179.488663,0.264109,179.605057
138.53825383348652,-680.0097504151814,-24.398446649675357,-179.488663,0.264109,179.605057
138.5387012768258,-679.8984790245471,-24.411782564184154,-179.488663,0.264109,179.605057
138.53748688244548,-679.7890160847378,-24.552552662225047,-179.488663,0.264109,179.605057
138.53595739190794,-679.6772049746817,-24.515544982488162,-179.488663,0.264109,179.605057
138.5327439682266,-679.5665144330304,-24.74069111538297,-179.488663,0.264109,179.605057
138.5386901266089,-679.4533556038748,-24.788059470500002,-179.488663,0.264109,179.605057
138.54515163381802,-679.3413124872328,-24.83264785641606,-179.488663,0.264109,179.605057
138.5516243138011,-679.2268193485304,-24.879538502111515,-179.488663,0.264109,179.605057
138.55595206133478,-679.1134645522773,-24.914150448174638,-179.488663,0.264109,179.605057
138.5577341610803,-679.0019495816164,-24.944807693624988,-179.488663,0.264109,179.605057
138.55939245251628,-678.8881219001012,-24.960453617874407,-179.488663,0.264109,179.605057
138.56100239770103,-678.7754505589966,-24.99173743301426,-179.488663,0.264109,179.605057
138.56052466552623,-678.6646129228253,-24.96548894111451,-179.488663,0.264109,179.605057
138.56086997007048,-678.5514517184663,-25.012115716502983,-179.488663,0.264109,179.605057
138.56260697096053,-678.4394352042651,-24.916622379744418,-179.488663,0.264109,179.605057
138.56500827377377,-678.3292407518529,-25.035924429897584,-179.488663,0.264109,179.605057
138.56709761844274,-678.2167112551218,-24.977448702272973,-179.488663,0.264109,179.605057
138.567452189692,-678.1053151690361,-24.993262026091767,-179.488663,0.264109,179.605057
138.56622098568846,-677.9957300649703,-24.86600906417155,-179.488663,0.264109,179.605057
138.56345813709132,-677.8837990343442,-24.95278213403858,-179.488663,0.264109,179.605057
138.5608389200888,-677.7729907263971,-24.86177742612783,-179.488663,0.264109,179.605057
138.55828568049148,-677.6639829033655,-24.837414250423524,-179.488663,0.264109,179.605057
138.55660328244946,-677.5526188441335,-24.670040165486252,-179.488663,0.264109,179.605057
138.55511898015732,-677.4423673820592,-24.718006751492815,-179.488663,0.264109,179.605057
138.55451674042556,-677.3339064602105,-24.5881955597216,-179.488663,0.264109,179.605057
138.55409947839314,-677.2230795350732,-24.54257065711807,-179.488663,0.264109,179.605057
138.55249314629395,-677.1133556144357,-24.3566352725684,-179.488663,0.264109,179.605057
138.5506718457935,-677.0054128126806,-24.39938020237341,-179.488663,0.264109,179.605057
138.54924412121989,-676.8950947545491,-24.26434735440064,-179.488663,0.264109,179.605057
138.54955986169227,-676.7858706130803,-24.218024323244144,-179.488663,0.264109,179.605057
138.55063047130932,-676.6784186649559,-24.03419257517164,-179.488663,0.264109,179.605057
138.55183682830747,-676.5685826943181,-24.083772421959143,-179.488663,0.264109,179.605057
138.5530531777045,-676.4598320307603,-23.95557449096887,-179.488663,0.264109,179.605057
138.55384355972322,-676.3485784380555,-23.92700268706377,-179.488663,0.264109,179.605057
138.5541268406109,-676.2384065328398,-23.74178431579449,-179.488663,0.264109,179.605057
138.5530708946109,-676.1300178544407,-23.837385779021066,-179.488663,0.264109,179.605057
138.54970878779864,-676.0192606826088,-23.755209464469864,-179.488663,0.264109,179.605057
138.54593326545415,-675.9096050252007,-23.711503677610754,-179.488663,0.264109,179.605057
138.54212875632103,-675.801729217805,-23.612611189042603,-179.488663,0.264109,179.605057
138.5383725584045,-675.6914769474504,-23.6047564477673,-179.488663,0.264109,179.605057
138.53385811087944,-675.5823174167933,-23.460679683226136,-179.488663,0.264109,179.605057
138.52925621890859,-675.4749289251786,-23.542229846350295,-179.488663,0.264109,179.605057
138.52429162051217,-675.3651552776975,-23.44600223169668,-179.488663,0.264109,179.605057
138.51932508845226,-675.2564658242517,-23.472246122786043,-179.488663,0.264109,179.605057
138.51525013811565,-675.1495390151731,-23.320712236097627,-179.488663,0.264109,179.605057
138.51059012563954,-675.0402188051414,-23.446222313911655,-179.488663,0.264109,179.605057
138.50587937646858,-674.9319746912397,-23.393954613947898,-179.488663,0.264109,179.605057
138.5008148106135,-674.8212186017394,-23.385078113887488,-179.488663,0.264109,179.605057
138.49575151080265,-674.7115353148367,-23.309541969543726,-179.488663,0.264109,179.605057
138.49034980890906,-674.603626528534,-23.35734487678333,-179.488663,0.264109,179.605057
138.48413413969251,-674.493340678423,-23.227370006245152,-179.488663,0.264109,179.605057
138.47784407764024,-674.3841479254188,-23.392263590475448,-179.488663,0.264109,179.605057
138.47121792901444,-674.2767267554341,-23.379379396927963,-179.488663,0.264109,179.605057
138.4633868016322,-674.1711876698041,-23.379237763951544,-179.488663,0.264109,179.605057
138.4558367211992,-674.0632593347075,-23.37432821891224,-179.488663,0.264109,179.605057
138.4492715624111,-673.9563881304833,-23.389604127311085,-179.488663,0.264109,179.605057
138.44381809243254,-673.8512482984493,-23.383946591090787,-179.488663,0.264109,179.605057
138.4374325206778,-673.7436833962421,-23.431057595902395,-179.488663,0.264109,179.605057
138.4284855678105,-673.6328966252762,-23.403400054549717,-179.488663,0.264109,179.605057
138.42244069538376,-673.5230411146346,-23.51400582347085,-179.488663,0.264109,179.605057
138.4199386550085,-673.4149342455424,-23.4468338146142,-179.488663,0.264109,179.605057
138.4190020989511,-673.3044479580095,-23.650595162708616,-179.488663,0.264109,179.605057
138.416749292999,-673.1950571473222,-23.67657873302525,-179.488663,0.264109,179.605057
138.41179949919703,-673.0874412124227,-23.758019449164195,-179.488663,0.264109,179.605057
138.40473626044806,-672.9774441237549,-23.766791233377063,-179.488663,0.264109,179.605057
138.39776323210523,-672.8685352073724,-23.906566615244504,-179.488663,0.264109,179.605057
138.3921394178023,-672.7613928522576,-23.868564219334168,-179.488663,0.264109,179.605057
138.3864547627774,-672.6518609451135,-24.11124447918473,-179.488663,0.264109,179.605057
138.37796234359067,-672.5434089146875,-24.176146961257512,-179.488663,0.264109,179.605057
138.36615270820005,-672.4324486218155,-24.270856868913985,-179.488663,0.264109,179.605057
138.3538475888275,-672.3225647783973,-24.31877413393098,-179.488663,0.264109,179.605057
138.34572682324526,-672.2144590173098,-24.43950864779155,-179.488663,0.264109,179.605057
138.34431131264265,-672.108246376846,-24.418673080246155,-179.488663,0.264109,179.605057
138.34425698474232,-671.9996562736156,-24.635667470599586,-179.488663,0.264109,179.605057
138.33995655493482,-671.8921350704114,-24.674884083175243,-179.488663,0.264109,179.605057
138.33034717752534,-671.7820901709913,-24.753251417771374,-179.488663,0.264109,179.605057
138.31940201062974,-671.673105615342,-24.75696666011115,-179.488663,0.264109,179.605057
138.31122179487724,-671.5658831310161,-24.8743102339893,-179.488663,0.264109,179.605057
138.3090531324218,-671.4562713362874,-24.813876030089666,-179.488663,0.264109,179.605057
138.31181362382517,-671.3477406027811,-25.016555614366826,-179.488663,0.264109,179.605057
138.3105926856781,-671.240969629729,-25.041457420866212,-179.488663,0.264109,179.605057
138.30571460385238,-671.1318024626069,-25.069516721145014,-179.488663,0.264109,179.605057
138.30017447045466,-671.0237086563808,-25.08387264290257,-179.488663,0.264109,179.605057
138.2921149419731,-670.917366856467,-25.08019748441776,-179.488663,0.264109,179.605057
138.29311682554652,-670.8086212078588,-25.088732704114665,-179.488663,0.264109,179.605057
138.29263140918675,-670.6924080609587,-25.009255426842042,-179.488663,0.264109,179.605057
138.2930874365397,-670.5763542236004,-25.039827066740855,-179.488663,0.264109,179.605057
138.29372526691284,-670.4619827916152,-24.892620928861895,-179.488663,0.264109,179.605057
138.3013752754136,-670.3453077899596,-24.98018244754906,-179.488663,0.264109,179.605057
138.31031891941896,-670.2298314521712,-24.889966188458438,-179.488663,0.264109,179.605057
138.3165176475883,-670.1162371772937,-24.825243242498356,-179.488663,0.264109,179.605057
138.3175601217898,-670.0046348780188,-24.68938077465405,-179.488663,0.264109,179.605057
138.31550140778685,-669.8907515398985,-24.638263021061224,-179.488663,0.264109,179.605057
138.31326418007552,-669.7780316681515,-24.42811278816038,-179.488663,0.264109,179.605057
138.3122550679722,-669.6628809500771,-24.47831624299512,-179.488663,0.264109,179.605057
138.31232726414035,-669.5488817618387,-24.350741920052084,-179.488663,0.264109,179.605057
138.31425736183957,-669.436734201356,-24.288227302734924,-179.488663,0.264109,179.605057
138.3173529228999,-669.3222852872844,-24.126681087152413,-179.488663,0.264109,179.605057
138.31981621754184,-669.2090038203842,-24.139588424234372,-179.488663,0.264109,179.605057
138.31554380315404,-669.0933002904475,-23.974717983538557,-179.488663,0.264109,179.605057
138.3099850101872,-668.9787579092181,-24.020424718031585,-179.488663,0.264109,179.605057
138.3063031110045,-668.8618101382633,-23.888353674746835,-179.488663,0.264109,179.605057
138.30304895536702,-668.7460445465503,-23.902896969110305,-179.488663,0.264109,179.605057
138.30033729642986,-668.6321618346567,-23.739662485695995,-179.488663,0.264109,179.605057
138.29777270264876,-668.5202753639627,-23.829643513608733,-179.488663,0.264109,179.605057
138.29239755167708,-668.4061127490919,-23.741846763743695,-179.488663,0.264109,179.605057
138.2853047358589,-668.2931185514639,-23.74980881351876,-179.488663,0.264109,179.605057
138.27714615156304,-668.1776983992063,-23.612763441671422,-179.488663,0.264109,179.605057
138.269302891215,-668.063434587077,-23.724463061416984,-179.488663,0.264109,179.605057
138.26245557758142,-667.9510271283016,-23.658384903384764,-179.488663,0.264109,179.605057
138.25549417064022,-667.8363229573882,-23.665004411216238,-179.488663,0.264109,179.605057
138.24943028504734,-667.7227907922561,-23.560350564830447,-179.488663,0.264109,179.605057
138.2440428123192,-667.6111077079619,-23.65715230880677,-179.488663,0.264109,179.605057
138.23886724399836,-667.4971161548119,-23.57617627500531,-179.488663,0.264109,179.605057
138.2333969979751,-667.3842841210912,-23.64859339800774,-179.488663,0.264109,179.605057
138.2250691710215,-667.269022046847,-23.54323274323239,-179.488663,0.264109,179.605057
138.215466934754,-667.1549132473318,-23.68359045674686,-179.488663,0.264109,179.605057
138.20533393731733,-667.0426579834666,-23.646170392483555,-179.488663,0.264109,179.605057
138.19647267916596,-666.9281032793731,-23.703879744033507,-179.488663,0.264109,179.605057
138.18840246232085,-666.8147179096921,-23.619509758116916,-179.488663,0.264109,179.605057
138.18019456348773,-666.7031789988181,-23.784177601311235,-179.488663,0.264109,179.605057
138.1716651961515,-666.5893290442156,-23.771067666727774,-179.488663,0.264109,179.605057
138.16319284167233,-666.4766360802216,-23.853667779922432,-179.488663,0.264109,179.605057
138.1540292743616,-666.3657772587263,-23.791340302375783,-179.488663,0.264109,179.605057
138.14444712410852,-666.2525952578586,-23.979977476064644,-179.488663,0.264109,179.605057
138.13532820340393,-666.1405583206842,-23.990836871975723,-179.488663,0.264109,179.605057
138.12807606437016,-666.0303438104663,-24.079623567679477,-179.488663,0.264109,179.605057
138.12376620098127,-665.9177946142293,-24.04606991928433,-179.488663,0.264109,179.605057
138.11969542188953,-665.8063791804684,-24.223489199942907,-179.488663,0.264109,179.605057
138.11408591073766,-665.6925084075939,-24.223130702823706,-179.488663,0.264109,179.605057
138.10742709955457,-665.5797660623331,-24.367823131355706,-179.488663,0.264109,179.605057
138.10024246479094,-665.4688528492832,-24.334737782109933,-179.488663,0.264109,179.605057
138.0942868467834,-665.3556162283721,-24.545762697519557,-179.488663,0.264109,179.605057
138.08784040091655,-665.2435254022753,-24.579009835151403,-179.488663,0.264109,179.605057
138.07851102781902,-665.1289912491122,-24.67716736132055,-179.488663,0.264109,179.605057
138.06873775369274,-665.0155973607144,-24.673740017705306,-179.488663,0.264109,179.605057
138.05901469703718,-664.9040442383491,-24.844809768175157,-179.488663,0.264109,179.605057
138.05437152290375,-664.7944458024862,-24.838101740867234,-179.488663,0.264109,179.605057
138.05163169486246,-664.6825303705671,-24.992540097491553,-179.488663,0.264109,179.605057
138.04807950248284,-664.5717432255794,-24.969200676338097,-179.488663,0.264109,179.605057
138.04236024619382,-664.4627573773736,-25.12599482270497,-179.488663,0.264109,179.605057
138.0366995843235,-664.3514151428097,-25.105011191294068,-179.488663,0.264109,179.605057
138.0340075929724,-664.2411851649769,-25.23911991031224,-179.488663,0.264109,179.605057
138.03482406626875,-664.1284786870639,-25.195450851552636,-179.488663,0.264109,179.605057
138.03756439820776,-664.0168798457097,-25.34954674948531,-179.488663,0.264109,179.605057
138.0328425282655,-663.9070897151886,-25.325864869640206,-179.488663,0.264109,179.605057
138.02669537343058,-663.7992227864682,-25.426946758270933,-179.488663,0.264109,179.605057
138.0191168100415,-663.6890079388722,-25.350250869123887,-179.488663,0.264109,179.605057
138.01793574895422,-663.5798910075555,-25.48144766214675,-179.488663,0.264109,179.605057
138.0180509856405,-663.4682788780735,-25.434866677391835,-179.488663,0.264109,179.605057
138.01677939851533,-663.3577550814667,-25.45669116309447,-179.488663,0.264109,179.605057
138.01524853142251,-663.2490208454311,-25.346195775812298,-179.488663,0.264109,179.605057
138.0087560251126,-663.1379242973111,-25.429932354615918,-179.488663,0.264109,179.605057
138.00752886216014,-663.0279353265697,-25.335891155641757,-179.488663,0.264109,179.605057
138.00737222086337,-662.9197321588879,-25.314693687265358,-179.488663,0.264109,179.605057
138.00825324501838,-662.8091583746473,-25.123697467892697,-179.488663,0.264109,179.605057
138.00562971658692,-662.6996830720263,-25.186108411291578,-179.488663,0.264109,179.605057
137.99987681226472,-662.591984447811,-25.070741576912685,-179.488663,0.264109,179.605057
137.9931691851814,-662.4819062063767,-24.963442745321956,-179.488663,0.264109,179.605057
137.98924245535326,-662.3729175987102,-24.842697242417618,-179.488663,0.264109,179.605057
137.98757219624483,-662.2656969779952,-24.739192369480406,-179.488663,0.264109,179.605057
137.98514498607656,-662.1560882034984,-24.617764135486873,-179.488663,0.264109,179.605057
137.97890135046313,-662.0475606785936,-24.52009759214276,-179.488663,0.264109,179.605057
137.9703405614672,-661.9365262395171,-24.388468764382946,-179.488663,0.264109,179.605057
137.9630807619049,-661.8265695740729,-24.318144188427077,-179.488663,0.264109,179.605057
137.9598839662676,-661.7183922914861,-24.155516792797968,-179.488663,0.264109,179.605057
137.96083234806434,-661.6078427401563,-24.15095391884648,-179.488663,0.264109,179.605057
137.96341761058454,-661.4983909953637,-23.968613267117217,-179.488663,0.264109,179.605057
137.96259570329357,-661.3907154589155,-24.02134848666599,-179.488663,0.264109,179.605057
137.95863827361077,-661.2806598828768,-23.896305928436988,-179.488663,0.264109,179.605057
137.95534202289397,-661.1716935337791,-23.89772459215199,-179.488663,0.264109,179.605057
137.9505822213139,-661.0602281070347,-23.736781663738093,-179.488663,0.264109,179.605057
137.94272096007253,-660.9455814841635,-23.893442633316816,-179.488663,0.264109,179.605057
137.93435121150324,-660.8276624851477,-23.872325825117763,-179.488663,0.264109,179.605057
137.92805213522578,-660.7107660811113,-23.81713259433841,-179.488663,0.264109,179.605057
137.92513322471373,-660.5914700560392,-23.825332512303994,-179.488663,0.264109,179.605057
137.9274527496376,-660.4733907613387,-23.72554544902802,-179.488663,0.264109,179.605057
137.93202075062754,-660.3572341626817,-23.812805843376868,-179.488663,0.264109,179.605057
137.93615036859438,-660.2388474415255,-23.72228845994794,-179.488663,0.264109,179.605057
137.93972291094553,-660.1216984181259,-23.806357521218377,-179.488663,0.264109,179.605057
137.94395633979343,-660.0064630537214,-23.712648804711037,-179.488663,0.264109,179.605057
137.94908307050815,-659.8932493240764,-23.814294887778825,-179.488663,0.264109,179.605057
137.95472621475943,-659.7777834055381,-23.73816319306884,-179.488663,0.264109,179.605057
137.95710527255534,-659.6635092311739,-23.817601884252152,-179.488663,0.264109,179.605057
137.95386612201597,-659.5510986383465,-23.719262797657688,-179.488663,0.264109,179.605057
137.94708361995055,-659.4363928235912,-23.857372830870684,-179.488663,0.264109,179.605057
137.9396889098315,-659.3228593360377,-23.8177050863059,-179.488663,0.264109,179.605057
137.93391959397897,-659.2069083457478,-23.876868305024985,-179.488663,0.264109,179.605057
137.93020185391632,-659.0921229356613,-23.784022940493173,-179.488663,0.264109,179.605057
137.926947303537,-658.9792031452256,-23.953004503601743,-179.488663,0.264109,179.605057
137.92136590025527,-658.8639957824063,-23.944208288932533,-179.488663,0.264109,179.605057
137.91539850635084,-658.7499694098259,-23.984896024492325,-179.488663,0.264109,179.605057
137.9090281172574,-658.6378009437033,-23.950649709670447,-179.488663,0.264109,179.605057
137.90102328577106,-658.523332677057,-24.04413223437358,-179.488663,0.264109,179.605057
137.8911627456317,-658.4100324434319,-23.95983698129894,-179.488663,0.264109,179.605057
137.8798375247771,-658.2985771975112,-24.156983291978904,-179.488663,0.264109,179.605057
137.86879110425377,-658.1848094237403,-24.17635182488109,-179.488663,0.264109,179.605057
137.8596019928886,-658.0721971749595,-24.211573158933003,-179.488663,0.264109,179.605057
137.85173636627226,-657.9614176276039,-24.22274186884648,-179.488663,0.264109,179.605057
137.8446597477398,-657.8483134852066,-24.275426907879574,-179.488663,0.264109,179.605057
137.83784157606544,-657.7363530160487,-24.26457708726886,-179.488663,0.264109,179.605057
137.83117206331542,-657.6262136082111,-24.359637188286715,-179.488663,0.264109,179.605057
137.82544847097603,-657.5137381731045,-24.28289968659029,-179.488663,0.264109,179.605057
137.82122746492092,-657.4023951831766,-24.486403344973223,-179.488663,0.264109,179.605057
137.8161350082088,-657.2928622270304,-24.51212922557838,-179.488663,0.264109,179.605057
137.8109406874163,-657.1809824130166,-24.539258091236455,-179.488663,0.264109,179.605057
137.8070318685923,-657.0702244070064,-24.549026426250773,-179.488663,0.264109,179.605057
137.803435742252,-656.9612659875713,-24.5868080901158,-179.488663,0.264109,179.605057
137.79831063264967,-656.8499504496388,-24.580740339229646,-179.488663,0.264109,179.605057
137.7900761723982,-656.739746642324,-24.645893968484348,-179.488663,0.264109,179.605057
137.7788711765627,-656.6270658575036,-24.585783875282065,-179.488663,0.264109,179.605057
137.76681898910667,-656.5154922483437,-24.727415186174756,-179.488663,0.264109,179.605057
137.7572345499926,-656.4057268989797,-24.691268719289663,-179.488663,0.264109,179.605057
137.76019819479214,-656.2936176420991,-24.76574038632037,-179.488663,0.264109,179.605057
137.76562930675942,-656.1826340464798,-24.662434275573297,-179.488663,0.264109,179.605057
137.76983222523452,-656.0734540164725,-24.820675482373975,-179.488663,0.264109,179.605057
137.77372973017066,-655.96192081557,-24.801138911396876,-179.488663,0.264109,179.605057
137.7738129434399,-655.851503230457,-24.780794263025374,-179.488663,0.264109,179.605057
137.77313211489817,-655.7428791519344,-24.750065565866763,-179.488663,0.264109,179.605057
137.77600593866683,-655.6318919838468,-24.723032950020002,-179.488663,0.264109,179.605057
137.7795498207373,-655.5220106820144,-24.671059043097934,-179.488663,0.264109,179.605057
137.78112397925645,-655.4139133097259,-24.646573243523605,-179.488663,0.264109,179.605057
137.78063736058866,-655.3077101081965,-24.56689366503637,-179.488663,0.264109,179.605057
137.7793348406156,-655.199129519685,-24.570293495848425,-179.488663,0.264109,179.605057
137.77829833177668,-655.0916177110361,-24.416916533383894,-179.488663,0.264109,179.605057
137.77815109995697,-654.9815820485271,-24.50135262638034,-179.488663,0.264109,179.605057
137.77777315083807,-654.8726065668906,-24.408010941599002,-179.488663,0.264109,179.605057
137.7777651002024,-654.7653929949453,-24.357176149567895,-179.488663,0.264109,179.605057
137.77906492153906,-654.6557899535169,-24.229876625175297,-179.488663,0.264109,179.605057
137.7834842753667,-654.5472678170033,-24.23223698805185,-179.488663,0.264109,179.605057
137.7901091271048,-654.4405052874142,-24.056819573150623,-179.488663,0.264109,179.605057
137.79708085831138,-654.3313464129643,-24.148773397986,-179.488663,0.264109,179.605057
137.8015570341234,-654.2232607513121,-24.0629494450436,-179.488663,0.264109,179.605057
137.80547043768937,-654.1169269505185,-24.009811588836488,-179.488663,0.264109,179.605057
137.809215629511,-654.0081891581744,-23.917708371403894,-179.488663,0.264109,179.605057
137.8128739140334,-653.9005170605672,-23.889137289347108,-179.488663,0.264109,179.605057
137.81687345482715,-653.7945894384064,-23.78052784833064,-179.488663,0.264109,179.605057
137.82129503118392,-653.6862505708501,-23.808136294469197,-179.488663,0.264109,179.605057
137.82573813001179,-653.5789702736645,-23.657966962829978,-179.488663,0.264109,179.605057
137.8297116759283,-653.4734274547797,-23.759542337784232,-179.488663,0.264109,179.605057
137.8327116874984,-653.3654665183124,-23.683339934960706,-179.488663,0.264109,179.605057
137.83629743647913,-653.2585574027584,-23.676208472999914,-179.488663,0.264109,179.605057
137.84036000228977,-653.1533791365861,-23.564788998490123,-179.488663,0.264109,179.605057
137.844049486086,-653.0457762422978,-23.63471887822866,-179.488663,0.264109,179.605057
137.84720121415424,-652.9349521079941,-23.526870980189425,-179.488663,0.264109,179.605057
137.85020056649995,-652.8250598911529,-23.643526632477045,-179.488663,0.264109,179.605057
137.85353745291218,-652.7169169693326,-23.582404506986883,-179.488663,0.264109,179.605057
137.85771572153098,-652.6063952725159,-23.655062982803816,-179.488663,0.264109,179.605057
137.8620028423263,-652.4969696848322,-23.54994368084297,-179.488663,0.264109,179.605057
137.86584009450561,-652.389319594,-23.72322891744438,-179.488663,0.264109,179.605057
137.86953279870852,-652.2792889593854,-23.718736376268016,-179.488663,0.264109,179.605057
137.87273340818967,-652.1660804294845,-23.767589989339733,-179.488663,0.264109,179.605057
137.8757900789472,-652.053846397396,-23.742592545331313,-179.488663,0.264109,179.605057
137.8791851559759,-651.9391368155486,-23.857149529789798,-179.488663,0.264109,179.605057
137.8834209620522,-651.8255635489136,-23.793928736470505,-179.488663,0.264109,179.605057
137.8881753380294,-651.7095661428908,-23.994318947558217,-179.488663,0.264109,179.605057
137.89378892130622,-651.5947336498762,-24.016931380868147,-179.488663,0.264109,179.605057
137.89990517508076,-651.4775006460305,-24.103914569796036,-179.488663,0.264109,179.605057
137.90562430956788,-651.3614548538511,-24.09820232158289,-179.488663,0.264109,179.605057
137.91118268139587,-651.2472969330493,-24.261571624160357,-179.488663,0.264109,179.605057
137.91662984829273,-651.1308734991744,-24.247163148960052,-179.488663,0.264109,179.605057
137.92238797005194,-651.0156527626333,-24.443393452071675,-179.488663,0.264109,179.605057
137.92812638949636,-650.9023112604787,-24.46184597740552,-179.488663,0.264109,179.605057
137.93418992206796,-650.7866909065654,-24.613688390737998,-179.488663,0.264109,179.605057
137.93941090702398,-650.6722591606671,-24.587753026292702,-179.488663,0.264109,179.605057
137.9447997951153,-650.5554259434246,-24.81183694481264,-179.488663,0.264109,179.605057
137.94973495520304,-650.4397740598918,-24.858143085554804,-179.488663,0.264109,179.605057
137.9536860696355,-650.3260032698889,-24.953363695428976,-179.488663,0.264109,179.605057
137.95861795908715,-650.2099601053832,-24.9571892567498,-179.488663,0.264109,179.605057
137.9649078611149,-650.0951128576497,-25.098772432326207,-179.488663,0.264109,179.605057
137.97220124260681,-649.9821381763497,-25.062577830124837,-179.488663,0.264109,179.605057
137.97959159189924,-649.8711447593594,-25.251608300460454,-179.488663,0.264109,179.605057
137.98648556089515,-649.7578595016059,-25.262860993018293,-179.488663,0.264109,179.605057
137.99153953960604,-649.6457270438101,-25.357809616533004,-179.488663,0.264109,179.605057
137.99656430811828,-649.5354199187389,-25.29401631067515,-179.488663,0.264109,179.605057
138.00274377121636,-649.4227800059914,-25.47883093154935,-179.488663,0.264109,179.605057
138.00906628753424,-649.3112755255789,-25.48586777464577,-179.488663,0.264109,179.605057
138.01409549426398,-649.197317306466,-25.525409391707296,-179.488663,0.264109,179.605057
138.01797317924706,-649.0844890787291,-25.485417807715866,-179.488663,0.264109,179.605057
138.0215654105833,-648.9734915173952,-25.5657806699238,-179.488663,0.264109,179.605057
138.0262814616778,-648.8601720546588,-25.468365754353954,-179.488663,0.264109,179.605057
138.03074453733063,-648.747999866223,-25.589950258081473,-179.488663,0.264109,179.605057
138.0350935430414,-648.6376524704384,-25.533756984031214,-179.488663,0.264109,179.605057
138.03812588223806,-648.5249727517019,-25.535449063003867,-179.488663,0.264109,179.605057
138.04167309486334,-648.4134291243747,-25.405433198049447,-179.488663,0.264109,179.605057
138.0456834995948,-648.3036991135848,-25.456878306306816,-179.488663,0.264109,179.605057
138.05055083921349,-648.1916257640336,-25.330545636786407,-179.488663,0.264109,179.605057
138.05716300809064,-648.0806776788125,-25.318083552653757,-179.488663,0.264109,179.605057
138.0656745475288,-647.9715325747807,-25.127843690743326,-179.488663,0.264109,179.605057
138.07444490807381,-647.860033686244,-25.16647243837182,-179.488663,0.264109,179.605057
138.08190852104573,-647.7496498027767,-25.027323408222536,-179.488663,0.264109,179.605057
138.08612996867413,-647.6410588244437,-24.978933391804677,-179.488663,0.264109,179.605057
138.08964294486756,-647.530104165496,-24.778808308056668,-179.488663,0.264109,179.605057
138.0941962644459,-647.4202547922416,-24.83674158097002,-179.488663,0.264109,179.605057
138.09766089437835,-647.3079221116566,-24.716897076105596,-179.488663,0.264109,179.605057
138.10044784497813,-647.1966903899514,-24.67017249532408,-179.488663,0.264109,179.605057
138.1042916230806,-647.0872608222867,-24.50534172995994,-179.488663,0.264109,179.605057
138.10993476628394,-646.9754813503922,-24.552392116677954,-179.488663,0.264109,179.605057
138.11750196891524,-646.864821650141,-24.421664725618193,-179.488663,0.264109,179.605057
138.1241125832169,-646.7559597310665,-24.425507799606685,-179.488663,0.264109,179.605057
138.1300271955604,-646.6447389599653,-24.251573095817403,-179.488663,0.264109,179.605057
138.13448648858113,-646.534628224981,-24.356097513243984,-179.488663,0.264109,179.605057
138.137359296681,-646.4220388498954,-24.282844152892793,-179.488663,0.264109,179.605057
138.14028461674818,-646.3105550179021,-24.251995842367005,-179.488663,0.264109,179.605057
138.14358950132342,-646.2008778423598,-24.154702848798877,-179.488663,0.264109,179.605057
138.14692329599742,-646.0888551846043,-24.167680949190203,-179.488663,0.264109,179.605057
138.1502154587225,-645.9779566415388,-24.002881271803748,-179.488663,0.264109,179.605057
138.15345247318788,-645.8688601451349,-24.143411934114503,-179.488663,0.264109,179.605057
138.15622175379562,-645.7574089860121,-24.106164818647482,-179.488663,0.264109,179.605057
138.1592687689743,-645.6470719774975,-24.046837477759183,-179.488663,0.264109,179.605057
138.16273866240687,-645.538527036559,-24.037487045906353,-179.488663,0.264109,179.605057
138.16583311522803,-645.4276175927401,-23.95426149899441,-179.488663,0.264109,179.605057
138.16921913659792,-645.3178126271017,-24.015331632736537,-179.488663,0.264109,179.605057
138.1722046482625,-645.209790227722,-23.898623988700887,-179.488663,0.264109,179.605057
138.17424626404235,-645.0993939934962,-24.042327128760302,-179.488663,0.264109,179.605057
138.1752487309986,-644.9900930720768,-24.008252491041944,-179.488663,0.264109,179.605057
138.1752059997712,-644.8825657152122,-24.056570665016988,-179.488663,0.264109,179.605057
138.17577794775121,-644.7726556825562,-23.981216552836358,-179.488663,0.264109,179.605057
138.17687536386808,-644.6638322796507,-24.126572073137407,-179.488663,0.264109,179.605057
138.17970493258312,-644.5567739133146,-24.094149815660682,-179.488663,0.264109,179.605057
138.18325135572937,-644.4473244955024,-24.197600600344117,-179.488663,0.264109,179.605057
138.1881227117438,-644.3389534813372,-24.12327360724977,-179.488663,0.264109,179.605057
138.19360043949078,-644.2280727578807,-24.337024995740347,-179.488663,0.264109,179.605057
138.19912153612296,-644.1182670628549,-24.372998606453145,-179.488663,0.264109,179.605057
138.20375145093564,-644.0102380545113,-24.441024810820704,-179.488663,0.264109,179.605057
138.20608394837376,-643.8998341294006,-24.473039447985883,-179.488663,0.264109,179.605057
138.20792378904005,-643.7905254100936,-24.58248278604392,-179.488663,0.264109,179.605057
138.20881759839588,-643.6829903448441,-24.585458200391635,-179.488663,0.264109,179.605057
138.20950948953427,-643.5730727313342,-24.77858913203433,-179.488663,0.264109,179.605057
138.2101511567997,-643.4642418808976,-24.79394228589925,-179.488663,0.264109,179.605057
138.2128269866894,-643.3571761996152,-24.99245254056883,-179.488663,0.264109,179.605057
138.21628225952333,-643.2477195974086,-25.013185017460636,-179.488663,0.264109,179.605057
138.22025494595465,-643.1393415271374,-25.19849933375207,-179.488663,0.264109,179.605057
138.22509594800957,-643.0327205402526,-25.20603587226573,-179.488663,0.264109,179.605057
138.22922043004888,-642.9237006907475,-25.398772041409632,-179.488663,0.264109,179.605057
138.23273228211826,-642.8157515732448,-25.413730432775754,-179.488663,0.264109,179.605057
138.2364823285198,-642.7052852118136,-25.564487602721105,-179.488663,0.264109,179.605057
138.2402266797945,-642.595886478737,-25.53746699488868,-179.488663,0.264109,179.605057
138.24350597238126,-642.488257164424,-25.749728363498278,-179.488663,0.264109,179.605057
138.24705628106918,-642.3782457952229,-25.784211954330104,-179.488663,0.264109,179.605057
138.2518422996982,-642.2650559545174,-25.85965663627706,-179.488663,0.264109,179.605057
138.25639672582832,-642.1528402305786,-25.85228065525435,-179.488663,0.264109,179.605057
138.2596080593981,-642.0424152869559,-25.969800979181088,-179.488663,0.264109,179.605057
138.26250510215618,-641.9296523208169,-25.90954352533005,-179.488663,0.264109,179.605057
138.2657087510327,-641.8180254901374,-26.076695459526228,-179.488663,0.264109,179.605057
138.27016015812666,-641.7082134681418,-26.066069615944627,-179.488663,0.264109,179.605057
138.2756209190743,-641.5960595121957,-26.119522999691743,-179.488663,0.264109,179.605057
138.2803827755259,-641.4850322479441,-26.05961340455766,-179.488663,0.264109,179.605057
138.28493712689763,-641.3715427097895,-26.16093366311446,-179.488663,0.264109,179.605057
138.2893852042561,-641.259174790286,-26.084476143893482,-179.488663,0.264109,179.605057
138.29210609860058,-641.1486293160345,-26.169703031484,-179.488663,0.264109,179.605057
138.2928001925116,-641.0357538664673,-26.07715214129674,-179.488663,0.264109,179.605057
138.2943110547781,-640.9240177615641,-26.13989180271995,-179.488663,0.264109,179.605057
138.2980171162301,-640.8140986613078,-26.024853686365386,-179.488663,0.264109,179.605057
138.3037539535341,-640.7018395891846,-26.07528965806744,-179.488663,0.264109,179.605057
138.30940468876688,-640.5907090961581,-25.947947851991717,-179.488663,0.264109,179.605057
138.3145471709065,-640.4771181748519,-25.975218506562367,-179.488663,0.264109,179.605057
138.3195148649038,-640.3646506832149,-25.824711383355236,-179.488663,0.264109,179.605057
138.32396628295797,-640.2540074151706,-25.84127889981156,-179.488663,0.264109,179.605057
138.32783869232227,-640.1410359183237,-25.68006863849011,-179.488663,0.264109,179.605057
138.3315402256821,-640.0292054814493,-25.69664645180364,-179.488663,0.264109,179.605057
138.33515493981102,-639.9191937338937,-25.535446487339396,-179.488663,0.264109,179.605057
138.33870088082617,-639.8068436690561,-25.55670758366869,-179.488663,0.264109,179.605057
138.34218263605743,-639.6956238083508,-25.40019090222021,-179.488663,0.264109,179.605057
138.34560203583533,-639.5862117820465,-25.417876926856565,-179.488663,0.264109,179.605057
138.34978344417013,-639.4744507381075,-25.257785173715146,-179.488663,0.264109,179.605057
138.3536471186311,-639.3638093810443,-25.301638006728627,-179.488663,0.264109,179.605057
138.3569798518361,-639.2549655273234,-25.16771306196433,-179.488663,0.264109,179.605057
138.358516331251,-639.1437625090795,-25.182055881015934,-179.488663,0.264109,179.605057
138.3592610410895,-639.0336692119681,-25.01862092228976,-179.488663,0.264109,179.605057
138.36106880558393,-638.9210969637535,-25.11128594238894,-179.488663,0.264109,179.605057
138.36265280391453,-638.8096299528481,-25.02617318471034,-179.488663,0.264109,179.605057
138.3649908543694,-638.6999692980044,-25.010859780841336,-179.488663,0.264109,179.605057
138.36703579630935,-638.592229532575,-24.893315809511897,-179.488663,0.264109,179.605057
138.36858236626094,-638.482139577248,-24.970594517283185,-179.488663,0.264109,179.605057
138.37041793281998,-638.3731453077506,-24.870095447276693,-179.488663,0.264109,179.605057
138.3714638595317,-638.2616536494742,-24.93592491950973,-179.488663,0.264109,179.605057
138.37274764953847,-638.1512481725819,-24.82397661396499,-179.488663,0.264109,179.605057
138.3740607538575,-638.0426301431933,-24.931487256539555,-179.488663,0.264109,179.605057
138.37495037911089,-637.9316477263901,-24.861220121336345,-179.488663,0.264109,179.605057
138.37492132276978,-637.8217708486985,-24.919981080008366,-179.488663,0.264109,179.605057
138.37511961002215,-637.7136777722009,-24.80096426090261,-179.488663,0.264109,179.605057
138.37536054590788,-637.60321211303,-24.963573803856647,-179.488663,0.264109,179.605057
138.37601725154323,-637.4938430044772,-24.948405569032907,-179.488663,0.264109,179.605057
138.37715843798168,-637.386248677814,-24.96758000485025,-179.488663,0.264109,179.605057
138.37838029037363,-637.2762728712858,-24.940345811821345,-179.488663,0.264109,179.605057
138.37960089850003,-637.1673848691439,-25.012569200202858,-179.488663,0.264109,179.605057
138.38121456468,-637.0602630572433,-24.926568441789225,-179.488663,0.264109,179.605057
138.38288389255166,-636.9507513269378,-25.122624105811948,-179.488663,0.264109,179.605057
138.38495127787635,-636.8423191131159,-25.140901992056893,-179.488663,0.264109,179.605057
138.38624753854484,-636.7356449496315,-25.189988003870877,-179.488663,0.264109,179.605057
138.38696047190814,-636.6265728732066,-25.201376206403125,-179.488663,0.264109,179.605057
138.38836793364698,-636.5185724615026,-25.289243157738262,-179.488663,0.264109,179.605057
138.38989428382735,-636.4123223885981,-25.268465083290813,-179.488663,0.264109,179.605057
138.39142270360452,-636.3036668289349,-25.442881162925456,-179.488663,0.264109,179.605057
138.39292979977535,-636.1960754954351,-25.439519464782318,-179.488663,0.264109,179.605057
138.3940005303016,-636.0902271950223,-25.614086561687547,-179.488663,0.264109,179.605057
138.39496875953145,-635.9819662326105,-25.61087588081499,-179.488663,0.264109,179.605057
138.39590271813074,-635.8747624492644,-25.814369593380356,-179.488663,0.264109,179.605057
138.3976378729705,-635.7650281110944,-25.840085528167943,-179.488663,0.264109,179.605057
138.39909792263398,-635.6563483281026,-25.997352214633075,-179.488663,0.264109,179.605057
138.40089285277813,-635.5494251241711,-25.976841123320433,-179.488663,0.264109,179.605057
138.40313989778966,-635.4443739216188,-26.187184142174836,-179.488663,0.264109,179.605057
138.40585785224562,-635.336924514223,-26.21974938325146,-179.488663,0.264109,179.605057
138.40863133323822,-635.2305236352082,-26.328470603679307,-179.488663,0.264109,179.605057
138.41096403003067,-635.1258457188156,-26.310735236299564,-179.488663,0.264109,179.605057
138.41317539385096,-635.0187344808694,-26.49342378193247,-179.488663,0.264109,179.605057
138.41533104056913,-634.9126599384412,-26.4983345497876,-179.488663,0.264109,179.605057
138.41744488578024,-634.808301350831,-26.624007358917943,-179.488663,0.264109,179.605057
138.4191096404469,-634.7015034985415,-26.57190239027051,-179.488663,0.264109,179.605057
138.42066090049389,-634.5957366961043,-26.77430809357179,-179.488663,0.264109,179.605057
138.4221673992518,-634.4916803426055,-26.798936019095294,-179.488663,0.264109,179.605057
138.4248772977696,-634.3851793248109,-26.82649178766723,-179.488663,0.264109,179.605057
138.42902133546042,-634.279704055299,-26.834146306714,-179.488663,0.264109,179.605057
138.43380393022758,-634.1759340281657,-26.853371352747164,-179.488663,0.264109,179.605057
138.43864621728443,-634.0697142232273,-26.835470764914113,-179.488663,0.264109,179.605057
138.44343157471667,-633.964515144398,-26.860195033524754,-179.488663,0.264109,179.605057
138.4477268211405,-633.8567497088006,-26.79885707472924,-179.488663,0.264109,179.605057
138.45186295741345,-633.7500036658226,-26.855124339388425,-179.488663,0.264109,179.605057
138.4554977799404,-633.6449796673131,-26.733613826269828,-179.488663,0.264109,179.605057
138.45898064446442,-633.5375270856762,-26.8507261925786,-179.488663,0.264109,179.605057
138.46238358331462,-633.4311170019079,-26.79006078110959,-179.488663,0.264109,179.605057
138.4657221396775,-633.3264288055716,-26.752695133557935,-179.488663,0.264109,179.605057
138.46900033785244,-633.2193072188472,-26.64032445725514,-179.488663,0.264109,179.605057
138.47263050779355,-633.1132224610565,-26.620080384426462,-179.488663,0.264109,179.605057
138.47669010967093,-633.0088538300522,-26.42205853382001,-179.488663,0.264109,179.605057
138.48119030581995,-632.9020461116017,-26.493844284830768,-179.488663,0.264109,179.605057
138.4853021735892,-632.7962696187687,-26.38785225806375,-179.488663,0.264109,179.605057
138.488456562452,-632.6922037478463,-26.307699236008784,-179.488663,0.264109,179.605057
138.4917852597808,-632.5856933825813,-26.18401116165595,-179.488663,0.264109,179.605057
138.494690810663,-632.4802089325316,-26.13288150779956,-179.488663,0.264109,179.605057
138.49705974219893,-632.3764298888145,-25.960821153115763,-179.488663,0.264109,179.605057
138.49641121395038,-632.2616678949856,-26.05235001092209,-179.488663,0.264109,179.605057
138.49475775059113,-632.1463414817133,-25.96610109095064,-179.488663,0.264109,179.605057
138.49333748279977,-632.03254238243,-25.923542446458615,-179.488663,0.264109,179.605057
138.49362672015278,-631.9164005553565,-25.818037609500884,-179.488663,0.264109,179.605057
138.49466618938123,-631.8014419775989,-25.82684398220821,-179.488663,0.264109,179.605057
138.49584092142237,-631.6840883494771,-25.65787257713776,-179.488663,0.264109,179.605057
138.49743666539257,-631.5679247406601,-25.78091380781073,-179.488663,0.264109,179.605057
138.49950458338992,-631.4536512403629,-25.726177260705924,-179.488663,0.264109,179.605057
138.5004037480256,-631.341380984885,-25.658827061436156,-179.488663,0.264109,179.605057
138.50064570720306,-631.2268414442265,-25.612499615774656,-179.488663,0.264109,179.605057
138.500342117425,-631.1134770533324,-25.53113424743271,-179.488663,0.264109,179.605057
138.49993373557712,-631.0019599859506,-25.5133359057804,-179.488663,0.264109,179.605057
138.499099536746,-630.8881317371186,-25.394292964089807,-179.488663,0.264109,179.605057
138.49901337201274,-630.7711934759798,-25.453861955796352,-179.488663,0.264109,179.605057
138.49907803955298,-630.6552963343158,-25.335653169725123,-179.488663,0.264109,179.605057
138.49917195383185,-630.5412557314505,-25.404211279843842,-179.488663,0.264109,179.605057
138.49968104845533,-630.4249416804746,-25.294991612184784,-179.488663,0.264109,179.605057
138.5002659386909,-630.309827184157,-25.37445443606099,-179.488663,0.264109,179.605057
138.50085766960996,-630.1965897827189,-25.27613948215942,-179.488663,0.264109,179.605057
138.5014423529371,-630.081071621077,-25.35955684977315,-179.488663,0.264109,179.605057
138.50201731124963,-629.9667402323598,-25.2651964396091,-179.488663,0.264109,179.605057
138.50217148070772,-629.8542722446451,-25.36791232321585,-179.488663,0.264109,179.605057
138.50223929976258,-629.7395098151783,-25.29285042904482,-179.488663,0.264109,179.605057
138.50228888419915,-629.6259206741356,-25.39351803044098,-179.488663,0.264109,179.605057
138.5023341165112,-629.5141816807837,-25.31640785405936,-179.488663,0.264109,179.605057
138.50237783509434,-629.4001352270978,-25.45483841469539,-179.488663,0.264109,179.605057
138.50200996248964,-629.2872492753529,-25.415491197553646,-179.488663,0.264109,179.605057
138.50156500361328,-629.1762009130878,-25.523922159456557,-179.488663,0.264109,179.605057
138.5011109557866,-629.0628327565375,-25.45457534358169,-179.488663,0.264109,179.605057
138.50066154773896,-628.9506129882456,-25.6529949700398,-179.488663,0.264109,179.605057
138.50021945922825,-628.8359522454209,-25.673636818720134,-179.488663,0.264109,179.605057
138.50019578877266,-628.7224340382544,-25.7601844931418,-179.488663,0.264109,179.605057
138.50025613857454,-628.6107588193881,-25.75429854688347,-179.488663,0.264109,179.605057
138.50033243411963,-628.5010404679613,-25.919878057314026,-179.488663,0.264109,179.605057
138.50000016705448,-628.3890072621315,-25.907679789966803,-179.488663,0.264109,179.605057
138.50000157971002,-628.2781044465709,-26.112958146656617,-179.488663,0.264109,179.605057
138.50006970821858,-628.1647383268852,-26.14045872556865,-179.488663,0.264109,179.605057
138.50015021095896,-628.0524918645212,-26.307340516270813,-179.488663,0.264109,179.605057
138.50023204361784,-627.9420657277531,-26.2964445291952,-179.488663,0.264109,179.605057
138.50113608952927,-627.8293074944935,-26.524602018765666,-179.488663,0.264109,179.605057
138.50219172054938,-627.7176865145866,-26.574981730558353,-179.488663,0.264109,179.605057
138.5036733218389,-627.6036138170645,-26.68268487757054,-179.488663,0.264109,179.605057
138.50521904551954,-627.4906731432728,-26.694848965883565,-179.488663,0.264109,179.605057
138.50757694338606,-627.3795651415879,-26.84039237425075,-179.488663,0.264109,179.605057
138.50924240820896,-627.2661372103483,-26.80815800484016,-179.488663,0.264109,179.605057
138.51074569981236,-627.1538584904421,-27.02534862052448,-179.488663,0.264109,179.605057
138.51178450995795,-627.0434064657078,-27.064761458431022,-179.488663,0.264109,179.605057
138.5127156496232,-626.9348906532485,-27.153142728586783,-179.488663,0.264109,179.605057
138.5144333456505,-626.8240387525772,-27.128887011660513,-179.488663,0.264109,179.605057
138.51669459016227,-626.7142961946284,-27.266060228759848,-179.488663,0.264109,179.605057
138.51944305111567,-626.6020696216041,-27.22545566808141,-179.488663,0.264109,179.605057
138.5222498661349,-626.4909423568253,-27.370644602545475,-179.488663,0.264109,179.605057
138.52543909948704,-626.38161543035,-27.338055759231764,-179.488663,0.264109,179.605057
138.5290719029648,-626.2699367767123,-27.42057423142128,-179.488663,0.264109,179.605057
138.53232930948482,-626.1593760962714,-27.32531492583302,-179.488663,0.264109,179.605057
138.5358777534984,-626.0506114290363,-27.46344043514679,-179.488663,0.264109,179.605057
138.53984460491802,-625.939486173043,-27.42378816668278,-179.488663,0.264109,179.605057
138.54424938704312,-625.8294692473833,-27.4166358141228,-179.488663,0.264109,179.605057
138.5486791095191,-625.7212386729551,-27.33982680172277,-179.488663,0.264109,179.605057
138.55264015290115,-625.6149046480541,-27.35845160016726,-179.488663,0.264109,179.605057
138.5560404589585,-625.5061955725239,-27.19929862083398,-179.488663,0.264109,179.605057
138.55928025764254,-625.3985575714975,-27.303971186389454,-179.488663,0.264109,179.605057
138.56285254438177,-625.2883979702752,-27.23086597416715,-179.488663,0.264109,179.605057
138.56602985620952,-625.1793007633423,-27.137643105648763,-179.488663,0.264109,179.605057
138.568259873509,-625.0719676399883,-27.054468775401627,-179.488663,0.264109,179.605057
138.56985804943454,-624.9622471822154,-26.936286259146854,-179.488663,0.264109,179.605057
138.57130712747212,-624.8536097262914,-26.88115116401592,-179.488663,0.264109,179.605057
138.57393955460003,-624.7467339367771,-26.725637478123033,-179.488663,0.264109,179.605057
138.5767712125824,-624.6374638251068,-26.731780910166737,-179.488663,0.264109,179.605057
138.5787793331555,-624.5292689128156,-26.560146564432664,-179.488663,0.264109,179.605057
138.58059418630967,-624.4228278124862,-26.59832825176723,-179.488663,0.264109,179.605057
138.58275524140188,-624.3139846368648,-26.458732161324022,-179.488663,0.264109,179.605057
138.58495480187594,-624.2062090380163,-26.45808457872937,-179.488663,0.264109,179.605057
138.58795389189962,-624.1001797630393,-26.27965921835694,-179.488663,0.264109,179.605057
138.5898364563307,-623.9917410580805,-26.367699352310986,-179.488663,0.264109,179.605057
138.5906476080602,-623.8843627064849,-26.277961708487258,-179.488663,0.264109,179.605057
138.5895884964248,-623.7787235843402,-26.23228640374903,-179.488663,0.264109,179.605057
138.58817039503745,-623.6706680644895,-26.12774560053496,-179.488663,0.264109,179.605057
138.5875237753639,-623.5636660547134,-26.135415294780625,-179.488663,0.264109,179.605057
138.58662820395733,-623.4583965533133,-25.970164915482297,-179.488663,0.264109,179.605057
138.58487424588643,-623.3507040531639,-26.10204585875729,-179.488663,0.264109,179.605057
138.58297355566407,-623.2440585799334,-26.056149024254502,-179.488663,0.264109,179.605057
138.58107055105015,-623.139139247706,-26.009338503981372,-179.488663,0.264109,179.605057
138.5796048151791,-623.0317906630709,-25.97158679332548,-179.488663,0.264109,179.605057
138.57865804574453,-622.9254829633802,-25.92768675552974,-179.488663,0.264109,179.605057
138.57824097920704,-622.8208953724073,-25.90392335185597,-179.488663,0.264109,179.605057
138.57670200708415,-622.7138726044718,-25.87811035797892,-179.488663,0.264109,179.605057
138.57454987478104,-622.5993515693989,-25.895211658885113,-179.488663,0.264109,179.605057
138.57230571854575,-622.4849596245084,-25.85443855737479,-179.488663,0.264109,179.605057
138.57089640774606,-622.3679537386483,-25.936933104336436,-179.488663,0.264109,179.605057
138.56967410956483,-622.2520891483044,-25.841649873520307,-179.488663,0.264109,179.605057
138.568095931037,-622.1381006690153,-26.056389835991638,-179.488663,0.264109,179.605057
138.5660583549789,-622.0218419147537,-26.093352020685188,-179.488663,0.264109,179.605057
138.56395787827424,-621.906782563336,-26.137071757307044,-179.488663,0.264109,179.605057
138.56187469488677,-621.7935994921517,-26.19022792960395,-179.488663,0.264109,179.605057
138.55982459765974,-621.6781347251374,-26.248825775775778,-179.488663,0.264109,179.605057
138.5578102746032,-621.5638557845326,-26.31952323215606,-179.488663,0.264109,179.605057
138.5566530878642,-621.4514393096983,-26.39122373818892,-179.488663,0.264109,179.605057
138.55568378615564,-621.336727473438,-26.482421561467493,-179.488663,0.264109,179.605057
138.5547658470775,-621.2231880221193,-26.55712243378098,-179.488663,0.264109,179.605057
138.55428190232567,-621.1114978310966,-26.665651024369613,-179.488663,0.264109,179.605057
138.5538916392089,-620.997499308183,-26.718739817833,-179.488663,0.264109,179.605057
138.55393810727236,-620.8846604312173,-26.859057784282907,-179.488663,0.264109,179.605057
138.55242681624827,-620.7736583030246,-26.859164284644173,-179.488663,0.264109,179.605057
138.55103613399015,-620.6603355548541,-27.082615584042063,-179.488663,0.264109,179.605057
138.55256579652175,-620.5481603839954,-27.128289105662173,-179.488663,0.264109,179.605057
138.55465777281086,-620.4378101088068,-27.2720350140731,-179.488663,0.264109,179.605057
138.55683245929984,-620.3251275722216,-27.238003144706248,-179.488663,0.264109,179.605057
138.55488431450982,-620.2135811794329,-27.479811993651,-179.488663,0.264109,179.605057
138.55131797707878,-620.0995817863233,-27.543843064817978,-179.488663,0.264109,179.605057
138.5491213890297,-619.9867131178513,-27.609052079539683,-179.488663,0.264109,179.605057
138.5509277689981,-619.875675837592,-27.668067455003506,-179.488663,0.264109,179.605057
138.55720860738828,-619.7623173651832,-27.73270511811936,-179.488663,0.264109,179.605057
138.5647056766501,-619.6501068637299,-27.783275768481825,-179.488663,0.264109,179.605057
138.57028425599012,-619.539721839155,-27.842249662322157,-179.488663,0.264109,179.605057
138.5729340197729,-619.4270051636388,-27.878287305921607,-179.488663,0.264109,179.605057
138.57496033491492,-619.3154252395416,-27.931423144366974,-179.488663,0.264109,179.605057
138.57888825273565,-619.2056595802042,-27.94245025806914,-179.488663,0.264109,179.605057
138.5851957384831,-619.0935512187515,-28.002056446343307,-179.488663,0.264109,179.605057
138.59230009801863,-618.9825687469054,-27.96191564366414,-179.488663,0.264109,179.605057
138.59823079253167,-618.8733898703579,-28.072062137018303,-179.488663,0.264109,179.605057
138.60178729527382,-618.7618578124477,-28.004430852594695,-179.488663,0.264109,179.605057
138.6035846005117,-618.6514413519776,-28.135053304411827,-179.488663,0.264109,179.605057
138.60418317124086,-618.5428183784331,-28.08789797845118,-179.488663,0.264109,179.605057
138.60535481539574,-618.4318322956755,-28.147771610607812,-179.488663,0.264109,179.605057
138.6074475219633,-618.3219520598076,-28.029867464986665,-179.488663,0.264109,179.605057
138.60969467807556,-618.2138557344501,-28.156462196577465,-179.488663,0.264109,179.605057
138.61235143120982,-618.1033868944886,-28.105279150390487,-179.488663,0.264109,179.605057
138.61628431881502,-617.994014663997,-28.067602538479896,-179.488663,0.264109,179.605057
138.62165027669067,-617.8864172715662,-27.976413602775324,-179.488663,0.264109,179.605057
138.62681586610844,-617.7764384541067,-27.952341117838497,-179.488663,0.264109,179.605057
138.6310448045629,-617.667547494823,-27.793397037177655,-179.488663,0.264109,179.605057
138.6342049345889,-617.5604227785955,-27.836228104945725,-179.488663,0.264109,179.605057
138.63669569219107,-617.4509081958322,-27.70128139493602,-179.488663,0.264109,179.605057
138.63819404008922,-617.3424731804943,-27.668916133841087,-179.488663,0.264109,179.605057
138.63947259620983,-617.2357962655263,-27.465581791221535,-179.488663,0.264109,179.605057
138.64027834339896,-617.1267214867564,-27.55236640669856,-179.488663,0.264109,179.605057
138.64056740261955,-617.0187184209685,-27.461373244397812,-179.488663,0.264109,179.605057
138.63992767984863,-616.9124657413794,-27.375019981565732,-179.488663,0.264109,179.605057
138.63952196562548,-616.8038076215842,-27.28563435295253,-179.488663,0.264109,179.605057
138.6399901566031,-616.6962137736737,-27.20600311175231,-179.488663,0.264109,179.605057
138.64062646990467,-616.5903630037549,-27.10964451375268,-179.488663,0.264109,179.605057
138.6416980245486,-616.4820996159399,-27.056676310418727,-179.488663,0.264109,179.605057
138.64202005423934,-616.3748934505057,-26.94032162708643,-179.488663,0.264109,179.605057
138.6413662656283,-616.2694234394562,-26.94417854375137,-179.488663,0.264109,179.605057
138.64052661168384,-616.1615340105518,-26.77025768263853,-179.488663,0.264109,179.605057
138.63966172641764,-616.0546951255099,-26.888390317826598,-179.488663,0.264109,179.605057
138.63921476214423,-615.9495858356053,-26.828745175236882,-179.488663,0.264109,179.605057
138.63844707222796,-615.8420506857401,-26.79589845733085,-179.488663,0.264109,179.605057
138.63721548877302,-615.7355597526811,-26.73767480939646,-179.488663,0.264109,179.605057
138.63590864246393,-615.6265255340311,-26.72505520039822,-179.488663,0.264109,179.605057
138.6341928853982,-615.5185333671504,-26.66229979317306,-179.488663,0.264109,179.605057
138.6320090813927,-615.4122854992194,-26.70051418299277,-179.488663,0.264109,179.605057
138.62935205987847,-615.3078975718664,-26.590672066626585,-179.488663,0.264109,179.605057
138.6258168502796,-615.2010995942626,-26.744530527236893,-179.488663,0.264109,179.605057
138.62256694826695,-615.0953385111791,-26.720611210069418,-179.488663,0.264109,179.605057
138.61983099526685,-614.9870222979589,-26.774544649792983,-179.488663,0.264109,179.605057
138.61723674340078,-614.8797355559661,-26.719893272475932,-179.488663,0.264109,179.605057
138.6147077277881,-614.7741805641049,-26.86832645689324,-179.488663,0.264109,179.605057
138.6126383943148,-614.670473148821,-26.83898186353277,-179.488663,0.264109,179.605057
138.6106904277899,-614.564343532092,-26.981935741355773,-179.488663,0.264109,179.605057
138.60879443906745,-614.4592388740675,-26.947111841401,-179.488663,0.264109,179.605057
138.60693581107844,-614.355834029587,-27.13636660799229,-179.488663,0.264109,179.605057
138.60470042238975,-614.2499731278256,-27.147843596805803,-179.488663,0.264109,179.605057
138.60201080708913,-614.1451265918776,-27.302265504338838,-179.488663,0.264109,179.605057
138.5984472654393,-614.037707413159,-27.278909634094095,-179.488663,0.264109,179.605057
138.5996911755564,-613.9270347786504,-27.519627017835333,-179.488663,0.264109,179.605057
138.60270021819412,-613.8172854637857,-27.582566623798794,-179.488663,0.264109,179.605057
138.60478571428513,-613.7092816919944,-27.696595636081913,-179.488663,0.264109,179.605057
138.6062461740113,-613.5988964157945,-27.71090426005449,-179.488663,0.264109,179.605057
138.60632885548168,-613.489604762641,-27.887653175655753,-179.488663,0.264109,179.605057
138.6061348053867,-613.3820862042749,-27.88662431347924,-179.488663,0.264109,179.605057
138.60629883546886,-613.2721847510297,-28.089405750440097,-179.488663,0.264109,179.605057
138.6073534820475,-613.1633697616994,-28.11440940962318,-179.488663,0.264109,179.605057
138.6077499191741,-613.0520529894446,-28.264405977651375,-179.488663,0.264109,179.605057
138.60841974286006,-612.9375523658105,-28.236624767901795,-179.488663,0.264109,179.605057
138.60954538414325,-612.8240434252143,-28.455324295262212,-179.488663,0.264109,179.605057
138.6107461798254,-612.7123471706032,-28.496246044844845,-179.488663,0.264109,179.605057
138.61276803951543,-612.6026020221434,-28.595740195540454,-179.488663,0.264109,179.605057
138.61492535666923,-612.4905412481367,-28.592913233269996,-179.488663,0.264109,179.605057
138.61666663902736,-612.3796111022506,-28.75592492594298,-179.488663,0.264109,179.605057
138.61871239396615,-612.2704847551747,-28.741158840838185,-179.488663,0.264109,179.605057
138.62037750379528,-612.1590045203527,-28.894455916012845,-179.488663,0.264109,179.605057
138.62276591415156,-612.0486390046543,-28.869975213409727,-179.488663,0.264109,179.605057
138.6256756827771,-611.9400660756706,-29.00425265108159,-179.488663,0.264109,179.605057
138.6286483396805,-611.8291291456866,-28.960752310975675,-179.488663,0.264109,179.605057
138.63241262978573,-611.7192971851732,-29.086349055596642,-179.488663,0.264109,179.605057
138.6362817099609,-611.606981606437,-29.034168022439832,-179.488663,0.264109,179.605057
138.64052738789874,-611.495766681176,-29.13478974436785,-179.488663,0.264109,179.605057
138.64478800241397,-611.3863536099915,-29.057633688518088,-179.488663,0.264109,179.605057
138.64858034217158,-611.274590339968,-29.133179292712136,-179.488663,0.264109,179.605057
138.65263575814558,-611.1639465522393,-29.030947119128403,-179.488663,0.264109,179.605057
138.6558647790023,-611.0551002615061,-29.090983141767957,-179.488663,0.264109,179.605057
138.6597039303167,-610.9438948396403,-28.97324138662973,-179.488663,0.264109,179.605057
138.66361050645952,-610.83379917977,-28.98819657852677,-179.488663,0.264109,179.605057
138.667475007374,-610.7212246105726,-28.825373992646032,-179.488663,0.264109,179.605057
138.67127613145203,-610.6097553200493,-28.83748025800282,-179.488663,0.264109,179.605057
138.67459985306476,-610.5000924262818,-28.671808745581828,-179.488663,0.264109,179.605057
138.67737015681038,-610.3880837952433,-28.624382332950148,-179.488663,0.264109,179.605057
138.6799903771071,-610.2771990283921,-28.399178142540688,-179.488663,0.264109,179.605057
138.6825433153587,-610.1681160621737,-28.456143348778674,-179.488663,0.264109,179.605057
138.6842251554128,-610.0566781916012,-28.335330777238887,-179.488663,0.264109,179.605057
138.68529818965777,-609.9463542343174,-28.232407729805203,-179.488663,0.264109,179.605057
138.68664486847607,-609.837822111528,-28.094498319972455,-179.488663,0.264109,179.605057
138.68884845677695,-609.7269252569395,-28.01536955858259,-179.488663,0.264109,179.605057
138.69078142038518,-609.6171326557009,-27.83827304978792,-179.488663,0.264109,179.605057
138.69222210135024,-609.5091223999054,-27.839967586667928,-179.488663,0.264109,179.605057
138.69436516943514,-609.3987380923921,-27.663884345770164,-179.488663,0.264109,179.605057
138.69620756908682,-609.2894488846865,-27.69678965837755,-179.488663,0.264109,179.605057
138.69672985425683,-609.1819330323409,-27.55191719320716,-179.488663,0.264109,179.605057
138.69698068847472,-609.0720342987452,-27.564293968491146,-179.488663,0.264109,179.605057
138.69512033174888,-608.9632219931104,-27.398892965997348,-179.488663,0.264109,179.605057
138.69080908412994,-608.8561745258593,-27.490134281264787,-179.488663,0.264109,179.605057
138.6860689738541,-608.7467358124858,-27.403597818754445,-179.488663,0.264109,179.605057
138.68254250594856,-608.638375311589,-27.400528189605012,-179.488663,0.264109,179.605057
138.6801320318384,-608.5317715803116,-27.277149304854063,-179.488663,0.264109,179.605057
138.67838970545245,-608.4227686782472,-27.375453134994533,-179.488663,0.264109,179.605057
138.6763951216977,-608.3148362055214,-27.295979187357226,-179.488663,0.264109,179.605057
138.67396600943817,-608.2086528582755,-27.358278966752735,-179.488663,0.264109,179.605057
138.6706632055187,-608.1000628326198,-27.24280096837047,-179.488663,0.264109,179.605057
138.66723263647856,-607.992535862758,-27.39616314345202,-179.488663,0.264109,179.605057
138.66341463806285,-607.8867507765153,-27.371747540755795,-179.488663,0.264109,179.605057
138.6599841208606,-607.7785518993342,-27.41990901191617,-179.488663,0.264109,179.605057
138.6558585561457,-607.6714090924407,-27.367808426648878,-179.488663,0.264109,179.605057
138.65206332329308,-607.5660013084141,-27.49975064653881,-179.488663,0.264109,179.605057
138.6487988001246,-607.4581729952224,-27.45391508865097,-179.488663,0.264109,179.605057
138.64568684766692,-607.3513941344298,-27.615874974019597,-179.488663,0.264109,179.605057
138.64306033489746,-607.2463437968039,-27.600057081610444,-179.488663,0.264109,179.605057
138.64056826491392,-607.1388665463908,-27.74868654673681,-179.488663,0.264109,179.605057
138.63813852626063,-607.0324324787595,-27.719538234085395,-179.488663,0.264109,179.605057
138.63616647682318,-606.9277207766464,-27.932720355171085,-179.488663,0.264109,179.605057
138.63349267882086,-606.8205761140672,-27.968124698479,-179.488663,0.264109,179.605057
138.63030589178825,-606.7144686945957,-28.112296837410256,-179.488663,0.264109,179.605057
138.6266511634763,-606.610077807045,-28.089311628080377,-179.488663,0.264109,179.605057
138.6241868252667,-606.5032482296123,-28.361590088074614,-179.488663,0.264109,179.605057
138.6240507245543,-606.3974502681936,-28.45609077029107,-179.488663,0.264109,179.605057
138.6256159847737,-606.2933633120955,-28.52221843326364,-179.488663,0.264109,179.605057
138.6266761445897,-606.1868322382151,-28.636574550531577,-179.488663,0.264109,179.605057
138.62720953982983,-606.0813274493843,-28.6550384439739,-179.488663,0.264109,179.605057
138.6272193294225,-605.9775284301157,-28.82439186601447,-179.488663,0.264109,179.605057
138.6275349253226,-605.8712801508115,-28.81596751027726,-179.488663,0.264109,179.605057
138.62872852734245,-605.7660531061391,-29.0212073920615,-179.488663,0.264109,179.605057
138.6300807549131,-605.6625268708061,-29.048669496067955,-179.488663,0.264109,179.605057
138.63185792035736,-605.5565465037992,-29.189398167168306,-179.488663,0.264109,179.605057
138.63328235369002,-605.4515825867882,-29.152349060490877,-179.488663,0.264109,179.605057
138.6342053153263,-605.3483147799294,-29.37098752717548,-179.488663,0.264109,179.605057
138.63624863383558,-605.242588226132,-29.4118482160823,-179.488663,0.264109,179.605057
138.63766385207845,-605.1378735894899,-29.477604490126485,-179.488663,0.264109,179.605057
138.64057776716413,-605.034850611111,-29.49154634449729,-179.488663,0.264109,179.605057
138.64374997927047,-604.9293645134105,-29.574006987212616,-179.488663,0.264109,179.605057
138.64733940154215,-604.8248860385686,-29.537588760464853,-179.488663,0.264109,179.605057
138.6513718829523,-604.722095004385,-29.682870338377793,-179.488663,0.264109,179.605057
138.65502495867682,-604.616836708597,-29.65037413851295,-179.488663,0.264109,179.605057
138.65855019840942,-604.5125819673616,-29.73651776050991,-179.488663,0.264109,179.605057
138.66158906753412,-604.4100106711342,-29.644883604729092,-179.488663,0.264109,179.605057
138.66572122084304,-604.3049681890103,-29.78074675325268,-179.488663,0.264109,179.605057
138.67001326258617,-604.2009254072308,-29.738832123998492,-179.488663,0.264109,179.605057
138.67468690631134,-604.0985622850832,-29.72371846164436,-179.488663,0.264109,179.605057
138.67978106749993,-603.9937242592658,-29.636225232234576,-179.488663,0.264109,179.605057
138.68488688188876,-603.8856156157483,-29.650114125695332,-179.488663,0.264109,179.605057
138.68910107755744,-603.7783903938431,-29.486225241378303,-179.488663,0.264109,179.605057
138.69348768092146,-603.672866837194,-29.56825729301779,-179.488663,0.264109,179.605057
138.6978463785767,-603.5649177264019,-29.4725115668795,-179.488663,0.264109,179.605057
138.7009037269458,-603.4580187810235,-29.36816173266554,-179.488663,0.264109,179.605057
138.7028359898364,-603.3528502092843,-29.24673163413325,-179.488663,0.264109,179.605057
138.7069815323368,-603.2452567764045,-29.154238687242618,-179.488663,0.264109,179.605057
138.71151077193255,-603.1344419223419,-29.023858132060337,-179.488663,0.264109,179.605057
138.71399722398422,-603.0245588175227,-28.966020568475248,-179.488663,0.264109,179.605057
138.71603975565344,-602.9164248444874,-28.786338285561506,-179.488663,0.264109,179.605057
138.7167324539069,-602.8059119365366,-28.820071512639963,-179.488663,0.264109,179.605057
138.71673288932425,-602.696494980738,-28.676026961940646,-179.488663,0.264109,179.605057
138.71700731042623,-602.5888533676299,-28.685143346439514,-179.488663,0.264109,179.605057
138.71692018134277,-602.4788310593353,-28.5164819531606,-179.488663,0.264109,179.605057
138.71676198139144,-602.3698973737214,-28.584018408625454,-179.488663,0.264109,179.605057
138.7161811505547,-602.2584640250612,-28.473777086312527,-179.488663,0.264109,179.605057
138.71470272091278,-602.1481155736394,-28.47167582350074,-179.488663,0.264109,179.605057
138.71306579806478,-602.0395535018633,-28.303912505964835,-179.488663,0.264109,179.605057
138.71142045725605,-601.9286260332593,-28.42635003519134,-179.488663,0.264109,179.605057
138.70856305548,-601.8188031203989,-28.37100978664007,-179.488663,0.264109,179.605057
138.70550388011353,-601.7107630445589,-28.335237845336632,-179.488663,0.264109,179.605057
138.70244785830081,-601.6003494394239,-28.274391969731244,-179.488663,0.264109,179.605057
138.69984837506468,-601.4910314552584,-28.268512517962446,-179.488663,0.264109,179.605057
138.6973771699721,-601.3792206732838,-28.175271604243775,-179.488663,0.264109,179.605057
138.6949667665362,-601.2685015295356,-28.232822104886008,-179.488663,0.264109,179.605057
138.69342413805828,-601.1595753856992,-28.112594827750463,-179.488663,0.264109,179.605057
138.6916663375103,-601.0525570136687,-28.24148206742082,-179.488663,0.264109,179.605057
138.690301169045,-600.9431755684014,-28.19259152931339,-179.488663,0.264109,179.605057
138.68821260939217,-600.8348771557086,-28.233644115047987,-179.488663,0.264109,179.605057
138.68559663101692,-600.7240689269555,-28.134680916601436,-179.488663,0.264109,179.605057
138.68291237392296,-600.6143346742438,-28.290243936234575,-179.488663,0.264109,179.605057
138.67943130385282,-600.5063758816676,-28.26802917808994,-179.488663,0.264109,179.605057
138.6766617130729,-600.3960409283909,-28.336607908331,-179.488663,0.264109,179.605057
138.67407380788651,-600.2867999511985,-28.27409384681812,-179.488663,0.264109,179.605057
138.67155904558155,-600.1793314186763,-28.446067060450698,-179.488663,0.264109,179.605057
138.6695071218056,-600.069479149773,-28.4402624963055,-179.488663,0.264109,179.605057
138.66798761531805,-599.9607124769733,-28.550188503214162,-179.488663,0.264109,179.605057
138.66577309193605,-599.8537098271852,-28.483229513921945,-179.488663,0.264109,179.605057
138.66345106061874,-599.7443151307965,-28.72754818496453,-179.488663,0.264109,179.605057
138.66196366327094,-599.6359978607697,-28.79408907822933,-179.488663,0.264109,179.605057
138.6606643468126,-599.5294365883001,-28.843206078343545,-179.488663,0.264109,179.605057
138.65901045903294,-599.4204753867725,-28.936892144819854,-179.488663,0.264109,179.605057
138.65607540117077,-599.3125838698552,-28.961484700692676,-179.488663,0.264109,179.605057
138.65292585233723,-599.2064407469894,-29.11582226312686,-179.488663,0.264109,179.605057
138.65018886555953,-599.097890227348,-29.092382047783268,-179.488663,0.264109,179.605057
138.64921776167157,-598.990402057964,-29.33721618446703,-179.488663,0.264109,179.605057
138.65066875672798,-598.8846550792629,-29.40427254337302,-179.488663,0.264109,179.605057
138.65381553519916,-598.7764936290621,-29.493108567418595,-179.488663,0.264109,179.605057
138.65602471617055,-598.669387580742,-29.52543714956486,-179.488663,0.264109,179.605057
138.65595984706817,-598.5640158988185,-29.64865413487664,-179.488663,0.264109,179.605057
138.65503042386717,-598.456223042984,-29.61569000380145,-179.488663,0.264109,179.605057
138.65394130830975,-598.3494790063169,-29.84349777781566,-179.488663,0.264109,179.605057
138.6553015217023,-598.240196204227,-29.893527774052092,-179.488663,0.264109,179.605057
138.65713225562772,-598.1319598933488,-29.973611113658034,-179.488663,0.264109,179.605057
138.65656527877718,-598.025472241579,-29.982927503203683,-179.488663,0.264109,179.605057
138.6551161567756,-597.9208488126782,-30.106898142849822,-179.488663,0.264109,179.605057
138.6547432154789,-597.8138195393399,-30.053091004718183,-179.488663,0.264109,179.605057
138.65623525882165,-597.7078312912239,-30.26021383493758,-179.488663,0.264109,179.605057
138.65890041225362,-597.5992919699032,-30.2895588873792,-179.488663,0.264109,179.605057
138.66176228329908,-597.4917861042894,-30.345445844420947,-179.488663,0.264109,179.605057
138.6638014623679,-597.386015902128,-30.331733449351372,-179.488663,0.264109,179.605057
138.66482399027245,-597.2778304533099,-30.411477752245112,-179.488663,0.264109,179.605057
138.66521797865835,-597.1707005926547,-30.314802758533325,-179.488663,0.264109,179.605057
138.66548065575017,-597.0653054743171,-30.48397752583075,-179.488663,0.264109,179.605057
138.66653644584233,-596.9574895905705,-30.475374515350396,-179.488663,0.264109,179.605057
138.66978917618655,-596.8507229351997,-30.449859355039877,-179.488663,0.264109,179.605057
138.67507947797185,-596.741417917936,-30.407901422224075,-179.488663,0.264109,179.605057
138.68070205419778,-596.6331597885393,-30.36657655469485,-179.488663,0.264109,179.605057
138.68631111978326,-596.5266507078895,-30.29977560057689,-179.488663,0.264109,179.605057
138.69142704319677,-596.4177395661363,-30.26088474632904,-179.488663,0.264109,179.605057
138.69596091170956,-596.3098969706228,-30.151526125631015,-179.488663,0.264109,179.605057
138.69990322089,-596.2038018457157,-30.12626196012772,-179.488663,0.264109,179.605057
138.70367114980678,-596.0952984567064,-29.931718947077652,-179.488663,0.264109,179.605057
138.705706169904,-595.9878565741869,-29.973268235494434,-179.488663,0.264109,179.605057
138.70736566572924,-595.8821550552947,-29.83703974613344,-179.488663,0.264109,179.605057
138.7109815660928,-595.774038252952,-29.773911228401765,-179.488663,0.264109,179.605057
138.71493732122556,-595.6669760551081,-29.588949424621223,-179.488663,0.264109,179.605057
138.71890478768356,-595.5573807738666,-29.63289163092213,-179.488663,0.264109,179.605057
138.72076305910588,-595.44883756439,-29.49905605944526,-179.488663,0.264109,179.605057
138.7209392849942,-595.3420484949123,-29.460138456351157,-179.488663,0.264109,179.605057
138.7195445954519,-595.2371290313114,-29.263024239285773,-179.488663,0.264109,179.605057
138.71950000285258,-595.1298090101459,-29.370931045505856,-179.488663,0.264109,179.605057
138.72013673051435,-595.0192685399908,-29.301060073948157,-179.488663,0.264109,179.605057
138.72090066654607,-594.9096561111687,-29.211936582099877,-179.488663,0.264109,179.605057
138.71962406827265,-594.7975215562677,-29.196260624069236,-179.488663,0.264109,179.605057
138.71795751920254,-594.6864773787095,-29.064749176342524,-179.488663,0.264109,179.605057
138.71500290422654,-594.5729639049229,-29.146039100331485,-179.488663,0.264109,179.605057
138.7106006972601,-594.46057098574,-29.049551246542666,-179.488663,0.264109,179.605057
138.70597158106136,-594.3500006545506,-29.09412469174625,-179.488663,0.264109,179.605057
138.70218425266873,-594.2371007301148,-28.960920359172054,-179.488663,0.264109,179.605057
138.69985292384112,-594.1253405748438,-29.085996735684603,-179.488663,0.264109,179.605057
138.6978459516032,-594.0153978511696,-29.03329533441937,-179.488663,0.264109,179.605057
138.69634306095506,-593.9031155769959,-29.035518203194755,-179.488663,0.264109,179.605057
138.69455169440295,-593.7919622961773,-28.95185964412467,-179.488663,0.264109,179.605057
138.69190499877212,-593.6826156606901,-29.02263635368592,-179.488663,0.264109,179.605057
138.68912487921898,-593.5709188397518,-28.915635285469396,-179.488663,0.264109,179.605057
138.68553628102612,-593.4603405587321,-29.04415493249694,-179.488663,0.264109,179.605057
138.68224769161293,-593.3472919879151,-28.994896801746705,-179.488663,0.264109,179.605057
138.67947654167182,-593.2353571610347,-29.04836719744154,-179.488663,0.264109,179.605057
138.67767140264647,-593.1252370449239,-28.939572715727927,-179.488663,0.264109,179.605057
138.67608513889266,-593.0127793570629,-29.120510007472838,-179.488663,0.264109,179.605057
138.67456521038875,-592.9014535530791,-29.12366952143997,-179.488663,0.264109,179.605057
138.6730801656958,-592.7919374261942,-29.15001255371697,-179.488663,0.264109,179.605057
138.671212551734,-592.6800741307558,-29.145254877699752,-179.488663,0.264109,179.605057
138.66641854109474,-592.5693323462528,-29.209741137728447,-179.488663,0.264109,179.605057
138.66110743260467,-592.456123191539,-29.171059771013958,-179.488663,0.264109,179.605057
138.65782177364292,-592.3440306485388,-29.31186293776033,-179.488663,0.264109,179.605057
138.65498793395875,-592.2337556329373,-29.27488832672893,-179.488663,0.264109,179.605057
138.65845009496115,-592.1211458119265,-29.442025211781267,-179.488663,0.264109,179.605057
138.66188843869998,-592.0096705917324,-29.431384319055823,-179.488663,0.264109,179.605057
138.6636304514307,-591.9000077170556,-29.579109540264895,-179.488663,0.264109,179.605057
138.6637746448898,-591.7880002945889,-29.549056983696186,-179.488663,0.264109,179.605057
138.66400789040986,-591.677116957017,-29.754082889088476,-179.488663,0.264109,179.605057
138.66507874018362,-591.563768777225,-29.781331016702993,-179.488663,0.264109,179.605057
138.66506810316687,-591.4515396919905,-29.89512564845658,-179.488663,0.264109,179.605057
138.66319687562958,-591.3411305726577,-29.875035217756153,-179.488663,0.264109,179.605057
138.6605694763354,-591.2283890428689,-30.076694913367977,-179.488663,0.264109,179.605057
138.65865132125757,-591.1167844660793,-30.10057683120202,-179.488663,0.264109,179.605057
138.6589556287841,-591.0069945449816,-30.223300212589724,-179.488663,0.264109,179.605057
138.66052321201337,-590.8948623450112,-30.177061332499107,-179.488663,0.264109,179.605057
138.6619104891995,-590.7838564583325,-30.407725421539027,-179.488663,0.264109,179.605057
138.6628295305681,-590.6746545847005,-30.460611732801166,-179.488663,0.264109,179.605057
138.6628205206293,-590.5630999403252,-30.511025747364265,-179.488663,0.264109,179.605057
138.66221536190372,-590.4526612967433,-30.55100807864799,-179.488663,0.264109,179.605057
138.6619102467893,-590.344016536251,-30.596178504286225,-179.488663,0.264109,179.605057
138.66290325758985,-590.233009055637,-30.62332077266694,-179.488663,0.264109,179.605057
138.66619510408646,-590.1231078040563,-30.66971885869908,-179.488663,0.264109,179.605057
138.6698999003499,-590.0149908383047,-30.6619517375344,-179.488663,0.264109,179.605057
138.67404704057537,-589.9045017265652,-30.73084858391998,-179.488663,0.264109,179.605057
138.67781122359895,-589.7951095863284,-30.656480595499573,-179.488663,0.264109,179.605057
138.6814452801347,-589.68749263972,-30.80962617620025,-179.488663,0.264109,179.605057
138.6854140714577,-589.5774946173,-30.784993979123154,-179.488663,0.264109,179.605057
138.68898092026157,-589.4685847960367,-30.815336885362765,-179.488663,0.264109,179.605057
138.69159531871196,-589.3614415546848,-30.73997390829675,-179.488663,0.264109,179.605057
138.69316071120258,-589.2519087776368,-30.82106615896233,-179.488663,0.264109,179.605057
138.69408337247472,-589.1434558929452,-30.724380631850135,-179.488663,0.264109,179.605057
138.6948643652095,-589.0367614277518,-30.805328332592687,-179.488663,0.264109,179.605057
138.69642725011795,-588.927669412185,-30.70849825555746,-179.488663,0.264109,179.605057
138.6981242857646,-588.8196494174317,-30.74037345061617,-179.488663,0.264109,179.605057
138.69900268260753,-588.7133801112109,-30.5944708678971,-179.488663,0.264109,179.605057
138.7005261922679,-588.6047056617184,-30.658354372428878,-179.488663,0.264109,179.605057
138.7033890567988,-588.4970957757422,-30.544460099182878,-179.488663,0.264109,179.605057
138.70606840934167,-588.3912292541809,-30.50709455459288,-179.488663,0.264109,179.605057
138.70744095313958,-588.2829503960314,-30.3149398844651,-179.488663,0.264109,179.605057
138.70812194789897,-588.175729036547,-30.377921223566947,-179.488663,0.264109,179.605057
138.7090656142585,-588.070244102797,-30.26312478489102,-179.488663,0.264109,179.605057
138.7100483939054,-587.9623400176961,-30.19717573823979,-179.488663,0.264109,179.605057
138.71102501889922,-587.8554867382021,-30.05498486043628,-179.488663,0.264109,179.605057
138.71157585651812,-587.7503633109155,-30.04973463455324,-179.488663,0.264109,179.605057
138.71326570252697,-587.6428142761475,-29.866706630892416,-179.488663,0.264109,179.605057
138.7147486501817,-587.5363097061553,-29.947846459216006,-179.488663,0.264109,179.605057
138.71534779402114,-587.4315287607806,-29.851208509761822,-179.488663,0.264109,179.605057
138.71493854482964,-587.3243160915522,-29.792595314407684,-179.488663,0.264109,179.605057
138.71351210413152,-587.2181418799602,-29.68094850666458,-179.488663,0.264109,179.605057
138.71272384562204,-587.1136853931267,-29.67225851956976,-179.488663,0.264109,179.605057
138.71207443433795,-587.0067913879467,-29.500905031394463,-179.488663,0.264109,179.605057
138.71105136190386,-586.9009301493933,-29.630736311686626,-179.488663,0.264109,179.605057
138.70996810760332,-586.7967810462246,-29.582789814201007,-179.488663,0.264109,179.605057
138.7080668898795,-586.6901889351557,-29.529975310010368,-179.488663,0.264109,179.605057
138.70602911901202,-586.5846241991975,-29.484353261439207,-179.488663,0.264109,179.605057
138.70399301914588,-586.4807663033952,-29.443680675724476,-179.488663,0.264109,179.605057
138.70157554467812,-586.374460199031,-29.40276858524903,-179.488663,0.264109,179.605057
138.6987037327047,-586.2691763619941,-29.377315580485885,-179.488663,0.264109,179.605057
138.69619434122268,-586.1655943485496,-29.342567477313356,-179.488663,0.264109,179.605057
138.69379312296223,-586.0595591995702,-29.336490938156462,-179.488663,0.264109,179.605057
138.69103524556135,-585.9502748122693,-29.30755539230684,-179.488663,0.264109,179.605057
138.6882452594776,-585.8418948441458,-29.3280173909451,-179.488663,0.264109,179.605057
138.68548853145944,-585.7352371638489,-29.278859126548,-179.488663,0.264109,179.605057
138.6827776618528,-585.6261741836814,-29.368784589432057,-179.488663,0.264109,179.605057
138.68052696296292,-585.5181812614801,-29.28093227453834,-179.488663,0.264109,179.605057
138.6784003081561,-585.41193825021,-29.47956755491676,-179.488663,0.264109,179.605057
138.6763287079232,-585.3032895661752,-29.5004250575174,-179.488663,0.264109,179.605057
138.6738851369195,-585.195704973316,-29.557396597627445,-179.488663,0.264109,179.605057
138.67140192477146,-585.0898632906792,-29.57769416411071,-179.488663,0.264109,179.605057
138.66853543452288,-584.9816088273511,-29.67276764219416,-179.488663,0.264109,179.605057
138.66440105651552,-584.8744114269189,-29.662033800943966,-179.488663,0.264109,179.605057
138.65966123433248,-584.7689500243163,-29.8511615808054,-179.488663,0.264109,179.605057
138.65609973411873,-584.6610690501166,-29.862511582889056,-179.488663,0.264109,179.605057
138.65529032852405,-584.5542384687861,-30.052941046082964,-179.488663,0.264109,179.605057
138.6558641867328,-584.4448706676308,-30.06559273149909,-179.488663,0.264109,179.605057
138.65629586949655,-584.3365508756823,-30.28317325580554,-179.488663,0.264109,179.605057
138.65505031101645,-584.2299812337274,-30.32297600233421,-179.488663,0.264109,179.605057
138.65430835223043,-584.1252772789012,-30.47556644700865,-179.488663,0.264109,179.605057
138.6544989990193,-584.0181689177472,-30.45037911390531,-179.488663,0.264109,179.605057
138.65528412216878,-583.9121029942418,-30.701885469077542,-179.488663,0.264109,179.605057
138.6553556410612,-583.8077540514004,-30.775614046472,-179.488663,0.264109,179.605057
138.65322831083347,-583.7009659118789,-30.85285966192568,-179.488663,0.264109,179.605057
138.64945946614495,-583.5952086976723,-30.920017058391764,-179.488663,0.264109,179.605057
138.64911369768876,-583.4868951044641,-30.983775886503842,-179.488663,0.264109,179.605057
138.65274635096372,-583.3796106954479,-31.04473819520593,-179.488663,0.264109,179.605057
138.6571230241828,-583.2740579459762,-31.095793902924672,-179.488663,0.264109,179.605057
138.6599418109271,-583.1660860564058,-31.149258923393432,-179.488663,0.264109,179.605057
138.662408930965,-583.0591659390228,-31.184156244834387,-179.488663,0.264109,179.605057
138.6647706297322,-582.9539768177468,-31.23780168687724,-179.488663,0.264109,179.605057
138.668722100085,-582.8463632520837,-31.250818927916924,-179.488663,0.264109,179.605057
138.67375665939883,-582.7397953015882,-31.320758726184117,-179.488663,0.264109,179.605057
138.67893623388346,-582.6349521071999,-31.278925906849906,-179.488663,0.264109,179.605057
138.68160536856516,-582.5276783005754,-31.39473189462915,-179.488663,0.264109,179.605057
138.68414512092636,-582.4214440434201,-31.33276010463062,-179.488663,0.264109,179.605057
138.68703354256763,-582.312661916705,-31.442218154628172,-179.488663,0.264109,179.605057
138.69036128495716,-582.2049173396578,-31.37389842684795,-179.488663,0.264109,179.605057
138.694142008049,-582.0989126398621,-31.457784195370543,-179.488663,0.264109,179.605057
138.6971364458862,-581.9904968712473,-31.363892186115358,-179.488663,0.264109,179.605057
138.70034170577884,-581.8831408020222,-31.446725534874002,-179.488663,0.264109,179.605057
138.70354354416406,-581.7775235145485,-31.35178110585487,-179.488663,0.264109,179.605057
138.70669916099075,-581.6694894292913,-31.389409198664538,-179.488663,0.264109,179.605057
138.7077473202887,-581.5582418025789,-31.24925951369643,-179.488663,0.264109,179.605057
138.71000174759305,-581.4436669893776,-31.30116623308772,-179.488663,0.264109,179.605057
138.71246536553258,-581.3300562473328,-31.175295174701233,-179.488663,0.264109,179.605057
138.71411445014402,-581.2182541167397,-31.15127191645649,-179.488663,0.264109,179.605057
138.71557717444205,-581.108403783183,-30.94947088043397,-179.488663,0.264109,179.605057
138.71739249015403,-580.996239458222,-31.014428162693726,-179.488663,0.264109,179.605057
138.719663172992,-580.8852075609351,-30.901607667175703,-179.488663,0.264109,179.605057
138.72199263509927,-580.7759812695,-30.822964493039073,-179.488663,0.264109,179.605057
138.72306872293262,-580.6644028731579,-30.692529605489014,-179.488663,0.264109,179.605057
138.72346816488425,-580.5539409485824,-30.647944195850226,-179.488663,0.264109,179.605057
138.72413726337402,-580.4452733323986,-30.465446811914873,-179.488663,0.264109,179.605057
138.72608277710395,-580.3342434062122,-30.517503162918235,-179.488663,0.264109,179.605057
138.72825590435338,-580.2243201103089,-30.391781736143823,-179.488663,0.264109,179.605057
138.73003298094133,-580.1161814940039,-30.363778958545623,-179.488663,0.264109,179.605057
138.73047357341886,-580.0056711183837,-30.187483498987064,-179.488663,0.264109,179.605057
138.73064060287018,-579.8962580940206,-30.267273353806885,-179.488663,0.264109,179.605057
138.72992743307518,-579.7843539695886,-30.169285430848923,-179.488663,0.264109,179.605057
138.72904836629024,-579.6735431504682,-30.143001124667745,-179.488663,0.264109,179.605057
138.72691662239046,-579.5645269685041,-30.0160129238586,-179.488663,0.264109,179.605057
138.72374155009203,-579.4574201663371,-30.070491925207175,-179.488663,0.264109,179.605057
138.71999230203105,-579.3479518702047,-29.947193148777977,-179.488663,0.264109,179.605057
138.7165922081233,-579.2395681577132,-30.02372613171553,-179.488663,0.264109,179.605057
138.71372274638176,-579.132942819194,-29.92248133687531,-179.488663,0.264109,179.605057
138.71100022119603,-579.0239189380617,-29.987204172720123,-179.488663,0.264109,179.605057
138.70834580367966,-578.9159659102718,-29.87414923078716,-179.488663,0.264109,179.605057
138.70533031496848,-578.8054957184343,-29.990555645119876,-179.488663,0.264109,179.605057
138.70187483230225,-578.6960932254048,-29.929184281674818,-179.488663,0.264109,179.605057
138.69879116215407,-578.5884602187042,-29.993797354083252,-179.488663,0.264109,179.605057
138.6954150444849,-578.4784452231427,-29.88063264871391,-179.488663,0.264109,179.605057
138.69202845320726,-578.3695184875234,-30.067326890996146,-179.488663,0.264109,179.605057
138.68868793206167,-578.2623585841326,-30.07624335550061,-179.488663,0.264109,179.605057
138.68581480124323,-578.1528094324801,-30.098988270215397,-179.488663,0.264109,179.605057
138.6826653441285,-578.0443404635545,-30.119855545690747,-179.488663,0.264109,179.605057
138.6799160807002,-577.9376302009543,-30.16596208656516,-179.488663,0.264109,179.605057
138.6768752899779,-577.8327893366875,-30.193049229552248,-179.488663,0.264109,179.605057
138.6746425517093,-577.7255467554902,-30.27065456901821,-179.488663,0.264109,179.605057
138.67260317843127,-577.6193490587283,-30.283351803241604,-179.488663,0.264109,179.605057
138.6706314825713,-577.5148707060962,-30.428688590647056,-179.488663,0.264109,179.605057
138.66870136409162,-577.4079554699721,-30.396247600274727,-179.488663,0.264109,179.605057
138.66680701166194,-577.3020734293965,-30.656802673117497,-179.488663,0.264109,179.605057
138.66494675434348,-577.1979039058411,-30.73957996818249,-179.488663,0.264109,179.605057
138.6635304397069,-577.0912917411359,-30.84498492085195,-179.488663,0.264109,179.605057
138.66222305674822,-576.9857073100987,-30.912677110847294,-179.488663,0.264109,179.605057
138.66095605401608,-576.8818300710367,-31.043223905299495,-179.488663,0.264109,179.605057
138.6601258135903,-576.7755049688807,-31.06384253676805,-179.488663,0.264109,179.605057
138.65939473348965,-576.6702024733365,-31.25263726209824,-179.488663,0.264109,179.605057
138.65869388303767,-576.5623354679403,-31.263654209650653,-179.488663,0.264109,179.605057
138.65800904616628,-576.4554896690948,-31.460460630396632,-179.488663,0.264109,179.605057
138.65939226302433,-576.3503676962542,-31.479489273364837,-179.488663,0.264109,179.605057
138.66075875154402,-576.2428188900062,-31.658242423973388,-179.488663,0.264109,179.605057
138.66086868211488,-576.1363143000987,-31.65921779680416,-179.488663,0.264109,179.605057
138.66072573763898,-576.0315332854047,-31.847851730975098,-179.488663,0.264109,179.605057
138.65930225114184,-575.9243205379624,-31.858707887368254,-179.488663,0.264109,179.605057
138.66093001249283,-575.8181462474897,-31.986693226712994,-179.488663,0.264109,179.605057
138.66519998414088,-575.7094230160976,-31.936900788279953,-179.488663,0.264109,179.605057
138.66911455825164,-575.6017362824792,-32.13214667455724,-179.488663,0.264109,179.605057
138.6724917122453,-575.4915217264048,-32.14961478305675,-179.488663,0.264109,179.605057
138.67694712935878,-575.3823691017478,-32.16041629111312,-179.488663,0.264109,179.605057
138.68155483316391,-575.2707145895915,-32.17059795546361,-179.488663,0.264109,179.605057
138.68818257363105,-575.1601476752195,-32.16021127043501,-179.488663,0.264109,179.605057
138.69512006023285,-575.051370787631,-32.15169663437156,-179.488663,0.264109,179.605057
138.70078705180765,-574.9402322878002,-32.11611062781065,-179.488663,0.264109,179.605057
138.7057086804969,-574.8302021019632,-32.09464197207883,-179.488663,0.264109,179.605057
138.71041124011217,-574.721958452679,-32.02757364274296,-179.488663,0.264109,179.605057
138.7150031050647,-574.611344909273,-32.01349392496941,-179.488663,0.264109,179.605057
138.71950752456098,-574.5018305574378,-31.888089010147542,-179.488663,0.264109,179.605057
138.72228594766648,-574.3940935813649,-31.935556223739546,-179.488663,0.264109,179.605057
138.72426898947631,-574.2839776729933,-31.80524565955377,-179.488663,0.264109,179.605057
138.72729852954353,-574.1749520710808,-31.80687651097451,-179.488663,0.264109,179.605057
138.73008183802568,-574.0676951167985,-31.630729584617477,-179.488663,0.264109,179.605057
138.7323656486924,-573.9580506576144,-31.6576304618792,-179.488663,0.264109,179.605057
138.7345170789332,-573.8494880853137,-31.506753561363148,-179.488663,0.264109,179.605057
138.73661143496992,-573.7426858914181,-31.496708217778785,-179.488663,0.264109,179.605057
138.7370219231021,-573.6334880710722,-31.308885096416645,-179.488663,0.264109,179.605057
138.73708979959997,-573.5253641611033,-31.378748520909106,-179.488663,0.264109,179.605057
138.73708818841635,-573.418992795485,-31.27083416762378,-179.488663,0.264109,179.605057
138.73666025816658,-573.3102181092701,-31.232425111988206,-179.488663,0.264109,179.605057
138.7361531502227,-573.2025097766953,-31.08193424915861,-179.488663,0.264109,179.605057
138.73440541894186,-573.0965465666897,-31.1229468427635,-179.488663,0.264109,179.605057
138.73284508628296,-572.9881727468512,-30.98618165859061,-179.488663,0.264109,179.605057
138.73134442474628,-572.8808581215951,-31.027346743323204,-179.488663,0.264109,179.605057
138.73234281795365,-572.7752815877034,-30.890734050278017,-179.488663,0.264109,179.605057
138.7338268227398,-572.6672875383445,-30.955143649797773,-179.488663,0.264109,179.605057
138.73333173288472,-572.5603459012608,-30.841775471539748,-179.488663,0.264109,179.605057
138.73162653204602,-572.4551356943596,-30.88671603530312,-179.488663,0.264109,179.605057
138.72970356075584,-572.3475014297708,-30.753878821288716,-179.488663,0.264109,179.605057
138.72735371763372,-572.2409131520741,-30.863246089090502,-179.488663,0.264109,179.605057
138.7241288090252,-572.1360499939275,-30.79483557911451,-179.488663,0.264109,179.605057
138.72077475268622,-572.0287565801624,-30.833525806852272,-179.488663,0.264109,179.605057
138.71703190226913,-571.922503066047,-30.70783462728933,-179.488663,0.264109,179.605057
138.71490896913122,-571.8179686929515,-30.881979482116456,-179.488663,0.264109,179.605057
138.7127295456093,-571.7109981924771,-30.878346559165802,-179.488663,0.264109,179.605057
138.71056982025627,-571.6050618247559,-30.885760364083556,-179.488663,0.264109,179.605057
138.70803408396424,-571.4965722674818,-30.88465166699841,-179.488663,0.264109,179.605057
138.70545920928944,-571.3891150348895,-30.92314731769588,-179.488663,0.264109,179.605057
138.70209001626682,-571.283392547875,-30.911164966533423,-179.488663,0.264109,179.605057
138.69819921031984,-571.1752539520135,-30.999781951804177,-179.488663,0.264109,179.605057
138.69467008436146,-571.0681701055237,-30.937202709686254,-179.488663,0.264109,179.605057
138.6912634864144,-570.9628201791694,-31.143086513216126,-179.488663,0.264109,179.605057
138.68916362124045,-570.8550486802394,-31.17119253896822,-179.488663,0.264109,179.605057
138.68735496737025,-570.7483256170012,-31.25887289604806,-179.488663,0.264109,179.605057
138.68563027883806,-570.6433300800229,-31.26373203424832,-179.488663,0.264109,179.605057
138.68435757894372,-570.5359066514892,-31.423095870581225,-179.488663,0.264109,179.605057
138.68278271073098,-570.429525444517,-31.40468192913634,-179.488663,0.264109,179.605057
138.6795253625358,-570.3248656590227,-31.641413431544475,-179.488663,0.264109,179.605057
138.67556717840736,-570.2177719858845,-31.70036715617483,-179.488663,0.264109,179.605057
138.67234645459988,-570.1117146452355,-31.821509348457575,-179.488663,0.264109,179.605057
138.67096347315075,-570.0073729421512,-31.839474139097447,-179.488663,0.264109,179.605057
138.67119970924276,-569.9005916708016,-32.01906028803099,-179.488663,0.264109,179.605057
138.67134576237416,-569.7948411527692,-32.02086865918675,-179.488663,0.264109,179.605057
138.67065036838,-569.690800792768,-32.21375479614937,-179.488663,0.264109,179.605057
138.66897524167533,-569.584315482826,-32.2288631553342,-179.488663,0.264109,179.605057
138.66753865911943,-569.4788556406376,-32.39488184558169,-179.488663,0.264109,179.605057
138.66617021678968,-569.375100765311,-32.383122758051414,-179.488663,0.264109,179.605057
138.6677113092405,-569.2688958415835,-32.56336763726855,-179.488663,0.264109,179.605057
138.66857861311036,-569.1637113782022,-32.5658347387079,-179.488663,0.264109,179.605057
138.66765615760897,-569.0602269637027,-32.69558032519787,-179.488663,0.264109,179.605057
138.66679953626715,-568.9542876706524,-32.64754813391005,-179.488663,0.264109,179.605057
138.66802337592742,-568.8493640940599,-32.82765831938974,-179.488663,0.264109,179.605057
138.67170101317964,-568.7418692405147,-32.829990727091655,-179.488663,0.264109,179.605057
138.67704910577598,-568.635388947274,-32.891416092032905,-179.488663,0.264109,179.605057
138.6834765610131,-568.530625952487,-32.83369506157526,-179.488663,0.264109,179.605057
138.68961780941498,-568.4234297133164,-32.94730904567134,-179.488663,0.264109,179.605057
138.69520380758368,-568.3172713940041,-32.883145251989646,-179.488663,0.264109,179.605057
138.70059931039847,-568.2128304658714,-32.94972721923692,-179.488663,0.264109,179.605057
138.70505864476908,-568.105951731397,-32.838531408706416,-179.488663,0.264109,179.605057
138.7092673238065,-568.0001054887667,-32.931837848479475,-179.488663,0.264109,179.605057
138.71336601500875,-567.8917044466227,-32.84736651047476,-179.488663,0.264109,179.605057
138.71738441614684,-567.7843341482865,-32.85105056270484,-179.488663,0.264109,179.605057
138.7217402753448,-567.6786970429547,-32.67962763121026,-179.488663,0.264109,179.605057
138.72528034282394,-567.5706423039442,-32.77750887259012,-179.488663,0.264109,179.605057
138.72901757099962,-567.4636408167083,-32.69761233619221,-179.488663,0.264109,179.605057
138.73191796851387,-567.3583717787569,-32.574835807966515,-179.488663,0.264109,179.605057
138.73296708313117,-567.2506797236466,-32.49821855500933,-179.488663,0.264109,179.605057
138.73363102042788,-567.1440346854438,-32.34513886549352,-179.488663,0.264109,179.605057
138.73667425737446,-567.0348491133882,-32.32466314801987,-179.488663,0.264109,179.605057
138.73973940599225,-566.9267082960312,-32.126409652768444,-179.488663,0.264109,179.605057
138.74112089927502,-566.8203144323496,-32.190624855965275,-179.488663,0.264109,179.605057
138.7421460135863,-566.7157831165755,-32.077062281384315,-179.488663,0.264109,179.605057
138.7430852726998,-566.6088443113183,-32.00952683901924,-179.488663,0.264109,179.605057
138.7435833357552,-566.502944915617,-31.875150442961033,-179.488663,0.264109,179.605057
138.74357540936887,-566.3987595265659,-31.86157261416915,-179.488663,0.264109,179.605057
138.74346639782505,-566.2921320199333,-31.67021700759949,-179.488663,0.264109,179.605057
138.74292627519165,-566.186532569879,-31.77510710743781,-179.488663,0.264109,179.605057
138.74189694541778,-566.0783739233187,-31.702219429498356,-179.488663,0.264109,179.605057
138.7395524135726,-565.971241693764,-31.66324058161967,-179.488663,0.264109,179.605057
138.7369781857661,-565.8615717393196,-31.585609061417475,-179.488663,0.264109,179.605057
138.7339839633406,-565.7529539903605,-31.580859461754464,-179.488663,0.264109,179.605057
138.73094832648798,-565.6418248015948,-31.460299727859486,-179.488663,0.264109,179.605057
138.72794758025185,-565.5317738288857,-31.53982675101778,-179.488663,0.264109,179.605057
138.72540715608548,-565.4235036687775,-31.441575996398303,-179.488663,0.264109,179.605057
138.722171815699,-565.3128628467999,-31.51168814298632,-179.488663,0.264109,179.605057
138.71884350579842,-565.2033214508056,-31.404022511796562,-179.488663,0.264109,179.605057
138.7151332712914,-565.0912911954175,-31.54015394155727,-179.488663,0.264109,179.605057
138.71139941964273,-564.9803564873384,-31.498507593540204,-179.488663,0.264109,179.605057
138.70730328156696,-564.866951960125,-31.5598961291242,-179.488663,0.264109,179.605057
138.70319294239175,-564.7546663334717,-31.464149014261984,-179.488663,0.264109,179.605057
138.7003719989316,-564.644201438065,-31.640653405699013,-179.488663,0.264109,179.605057
138.6978490546992,-564.5314050785313,-31.639380019358267,-179.488663,0.264109,179.605057
138.69624292551921,-564.4197466410633,-31.693247041037285,-179.488663,0.264109,179.605057
138.69443233540918,-564.3056371524524,-31.67027258268336,-179.488663,0.264109,179.605057
138.692606603728,-564.1926603441176,-31.790896502162123,-179.488663,0.264109,179.605057
138.68915936524988,-564.0815168531121,-31.73374264386311,-179.488663,0.264109,179.605057
138.68543685280403,-563.9680540663336,-31.94803125213925,-179.488663,0.264109,179.605057
138.68294600574163,-563.8557411133678,-31.98454208263761,-179.488663,0.264109,179.605057
138.68361336158083,-563.7409888002735,-32.08083203180701,-179.488663,0.264109,179.605057
138.68366908893952,-563.6273806480507,-32.08408851652467,-179.488663,0.264109,179.605057
138.68154658692413,-563.5156170883896,-32.264040597550796,-179.488663,0.264109,179.605057
138.6781972923959,-563.4015453067559,-32.266214900799135,-179.488663,0.264109,179.605057
138.67752671822063,-563.2886342349553,-32.46915817316301,-179.488663,0.264109,179.605057
138.68027786961534,-563.1732944848093,-32.49432366774911,-179.488663,0.264109,179.605057
138.68408668308197,-563.0591093865517,-32.65767824343895,-179.488663,0.264109,179.605057
138.68558708139366,-562.9467791845137,-32.643255041351026,-179.488663,0.264109,179.605057
138.68372623545397,-562.8321508801487,-32.86319380038646,-179.488663,0.264109,179.605057
138.67998760602845,-562.7186932245359,-32.90535478164413,-179.488663,0.264109,179.605057
138.67757103596873,-562.6070833186644,-33.02158532399246,-179.488663,0.264109,179.605057
138.67874035788967,-562.493163636958,-33.00966615341191,-179.488663,0.264109,179.605057
138.68389733896163,-562.3804021911134,-33.191117926601734,-179.488663,0.264109,179.605057
138.6864913970219,-562.2652094441154,-33.19479192201377,-179.488663,0.264109,179.605057
138.68853597720965,-562.1511687337329,-33.33333704077148,-179.488663,0.264109,179.605057
138.6879758055713,-562.0389803429989,-33.2941043817514,-179.488663,0.264109,179.605057
138.6869026504533,-561.9287579844184,-33.483027791229304,-179.488663,0.264109,179.605057
138.68574216128994,-561.8162297724796,-33.49417342292942,-179.488663,0.264109,179.605057
138.68910159894114,-561.7048407911055,-33.561572125651445,-179.488663,0.264109,179.605057
138.69331724328643,-561.5952638546906,-33.52818495444807,-179.488663,0.264109,179.605057
138.6951783953621,-561.4833410881411,-33.628014773120356,-179.488663,0.264109,179.605057
138.69654217926538,-561.372540946022,-33.55006681401487,-179.488663,0.264109,179.605057
138.69655331571872,-561.2635411530326,-33.699293145857354,-179.488663,0.264109,179.605057
138.70081465318583,-561.1521849824807,-33.670741699922054,-179.488663,0.264109,179.605057
138.70381031405617,-561.0376746019529,-33.66059873203643,-179.488663,0.264109,179.605057
138.70651023465254,-560.9241619715085,-33.598644300734684,-179.488663,0.264109,179.605057
138.70993571943455,-560.812463292936,-33.58546008623759,-179.488663,0.264109,179.605057
138.71551093238122,-560.6984493414998,-33.457170310399405,-179.488663,0.264109,179.605057
138.72184924348778,-560.5855938672446,-33.49489202568527,-179.488663,0.264109,179.605057
138.7282500293573,-560.4745751440595,-33.35483596319334,-179.488663,0.264109,179.605057
138.73251716566924,-560.3612360373737,-33.36379624512433,-179.488663,0.264109,179.605057
138.733831106131,-560.2490447879495,-33.19497874927753,-179.488663,0.264109,179.605057
138.73453572026946,-560.1386787188584,-33.20966390902218,-179.488663,0.264109,179.605057
138.7355191146311,-560.0259806699275,-33.046571290989064,-179.488663,0.264109,179.605057
138.73695494565092,-559.9144190417248,-33.03714752104427,-179.488663,0.264109,179.605057
138.73805017662784,-559.8046713519353,-32.849945973321695,-179.488663,0.264109,179.605057
138.73906171097784,-559.6925806391945,-32.8811734417482,-179.488663,0.264109,179.605057
138.7408634530695,-559.5816155008889,-32.73462313239693,-179.488663,0.264109,179.605057
138.74444205637752,-559.4724536483263,-32.70796591464905,-179.488663,0.264109,179.605057
138.74750380290396,-559.360938310371,-32.50353091912339,-179.488663,0.264109,179.605057
138.74918485545683,-559.2505382712549,-32.60765751166616,-179.488663,0.264109,179.605057
138.74892141646757,-559.1419314257961,-32.53400632643115,-179.488663,0.264109,179.605057
138.74786215919107,-559.030961183093,-32.43802194626728,-179.488663,0.264109,179.605057
138.74624813658284,-558.921096504393,-32.3886604465404,-179.488663,0.264109,179.605057
138.74495678256312,-558.8087487917016,-32.28133210164075,-179.488663,0.264109,179.605057
138.74333766151827,-558.697502306348,-32.28424680980684,-179.488663,0.264109,179.605057
138.74167601456773,-558.5880582386983,-32.1226910073078,-179.488663,0.264109,179.605057
138.73920816141487,-558.4805311924403,-32.24888436702841,-179.488663,0.264109,179.605057
138.73620349871084,-558.3706501573407,-32.19729994897125,-179.488663,0.264109,179.605057
138.73313420707726,-558.261861076972,-32.17124589017764,-179.488663,0.264109,179.605057
138.72968319736097,-558.1548376100259,-32.12240194372254,-179.488663,0.264109,179.605057
138.72620492505527,-558.0454227106273,-32.1284812322588,-179.488663,0.264109,179.605057
138.72277066899335,-557.9370856477523,-32.05197112914281,-179.488663,0.264109,179.605057
138.7189833922664,-557.8305049459648,-32.12816992322502,-179.488663,0.264109,179.605057
138.71559004156433,-557.7215246641535,-32.02659093952946,-179.488663,0.264109,179.605057
138.712323737055,-557.6136144081236,-32.171396445688735,-179.488663,0.264109,179.605057
138.71077374033723,-557.5074528808909,-32.138424174070224,-179.488663,0.264109,179.605057
138.70917838290887,-557.3988842855829,-32.2088744934344,-179.488663,0.264109,179.605057
138.70718597619964,-557.2913783633486,-32.121072938938546,-179.488663,0.264109,179.605057
138.70431938497404,-557.1813472821788,-32.31678415198719,-179.488663,0.264109,179.605057
138.70090805947595,-557.0723760557094,-32.33471758725807,-179.488663,0.264109,179.605057
138.69702563708603,-556.9651666131789,-32.38996275069551,-179.488663,0.264109,179.605057
138.6931042119917,-556.8598342839521,-32.409361967188666,-179.488663,0.264109,179.605057
138.6921072021801,-556.7478421038461,-32.505913850811176,-179.488663,0.264109,179.605057
138.6917092551201,-556.636110731237,-32.49222746699588,-179.488663,0.264109,179.605057
138.69225989141304,-556.5260205885376,-32.68578761779914,-179.488663,0.264109,179.605057
138.6917586353271,-556.4135577516275,-32.70156999082464,-179.488663,0.264109,179.605057
138.68735635196302,-556.3022198473335,-32.872846835782155,-179.488663,0.264109,179.605057
138.68100447339563,-556.1926904019793,-32.86634590296189,-179.488663,0.264109,179.605057
138.6751743469494,-556.0808137338583,-33.11115056877344,-179.488663,0.264109,179.605057
138.6719954882813,-555.9700587560194,-33.178177456807205,-179.488663,0.264109,179.605057
138.67268098249215,-555.8611032981438,-33.29009477675092,-179.488663,0.264109,179.605057
138.6761847091389,-555.7497906663284,-33.31779382128917,-179.488663,0.264109,179.605057
138.67978980704936,-555.639589712711,-33.48162625816987,-179.488663,0.264109,179.605057
138.68254257337566,-555.5311783971846,-33.46768091727278,-179.488663,0.264109,179.605057
138.68426438959733,-555.4204001924305,-33.691519774323474,-179.488663,0.264109,179.605057
138.68904263885628,-555.3107241220764,-33.7375808535964,-179.488663,0.264109,179.605057
138.69354288406657,-555.2028283160472,-33.847311232585966,-179.488663,0.264109,179.605057
138.6966897472019,-555.0925564143465,-33.84105517871446,-179.488663,0.264109,179.605057
138.696644734091,-554.9833776050024,-34.018708957389194,-179.488663,0.264109,179.605057
138.6947299859173,-554.875970179418,-34.018584958286155,-179.488663,0.264109,179.605057
138.69328985603838,-554.766177936194,-34.16722042345789,-179.488663,0.264109,179.605057
138.69360957611005,-554.6574702191234,-34.13807811085184,-179.488663,0.264109,179.605057
138.69509805237527,-554.5462588059262,-34.30501378741747,-179.488663,0.264109,179.605057
138.69844355488343,-554.4361283269359,-34.294171686205324,-179.488663,0.264109,179.605057
138.7025235488267,-554.323513668266,-34.35544647711446,-179.488663,0.264109,179.605057
138.7066924144765,-554.2120038043611,-34.280095158932575,-179.488663,0.264109,179.605057
138.71040909726722,-554.098034150807,-34.400045489235715,-179.488663,0.264109,179.605057
138.7148038173309,-553.9851934410626,-34.342218041761086,-179.488663,0.264109,179.605057
138.71968230883047,-553.8699166990632,-34.37800903199658,-179.488663,0.264109,179.605057
138.7249988382937,-553.7557922420544,-34.2360222444543,-179.488663,0.264109,179.605057
138.73073802915283,-553.6435213454324,-34.345375157024776,-179.488663,0.264109,179.605057
138.73689257268782,-553.5332179025286,-34.27695029181747,-179.488663,0.264109,179.605057
138.7426302110277,-553.4206100437787,-34.205461422718535,-179.488663,0.264109,179.605057
138.7465601996944,-553.3091428358505,-34.11653522677232,-179.488663,0.264109,179.605057
138.75007276525432,-553.1994890694884,-34.02943035334933,-179.488663,0.264109,179.605057
138.7522181119271,-553.0874908450056,-33.91251874238764,-179.488663,0.264109,179.605057
138.75447016989204,-552.9766165925357,-33.83129320510158,-179.488663,0.264109,179.605057
138.75630087417989,-552.8675440127257,-33.68025381168946,-179.488663,0.264109,179.605057
138.75761060438248,-552.7561163552496,-33.64651057848744,-179.488663,0.264109,179.605057
138.75879751249397,-552.6458024311464,-33.434989567507635,-179.488663,0.264109,179.605057
138.76158742016082,-552.5330134961941,-33.51191605247397,-179.488663,0.264109,179.605057
138.7654795823852,-552.421333668369,-33.41106475966253,-179.488663,0.264109,179.605057
138.76871550699175,-552.3114639972983,-33.318113447681604,-179.488663,0.264109,179.605057
138.7701297175914,-552.1992522817894,-33.226566878760934,-179.488663,0.264109,179.605057
138.7695150277278,-552.0881680573467,-33.14160600473982,-179.488663,0.264109,179.605057
138.76850330002742,-551.9788891956426,-33.055070216997215,-179.488663,0.264109,179.605057
138.76742655377583,-551.867258928075,-32.98573066323489,-179.488663,0.264109,179.605057
138.76429878420515,-551.7567460098068,-32.92251009728321,-179.488663,0.264109,179.605057
138.76162662713787,-551.6480283006804,-32.87164979609156,-179.488663,0.264109,179.605057
138.7590835965829,-551.5369491741344,-32.797839186966534,-179.488663,0.264109,179.605057
138.75660255887607,-551.4269775561265,-32.78296104661936,-179.488663,0.264109,179.605057
138.75416920560846,-551.3187914806157,-32.67881216942021,-179.488663,0.264109,179.605057
138.7509586635863,-551.2082344933449,-32.73004767586324,-179.488663,0.264109,179.605057
138.7476383448553,-551.0987756897633,-32.60350540452849,-179.488663,0.264109,179.605057
138.74434329309338,-550.9868266036815,-32.71982999008641,-179.488663,0.264109,179.605057
138.741921491017,-550.8759716258795,-32.658376797866545,-179.488663,0.264109,179.605057
138.7388874489517,-550.7669120738623,-32.70667647378854,-179.488663,0.264109,179.605057
138.73536166526466,-550.6597626761862,-32.588054347251884,-179.488663,0.264109,179.605057
138.7313770110657,-550.5502525452565,-32.77021513592409,-179.488663,0.264109,179.605057
138.72694658673518,-550.4418277450936,-32.77459814681852,-179.488663,0.264109,179.605057
138.72331135219108,-550.3308953860198,-32.79126966199447,-179.488663,0.264109,179.605057
138.71906552338442,-550.2210392198263,-32.81427064781232,-179.488663,0.264109,179.605057
138.71475796084607,-550.1129606910168,-32.84413193811589,-179.488663,0.264109,179.605057
138.7109099813397,-550.0067748065383,-32.886075476498824,-179.488663,0.264109,179.605057
138.70720864525939,-549.8982109835052,-32.92670113474949,-179.488663,0.264109,179.605057
138.7048230568663,-549.7907155915777,-32.98881214877616,-179.488663,0.264109,179.605057
138.70232387971222,-549.6849627092233,-33.034403125398384,-179.488663,0.264109,179.605057
138.6994250842144,-549.5767957031103,-33.131986875472464,-179.488663,0.264109,179.605057
138.69566625902823,-549.4696842474435,-33.16267493646011,-179.488663,0.264109,179.605057
138.69261022008484,-549.3600405981243,-33.32508479036959,-179.488663,0.264109,179.605057
138.69056131316606,-549.2514498864206,-33.30971686650129,-179.488663,0.264109,179.605057
138.68833230599506,-549.1446141634731,-33.57352669517067,-179.488663,0.264109,179.605057
138.68609898020893,-549.0396488796698,-33.659558746062274,-179.488663,0.264109,179.605057
138.68430722022208,-548.9322838566206,-33.74967208346516,-179.488663,0.264109,179.605057
138.6822185895371,-548.8259658549389,-33.828282476682574,-179.488663,0.264109,179.605057
138.68010028968223,-548.7171026691102,-33.92136399909799,-179.488663,0.264109,179.605057
138.68129329403578,-548.6092787228728,-33.980456039516746,-179.488663,0.264109,179.605057
138.68313159205798,-548.5031961206779,-34.09713730548549,-179.488663,0.264109,179.605057
138.6854834707976,-548.3947038509671,-34.1178365288709,-179.488663,0.264109,179.605057
138.6862601722942,-548.2872726489225,-34.29333533433965,-179.488663,0.264109,179.605057
138.6863001252542,-548.18158157084,-34.29105636203063,-179.488663,0.264109,179.605057
138.68660282695373,-548.0734750128827,-34.485114204767896,-179.488663,0.264109,179.605057
138.68695377331028,-547.9664228744415,-34.501394269727385,-179.488663,0.264109,179.605057
138.68854315513894,-547.8611041392057,-34.64148785035046,-179.488663,0.264109,179.605057
138.69076828618714,-547.7533632844011,-34.60380365319575,-179.488663,0.264109,179.605057
138.693088920771,-547.6466703200621,-34.820209937342476,-179.488663,0.264109,179.605057
138.69539565148125,-547.5417043448646,-34.858838443711434,-179.488663,0.264109,179.605057
138.69766679458002,-547.4343099502538,-34.93865599976317,-179.488663,0.264109,179.605057
138.69948785278797,-547.3279572587059,-34.93478371745472,-179.488663,0.264109,179.605057
138.70119299452324,-547.2233254793837,-35.05396605463548,-179.488663,0.264109,179.605057
138.70202936872596,-547.1162593122571,-34.99537061403847,-179.488663,0.264109,179.605057
138.70391209432242,-547.0102289863909,-35.154096703922384,-179.488663,0.264109,179.605057
138.7059773136558,-546.9059138156334,-35.135045016028506,-179.488663,0.264109,179.605057
138.70969410417268,-546.7991586027708,-35.18936209585163,-179.488663,0.264109,179.605057
138.7149203479056,-546.6934336778479,-35.07112767392421,-179.488663,0.264109,179.605057
138.71955282014864,-546.585151787223,-35.2113573104699,-179.488663,0.264109,179.605057
138.7244113207107,-546.4778985125687,-35.17380916923781,-179.488663,0.264109,179.605057
138.7292459282619,-546.3723763410147,-35.11051171573573,-179.488663,0.264109,179.605057
138.73400699834795,-546.2644344831874,-35.06288889379476,-179.488663,0.264109,179.605057
138.73786431461087,-546.1532771945277,-34.956260619251935,-179.488663,0.264109,179.605057
138.74271802050012,-546.0387910566959,-34.91462365460108,-179.488663,0.264109,179.605057
138.74729130716418,-545.9252673963233,-34.73554712901918,-179.488663,0.264109,179.605057
138.75092213435067,-545.8135507901678,-34.75077529387791,-179.488663,0.264109,179.605057
138.75348972009942,-545.6995177865878,-34.58822568095885,-179.488663,0.264109,179.605057
138.75580814078555,-545.5866433062404,-34.55439432471284,-179.488663,0.264109,179.605057
138.7584561998094,-545.4756058564823,-34.342785190689035,-179.488663,0.264109,179.605057
138.76072008077242,-545.3622483454608,-34.39165979183981,-179.488663,0.264109,179.605057
138.76246426203846,-545.2500390178989,-34.2627566152128,-179.488663,0.264109,179.605057
138.76407969723158,-545.139655193021,-34.18271879848003,-179.488663,0.264109,179.605057
138.76523574146515,-545.0269397053004,-34.02123871525687,-179.488663,0.264109,179.605057
138.7642283548777,-544.9153609497254,-34.00066623173992,-179.488663,0.264109,179.605057
138.7623919427353,-544.8013297717699,-33.802315970445186,-179.488663,0.264109,179.605057
138.76041584334345,-544.6884298860915,-33.87092285038085,-179.488663,0.264109,179.605057
138.7596736888042,-544.5773619461316,-33.761751952538745,-179.488663,0.264109,179.605057
138.7575444338778,-544.4639733615725,-33.72496709338671,-179.488663,0.264109,179.605057
138.75475737494406,-544.3517332857406,-33.57693972530676,-179.488663,0.264109,179.605057
138.75146772671366,-544.2413192149548,-33.62888400544001,-179.488663,0.264109,179.605057
138.74894568006545,-544.1285740119629,-33.50305050779547,-179.488663,0.264109,179.605057
138.7470236895082,-544.0169660698612,-33.536337092758586,-179.488663,0.264109,179.605057
138.7448383784793,-543.9071728928918,-33.39184589994392,-179.488663,0.264109,179.605057
138.74304215000183,-543.7993041719102,-33.47972731019058,-179.488663,0.264109,179.605057
138.74093861772852,-543.6890878083802,-33.38983094265947,-179.488663,0.264109,179.605057
138.73962487493282,-543.5799694379551,-33.40552275521132,-179.488663,0.264109,179.605057
138.7376664410413,-543.4683559051972,-33.261231067624905,-179.488663,0.264109,179.605057
138.735196255546,-543.3578307324384,-33.39675863582449,-179.488663,0.264109,179.605057
138.7318357401458,-543.2490951452476,-33.35450842624629,-179.488663,0.264109,179.605057
138.72916806387258,-543.1422639368549,-33.3585474866544,-179.488663,0.264109,179.605057
138.72585378459843,-543.0330663147412,-33.30566425264089,-179.488663,0.264109,179.605057
138.72328043225153,-542.9249484427311,-33.3697617315523,-179.488663,0.264109,179.605057
138.72089186407902,-542.8143175304771,-33.25608143268594,-179.488663,0.264109,179.605057
138.7185742234887,-542.7047574275929,-33.44974557524098,-179.488663,0.264109,179.605057
138.71630373041438,-542.5969696747126,-33.465631940018255,-179.488663,0.264109,179.605057
138.7140749583003,-542.4868027065407,-33.48334097650058,-179.488663,0.264109,179.605057
138.7114755618039,-542.3777267144134,-33.51918200458559,-179.488663,0.264109,179.605057
138.70842656518118,-542.2704202204942,-33.55207949111056,-179.488663,0.264109,179.605057
138.70533101204072,-542.1607270963523,-33.60823203579116,-179.488663,0.264109,179.605057
138.70185950657472,-542.0521167261537,-33.65008552799016,-179.488663,0.264109,179.605057
138.69877284983247,-541.9452675875643,-33.7355297076585,-179.488663,0.264109,179.605057
138.69621950639748,-541.8360236608233,-33.77372220821126,-179.488663,0.264109,179.605057
138.69421980650839,-541.7278544678547,-33.911366529512215,-179.488663,0.264109,179.605057
138.69235927550469,-541.6171719612739,-33.90442688289952,-179.488663,0.264109,179.605057
138.69055303916343,-541.5075609431753,-34.15962958280957,-179.488663,0.264109,179.605057
138.6887833504493,-541.3997231350305,-34.23705450494185,-179.488663,0.264109,179.605057
138.68827814016677,-541.2895069954811,-34.34104301249916,-179.488663,0.264109,179.605057
138.6892667885612,-541.1803827080801,-34.396528122125865,-179.488663,0.264109,179.605057
138.6897170368028,-541.0730287809739,-34.52815178385914,-179.488663,0.264109,179.605057
138.6884105348166,-540.9632890706679,-34.52817741430369,-179.488663,0.264109,179.605057
138.68636059747973,-540.8546329462685,-34.74800314134055,-179.488663,0.264109,179.605057
138.6841911277371,-540.7477388705972,-34.79005109059963,-179.488663,0.264109,179.605057
138.68284993952742,-540.6384508093035,-34.93983961961227,-179.488663,0.264109,179.605057
138.68251481563442,-540.5302382699792,-34.911850370847134,-179.488663,0.264109,179.605057
138.68238567081127,-540.4237798578304,-35.17366711878903,-179.488663,0.264109,179.605057
138.68188889186175,-540.314919679645,-35.25770608895314,-179.488663,0.264109,179.605057
138.68297009583205,-540.2071273818975,-35.29473909423517,-179.488663,0.264109,179.605057
138.68517285259648,-540.1010817062499,-35.39507395209846,-179.488663,0.264109,179.605057
138.68880236960135,-539.9926268935205,-35.38614927788186,-179.488663,0.264109,179.605057
138.69307628552355,-539.8852327218225,-35.554623023798406,-179.488663,0.264109,179.605057
138.69618451886942,-539.779578062106,-35.54531899193718,-179.488663,0.264109,179.605057
138.6990154097147,-539.6715072821684,-35.68998268948367,-179.488663,0.264109,179.605057
138.7009292371678,-539.5644902848345,-35.65686860925239,-179.488663,0.264109,179.605057
138.70263243306314,-539.4592060635391,-35.81681572074898,-179.488663,0.264109,179.605057
138.70467994608308,-539.3514991063764,-35.79898505446778,-179.488663,0.264109,179.605057
138.70676720234277,-539.24483943432,-35.894485587158655,-179.488663,0.264109,179.605057
138.71006649960583,-539.1399061568429,-35.81220834207176,-179.488663,0.264109,179.605057
138.7135612817307,-539.0325438760059,-35.96533921721658,-179.488663,0.264109,179.605057
138.71745612392664,-538.9262227247132,-35.94069231458363,-179.488663,0.264109,179.605057
138.7221969181589,-538.8173552557032,-35.91274008563855,-179.488663,0.264109,179.605057
138.72745014483596,-538.7095268604869,-35.85741495610256,-179.488663,0.264109,179.605057
138.73232047877815,-538.6034398394279,-35.81671363866255,-179.488663,0.264109,179.605057
138.73663430053506,-538.4949432197221,-35.72439841217369,-179.488663,0.264109,179.605057
138.73995413438993,-538.3875077433228,-35.66971383409956,-179.488663,0.264109,179.605057
138.74343862191625,-538.2818124668046,-35.522720753112,-179.488663,0.264109,179.605057
138.7473171496876,-538.1737017853065,-35.49810424364683,-179.488663,0.264109,179.605057
138.7512193242241,-538.0666455969493,-35.29570995640388,-179.488663,0.264109,179.605057
138.75342628607575,-537.9613228841215,-35.3593054129199,-179.488663,0.264109,179.605057
138.75567348415524,-537.8535781227596,-35.245123091658144,-179.488663,0.264109,179.605057
138.7587198804409,-537.7468813216303,-35.149011671538844,-179.488663,0.264109,179.605057
138.7618827898429,-537.6419115781636,-35.013380838404345,-179.488663,0.264109,179.605057
138.76296890715665,-537.5345134825809,-34.944555782517405,-179.488663,0.264109,179.605057
138.7632135523843,-537.4281571561567,-34.779899231217854,-179.488663,0.264109,179.605057
138.7632864237959,-537.3192551402066,-34.789059261161555,-179.488663,0.264109,179.605057
138.76291323738423,-537.2113928150226,-34.62044151332747,-179.488663,0.264109,179.605057
138.76286681361466,-537.1052724699501,-34.66910309305094,-179.488663,0.264109,179.605057
138.76124195817823,-536.9924764546964,-34.53998689499663,-179.488663,0.264109,179.605057
138.75891385879686,-536.8799495154012,-34.58391513619826,-179.488663,0.264109,179.605057
138.75647822137324,-536.7690767744343,-34.450065599622114,-179.488663,0.264109,179.605057
138.75405571651788,-536.6558450632268,-34.53149162724902,-179.488663,0.264109,179.605057
138.7504365138008,-536.5437519645307,-34.43513987709815,-179.488663,0.264109,179.605057
138.74662944461664,-536.4334808012959,-34.47899723846071,-179.488663,0.264109,179.605057
138.74242828045635,-536.3208756594752,-34.345076822045485,-179.488663,0.264109,179.605057
138.73820804719114,-536.2094052172874,-34.48260853829307,-179.488663,0.264109,179.605057
138.73404402120028,-536.0997470724263,-34.44236247676289,-179.488663,0.264109,179.605057
138.7303611250339,-535.9877443028687,-34.445899334868756,-179.488663,0.264109,179.605057
138.72682683380015,-535.8768655366498,-34.38588403802565,-179.488663,0.264109,179.605057
138.72419564013936,-535.7677885135515,-34.44590882165304,-179.488663,0.264109,179.605057
138.72260382074745,-535.6563564900725,-34.328155827502655,-179.488663,0.264109,179.605057
138.72083184875174,-535.5460382775182,-34.509359439975526,-179.488663,0.264109,179.605057
138.71822771428145,-535.4375117972826,-34.51278527467062,-179.488663,0.264109,179.605057
138.71426040611763,-535.3266204845631,-34.51415288351213,-179.488663,0.264109,179.605057
138.70761288715337,-535.2168333262389,-34.54058713544294,-179.488663,0.264109,179.605057
138.70257720185435,-535.1045617494899,-34.53184240444715,-179.488663,0.264109,179.605057
138.69793550192375,-534.9933900403697,-34.59396824499569,-179.488663,0.264109,179.605057
138.69919150324358,-534.8840194135273,-34.565256821859236,-179.488663,0.264109,179.605057
138.70201984835032,-534.7722978298332,-34.70629034930889,-179.488663,0.264109,179.605057
138.70101399241736,-534.661694983959,-34.66954609898076,-179.488663,0.264109,179.605057
138.70048760178304,-534.5486222372347,-34.85972660508319,-179.488663,0.264109,179.605057
138.70088770176417,-534.4366636560715,-34.87212933340785,-179.488663,0.264109,179.605057
138.70146740955752,-534.3265202078414,-35.01286683064454,-179.488663,0.264109,179.605057
138.70125168306916,-534.2140396041285,-34.97582655010346,-179.488663,0.264109,179.605057
138.70005860450115,-534.1026912934607,-35.2102856843386,-179.488663,0.264109,179.605057
138.69868702374578,-533.9931530618202,-35.26696704079596,-179.488663,0.264109,179.605057
138.69894369392364,-533.8812680563907,-35.36030469114481,-179.488663,0.264109,179.605057
138.69910991942342,-533.7705049496141,-35.40111171834118,-179.488663,0.264109,179.605057
138.69925569189155,-533.65727485342,-35.52429929523612,-179.488663,0.264109,179.605057
138.69939530054495,-533.5451617429327,-35.51065600041122,-179.488663,0.264109,179.605057
138.6970659131123,-533.434866527158,-35.719893669563845,-179.488663,0.264109,179.605057
138.69140118886153,-533.3222368667281,-35.75135356093869,-179.488663,0.264109,179.605057
138.6855606288809,-533.2107421614265,-35.86567738642505,-179.488663,0.264109,179.605057
138.68305507860737,-533.1010601496259,-35.83296772172555,-179.488663,0.264109,179.605057
138.68577305365693,-532.9890339318047,-36.03591262955804,-179.488663,0.264109,179.605057
138.6923735225704,-532.8781321345438,-36.06107975961275,-179.488663,0.264109,179.605057
138.69883350580986,-532.7690324914004,-36.142200142854904,-179.488663,0.264109,179.605057
138.704352183264,-532.6575782517831,-36.12209354856243,-179.488663,0.264109,179.605057
138.70960411170398,-532.5472382198343,-36.25144987238322,-179.488663,0.264109,179.605057
138.71554932958108,-532.4386903098737,-36.20302841842623,-179.488663,0.264109,179.605057
138.72113798446912,-532.3277779501414,-36.33449528613233,-179.488663,0.264109,179.605057
138.72575451033427,-532.2179701206818,-36.28818437606065,-179.488663,0.264109,179.605057
138.72846650869366,-532.1099449086292,-36.36540975951345,-179.488663,0.264109,179.605057
138.73075903090856,-531.9995459119629,-36.26485736518847,-179.488663,0.264109,179.605057
138.73293505313416,-531.8902422774373,-36.38881233350787,-179.488663,0.264109,179.605057
138.73670127193472,-531.7827122559199,-36.334989524049504,-179.488663,0.264109,179.605057
138.74073196604954,-531.672799606199,-36.32705225092457,-179.488663,0.264109,179.605057
138.74516889646645,-531.5639736329667,-36.215867883910576,-179.488663,0.264109,179.605057
138.75044530446675,-531.4569127422071,-36.238709740045,-179.488663,0.264109,179.605057
138.75499323240328,-531.347460845055,-36.08377381840166,-179.488663,0.264109,179.605057
138.75933078268528,-531.2390873958284,-36.11894577669612,-179.488663,0.264109,179.605057
138.76233256783237,-531.1324709474648,-35.976339957212815,-179.488663,0.264109,179.605057
138.76502450789707,-531.0234555554282,-35.93648032301833,-179.488663,0.264109,179.605057
138.76720374913103,-530.9155108157883,-35.73764549112024,-179.488663,0.264109,179.605057
138.76883879027906,-530.8050487540359,-35.80235954428372,-179.488663,0.264109,179.605057
138.77034173749138,-530.6956542438503,-35.68929581966941,-179.488663,0.264109,179.605057
138.77138622400062,-530.5880290770119,-35.60635758291547,-179.488663,0.264109,179.605057
138.7727348301167,-530.4780217812158,-35.473210199727596,-179.488663,0.264109,179.605057
138.77412507997823,-530.369102607835,-35.428915216151836,-179.488663,0.264109,179.605057
138.7746825528131,-530.2619501316252,-35.24123334433366,-179.488663,0.264109,179.605057
138.77547620840673,-530.1524082745113,-35.30240055291952,-179.488663,0.264109,179.605057
138.77630581300588,-530.0439464698512,-35.18578998372761,-179.488663,0.264109,179.605057
138.77672014191853,-529.9372432435703,-35.146833199047464,-179.488663,0.264109,179.605057
138.77622418968267,-529.8281426232946,-34.988324373514374,-179.488663,0.264109,179.605057
138.77473012364888,-529.720114177486,-35.053977393847305,-179.488663,0.264109,179.605057
138.772647017128,-529.6095699044669,-34.94185263640245,-179.488663,0.264109,179.605057
138.77047572891357,-529.5000946512218,-34.96263229881053,-179.488663,0.264109,179.605057
138.7687283515706,-529.3923901833111,-34.80563418344084,-179.488663,0.264109,179.605057
138.76585860799076,-529.2865716693442,-34.93363228683478,-179.488663,0.264109,179.605057
138.76239453862783,-529.1783686539203,-34.883852612450944,-179.488663,0.264109,179.605057
138.75886087087252,-529.0712276255355,-34.851049491979566,-179.488663,0.264109,179.605057
138.75536354004683,-528.9658227780733,-34.79890180387631,-179.488663,0.264109,179.605057
138.75192321642325,-528.8579975912928,-34.80439595071506,-179.488663,0.264109,179.605057
138.74813077884275,-528.7512218504162,-34.72606001709492,-179.488663,0.264109,179.605057
138.74432185536088,-528.6419079203685,-34.796860262017375,-179.488663,0.264109,179.605057
138.74015313938827,-528.5336410394916,-34.68988272916204,-179.488663,0.264109,179.605057
138.73679486443356,-528.4271233640881,-34.83900492836537,-179.488663,0.264109,179.605057
138.73405710648177,-528.3182037811627,-34.81034934979092,-179.488663,0.264109,179.605057
138.7310717222659,-528.2103528952457,-34.86328411408167,-179.488663,0.264109,179.605057
138.7276668271505,-528.1042496279966,-34.799054529152635,-179.488663,0.264109,179.605057
138.7246388994746,-527.9957382420599,-34.9545589484788,-179.488663,0.264109,179.605057
138.72172942914688,-527.8882885054301,-34.932285590027185,-179.488663,0.264109,179.605057
138.71888502942238,-527.7825792726935,-35.05503203189099,-179.488663,0.264109,179.605057
138.7148603197257,-527.6744548942681,-35.00000069597701,-179.488663,0.264109,179.605057
138.71271189946137,-527.5673852556424,-35.22813985583364,-179.488663,0.264109,179.605057
138.71220129239393,-527.4577826665038,-35.278501237912494,-179.488663,0.264109,179.605057
138.71079350993307,-527.3492322796415,-35.36016666778107,-179.488663,0.264109,179.605057
138.70758186974408,-527.238169494292,-35.39813690688899,-179.488663,0.264109,179.605057
138.70405513466991,-527.1281837888589,-35.52634188615356,-179.488663,0.264109,179.605057
138.70339198307312,-527.0157110738865,-35.51545447626816,-179.488663,0.264109,179.605057
138.70290031299447,-526.9043405689524,-35.75238700385494,-179.488663,0.264109,179.605057
138.70203926519395,-526.7905077754294,-35.811541753663946,-179.488663,0.264109,179.605057
138.7011165878622,-526.6778014794744,-35.928118503982276,-179.488663,0.264109,179.605057
138.70019470714624,-526.5626567503532,-35.948991920118395,-179.488663,0.264109,179.605057
138.6996967636125,-526.448661948524,-36.11385942655819,-179.488663,0.264109,179.605057
138.7005244671566,-526.3365183915571,-36.100949155220206,-179.488663,0.264109,179.605057
138.7020161949992,-526.2220733474838,-36.30896511856129,-179.488663,0.264109,179.605057
138.70361951201662,-526.1087956688384,-36.3392033041246,-179.488663,0.264109,179.605057
138.70440101080476,-525.9973625235971,-36.46590428374132,-179.488663,0.264109,179.605057
138.70541769796426,-525.8836164453245,-36.41679251771347,-179.488663,0.264109,179.605057
138.70646696324735,-525.7710255024477,-36.65177506109322,-179.488663,0.264109,179.605057
138.70750782127112,-525.6602668800598,-36.70897982669519,-179.488663,0.264109,179.605057
138.70935352786222,-525.5471832888437,-36.74279552846968,-179.488663,0.264109,179.605057
138.71215528745088,-525.435243003826,-36.809501625512205,-179.488663,0.264109,179.605057
138.71552085483597,-525.3251234196571,-36.81341884155244,-179.488663,0.264109,179.605057
138.71977265126642,-525.2126674541882,-36.913076459263166,-179.488663,0.264109,179.605057
138.72414122351228,-525.1013435861906,-36.83814487418973,-179.488663,0.264109,179.605057
138.7268265756715,-524.9875627438099,-37.03259316042323,-179.488663,0.264109,179.605057
138.72790509213826,-524.8749087229775,-37.04926366887895,-179.488663,0.264109,179.605057
138.72905756923228,-524.7640822569732,-37.05677228811942,-179.488663,0.264109,179.605057
138.7310297809998,-524.6551975005622,-37.052308411607534,-179.488663,0.264109,179.605057
138.73354855713464,-524.5439830026055,-37.0485474946829,-179.488663,0.264109,179.605057
138.73614082354902,-524.4338842736439,-37.017313111779515,-179.488663,0.264109,179.605057
138.73953403134144,-524.3255745470709,-36.99898926106294,-179.488663,0.264109,179.605057
138.7438605017875,-524.2148963593093,-36.92908599003501,-179.488663,0.264109,179.605057
138.7491334260735,-524.1053185690914,-36.912736686192666,-179.488663,0.264109,179.605057
138.75410998175988,-523.9932526313986,-36.77283885926324,-179.488663,0.264109,179.605057
138.75813515271213,-523.8822828908803,-36.807857548590064,-179.488663,0.264109,179.605057
138.76109146650845,-523.7731106261066,-36.665098460139106,-179.488663,0.264109,179.605057
138.7637919635218,-523.6658505286917,-36.655101029779594,-179.488663,0.264109,179.605057
138.7647584456655,-523.5562316750231,-36.4673258216423,-179.488663,0.264109,179.605057
138.76536437931148,-523.4477000938002,-36.51360716853779,-179.488663,0.264109,179.605057
138.76630025220157,-523.340929527333,-36.38211073765551,-179.488663,0.264109,179.605057
138.76728880274828,-523.231763011873,-36.319556611348204,-179.488663,0.264109,179.605057
138.76950760721854,-523.1236698970567,-36.14820495519371,-179.488663,0.264109,179.605057
138.77194090614324,-523.0173287866688,-36.162883315451204,-179.488663,0.264109,179.605057
138.7747931637075,-522.9085838174033,-35.999783897930925,-179.488663,0.264109,179.605057
138.77727798089208,-522.8009046714806,-36.02515083824251,-179.488663,0.264109,179.605057
138.7780095259341,-522.6907034603017,-35.87274000077632,-179.488663,0.264109,179.605057
138.77714623457362,-522.5815651421864,-35.89862081877553,-179.488663,0.264109,179.605057
138.77597625385425,-522.4741915920968,-35.74672385899696,-179.488663,0.264109,179.605057
138.77435090832225,-522.3644314194357,-35.79054999196124,-179.488663,0.264109,179.605057
138.77265760585303,-522.2557549558273,-35.65659834714774,-179.488663,0.264109,179.605057
138.7705641278537,-522.1488408548452,-35.7038852218369,-179.488663,0.264109,179.605057
138.76800972199104,-522.0395331158244,-35.57339431874828,-179.488663,0.264109,179.605057
138.7662207932169,-521.9313012481509,-35.6529833350071,-179.488663,0.264109,179.605057
138.76337840240296,-521.8248238524204,-35.55479457348813,-179.488663,0.264109,179.605057
138.75995507762823,-521.7159450295957,-35.61254384268641,-179.488663,0.264109,179.605057
138.75605180890258,-521.6081344201654,-35.4925153341069,-179.488663,0.264109,179.605057
138.75210806454194,-521.5020707598593,-35.609263292850514,-179.488663,0.264109,179.605057
138.748212313863,-521.3935982836581,-35.54823347381636,-179.488663,0.264109,179.605057
138.74438156815228,-521.2861867639392,-35.59912032776218,-179.488663,0.264109,179.605057
138.74061830515197,-521.1805150660196,-35.48417592674138,-179.488663,0.264109,179.605057
138.7369220606564,-521.0724275521635,-35.65738619510938,-179.488663,0.264109,179.605057
138.7345255664502,-520.9653941197618,-35.65281868569961,-179.488663,0.264109,179.605057
138.73201243910833,-520.8600937569115,-35.66184489027145,-179.488663,0.264109,179.605057
138.7291010607282,-520.7523709464656,-35.6703247715406,-179.488663,0.264109,179.605057
138.72615143841068,-520.645695704249,-35.69242416942536,-179.488663,0.264109,179.605057
138.72282367304533,-520.5407471346787,-35.710643928506315,-179.488663,0.264109,179.605057
138.71946760728895,-520.4333698348494,-35.749448863371384,-179.488663,0.264109,179.605057
138.715332278834,-520.327033932788,-35.77370481637404,-179.488663,0.264109,179.605057
138.7102785780663,-520.2224186431096,-35.83726827248072,-179.488663,0.264109,179.605057
138.70593441102469,-520.1153686711388,-35.84567797896958,-179.488663,0.264109,179.605057
138.7042597122151,-520.0093542511996,-35.96106980148814,-179.488663,0.264109,179.605057
138.70396405832392,-519.905054702306,-35.91274725284611,-179.488663,0.264109,179.605057
138.70353775160507,-519.7983148323168,-36.15187114502728,-179.488663,0.264109,179.605057
138.70227004401625,-519.6926049762594,-36.213217259430664,-179.488663,0.264109,179.605057
138.7016734192058,-519.5843378853858,-36.30437889098057,-179.488663,0.264109,179.605057
138.70163016294833,-519.4770991461747,-36.35620674950851,-179.488663,0.264109,179.605057
138.70128752893493,-519.3715912504758,-36.479824496406394,-179.488663,0.264109,179.605057
138.69883478127628,-519.2636634135516,-36.47392149602102,-179.488663,0.264109,179.605057
138.69681800552198,-519.1567865620631,-36.679659918885534,-179.488663,0.264109,179.605057
138.69491710718145,-519.0516399339939,-36.70762056397227,-179.488663,0.264109,179.605057
138.6942984193223,-518.9440681026524,-36.857389266605495,-179.488663,0.264109,179.605057
138.69394497267567,-518.8375411411464,-36.829380191460935,-179.488663,0.264109,179.605057
138.69447271217942,-518.7327382037269,-37.06726127225742,-179.488663,0.264109,179.605057
138.69516918328472,-518.6255039351234,-37.12736457527612,-179.488663,0.264109,179.605057
138.69465571756572,-518.5193085098812,-37.19911987024494,-179.488663,0.264109,179.605057
138.69555201154986,-518.4105645215811,-37.2213762452969,-179.488663,0.264109,179.605057
138.69877262129353,-518.3028574018366,-37.29793170909919,-179.488663,0.264109,179.605057
138.70282295662832,-518.1926228237284,-37.271317047206495,-179.488663,0.264109,179.605057
138.70780296564547,-518.0834505346138,-37.38987997258321,-179.488663,0.264109,179.605057
138.71125363815972,-517.9717767091876,-37.33066512018215,-179.488663,0.264109,179.605057
138.7143493671421,-517.8569241597941,-37.428402585295025,-179.488663,0.264109,179.605057
138.71815319038365,-517.7430693240873,-37.348362272630126,-179.488663,0.264109,179.605057
138.72286586699093,-517.6267666332257,-37.4253859048494,-179.488663,0.264109,179.605057
138.72728262287075,-517.5116284540476,-37.324631759290895,-179.488663,0.264109,179.605057
138.73157737852142,-517.3983606979768,-37.38592635744396,-179.488663,0.264109,179.605057
138.73578665315702,-517.2828112790583,-37.26944317781924,-179.488663,0.264109,179.605057
138.73991896635036,-517.1684488970836,-37.30952101052711,-179.488663,0.264109,179.605057
138.74356644991204,-517.0559504097082,-37.17182106545719,-179.488663,0.264109,179.605057
138.7462419811145,-516.9411580130729,-37.20452879612927,-179.488663,0.264109,179.605057
138.74827440317915,-516.8275394375601,-37.05945874902357,-179.488663,0.264109,179.605057
138.75055996452465,-516.7157715349013,-37.0739397608664,-179.488663,0.264109,179.605057
138.75286364796497,-516.6016966880954,-36.910642994931465,-179.488663,0.264109,179.605057
138.75555063677086,-516.4887828502814,-36.93492871593414,-179.488663,0.264109,179.605057
138.7570422939202,-516.3734404332926,-36.78143665915905,-179.488663,0.264109,179.605057
138.75786300339206,-516.2592527259548,-36.779040220450874,-179.488663,0.264109,179.605057
138.759769851016,-516.146919963496,-36.59886600396492,-179.488663,0.264109,179.605057
138.76022413999297,-516.0322891448568,-36.676189609219286,-179.488663,0.264109,179.605057
138.76120278957515,-515.9188290199578,-36.57573543669587,-179.488663,0.264109,179.605057
138.76186172603985,-515.8029500222499,-36.533353546457114,-179.488663,0.264109,179.605057
138.7591602372291,-515.6882353068364,-36.409222030188374,-179.488663,0.264109,179.605057
138.75459130675972,-515.5711182793899,-36.43027109063627,-179.488663,0.264109,179.605057
138.75012453496967,-515.4551864539272,-36.273542373306384,-179.488663,0.264109,179.605057
138.74656483344765,-515.3411404770457,-36.372418413300636,-179.488663,0.264109,179.605057
138.74405850617865,-515.2248269904405,-36.293516675517104,-179.488663,0.264109,179.605057
138.74138783263697,-515.1097142381444,-36.27678277182298,-179.488663,0.264109,179.605057
138.7383116060867,-514.996478791854,-36.171007189090965,-179.488663,0.264109,179.605057
138.73478557526786,-514.8809625997785,-36.229161160310994,-179.488663,0.264109,179.605057
138.73121973158916,-514.7666331555001,-36.109537353753254,-179.488663,0.264109,179.605057
138.72810908400416,-514.6541670795441,-36.22512227579394,-179.488663,0.264109,179.605057
138.72472127151465,-514.5394065281107,-36.162929420056855,-179.488663,0.264109,179.605057
138.72214931937742,-514.4258192316465,-36.21573226850756,-179.488663,0.264109,179.605057
138.7197771181855,-514.3140820499482,-36.09287525442305,-179.488663,0.264109,179.605057
138.71829993848846,-514.200037375565,-36.28019410011945,-179.488663,0.264109,179.605057
138.71661210520168,-514.0871531713472,-36.28973516803807,-179.488663,0.264109,179.605057
138.71408481260366,-513.9761065254,-36.28838912150703,-179.488663,0.264109,179.605057
138.71142557186036,-513.8627400545162,-36.324477865725434,-179.488663,0.264109,179.605057
138.70836531735637,-513.7505219417864,-36.31840498091699,-179.488663,0.264109,179.605057
138.70485771705316,-513.6401294916241,-36.40377125559773,-179.488663,0.264109,179.605057
138.70172120012774,-513.5274055332665,-36.35884879779649,-179.488663,0.264109,179.605057
138.70034795256308,-513.4158184584553,-36.5489536941319,-179.488663,0.264109,179.605057
138.69975755616926,-513.3017791098619,-36.56128081268954,-179.488663,0.264109,179.605057
138.70179790453608,-513.1888711994698,-36.697835348426814,-179.488663,0.264109,179.605057
138.70433538356713,-513.0777953781102,-36.65661210638631,-179.488663,0.264109,179.605057
138.70447042236262,-512.9643990529053,-36.92052533200937,-179.488663,0.264109,179.605057
138.70248038589256,-512.8521513746675,-37.00666077985464,-179.488663,0.264109,179.605057
138.69927052599917,-512.7417298372471,-37.09172072233474,-179.488663,0.264109,179.605057
138.69627301942853,-512.6289773009668,-37.17358295153458,-179.488663,0.264109,179.605057
138.69541572583807,-512.5173621565415,-37.256544302868186,-179.488663,0.264109,179.605057
138.6954093341303,-512.4075619058747,-37.33297333953439,-179.488663,0.264109,179.605057
138.69434121370332,-512.2954195708579,-37.420759611757376,-179.488663,0.264109,179.605057
138.69225460524527,-512.1844037321803,-37.4896171580524,-179.488663,0.264109,179.605057
138.69081530872347,-512.0751920846983,-37.59002258089403,-179.488663,0.264109,179.605057
138.68952594458395,-511.96362784110863,-37.63267772060243,-179.488663,0.264109,179.605057
138.6882849045442,-511.85317976976177,-37.766882887755095,-179.488663,0.264109,179.605057
138.68748184633827,-511.74452574987816,-37.74380423138955,-179.488663,0.264109,179.605057
138.68842225021587,-511.63350917523667,-37.97816874755435,-179.488663,0.264109,179.605057
138.69092997187718,-511.5235989920385,-38.034755485941375,-179.488663,0.264109,179.605057
138.69371549172052,-511.4154732541789,-38.12741314418522,-179.488663,0.264109,179.605057
138.69651695491805,-511.30497552699217,-38.159952602667694,-179.488663,0.264109,179.605057
138.69763909708763,-511.1955749251711,-38.25649954964135,-179.488663,0.264109,179.605057
138.69799697125185,-511.0879496680935,-38.24448681579638,-179.488663,0.264109,179.605057
138.6981969020491,-510.9779434836208,-38.39836546109355,-179.488663,0.264109,179.605057
138.7000068451572,-510.8690256460705,-38.37446632861295,-179.488663,0.264109,179.605057
138.70252371598102,-510.7618745315943,-38.525165771636175,-179.488663,0.264109,179.605057
138.70637995462963,-510.65233402202756,-38.49808743688162,-179.488663,0.264109,179.605057
138.71044922256016,-510.5438735429122,-38.58409266147254,-179.488663,0.264109,179.605057
138.71409255564762,-510.43717161892346,-38.492320108285675,-179.488663,0.264109,179.605057
138.7175988854737,-510.3280722777678,-38.63401534137489,-179.488663,0.264109,179.605057
138.7222599468455,-510.220045088253,-38.59793279668632,-179.488663,0.264109,179.605057
138.72749633054252,-510.11376871576175,-38.55896246005615,-179.488663,0.264109,179.605057
138.7323626390253,-510.005087326195,-38.488163332217546,-179.488663,0.264109,179.605057
138.73749638941126,-509.89747062408696,-38.426250056392995,-179.488663,0.264109,179.605057
138.74261061483907,-509.791597408123,-38.30818516054502,-179.488663,0.264109,179.605057
138.74805886629136,-509.68331197512595,-38.24518860918053,-179.488663,0.264109,179.605057
138.75267510337233,-509.57608415821375,-38.050480105899126,-179.488663,0.264109,179.605057
138.75459350665167,-509.4620595490258,-38.0674262780348,-179.488663,0.264109,179.605057
138.75594505921293,-509.3482972647133,-37.90659467239271,-179.488663,0.264109,179.605057
138.75675335288304,-509.2319387311973,-37.86566957068509,-179.488663,0.264109,179.605057
138.75908594348718,-509.1167158247617,-37.65075274019778,-179.488663,0.264109,179.605057
138.76210088552284,-508.99909210285585,-37.74414994656553,-179.488663,0.264109,179.605057
138.76356497422475,-508.8826610885676,-37.65976937515549,-179.488663,0.264109,179.605057
138.76346606966504,-508.7681245235616,-37.54312721639444,-179.488663,0.264109,179.605057
138.76305597309565,-508.65132914622546,-37.480254369885095,-179.488663,0.264109,179.605057
138.76258947060884,-508.5357430962343,-37.332936491845125,-179.488663,0.264109,179.605057
138.76170587719616,-508.42204280220085,-37.33623126635619,-179.488663,0.264109,179.605057
138.76034076559353,-508.3060700635408,-37.16174826308947,-179.488663,0.264109,179.605057
138.7593094319401,-508.19129222601634,-37.229116468533995,-179.488663,0.264109,179.605057
138.75877196617736,-508.07838576463047,-37.11870689620074,-179.488663,0.264109,179.605057
138.7575178068392,-507.9631926925898,-37.10419449453394,-179.488663,0.264109,179.605057
138.75531681238536,-507.8491805998873,-36.937844586200825,-179.488663,0.264109,179.605057
138.7529577539407,-507.7370262083707,-37.023617100089346,-179.488663,0.264109,179.605057
138.75060063375128,-507.62257177510406,-36.93161183620009,-179.488663,0.264109,179.605057
138.74827742470003,-507.5092851298716,-36.932016698237746,-179.488663,0.264109,179.605057
138.74558337240518,-507.3978432300893,-36.79297606150833,-179.488663,0.264109,179.605057
138.74203035576087,-507.28408856419395,-36.90093516716847,-179.488663,0.264109,179.605057
138.73835607803898,-507.17148918921316,-36.831116495050836,-179.488663,0.264109,179.605057
138.73470980449582,-507.0607222857484,-36.85006228191356,-179.488663,0.264109,179.605057
138.731120989901,-506.9518972281027,-36.72672632603125,-179.488663,0.264109,179.605057
138.7271840413479,-506.8407416071075,-36.87344429694621,-179.488663,0.264109,179.605057
138.723644124827,-506.73070075338524,-36.8423844900834,-179.488663,0.264109,179.605057
138.72023396019193,-506.62244787859277,-36.86213732374364,-179.488663,0.264109,179.605057
138.7168982460533,-506.51182552936115,-36.81508188986546,-179.488663,0.264109,179.605057
138.71321419661504,-506.40230258087513,-36.89772307966242,-179.488663,0.264109,179.605057
138.70910220881996,-506.29455717225017,-36.80258649168161,-179.488663,0.264109,179.605057
138.70578444829107,-506.18443298407556,-37.00535227164964,-179.488663,0.264109,179.605057
138.70308516358736,-506.07539925066726,-37.03034027383988,-179.488663,0.264109,179.605057
138.70013551943117,-505.96386764353184,-37.08745520352281,-179.488663,0.264109,179.605057
138.69759019832355,-505.8534226889525,-37.11031449849572,-179.488663,0.264109,179.605057
138.6951619419481,-505.74476583757166,-37.21049549576309,-179.488663,0.264109,179.605057
138.69155785594307,-505.6337452820502,-37.202035966984134,-179.488663,0.264109,179.605057
138.68735919545756,-505.5238309447124,-37.39487295939351,-179.488663,0.264109,179.605057
138.68392266769172,-505.4157010771425,-37.40993217402511,-179.488663,0.264109,179.605057
138.68233188597583,-505.30519928386485,-37.604029216305776,-179.488663,0.264109,179.605057
138.68195421125435,-505.1957946865057,-37.620348480808666,-179.488663,0.264109,179.605057
138.6822351959722,-505.08816550482595,-37.8313463288594,-179.488663,0.264109,179.605057
138.68264391635083,-504.97815546575487,-37.86456639913236,-179.488663,0.264109,179.605057
138.68184037094954,-504.8692338424279,-38.037998904232985,-179.488663,0.264109,179.605057
138.6816271339269,-504.7620790097814,-38.033653631555836,-179.488663,0.264109,179.605057
138.6815349912843,-504.6525348484465,-38.27486553046219,-179.488663,0.264109,179.605057
138.68146837799083,-504.5440707827795,-38.33829965159077,-179.488663,0.264109,179.605057
138.67976515128962,-504.4330986696245,-38.4364630497098,-179.488663,0.264109,179.605057
138.67899082557548,-504.3232032170256,-38.457946452844745,-179.488663,0.264109,179.605057
138.67841329269112,-504.21508605408604,-38.60910966984206,-179.488663,0.264109,179.605057
138.67952777661822,-504.1045955487291,-38.5824951090616,-179.488663,0.264109,179.605057
138.68178614680284,-503.99520179540923,-38.78421271036237,-179.488663,0.264109,179.605057
138.684651841863,-503.8833165480996,-38.80815253388537,-179.488663,0.264109,179.605057
138.6875982453463,-503.7725242588427,-38.896939761347035,-179.488663,0.264109,179.605057
138.69092955277583,-503.66352627375454,-38.86168958224427,-179.488663,0.264109,179.605057
138.69387979573335,-503.5521706763992,-39.008745658526664,-179.488663,0.264109,179.605057
138.69671186678556,-503.4419272806417,-38.97802395703128,-179.488663,0.264109,179.605057
138.69948002511282,-503.33347423127685,-39.07997274841247,-179.488663,0.264109,179.605057
138.7030191426433,-503.22692169455917,-39.00414376201589,-179.488663,0.264109,179.605057
138.70707278456518,-503.11799800755983,-39.14088842823242,-179.488663,0.264109,179.605057
138.7119930129024,-503.01014922738597,-39.099855316671174,-179.488663,0.264109,179.605057
138.71701658194192,-502.8997826112285,-39.11613610260659,-179.488663,0.264109,179.605057
138.72198937280663,-502.7904820864152,-39.017172837158675,-179.488663,0.264109,179.605057
138.72688128389967,-502.6829492762237,-39.07364085734964,-179.488663,0.264109,179.605057
138.7316874451917,-502.57729936447925,-38.952331099762816,-179.488663,0.264109,179.605057
138.73599743556295,-502.4692619422801,-38.99438105129641,-179.488663,0.264109,179.605057
138.7397362274425,-502.36228355021694,-38.858653225052215,-179.488663,0.264109,179.605057
138.74289693902813,-502.2527717679791,-38.85333346879253,-179.488663,0.264109,179.605057
138.74630774887908,-502.1443108086093,-38.67023593475507,-179.488663,0.264109,179.605057
138.75013073575408,-502.0376025696798,-38.6950934248175,-179.488663,0.264109,179.605057
138.75274800888727,-501.9284958364586,-38.542173137102154,-179.488663,0.264109,179.605057
138.75467624916527,-501.8204611445849,-38.53553343884995,-179.488663,0.264109,179.605057
138.75561792567717,-501.7141773543762,-38.351115962819975,-179.488663,0.264109,179.605057
138.7567595633699,-501.60548866951683,-38.38616055620328,-179.488663,0.264109,179.605057
138.75669295667387,-501.4978648003564,-38.2434273718088,-179.488663,0.264109,179.605057
138.75679631506196,-501.3877178782528,-38.22027921246626,-179.488663,0.264109,179.605057
138.7585748631476,-501.27863287956365,-38.01935327534595,-179.488663,0.264109,179.605057
138.76107559871107,-501.17131169665,-38.12703232610203,-179.488663,0.264109,179.605057
138.7628620946421,-501.06160295593725,-38.056933599080345,-179.488663,0.264109,179.605057
138.7624252235934,-500.9529770057549,-37.97476641078316,-179.488663,0.264109,179.605057
138.7611392257592,-500.84611251608123,-37.92117448016735,-179.488663,0.264109,179.605057
138.75929102564825,-500.7368535023624,-37.829358008971475,-179.488663,0.264109,179.605057
138.75735667059462,-500.62866948980746,-37.80030901652016,-179.488663,0.264109,179.605057
138.75461126204652,-500.5222390945526,-37.70283707060568,-179.488663,0.264109,179.605057
138.75174268861002,-500.4134064328237,-37.73162489157424,-179.488663,0.264109,179.605057
138.7488902796847,-500.3056411601001,-37.582634934765025,-179.488663,0.264109,179.605057
138.74608167125524,-500.1996220268341,-37.7203527738915,-179.488663,0.264109,179.605057
138.7429111009115,-500.0911932824661,-37.680292835240195,-179.488663,0.264109,179.605057
138.73930078629647,-499.98382471357536,-37.65670988854793,-179.488663,0.264109,179.605057
138.73606631396834,-499.8739285327598,-37.62260537747948,-179.488663,0.264109,179.605057
138.73295301148184,-499.76508979746427,-37.629553607038,-179.488663,0.264109,179.605057
138.72990822104344,-499.6537438132858,-37.58361020221825,-179.488663,0.264109,179.605057
138.7273311033676,-499.5434799666613,-37.6432289435845,-179.488663,0.264109,179.605057
138.72447350591787,-499.43073407781077,-37.555601263529645,-179.488663,0.264109,179.605057
138.72160045389933,-499.3190952776008,-37.73361397473218,-179.488663,0.264109,179.605057
138.71835272770682,-499.20499898027754,-37.73384890815693,-179.488663,0.264109,179.605057
138.7146655898965,-499.09203388642686,-37.8105798413379,-179.488663,0.264109,179.605057
138.71094300905594,-498.98090164793877,-37.778636641591845,-179.488663,0.264109,179.605057
138.70726628298124,-498.8674498612484,-37.95227637450193,-179.488663,0.264109,179.605057
138.70282968574168,-498.7551477014394,-37.94813832963423,-179.488663,0.264109,179.605057
138.69830421254102,-498.6446726532795,-38.12059453774705,-179.488663,0.264109,179.605057
138.6950573264336,-498.53186756146766,-38.1152729680821,-179.488663,0.264109,179.605057
138.69375678012509,-498.420200800009,-38.33156980641258,-179.488663,0.264109,179.605057
138.69245333176823,-498.3103498541173,-38.37008886696528,-179.488663,0.264109,179.605057
138.69034650760062,-498.19815772923613,-38.54878749937744,-179.488663,0.264109,179.605057
138.688519638659,-498.0870929898887,-38.54970835401183,-179.488663,0.264109,179.605057
138.6871854095653,-497.977833315052,-38.78214337406564,-179.488663,0.264109,179.605057
138.68596868414386,-497.86622190182635,-38.83680061634166,-179.488663,0.264109,179.605057
138.68479276399617,-497.75572750324426,-38.97450450143717,-179.488663,0.264109,179.605057
138.6848737291009,-497.64702798348185,-38.96909687072243,-179.488663,0.264109,179.605057
138.68438358641907,-497.53596672154225,-39.18199652191366,-179.488663,0.264109,179.605057
138.68337552643143,-497.4260126491148,-39.21711839532711,-179.488663,0.264109,179.605057
138.6830995531691,-497.317843805842,-39.344610739638036,-179.488663,0.264109,179.605057
138.68338458887155,-497.2073037430601,-39.30358092134205,-179.488663,0.264109,179.605057
138.6841902169703,-497.0978615617137,-39.529323951835345,-179.488663,0.264109,179.605057
138.68673117239317,-496.9859288010113,-39.57728920455086,-179.488663,0.264109,179.605057
138.6887617219148,-496.87508985703437,-39.61618231669166,-179.488663,0.264109,179.605057
138.69066131132968,-496.76604605249463,-39.65752757423476,-179.488663,0.264109,179.605057
138.69332902567373,-496.6546454543958,-39.66895303388516,-179.488663,0.264109,179.605057
138.69816753528852,-496.54435786164703,-39.71193300113449,-179.488663,0.264109,179.605057
138.70378205626517,-496.43586140462065,-39.67602345571893,-179.488663,0.264109,179.605057
138.70906126188248,-496.3249995687943,-39.74811447585597,-179.488663,0.264109,179.605057
138.71419832239252,-496.21524135887296,-39.64242771821524,-179.488663,0.264109,179.605057
138.71882322679826,-496.10726487978485,-39.76129266983869,-179.488663,0.264109,179.605057
138.72369059023163,-495.9969137456771,-39.70237984368436,-179.488663,0.264109,179.605057
138.7297709985239,-495.8876571189172,-39.677524331719354,-179.488663,0.264109,179.605057
138.73600753887,-495.78017326565185,-39.55973845166103,-179.488663,0.264109,179.605057
138.74259727483084,-495.67030595966526,-39.56395509620267,-179.488663,0.264109,179.605057
138.74834081811431,-495.56152452037503,-39.39039396296653,-179.488663,0.264109,179.605057
138.7538334369134,-495.4545073682274,-39.4344984294712,-179.488663,0.264109,179.605057
138.75673197579266,-495.345098428561,-39.3008251181981,-179.488663,0.264109,179.605057
138.7557833639128,-495.2367671696439,-39.25787672587549,-179.488663,0.264109,179.605057
138.7549001465834,-495.13019215811454,-39.05760955752428,-179.488663,0.264109,179.605057
138.7540425694772,-495.0212174628934,-39.12001039366519,-179.488663,0.264109,179.605057
138.75484676151228,-494.91331269326594,-39.00463345202832,-179.488663,0.264109,179.605057
138.75515053664446,-494.80715655436967,-38.920850132534206,-179.488663,0.264109,179.605057
138.75493924137197,-494.69859325115067,-38.799922242802175,-179.488663,0.264109,179.605057
138.75627060377352,-494.5910925264906,-38.749832814577786,-179.488663,0.264109,179.605057
138.7583022294446,-494.4853332167376,-38.59624675050733,-179.488663,0.264109,179.605057
138.7596236802045,-494.37715965570465,-38.62408627951365,-179.488663,0.264109,179.605057
138.75913985757134,-494.2700417128393,-38.474148030742185,-179.488663,0.264109,179.605057
138.75789119462593,-494.16465834879494,-38.5297471564724,-179.488663,0.264109,179.605057
138.75527532237993,-494.05685401947,-38.40756850442484,-179.488663,0.264109,179.605057
138.75283387845687,-493.9500987142171,-38.435233724504116,-179.488663,0.264109,179.605057
138.7508727096231,-493.8450715114534,-38.28512116680562,-179.488663,0.264109,179.605057
138.7486248213195,-493.73761698273796,-38.38754200741423,-179.488663,0.264109,179.605057
138.7471728924222,-493.63120523101827,-38.312185070245064,-179.488663,0.264109,179.605057
138.74549013839498,-493.5265154462778,-38.335622809971454,-179.488663,0.264109,179.605057
138.7437851518435,-493.4193923096494,-38.19912204376081,-179.488663,0.264109,179.605057
138.74127863415143,-493.3133060316978,-38.346595587445215,-179.488663,0.264109,179.605057
138.73782434737174,-493.20893590810124,-38.316291353351836,-179.488663,0.264109,179.605057
138.73422963440876,-493.10212672380015,-38.330517876840794,-179.488663,0.264109,179.605057
138.73065796101568,-492.9963487913127,-38.28793624880364,-179.488663,0.264109,179.605057
138.72673102600262,-492.88801483978335,-38.35932447331001,-179.488663,0.264109,179.605057
138.722788888408,-492.78071043397847,-38.25582214357717,-179.488663,0.264109,179.605057
138.7193104429206,-492.6751380444233,-38.469674293131895,-179.488663,0.264109,179.605057
138.7167973181905,-492.57141353210284,-38.50574866490884,-179.488663,0.264109,179.605057
138.71492366649684,-492.46526712162677,-38.52085173416948,-179.488663,0.264109,179.605057
138.71320455690127,-492.36014596935746,-38.59348688540174,-179.488663,0.264109,179.605057
138.71030702750625,-492.2567249251173,-38.58811470001464,-179.488663,0.264109,179.605057
138.70639369012494,-492.15084811288995,-38.736270831215364,-179.488663,0.264109,179.605057
138.70233284750023,-492.0459859506169,-38.70664918463831,-179.488663,0.264109,179.605057
138.6978895913664,-491.94281809130916,-38.93332917337784,-179.488663,0.264109,179.605057
138.69384371217353,-491.8371897021492,-38.9822313843396,-179.488663,0.264109,179.605057
138.69322196087293,-491.7325714774423,-39.11144947718111,-179.488663,0.264109,179.605057
138.6937063222804,-491.6253765225997,-39.12045647800081,-179.488663,0.264109,179.605057
138.69276057308946,-491.5191907721988,-39.33471414330131,-179.488663,0.264109,179.605057
138.68907647465622,-491.4147170600253,-39.37119403082404,-179.488663,0.264109,179.605057
138.68325443577447,-491.30780493718146,-39.5396635516195,-179.488663,0.264109,179.605057
138.6779089444671,-491.2019256601729,-39.530355294637175,-179.488663,0.264109,179.605057
138.676021898551,-491.09775879093775,-39.76009696738549,-179.488663,0.264109,179.605057
138.67937426858836,-490.9911492209531,-39.812060862356034,-179.488663,0.264109,179.605057
138.6829037325537,-490.88556733581385,-39.91007339296069,-179.488663,0.264109,179.605057
138.68559708515048,-490.7816925966768,-39.92334708639738,-179.488663,0.264109,179.605057
138.68808491001434,-490.6753699496968,-40.07879226400289,-179.488663,0.264109,179.605057
138.68885180248913,-490.5700698654608,-40.05645966383062,-179.488663,0.264109,179.605057
138.6880316015709,-490.4664718949717,-40.24210946411773,-179.488663,0.264109,179.605057
138.68649498038715,-490.36042107392325,-40.249981486627064,-179.488663,0.264109,179.605057
138.68689204042934,-490.2553879611068,-40.35006002688929,-179.488663,0.264109,179.605057
138.690546634085,-490.15205219420795,-40.27767881534113,-179.488663,0.264109,179.605057
138.69726653579804,-490.0462588940662,-40.47065834569918,-179.488663,0.264109,179.605057
138.70368081607594,-489.93721203643355,-40.485860098279446,-179.488663,0.264109,179.605057
138.71158719119177,-489.8247986892779,-40.44172739953456,-179.488663,0.264109,179.605057
138.71967953905136,-489.71331081182154,-40.475824475220485,-179.488663,0.264109,179.605057
138.72687265695674,-489.6035936336734,-40.34618677129949,-179.488663,0.264109,179.605057
138.7325498489722,-489.49579101747617,-40.455148455612246,-179.488663,0.264109,179.605057
138.73661111352325,-489.38563783976605,-40.38633236214722,-179.488663,0.264109,179.605057
138.73988076570782,-489.27658117272534,-40.303723095700036,-179.488663,0.264109,179.605057
138.74335626036577,-489.16502816930523,-40.20229445088978,-179.488663,0.264109,179.605057
138.74805549426105,-489.0545624302134,-40.087599614462434,-179.488663,0.264109,179.605057
138.75416642023282,-488.94588521227666,-39.94850345295246,-179.488663,0.264109,179.605057
138.7612941070061,-488.83484466344817,-39.84832398880241,-179.488663,0.264109,179.605057
138.76646866328335,-488.72491069180245,-39.69832478460804,-179.488663,0.264109,179.605057
138.76830255532767,-488.61676154096784,-39.640285413820884,-179.488663,0.264109,179.605057
138.7694422325052,-488.506240808885,-39.433210409577256,-179.488663,0.264109,179.605057
138.77042685796732,-488.3968176109645,-39.47922857220552,-179.488663,0.264109,179.605057
138.7713664695242,-488.28917016091344,-39.347468957056016,-179.488663,0.264109,179.605057
138.77105171493568,-488.17914217972594,-39.277832404527416,-179.488663,0.264109,179.605057
138.7704905636278,-488.07020293471027,-39.134736347630636,-179.488663,0.264109,179.605057
138.7715307804613,-487.9587641284136,-39.137101420236384,-179.488663,0.264109,179.605057
138.77328714339475,-487.84841031732805,-38.96168871506435,-179.488663,0.264109,179.605057
138.7726959783865,-487.7398429817091,-39.055514868128846,-179.488663,0.264109,179.605057
138.7695903821367,-487.6331770099567,-38.97156324341557,-179.488663,0.264109,179.605057
138.7668474014519,-487.52414167146475,-38.96089524015993,-179.488663,0.264109,179.605057
138.76380528849432,-487.416183184439,-38.845479867808216,-179.488663,0.264109,179.605057
138.76115728135534,-487.30570881063306,-38.91970015506107,-179.488663,0.264109,179.605057
138.75862575592603,-487.1963024505652,-38.816142664536144,-179.488663,0.264109,179.605057
138.7565641974226,-487.08439902814376,-38.898369770966575,-179.488663,0.264109,179.605057
138.7550366189141,-486.9735877085927,-38.802819099619235,-179.488663,0.264109,179.605057
138.7536375619656,-486.86457079282707,-38.91309848519815,-179.488663,0.264109,179.605057
138.7502289959168,-486.7531965539539,-38.845600092999284,-179.488663,0.264109,179.605057
138.74564567209848,-486.6429348396343,-38.95005545777517,-179.488663,0.264109,179.605057
138.74089258177608,-486.534463796829,-38.87673304477328,-179.488663,0.264109,179.605057
138.73617313765968,-486.4236269209354,-39.0374650664431,-179.488663,0.264109,179.605057
138.7311168771008,-486.3138932251035,-39.020419310335136,-179.488663,0.264109,179.605057
138.7260651645147,-486.2059408222914,-39.123115837181736,-179.488663,0.264109,179.605057
138.72314131921325,-486.09561333447874,-39.054928470215174,-179.488663,0.264109,179.605057
138.72027396427973,-485.9863799317149,-39.29083683738167,-179.488663,0.264109,179.605057
138.7174586875788,-485.878918887689,-39.34896742677038,-179.488663,0.264109,179.605057
138.7146938660153,-485.7776073169257,-39.414803822233644,-179.488663,0.264109,179.605057
138.7115660129415,-485.678966516488,-39.488026185350435,-179.488663,0.264109,179.605057
138.70758870525378,-485.58226276149946,-39.563997091266884,-179.488663,0.264109,179.605057
138.7030874061304,-485.4915884245606,-39.65514602585058,-179.488663,0.264109,179.605057
138.69854532719634,-485.40340956180137,-39.73512055709998,-179.488663,0.264109,179.605057
138.6957041352005,-485.3169838932596,-39.830628960573186,-179.488663,0.264109,179.605057
138.69200975087847,-485.2364046952917,-39.90071762145118,-179.488663,0.264109,179.605057
138.6886079371127,-485.15814080669855,-40.013172519987855,-179.488663,0.264109,179.605057
138.68736812992057,-485.0814530663959,-40.04984653353783,-179.488663,0.264109,179.605057
138.6890441346344,-485.0104378925023,-40.202951088732306,-179.488663,0.264109,179.605057
138.69292390966237,-484.94156722547484,-40.178277866149,-179.488663,0.264109,179.605057
138.69636614861943,-484.8741049537516,-40.419526481565626,-179.488663,0.264109,179.605057
138.69843992407493,-484.812150491176,-40.482997319204465,-179.488663,0.264109,179.605057
138.69938917980141,-484.75217872056425,-40.549140056473064,-179.488663,0.264109,179.605057
138.70051069772285,-484.6977230868607,-40.60142873880318,-179.488663,0.264109,179.605057
138.70329338427288,-484.64514516066254,-40.66224004603077,-179.488663,0.264109,179.605057
138.7063687285621,-484.5936905509158,-40.69991577842924,-179.488663,0.264109,179.605057
138.70781619950262,-484.5474590700203,-40.75079151332068,-179.488663,0.264109,179.605057
138.70768373174224,-484.5029297292899,-40.751014088501606,-179.488663,0.264109,179.605057
138.70682649356095,-484.4593741227719,-40.807479752088945,-179.488663,0.264109,179.605057
138.70583649312738,-484.42089938727787,-40.74813511277671,-179.488663,0.264109,179.605057
138.70524468691616,-484.38398802222684,-40.846574933852665,-179.488663,0.264109,179.605057
138.7047409363489,-484.3479142929006,-40.767236977150844,-179.488663,0.264109,179.605057
138.7046726280296,-484.316787805981,-40.83605854943166,-179.488663,0.264109,179.605057
138.70551549076708,-484.28709345535657,-40.7271023439347,-179.488663,0.264109,179.605057
138.70570548922367,-484.2581078516445,-40.77764784198519,-179.488663,0.264109,179.605057
138.70617465706826,-484.2339429036789,-40.650415562257905,-179.488663,0.264109,179.605057
138.70710365284774,-484.2110857661225,-40.649677184025606,-179.488663,0.264109,179.605057
138.70852206849648,-484.1888152699376,-40.47116102801552,-179.488663,0.264109,179.605057
138.70878441731872,-484.17124550463944,-40.47556617692121,-179.488663,0.264109,179.605057
138.70716915492577,-484.1548657666251,-40.30219354804912,-179.488663,0.264109,179.605057
138.7047906762438,-484.1389569903415,-40.25820144061371,-179.488663,0.264109,179.605057
138.7031147148897,-484.1276353312223,-40.036431555400526,-179.488663,0.264109,179.605057
138.70036931511822,-484.11739211468785,-40.09424963075583,-179.488663,0.264109,179.605057
138.6974490733489,-484.1075102679722,-39.97428992833336,-179.488663,0.264109,179.605057
138.69535850661853,-484.10210790370695,-39.875115921259706,-179.488663,0.264109,179.605057
138.69387427406724,-484.09767826955687,-39.74599953304914,-179.488663,0.264109,179.605057
138.6921217507702,-484.09350618067106,-39.67665804673342,-179.488663,0.264109,179.605057
138.69034049409987,-484.09371160388,-39.522259190592955,-179.488663,0.264109,179.605057
138.6881681575164,-484.0947896079335,-39.52889479527151,-179.488663,0.264109,179.605057
138.68594850040392,-484.09602679654256,-39.35775262217229,-179.488663,0.264109,179.605057
138.68251716986458,-484.1015448931582,-39.42519331067099,-179.488663,0.264109,179.605057
138.67683897245195,-484.1078406917787,-39.31485622139192,-179.488663,0.264109,179.605057
138.6699708249168,-484.1142024905532,-39.31338461463482,-179.488663,0.264109,179.605057
138.66255170101093,-484.12475367710925,-39.13940138145221,-179.488663,0.264109,179.605057
138.65471723159317,-484.13599267990173,-39.26233841453435,-179.488663,0.264109,179.605057
138.64732178330473,-484.1472094023462,-39.20749766983871,-179.488663,0.264109,179.605057
138.64176198561785,-484.1625288086686,-39.212234022109214,-179.488663,0.264109,179.605057
138.63541639072946,-484.1827175424321,-39.131791479436146,-179.488663,0.264109,179.605057
138.62818255152806,-484.2035930130259,-39.214483895002374,-179.488663,0.264109,179.605057
138.62128461139937,-484.224308935404,-39.119398532790825,-179.488663,0.264109,179.605057
138.61455195512266,-484.2489649883541,-39.27400569203229,-179.488663,0.264109,179.605057
138.60876944228335,-484.27832507022094,-39.250835073495985,-179.488663,0.264109,179.605057
138.60408053164744,-484.3082083922625,-39.31946308216761,-179.488663,0.264109,179.605057
138.6009090281813,-484.33777135509206,-39.25297284549267,-179.488663,0.264109,179.605057
138.59808611197613,-484.37111646171905,-39.41874812883979,-179.488663,0.264109,179.605057
138.59455172803146,-484.404743755589,-39.40674563440913,-179.488663,0.264109,179.605057
138.5913359839994,-484.43794923206144,-39.50806605846023,-179.488663,0.264109,179.605057
138.58781903630944,-484.4748647560557,-39.431608704733556,-179.488663,0.264109,179.605057
138.5851132000328,-484.51199726876854,-39.66342162761135,-179.488663,0.264109,179.605057
138.582197402377,-484.5529117390443,-39.717456772711365,-179.488663,0.264109,179.605057
138.57722774823426,-484.59400070614436,-39.752969753100224,-179.488663,0.264109,179.605057
138.57315000231972,-484.6345401961882,-39.82689149689657,-179.488663,0.264109,179.605057
138.56930863265939,-484.6786598958513,-39.849037568347114,-179.488663,0.264109,179.605057
138.5692669488406,-484.7228681572653,-39.948567271485096,-179.488663,0.264109,179.605057
138.5699857950267,-484.76646539131156,-39.929013321810686,-179.488663,0.264109,179.605057
138.56961274584575,-484.8135870370001,-40.095259415712476,-179.488663,0.264109,179.605057
138.57108173429086,-484.8607433905006,-40.08372773183649,-179.488663,0.264109,179.605057
138.5728982379811,-484.9115026840915,-40.19434453829647,-179.488663,0.264109,179.605057
138.57352641000116,-484.96226065574723,-40.12718356697868,-179.488663,0.264109,179.605057
138.57103153724074,-485.0165631385301,-40.28590109695278,-179.488663,0.264109,179.605057
138.566715538159,-485.07080222156105,-40.266840849149105,-179.488663,0.264109,179.605057
138.56497136357774,-485.12425722434966,-40.290909439933,-179.488663,0.264109,179.605057
138.5686979154906,-485.18106182882786,-40.2116281886265,-179.488663,0.264109,179.605057
138.57675450174173,-485.2377284659359,-40.27547489635956,-179.488663,0.264109,179.605057
138.58679451230051,-485.2935615840643,-40.16154382631485,-179.488663,0.264109,179.605057
138.59585641645955,-485.3527005940502,-40.21831676527825,-179.488663,0.264109,179.605057
138.60459381892392,-485.41165969426544,-40.09731192646388,-179.488663,0.264109,179.605057
138.61190827799211,-485.4697442831013,-40.1048152800434,-179.488663,0.264109,179.605057
138.61842345385207,-485.53109454439783,-39.93454085584513,-179.488663,0.264109,179.605057
138.62427544612484,-485.59222540313704,-39.96403822950891,-179.488663,0.264109,179.605057
138.62785646223452,-485.65244296470706,-39.815757825394904,-179.488663,0.264109,179.605057
138.62928790866022,-485.7158881059676,-39.78305681002935,-179.488663,0.264109,179.605057
138.62985841613332,-485.7790764322683,-39.57257801688603,-179.488663,0.264109,179.605057
138.63024862193183,-485.8455813838252,-39.65669867212491,-179.488663,0.264109,179.605057
138.6318309955796,-485.9118038122335,-39.56304154958602,-179.488663,0.264109,179.605057
138.63321685348316,-485.97702790591904,-39.45198937603973,-179.488663,0.264109,179.605057
138.63413303159209,-486.0411247011055,-39.37039899861688,-179.488663,0.264109,179.605057
138.6353529103201,-486.1083511043939,-39.24487611654384,-179.488663,0.264109,179.605057
138.6378499575634,-486.17524732045587,-39.20761549777667,-179.488663,0.264109,179.605057
138.64015625828227,-486.2411260862219,-39.0321780401664,-179.488663,0.264109,179.605057
138.6415684978638,-486.310131086149,-39.101607047294635,-179.488663,0.264109,179.605057
138.64196050669938,-486.3787799284649,-38.9932582766451,-179.488663,0.264109,179.605057
138.64173222748232,-486.4506478668345,-38.97390107217211,-179.488663,0.264109,179.605057
138.64138313729248,-486.5221375026247,-38.815625835182644,-179.488663,0.264109,179.605057
138.64101484974637,-486.59253473641223,-38.89311105238731,-179.488663,0.264109,179.605057
138.64023729392963,-486.6617122846965,-38.7928184918142,-179.488663,0.264109,179.605057
138.63897827636373,-486.73392870408225,-38.79857435943605,-179.488663,0.264109,179.605057
138.6376408724756,-486.8057258197237,-38.64121449117741,-179.488663,0.264109,179.605057
