0,1,2
138.37231344444444,-602.0635817777777,10.116166644444442
138.3864436994568,-602.059568454716,10.048264066666665
138.40081575295588,-602.0515611898588,9.812536232592592
138.41503176361363,-602.0428690177428,9.717170711209874
138.42942504910712,-602.0303057084005,9.454983190999174
138.4432384183963,-602.0167379609015,9.370573448566253
138.4571500143036,-601.9988956226244,9.100669823323564
138.4708834017261,-601.9804521238917,9.008543975858654
138.4843858281638,-601.9578840339387,8.747385269652218
138.49765002789525,-601.934811994132,8.664004341223563
138.51067793588925,-601.9115566333653,8.39810521566493
138.52347329973318,-601.8847393513151,8.309983867884073
138.5360401762391,-601.8575910863531,8.034885839813487
138.54797195970045,-601.8260854001325,7.93756558952068
138.55960702807698,-601.7945669771975,7.683233962074751
138.57101727690855,-601.7588169356017,7.605908473180136
138.58222028273659,-601.723548570865,7.327976027260699
138.5936331749922,-601.6842025804652,7.227821359119039
138.60451506117676,-601.644600652352,6.975761983012919
138.61554664821026,-601.6016529863404,6.891160831488744
138.62645128173128,-601.5582380951101,6.616773692105031
138.63717543642863,-601.5106698817336,6.520164330499098
138.64771097405003,-601.4633581962959,6.2645569847636
138.65805894949892,-601.4125040270833,6.1792764210416085
138.66781157464027,-601.3620735093,5.911299815482089
138.6773064257181,-601.3073587336111,5.821100987700347
138.68661468410124,-601.2525652720398,5.558228370297432
138.6957532398262,-601.194268691412,5.473133530672296
138.70513855111588,-601.1361005938976,5.204006348914117
138.71443973353573,-601.0749294726147,5.1126569449337165
138.7235918066983,-601.0140277358588,4.850618269444837
138.73217322852443,-600.9501882562643,4.7663573717337355
138.74092913986178,-600.8862602784785,4.491584611361873
138.74959542058454,-600.818957132294,4.394589628767787
138.75770985474745,-600.7523450416202,4.134248831263306
138.7655985143125,-600.6817323117823,4.051685811536602
138.77374049135528,-600.6117343907139,3.7801592783379774
138.78140666822014,-600.5381776240545,3.6864105229171305
138.7892793216451,-600.4653658956249,3.422390667949646
138.79708130375556,-600.3894720527568,3.336148590759939
138.8047581900798,-600.3140411660995,3.068791656019384
138.81189020819687,-600.2350983321836,2.9792124990566076
138.81881181952593,-600.1565758513426,2.7104670991699766
138.82559290880292,-600.0796648719554,2.6194994770611237
138.8322494515109,-599.9999033712323,2.357028115451157
138.83919708074214,-599.9211150409191,2.272334531618968
138.84651478321783,-599.8389663342745,1.9980521488510041
138.85298109301831,-599.7573138895248,1.901547543860818
138.85918515898882,-599.6765113097017,1.6406509850719178
138.86565920725508,-599.5927612284435,1.557532204060795
138.87168450996072,-599.5100234258318,1.2866355336511783
138.87794503702682,-599.423987461031,1.1935166410193394
138.8841635703579,-599.3385154864028,0.9287829415576456
138.89028526357902,-599.2551914667818,0.8418270198737297
138.89630052469678,-599.16880653533,0.57010862000439
138.90179828234687,-599.0830380072039,0.47616799791282804
138.90711434897239,-598.9939352454762,0.21753608072770936
138.909031360001,-598.9083004318616,0.13668194132036843
138.89996929575335,-598.8268615696634,-0.10153190068464536
138.88801896580867,-598.7457828060108,-0.1642246575234076
138.88305472075044,-598.6587949600391,-0.4446395331061438
138.88243651748815,-598.5698162358576,-0.5472766309111022
138.8859834259203,-598.4766185890003,-0.7965225867321495
138.8903129117714,-598.383493746363,-0.8744413479127403
138.8951480048631,-598.2874412401096,-1.147000974130293
138.9000154536345,-598.1921692812217,-1.2417828225700678
138.90482014760377,-598.0941417441112,-1.499931394338323
138.9099546238539,-597.996957260773,-1.5803021883288004
138.91467136623137,-597.8962373452854,-1.854783288472926
138.9196481459427,-597.7966516932772,-1.951486610839274
138.92460615225377,-597.6952621121268,-2.207457512157413
138.92948989001727,-597.594544841413,-2.2856506356977744
138.9318235386897,-597.492765122859,-2.547088295685365
138.92252064654062,-597.396725337401,-2.630748177895178
138.90568053180445,-597.2997505488441,-2.820191066946279
138.89948714307155,-597.199873734438,-2.947558459355031
138.89551118329015,-597.0965703184448,-3.154675414625112
138.88751614517153,-596.9956881196061,-3.2403905097634644
138.87759899859427,-596.8945062665819,-3.4613438019399987
138.8731895852988,-596.7908457357412,-3.552999404139927
138.86624665253765,-596.688983307998,-3.7705104327577867
138.8568424264827,-596.5893380998468,-3.8420950003242127
138.84749035742837,-596.4860584007967,-4.084233379304485
138.83910306031188,-596.3818833370641,-4.14859398050698
138.82979600358635,-596.2777823568572,-4.3782414769219296
138.82043736196803,-596.1709100739628,-4.430111195559102
138.80873572627414,-596.0682799363319,-4.665453869992529
138.7963212483617,-595.9641000786003,-4.7230187666481775
138.78311943013583,-595.8602723903805,-4.952846994882887
138.76953723637317,-595.7541357965179,-5.004897445339818
138.75483835870332,-595.6490469197504,-5.235804890377518
138.73724875051224,-595.5401670726493,-5.2889345576374405
138.71850982620006,-595.4308491004181,-5.509218001409529
138.7002182144761,-595.3142266920993,-5.55172366740384
138.686384657081,-595.1855193597036,-5.769010134832509
138.6695310100346,-595.0554059912198,-5.808518824483402
138.6519023747048,-594.9217756945368,-6.011339820656835
138.63272501564305,-594.7885247542112,-6.03638303905249
138.611455545386,-594.6576536985307,-6.2466673915374145
138.58390659646687,-594.5301758970154,-6.279173966244561
138.5542597813111,-594.4046084306215,-6.4518606482431275
138.52954659205682,-594.2848942129962,-6.466616630866974
138.5139796044523,-594.1672336917752,-6.660360739448837
138.50868192100137,-594.0453444150257,-6.676327070252922
138.5071561098792,-593.9251624791067,-6.858828517563848
138.5064063736476,-593.8027645988867,-6.863552187096995
138.50253718197607,-593.6869851885475,-7.073366694959428
138.50261823883142,-593.5776907793536,-7.105403425044083
138.50348819258357,-593.4712477797641,-7.279562686503696
138.51313288637283,-593.3679449180896,-7.287479256849467
138.5268611369689,-593.2700157246975,-7.484274254902037
138.54038951936235,-593.1723335912678,-7.5032914751768285
138.55327308001011,-593.076909682395,-7.692206181087621
138.56831022122395,-592.9773905584709,-7.703343109220634
138.58479799476487,-592.8772393301878,-7.896018324003218
138.6017520686586,-592.7724802762796,-7.910915761008025
138.61937961134976,-592.6678806749021,-8.099799110180356
138.63689114497103,-592.5638103805835,-8.110904681574908
138.65536420163346,-592.464191836307,-8.294218456216639
138.67623261276492,-592.3626137724466,-8.29975445308059
138.6993384107208,-592.2604511371331,-8.484679612190334
138.72379507024837,-592.154538345009,-8.491826993522299
138.7506398518215,-592.0518387256774,-8.660354539123848
138.78045690979908,-591.9494325799348,-8.651625098553202
138.81249946934412,-591.8514073496493,-8.843786908977712
138.84288696835577,-591.7554817723974,-8.858170941624444
138.87004549971928,-591.6617492895173,-9.033538371291481
138.89329553844044,-591.5618365097126,-9.03112802318074
138.91379054474905,-591.4608802078358,-9.21142775103958
138.93303061559658,-591.3601608022824,-9.21394970112064
138.9484589516776,-591.2664821186504,-9.38865949102877
138.96372862669216,-591.1730870095699,-9.385591503159123
138.9799814007821,-591.08025734584,-9.571337000522501
138.9961996441223,-590.9850032375087,-9.579304720108102
139.01135898851837,-590.893895409798,-9.747842637911088
139.02239139800534,-590.808425482872,-9.739101442178814
139.02833307068664,-590.7281662639527,-9.93597701956428
139.03193831443983,-590.6441848733039,-9.955074819171966
139.03461433116289,-590.5614730058649,-10.115699090727698
139.03747711024207,-590.4812473896269,-10.115926694075647
139.03992586004557,-590.4034795657269,-10.292766699170194
139.0430783106634,-590.3230426649011,-10.291828926486964
139.04509466659087,-590.2432159401685,-10.470459735527959
139.0456213487404,-590.1616083418508,-10.471312766791174
139.0441999388771,-590.0808052102142,-10.647913998026196
139.04199845955154,-589.9970455053417,-10.64673745148344
139.03761716515058,-589.9112564016245,-10.820938426454118
139.03286221947712,-589.8262815298358,-10.81736162364702
139.0272770583321,-589.7426780359427,-10.989112400161732
139.02078395416237,-589.6579102895419,-10.983085398898666
139.01420160775814,-589.574115278366,-11.15808311144125
139.00892880627805,-589.4894861210607,-11.15530304620606
139.00440357140386,-589.4054848603224,-11.321920453472611
139.00091354208016,-589.3177176412723,-11.310760082961384
138.9952144120614,-589.2300365865643,-11.49157561398522
138.98792251619722,-589.1397620063916,-11.494613367231276
138.97918199634955,-589.0506632929329,-11.654637246885745
138.96986539465416,-588.9600287122972,-11.636883348762437
138.95974474603557,-588.870375983373,-11.815774211079964
138.949607226146,-588.7775173524913,-11.816887295619715
138.93878917672956,-588.6849293084128,-11.979092466474665
138.92593554477722,-588.5928926338776,-11.963519859551836
138.91162382574993,-588.4980085326222,-12.149335925175485
138.897224033756,-588.4043150754626,-12.157374213021358
138.88506653532158,-588.308743387402,-12.311730820129371
138.87476240224348,-588.2149748505025,-12.30025999874029
138.86497548990707,-588.1186338741377,-12.476726929647915
138.8554312133611,-588.0239681482103,-12.475416082777762
138.84524987146187,-587.9305731626948,-12.64036837589727
138.83590725113234,-587.835313498389,-12.627542891238997
138.82727591460588,-587.7414445913286,-12.80084821829615
138.81808825829287,-587.6449221935065,-12.796375767575523
138.80522222913456,-587.5471956383011,-12.964911211725568
138.79180350893296,-587.4506181404043,-12.955668878097832
138.7776419834323,-587.3513773339392,-13.134310633987043
138.76476708301223,-587.2534241794525,-13.135174612098476
138.75233261730313,-587.153263889114,-13.30236254801663
138.73892930649302,-587.054497340179,-13.291772706157007
138.72388018486086,-586.9527368859983,-13.467241193597914
138.70625015523862,-586.8505964661169,-13.464931903261041
138.68753157110635,-586.7502433835115,-13.62584918786505
138.66762949593527,-586.6469976788693,-13.608988694691282
138.6477737742922,-586.5466898331748,-13.781696542510442
138.62820971584034,-586.4441294930753,-13.776626612551823
138.61021423441355,-586.3438057344872,-13.936441866504925
138.59402218190542,-586.2410894523235,-13.918479342680246
138.57883176881668,-586.1405839636801,-14.08773571412599
138.56570216948688,-586.0415411562458,-14.079214307793958
138.5544034649882,-585.9407506049812,-14.238240790525818
138.54157652103086,-585.8414546372353,-14.219489495479898
138.52862635682916,-585.7438697955121,-14.385409407643051
138.51378239535836,-585.6445661634091,-14.373551542028425
138.49918145521912,-585.5483790915534,-14.526507611947222
138.48524744382814,-585.4503255478802,-14.501685904088244
138.4716449907933,-585.3541128046869,-14.663262150772866
138.45789163987283,-585.2557805806038,-14.64706061967971
138.44265926814387,-585.1584229630853,-14.796555510474176
138.42282684154003,-585.0579675752177,-14.768272623490864
138.4007137984729,-584.9579124432413,-14.907059717627506
138.37804846205898,-584.854683035431,-14.868069033986371
138.35395057398247,-584.7535171462539,-14.99928923100188
138.3282644566483,-584.6507538756717,-14.952731650239611
138.29892822935358,-584.5495433175458,-15.057784197325738
138.26722409529938,-584.4458160742934,-14.985058966634087
138.23344217202205,-584.3426500592531,-15.093485516973514
138.19643803380893,-584.2355684287356,-15.024134289535162
138.15972640035216,-584.1296372805346,-15.116085591743072
138.12318472218914,-584.0207654717935,-15.030259116173204
138.08801807228537,-583.9140823744465,-15.126350810707944
138.0573261314988,-583.8134502900962,-15.044664727464905
138.03207408458238,-583.7136498424336,-15.11260157736257
138.01402382332947,-583.617891995142,-15.00628523636744
137.99767063403598,-583.5200378906418,-15.088074867273033
137.98065566004877,-583.4219277930749,-14.992086720400849
137.96292898653064,-583.3208951738378,-15.04951968685599
137.94983297468525,-583.221123847518,-14.929804991540164
137.94113646067618,-583.119576638645,-15.008527335120325
137.93508619665587,-583.0191184802319,-14.909471900922707
137.9304743419438,-582.9148117590527,-14.957299526346674
137.92580509324932,-582.8099903542437,-14.838205639755067
137.92201210618418,-582.7022901393549,-14.91394955567
137.9192696494832,-582.5951352321731,-14.811915693807153
137.91718696935035,-582.4849378118791,-14.86225273725171
137.91403386487082,-582.3761080300515,-14.737101688014544
137.91071151967452,-582.264832910592,-14.808506121594444
137.90452613302213,-582.1546513030828,-14.702132777396566
137.89826677468866,-582.0419887586038,-14.742423278598606
137.89331364400417,-581.9308430051412,-14.618864177236294
137.891570425597,-581.8181324605979,-14.678200225446913
137.89213664875152,-581.7067119522496,-14.559758495879755
137.89644559615573,-581.5932780983702,-14.619443833833646
137.9014418056024,-581.4806441901954,-14.501351394009758
137.90896841025645,-581.3663250645221,-14.564439625810163
137.9177153822414,-581.2528858784699,-14.449750079832791
137.92617135964653,-581.1365587043213,-14.50949014305159
137.9344488753459,-581.0213083634745,-14.391452428492611
137.94175164070307,-580.9028280608026,-14.455965571659453
137.94875559444006,-580.785386818959,-14.342700937048518
137.95313439628876,-580.6690041091651,-14.402783078496467
137.95528322480016,-580.550221659876,-14.285087442166638
137.9549003864164,-580.4326486130777,-14.351169874451555
137.95442732613284,-580.312314041221,-14.239474528958693
137.9539429494378,-580.1931385893746,-14.305375653850602
137.95428453170678,-580.0758899012898,-14.193499000964733
137.95684155882074,-579.9572452139656,-14.262464274235384
137.9614497527403,-579.8361527179022,-14.153651769728256
137.96640264126302,-579.7171106422571,-14.216362474836336
137.96970958318073,-579.5997628046605,-14.101295402166635
137.97017452593678,-579.4789276505861,-14.166902617858963
137.97006445634136,-579.3591135776296,-14.054732055773512
137.96778583859876,-579.2395704099342,-14.1217954039148
137.9651059182346,-579.1179238150095,-14.011080974278311
137.9623838517691,-578.9975866195444,-14.082172972310776
137.96010451436194,-578.8757756551958,-13.975487192565463
137.95999947334292,-578.7562201374523,-14.038761476276818
137.96074322996267,-578.6345493875042,-13.924257982210396
137.9604123904605,-578.5137771306702,-13.997840875485675
137.95987133700686,-578.3949022223339,-13.893645990983178
137.9601172690787,-578.2738307823935,-13.967805348974897
137.96134021166617,-578.1544508299447,-13.86418692918884
137.96397316339554,-578.0375176898737,-13.931150738279705
137.96602933719535,-577.9184702947147,-13.820336769592792
137.96794091204853,-577.8006931670469,-13.902544600771293
137.96650926915893,-577.6797589231377,-13.806974654172015
137.96401689941965,-577.5599132096712,-13.88040512698453
137.96093716468005,-577.4369034524404,-13.776057822019267
137.95983886872335,-577.3154210252263,-13.869815345424342
137.96038625851014,-577.1917051474248,-13.78579509105164
137.96248700034647,-577.0697109831011,-13.852793334896257
137.96404720204214,-576.9463490784767,-13.756177191872355
137.96260066173,-576.8228289951026,-13.84689006507722
137.95975023492295,-576.6959495616085,-13.759825160504308
137.9578933479982,-576.5710205433669,-13.850092674575832
137.95831668921952,-576.4444023764353,-13.762582410869578
137.96124338855043,-576.3204756159175,-13.849632709736666
137.964629135335,-576.194991872832,-13.758905230825976
137.9639500943227,-576.0697529464682,-13.853400462480314
137.96123397544542,-575.9412579370678,-13.770117916356874
137.95732773690807,-575.8139391956385,-13.859034224185663
137.95282836316457,-575.6843997965702,-13.770172754236672
137.94868502013978,-575.556669270761,-13.86827050906775
137.94590381080394,-575.4272593537484,-13.78859048612105
137.9446683609609,-575.3005824995371,-13.873970778793977
137.9437596338586,-575.176662773146,-13.781573293689124
137.94210784208994,-575.0507902195385,-13.882345199030178
137.9390971517598,-574.9267279545836,-13.805339326593453
137.9358575004243,-574.801343299572,-13.87883487091063
137.9334394652623,-574.6774774149758,-13.781311298462274
137.93574103205728,-574.552638710377,-13.881388947237078
137.93977689696035,-574.4297915922431,-13.803688818234102
137.94492355585086,-574.3056410615266,-13.87428763110414
137.9514511766124,-574.1829955447305,-13.775423376518097
137.96309193025292,-574.0597677669574,-13.862055842826724
137.9751790864174,-573.9381761098283,-13.770910531357572
137.98348583908793,-573.813554758174,-13.844602862133721
137.984344148355,-573.6896909712824,-13.740517415132093
137.98246856187626,-573.5634736489793,-13.818572655067273
137.98253864903384,-573.4402180437332,-13.718850117224674
137.98710531856798,-573.3158606393954,-13.780248015668509
137.99538102305516,-573.1934604027676,-13.663868136334564
138.00633594673585,-573.068106180825,-13.741832532913033
138.0176709108962,-572.9443546440871,-13.642019151713725
138.0276886747733,-572.819234777357,-13.689495472628497
138.03524541261856,-572.6952118382886,-13.561135731147312
138.04055980498595,-572.5735810554417,-13.627375971492654
138.04452881245518,-572.4507114527505,-13.515838434060221
138.04981496150523,-572.3301611204399,-13.552242309816979
138.0593978025294,-572.2087509135982,-13.41086840779596
138.07134813709823,-572.0888954547921,-13.459504607864226
138.08360201006218,-571.9710555565628,-13.330363030154713
138.09820809117852,-571.8538938267792,-13.346373973781049
138.11266621632723,-571.7385340308417,-13.185207437671203
138.12647667916923,-571.6217281832156,-13.216401156373472
138.139139860745,-571.5067032528626,-13.069817097297966
138.15098282081846,-571.3898126383069,-13.06102160869465
138.1637253033815,-571.2746219978733,-12.886214718000629
138.17646646402378,-571.1579607302613,-12.892851860787186
138.18656037488614,-571.0414360752419,-12.721711225795968
138.19639372239357,-570.923148871168,-12.728893723230462
138.20685643850987,-570.8066003530745,-12.558298442887176
138.21729622527434,-570.692057151101,-12.560162427276234
138.22717228253444,-570.575688071224,-12.38424863388751
138.23474002330153,-570.4610177315691,-12.38696977750584
138.24255980401242,-570.3444602292337,-12.211913143346393
138.2503187780531,-570.229183001062,-12.214132884282657
138.26288679646225,-570.1153924371904,-12.038574847441142
138.27952498970552,-569.9988420053094,-12.046063289194858
138.29879569694504,-569.8838060948577,-11.875773953170796
138.3199632791475,-569.7660335994185,-11.877761245109177
138.34244118628456,-569.6506172180278,-11.701970759269779
138.36486147261814,-569.5373135368711,-11.70502219877665
138.38613003516318,-569.4217771592266,-11.530295860505746
138.4060444333943,-569.307437426322,-11.532141266101661
138.42252832732112,-569.1919249652335,-11.356208893919797
138.4380916827846,-569.0778208023992,-11.359421137948132
138.44585225172213,-568.9605348917539,-11.184855604198688
138.44577833526293,-568.8426433644977,-11.19591965355917
138.43756435075846,-568.7199927267516,-11.029205925141872
138.416742284869,-568.5952688537552,-11.030901217348141
138.38917562763964,-568.4692748510138,-10.854818731776634
138.36147344460068,-568.3468667370288,-10.857731059868788
138.33537014300302,-568.2238784939719,-10.682865610183162
138.3103703090941,-568.102932280113,-10.684868675382425
138.287589388583,-567.9802568182464,-10.509093962803911
138.2676313571765,-567.8585713355692,-10.512597570392895
138.2518088622598,-567.7379949311502,-10.338323400204098
138.24690161679098,-567.6146796512456,-10.31991803752918
138.2442472131473,-567.4925704135583,-10.125801448560756
138.2494766849427,-567.3722666045836,-10.130824249391637
138.25826366822702,-567.255673979968,-9.958069272444737
138.26804785004688,-567.1376240206631,-9.93888224631789
138.27953676321016,-567.0193241938417,-9.745651542594985
138.2940796692105,-566.9018373243873,-9.744499851258722
138.31601320800402,-566.7851937485497,-9.565570382144681
138.33870048524886,-566.6711955400696,-9.529878891585039
138.36203895779653,-566.5550810462481,-9.326684447552633
138.38969485557294,-566.4348720348261,-9.303455395233803
138.4211097989601,-566.309239092491,-9.102448565137195
138.4528297611634,-566.1843081435975,-9.07768030591335
138.4903231543342,-566.0545708335544,-8.87513426891173
138.53090377210668,-565.9248996263575,-8.837539066402456
138.57851135490233,-565.7895427413433,-8.623810607024078
138.6293130228584,-565.6537453520192,-8.603589260986242
138.67879721745788,-565.5181538691479,-8.405590137170627
138.72484836439614,-565.3782173131015,-8.357671277494989
138.7654495077124,-565.2381735067726,-8.145772029571821
138.80027298959928,-565.0941959845215,-8.1089061994403
138.82892478301346,-564.9502509549583,-7.8942625915310005
138.8547027465601,-564.8049107532419,-7.870848013828206
138.8787179908739,-564.662587022186,-7.669655658347634
138.90121603008868,-564.5224818561038,-7.636166816781171
138.92309065617036,-564.3789090098228,-7.424900197436931
138.94370816049894,-564.2338169968715,-7.40282885491596
138.963370347082,-564.0884384592147,-7.20297973461721
138.9805067190179,-563.9399840002635,-7.162328026511347
138.9968942107346,-563.7930257093584,-6.943898540627708
139.01043308208082,-563.6470558366444,-6.929945113518055
139.0248541209605,-563.5017223302028,-6.738213908630625
139.04212293857165,-563.351859506885,-6.6935323852808235
139.06053704430087,-563.2036310914569,-6.482194556188375
139.07727387370556,-563.0586572506263,-6.459733873604261
139.09384965738266,-562.9133579526737,-6.259495413242368
139.11015748743532,-562.771697375534,-6.2244554460969574
139.12576734873565,-562.629741048543,-6.011637701173768
139.1414280538137,-562.4885160615656,-6.000725189864493
139.15769753095287,-562.3451792090724,-5.81203490077744
139.17508937438492,-562.2042781076003,-5.7733078950761
139.1936921181912,-562.0648778608868,-5.5697929904265076
139.21062802527152,-561.9289888108559,-5.547397171251602
139.2257576987726,-561.7965524222066,-5.347223574298918
139.23866650353472,-561.6620145500276,-5.321510984178627
139.25012620932574,-561.5273324753248,-5.118020616280557
139.26072244617356,-561.3890419274019,-5.1012375221205914
139.26770639830863,-561.2473191504055,-4.906676650182848
139.2730472328486,-561.1085646515338,-4.8840038606011795
139.28332570755606,-560.9656536500489,-4.683553293241733
139.29650063865677,-560.8243527489512,-4.67225238069355
139.3100674842382,-560.68111681408,-4.483173690367589
139.32228598424535,-560.5423967835279,-4.448647583848122
139.3328290409153,-560.4061439520518,-4.250238682347962
139.34042128544516,-560.2701037117719,-4.236623881825921
139.34772605562478,-560.135630117593,-4.045231303526102
139.35733521864736,-560.002973477085,-4.023664670043675
139.3713788188089,-559.8670717884204,-3.824320258783469
139.38610957519592,-559.7324539141412,-3.816466147100591
139.40611048095943,-559.5920553680621,-3.6308342576399353
139.42359384816072,-559.4516779113895,-3.612609776806456
139.4362148330938,-559.3082167075376,-3.416607518195199
139.44562873200974,-559.1629026469267,-3.4148365668435128
139.45385666049324,-559.0117415927149,-3.2352878377140484
139.45679881990736,-558.8521423192208,-3.2247404862829967
139.45576553701815,-558.6855839248709,-3.036415357074168
139.4494309723583,-558.5179545368472,-3.0400449923997295
139.43637335404165,-558.3474087902741,-2.865896849947514
139.42133550000975,-558.1774768670534,-2.8628562113933587
139.41392347053656,-558.0025431847446,-2.6820377950614254
139.4081420215054,-557.8270490963222,-2.6959580446820612
139.40276891361552,-557.6496721759345,-2.5321005165249186
139.39221166926612,-557.4732129386882,-2.531498870658569
139.3787126339889,-557.2964086583333,-2.355744824862654
139.3602981156945,-557.1208214746772,-2.382727232320246
139.33787528505687,-556.9396140614174,-2.2319318620000606
139.30469591665297,-556.7504411076698,-2.2259273261407153
139.2628504583798,-556.5540046167224,-2.0605269556701957
139.20753802865045,-556.3552238484285,-2.0701346644256735
139.14333220363042,-556.1537151067033,-1.901964595403374
139.07045284906368,-555.9586208946185,-1.9344496069619805
139.00016418385255,-555.7723273728116,-1.7891568407428091
138.93426976197333,-555.5920808302591,-1.7952441980134257
138.86567046498274,-555.3945511899407,-1.6297674153289492
138.7905191607493,-555.1926889071757,-1.6587299912602447
138.7118391625053,-554.9828328039429,-1.5099147894137623
138.63316176321197,-554.7637154456404,-1.5152937959508868
138.55560385116542,-554.5458621720865,-1.3459193663199236
138.47813910465064,-554.3262738509283,-1.3694322532350154
138.4009733787482,-554.1098722208169,-1.2151673623723294
138.32496492506996,-553.8929189743208,-1.222025794238929
138.2506796016222,-553.6789409618314,-1.051106448327751
138.17779540659848,-553.4639239056542,-1.0820065070270861
138.10705112358875,-553.251348172205,-0.9351287879486434
138.03691785278465,-553.0351515581773,-0.9336150917931006
137.96790423538425,-552.8208948976555,-0.7673555029916046
137.90050674233424,-552.6115401003402,-0.7826374369666335
137.83480346072216,-552.402285388339,-0.6201415931638845
137.77119480140283,-552.1952089826381,-0.6414950161403333
137.70932038969679,-551.989465324856,-0.4850706613390043
137.6490834858132,-551.7789623486796,-0.4939067967805105
137.59003078612713,-551.5709102178187,-0.32496515444423896
137.53164412123166,-551.3687641085487,-0.35362381575868
137.4742210514173,-551.1676359482622,-0.20450469929534332
137.41862871761205,-550.9671149782741,-0.2153986312871249
137.36460562197828,-550.7632544112523,-0.04964488614088355
137.31166470245003,-550.5603968306657,-0.07845130841773483
137.26010382233179,-550.356767155179,0.07052004708319168
137.21037359372386,-550.1562880160969,0.05509313307103051
137.16253810311375,-549.9558431320517,0.21611332450703538
137.11617255374745,-549.7590754262536,0.178100218657341
137.0724048582209,-549.5640318523651,0.3178648905854244
137.0301898740209,-549.3745639467984,0.28794066240026317
136.98888582297258,-549.1905431628862,0.4357942119928797
136.94794072728064,-549.005142765565,0.3919637446768031
136.9076497529098,-548.8221032512129,0.5259110551385043
136.8676519633276,-548.6358262532142,0.4978025921707985
136.82828166815494,-548.4515510313465,0.6474719069808704
136.79165191606222,-548.2627538567496,0.5930459724183443
136.75732322905966,-548.0732805180899,0.7163978156335961
136.72517676306808,-547.8847293452119,0.676252748878533
136.69515593546168,-547.6919117777267,0.8138854599012477
136.66681030952495,-547.4989352256132,0.7438871429643933
136.63920286171327,-547.3044047653153,0.8516666038053167
136.61377835545102,-547.111512401038,0.8055940592967147
136.58874136380993,-546.9233283473678,0.9235276541842414
136.56372729008532,-546.7435036845825,0.8499286022006
136.53907355565917,-546.572822184067,0.9541073279947362
136.515253186649,-546.4086812306796,0.8890094832058262
136.49275960263685,-546.2543250580547,1.001689416194694
136.4716743954858,-546.1039486849264,0.9161088699184216
136.45404718665313,-545.9597834023374,1.008306101419927
136.4373622755653,-545.8146440218754,0.9242802612737764
136.42192445387303,-545.6697366930275,1.0180321989054035
136.40695561019058,-545.5218504565128,0.9176360029228926
136.3922934523314,-545.375062820495,0.9950175847181595
136.37543538232637,-545.2209914398446,0.9089070809057458
136.3579672224434,-545.063560325459,0.996788051893148
136.3414468139698,-544.9001531735088,0.876649173662981
136.32535091269864,-544.7366463824291,0.9342880732105918
136.3095688323527,-544.5758557601075,0.8291147426121883
136.2940739724456,-544.4160853937218,0.9004526950681567
136.27844626130053,-544.2582100348451,0.7689057711736148
136.26424801846633,-544.1099190159076,0.8151366250568507
136.2505375998591,-543.9656538927829,0.697906101766961
136.23670729427297,-543.8199790527941,0.7584533562548491
136.2242834867483,-543.678142089379,0.6164998011685758
136.2123176729874,-543.5368712714248,0.6523240238600804
136.2022580828861,-543.3981317564183,0.5195511492541529
136.19518858502033,-543.2563765751037,0.5645560524260033
136.19333676068246,-543.1184912231059,0.4119405399423506
136.19255480810742,-542.9833408730891,0.43710280523647566
136.1981632843215,-542.8529441062241,0.30975499345868934
136.20497008129846,-542.7210859211182,0.35053264680684715
136.21438551242647,-542.5858969909968,0.19745859523449055
136.22624209536423,-542.4493370433229,0.2221623214399117
136.24047339281773,-542.3185393002832,0.09713792062932317
136.25744301027723,-542.1889444549603,0.1408461082146568
136.27841850162298,-542.0618422047585,-0.0071652154931657955
136.30030751631347,-541.9323705944729,0.022601238576789414
136.32206792524178,-541.8042664861833,-0.09930687603582654
136.3443144649796,-541.676039136722,-0.04792621280819512
136.36839694675854,-541.5492001502187,-0.19671905335506634
136.3937361105382,-541.4238614352262,-0.16773411612415975
136.4169128981665,-541.3047013695934,-0.27943242276363167
136.43932758514043,-541.1842050880994,-0.23029878635000792
136.46003728754656,-541.0684299549922,-0.3817922853965593
136.48011145504935,-540.9481131867888,-0.35550800666533294
136.50100679407808,-540.8285992633804,-0.4825541003385006
136.5213567448125,-540.7156869958419,-0.4325546608422439
136.54130819636651,-540.6057009228379,-0.5841661144935572
136.5592535274401,-540.4952367795568,-0.5579997903670925
136.57736374526456,-540.3878854011471,-0.6784083799326414
136.5960707062301,-540.2780077953155,-0.6327179339805749
136.61668607237905,-540.1659112032826,-0.7748222171706947
136.63615792324612,-540.0515179655405,-0.7391487225830367
136.65347969362227,-539.9423865469267,-0.8689987720046046
136.66889309383265,-539.8399538056477,-0.8210710436483948
136.68288249609577,-539.7397362877118,-0.9690780246743216
136.69515613838172,-539.6387595746994,-0.9393072279224706
136.70773340353745,-539.5378386914791,-1.0728853309079018
136.7251240721627,-539.4375447378897,-1.0286856561155553
136.7469296430837,-539.3357643508997,-1.1537425319913257
136.77054007078846,-539.2392302205112,-1.1010216300893183
136.8003374548782,-539.1420800490753,-1.2193266522449266
136.83094844522674,-539.0461883607569,-1.1598538966227572
136.86498635607546,-538.9509201619626,-1.2712791085501047
136.9000468896255,-538.8604080310114,-1.2049265426996747
136.93522397568302,-538.7736010639358,-1.3077371395523845
136.96992407590704,-538.6887697176115,-1.2327699586273162
137.00485837753894,-538.6037302079185,-1.3270518747868378
137.037698231607,-538.5198585163563,-1.2435560131685817
137.06883080712666,-538.4347838969225,-1.3268616341137165
137.1008218191959,-538.3506786420573,-1.2323894772810735
137.1354077575145,-538.2700114237308,-1.2943315216914022
137.17002079218247,-538.1869124131503,-1.178495788323953
137.20209186073834,-538.102460896714,-1.2519985083626177
137.228677525319,-538.0146733006735,-1.1477234506235046
137.25132222409727,-537.9274670234115,-1.1870118938389438
137.27326733844356,-537.839398610293,-1.0485225592766054
137.2947604276105,-537.7540476318785,-1.0951340273361445
137.3121614322512,-537.6649589098756,-0.9639677176179057
137.3235649834762,-537.570485678757,-0.9839878464096873
137.33319619351175,-537.4717742762133,-0.8265726782234458
137.34233595810002,-537.3736191348875,-0.8599297799456306
137.35741100139137,-537.2722956744817,-0.7155091038900375
137.37345869980763,-537.1675129283636,-0.708796536753043
137.3874175842047,-537.0651659019368,-0.5403941572860812
137.39952817944211,-536.9651705104907,-0.5500896540153046
137.41150754393752,-536.8636204916079,-0.3820073729667502
137.4241116224339,-536.7605744808396,-0.37538275815511185
137.43584005239194,-536.6603339260698,-0.1909803655656957
137.4468158816384,-536.5616694392785,-0.198621477167034
137.45912775672662,-536.4592282832284,-0.028484810990594484
137.47481884987081,-536.3558514008793,-0.029829032657225873
137.49507106885704,-536.249490955597,0.14660452345392053
137.51594748145277,-536.1460944796167,0.13765378208351017
137.5370624904579,-536.0409035473773,0.30648081849087766
137.55463780528353,-535.9380782171447,0.30615079945141677
137.57207655457353,-535.8316933008989,0.4835985581897337
137.58923997298868,-535.7261094973703,0.4739684316196412
137.6048722232781,-535.61710133048,0.6421160828273265
137.61915458127157,-535.5093692959574,0.6331551447919499
137.63132116727,-535.3991580101771,0.801971984534351
137.6461768963129,-535.2904272124321,0.7927226772707409
137.66423561692952,-535.1796811280841,0.9612511477849084
137.6830905451676,-535.0692892640598,0.9471581700910741
137.69978144483952,-534.9558609283883,1.1108429701750175
137.7141577126695,-534.8430296124949,1.0980090856354372
137.72745592498867,-534.7268361903831,1.2629529788736347
137.7403493960749,-534.6116228756977,1.2486921220925664
137.75462298954793,-534.4927490607507,1.4122090430892758
137.76979093861343,-534.3748337955642,1.3943949326263383
137.7841007035218,-534.2545205907678,1.5543585999411786
137.8009117593867,-534.1315829191844,1.5363446658732485
137.81798398287066,-534.0098688011283,1.6961085095830961
137.83363185714438,-533.8889019945678,1.6736205978230465
137.8471296473642,-533.7651277337776,1.8289104638407747
137.8612374522012,-533.6362394382949,1.8011520823540164
137.87444528229287,-533.5077507471872,1.9511714786450356
137.8872852727408,-533.376084927228,1.9303263850707693
137.9002797487292,-533.245656262049,2.087259069274281
137.9131203115005,-533.1173300132864,2.0585789160658567
137.92492613695788,-532.9873915544562,2.20767654063521
137.93430199876815,-532.8581591116936,2.1878761216788316
137.94100518892552,-532.7258214002193,2.345853480500231
137.94707851049225,-532.5947447713437,2.315989362724867
137.9545821488786,-532.4611072265984,2.4639030227272816
137.96390779888293,-532.328449232649,2.4355734969467675
137.97428833085525,-532.1936071736616,2.585021748944031
137.9851428716553,-532.0606549442832,2.554444574458243
137.99593783852956,-531.9303822236445,2.701645177750233
138.0061566955342,-531.797411950114,2.6726368495748667
138.01529188459867,-531.6657932987841,2.821406299177278
138.0232590840528,-531.5316413260467,2.7952819896278784
138.0304687076371,-531.3988906281955,2.9469354578562563
138.03824561251201,-531.264450417469,2.9132737938640947
138.04931247988682,-531.1303558982753,3.0573899076497106
138.06211372209228,-530.9939709727723,3.0265916453593458
138.07507977715252,-530.8590676627258,3.1735711608467585
138.08583927755618,-530.7208841895134,3.1371390877388015
138.0960044430228,-530.5840099597314,3.2784847924086225
138.10549550359312,-530.4458971232366,3.2507495271161586
138.11430609254495,-530.303595059074,3.400792039601473
138.1236766143525,-530.162479000957,3.35611132545145
138.13508096419875,-530.0227893502091,3.489208389079206
138.14796188445493,-529.8815139004122,3.460873850301083
138.16095492348282,-529.7415216527581,3.610317089300738
138.1717322630433,-529.5999192686105,3.566238751767796
138.1819131849921,-529.4600087577387,3.699938192012631
138.19100691697312,-529.3181597932322,3.6623833597351507
138.19975387788347,-529.1728543232716,3.802606305235449
138.20913019446897,-529.0289241189042,3.7543294558906672
138.2197310301314,-528.8877266416731,3.883830384323663
138.23124733550202,-528.744817185101,3.843436354321823
138.24319539180453,-528.6040067115987,3.9808201020977614
138.25505987038161,-528.4613520058889,3.926753365729476
138.26550511638493,-528.3195377651078,4.050464407138969
138.2755179612637,-528.1756418642924,4.00715456020821
138.28571258767926,-528.0325583731707,4.141622491055229
138.29538791349313,-527.8869949958613,4.0809126138730525
138.30523244121957,-527.7430058760141,4.197980514468652
138.3157939093786,-527.5975234529192,4.146141249349195
138.3267592247437,-527.4529918969699,4.2720797620075155
138.3360049139537,-527.3064394076899,4.2030984254391965
138.3431307392417,-527.1615670338136,4.311894866648656
138.34767791334122,-527.0148244234465,4.255252499944602
138.35328735294914,-526.8655281051286,4.376387911018326
138.36067391140656,-526.7174354817479,4.299142356245883
138.37036595146915,-526.5708702479981,4.399674579251219
138.3816132455052,-526.4216087532767,4.3339937042896155
138.39219029548747,-526.2743415031749,4.446090607105791
138.40166153417033,-526.1307960139984,4.364441583914125
138.4099537974209,-525.9857697461864,4.460570338500238
138.41707099784102,-525.8425099184561,4.3899298388582
138.42261818551134,-525.6969635185145,4.497067116993939
138.4290062550737,-525.5513924640406,4.396524512884545
138.43670364846955,-525.4044397114352,4.4737596865529285
138.44660854370383,-525.2588899472406,4.402368711950983
138.45804784746247,-525.1122437107076,4.494701772055411
138.46922067393916,-524.9674638150711,4.397232037270393
138.48018130253848,-524.8208496127963,4.477540080263151
138.48806538484445,-524.6743163956261,4.3800304315380245
138.49481136205452,-524.5256167367878,4.460298560590674
138.5016444421251,-524.3790075180971,4.3585667698865596
138.51168665007344,-524.2314543852128,4.434612756960222
138.5230491944176,-524.0858110029353,4.329168282721182
138.53245909429918,-523.937125832216,4.401501586259919
138.541344635601,-523.7899469373474,4.286126508916016
138.54876693304394,-523.6451625085981,4.348529209349891
138.55373590904034,-523.499467240504,4.2396713933026104
138.55814355086662,-523.3556619150204,4.308591355033108
138.56360823939735,-523.2100131426879,4.183849531738543
138.5720848394765,-523.0652493524144,4.236885486221757
138.58104326577532,-522.918454754681,4.116007226696337
138.5916133152552,-522.7737506297346,4.172906744948694
138.60235535977864,-522.6268470580115,4.042912357596022
138.61256836089981,-522.4828213366198,4.090695748021129
138.6192431906579,-522.3371528844431,3.9625351944282303
138.62511545523128,-522.1928169485402,4.01215241861311
138.63115435678267,-522.0465336269806,3.8682452534258016
138.63796203246315,-521.9015324133072,3.9021158660162714
138.64523730935977,-521.7549920829168,3.766616993969295
138.6520919692282,-521.610638724993,3.8088958997000963
138.6587650171951,-521.4640984537641,3.6591302065385216
138.66654061498838,-521.3157578170649,3.6871422911547245
138.6740154698005,-521.1687579518824,3.5445778397008056
138.68009008919245,-521.0194395724194,3.5797911660246644
138.6857982669134,-520.8717811292747,3.414926996190957
138.69258575110592,-520.7226987045851,3.4278406041350284
138.70031389681762,-520.5762695447377,3.288678604020637
138.70853093009407,-520.4269584747987,3.312923181928059
138.71631820974358,-520.2787856691696,3.148194438077425
138.72473011957936,-520.1290900851934,3.1612434720045695
138.73314731940138,-519.98285806052,3.006341500220472
138.74103519926766,-519.8347211587247,3.029217306214153
138.7478836986291,-519.6891296729973,2.856559303865759
138.75360380989866,-519.5410316827249,2.861679079295143
138.75984000196735,-519.3898631185164,2.7025255560307304
138.76691205101977,-519.2406392813225,2.7211498105440954
138.77487202454907,-519.0908884618827,2.5464430332067263
138.783307041128,-518.9435727020926,2.5495140336471347
138.7908957683033,-518.7996568894828,2.391964233148005
138.79574153125586,-518.6537923134217,2.412192210426653
138.80038045051293,-518.5100213919743,2.2351978361775187
138.80532446973484,-518.3648579434436,2.235981239706162
138.8086147495652,-518.2218894252086,2.0857244934848103
138.8111168197597,-518.0775354452921,2.1066465836467865
138.81630210747312,-517.9345485185315,1.9288655481298804
138.82482673682063,-517.7900108164715,1.928862290390752
138.83471932865535,-517.6476292733365,1.7794970936062084
138.8447448183481,-517.5034372772667,1.7994087610731355
138.85629874731455,-517.3601143656651,1.6274733157217292
138.8659389304794,-517.2163743079221,1.6333156481481008
138.87505925965667,-517.0745951239943,1.4820258936204351
138.88476724002143,-516.9309578632233,1.5085139168705473
138.89856490379188,-516.7855447170145,1.338996201631531
138.91257360413647,-516.637577825131,1.3472562641702928
138.9260146102799,-516.4912046021304,1.1992985932930296
138.93915091660682,-516.3472318654112,1.2291187001935442
138.9499843443916,-516.2007006159816,1.0580980457062943
138.96102445438387,-516.0565612195576,1.0648551689968224
138.9727719970311,-515.9110923984837,0.9208742514897796
138.98408150560277,-515.7674265823795,0.953351113553317
138.9959656721263,-515.6247655033206,0.8022748476590856
139.00820641764966,-515.4851521070173,0.8289763595426323
139.01993372170332,-515.3426387489014,0.681586468296835
139.03303421580537,-515.1999349217384,0.7119743548288155
139.04499102977877,-515.059222566308,0.5768193723147931
139.05737038859436,-514.9190999698345,0.6194421675785484
139.07171330549747,-514.7819077354135,0.4887100218351812
139.08871072364434,-514.6429860851813,0.5357556538695918
139.10681863431523,-514.5022454374791,0.4168927375639264
139.1265355532058,-514.3627337461613,0.47580759903603886
139.14834896644945,-514.2242235679527,0.3622548449232003
139.17314788779754,-514.0840258371223,0.42647986858813963
139.2035334372185,-513.9475325190507,0.3486991528789863
139.23665927332894,-513.8102742107211,0.44781951957158234
139.27232782155255,-513.6739954669474,0.3544221262088623
139.30964029284632,-513.5335361559962,0.4388025106239201
139.3488059936068,-513.3930099306986,0.39309211939796573
139.38984042807203,-513.2526591399583,0.5234700294540474
139.43148634176583,-513.1180248695975,0.47447248694604377
139.47430669831058,-512.9809535907135,0.6032527222158178
139.51880805391022,-512.8432981460912,0.5955083666878517
139.56794425670788,-512.6981307457557,0.7655417889376632
139.6173086029498,-512.5543451128603,0.7584727992767657
139.66478272940066,-512.4141092291208,0.929181587393646
139.71120362431714,-512.2723110944477,0.9617283386389595
139.761685220199,-512.1232074163922,1.1680171316720487
139.8093845513548,-511.9721356597482,1.1825687662345477
139.85297259463337,-511.82322775236975,1.3748981785748244
139.89511846149875,-511.6734233050828,1.4099708890336218
139.94007426297495,-511.52638787973103,1.6228213772701972
139.986597124419,-511.38240809592696,1.6388672683798564
140.03236107271607,-511.2380489306909,1.8326909372672935
140.0773223733413,-511.0964847750741,1.8656001125281982
140.12189436148995,-510.9566752004832,2.0757085583436172
140.1682203522007,-510.8120707227138,2.0906316975305868
140.21341695155598,-510.66897452799265,2.283332614495334
140.25568976544935,-510.5259946913171,2.317514241935287
140.29636594223052,-510.3887569505945,2.5294736471530177
140.33696561929727,-510.24912434359726,2.5418289879062557
140.3790276899028,-510.1085417604223,2.7319621064372717
140.42242668976755,-509.96345568986146,2.7690539054354537
140.46383317859713,-509.81953236816037,2.9744220443486253
140.503429161823,-509.67829739458426,2.989547042469253
140.54127856772223,-509.53943632136844,3.182449818367658
140.57824035549447,-509.4034356079327,3.211702227905021
140.61490960754855,-509.2691216432662,3.418732415220162
140.65182194531866,-509.13156016029546,3.4319737584852246
140.6890792580948,-508.99284871475504,3.6229928795280655
140.72505435075715,-508.85202228392615,3.640282320123957
140.75820624252327,-508.7135952763891,3.835349538497627
140.7878562227606,-508.5749875598399,3.838180202118579
140.8147396876399,-508.4387256779014,4.0187886435173095
140.84027684016934,-508.30019357631704,4.033305476598748
140.86559220183725,-508.1607207762483,4.2256000874579644
140.89009249796695,-508.01754833852806,4.217471706261963
140.91325999899956,-507.87526331461396,4.387121102843739
140.93459766988698,-507.73173227157895,4.405127342273282
140.95444457231497,-507.58917379955415,4.5898253375864675
140.97330038732764,-507.44416178444453,4.586076054009301
140.9925111465993,-507.30031078715507,4.760104548209912
141.01234100836865,-507.15792009650227,4.763280788115886
141.03283577704795,-507.0139888014439,4.944234805799637
141.05358271262136,-506.8722052972563,4.940031807980275
141.0732636807121,-506.7328678277469,5.1136065879386905
141.0932728815379,-506.5909168091838,5.112596237319153
141.1126524869434,-506.45005127307405,5.289363664477393
141.1308074410991,-506.307550254413,5.285205024809166
141.14763792787903,-506.1675665981737,5.458824162918715
141.16314282092742,-506.0296684041965,5.458233584172336
141.17939408119503,-505.88824452143047,5.635420783203735
141.19638659698268,-505.7460788627948,5.626085957634817
141.21451769253864,-505.6007005383525,5.794528909843676
141.23097419513374,-505.45797572802985,5.795104230673635
141.24562973109974,-505.3143643733891,5.973457329281373
141.25889530611732,-505.1722092935951,5.952930217525937
141.2729262229894,-505.02687211879413,6.110180883548279
141.28855510185906,-504.881326431478,6.119210395389625
141.30428129573988,-504.7335423581005,6.295753837524988
141.3185695134211,-504.58905153655445,6.277277669771576
141.33031181454422,-504.44464501261433,6.436579279795941
141.34137793073978,-504.30148957431373,6.43764385510166
141.3537958696306,-504.1547163415969,6.616486208185157
141.36754134015177,-504.00685010263993,6.6010451413571944
141.38382082586276,-503.85800069338893,6.763381852307009
141.3995542508149,-503.7084440638996,6.761476691008331
141.41413336601596,-503.5621014624264,6.9373493074874295
141.42786360518394,-503.4158536502219,6.920103453255562
141.43958435018826,-503.2729332092002,7.080635376801472
141.44991516798643,-503.13148244424286,7.076075196782774
141.4602317398236,-502.9868422476002,7.249292794541854
141.47122007122468,-502.8440319363059,7.240226450414897
141.48300958715856,-502.70402757095303,7.408937884065717
141.4943792224391,-502.5619000124291,7.409678970372565
141.50509251344272,-502.4166918516587,7.5881978344571905
141.5155221687856,-502.2729327531701,7.567952899605726
141.52492543078702,-502.1272413743163,7.725485742532039
141.533168345505,-501.9836462612221,7.724324520548884
141.5402388470903,-501.84374108733266,7.900941076343506
141.54533164113764,-501.7035254415351,7.878151646442934
141.5479013517176,-501.5672881016516,8.03313999432014
141.54828545416473,-501.42910846511825,8.024991600059307
141.54904830552826,-501.2904575907523,8.194620983576252
141.55110983501123,-501.1477803923663,8.170819148923714
141.552991113921,-501.00591822710896,8.324795092048955
141.55316514230495,-500.864016219272,8.313567245395904
141.55258457884673,-500.7233066270307,8.480117176520633
141.55104002058926,-500.5809789432204,8.444297832357051
141.54932463042272,-500.4403518570438,8.58625626597125
141.54718880386784,-500.3016560311752,8.589588352319602
141.54582059956851,-500.16064168689155,8.7439197211248
141.54544671195924,-500.0203513984881,8.727588614256687
141.5465107829784,-499.87629538314013,8.88903528516635
141.54784731226874,-499.7327154635105,8.864640169246512
141.54921932479678,-499.5874167885481,9.018022831104448
141.55016647646082,-499.4450692770075,9.002766925443229
141.5489618520173,-499.30188938498213,9.16528879755979
141.54734400478878,-499.1605793531019,9.144375564716578
141.5444327446083,-499.01820414703747,9.301240109651143
141.53966153976,-498.87723190906684,9.271697092058636
141.53376309200263,-498.7389540920995,9.419931852243906
141.5269017513649,-498.59809733272965,9.39640890181171
141.51994541566236,-498.45831741434586,9.550663729157293
141.51224768216576,-498.31647417855413,9.52031803594341
141.50409870354233,-498.1766462719676,9.667750120507305
141.49515403914504,-498.0387994281158,9.63994718022378
141.48617745059775,-497.89904261859016,9.789922017718032
141.4781434775909,-497.760482579443,9.753088313002324
141.4700016219749,-497.62027474826164,9.894032386064392
141.46072198511695,-497.48255098116135,9.870685458816268
141.4497023246237,-497.34383565378715,10.025116309345922
141.4364362723526,-497.20771263234747,9.98033538985676
141.42414339224715,-497.0689595995108,10.113332248145372
141.41221997864744,-496.9316539408616,10.090454564307166
141.40054003578672,-496.792323881973,10.242805361546022
141.38989623515005,-496.6545705260963,10.19513454689754
141.37961104145614,-496.51482500299437,10.325241510026835
141.3683118474611,-496.37666853833156,10.29992170736919
141.35779188638708,-496.2357085550762,10.449322905936745
141.34716672245477,-496.0966015211975,10.394107147560183
141.33667163139341,-495.95598748834266,10.5166691669614
141.3267624850902,-495.8166612330487,10.487602344973354
141.31464568004162,-495.67571806223117,10.633182609893138
141.30143833780465,-495.53727381118273,10.57893013187294
141.28943272588626,-495.3962138845475,10.702455431630517
141.27783820651217,-495.2562263417514,10.66469938079415
141.2673121388114,-495.11417754299856,10.804721107735563
141.25756190996373,-494.9737367426366,10.748700750535297
141.24769307436358,-494.83216781111355,10.870458171112807
141.23753020751928,-494.69197778927327,10.83180865001385
141.22786373964345,-494.5489711407912,10.963183351703778
141.21761269688227,-494.4074350393148,10.909835489788525
141.20615853175215,-494.26516778290494,11.03426540565105
141.19339286805229,-494.1264149853773,10.9849895454513
141.18095712741112,-493.98566289719105,11.113491463029328
141.1687642352486,-493.8465127583494,11.056742000885341
141.15925910058144,-493.7033473669069,11.177770316519132
141.15124981266197,-493.56018661051144,11.121461781023058
141.14365360396465,-493.4202912896607,11.24293102330476
141.13748004607993,-493.2779542338156,11.187024459829942
141.13250015340319,-493.1414198468769,11.3088956741329
141.12700848557498,-493.0092162605559,11.244034342367323
141.12108189977005,-492.8797590631417,11.356950788379526
141.11433128625677,-492.7565483125387,11.297499349565697
141.10751187592734,-492.6363391819733,11.415825688529646
141.10200769340383,-492.52147823860565,11.345034148814948
141.09437906037073,-492.40973117720546,11.45202038687803
141.08602336668326,-492.3048717392942,11.394512605962094
141.07805176406407,-492.2071478269754,11.514782602823937
141.07027035356242,-492.1122408709725,11.438891184158292
141.06592476154475,-492.01679020516275,11.540777543270428
141.0627405816437,-491.9268549846386,11.476751669610008
141.05942152583566,-491.83930193186353,11.590503573727366
141.05653514363993,-491.7577371782777,11.507821193505471
141.0529532358246,-491.67934967213625,11.602916591061353
141.04805116557424,-491.6073880155711,11.536639407164687
141.04254411450265,-491.5373260947034,11.648140001045796
141.03822638977095,-491.4716770016276,11.559001461313871
141.0350292712812,-491.4078441501005,11.647640699359723
141.03086974416948,-491.3511881696605,11.580142896241092
141.0273982263856,-491.2959537818263,11.687230984219987
141.02657946094246,-491.24482749047365,11.599256128955018
141.0267135572982,-491.19606950344985,11.689059051467824
141.02580431886554,-491.1543826242184,11.622985872619974
141.0242886781996,-491.11593129105,11.73308303086976
141.02308397953203,-491.0786739304993,11.643031229297781
141.02236926942294,-491.0460430247111,11.730757205503583
141.0229964995693,-491.0131641605355,11.665080921359232
141.02552586382694,-490.9794730929729,11.77277128783394
141.02922279283737,-490.94995652436046,11.688660694718159
141.0302224340302,-490.9292377578472,11.782327879380157
141.03190217831812,-490.90975366309976,11.719712358985449
141.03328338686185,-490.889975832053,11.83487461636852
141.0345852444019,-490.8738676495656,11.750209835778817
141.0354420497673,-490.8579029353856,11.843322832966892
141.03619765902147,-490.8464606352465,11.792069613931519
141.03609917149956,-490.835676663962,11.90676246217161
141.03583126533383,-490.8306728415955,11.835714123055062
141.0355332856604,-490.8268962144864,11.942443561716292
141.03605664032963,-490.82768540512535,11.8850824645669
141.03796881860103,-490.82978542415816,12.005499145195282
141.04177601061298,-490.83088929748794,11.931647351594224
141.04672939197553,-490.83604490881197,12.035573335770945
141.05266289645107,-490.84193754348496,11.983192864815107
141.05788670459665,-490.8525693320235,12.104180154120613
141.06289427931594,-490.8639977436759,12.029604870685485
141.06655538850953,-490.87968960920756,12.132807365028134
141.06907202437836,-490.89519321453866,12.08493040477313
141.0713239734276,-490.91347689433155,12.209667759728799
141.07390162405983,-490.93123699890424,12.140166490779041
141.07692019953296,-490.9529064669456,12.248442999607061
141.08080536245646,-490.9754585085797,12.200379222935304
141.08480858721956,-491.0029525470069,12.325721547607738
141.09001048959837,-491.03145284735723,12.255457846312312
141.09620125599986,-491.06401572915394,12.362971922794666
141.10414441541704,-491.0948817884765,12.31381525833689
141.112325084059,-491.1296450549051,12.442436371656889
141.11961557392522,-491.16551290741006,12.370730132116444
141.12621367440263,-491.2045386676725,12.476801670353776
141.13422212401775,-491.24036453200716,12.437193838129245
141.14363252328806,-491.27807911597455,12.55843969242816
141.15277880903315,-491.3164546142298,12.493135102000501
141.16133152489815,-491.3564645104787,12.605608289350618
141.16882077705037,-491.4013167011351,12.550207654798262
141.175580155985,-491.44568167507265,12.672584798023683
141.18291876022013,-491.49194579270375,12.605451235701539
141.19068128269956,-491.5367033160672,12.716095451157173
141.1971844107304,-491.58233274691156,12.656110229196342
141.20334317093952,-491.6274876073467,12.773902785013291
141.2089347996613,-491.6719053512405,12.69825699953186
141.21392281003273,-491.72022128613514,12.800388991828207
141.21830848947542,-491.76821903260026,12.738223045003457
141.22168821751362,-491.8138331734298,12.853834875956485
141.22153157691665,-491.86095119201815,12.771652934209719
141.21984855703664,-491.9111469743384,12.867248770240732
141.2178841975828,-491.96124441383427,12.797372244961139
141.2142470633264,-492.0148763545146,12.905273497459326
141.21361421335226,-492.0688613189422,12.81530185573916
141.21359122076754,-492.12641576862507,12.90310799179677
141.21697941555524,-492.180999785408,12.824595259820367
141.2210016601582,-492.2397085207056,12.92386030562174
141.2238597316899,-492.30086411991533,12.824332720380184
141.2260336538122,-492.36754332338523,12.902582912916404
141.2284504947158,-492.4335611434801,12.813203894708687
141.23170465763832,-492.49727932234754,12.901602654278749
141.23466755909197,-492.56348735887,12.790814015654902
141.23753006920896,-492.6335184081818,12.857803154808833
141.24074423424804,-492.7045465073502,12.760900797101046
141.24357057325767,-492.77394606130173,12.841776217171034
141.24586848357328,-492.8462995569981,12.708417141091713
141.24843869342558,-492.9182148135491,12.75283584279017
141.25184992020064,-492.99246673862234,12.64759615864303
141.25620216846838,-493.06998774779896,12.704900156232009
141.26027005572593,-493.14624049722136,12.570918825631164
141.2638125497182,-493.22255600003433,12.614715272808098
141.266788916254,-493.2957506774855,12.476733699340906
141.2700203934189,-493.3694988655628,12.516529903651493
141.2736676005899,-493.44190000375704,12.372703983210608
141.2769354157046,-493.5138215824537,12.406655840547497
141.2792577657042,-493.5897088090205,12.25484515778791
141.28053666036962,-493.6644921023836,12.2808122528061
141.2819993419108,-493.74225769115577,12.129083145118818
141.28512242268962,-493.82074218396946,12.155131815209312
141.28976516616711,-493.90538667813814,11.99058207799564
141.2946458120549,-493.98923978421635,12.003810118559747
141.29991529146102,-494.07437136850103,11.841532294809316
141.30518759386368,-494.1585478881172,11.857032248836664
141.3144956992315,-494.23805977318733,11.685091945383448
141.32447858324932,-494.31977456231624,11.690929419708011
141.33445444420224,-494.40585398858923,11.529428993251285
141.3422319105197,-494.4919909904507,11.545706344572336
141.34658264061136,-494.5779064478479,11.368488901964032
141.348543479741,-494.6605076876248,11.369049237133508
141.3491753420773,-494.7404517551341,11.219045301719214
141.34912175590168,-494.8221762947853,11.244851361855414
141.34893184213817,-494.90227506874544,11.076106538145497
141.34666225274174,-494.98435661811544,11.08513949221336
141.34031122904565,-495.0648495627542,10.94100632204756
141.3336449108267,-495.1485555534563,10.97465092965954
141.32947612134004,-495.2337616681699,10.810576907699296
141.32792123816142,-495.32191198738775,10.824280663516832
141.32896636124966,-495.4085796762997,10.698279340256958
141.3317486216184,-495.49289867646377,10.739518173284816
141.33689385062914,-495.5761300686537,10.606240029186578
141.34243849677787,-495.6583690927821,10.650739662866117
141.3479841691646,-495.74473513273284,10.526887366918194
141.3526280639027,-495.8302893699465,10.58081284874805
141.35784866771925,-495.91709380857236,10.454698902674215
141.3643423647639,-496.0012746243536,10.506362734378158
141.36524543676285,-496.0839059217414,10.405804347335911
141.3596753178398,-496.1650521147766,10.483023738071443
141.34877955797924,-496.24351876330695,10.363803539682285
141.34067318740475,-496.32337175504614,10.422361119070905
141.33734842973567,-496.4003183284335,10.343993017986024
141.33502728009003,-496.4755892668845,10.428308154771111
141.33622875284408,-496.5537212250014,10.336219799748015
141.3364732180211,-496.63172484364713,10.421909222502695
141.33118058262244,-496.71081207626685,10.349375521158501
141.32567713347873,-496.786943235484,10.454619597592085
141.3218542373072,-496.86484931464514,10.382916310967357
141.32335337736453,-496.9428201580026,10.488990802120405
141.32753827023123,-497.02437236887147,10.430407889924727
141.3330239062946,-497.10629877735477,10.549602755506827
141.33869167306224,-497.1905837386626,10.493971952291558
141.3422601466211,-497.27209369108556,10.616118926854066
141.34494734324758,-497.35492761129706,10.585305244572112
141.3470093999134,-497.43684824264557,10.732269340067937
141.35302554600332,-497.51496423390887,10.693971720728225
141.36303583590038,-497.59670342527943,10.833451879166292
141.37493458599144,-497.6780047437275,10.819577744047594
141.38745246812,-497.76437686883986,10.983481386706675
141.39991614455465,-497.8505347517279,10.967269880581942
141.4101366075635,-497.9350137629477,11.128836152234983
141.419763070191,-498.0222221872299,11.131215355472646
141.43036760082936,-498.10914686320143,11.311372336488086
141.445125369523,-498.1978167496748,11.29867175800392
141.46296967533965,-498.2855745954187,11.463748957297533
141.4824112806759,-498.37616858809946,11.468138798098106
141.501485176418,-498.46685914004945,11.649470489635235
141.51898047927955,-498.5617742937811,11.630738128115377
141.5342685748132,-498.6574129079049,11.7897835443733
141.54725335374482,-498.75528490937296,11.790668428169877
141.55836079694456,-498.851800964289,11.969331089744232
141.56852235602796,-498.94708382378025,11.95362362884885
141.57999466278113,-499.04257468796266,12.115693945731248
141.5915659573722,-499.1367490607927,12.123491586597867
141.60052670223004,-499.2323589887165,12.3061315936157
141.60760589543654,-499.3268962420174,12.285446430106598
141.61544009645385,-499.42250198612464,12.442539044375275
141.6237245459522,-499.51778125781027,12.455978081537442
141.63280433297612,-499.6159068187031,12.637394994975876
141.64232471942302,-499.7119776294603,12.627966937523428
141.65261915803615,-499.8076720386596,12.796316657848758
141.66251133062227,-499.9011106248386,12.806868574813384
141.6709485835484,-499.9978553642991,12.995198269555788
141.67938730050096,-500.0951138536769,12.982636171069952
141.69058273739546,-500.19494786118923,13.147851850361896
141.7025809609536,-500.2926486664438,13.151614702719916
141.71333532266502,-500.3907537531277,13.333155332855714
141.7208115166405,-500.4867248681979,13.31888661870181
141.72300486008783,-500.5831229330866,13.482395682325683
141.72205710587826,-500.6804558376828,13.508300699107515
141.72213727797498,-500.7782287533552,13.69438772453255
141.72242189510757,-500.87469912310877,13.698465095717513
141.72438779780367,-500.97421251619767,13.88032024468025
141.72789399810745,-501.07677699014073,13.879322809189146
141.73248150308402,-501.17931254106975,14.05610315147582
141.7372200244799,-501.2803840240049,14.066027652439812
141.74109824574427,-501.3844007878062,14.253729931181581
141.74392791672432,-501.48793614714003,14.24657579305202
141.7469183001047,-501.5949889449143,14.417199432700237
141.75154274051263,-501.70303247947487,14.429401085543368
141.7556068891736,-501.8081002089013,14.619380516164279
141.75703540048198,-501.9161629251491,14.614816094793914
141.75791646771458,-502.0232877467966,14.788029451201327
141.75867551539804,-502.12870143650514,14.801996536161814
141.7598100304935,-502.23613146068334,14.99374139890008
141.76141417041225,-502.3424368580783,14.98623606557449
141.76308942086123,-502.4520916533537,15.15650851002668
141.76598706763212,-502.56003723778343,15.163941606314198
141.77073242713553,-502.66914397617654,15.349152480379496
141.7761905062947,-502.77570276063864,15.340125045327715
141.78171350337038,-502.8802364516022,15.508875388053712
141.7871709347376,-502.98673620026113,15.518503221853138
141.7917163028281,-503.0912949418116,15.705908833430342
141.7956039463615,-503.1974255353938,15.69909091808729
141.8001260873866,-503.3031806420515,15.870050780522012
141.80553214634878,-503.4128516898073,15.872004003095991
141.8126825471709,-503.5217461597703,16.051735003447746
141.82090145510892,-503.63238370393515,16.044217647493532
141.82962784000165,-503.74138746231233,16.2144780693171
141.83833161170014,-503.84769463230174,16.22239448013928
141.84608574045123,-503.9545798937515,16.403959792318584
141.8535396596706,-504.06006062755273,16.389663105182038
141.86041685902137,-504.16761806316566,16.553144195823272
141.86667023867432,-504.274470022279,16.55417247087432
141.87106547298822,-504.3839278804516,16.732978523703146
141.8733839015685,-504.4919412955643,16.722279041608253
141.87484155135112,-504.600348297939,16.889357337291145
141.87569564768845,-504.70524600706557,16.886778824406093
141.8760062195221,-504.8105793123461,17.06197808929882
141.87825878054454,-504.91491055207115,17.054896255753732
141.88127836964796,-505.0214153343868,17.22559219998642
141.88605286354476,-505.1276578683166,17.218443640967152
141.8902873233759,-505.23110850319773,17.389072859725662
141.8939428862986,-505.33720679368423,17.37776952291046
141.8974306796113,-505.442325661827,17.544243963873036
141.89878020371938,-505.55083806604307,17.53764937522656
141.89968288075477,-505.6584858899471,17.708832564357863
141.89966201696888,-505.7699249176266,17.69173090556461
141.89986740841482,-505.88053727544536,17.852407024549137
141.90093824089544,-505.9932689235362,17.837812489700006
141.9066860430766,-506.104412246242,18.00099573262866
141.913287492678,-506.2175131988368,17.978863257309524
141.91996578448015,-506.3293971305279,18.134508559768165
141.92451113123911,-506.4437130865654,18.126555350315037
141.92815279961326,-506.55525228720853,18.296379918639687
141.9315619396936,-506.66464980147475,18.26719029676064
141.93405475523406,-506.77632976937383,18.415778452659367
141.93386307471215,-506.8868778906782,18.410187075974143
141.93313722110074,-507.0003029582718,18.579802191772956
141.93272552278947,-507.1126902586064,18.55084994942319
141.93361628858088,-507.22630983055103,18.6996754848512
141.9368099896349,-507.3381510451278,18.68958432247723
141.9445273006598,-507.4519037354015,18.85442826205662
141.95303957636648,-507.56442090477515,18.821482463866648
141.9607684481995,-507.68017517022656,18.966314443454454
141.9653542730806,-507.7949305720071,18.95651891103272
141.96842315683966,-507.9117119020059,19.116327358888466
141.971557450472,-508.02764641651066,19.084388006874175
141.9758922494584,-508.1456204992658,19.230226432637664
141.98122683237452,-508.26068730871634,19.21364972788349
141.98668550245287,-508.3765743799937,19.37485080090709
141.99168068887806,-508.4922057764005,19.33616265148034
141.99692280258796,-508.60655039130654,19.47525227983137
142.00255041391534,-508.7216407487226,19.456923323255758
142.00858753207183,-508.83278652511297,19.616372144457923
142.01462069035807,-508.94582931203405,19.57446099153991
142.0181014739747,-509.053547781425,19.710327616399677
142.0185565004015,-509.16211828018976,19.704975486003054
142.01428968168113,-509.2680866266246,19.865388611563674
142.00913917757538,-509.37629410388865,19.837464402594975
142.00347452133983,-509.4821820120863,19.987317971404053
142.0010747097892,-509.5811862673318,19.96666081564265
142.00182777560653,-509.67962439813465,20.12378143765903
142.00402381773912,-509.7757297395219,20.090187843818246
142.0056541114245,-509.87263102483735,20.23437202775524
141.99892940235463,-509.9666760139918,20.22014017484887
141.99062933304052,-510.0630788818461,20.383686099720276
141.98090023710776,-510.15571470687524,20.347510940421568
141.97143437188237,-510.2468609693834,20.48911355890064
141.9621557784372,-510.332727683654,20.477807480179912
141.95304660156594,-510.4185377172296,20.634627436063404
141.9420457496361,-510.5031160052997,20.601374597173226
141.93000168592195,-510.5866539419497,20.745899536060826
141.91750782875715,-510.67429082432756,20.716220871988213
141.9038697033152,-510.76232066019065,20.864319985693374
141.89142868866855,-510.8509868846407,20.828201967938632
141.87899336838927,-510.93647135606034,20.96986172796167
141.86509337820522,-511.0227330310583,20.94382351104667
141.85109814278948,-511.11464686961625,21.095563071909453
141.83728290167554,-511.206383921849,21.045841525153858
141.82246636507338,-511.29678091207387,21.17389775617604
141.80642829344967,-511.3894802438139,21.140168249906456
141.78872956739585,-511.4809127644723,21.28085013478976
141.7701290923377,-511.5742386603982,21.22008657636646
141.75161280756836,-511.66661592974674,21.337100795720932
141.73419803690686,-511.7625758859491,21.29466281378586
141.7164299124719,-511.8582965045895,21.42868843775672
141.69596737505196,-511.9540087846969,21.36363966392308
141.67525697778947,-512.0491777113361,21.47636866786722
141.6552022230973,-512.1479688981029,21.412390107841638
141.63761715343037,-512.2489470622389,21.526189325593837
141.62036545287043,-512.3540109324033,21.444509323252458
141.60342578365095,-512.4579888131755,21.540607098688852
141.58473610710627,-512.5641284773204,21.470960997638713
141.56554979338514,-512.6687802895833,21.57909267436635
141.55146857980168,-512.7783697056952,21.48872050740836
141.5361428746167,-512.886979148659,21.576126118228146
141.51873290336292,-512.9985234849154,21.4763034037435
141.50156435404213,-513.1098879470479,21.55425846703663
141.4855095973649,-513.2247188064499,21.45241819530441
141.47196104464473,-513.3390186841943,21.528355701349977
141.45910642324353,-513.4519956562348,21.412313461165006
141.4449289649438,-513.5661394857543,21.47404899875781
141.43027790756025,-513.678893307861,21.352913345041518
141.41409605650935,-513.7919859630151,21.409555469103005
141.39578485527323,-513.9031272892387,21.280994128499987
141.3789508766399,-514.0161554508144,21.330210565674747
141.36347487022326,-514.1295908011625,21.182765447987794
141.3472567836745,-514.2461716198379,21.213098108078626
141.32947649388586,-514.3609039383132,21.06774580442013
141.30999397201506,-514.4774925859967,21.100171278539413
141.2933245329278,-514.5919747943105,20.942539207870894
141.27745478686427,-514.7078546344543,20.962684914980148
141.26156001579392,-514.8244139321265,20.802481380256324
141.2454756320219,-514.9437180557375,20.820055623310278
141.2324585258343,-515.0598263747783,20.642047481182466
141.22024000734046,-515.1779108812563,20.641817116832428
141.20917631420397,-515.2951218677964,20.476899885318023
141.19767960310799,-515.4139382607625,20.485448036589904
141.18708113053347,-515.5334339018694,20.293491687370665
141.17845748393987,-515.651774787931,20.2793131159292
141.171172783294,-515.7736967637151,20.113113719118417
141.16343814313575,-515.8996871782325,20.11920459105953
141.15366840773507,-516.0242887501569,19.93003315841516
141.14198615618938,-516.1476599978729,19.918639503548565
141.13132132676998,-516.2741167896687,19.75445435684182
141.12347743712758,-516.3985726381305,19.758262411998356
141.11836262631553,-516.5251249258584,19.57684866059872
141.1146894863566,-516.6494770911253,19.573212686976866
141.11135692078108,-516.7767068899939,19.404465901526077
141.10526342212597,-516.9035222806656,19.413496893853072
141.09788128883582,-517.0306698596972,19.235094658104703
141.08993575229212,-517.1552559997214,19.234470200134115
141.079935427173,-517.2783775157302,19.067010808056335
141.07459792674052,-517.400855934264,19.077329193756338
141.07478979125148,-517.5202353735724,18.91673617885189
141.0773185777892,-517.6411531761212,18.933920941725223
141.07904500599042,-517.7602500425706,18.765075988246558
141.07935440887877,-517.8760604552552,18.774008812545667
141.0801973396413,-517.9887469402065,18.624857033895562
141.08195632096334,-518.1030637651584,18.653483033023235
141.0830521624407,-518.2152612632666,18.482443967345205
141.0831784573148,-518.3262587538107,18.489182679444955
141.08310904667448,-518.4376562785322,18.34949142795413
141.08628859321593,-518.5455032675153,18.387016001865955
141.09007271097627,-518.6537338810629,18.226026995876996
141.09310259108332,-518.7609126063529,18.242815767665814
141.09593853203157,-518.869803745454,18.117040048527375
141.0991060184323,-518.9758513600057,18.15657857466205
141.1022947652281,-519.0798220369072,18.012972156153864
141.105853079704,-519.1853457433182,18.047143515423453
141.11066670057673,-519.2900881629178,17.923208863806806
141.11607536678753,-519.3974513218541,17.97705198996794
141.12152611881316,-519.5017654637307,17.846294669207545
141.12690776619516,-519.6078422232886,17.89331512622493
141.130554609219,-519.709897081358,17.793282519383006
141.13380262515932,-519.813962778926,17.86741085158163
141.13774601501177,-519.9169505989172,17.752127630645415
141.1413617292132,-520.018258127731,17.81462218748697
141.1444498181269,-520.1208270023438,17.73410613417765
141.14779912916296,-520.2221893887887,17.824579705705993
141.15074238331096,-520.3261355458817,17.735346457973872
141.15191812202235,-520.4278916673145,17.823890988019528
141.1527236360292,-520.5320292501106,17.750435453967786
141.1538543155626,-520.633114057335,17.85475769769382
141.1542126140924,-520.7368279921867,17.78735319924876
141.15441134062016,-520.8391820432682,17.897726478581475
141.1529308819702,-520.943257304425,17.84316618422662
141.15113564169664,-521.0461966261046,17.96638366764954
141.14930297740446,-521.1508918450916,17.91649860865912
141.14666755953405,-521.25444924487,18.044391327446476
141.1439090724466,-521.3597533755654,18.01455024615414
141.13952075888767,-521.4639091936965,18.16248694263958
141.1340475582717,-521.5702117999015,18.120700553289414
141.12802455465305,-521.6762514599884,18.256691941717026
141.12197725092983,-521.7849970779083,18.246735479276843
141.11642175994976,-521.8947835052732,18.411097514486826
141.1110436429456,-522.006665576449,18.381639030137734
141.10495615617842,-522.1169648980415,18.52995832356642
141.09922403971487,-522.2296456349212,18.545904368791685
141.08994674296844,-522.3371058621562,18.719309517536384
141.07926924283026,-522.4450318864526,18.71426101562573
141.06846355979349,-522.5511072333713,18.88699029149285
141.05737525433574,-522.6583420398806,18.882707778843447
141.0463881247381,-522.7638729543932,19.05620304397182
141.03434549171115,-522.8714199841667,19.046351965715218
141.01979725322363,-522.9774317903466,19.214278665236396
141.00289969081362,-523.0842563838978,19.210738628001284
140.97878591784004,-523.1868584740371,19.38497636854395
140.9535718541916,-523.2914235004343,19.369583373706707
140.92685188798006,-523.3948939670411,19.531968156647242
140.90103386966427,-523.497491719498,19.525308069314637
140.87576343052143,-523.6027224277566,19.69642575975981
140.85096190901433,-523.7069831126581,19.67469788836639
140.8266069037847,-523.8142443075919,19.830747794750746
140.8026875841072,-523.9209890008708,19.82092625640403
140.77837247630885,-524.0307878026255,19.98888249583509
140.75555780353056,-524.1400465097836,19.97120764670211
140.73583347088024,-524.2484628519651,20.13131057534691
140.71823973009765,-524.3606639109514,20.117365656216137
140.7009116631131,-524.4724350537929,20.281198514863142
140.68388317450746,-524.5825305793741,20.258799497285427
140.66756745119332,-524.6962202895837,20.414178257485485
140.6516263267802,-524.8090119163962,20.396660107036528
140.63639928480558,-524.9255148900589,20.55691973436535
140.62276362169342,-525.042740535244,20.52869944561491
140.61169527489582,-525.1639386166688,20.67825693464225
140.59924269673778,-525.2909310348501,20.657935335966823
140.5858690423081,-525.4180957615464,20.815391515069173
140.5708569312649,-525.5438952738327,20.776247134308733
140.55490930114493,-525.6714903723956,20.914880531326066
140.5390013779491,-525.796401457923,20.8965601924842
140.52045119771242,-525.9236747831827,21.045290532060537
140.49958127974207,-526.0534682246517,21.003267436096237
140.47648911972502,-526.182328627084,21.13902211790972
140.4504044886855,-526.308351962652,21.106965922965554
140.42409234486075,-526.4362822196301,21.252687505799162
140.39893024896887,-526.5635921861244,21.204596645254405
140.37230091247181,-526.6940536861097,21.334283562487425
140.34657996730616,-526.8236989292376,21.293985945178893
140.32140650940465,-526.9513370775364,21.431466105648134
140.29711123813507,-527.0810251754269,21.375717123782994
140.2745691369388,-527.208869921399,21.497745919695628
140.25311071297418,-527.338794427267,21.458529995439086
140.22970843315227,-527.4701528476972,21.57384013181872
140.20501643680527,-527.605424953505,21.5093014439218
140.18041767221243,-527.7383274819947,21.622540533802656
140.1553660697335,-527.8743610368376,21.55185125415991
140.12852507802373,-528.0094967641713,21.658939752294938
140.09718883590543,-528.1504829956588,21.56228105440857
140.06498854803777,-528.2926804126848,21.643400134299984
140.03184141066993,-528.4394123702209,21.552634243756383
139.99897632935574,-528.5849643813517,21.63964613099056
139.9670457404087,-528.732476996821,21.52571319212516
139.93452239608905,-528.8795122204046,21.589558031037537
139.90234305492518,-529.0286274646535,21.475991658047956
139.8715132872446,-529.1764468517839,21.54020306283615
139.84139190206764,-529.325353636207,21.40456222629842
139.8106068086473,-529.47236011471,21.446699167538466
139.7780716949069,-529.6211624398904,21.31441703413308
139.74441729872018,-529.7698449680037,21.359912678505474
139.7106070196788,-529.9194271629705,21.207335481550096
139.67683397692397,-530.066242344535,21.232536062372496
139.64108293136786,-530.2104160852813,21.088351581884886
139.60462341123275,-530.3562777335511,21.121944879175054
139.56771939824597,-530.5008131532169,20.95552047557953
139.52878556598466,-530.6477032678599,20.966873849761782
139.49205460659394,-530.7958409954235,20.809166159021892
139.46121817319982,-530.9480271756681,20.829236246059786
139.43651831872435,-531.1000870652188,20.650331569639064
139.414220177963,-531.2546346226458,20.649204670996124
139.3955941757241,-531.4046159261648,20.490055867235903
139.37632483766603,-531.5562264670298,20.50868484125346
139.35226932969653,-531.7092830610052,20.310004004033562
139.3222564883025,-531.8671756162661,20.28910094459144
139.2857261406345,-532.027884002998,20.12112174529251
139.24594605665632,-532.1944130367463,20.130169815609076
139.21183467549935,-532.3523671203068,19.94281738036141
139.18345239677197,-532.5010353113079,19.933242722891524
139.15990670871685,-532.6479523761918,19.77639693469073
139.1393076552485,-532.7940670620405,19.781287939096075
139.1232886707913,-532.9536747521058,19.588775911881125
139.1104668590264,-533.1182159558668,19.574041662443957
139.09846683645617,-533.2814037208024,19.40377158958386
139.08515917204585,-533.4507714608715,19.409775449936415
139.07095791049468,-533.6169184103308,19.231513652647966
139.05924390301297,-533.7818680006092,19.231029633137293
139.05353616778487,-533.9442321693228,19.068111521916055
139.05198730813075,-534.1037700744354,19.079884492411235
139.0537580295954,-534.2651492988438,18.888973792516698
139.05657815035633,-534.4262407270309,18.875840870399937
139.057514709259,-534.5853924067728,18.6990555154656
139.05600612473006,-534.7420650907138,18.70004793830904
139.04745396693923,-534.8812724084341,18.547673770197587
139.03843605851793,-535.0180450377251,18.5662951607239
139.0310976991125,-535.1503375186024,18.381724251460742
139.02132317284403,-535.2816622545133,18.37493111997537
138.99928398424325,-535.4117452674092,18.209762446769908
138.9722288649694,-535.5444054217409,18.222371551342224
138.94085756570175,-535.6769227266092,18.050251188382486
138.905780311136,-535.8162983265823,18.05590860320053
138.8753922975756,-535.9542437992656,17.85312708862897
138.85007387285353,-536.0925706886572,17.82812335183519
138.8269507834952,-536.2269585456303,17.66573132020147
138.80788273403604,-536.3567717465983,17.673617756053016
138.79236266037125,-536.4846433397292,17.48241135097682
138.77695157846858,-536.612526659746,17.4689827236784
138.76096014141652,-536.7373650956997,17.31697481239439
138.74508006710596,-536.864905297085,17.321083334071826
138.73150322640055,-536.9956750575814,17.13885900950406
138.71858012526175,-537.1252308933063,17.134412462714074
138.7104906783636,-537.2610640388575,16.97222486018717
138.7038936788917,-537.3982670194152,16.987815035438043
138.6956356595642,-537.5429730801396,16.80197905904261
138.68264199476266,-537.6912177151448,16.79392086042495
138.66724155521018,-537.8396990301973,16.639586818858294
138.6552783447367,-537.986288391445,16.656198643744947
138.64417272351687,-538.1252625354608,16.494113597762297
138.634217900094,-538.2574606704263,16.50980632955742
138.62422414927474,-538.3831487856625,16.362845055745165
138.61477541298788,-538.5083748882025,16.393661559710687
138.60228295052357,-538.631727594745,16.244563032994204
138.57990696895658,-538.7590934947061,16.273242284055502
138.54518807530692,-538.893402607218,16.13968491063048
138.5031521568393,-539.0289999659734,16.18390531498323
138.4594293442485,-539.163746033764,16.064188145605666
138.41270209950102,-539.2947681215087,16.12224875400588
138.3631620891364,-539.4184388768851,16.03615695337453
138.31170898357354,-539.5319204928226,16.127842930520952
138.25978370313902,-539.6447885423345,16.042615178643892
138.20891314727413,-539.7538806440792,16.13516520454461
138.1639085842288,-539.8653415797125,16.06160815296824
138.12400439575515,-539.9756910599278,16.16582887916965
138.08651091954303,-540.0799163897854,16.10109978947472
138.0496221596671,-540.1781581293245,16.21414847755757
138.01337898319886,-540.2780726016153,16.16898271995256
137.97819104858863,-540.3760828368505,16.30159474012533
137.94535727964222,-540.4782223013291,16.275579872818412
137.923324424098,-540.5826007392727,16.427342783289273
137.9017099962909,-540.6832491452362,16.45478517364452
137.87637821478222,-540.7784436563634,16.640964509019685
137.84860812564804,-540.8730032888095,16.649104728927835
137.82074532736755,-540.9660910974136,16.835022726613765
137.79654736927776,-541.0659215146378,16.852922951458602
137.77876875018563,-541.1738708654301,17.048600954081216
137.7830744059201,-541.3009167232802,17.05120943999781
137.79872056951615,-541.4340710081193,17.23159570369218
137.81928875591333,-541.5749141174163,17.236963449283003
137.84013815488646,-541.7148830007168,17.420108972651608
137.8603366049227,-541.8569530369224,17.412952579500526
137.88093893165993,-542.0006974187496,17.583573964127222
137.90626057842377,-542.1576460829373,17.610819594883637
137.93504240355006,-542.3166407781509,17.804788146693035
137.96369625616927,-542.4829638661267,17.80416352130905
137.98575343727205,-542.6557578154036,17.981316673702842
137.99631447082916,-542.8349315341067,18.016201056545434
137.9966198512888,-543.0116045138067,18.228863217165802
138.00226531349574,-543.1680664411059,18.266274546240496
138.0175278343674,-543.3143373660702,18.48146365309297
138.04189403334186,-543.4552613485234,18.53809964310461
138.0714322042181,-543.5969694680574,18.77251341089403
138.10322911548892,-543.7392758995296,18.806421362954914
138.13420421876722,-543.8786220796975,19.01810709279357
138.16251931453377,-544.0100699528199,19.07260299897643
138.18784459410261,-544.1306980170043,19.30487668293706
138.21180106201138,-544.2496669647105,19.341680107781677
138.2388408311556,-544.3662014196426,19.556261310404068
138.26570202827472,-544.484858263772,19.631914080765355
138.2896797072964,-544.6018431328465,19.864549385467008
138.31150766681918,-544.7172387109944,19.92444164013847
138.33506101812898,-544.8369899160675,20.162111672587706
138.36314357791088,-544.9612317849426,20.236039769145233
138.38680280520362,-545.0876430133318,20.48774564348054
138.4092408792104,-545.2126902650424,20.549056763678305
138.4278267143963,-545.3395440493929,20.788145661653843
138.44989865882872,-545.4686403308939,20.84401415505934
138.48057257967855,-545.6033108535993,21.07766042624262
138.52074931115976,-545.7459506882225,21.140167274457127
138.5684205356973,-545.8897948409148,21.380451900449415
138.62061044587486,-546.0365096292713,21.42133785765816
138.67296183668017,-546.1817119344375,21.64000159264468
138.72871119271957,-546.3261839768477,21.690349448548844
138.7913339287421,-546.4747699198813,21.91847508223079
138.8544407062934,-546.6261596429609,21.934601141835696
138.9175681068697,-546.7843196904325,22.128504979218384
138.9810338201317,-546.9464981932185,22.185295563518007
139.04571968356444,-547.1126689594722,22.386670145756213
139.11014026697364,-547.2768641941883,22.425122952552915
139.1711258127474,-547.4366917681476,22.641353537127394
139.22398277878753,-547.5939540400148,22.687877985720764
139.27158584091947,-547.7456008547081,22.91218021209191
139.317050434275,-547.894549156602,22.952847466649054
139.36185139299198,-548.0375629356425,23.171292498983977
139.4071144555906,-548.1816225030327,23.21859790678218
139.4551150865197,-548.3246619364677,23.443681092358155
139.50421255547502,-548.4713670045027,23.483463259816492
139.5454337835882,-548.6146707273791,23.701023205052607
139.59271217273317,-548.7578854171651,23.739460778229454
139.64628425699442,-548.9061779136338,23.955676129184077
139.7040509439694,-549.0574729226004,23.982009842546613
139.7634794252724,-549.2096735717167,24.18612133368693
139.82362706037358,-549.3653858285201,24.22664279928346
139.8822417598685,-549.5187662769863,24.44494204265777
139.93848246318268,-549.6666331751846,24.483481833500218
139.99221649948026,-549.8102365896663,24.699799402120448
140.04139787385827,-549.9493076143984,24.730248024350853
140.08650346963898,-550.0889413732734,24.938474424359043
140.13056307456029,-550.2321968877397,24.984199348794206
140.1733761891508,-550.3737304526742,25.207702051007153
140.21286533026765,-550.5116782614452,25.250215521832484
140.24085427557165,-550.6450714390368,25.47050677043559
140.2661451167132,-550.7756565429777,25.511019355352065
140.29341308950382,-550.9056325995991,25.72930971804632
140.32192067745567,-551.0373236317292,25.753291751437274
140.3502707471889,-551.1674847198374,25.95505156260601
140.37818611228664,-551.2989357503325,26.00293870994811
140.4006859623759,-551.4248534657602,26.224744831849286
140.4205507115955,-551.5445972439994,26.254609360361286
140.43426369754118,-551.6623934343993,26.462251666651067
140.44531752392086,-551.7777158947457,26.502532252855982
140.45527164174547,-551.8925408007565,26.720590616838678
140.46486424818335,-552.0103104639035,26.74906633765829
140.4849325686079,-552.1274030210463,26.955319836255686
140.50681061571703,-552.2426948406201,26.98824320451197
140.52668434260423,-552.3610730290238,27.19894435054604
140.54587455688684,-552.4775653347363,27.227297096151876
140.56712091893434,-552.5979276844515,27.43342761953549
140.5917652289412,-552.7198091117713,27.471660848589618
140.62865507613097,-552.849852040979,27.687671855421524
140.66746937515285,-552.9796777711267,27.704836269900916
140.71063742784392,-553.1084314288559,27.899778462158093
140.75200717451946,-553.2394061756357,27.936120422044407
140.7932520013725,-553.3681446104939,28.1502401597085
140.83635102894584,-553.4976430585607,28.17001805702253
140.88085059938214,-553.6254517535635,28.367573732114337
140.9241760622782,-553.7537323298468,28.40095374478807
140.96500607486055,-553.881511291968,28.612111535239574
141.01009852609013,-554.0087735193508,28.645117239394533
141.05704659463166,-554.1379802258857,28.85590072132727
141.10205363632744,-554.2665559995356,28.883220064025725
141.14603237250552,-554.3931769533834,29.088317184501953
141.18671419444325,-554.5247403341493,29.122551114628894
141.2278024920654,-554.6525535211058,29.33456282253361
141.2683877179249,-554.7777988817525,29.375057998019376
141.30007645066408,-554.8968276320081,29.593330951282923
141.32213786724694,-555.0080046512929,29.665269782028684
141.33579650267376,-555.1170221401094,29.9021142182946
141.34182565905442,-555.2211896963245,29.952065634971003
141.3454218382907,-555.3255351052198,30.179794829425184
141.35546694310446,-555.4310613943915,30.214228320154888
141.36789096932085,-555.5361408190611,30.42643958866237
141.3810247492227,-555.6412755190129,30.470938995465
141.4064425772141,-555.7565633582885,30.69321618004541
141.4364214946031,-555.8722421761591,30.7310079930765
141.46770759637988,-555.9855344243391,30.94657758388537
141.49881017714227,-556.0993674243845,30.99761186985754
141.5294337058865,-556.2116896165802,31.22642393360749
141.56281477848495,-556.330064176028,31.2723210169131
141.59709394015508,-556.4459176596364,31.495995877996492
141.63106519378468,-556.5638859007544,31.54207459099087
141.6620259413101,-556.6777335450561,31.765931081763025
141.686602034761,-556.7880801257203,31.811803947776802
141.70873033740125,-556.8969766756206,32.03545459156835
141.73087570157514,-557.0103491351031,32.08109070638237
141.7547646328764,-557.1246417015226,32.30450459897416
141.77989452391353,-557.2379016839404,32.345708587370126
141.8065596484475,-557.3536110075858,32.564690353543874
141.8282210267986,-557.4657076668736,32.596816085213625
141.84775224964324,-557.5750786408023,32.80671959466116
141.86740099732836,-557.6882529793634,32.850543795065065
141.88802580112562,-557.8022175113691,33.072145773246746
141.90814181893572,-557.9193948087197,33.101771975751944
141.9266379850729,-558.0339108042436,33.30917595603492
141.94290267984593,-558.1484845341325,33.354893222825325
141.95561331579827,-558.2589834289583,33.57351836490731
141.96702169983075,-558.3709535947116,33.591950492769946
141.97759671423964,-558.4820344389598,33.788160398410355
141.98538887674115,-558.596033158011,33.82212552757345
141.99169053588335,-558.7089941369073,34.03386843451431
141.99965958186812,-558.8256361227395,34.056340073314665
142.00825943434518,-558.9421749572715,34.2565894898928
142.01604180577434,-559.0613023870079,34.286916595548696
142.0239606650447,-559.1880248345622,34.495021478982366
142.03220486477372,-559.3169208997593,34.507044833313095
142.04080932619829,-559.4495047222246,34.696845965421595
142.04895102095506,-559.580940459557,34.71927650458751
142.05606303605282,-559.7145439382655,34.919484821531206
142.0632786332263,-559.8483181602185,34.92588979566168
142.0708229916551,-559.984081741886,35.11007254756994
142.07627247145953,-560.1183123356683,35.12993938429614
142.0783490273819,-560.2558223856508,35.327583998800115
142.07766635417693,-560.3928504061626,35.327493613473386
142.0747970998321,-560.532919400044,35.505181005924435
142.06988689198775,-560.6766907184641,35.52347840559102
142.06587210528838,-560.8183381985967,35.71955358303539
142.06332550200662,-560.9571374802432,35.71701149304288
142.0631638648773,-561.0960206435203,35.89224718082816
142.06512596426208,-561.2345844670234,35.90815269022708
142.07159334998062,-561.3790657370821,36.09993195735275
142.0805142568135,-561.527178762833,36.09285767683254
142.0947305483054,-561.680635198912,36.26356117409011
142.10980372947233,-561.832977825521,36.28037276608709
142.12442324777544,-561.9843319284355,36.471595184046066
142.13504455591215,-562.1321072904806,36.465151999248114
142.14471516341095,-562.2821514325361,36.636486592227946
142.15652387103108,-562.4376478139068,36.65305298685081
142.17188114150045,-562.5957084723832,36.84455329516712
142.18896171002632,-562.7516251235824,36.832624679075295
142.20244623674444,-562.9062946031758,36.99847384076126
142.2137859973877,-563.0627815714049,37.01608656862828
142.22330352822019,-563.2161780004797,37.20170058815676
142.23191058598533,-563.3655462391766,37.196913143802256
142.2381580265377,-563.5158422692923,37.36990347722553
142.24055580227073,-563.6641863141522,37.38459336601248
142.24091754334063,-563.8151164022119,37.57706103257722
142.2425113771604,-563.9631886932146,37.55839945491496
142.2377529616714,-564.1062972855561,37.71751565503048
142.22973666045206,-564.2463778159633,37.7385322282329
142.21995079170395,-564.3856702553288,37.915591667492386
142.20830574180567,-564.5191386951261,37.91580252522052
142.19768825194257,-564.6495441171995,38.09379116072643
142.18824861172007,-564.779292058614,38.09294892937529
142.1746579051978,-564.9051876442855,38.269884475801916
142.1563218310194,-565.0256564660345,38.27070578985173
142.1348316852537,-565.1453728228674,38.44930488167933
142.11917991835472,-565.2683222763088,38.45716813316361
142.10532909680276,-565.3885324012896,38.64280916242567
142.0895696760045,-565.5066556721341,38.632824529262
142.06872111378613,-565.6169500411883,38.80061767387612
142.0471512361686,-565.7283766655245,38.820727665535685
142.02451186706404,-565.8372165622599,39.008211897210394
142.00280191513374,-565.947847168277,39.011175812423495
141.98282038817692,-566.0609478364206,39.191917505414374
141.96305628348705,-566.1784290852647,39.19265203113582
141.9432060860728,-566.2959351613764,39.371164334635054
141.92279965069915,-566.4164505609704,39.369258924002594
141.9009277481478,-566.5354449395776,39.54513129114792
141.87784181921944,-566.6528516383806,39.551384386161004
141.8523756404493,-566.7721287948399,39.73541525895186
141.8272062640311,-566.8921316566051,39.73195200312222
141.80286487921458,-567.0156573965087,39.90626652507035
141.77985839241356,-567.1393593459613,39.90958828908468
141.75785675525012,-567.2660145540427,40.090687830876796
141.7363690001872,-567.393505317557,40.085850216845735
141.71446651406086,-567.5236166568546,40.25879038059245
141.69279258374672,-567.6524016389278,40.2636697505684
141.67393839382618,-567.7862239631444,40.44632689832211
141.65550563379654,-567.9191505049563,40.44536026420123
141.6370086478877,-568.0534544905817,40.62217140785812
141.6187618850471,-568.1873523082851,40.61702348949142
141.6004140096694,-568.3196734567747,40.7896533489025
141.5827175260119,-568.4548835928653,40.78548350823662
141.56663500402155,-568.5895680934293,40.95909144534851
141.5519271146774,-568.7273163984355,40.95898360551059
141.53811399739982,-568.8637183773258,41.13665354345045
141.5242656210924,-569.0017689295152,41.12630156934083
141.5114284809976,-569.1428613662889,41.293727373009
141.49897616080446,-569.2825555319898,41.30015590662953
141.48595657092326,-569.4212117264528,41.478707035192926
141.47300869460503,-569.5619549941249,41.463125978376624
141.461080641907,-569.7007051055206,41.6253226993381
141.4491155306825,-569.8409410285213,41.63297708224843
141.43566873377898,-569.9794796473825,41.81060895939451
141.42211684307344,-570.115708478392,41.796069720851186
141.41038111605306,-570.2525760973457,41.959308260085635
141.40040752988733,-570.3880338010853,41.961081471175476
141.38928555178467,-570.52432123444,42.1406324600431
141.37398185231655,-570.65760785911,42.11874773932646
141.3551830167455,-570.7879898011589,42.274640796387594
141.33554184850428,-570.9214315968412,42.27486795394053
141.31642222145507,-571.0544053021559,42.45198650871387
141.2997339373401,-571.1933462078105,42.438969124415195
141.28171415518605,-571.3331436162081,42.60372951789429
141.2612185769926,-571.4766192064573,42.593907027506866
141.23969799892558,-571.620018335793,42.761862314897215
141.2211549357719,-571.7652204964401,42.75452952252149
141.20429243249907,-571.9083074992868,42.92497450792353
141.18800586347118,-572.048527566533,42.904009035578994
141.17165544582957,-572.1900377834804,43.06082134101223
141.15634613107167,-572.3306112183938,43.060946772632335
141.1431072138115,-572.4736753636038,43.23818061679622
141.13334710731863,-572.6143834052524,43.2095211045216
141.12770868449374,-572.7560661562629,43.35863937002476
141.1200983448604,-572.8959288055761,43.34727671356563
141.10932541336237,-573.0360676102039,43.51369183488427
141.0956074007394,-573.175086338451,43.483665808500916
141.0814954725154,-573.3182185628425,43.63141755989535
141.06832857526146,-573.4589093837159,43.631940686092776
141.05512550229585,-573.6013776544333,43.7993229208468
141.0400496378923,-573.7439849774916,43.77759816590335
141.02357984971712,-573.88213502909,43.93365118873768
141.00542106933054,-574.0162003812183,43.919599629525436
140.9863614153783,-574.1538567528887,44.08332584809097
140.96821399068025,-574.2910913267374,44.055877200383364
140.95133021965094,-574.4305564270824,44.20620633045353
140.93534997076563,-574.567255684633,44.189710649707344
140.91977770095988,-574.7022771619617,44.35099274673893
140.90368716591846,-574.8376721111239,44.32678414788091
140.88895382099486,-574.9699876931538,44.48035332680066
140.87470145500043,-575.1032526912571,44.45971554624716
140.86156931844155,-575.2390789148244,44.61685554347144
140.84967110704528,-575.3738945216381,44.5832399910617
140.8365444552436,-575.5061817386932,44.727402216429745
140.82171436107535,-575.6407574151539,44.703324316568185
140.8092202731064,-575.7738768183194,44.8570241944844
140.7973710800729,-575.9048117130919,44.82726904395713
140.78664249899407,-576.0381248543491,44.975291671207636
140.77423551345927,-576.1767411913388,44.946838649212616
140.76166930193867,-576.3144467351266,45.09616340499538
140.75130507578476,-576.4508294192068,45.065726192886025
140.7427606490317,-576.5905029776163,45.21306675855446
140.73552481400597,-576.7300766869499,45.184369850796905
140.7286536069794,-576.8668276003801,45.33345072081713
140.72236371605263,-577.0057446083052,45.307913557016434
140.7162795445723,-577.1447582376833,45.460154170993505
140.7090892696423,-577.2860807752896,45.42112663070837
140.70219070237695,-577.4287209517845,45.559876868201016
140.6954485896012,-577.5738626624359,45.53374979904268
140.69006743332727,-577.7203062200338,45.68540050766213
140.68503500035405,-577.8716509497574,45.636623749004535
140.68014388442103,-578.0218234555277,45.76562476812472
140.67617192776711,-578.1743030630921,45.74341934645518
140.67202962635253,-578.3250754921522,45.895852335458436
140.66544639093925,-578.4768092776313,45.84423201458808
140.65846859696325,-578.6265773427787,45.9703894714955
140.65233246434457,-578.7797262291552,45.946159464778205
140.64727504455013,-578.9368682733938,46.08576876128003
140.64250529506876,-579.0938024845755,46.03262364746685
140.6374502494204,-579.2480542870312,46.15725631143144
140.63199759407675,-579.4038424709956,46.11493573671601
140.62695541011448,-579.5577222770899,46.25039293977836
140.62247769815593,-579.7132985614791,46.1896555763077
140.61735345250156,-579.8678210565936,46.30669599061481
140.61258522271288,-580.0242018072561,46.26068200995564
140.60795601092101,-580.1791390161299,46.39244580707424
140.60424177374065,-580.3350310763419,46.3235963481176
140.60076335618916,-580.4888969752986,46.43252466693874
140.5953264622797,-580.6389408825524,46.38340643894144
140.58710942003427,-580.7895353225624,46.50493154178282
140.57845321272248,-580.9380980815324,46.4292816696737
140.57024294956804,-581.088817167278,46.531409575342366
140.56141731009885,-581.2370044024925,46.46924541558455
140.55094967112805,-581.3864354935888,46.583859552198966
140.53989183867785,-581.5378478914548,46.49340601959152
140.5305176789266,-581.6870924632385,46.58073026476185
140.52161357509829,-581.8384582136737,46.515997809124364
140.51457278526456,-581.9880954424996,46.61887734773573
140.5075941272407,-582.1348481264158,46.53271431508729
140.49990581427073,-582.2836140854012,46.62432906021663
140.49136358187377,-582.4306669168726,46.533037326847825
140.4811276106744,-582.5761034825714,46.6195233712568
140.4706984699716,-582.7238256972923,46.51332523203774
140.4624341320359,-582.8745796592083,46.58490487059645
140.45472029190427,-583.0233870253272,46.487572924674346
140.44722625928196,-583.1696887008574,46.56801875653002
140.43947210329216,-583.3180840588847,46.44320983598248
140.43013175951404,-583.4647876416526,46.496178693212705
140.41896257417866,-583.608657529525,46.38320154390733
140.40717580450104,-583.7525420844572,46.44800217237974
140.39789892979041,-583.8935654369092,46.311237726777684
140.3896666385135,-584.0362775500747,46.35225105895341
140.38258345651036,-584.1777066208846,46.22830723804314
140.37418639050603,-584.3190863142162,46.28214119491066
140.36564597264018,-584.458445398636,46.12952902157191
140.35678768145613,-584.5988672542948,46.15469462601096
140.34758113352748,-584.7379134422544,46.020434940980046
140.33802520515383,-584.8785647286675,46.05978809512619
140.3277121961169,-585.0179455498092,45.89531087598278
140.31739444485365,-585.1593566395513,45.90861143461715
140.31009893094085,-585.2995714919595,45.7651627126093
140.30474540069602,-585.4426391523332,45.79323410866264
140.30067773961494,-585.5846515231303,45.625957459802194
140.29569310354643,-585.7291104378497,45.63645858871952
140.2897728539712,-585.8740503567886,45.47260637594654
140.28457279191076,-586.0217024421688,45.486531940951345
140.28041205712483,-586.1682059089562,45.306540567279235
140.27733969602184,-586.3178911582753,45.30432697138491
140.27452870545784,-586.4660839072213,45.13396815784293
140.27222063420075,-586.6165460814412,45.141387122078726
140.2696353060407,-586.7657329009047,44.96011140705593
140.26703129561167,-586.9155811035401,44.95661346981092
140.26446058354384,-587.0638392972613,44.78771024313304
140.26193309238653,-587.214346483778,44.79658479423294
140.25945019195223,-587.3674295888675,44.6136594140975
140.25742218869095,-587.5196702512882,44.60851181173983
140.2555140075773,-587.674663446865,44.436777761078524
140.25324626280235,-587.8284116902917,44.442821488194994
140.25011752433198,-587.9839909682706,44.273915397463
140.24850552918073,-588.1377237700955,44.282787084508776
140.2480411421799,-588.2935764101745,44.09986495030134
140.2478128814243,-588.4480471136901,44.09472059387168
140.2476350922929,-588.6000445132208,43.93238375338085
140.24705925937624,-588.7540610667166,43.947824690667794
140.24600134065957,-588.9058821044671,43.75745740618703
140.24403893962685,-589.059371473198,43.74486789948404
140.24233421850116,-589.2110115482142,43.59613938485854
140.24193905605733,-589.3601251056429,43.596531256989664
140.241811425438,-589.5108793000705,43.427920024129946
140.2409177830412,-589.6594068955773,43.43708656904801
140.23906053675861,-589.8104630010527,43.26839772925199
140.2366263172015,-589.9594675661327,43.27748666723374
140.23452198966768,-590.1097986470971,43.10371920418775
140.23292423541898,-590.2590765447535,43.107729518919534
140.2318629638877,-590.4106962978705,42.94488440666795
140.23010097142839,-590.5598102744797,42.95981707219414
140.2278132275651,-590.7101583636755,42.78412360682001
140.22463153688926,-590.8620638803425,42.786207919223656
140.2213163075628,-591.0121204484888,42.630246409610635
140.21843218710106,-591.1588535335172,42.643536120505395
140.2156753070144,-591.3071017180463,42.46500778149134
140.2125724172973,-591.4527249482953,42.46425722025506
140.20903378897455,-591.6000187684139,42.30633807854507
140.20545834008905,-591.7455518610645,42.32619671461285
140.20233704458624,-591.8917012264596,42.150090971513805
140.19811719374044,-592.0367148332067,42.15176300619254
140.19373764748255,-592.179438872484,41.99579870022331
140.18692267124456,-592.3247613674862,42.01761217203185
140.18177264422815,-592.4732123003713,41.84399139287106
140.17702885188473,-592.6201776186764,41.84814839148804
140.1724337737448,-592.7690223073162,41.6992387263888
140.16505734622356,-592.91694552334,41.71393368016794
140.15722955801746,-593.0625806479907,41.54321006588491
140.14983349288443,-593.2099535659271,41.55026422937966
140.1450947386257,-593.359844738799,41.40324159964116
140.14218861993572,-593.508925554866,41.433996747680446
140.14051169315863,-593.6565435946324,41.26618517990259
140.14198089883385,-593.8048078447953,41.27615138990251
140.14405843562992,-593.951092689924,41.135152529680376
140.14335164701572,-594.0983482695821,41.16663834904324
140.144563823202,-594.2453428056797,41.009202953765325
140.14614255250927,-594.3901945441072,41.02954533626519
140.14818280606835,-594.5337860538322,40.8941016583209
140.14987568087165,-594.6793499941225,40.93643575815439
140.15106433681547,-594.8275048444864,40.79294742278755
140.15295657699173,-594.9728423412154,40.82723686519849
140.15783906659865,-595.1098160117083,40.70269727491054
140.16325016623952,-595.246207069196,40.755935462400366
140.16827936335892,-595.3805418201538,40.61975209435634
140.17069487583728,-595.514773437792,40.6613465040901
140.17255329743213,-595.6446184679822,40.54913097305851
140.1730418699654,-595.7743688291423,40.6146932198047
140.17324952409922,-595.9026638069154,40.48655538460347
140.1733980412499,-596.0359772905493,40.53619532718001
140.17353261876002,-596.1683984613661,40.44768499225993
140.1748944943508,-596.299575624079,40.52277572739158
140.17648246066042,-596.432905021079,40.41948267202016
140.1776823940374,-596.5614939579569,40.49396739442652
140.17796632177536,-596.6903442045972,40.39461164236598
140.1768292325244,-596.8153661763488,40.473033668083225
140.17624544514496,-596.9417004028577,40.39079786115924
140.17742506533813,-597.0660914379855,40.48633983201303
140.1797619235586,-597.1913629401153,40.40393342060095
140.18188632740097,-597.3138004520595,40.499304786966654
140.1839380266242,-597.4381964991302,40.433033416196636
140.18512467186795,-597.5603955094456,40.54453982320439
140.18488765180567,-597.6850945042632,40.475923761928925
140.18313726963422,-597.8077004436105,40.58508547843124
140.18110910936514,-597.9328195985042,40.53976886639528
140.17905423842257,-598.0570725907486,40.6722300321371
140.1766125835098,-598.1828323079068,40.61174862207415
140.17289451978402,-598.3097341207371,40.72904498978898
140.16897405342417,-598.4350595269193,40.70733257304551
140.16589197539236,-598.5629628015506,40.84690388979922
140.1642534090249,-598.6899714699659,40.812127864145026
140.16416062682302,-598.8154055382984,40.9551296162686
140.16643165435673,-598.9442358465312,40.93757794163966
140.16832181144596,-599.071093593916,41.0978040447885
140.168053801101,-599.1973899633906,41.07291277233092
140.16818108008303,-599.3225973978061,41.225799277651134
140.16838560674046,-599.4517103172537,41.220467460510456
140.16860267410945,-599.5797680610756,41.392913421147554
140.16881916244034,-599.7116992818602,41.38002115464773
140.16944312268515,-599.8425288428973,41.54490666592568
140.17219481432258,-599.9720969404502,41.545283353144
140.17697558373527,-600.1042455545854,41.7234378181401
140.18127284220466,-600.2350308250806,41.70830631336674
140.18417850414275,-600.367950036334,41.87095258637116
140.18676452180478,-600.499405629179,41.86399614363282
140.18842849836042,-600.6291077965775,42.03481747867225
140.1890630679171,-600.7608812925058,42.01342547673867
140.18989339775138,-600.891194942198,42.16981125258287
140.19116173717245,-601.0240406062919,42.16995003995944
140.1916783065724,-601.15550331271,42.34716874759932
140.19244784187003,-601.2890864024351,42.32369687894079
140.19366769251187,-601.4216026093233,42.47800278806003
140.19413892390227,-601.5562874313683,42.475328268836
140.19445372948485,-601.6903100145312,42.65043152738975
140.19555410600427,-601.826150050957,42.6293571676955
140.19761728024497,-601.9608322975175,42.78606058577904
140.19737789332962,-602.0976341719315,42.780668889728815
140.1962707321303,-602.2337321230358,42.95305497145637
140.1954164290335,-602.366525229729,42.93553012327625
140.19544795875677,-602.5014460878003,43.09578305287391
140.19360109551022,-602.6328256217214,43.07556146599656
140.1914048201692,-602.7658950485521,43.23311765689698
140.1867041205475,-602.8978187998945,43.21783219609872
140.1844458349087,-603.0339518338977,43.380324513078236
140.18352948324,-603.1702190546163,43.369312153834784
140.18330699536685,-603.3100702010944,43.53607757236911
140.18322644452476,-603.4474206941967,43.51458183136354
140.18235231558978,-603.5814980718329,43.670863868135754
140.18174256975885,-603.719328614783,43.6617193375717
140.1836601502672,-603.8567690897405,43.83035258478541
140.1860559237873,-603.996443508789,43.811910460165414
140.19139148490856,-604.135396013807,43.971246113323204
140.19682667556964,-604.2742759226143,43.95347423974438
140.20097249164934,-604.4162523534762,44.11348014394334
140.2031570256507,-604.5610955350659,44.08507736362897
140.20738401208615,-604.7052698526628,44.23445236109237
140.21278248297915,-604.851937251611,44.234545586189405
140.21792602806647,-604.9970173304888,44.39724846441277
140.21965832424036,-605.1431636953419,44.37095960242629
140.22068373353036,-605.287444791312,44.52244851821759
140.22114251517814,-605.4335675023628,44.498997880320786
140.22148144640295,-605.5783892356505,44.65332502020176
140.22220225385462,-605.7259773087343,44.63746875055888
140.22298918506792,-605.8720196194046,44.79939025869377
140.22172303801185,-606.0144472869515,44.774456993918676
140.21924294939333,-606.158393054602,44.92730150692135
140.2145002337227,-606.3014147691333,44.90278456996277
140.20937244459785,-606.448530475323,45.056045410781955
140.2062956804497,-606.6002784453564,45.040927568964655
140.20367287972036,-606.7512035636958,45.20358750492513
140.2007675070629,-606.8989980655688,45.177817355281036
140.1978469408754,-607.0487418112331,45.32982498341472
140.1953755395899,-607.1955172723839,45.30625651597432
140.19385045343637,-607.341657825629,45.460465826311705
140.19253632042347,-607.4894507316468,45.440042652373776
140.1912830679304,-607.6354721646669,45.59739725621363
140.1880047044657,-607.7849665538179,45.5729393718618
140.1847803888648,-607.9338489473271,45.726259265287744
140.18407851754742,-608.0855777254446,45.70637405273833
140.18430178392327,-608.2353071934175,45.864266617966706
140.18388379138264,-608.3871846469277,45.83919904404121
140.1825221585082,-608.5385601070957,45.9919092478935
140.18345694079008,-608.6931773842729,45.968014572416465
140.18607148919966,-608.845015579132,46.12189767471721
140.19021680614628,-608.9988140365339,46.09667371433193
140.19666443229264,-609.1504083017169,46.249227531724415
140.20389148737374,-609.3044901655734,46.23021053867959
140.209527199014,-609.4576977182121,46.38897132341255
140.21435382295607,-609.6097799011919,46.36291976738187
140.21812865070692,-609.7657887303042,46.514645989128965
140.22163943278034,-609.9207729852956,46.486696004482255
140.22463680792882,-610.0784343271696,46.63652379761332
140.22748887235687,-610.2339781251135,46.61119540984256
140.23109264528006,-610.3915635691451,46.763644799849565
140.2352061729096,-610.5464965716346,46.74051575784162
140.23936314797635,-610.6986955942249,46.895164493611446
140.2430590244407,-610.8512214347361,46.86907281529453
140.24578878427485,-611.0008238268776,47.02075891475539
140.25116294197642,-611.1507520731016,46.998024890921975
140.25740021345308,-611.2990238439733,47.15306864486633
140.26413206649042,-611.4452644545889,47.12652927928495
140.26922442726334,-611.592876744469,47.277767691481344
140.27268268711907,-611.7382533287457,47.255541046547656
140.27247783154007,-611.8870209715923,47.41109217939174
140.27113259970903,-612.0359883530101,47.379258139946224
140.26916598036917,-612.1863241460508,47.52520187827848
140.2683368310026,-612.3343866234707,47.508975863724146
140.2685683013106,-612.4845642158651,47.67052762694758
140.27024238130912,-612.6313916388295,47.63191207307212
140.27135806299688,-612.7754608156702,47.77107429697445
140.27152486421625,-612.9207871372154,47.7526438654407
140.2706781837246,-613.0655264689061,47.90715871006783
140.26840707079108,-613.212765443242,47.86470961949042
140.26629403830867,-613.3580013918053,48.00003830669078
140.26506578504512,-613.504627157279,47.97647486119704
140.2644426227829,-613.6490366530256,48.130689193481075
140.2647706748064,-613.7901295153318,48.08897392800361
140.2665180818361,-613.9281435080195,48.22503644030393
140.26852450785594,-614.0678455277763,48.20902532636357
140.26849909072595,-614.205898279777,48.360644677718206
140.26724633312074,-614.3467439835314,48.31192265729407
140.26823170219532,-614.4873735831832,48.44097841464771
140.2696506824679,-614.6259598965971,48.4253107785358
140.27318953726066,-614.7672509918616,48.57317374390707
140.27710203657819,-614.9058451256969,48.535212783152964
140.27939095369925,-615.0461954173428,48.675029600176636
140.28049948978193,-615.1853115141809,48.63392805199425
140.28423440603268,-615.3268777875691,48.77060428158965
140.2888521461748,-615.4689687092679,48.72832322138154
140.29275766545766,-615.6146388230758,48.863819938951195
140.29441186207214,-615.7618188003535,48.81296632570558
140.29435849002337,-615.912293746204,48.93989049023774
140.2947856966444,-616.0600591532059,48.897773948212404
140.29612605428298,-616.2098566555383,49.03343518396484
140.29845131259424,-616.357110568015,48.97620773900096
140.30258492514406,-616.5021721513207,49.09675807181486
140.30907475271863,-616.6489988373852,49.046746983514666
140.317177301306,-616.7940903422442,49.17451367299225
140.32548715784935,-616.9367712872373,49.11017506936211
140.33289895802415,-617.0807968801508,49.223614243509736
140.33838129021166,-617.2218145942157,49.16372789058686
140.34422109118836,-617.364491813911,49.281619315441766
140.3508724420868,-617.5058824142743,49.21429525616176
140.35759150597903,-617.6450048022328,49.324748974659535
140.36628188578356,-617.7851420293039,49.25923529369539
140.37524293225778,-617.9234891614124,49.37149939050903
140.3833093327383,-618.0637773375383,49.29684523634246
140.3877949707688,-618.2024585128519,49.39996885995368
140.38985621612395,-618.343521489065,49.32811550874986
140.3905819341212,-618.4814172631297,49.43403993532382
140.3910302253243,-618.6167184124226,49.35192362965111
140.39223798880474,-618.7534341315268,49.447585101756175
140.39399113632672,-618.8897168076991,49.37612165559265
140.39706220478112,-619.0286501883352,49.482435987206905
140.400353180004,-619.1661377684505,49.399800989155196
140.40528399826633,-619.3060563651001,49.494943768881264
140.41088510238788,-619.443653433904,49.41130017408061
140.41612815908937,-619.5826852610493,49.50543435705773
140.42163748283372,-619.7208462538767,49.40597810523921
140.42712170516006,-619.8607259012758,49.48429963119847
140.43375490937416,-619.9985492134931,49.398497012889095
140.44052357106142,-620.1386784382335,49.49047217235749
140.44599105883267,-620.2772758965044,49.38069765829331
140.44988677421685,-620.4166340598528,49.44870092200691
140.4538233960604,-620.5533428258932,49.358066467575945
140.4589459894629,-620.6918440766887,49.44520979092275
140.46505425584883,-620.8295535844237,49.33049144668526
140.47127278370948,-620.9651462083256,49.39355088022553
140.4770142559133,-621.1026536936986,49.29950858887988
140.48052354938108,-621.243672933796,49.375038830182724
140.48518094159454,-621.3842084734237,49.25460766781728
140.4900017150901,-621.5226485452827,49.31195428322961
140.49519726939684,-621.6625583758994,49.203633452428974
140.50080455420454,-621.8015901073431,49.27309039940611
140.50518243706182,-621.9410982121052,49.13737625949869
140.50925217630618,-622.0778979207076,49.17943989736904
140.51278996164757,-622.2118014653336,49.06486359667153
140.51658348548352,-622.347079148974,49.12779407079538
140.52078487134605,-622.4815254889166,48.989997844566126
140.52624007657053,-622.617342323285,49.02997939611465
140.5310471271931,-622.7523194171164,48.911103237692984
140.5352455132864,-622.8847999997281,48.96895630612643
140.5380286783161,-623.0187548895876,48.828377228568534
140.53966788300824,-623.1561839491297,48.86557592878841
140.54187631583275,-623.2935817404283,48.738025757428105
140.5449902965725,-623.4306582872686,48.78825336384558
140.54906243250252,-623.570396607662,48.639788121016885
140.5536789513152,-623.7086798933206,48.66910065596598
140.55874935621458,-623.8485632541917,48.53772013857923
140.56383842590606,-623.9855487334174,48.584117398970264
140.56926951734258,-624.1191868428316,48.421588592749316
140.5755148820499,-624.2553410696163,48.436837564306146
140.5822449451133,-624.3912905486499,48.30158206320841
140.58938689806217,-624.5278931299868,48.337815986674734
140.59774343232394,-624.6614550950721,48.17591602896845
140.60622403436105,-624.7947298334037,48.19179384903995
140.612964392502,-624.9252321078837,48.041178541847806
140.6188501723257,-625.0584100794676,48.06834101243344
140.62201554983957,-625.1947322148764,47.896908345769724
140.62623449485577,-625.3352394904575,47.903253456883775
140.63060415059883,-625.4745854683761,47.7581928198434
140.63494180227227,-625.6155751550762,47.78235594182249
140.6383900287524,-625.7557079524329,47.60719222580175
140.6407899954173,-625.8928568165807,47.60980628755878
140.64458884392656,-626.0341818880188,47.45338590645636
140.648613440737,-626.1743322443435,47.474365093927986
140.65303839294194,-626.3165210748,47.28712201479348
140.6574804835722,-626.458323803383,47.27765671343675
140.66186282548742,-626.6014796727846,47.124917388307715
140.66575844657467,-626.7416417313187,47.13455529012062
140.67196709688528,-626.879792945069,46.965332245843776
140.67855005223615,-627.0155771726003,46.973886979344705
140.68470357767453,-627.1532235160962,46.80542183693254
140.68986236699084,-627.2935513125664,46.81473447229815
140.6951595063013,-627.4332391820816,46.64541037443934
140.70040897851823,-627.5716319498395,46.65386405435831
140.70516359148934,-627.7104250001044,46.49068392822792
140.7081071670046,-627.8456868279335,46.5052815798753
140.70900400417693,-627.9817657986131,46.345009219119376
140.70824496088534,-628.1156639636132,46.36251463614122
140.70757620344997,-628.2518971935751,46.18860583018313
140.70611368106938,-628.3882990083699,46.19247480200281
140.70369187268471,-628.5278790476542,46.043891567273846
140.70275531726296,-628.6661095934999,46.06291701107779
140.70212913233308,-628.8055531840059,45.90232693032221
140.70116326057612,-628.9432561857122,45.9195146273444
140.6997325216299,-629.0825086269678,45.760968926274806
140.69905049086637,-629.2196815880798,45.78020100298299
140.69729590173245,-629.3579348599383,45.6207100716026
140.69494108841434,-629.493620147413,45.63899691799999
140.6929103876044,-629.6260425361447,45.47677849208294
140.69097339037427,-629.7601956711547,45.49233784394368
140.6894933489318,-629.8919674441669,45.332702134057065
140.68894708145848,-630.02483774623,45.35084420194823
140.69023978236086,-630.1603047098072,45.18730292500491
140.69229255852554,-630.2939536977609,45.201539425839364
140.69241304359275,-630.4287871938723,45.04120632489365
140.69050269020843,-630.5623488485594,45.05865100172571
140.68697956082642,-630.694576146984,44.894211923538265
140.68318398297382,-630.828103119245,44.90755062312859
140.68021100808988,-630.9603998648902,44.74776498581511
140.67785550277583,-631.0944267892739,44.765757126279404
140.67483388078466,-631.2256651442589,44.600697589308766
140.6704900096375,-631.3571086176485,44.6134158301159
140.66635413482655,-631.4867236964309,44.45433337942337
140.6635524583913,-631.6183963485047,44.473028706508615
140.661057467696,-631.7486078375184,44.31234271358978
140.65948063179414,-631.8754467527431,44.32943449844872
140.6581098529616,-632.0044827775267,44.17146754227525
140.65679978106408,-632.1329426007586,44.19127836387956
140.6555204826872,-632.2590495328607,44.03160156606134
140.65179975570248,-632.3863412548137,44.049702546020896
140.64764366000225,-632.5104204524691,43.89286525762229
140.6446915994755,-632.6359502411207,43.913805747001454
140.64202233084427,-632.7599848354216,43.75465203681618
140.63986002796824,-632.8858141210668,43.77327610440868
140.63824053766194,-633.0098021062516,43.62328989447052
140.63634197595394,-633.1312495577774,43.651081462310124
140.63482526839877,-633.2543194277052,43.49395732986967
140.6362829470705,-633.3794105653856,43.514610975207006
140.63872543822427,-633.5027179937695,43.36412795493581
140.64133015422252,-633.6239149746459,43.3914227124424
140.64187515922876,-633.7468221756262,43.245595853934944
140.6387133597432,-633.8679145182132,43.277546773205266
140.63567650050751,-633.9907794646938,43.12499439803223
140.6351735979865,-634.1118408527141,43.150219800636975
140.63600597253316,-634.231639322635,43.01371207768493
140.63668289761088,-634.3508822973639,43.05498213251066
140.63731910541597,-634.4683182729693,42.8988419370415
140.6383487881444,-634.5871697593193,42.92047951935012
140.63985496592537,-634.7037944600122,42.794541814955906
140.6410225770773,-634.8213533633862,42.8428875688249
140.64210586887816,-634.9374271584483,42.69651313666226
140.64192488999205,-635.0541824378738,42.7279164822774
140.6402616308905,-635.1690046057536,42.607285668358024
140.6375024598753,-635.286482680492,42.66443263221642
140.63456334802072,-635.4024122484282,42.52680847317691
140.6312193820335,-635.5210588944822,42.56696209191517
140.62702067051382,-635.6393810927492,42.45701945734514
140.62271072489588,-635.7559555968611,42.521397109857844
140.6184398294627,-635.8751981691948,42.39242297034345
140.61382681902367,-635.9932784608106,42.44122660860684
140.60962165950977,-636.1145331543578,42.338325418575
140.60555787689395,-636.2393737726496,42.41156756727775
140.6015801656772,-636.3631560648747,42.289391798747964
140.59726557396644,-636.4896417881748,42.34499380799597
140.59253252479454,-636.6144604007362,42.25686886418157
140.58737243194085,-636.7418459486603,42.33161846717122
140.58220031833807,-636.8683438447529,42.22645780600517
140.57751002620114,-636.9928651292904,42.2990749226169
140.57380591584555,-637.1194867888034,42.20992005712361
140.57076238919353,-637.2455454597097,42.29854296940809
140.56748359832793,-637.3735564762416,42.201549713263454
140.56420438631193,-637.5001373607747,42.282334234896595
140.56056106108116,-637.6297181796613,42.19418893260126
140.55689672938854,-637.7580560582167,42.28382140808369
140.55328031134314,-637.8847289877664,42.192660691425814
140.55013557619498,-638.0143535791835,42.27927775254572
140.54795123608167,-638.1427249532296,42.203247216609824
140.54516870781254,-638.2749239575929,42.304950801781615
140.54148300453647,-638.4060083244019,42.20849349414248
140.53766908515007,-638.5354143415943,42.28981396428113
140.53306243161734,-638.6669109143968,42.20936845367956
140.52795208143888,-638.7961376470636,42.30670072085576
140.52322433913386,-638.9273391870607,42.21418068472273
140.51905102407184,-639.0574785999553,42.29943842636747
140.51463728160596,-639.1898213824459,42.21774418583676
140.5102382268855,-639.3207226303936,42.31382772308382
140.5059046740479,-639.453331642573,42.22640646975937
140.49959074322726,-639.5835766572033,42.3167629942127
140.494204312715,-639.7165827210046,42.244254755387814
140.49113510038728,-639.8490671306215,42.34952429434071
140.48816053827176,-639.9834207644649,42.259606194638536
140.4831938777488,-640.1154178803611,42.347465872714146
140.47707632338287,-640.2450664003528,42.28053085978401
140.47287070657717,-640.377078644435,42.39042076332705
140.47116240161137,-640.5127705703082,42.3013000282005
140.46833341046195,-640.6515352584828,42.38995707085172
140.46408851661658,-640.788532067997,42.322041578069225
140.45962081405563,-640.9232269027106,42.431903863064505
140.45599342374354,-641.0602212381478,42.340857451180966
140.45381946321012,-641.196137776515,42.427588817075204
140.45155466273778,-641.3354008313668,42.35848864683951
140.44930390477327,-641.4733525594021,42.465978350884406
140.44503463275692,-641.6117075974976,42.37284361963353
140.44083304313224,-641.7481755815077,42.45748666616042
140.43670474592722,-641.8865919433727,42.39490685787438
140.43182670965524,-642.0272871703287,42.49445997393189
140.4272805465302,-642.1668460604084,42.39990226462226
140.42286541457676,-642.3088701788985,42.48312233309042
140.41853928184545,-642.4489567778298,42.4140876777154
140.41511380951295,-642.5921586412202,42.51664908714042
140.41150652042225,-642.7339469087786,42.42424571201429
140.4066803938692,-642.8726181351432,42.50962011466593
140.4008578047347,-643.011731962494,42.4357168583274
140.39450806657376,-643.1493646911641,42.53149805995551
140.38855387266145,-643.2890104235127,42.438711364776985
140.3827634694678,-643.4274815728478,42.52370244737624
140.37832017681887,-643.5712915492342,42.42947486487486
140.37462194421877,-643.7145328824778,42.513025060151264
140.37071287626983,-643.8603006103535,42.41992203883801
140.36722968132867,-644.0045004761369,42.50459679530253
140.36388119976155,-644.1514203714106,42.39983989353163
140.35855217260706,-644.2976143007385,42.4728607695385
140.35495793805464,-644.4458505009934,42.37516262117516
140.35176178002516,-644.5923869072525,42.455242250589585
140.3454018048811,-644.73994639249,42.342925159475456
140.33891018596069,-644.8839745363998,42.408385846139105
140.3324845635318,-645.0295146784417,42.3060178679203
140.32616352703135,-645.1724677603122,42.38142766747929
140.31913197356906,-645.317547652984,42.25599842797911
140.31411343214137,-645.4613984382314,42.3083469662567
140.30956886793206,-645.6076330797148,42.195385200653206
140.3047730663018,-645.7526753775443,42.259415646114945
140.29999522414394,-645.8996830495184,42.117195896813854
140.29282314763563,-646.0437645760978,42.15275392529055
140.28527422712318,-646.1852117141091,42.03618531523919
140.27323641134603,-646.3287958373327,42.08683791774184
140.25759557656258,-646.470356383402,41.93244319046106
140.24392236318366,-646.6145833529407,41.955826240958054
140.2291926931204,-646.7568834902733,41.825249361505904
140.21363988702782,-646.9002215481003,41.85316040266279
140.20060942697157,-647.0429570487593,41.699553133796094
140.1895007582212,-647.1886282441975,41.723723642707185
140.17852377102082,-647.3319952549232,41.56538782149684
140.1685523483929,-647.4767202089981,41.58482977806427
140.15645807669017,-647.6208868857295,41.41959484951006
140.14411124259223,-647.7628915364786,41.43213769873364
140.1306557176558,-647.9058912714428,41.25212264739137
140.11675915535073,-648.050094471464,41.24988537382687
140.10625913668028,-648.1959363634295,41.07154272831108
140.09905353811342,-648.3400317979872,41.070977860573066
140.09301996985798,-648.4868130282161,40.89452008845393
140.08648528508002,-648.631634973416,40.895840094112565
140.0791219814033,-648.7782720383896,40.712075643255
140.071697676488,-648.9231866223938,40.70608897017521
140.06518809477268,-649.0656957027871,40.530605421887856
140.06100914952614,-649.2107831088706,40.53289965137829
140.05735576546138,-649.354322714761,40.35273152462246
140.05385945287296,-649.5001868639957,40.350341175644424
140.05003361324776,-649.6452609651101,40.17078179337509
140.04619628015652,-649.7931982249402,40.16900018888354
140.04241122377607,-649.9391952310402,39.993451340640625
140.04033312131736,-650.085766006752,39.99568027017549
140.03780463154467,-650.2295474186872,39.815586150035976
140.03604335838594,-650.3754034000083,39.81326980767424
140.03446057776824,-650.5195998990279,39.63879704012865
140.03416978409422,-650.665680373601,39.64210205036085
140.03578419020783,-650.8100600543133,39.46595886098658
140.0377566758365,-650.9567217319054,39.467593449390094
140.0389513909059,-651.1017539539033,39.28817291586611
140.03997356036024,-651.2443976042917,39.28653016011991
140.04176801650377,-651.3883926084416,39.11082394996561
140.04287007549775,-651.5306099543959,39.11289551758908
140.04628375911167,-651.6747157886798,38.9282792965047
140.05134499526045,-651.8222342598751,38.92144085319809
140.0570744265576,-651.9717861068626,38.756793577834465
140.06244534497264,-652.1192070027402,38.769924080248614
140.06684506330495,-652.2632872778767,38.58217528862368
140.0701666345155,-652.4085062871741,38.57220427477653
140.0736360028445,-652.5573828173937,38.4012363126922
140.07708558846986,-652.7048734967011,38.408046128385635
140.0817159345589,-652.850808916165,38.22323038171085
140.08610413448523,-652.9978048688056,38.21619241281383
140.08997082855782,-653.1475996523105,38.05130122200823
140.0945013395884,-653.3000904539563,38.06418780898039
140.09910018007594,-653.4509517011624,37.87671545485639
140.10405794739015,-653.6001592330759,37.867020878510154
140.1102489896012,-653.7520001814769,37.70514050948033
140.11700930308018,-653.9022082974649,37.71103692771413
140.1221446574655,-654.0560299982095,37.52678632038249
140.12688198388085,-654.2075671739393,37.52031349082863
140.13311499605982,-654.3573118048336,37.35478180876745
140.13997094255166,-654.5092437808992,37.36702790448405
140.14726463577819,-654.6598630823394,37.180281440449676
140.15413147915908,-654.8084865965673,37.17131275419309
140.16081529079835,-654.9592727522617,37.00860970972834
140.16736743743485,-655.1130242553683,37.01543849345506
140.17421073165195,-655.265591028802,36.830131205231446
140.18142559520078,-655.4149314621901,36.82260169478561
140.18861216122326,-655.5657693414053,36.66343807329089
140.19569085880147,-655.713124126615,36.675656399873795
140.20264730788082,-655.8576865805227,36.49364185196873
140.20906970442906,-656.004310124381,36.48940508184145
140.21693661638682,-656.1496712402726,36.32603964354126
140.22498054645644,-656.2973880680335,36.34045198301885
140.23376858869855,-656.4434751766181,36.15595088716646
140.24299113455214,-656.5914253247118,36.14922756909186
140.2525800826981,-656.7380527897124,35.988680218465305
140.26169526848452,-656.8861881274809,36.00246677139762
140.2689416191567,-657.0333377816659,35.81867490029655
140.2761218102631,-657.1786063929412,35.81266080697325
140.284009762294,-657.3265189753855,35.65130966829521
140.2931590823031,-657.474085150891,35.661306736574765
140.30325188557885,-657.6249784371794,35.47710917030238
140.31503428786132,-657.7794755522193,35.470689381807766
140.32657637133488,-657.9312676962622,35.30039714210165
140.33872757030394,-658.0811795800572,35.30788268017332
140.35206155309788,-658.235306887233,35.121831070358766
140.36544245379037,-658.3880852462719,35.11355723832199
140.37946376525272,-658.5435071901326,34.94536624796367
140.39300307799493,-658.702742516645,34.95371425925865
140.40625343187858,-658.8600651728217,34.76198473534656
140.41966821117967,-659.0151784838213,34.74803298921224
140.43374642092536,-659.1731389809179,34.581576523720024
140.4481695377769,-659.3298312548307,34.592897836005584
140.46204406283215,-659.4874884828778,34.40249901541528
140.4752008762829,-659.6465453545084,34.38987797260276
140.48761636162146,-659.8036200126814,34.226613821123614
140.49970700554613,-659.9580642774689,34.23407852613331
140.51156072536327,-660.1132330340357,34.04805052712232
140.52319847412153,-660.2663398444204,34.039800305889116
140.534627514019,-660.4168567464877,33.87158255662009
140.5462629324658,-660.5689816487288,33.881142585128835
140.55777414511564,-660.7192645968394,33.6974403305967
140.56909680158174,-660.8717173521952,33.69151585384233
140.58063138014137,-661.0216180742573,33.520662260830605
140.59163362911352,-661.1731431349468,33.52758644559666
140.60237293573832,-661.3228380402765,33.34217103619513
140.61290691708834,-661.4712663647695,33.33453340457138
140.62283935009307,-661.6228255035913,33.16092094263386
140.6341546566038,-661.7740837419711,33.165086258474105
140.6459962756787,-661.9278061275389,32.978097122744046
140.65654096535067,-662.0769692908385,32.96888576479177
140.66626563355567,-662.2277747335842,32.79235641491547
140.67568799107497,-662.3779922881445,32.79360484281694
140.68614965737243,-662.5330882820695,32.605221068973044
140.6970810639493,-662.6873648208426,32.59461507290693
140.70836161635518,-662.8443677578118,32.415435912892974
140.71914089673706,-662.9996830437611,32.4140345306568
140.7296666173932,-663.1524518709952,32.224423474968916
140.73999192696593,-663.3059875831655,32.21259019705881
140.74971963880807,-663.45667349775,32.044672889801376
140.76042148142457,-663.6080934753654,32.05271072691535
140.7715766128787,-663.7566889592388,31.876844200408392
140.78143175134193,-663.9048248530374,31.878755451679215
140.78924228479326,-664.0499424516651,31.713592744683396
140.792835036322,-664.1966591631889,31.726207815465354
140.7979989123334,-664.3458757262838,31.558781135245802
140.80504623811584,-664.4922416241288,31.569132232804026
140.8115486918858,-664.6394046294879,31.448902855571372
140.81456258079965,-664.7846340713846,31.47993543865727
140.81272567032212,-664.9316779818597,31.35596944449325
140.8119998360265,-665.079859272657,31.40978122810701
140.81191720661053,-665.232064572272,31.302259073344754
140.81073239334444,-665.3879961982781,31.372514696360273
140.80317866065252,-665.5391789508815,31.31916827916491
140.79281590827375,-665.6852155518783,31.42985546309743
140.78080495554698,-665.8320019575619,31.38140909908501
140.76822451852274,-665.9760329175244,31.510740512850376
140.75653043974336,-666.1200919035786,31.491886155027412
140.74353728173332,-666.2612898781606,31.650809574982222
140.72882465501334,-666.3986790570319,31.646319476811215
140.71274538079805,-666.5363907195505,31.819607156417984
140.703195682317,-666.6838456462649,31.83686849730809
140.69426638358337,-666.8323805335275,32.03190761597597
140.68435438149234,-666.987788694503,32.05826879259681
140.67315480942625,-667.1456377052651,32.262407746995436
140.66062322839008,-667.3088623667204,32.278925820899225
140.6480034724902,-667.472479852018,32.473221672580785
140.63513489592367,-667.6338488978486,32.495724774008345
140.6219889083128,-667.7938723404674,32.69600565321368
140.60897440365017,-667.9488938845932,32.71689621233653
140.5961712907546,-668.1007102981707,32.915564549237146
140.58605832270698,-668.2564500744232,32.94345314519422
140.58073743473008,-668.4119880019484,33.149119518929076
140.5780933042852,-668.5707685758701,33.163906517585126
140.57561146409083,-668.7267110220198,33.35647129401895
140.57319737922936,-668.880859994492,33.38610676961617
140.56877606797468,-669.0324579312869,33.593520022991164
140.56401619231258,-669.1813896014007,33.606327224721724
140.5543247442228,-669.3384876566479,33.79691220423006
140.54378481557592,-669.4949847054694,33.83349189412061
140.53158242535835,-669.653402483867,34.039440423355764
140.51839797682084,-669.8087229108869,34.05390764577814
140.50438329544298,-669.9603953104471,34.2461526459783
140.4928676651878,-670.1159045414993,34.28179106797368
140.48201562300963,-670.273827229786,34.495207267746835
140.4714506386023,-670.4303954868418,34.51061201911504
140.45862754552738,-670.5887327757733,34.703794548261016
140.44553520359824,-670.7447630740818,34.72708937078446
140.4333965474279,-670.9015599878009,34.928161971085686
140.42285504485264,-671.054642890718,34.948625290744296
140.41319356325525,-671.208663590189,35.14686638818069
140.4038454935917,-671.362727554578,35.170068699975
140.39428238997235,-671.5162481511239,35.37104878954709
140.38357851036886,-671.6709237811726,35.40148788803205
140.37238804185625,-671.8219932534055,35.60970476429479
140.358793631114,-671.9693733949147,35.62583159341924
140.34203533021196,-672.118186263822,35.819736200321465
140.32406125822408,-672.2643496729623,35.85255364583228
140.30445521882066,-672.4133995327747,36.06276605203114
140.2835696273834,-672.5621353069376,36.05689332500577
140.26806738728425,-672.7141880218493,36.228798375758174
140.25427296042307,-672.8681904862984,36.28466811823878
140.24101628361367,-673.0203926433829,36.46922463231631
140.2268219184404,-673.1663847527606,36.52344760525066
140.21264189101015,-673.3133251870411,36.72397179148062
140.19496862485195,-673.4579548001258,36.74834695819778
140.17684806406686,-673.6063799611408,36.95049990269272
140.16095087010976,-673.755090629452,36.949060787820684
140.14695644294346,-673.9076491808285,37.12539945072643
140.13641804543278,-674.0630742538652,37.16496727721103
140.12631006661783,-674.2172710301952,37.358601962750704
140.11643192946295,-674.369029126365,37.3776275413613
140.10509758303516,-674.5193695935794,37.57443089774967
140.09075497212422,-674.6707354705801,37.59456220495396
140.0743720254496,-674.8189252259541,37.792471289936024
140.05822468019718,-674.9682299471485,37.81134943806747
140.04399855080612,-675.1148146610278,38.00800536397668
140.034878102872,-675.2575421686246,38.02360687016846
140.02978672648877,-675.4009172215233,38.21698615413801
140.0263949084354,-675.5432004493967,38.24616856563919
140.021336130127,-675.6875083952466,38.45312875491813
140.0131394623924,-675.830579571684,38.46644942929088
140.00319801382477,-675.9776814930631,38.65754788144141
139.99222766524795,-676.1247258916596,38.68414474678192
139.97874178162687,-676.2735252653641,38.8885193899002
139.9669997013417,-676.4193309318863,38.90006990547725
139.9574178246434,-676.5604161763816,39.08939819883207
139.94922559757543,-676.7015890129943,39.11847093302994
139.9410171454408,-676.8387253543541,39.325321445005585
139.93209907961204,-676.9769600131418,39.33923646476652
139.9235783702029,-677.11508744249,39.53092926230524
139.91813475994488,-677.255495613622,39.56672346953914
139.91420532308518,-677.3890385724545,39.77873270134073
139.91063460622934,-677.5193092111904,39.7910315719656
139.90472063912514,-677.650110870156,39.981108220368256
139.89554568728119,-677.7816153317957,40.00792304106747
139.88831480447107,-677.9152478460712,40.21251563954446
139.8873284635788,-678.0500347528932,40.2341601168261
139.88883883680722,-678.1827249022165,40.43358237188551
139.89082707199609,-678.3122907734717,40.46531697170706
139.89205949134325,-678.4440646300553,40.6748293493064
139.89189121978023,-678.5748148555223,40.69512847691604
139.8910345365641,-678.7114527960036,40.89320538230346
139.89292879940086,-678.8456876510011,40.92599466730883
139.8986334219323,-678.9797514376305,41.13656173009198
139.9074847617711,-679.1102369922878,41.15989594782663
139.91725022601588,-679.2373315504399,41.361007943339054
139.9270596285393,-679.3657981200193,41.39552794842496
139.93838275166033,-679.4927120117839,41.607825731288656
139.95354535670535,-679.6209574815246,41.62449802182092
139.97049398997456,-679.7476453312909,41.81894809013095
139.9863250038821,-679.8752580965323,41.86571872382402
139.99965223060838,-680.0008320188742,42.084559827860765
140.0110571571183,-680.1201180101851,42.10791768773023
140.0219154201857,-680.2407165700802,42.30905332537748
140.03374192193434,-680.3614997975067,42.36281444715504
140.04723831672763,-680.4801932636497,42.58783077580713
140.0637531858484,-680.5985904704617,42.63379929222365
140.08187064947384,-680.7115592206885,42.85754558641795
140.10046162807308,-680.8232347240395,42.89414245299774
140.11847223797145,-680.9322455264121,43.10851709735531
140.13569995656664,-681.045485901622,43.151034722638954
140.1529367471256,-681.1596007727296,43.371330125700375
140.1703408732783,-681.2781715759611,43.40243711334188
140.18835227453332,-681.3963561141936,43.61132187876116
140.20663963532428,-681.5203256637714,43.66570190017487
140.22472210111343,-681.6436890931354,43.89424720923934
140.2437401928332,-681.7661670185724,43.92540519229961
140.2618535968791,-681.8850886016178,44.13434095313765
140.27788400608821,-682.0062831425593,44.19242353529898
140.29368049495454,-682.1286655082754,44.426643542182816
140.30961620524403,-682.2542222230786,44.45043011215892
140.32864200749398,-682.3786281121997,44.6519944599128
140.34842590561516,-682.5089865079836,44.71890135468063
140.36890138524842,-682.640727641249,44.94829096283265
140.390045307696,-682.7718636703374,44.987422918038135
140.41472176069828,-682.8989656328436,45.2043326510214
140.43975376581324,-683.0285393318998,45.25807850919592
140.46573287061133,-683.1559449967683,45.489602145148226
140.49153191474448,-683.2811050631212,45.53618646884673
140.5152853603392,-683.4078937332717,45.76054857032302
140.53500297055555,-683.5327942408729,45.81477925531656
140.5507565410176,-683.6589896420784,46.046787718087884
140.56631636385995,-683.7811923540764,46.09752301583594
140.58366947525354,-683.9047145341068,46.32603609136177
140.60154511121755,-684.0301927367389,46.390600205765836
140.61803902082858,-684.1514100094537,46.63294209794767
140.6356664495657,-684.2747284505288,46.67666306458603
140.65244676980817,-684.4022083741138,46.89816180900217
140.6675870149083,-684.5295253241767,46.97537594310832
140.6797181392718,-684.6578665051342,47.210472102232465
140.69025357460825,-684.7843490132525,47.26710534411399
140.6999075903922,-684.9074324800208,47.5015163637733
140.70842668737453,-685.0344002847696,47.55892609704831
140.71618697343942,-685.1627960816692,47.7941136081011
140.72409579547462,-685.2918700701096,47.85064331779683
140.7315111770127,-685.4171959779115,48.08495080527034
140.7379010739139,-685.5367151900082,48.142477875022585
140.7435825509096,-685.656000789725,48.37778272255261
140.7490415406958,-685.7739538273254,48.43464949535191
140.75479083851872,-685.8934099093011,48.669294045929
140.7592826523799,-686.0114676692083,48.73207964416386
140.7585275303183,-686.1314244987831,48.9726430201765
140.7534466494748,-686.250055089604,49.02731048291773
140.74921732273577,-686.3714087976049,49.25975572343673
140.7485055683535,-686.4899438763056,49.32409378418185
140.75056256228268,-686.6109049524714,49.566209622704754
140.75232093973827,-686.7289935594915,49.62428811682325
140.75358391919758,-686.8440086347159,49.86014438871952
140.75514052334972,-686.9622683447336,49.93518799168153
140.7567337140703,-687.0782666213897,50.1868454194357
140.75831156339208,-687.1964295247722,50.23881055686986
140.76027457057708,-687.312116369985,50.4685534720818
140.76310980212142,-687.4282902350988,50.54488501261938
140.76607915524457,-687.5492239203334,50.79555282223235
140.76903310188348,-687.670209179402,50.84863952689321
140.77399706665113,-687.7911214073308,51.07950400933185
140.78011376976784,-687.9149767217899,51.15973492923473
140.78801847188782,-688.0356111557495,51.40551339778924
140.79616835137833,-688.1581523905484,51.46414135564968
140.80507269027902,-688.2793321768423,51.7005470912879
140.81441194824188,-688.3950691164747,51.774967968675696
140.82288403168167,-688.5088892280778,52.02716662384127
140.83229418836348,-688.6198894213768,52.08368885909807
140.8434025707987,-688.7291558504879,52.31798887213264
140.8551032791677,-688.8326637375475,52.39949667958235
140.86593470931555,-688.9331389151363,52.65369894225046
140.87356179236818,-689.0260834594164,52.71218082233771
140.8771506430428,-689.1161999990717,52.94844048020274
140.87947013914334,-689.2065172803491,53.02208682351125
140.88314722038453,-689.290095086395,53.27351094459755
140.88868618905394,-689.3711363352643,53.329970896255304
140.8961632032102,-689.4462510193808,53.56420862569083
140.90310015337357,-689.5182925372617,53.64014648788612
140.91024109855826,-689.5831997203078,53.89386212785919
140.91732128263791,-689.6461658008947,53.94819506922305
140.92428861854523,-689.7031725878436,54.180305788364684
140.9331894049296,-689.7573571973172,54.25442386222638
140.94481607022527,-689.8067596346278,54.50631971386586
140.95846522095232,-689.8549119139527,54.56271508200778
140.97150341417753,-689.8982733292636,54.79688822792748
140.98711042826537,-689.9374305427538,54.87289928477405
141.0071194623254,-689.9743704577326,55.12668811939839
141.0297776607843,-690.0073033231071,55.18093810682414
141.05264344218938,-690.0389664000311,55.41296587202767
141.07399353795924,-690.071153644393,55.491878404797006
141.09186040635115,-690.1007692814338,55.74856871534411
141.11083163380587,-690.1251827301726,55.809401296724054
141.13016458672712,-690.1473889722022,56.04801165588177
141.1509375938557,-690.1696575063366,56.118993871058585
141.1741689512799,-690.1848982352955,56.367753864013174
141.19920602167988,-690.1997450906296,56.42300276088686
141.22424815189598,-690.2143020159627,56.65602943553832
141.24688002822333,-690.22023303458,56.73945040426666
141.2666528670874,-690.2247634084781,56.99148441748566
141.2835193514172,-690.2246825547816,57.052423646948576
141.2987415748408,-690.2249090499296,57.29114065418927
141.31424156334998,-690.222564460249,57.3620020015387
141.33245310503972,-690.2205585544336,57.61064112666591
141.35012483766155,-690.2156106916074,57.66602700707729
141.36661594382804,-690.2093252514281,57.89919066526645
141.3826363845269,-690.1985950220384,57.97211540820763
141.39627973475342,-690.1840902202914,58.22147376620763
141.41171940590445,-690.170265239031,58.2713440715854
141.42935386591734,-690.1567728438237,58.49899215474096
141.4463551491602,-690.1368153021143,58.563126460498
141.46052222324295,-690.115439682809,58.80503854403282
141.47104452377337,-690.0906373456811,58.844080049360024
141.4806882190969,-690.0671397426725,59.060899332465006
141.4924848163789,-690.046694163508,59.12461863383491
141.50700999800233,-690.025748881794,59.36611571298259
141.5231063161332,-690.0050015480211,59.40609724550411
141.53969860281882,-689.9795044325834,59.6238565558034
141.55615410402697,-689.9542377642324,59.69074089301976
141.57275888101134,-689.9301960890263,59.91827588861899
141.5916231341005,-689.9057511162742,59.96985071582874
141.61354921303334,-689.8807535902923,60.19920332081627
141.639062930679,-689.8464117407005,60.24307765738596
141.66369753652737,-689.8123267771365,60.464729771733424
141.67999796117752,-689.7781966213709,60.5225018199174
141.69522283243748,-689.7445428338248,60.75805164587916
141.71124806151704,-689.7039198404566,60.800542998678054
141.7280267811247,-689.6608434218298,61.02081212925473
141.74430690149245,-689.6099369605492,61.08485200349005
141.7495713180781,-689.558188493743,61.32666965550315
141.75009194442703,-689.503969381804,61.36534813877719
141.7504777415983,-689.450436145986,61.581804399829004
141.7541199749298,-689.394763224746,61.645465081748064
141.76452525039713,-689.3394541590793,61.86678262001758
141.77736892592938,-689.28114848235,61.9160030099788
141.78969450475594,-689.2234816085884,62.14300117771779
141.80133050045362,-689.1671715354026,62.19048396539138
141.8151288675867,-689.1084865655952,62.415744530842744
141.82998479889653,-689.0493416915896,62.469897045553424
141.84443029201861,-688.9874988971745,62.70182733804187
141.85694558382323,-688.9276333939761,62.74278029544385
141.87053950676977,-688.8692529917331,62.9615110306236
141.88580026459616,-688.8119999087352,63.01272304186433
141.90405379195383,-688.7507003334334,63.241712830882825
141.92429071193982,-688.6882348314086,63.28223800332852
141.9458684964783,-688.6256067645123,63.500540953552
141.96905201432497,-688.5591595615932,63.55693823218761
141.9934589576906,-688.4924846694665,63.791113288601004
142.017352798521,-688.4232653935198,63.82529178022136
142.03998286199698,-688.3557501371781,64.03724804961952
142.06244898687711,-688.284858568403,64.09613778874606
142.08497347248422,-688.2096244172307,64.32380248440266
142.10718928199697,-688.1358201908398,64.35548845154742
142.1282060647778,-688.0611329428474,64.56495219646995
142.14745035907936,-687.9906059758393,64.60222839666885
142.166066459055,-687.9192865596701,64.81728237464553
142.1851152689658,-687.849231863143,64.83459133293861
142.20603303778933,-687.7757508884506,65.02967806900949
142.22538443457213,-687.7026297208762,65.04094776812916
142.24168155930366,-687.6300391268865,65.22999524502663
142.25631293718433,-687.5575950471728,65.21050943787617
142.2699924083205,-687.4915350305589,65.36880140850349
142.28287627896273,-687.4321944579125,65.35127228623696
142.29172001445707,-687.3785563955372,65.50856440258347
142.29757483423919,-687.3288679098811,65.44890871516854
142.29946149121977,-687.2823151313647,65.56703080553139
142.29682812762965,-687.2331938004596,65.51271679200906
142.29004110109645,-687.1850769291165,65.62984351844548
142.2792327574631,-687.1348070563002,65.52586007292864
142.2657187579636,-687.0868677547139,65.59965440518958
142.24980071528378,-687.0433528152184,65.48787398418276
142.23239625390823,-686.9970749606139,65.55387134095369
142.2112424833553,-686.952540030253,65.39072731439107
142.18635259348144,-686.9067684037504,65.40536106560624
142.1598356915105,-686.8630377455964,65.23788299200683
142.13131718305928,-686.8236136726948,65.24011814208616
142.10280394987663,-686.7813449481027,65.02226266088515
142.0681212932863,-686.7448417817001,64.98218495746191
142.03023223868593,-686.7069708830796,64.7224767546749
141.99018565992677,-686.6685472685739,64.64054632966568
141.9490451276782,-686.6258840245196,64.41013325578724
141.9074478034126,-686.5829796206931,64.34330007284947
141.86594006046653,-686.5418638475446,64.0962468357345
141.82586367723954,-686.5019287804163,64.02697137639731
141.78623109674007,-686.4683587087801,63.78738649697946
141.74560827348654,-686.4369479661501,63.72557939533937
141.70536514850178,-686.4021491532166,63.48176077719814
141.66207075428173,-686.3634823093395,63.41571993683468
141.61878184871014,-686.3182771210534,63.17199911146883
141.57610970530305,-686.2724071821189,63.10605606388076
141.53622291814622,-686.2195153321861,62.84812307336946
141.4974604809901,-686.1659713396973,62.767967860635935
141.46029553516257,-686.1079722110348,62.521441546178366
141.425212433497,-686.0482695983007,62.452693009498574
141.39145532699857,-685.9848087259114,62.19370917329122
141.35844352060377,-685.920679200665,62.112503114861646
141.32646094214292,-685.8542897869838,61.86763780330405
141.29513907260693,-685.786755267277,61.80055026952423
141.26439481144487,-685.7160944395343,61.53451347447469
141.2329713236719,-685.6437653041789,61.44625445720293
141.20226956906953,-685.5670467438927,61.199511565666484
141.17091503050008,-685.4901325181444,61.13054645190781
141.1398758663524,-685.4104152727366,60.86193713638986
141.10893055631252,-685.3265956242205,60.77110559864969
141.07844412817033,-685.2431475967504,60.532448719199664
141.04889372783015,-685.1609607098803,60.460857182576355
141.01954013874408,-685.0759282646322,60.19522447963832
140.99064338517584,-684.99194494693,60.10736955447806
140.9622489747619,-684.9046903285886,59.865339180770796
140.9343588645936,-684.8184312935803,59.79757093763903
140.90696627381905,-684.7289226148475,59.53230561318837
140.8800627704365,-684.6404459085785,59.44481806651548
140.8532290454693,-684.5487583766248,59.197200841633645
140.82720157805142,-684.4573237910998,59.12736139452958
140.80211619723556,-684.3633824200767,58.859742990136404
140.7763440036006,-684.2706846358976,58.76990236352101
140.7512116519335,-684.1756961597956,58.524951962574015
140.72656470655033,-684.0816004925247,58.45777933940479
140.70236537675834,-683.98902163651,58.19183897899657
140.6785997383305,-683.8984717086988,58.10367639636613
140.6548481716998,-683.8057593877238,57.86152465668063
140.63184788615393,-683.71597938557,57.79715069477291
140.6085036386639,-683.6309302738775,57.55342091826833
140.58542260586046,-683.5437702609771,57.48746891954153
140.56272247957196,-683.4549707880185,57.22954607365412
140.54124271416035,-683.3599721266638,57.1494010055445
140.52072317758774,-683.2638580530357,56.89346230495763
140.49986618685864,-683.1638016304446,56.81530138214853
140.47964900472192,-683.060113096071,56.54771665022106
140.45984731756076,-682.9567639318298,56.45790969607137
140.4399996867232,-682.8549524963954,56.20869428855213
140.42001447790008,-682.751038813804,56.134971305962814
140.4002859875609,-682.6481825652671,55.862356908452924
140.38130009055885,-682.5465917590758,55.76752028872081
140.36232206720385,-682.4424322217084,55.51883467997276
140.34402619491038,-682.3349736515261,55.4445112587761
140.32612696079076,-682.2283835744456,55.17257735835454
140.30856162119113,-682.1234831437483,55.07842123571075
140.29090221199203,-682.0165547817866,54.828964396929265
140.273475144915,-681.9103327036087,54.75728533592556
140.2579850645497,-681.8035421517438,54.492221516174205
140.24556846266972,-681.7018420374349,54.404935474200634
140.24339559260244,-681.6044819678183,54.252971121770685
140.2424810386053,-681.5077372503526,54.14893072119129
140.2381315992568,-681.4049484170765,53.97177473073683
140.23069126375324,-681.2995468684895,53.849283964363
140.21986212267913,-681.1934827099757,53.65073794403112
140.20645412383067,-681.0833011641754,53.528986989296136
140.19231037829982,-680.973454278458,53.31550473799578
140.17780997225785,-680.8652365915764,53.20598462280286
140.16303379544402,-680.7542065071198,52.978640753354846
140.14882328121269,-680.6441930376825,52.88483047206259
140.13451733792252,-680.535947527259,52.63968212419381
140.12039577112515,-680.4249195447866,52.56605025177843
140.10651191968745,-680.3153230214327,52.293332596071416
140.09246240387546,-680.2037154960126,52.19839271814218
140.07940090385796,-680.0932930772074,51.95452457979531
140.06836721499957,-679.9867243541258,51.88843421922622
140.0591280119479,-679.878993125362,51.641009161204515
140.0516128858343,-679.7758380173816,51.5713618809606
140.04413879023525,-679.6748927839827,51.36133759857037
140.02116142120988,-679.5672260799307,51.31416760750152
139.9929461867476,-679.4513872304278,51.08195937515733
139.9616206625325,-679.329828104361,51.027528920590925
139.92313193226678,-679.1943506527745,50.86464716909952
139.88416862273255,-679.0580163265064,50.81527670967867
139.8460752088579,-678.9242673801647,50.627862785911184
139.80993132489036,-678.7903101614894,50.59219767729211
139.77551272658732,-678.659853791013,50.375149689282615
139.7431606943708,-678.529734303001,50.3358794790509
139.7116820931631,-678.4019416686448,50.113986428424624
139.67877254048548,-678.2701172335971,50.06987115557612
139.63987951115192,-678.1348581637096,49.90752037591553
139.58801404290438,-677.9916554069592,49.922947374032724
139.53840195131133,-677.8562712409323,49.72789544283324
139.50309635146297,-677.7242038123002,49.71062128941153
139.47731950738358,-677.5897642456877,49.55874124106724
139.46244257401827,-677.4508582808708,49.57868245141298
139.46228609473692,-677.3175376990238,49.41752454635447
139.47165015397775,-677.1917351976016,49.43414441907374
139.48360825430268,-677.0698726145067,49.27671229665857
139.48605198097314,-676.9509400607036,49.297057952021184
139.4783394110223,-676.8238761090795,49.11053287594356
139.46048660496425,-676.6792134540921,49.10178557764371
139.43716188048202,-676.5097480384142,48.973611360161314
139.4180042795076,-676.3344575787321,48.984528806641364
139.40858190022644,-676.1537715745648,48.84907090063064
139.41356946134474,-675.9774419957818,48.89139077239769
139.4410942985626,-675.819471056085,48.75367393995059
139.48013245998217,-675.6760176531258,48.79373488528125
139.523383854613,-675.5381550948006,48.64679114723983
139.5664503204958,-675.4013234173426,48.67762518697619
139.6059908553364,-675.2578724110265,48.53310909749721
139.64467451636196,-675.1196426199175,48.56637078579601
139.68263663500102,-674.9801563399901,48.42705571683514
139.7129296505866,-674.8354407893913,48.465518425652064
139.73262690045092,-674.6825571169334,48.436829400104
139.7515693029507,-674.5269394990008,48.500676606836244
139.77502288847538,-674.3662647647618,48.48078008365081
139.81014025961088,-674.2083286479261,48.54590476548319
139.84709094081242,-674.0531864571218,48.53298283718428
139.89045876322783,-673.9196468515705,48.587815067034164
139.93572522707834,-673.7958398819046,48.5625486732043
139.98155074061887,-673.6786060274287,48.63039103065592
140.02765765679374,-673.5629532330322,48.60867173665519
140.07522022179876,-673.4496703792829,48.710057780967134
140.12321880453416,-673.332570425361,48.6907063085247
140.1730877220834,-673.2094106951936,48.818981799515015
140.2234427931014,-673.0825239481617,48.786507443059335
140.2748233782476,-672.9599728537147,48.931810864381426
140.32280187567508,-672.8480478386834,48.896449920216384
140.36941759470653,-672.7398398619714,49.03886675382912
140.4126320011659,-672.6341524730364,49.021308831290234
140.45455154021894,-672.5304723111883,49.181528686529134
140.49150569456867,-672.4219446015039,49.16725640614727
140.5248860906714,-672.3131713319011,49.330761903543184
140.55543432504686,-672.2016292812601,49.34327896205004
140.58457099663238,-672.0927571835762,49.529971184631165
140.61383230077516,-671.9866145907619,49.51409439903923
140.6402365928816,-671.8864510380191,49.675995391225065
140.66322817709298,-671.7901362860409,49.65061533341445
140.6852102283055,-671.6959611040214,49.80301305338161
140.70462262818987,-671.5996954385824,49.7940439040855
140.72077923256583,-671.5027434548125,49.96285253256716
140.72783622835564,-671.3982615244789,49.949382131399055
140.73009649182143,-671.2925311256195,50.11368950800872
140.72972081840868,-671.1837880876164,50.10955092562887
140.7271806338643,-671.0768086449918,50.2831901210268
140.7242436741627,-670.9690740735158,50.248737521798034
140.72250112952318,-670.865177590175,50.392062700347054
140.72102225075318,-670.7635263633352,50.374103942435944
140.71961713809958,-670.660322783022,50.52342217917964
140.71948054027143,-670.5548294051563,50.48220053309234
140.71877647702198,-670.4507873069319,50.618756664782815
140.71632626736553,-670.3476956189218,50.59807091553361
140.71191723140947,-670.2407650947393,50.75463334246049
140.7043026920382,-670.1341787041109,50.709825258610024
140.69779979209943,-670.0240908133045,50.84279495253734
140.69161170573514,-669.9148683169095,50.82374681053082
140.68557459042515,-669.801877174901,50.96615532702709
140.67883041941045,-669.6897392889007,50.92415029722021
140.67080875435366,-669.5797775707027,51.0599230451911
140.66100123194704,-669.4663198749464,51.02069970860187
140.6485102450558,-669.3529570486847,51.159254149790414
140.63072865930343,-669.2353214676288,51.10649884977673
140.6113205141095,-669.118504374989,51.231521327540825
140.5926844173145,-669.0004741564611,51.17667647496374
140.57652288802035,-668.8855172980858,51.299609400164435
140.56108612508746,-668.7728100537266,51.22594372938142
140.54683519383298,-668.659117457424,51.33005583637619
140.5334365532698,-668.5464358632133,51.26875260400434
140.519986484844,-668.4367874965388,51.37798000069244
140.5067174207077,-668.3258563299197,51.28687019555704
140.49367327300817,-668.2174747354591,51.373538168199424
140.47962762536326,-668.106060038107,51.29197722142695
140.464760104718,-667.9976695069835,51.38272549443575
140.44952721421075,-667.8887978077704,51.27441114058133
140.43485033972942,-667.7783400502171,51.34387456450468
140.42172540622366,-667.6699538135477,51.23050330628044
140.41074197107844,-667.5659802630878,51.294909825833976
140.40157504446074,-667.4633777625874,51.16044448145108
140.39495690472708,-667.3653744854192,51.20375691484597
140.38976398035757,-667.265828877304,51.05367891255399
140.38492995398525,-667.1673905627592,51.08137868803979
140.37941512447634,-667.0683532740686,50.92075680915588
140.3738425674709,-666.9722438319882,50.93791270804976
140.36874838577688,-666.8746379601837,50.75489175597004
140.36669877417367,-666.778940530389,50.7496485816681
140.36734233773146,-666.681128041331,50.56142480143252
140.37015982786193,-666.580836540265,50.55097879897473
140.37337203233622,-666.4814756048123,50.34764960176023
140.3757943838823,-666.3849423602311,50.322098182323515
140.37679231362074,-666.2860809044137,50.13118801324069
140.3779018328858,-666.1889793914985,50.11805562193564
140.38025166800446,-666.0893441997919,49.92294148763691
140.38363747974992,-665.9902086394977,49.90560513111597
140.38718233305366,-665.8925829334548,49.7194858907286
140.390297912311,-665.7919720971927,49.711144428119
140.39122821518737,-665.6930147001133,49.51013053018766
140.39129756514666,-665.5927571627402,49.4868944100341
140.3899599604342,-665.4932548156178,49.31779863509703
140.38835998849885,-665.393099984371,49.323411713359036
140.38590896494202,-665.2950586361216,49.135251824662085
140.38250125672926,-665.1945676836468,49.12486971374291
140.37771689899097,-665.0925591260955,48.949667217229084
140.374369699991,-664.9907058359028,48.95224249849303
140.37217887068005,-664.8907428459759,48.771755846393894
140.37025047376815,-664.790769834181,48.76904697207253
140.36799132275888,-664.6942628786246,48.60959045185896
140.36364303996666,-664.5976030110173,48.627911709423174
140.35893877306202,-664.4977823902279,48.4436809508504
140.35381954779754,-664.3999777342979,48.4372279700554
140.34869013762042,-664.3005201597795,48.2904720149564
140.3452760865166,-664.2062407314921,48.3182375640686
140.34266432928763,-664.1121191287644,48.15242327507477
140.33983950915862,-664.0222334872764,48.164386763858715
140.33167002944703,-663.9248840782708,48.02960432101469
140.32213536153034,-663.8253784406896,48.06910548957125
140.31410770458302,-663.7238185264613,47.91999296520714
140.30855073206172,-663.6257490534615,47.948658218620814
140.3056220400348,-663.53615287899,47.82212790919643
140.30326065661558,-663.4507540653723,47.87337537754983
140.29981254125985,-663.3619141737188,47.737193580082646
140.29537478604638,-663.2716015671396,47.77878956039324
140.2879257731577,-663.1788317524243,47.68123891604123
140.27628089469505,-663.0868898890022,47.74935862408462
140.26396245916686,-662.9933830112296,47.63345904385767
140.25332895219753,-662.9021214506265,47.695337241408495
140.2448281074835,-662.8130157845413,47.60245306196201
140.23687469612318,-662.7213419112774,47.6873466602933
140.229554553284,-662.6300493138864,47.58385000440673
140.22123139506948,-662.5366842441662,47.65813112629794
140.20953889647447,-662.4397276498605,47.59905518815457
140.1965174897834,-662.3395739110902,47.701438318050386
140.18423682814606,-662.242253152156,47.63679610416846
140.17268964048492,-662.1434359955385,47.74993166806431
140.16227470762138,-662.0453142922784,47.68575474009346
140.1538787936514,-661.9483182994693,47.79935558990038
140.14765053645877,-661.8502976139816,47.760934004563644
140.14194439027952,-661.7542856174852,47.900290197004686
140.13519004260414,-661.6574133071815,47.8542614455715
140.12667944979646,-661.5617466736409,47.986010471916096
140.11752620306004,-661.4672711009075,47.97535588650333
140.1104297161581,-661.3688822818145,48.1373532166378
140.10466862014792,-661.2698816766546,48.11023908692985
140.09925653790378,-661.1725756117768,48.26090273499968
140.09440189691588,-661.0731363634337,48.258344733853875
140.08972778796218,-660.9750936143739,48.433564510485844
140.08474559496483,-660.8748667731575,48.41658849696962
140.07894953190365,-660.7760392285848,48.57739026123116
140.07060734994877,-660.6734019795302,48.5720542172903
140.06064258858075,-660.5671958526771,48.74449595112722
140.05049503238067,-660.4626042151795,48.71656705277871
140.0412765713468,-660.359414112175,48.86641593220798
140.03443014745864,-660.2592003530898,48.85469493552148
140.03062128013937,-660.1583795695843,49.02075171661275
140.027884761358,-660.056650832338,48.98643136470931
140.02129140944018,-659.9561873130509,49.12988879058364
140.01402046301124,-659.8531389851856,49.11648059681495
140.00671740669597,-659.7510392718232,49.28085018082403
140.000745571871,-659.6493529217292,49.238571052280406
139.9959462474394,-659.5437003390457,49.37406970151456
139.99144968214506,-659.4375286799093,49.3597913212714
139.98707761982902,-659.3284965357453,49.51477099665808
139.98402641632822,-659.2216714184042,49.47743563121985
139.98004900170696,-659.1149972192075,49.61787804355939
139.97388780142512,-659.0106899033615,49.59086926513013
139.9673774699707,-658.9040727793445,49.741638264478645
139.96047923699578,-658.7981011372348,49.69536690966144
139.9531908652524,-658.6878599659722,49.826873332622
139.9463387892646,-658.5766954299812,49.787356986600024
139.94172653528636,-658.463069450001,49.92561841835582
139.93844917554443,-658.3505671951604,49.86524781792147
139.93466407265498,-658.2348052729722,49.982654995264895
139.92918680926599,-658.1200378090966,49.936011305386785
139.9234490126342,-658.0071014852588,50.06714539328646
139.91568738023926,-657.8910513727008,49.98939609366683
139.90763136835244,-657.7760289928884,50.08942457182498
139.90168438829184,-657.661619589027,50.0299697188013
139.89706690497957,-657.5438737140996,50.144663530005914
139.8931916585574,-657.4259067085135,50.049749210640684
139.8878755296846,-657.3061261186529,50.13261266905323
139.88152549815453,-657.1880952469932,50.063864838407895
139.87505899765253,-657.067417424704,50.16504446869482
139.86948250469663,-656.9475158524281,50.06187004325853
139.86375265670534,-656.8247992414049,50.136473395600014
139.85848429554503,-656.7036738144336,50.044109951835225
139.85050671510967,-656.5795048525673,50.12779581032421
139.84210074974104,-656.4564931422908,50.00347983737002
139.83372865889325,-656.331195715545,50.05694164219362
139.8250717460194,-656.2068124866859,49.95462146339354
139.8148365448346,-656.07970554777,50.01567446603363
139.80360991996,-655.9534527210851,49.883091907485976
139.79234467790118,-655.8248996459371,49.92828712671611
139.7857528180704,-655.6946766092763,49.79577805603307
139.7810107189139,-655.5647431968343,49.84104676312783
139.77506157063584,-655.4363049844354,49.68538525064267
139.76731295597563,-655.3065453777325,49.707501515935284
139.75890398389194,-655.1787758510196,49.56394112638143
139.75089320125983,-655.0497743957958,49.598158514605345
139.74389732098217,-654.9219523533442,49.42298485239601
139.73884836258378,-654.7906889958284,49.42558896796445
139.73467126263623,-654.6597846763846,49.26364457032022
139.73072794202255,-654.5265472482093,49.27876910987257
139.7260661267244,-654.3951470194886,49.08849658726879
139.72050380275132,-654.2625359228006,49.07600184244279
139.7148404856509,-654.1319775658942,48.90789410880115
139.70800551487935,-654.000239475798,48.916147762483895
139.69979964406897,-653.8709586030118,48.724525177199006
139.69143629896905,-653.7440078349895,48.710680369691886
139.6856261821415,-653.6138334988428,48.539402262644394
139.68082001040776,-653.4860942618521,48.54590193337468
139.67340653769077,-653.3568010027298,48.35626719543591
139.66434504083355,-653.2290357766442,48.34441023527492
139.6542614804369,-653.0991265959369,48.18028012345737
139.64658091796917,-652.9718646659866,48.19389673907282
139.6394901897534,-652.8443145780801,48.0055970191531
139.6313862743004,-652.7168817931661,47.99507507701116
139.62113986597532,-652.5878377351248,47.839772922549805
139.610610685772,-652.460306715728,47.847614919828224
139.60469558842257,-652.3293969674472,47.66585976735712
139.5997874334729,-652.2025390786984,47.66188239266379
139.59515047187358,-652.0740290962738,47.502923417316225
139.58488080795374,-651.9470163926418,47.51020936715457
139.57280754990109,-651.8178428809978,47.33425489067111
139.56177905935863,-651.6888458976947,47.33607819196543
139.5564585941837,-651.5641757327113,47.176181739387424
139.54947895847587,-651.4391057959605,47.194063064587205
139.53897964348045,-651.3102395661788,47.01502778491635
139.52751327177407,-651.1812183975034,47.01377028302327
139.51807167712312,-651.0509629865593,46.866296607390986
139.51122442945163,-650.9259985818949,46.88923503977424
139.5029383231429,-650.8000136500195,46.718569705295444
139.4924271808409,-650.675205731733,46.725682148594416
139.4799778564752,-650.5481415954465,46.56355204618892
139.46937306386553,-650.4212049054984,46.57919972156119
139.46257511243527,-650.2938803599639,46.41256684502817
139.45869032232793,-650.1703370812929,46.42371174627292
139.45297763705557,-650.0458582270692,46.27156370263997
139.44451484205186,-649.9225537347727,46.2971934367848
139.43562238485305,-649.7969711120854,46.13517147142066
139.42594735460648,-649.6714904828427,46.15092728383431
139.41871918795832,-649.549452199016,46.00193754087662
139.41454897239993,-649.4288478176423,46.03072557569672
139.40899632345858,-649.3055699235166,45.8744482917895
139.40036793662554,-649.1830999457792,45.89594878566005
139.3904257837158,-649.0586773465583,45.75212271482898
139.38118361043215,-648.9368622333408,45.78607442177568
139.37221287731595,-648.8173010989342,45.63796950945831
139.36506846043753,-648.6964422964236,45.667642374918714
139.35633580518007,-648.57663395215,45.52622859406359
139.34740970001045,-648.4540640848647,45.56259259098624
139.34103763168747,-648.3351420177562,45.42389810558502
139.33650077348332,-648.2143741800819,45.46298139796156
139.33321681484185,-648.0941352197635,45.327277222157036
139.32776436352466,-647.9722649890188,45.36935082413028
139.31948998186888,-647.8522106585815,45.24291043078282
139.30953689424004,-647.7334073920164,45.29424781521314
139.30021095377396,-647.6126879846835,45.165730868414336
139.29360885611598,-647.4902640252125,45.2149916993933
139.28928986796404,-647.3692402960708,45.10241715761714
139.28507648287817,-647.2493982838093,45.167620393618755
139.27889080877117,-647.1280499235428,45.041172992816925
139.2723986508917,-647.0081261370213,45.092503369792865
139.26634819583643,-646.8883830702126,45.00053800922013
139.26047213226238,-646.7703791598524,45.07612541786924
139.25348073988874,-646.6497240252845,44.973080843622476
139.2455443815578,-646.5310741855669,45.04781404715349
139.23753190268727,-646.4090177580953,44.9536885053739
139.2308501549638,-646.2871963711524,45.03734074137208
139.2261740272152,-646.1641163409296,44.939647762796355
139.2219655283895,-646.0437634980362,45.01973256199841
139.21749974288727,-645.9260784441522,44.93638383401386
139.21304601344355,-645.8063340243918,45.03081288380709
139.20783670380803,-645.6882896520927,44.94150849404143
139.200905921649,-645.5730836981364,45.029981882053555
139.19290808277594,-645.4562261347495,44.968539420084255
139.1860425796019,-645.3398806681556,45.07839181031612
139.18073496405717,-645.2214363120008,45.000670745831115
139.1778677454594,-645.1030282754435,45.100727459123895
139.17552938447108,-644.9820448615479,45.03501269516986
139.1720980516943,-644.8622670251823,45.14707570899361
139.1668524812926,-644.7405760335511,45.081342782215586
139.16049733370053,-644.620642016081,45.193387633215345
139.15359998832506,-644.4993180105804,45.14314729097118
139.14669229897154,-644.379032615552,45.27068472650479
139.14029145018213,-644.2606656682361,45.20942692178892
139.13408300379945,-644.1396885181581,45.32594689485082
139.1300564469133,-644.0199098914396,45.28184043649178
139.12816620118,-643.9020744876399,45.41551175591051
139.12714254561652,-643.7808084986113,45.36038950501373
139.12425165563286,-643.6614006199363,45.483045031894726
139.1210284336449,-643.5440626087178,45.4431892125407
139.11572947552438,-643.4245407115945,45.58111117096446
139.10885695535947,-643.3071014598272,45.53566610697309
139.1017674652947,-643.187071650934,45.66799882075949
139.0959691873309,-643.0678219323419,45.62602956735712
139.09544317174053,-642.9441095611412,45.76183809173253
139.09269197862437,-642.8208552353648,45.70978060855151
139.08830110030516,-642.6943592468621,45.83550090314827
139.08405539965918,-642.5686050909837,45.795778435938615
139.0803097845126,-642.4401122496253,45.93383374650673
139.07795123521467,-642.3120795693588,45.87539275008508
139.07672497623201,-642.1821020527636,45.99472953144122
139.07533194877354,-642.0531752491386,45.950883845904265
139.07392537956594,-641.9224344359812,46.08481593814509
139.07376988432614,-641.792781356927,46.02157023360549
139.07304370425666,-641.6609231129287,46.13610230684366
139.07221371511554,-641.5304991531895,46.08634409050706
139.0717854351168,-641.4026258577295,46.21436365194824
139.07144358803984,-641.2724057819943,46.14458077120379
139.0723576671501,-641.1423399246144,46.25257566823712
139.07392059792824,-641.0094791808772,46.195108029377124
139.0755910706911,-640.8779490348904,46.315418168294904
139.07643796068274,-640.7434694371968,46.23220765529919
139.0766974227958,-640.6103125478846,46.32677492008126
139.0768357092053,-640.4750473204523,46.26471157555047
139.0769477937341,-640.3404646419636,46.375914032685365
139.07664059935118,-640.203665871358,46.28649969237693
139.07543258483938,-640.0691890203998,46.37486312984627
139.07406158695264,-639.9320028908069,46.29719470071435
139.07308815769417,-639.7962259971079,46.3973040493602
139.07261875315527,-639.6579864441869,46.29594563200601
139.07184616286926,-639.5199919886187,46.37236499242959
139.07102392338462,-639.3840091403335,46.28183673950509
139.07061411479955,-639.2452763695695,46.369086264358366
139.07029262078316,-639.107966702605,46.25402569174688
139.06876136203985,-638.9690385049973,46.31674289691317
139.06577615047553,-638.832580246738,46.217227486613595
139.06172127135588,-638.6938811604658,46.295446640508665
139.05833146145045,-638.5520309622624,46.16610422164981
139.0575886537954,-638.411567966714,46.21453958056873
139.05738581096597,-638.2691134409665,46.106693996016176
139.0589382904219,-638.128286629101,46.1766261892414
139.0604090879604,-637.9851108968918,46.03309948136392
139.06143196443935,-637.8430927688053,46.06735055126422
139.06152759801864,-637.7033259749204,45.958584938710544
139.0606150895627,-637.5621394645001,46.001545432938045
139.05992459726437,-637.4234965522543,45.87206113948021
139.0605221063103,-637.2830675032841,45.92035462380015
139.06219005105194,-637.14427844011,45.773978274904216
139.06445902771864,-637.0027050407714,45.80537970378606
139.06599460754666,-636.862588262546,45.662599239942196
139.06736166864937,-636.7204889138335,45.69759655387611
139.06867558336023,-636.5816531306498,45.54459319808434
139.06954951533908,-636.4415868361548,45.56936762007035
139.06991235485,-636.3032664933638,45.42274274181955
139.07016781548322,-636.1634047857888,45.45389564134652
139.07039816712296,-636.0252239495426,45.2910739996604
139.07185222085184,-635.8889356372331,45.30603013575205
139.07394100178993,-635.7511063745972,45.15306704818151
139.0748950210632,-635.614929160298,45.17788173838875
139.07519785306275,-635.4779808760471,45.010414422820546
139.07536614066353,-635.3432367534043,45.02072488503013
139.07550512596092,-635.2069920461606,44.868247516748156
139.07563627411784,-635.0715653689442,44.89354792624397
139.07576398962843,-634.9343723660315,44.71934310659316
139.07588920221139,-634.7991861762432,44.722916064720124
139.0764228000743,-634.6679613304456,44.58457835662067
139.07703048604583,-634.5351283956975,44.60658349246672
139.07764434699416,-634.402053244898,44.452488071841195
139.07660626802655,-634.2704133863662,44.476170428993456
139.07525256486556,-634.1409327976091,44.32812651310979
139.07015721175526,-634.0110962311807,44.357860375003895
139.06315221812156,-633.8826261448293,44.21796110930168
139.05463292295934,-633.7491240401658,44.255839621377255
139.046342597467,-633.6140573395508,44.09209997435828
139.0443795283157,-633.480017335043,44.106138105117076
139.04494360741603,-633.3489067942653,43.982070356923764
139.04518198259728,-633.2159801628135,44.0168536270984
139.0424753823255,-633.0854003808741,43.87393676534492
139.03798628083365,-632.9536999924027,43.908797681369215
139.03238141298561,-632.8236485548165,43.77609539876391
139.0270455499869,-632.6915098611862,43.82117089393637
139.0238927091207,-632.5624703555454,43.689074843852026
139.02039997975103,-632.4316192493607,43.734756571545454
139.01688894705399,-632.2980001499105,43.604755324604014
139.01383485504536,-632.1661367012218,43.652531855440344
139.01256003159412,-632.0389566628444,43.542676320492504
139.01042541489898,-631.9106660892974,43.61059856332244
139.0052727541036,-631.7831584302069,43.48915282144851
138.99712398899726,-631.6513061296035,43.54548485735237
138.98931500768805,-631.5229170223063,43.45969699443911
138.98168504420573,-631.397046532085,43.5420091057408
138.97913095488056,-631.2687943678067,43.43143777959889
138.9776283652128,-631.1418898994978,43.49864423123475
138.977178778974,-631.0127931672653,43.41314358604744
138.97489107642528,-630.8859135802176,43.50542071863791
138.96939184238414,-630.7620997096673,43.40791836836871
138.96414984670645,-630.6368038907974,43.488193795877294
138.9606782959733,-630.5134025561321,43.422115244700905
138.95761020739505,-630.3874596039562,43.528935291589704
138.95343266850756,-630.2581221835981,43.441663860671284
138.94950509788907,-630.1291275573598,43.53217020753064
138.94691537970652,-630.002444969074,43.47086852553448
138.94668517466974,-629.8733509407456,43.5873446213161
138.94528570184485,-629.746019517256,43.518192779430265
138.94161716796478,-629.616993772757,43.626818715322216
138.93672566324435,-629.4898748635336,43.57451465464467
138.93165913242302,-629.3598590125185,43.69998837174491
138.92745098704208,-629.2311128874708,43.640771492364635
138.92552947903906,-629.0997762080617,43.75933239076215
138.92409262662545,-628.9697893172207,43.714490839244974
138.92400691834183,-628.8372437532076,43.84742706550558
138.92213754673534,-628.706071547026,43.791428053521344
138.91993802908272,-628.5727729060096,43.91320681931488
138.9160593198052,-628.440944780921,43.8787450180822
138.91189993606804,-628.3070189812412,44.02039657059035
138.90897735089652,-628.1741694802387,43.966194144414445
138.9075756910939,-628.0383384318748,44.08976949601632
138.90814259552673,-627.8991673378374,44.05272471975641
138.90950581683245,-627.7600791124474,44.19345772127429
138.91224269125422,-627.6187189377703,44.135519075109585
138.91521537186293,-627.4785059401642,44.25535820672266
138.91736982447375,-627.3405165183829,44.22200096867228
138.91768732371452,-627.2006676613206,44.362717127351594
138.9168098056254,-627.0581692120583,44.30660094751504
138.91570576432758,-626.9163479334121,44.42826254545626
138.91580589808646,-626.776270213741,44.38947273445621
138.91696677606546,-626.633856088989,44.52846070123394
138.91832329262388,-626.492182350773,44.46435540555252
138.91969964421824,-626.3479942719188,44.57802788764888
138.92147105470823,-626.2049451109473,44.534584319050786
138.92288561691703,-626.0598915438417,44.66683618568418
138.92338735791822,-625.9169089684636,44.602767625721896
138.92369939880584,-625.7763741213921,44.71647684353738
138.92355839508923,-625.6336519822513,44.66445404112427
138.92373945450464,-625.4921133217866,44.79020901648894
138.92439301814588,-625.3477381291173,44.71415497774231
138.92718689861604,-625.2040294105248,44.81587871677346
138.93077977392977,-625.0570027329677,44.75480479031594
138.93448134954107,-624.9109946208097,44.8688155069678
138.93815202058096,-624.7630001148821,44.77967802809569
138.94176430560734,-624.6163042520626,44.868318327001354
138.94531353871065,-624.468505570136,44.79802607713049
138.9504423501141,-624.3213599056421,44.90313844920635
138.95417146741536,-624.1721709163076,44.80426993863148
138.9563338317835,-624.0246950609643,44.88317920583438
138.95856453638285,-623.8753926001397,44.80362959189331
138.9628305167853,-623.7270304532173,44.898477732137636
138.96744288062703,-623.580966408498,44.7904861065274
138.9724695897598,-623.4335815617444,44.86027225869495
138.97627567697646,-623.2876198057378,44.765135775127284
138.979372842125,-623.1444274572992,44.847777069337404
138.98228417428894,-622.9995588371078,44.73192386923261
138.98593826757627,-622.856415316275,44.79384844690559
138.99009961042822,-622.7105664120548,44.685925747765104
138.99471388631696,-622.5662507266837,44.755780826402386
138.99894245688932,-622.4200275081632,44.62144160394679
139.00303374672805,-622.2763219576765,44.664880159268975
139.00703939318677,-622.1300775308478,44.55198188545939
139.01138160844206,-621.9854052494876,44.6153067735547
139.0153187148397,-621.8396578474451,44.473253055935565
139.0187081383971,-621.6915016065396,44.508977116094215
139.02111848691803,-621.5449707088433,44.3873563368033
139.02453073991938,-621.4004399858893,44.43323019777745
139.02891795510746,-621.2536875126103,44.283617777562306
139.03343776678355,-621.1089885022196,44.31178313512494
139.0379198159912,-620.9633092369988,44.17515270766506
139.0423305680053,-620.8195058036952,44.216300057982956
139.0454305521076,-620.6781227411597,44.05927919428934
139.04699229396476,-620.5357874230004,44.0800361083735
139.04822417593311,-620.3914282004637,43.937156583522565
139.05060456582464,-620.2487173059942,43.972054836449416
139.05318080286676,-620.1045097431928,43.80465068313232
139.05658090285664,-619.9620537987292,43.81502430759301
139.05845475179177,-619.819344884699,43.67772371098201
139.0595860335533,-619.6790239035328,43.71011825380781
139.06055271253953,-619.5381379628938,43.553462749716346
139.06147272264732,-619.3995534081827,43.574585023402655
139.06195964772456,-619.2574943332129,43.4245557798915
139.06564014175012,-619.1137225277022,43.45230431415813
139.06990700476146,-618.9677969306504,43.304127797544844
139.07135401285157,-618.8239248504485,43.33372905870933
139.07057202584235,-618.6794714320906,43.18435447383401
139.0677109169619,-618.5369561947183,43.212757666736486
139.0636533417001,-618.3976750324745,43.07128311478036
139.0606479586769,-618.2606109062306,43.107586340602005
139.0595384239933,-618.1220835436487,42.965580818004135
139.06087895013755,-617.9844141451782,43.00135307318404
139.06269042318667,-617.8446076376416,42.85897082842459
139.06457032244452,-617.7071816230656,42.89436636144291
139.064382059488,-617.5691479881779,42.76600395735548
139.06337217493953,-617.4333648631463,42.81541933104582
139.06098032887516,-617.3007825334196,42.682410440863435
139.05670166342938,-617.1672770892211,42.727179328458824
139.0521064862381,-617.0354857662237,42.607388811406274
139.04915780477336,-616.9008271885045,42.665376072131494
139.04658035925695,-616.7675103040576,42.53338659886513
139.0457564845998,-616.6325000428438,42.57917490337655
139.04282926366517,-616.4994801411029,42.47366335826361
139.03870167172835,-616.3653030387479,42.54430586494716
139.03439270912085,-616.232802792837,42.41951831292802
139.03051942206963,-616.0986645883789,42.47250853868666
139.0259670235455,-615.9665172022304,42.387426105049094
139.02134354795027,-615.832380742569,42.4649166853939
139.01759294637148,-615.6997541867424,42.35907802766979
139.01365959481842,-615.5642296338101,42.43101714772346
139.01056696760375,-615.4304618306538,42.34271138944042
139.00850958039933,-615.2934527417644,42.432183408935146
139.006688501815,-615.1585635249926,42.33477823128556
139.00411747362787,-615.0221589292827,42.415150831413754
139.0002010212544,-614.8882107898131,42.34400001793514
138.99524807358853,-614.7528012040196,42.4506269822343
138.99015826878656,-614.6182073764038,42.356732067139696
138.9859365920034,-614.481424257083,42.44061492982287
138.9844143602272,-614.3461486393402,42.383737907670834
138.98633011141536,-614.2076033306989,42.486842799443146
138.98890621295732,-614.0699638393785,42.41848232210119
138.99034396890363,-613.9310159398432,42.527899622537014
138.9890678298685,-613.7937825065695,42.46174685982086
138.98685639470335,-613.6553966198214,42.57337187488248
138.98448935183453,-613.5183377305455,42.51454850225709
138.9829479631458,-613.379226856078,42.63350290740947
138.98282562726553,-613.2416840503425,42.57667404823677
138.9833995085017,-613.1060021338128,42.69762296684185
138.9849275824058,-612.9679465379371,42.63849774797831
138.98662476223686,-612.8313796635557,42.75715030689256
138.9870978478068,-612.6931950401311,42.70810958456753
138.9860873861964,-612.5570610482088,42.836846640020276
138.98397147504843,-612.4232733104719,42.788559577173835
138.98084323361815,-612.2871820269535,42.918050292105164
138.9787890166762,-612.1513371103109,42.872160992960765
138.97697882016172,-612.0174734836357,43.00404947159415
138.9789427283054,-611.880414842089,42.95211399580965
138.98245485957602,-611.7438469204699,43.07795629780293
138.98581601849398,-611.6054634421661,43.03659511109943
138.98786717979232,-611.4686849731056,43.17301170217371
138.98839339171715,-611.3290865774537,43.11680765451175
138.98819646319768,-611.1913184847774,43.238381384627566
138.98785770735054,-611.0516091544586,43.19990093494076
138.98955051500988,-610.9122701093091,43.339198263031726
138.99285755988384,-610.7707201653914,43.28153275786196
138.9964404186736,-610.6295127520334,43.40164503046998
138.9992061506993,-610.485706572444,43.35581325484756
139.00176912251672,-610.3430169941623,43.48775925700292
139.0046657578044,-610.1983134323668,43.42565725456018
139.00758792919538,-610.0548544134141,43.54133302989521
139.01006298136946,-609.9086001646327,43.49434190673772
139.0128240756248,-609.7642758192018,43.62510677964954
139.01478177606697,-609.6173038451313,43.55251547923837
139.0173722882291,-609.4714837245199,43.65770195660498
139.02087385322895,-609.3245207496489,43.609360660033936
139.0240971620941,-609.1785997884574,43.72747759614779
139.02762964378402,-609.0298763281166,43.654102401885424
139.03158438696593,-608.8818897682709,43.75850498540084
139.03556733720993,-608.7314779529307,43.682776901861146
139.0399117269073,-608.5827202767543,43.784826596099236
139.04344350650854,-608.4325530931386,43.707027698184966
139.04511986766957,-608.2846486079798,43.807006578048465
139.04681197022825,-608.1342139707455,43.71788633642539
139.04848315560787,-607.985003929048,43.80654387258008
139.0505370562485,-607.8330746826066,43.7203465760492
139.05633606668775,-607.6823534778324,43.811927057296096
139.0628016242716,-607.5293419163039,43.71250917854962
139.0680765366876,-607.3784573367441,43.79086907758091
139.07139385464907,-607.2258774009318,43.690886080901
139.0738618074197,-607.0759479751783,43.76868086199887
139.07571412071275,-606.924003647714,43.66272073231017
139.0782382954323,-606.7738173258982,43.73453838039926
139.08209472084118,-606.6210341440111,43.62497437923163
139.0857520827821,-606.4694938398079,43.69318815584178
139.08931761621514,-606.3195395732455,43.576860542350275
139.0928140741378,-606.1681774193357,43.63831070663655
139.09747898955683,-606.017457949701,43.51315998711211
139.10190058434472,-605.8651528049338,43.56578704536544
139.10621063010274,-605.715925087199,43.44871869045611
139.10797128984842,-605.5651685379675,43.50942811332456
139.1091970318975,-605.4162503155812,43.36812134518477
139.1119428020759,-605.2655510399491,43.404592354822746
139.11495352692648,-605.1166388322546,43.28037783278859
139.1208508679581,-604.9651174562125,43.33394108853221
139.1276523255979,-604.8160469949602,43.18561793202277
139.13371654138402,-604.6657308298925,43.215072553291115
139.1383132843971,-604.5177122428539,43.091211004742554
139.14008537917718,-604.3679916579923,43.13263169309759
139.14085667451823,-604.2208795885507,42.98811989073966
139.14306128488218,-604.071704149403,43.021385866159505
139.14675320379223,-603.9242376425598,42.87386078290591
139.1527451882314,-603.7796208902747,42.90411347743008
139.15911196644217,-603.6345926382671,42.7627821125249
139.16258670922826,-603.4885064881214,42.7992285253975
139.16461051525422,-603.3404286502612,42.65083921303078
139.16631535090914,-603.1940584707744,42.680227678441824
139.16834459038273,-603.0474821988482,42.54214919542041
139.17082051699202,-602.9021315709683,42.581848490176775
139.17293990118336,-602.7535981697163,42.425935422786225
139.17618983453812,-602.6053122443855,42.44780013317346
139.18044098978453,-602.4557358807325,42.315351505845705
139.18442126186798,-602.3066296265871,42.36068065629573
139.18829074900478,-602.1597380166244,42.206301041341256
139.19167237977962,-602.0111117939509,42.22969920416456
139.19449767831105,-601.8650702216801,42.10060635296482
139.19717152837023,-601.7173559485176,42.14431745099119
139.20100906064525,-601.5722275159507,41.9978054065613
139.20461408445996,-601.4262331892104,42.029071139909185
139.2048342240217,-601.2829598251715,41.90461619767047
139.2031422558591,-601.1422683192945,41.957939033209534
139.20314526303213,-600.9994185753559,41.807977597376365
139.2034872225036,-600.8539021579409,41.835793939320986
139.20471522012232,-600.710330861545,41.72316226289487
139.20404784940433,-600.5657433811239,41.781906962844474
139.20095578540253,-600.4230090191747,41.6496962140127
139.196601425432,-600.2788175029567,41.6952632429587
139.19205653494285,-600.1359763907822,41.58593954348656
139.18835951012585,-599.9970742107895,41.6543936217922
139.1852953050184,-599.8566686482376,41.5270836219347
139.18363502143666,-599.7175503993968,41.577551399854976
139.18268980174878,-599.5759926283928,41.479048273767546
139.1819010379641,-599.4359602190327,41.55359003888885
139.18033345000055,-599.2939577873789,41.44139203841804
139.1769879473412,-599.1552182747388,41.506971815725
139.17374510889155,-599.0156574189701,41.420402734777106
139.17056892365295,-598.87791716008,41.51161143160699
139.16704057480217,-598.7420893264698,41.40817757519979
139.1643133075237,-598.6039001959936,41.482521496570364
139.161785044361,-598.4667952737775,41.3995752745726
139.16097698398647,-598.332266018774,41.4944068303526
139.16052445658374,-598.1954896466174,41.402299956024144
139.15850502727622,-598.0567602261009,41.487970859473464
139.1586667161379,-597.9183847921153,41.41654756889756
139.15926232905852,-597.7777814949415,41.52290205609945
139.16075758918493,-597.6370949831343,41.43880857060398
139.16159017949732,-597.4983927032349,41.53249286288629
139.1614570612292,-597.3594305910312,41.47823057607746
139.1570224722603,-597.2203466401847,41.58692463446081
139.15302443663882,-597.0793586266884,41.52125234607078
139.15204701708234,-596.9428607412984,41.63335783545854
139.1525089551503,-596.8032981847887,41.56801445859686
139.15366286162399,-596.6651075837476,41.680448859512964
139.15452808399783,-596.5244811956817,41.62315511625249
139.1549125975002,-596.3861854477299,41.7436391507698
139.15437416725845,-596.2468755895497,41.68000435609463
139.15365880594243,-596.1093442050845,41.79414733919724
139.15250756577248,-595.9741245172748,41.74941178056984
139.1512855230253,-595.8374325154672,41.88245399972022
139.15006669992616,-595.7007527815523,41.81908117357201
139.14886585512963,-595.560524279654,41.93348612520158
139.1480963513418,-595.4160852739637,41.88226629113252
139.1474240598096,-595.2736779667072,42.00882423484122
139.1476021055414,-595.134111236396,41.951313320860244
139.14753701985342,-594.9928309038606,42.071580184657044
139.1461904557668,-594.8528082822764,42.01881053902067
139.14542985824522,-594.7103513023895,42.14381867116208
139.1452079380903,-594.5694335056671,42.081876832512926
139.14632890960647,-594.4261521542421,42.197712771641555
139.14975762786196,-594.2832074266523,42.140487151740224
139.15400979813901,-594.1380963488442,42.26103930961666
139.15754485017646,-593.994206914099,42.19608001957892
139.16047553560364,-593.8530171243717,42.30889850731895
139.16242055573827,-593.7096997406574,42.24467488788025
139.16414078030581,-593.5675844631585,42.35822904621933
139.1662040247883,-593.4234641352938,42.29454340010171
139.1678940848878,-593.27631695313,42.408635531761874
139.16907480503374,-593.1302482711418,42.336311026991474
139.17095997583579,-592.9817953771102,42.44176429999885
139.1737805587843,-592.8345680818294,42.3749617017016
139.17715877587128,-592.6862326944984,42.48593688118213
139.1797791406985,-592.5393746809326,42.413307766659756
139.18056622321848,-592.3902252338685,42.518456429915155
139.18056478854783,-592.2423298477962,42.44346145600348
139.18040567084321,-592.0967886749687,42.54624425986958
139.18186172398364,-591.949521597026,42.46919174882134
139.18403076964842,-591.803593136502,42.569917015550864
139.18795423183525,-591.653694937567,42.47447993547962
139.19340655475318,-591.5047240097791,42.55682063318615
139.20031910566917,-591.3529727894158,42.47795166467431
139.2061933903495,-591.2048699723382,42.57686047394024
139.2117764764006,-591.0596031870939,42.47588275677219
139.21146902994644,-590.9139314024953,42.55268281738191
139.20998784956305,-590.7706610611847,42.470142659802
139.20993565473702,-590.6252312978302,42.5648785717259
139.21181444379332,-590.4810290955902,42.455392093767706
139.21528470907063,-590.3336281702271,42.52368339358729
139.2198470258193,-590.187274980067,42.432381876013984
139.2237397554685,-590.038946137874,42.51300252926373
139.22744320443167,-589.8923317310301,42.39405912224735
139.23105612598349,-589.7477347272646,42.452893493008744
139.23377822494655,-589.6021505837238,42.35343373947916
139.23422833398436,-589.4554013200471,42.431751763727355
139.23462831015303,-589.3100972440934,42.30171240291273
139.23583568230904,-589.1667380858756,42.349450819875884
139.2371873621474,-589.0215401303441,42.24039972509543
139.241014457409,-588.8776305640507,42.30385443251328
139.2456928726226,-588.7356165005478,42.17178407521749
139.25088568103246,-588.5917346265062,42.21749149569947
139.25487551480643,-588.4511628436765,42.101733485819885
139.25733423157286,-588.3098052111117,42.163753253718085
139.25863042318824,-588.170300828263,42.02241920565569
139.2592650083815,-588.028473824358,42.05886293537106
139.2593458026343,-587.8886100580751,41.94553657502697
139.26054846740294,-587.7511281128815,41.9944097389725
139.26319040170915,-587.6105827195706,41.85661730872312
139.26690572685717,-587.4714235044524,41.896602656251524
139.2695491122159,-587.3314824560322,41.76179437349711
139.27194051480282,-587.1933753136401,41.80476386852048
139.27301550977634,-587.0580080318122,41.659484840827325
139.27093548996532,-586.9216668345497,41.69198359091195
139.26866471636805,-586.7870699290058,41.55759291859382
139.2672094207936,-586.6504694822402,41.60098002405346
139.26634858502743,-586.5162288669175,41.44433988231031
139.26644199533158,-586.3796938621902,41.46547751834494
139.26754625968104,-586.2442329218713,41.3335449975057
139.2696583230799,-586.1109133500298,41.37272256556795
139.271531241387,-585.9756514857945,41.2104354550974
139.2729190269487,-585.8419248873718,41.225926122404616
139.2733687152333,-585.7069583426224,41.09514621056754
139.27321194405135,-585.5736633327998,41.13341073287179
139.2733485550551,-585.4399708256577,40.98947325203809
139.2718974551395,-585.3068717791533,41.02331354898217
139.2701494509055,-585.1757843889934,40.87495090133444
139.26918825964586,-585.043105906318,40.904366031464484
139.2696318790345,-584.9132246324486,40.765210572872654
139.2703501512993,-584.78575000068,40.80383289205861
139.2707024720449,-584.6567118920944,40.66031479698119
139.26892148059162,-584.5300158523565,40.694574479681556
139.26632848968808,-584.4025519033977,40.564423105954475
139.26237619920963,-584.2767471932021,40.61204951000517
139.25861892583626,-584.1492057755264,40.47658171874772
139.2549540926608,-584.023950494295,40.51889170526804
139.2517723140412,-583.8970760710188,40.395521364989456
139.24831995385094,-583.7712733666868,40.44992880248866
139.24527502202477,-583.6432075334943,40.319390239989566
139.24276554823518,-583.5181477886017,40.36662945526826
139.23752241190238,-583.389563888852,40.25686732239686
139.233039112111,-583.2625127958162,40.324882967303225
139.23123731989156,-583.1345369907797,40.20563288085378
139.23081878800923,-583.0073785659035,40.264160572182114
139.23027219398108,-582.8779254257689,40.16032838867667
139.22806509463882,-582.7502633427978,40.234273982949
139.22350217297995,-582.6260035542172,40.12186026499592
139.21812231507687,-582.4995159192855,40.18722432482061
139.21470891679297,-582.3743816503361,40.093428434797076
139.2117373565418,-582.247031075297,40.17741032255132
139.21054087053187,-582.1210484472183,40.071406316429844
139.20889508272674,-581.9971311614645,40.14318008808615
139.2063597302114,-581.8711226566841,40.05943434687567
139.20327185643418,-581.7468969179441,40.15346638344297
139.19970672816504,-581.6205278318076,40.058083586444475
139.1956861863773,-581.4967557698614,40.14047856722376
139.19163174292459,-581.3760829820785,40.07328638900724
139.18844951566803,-581.2530689509991,40.18124694654151
139.18589765666053,-581.1305184263691,40.096791736891554
139.1839206088532,-581.0055368771569,40.19011430501937
139.18372930796582,-580.8771693050617,40.13443015003007
139.1834872105195,-580.7499502005263,40.25652377281855
139.18282773025842,-580.6213230167674,40.18088380032494
139.18168348604252,-580.4946524704438,40.28302160560911
139.18127989606452,-580.3659081215997,40.24311964850927
139.18103017688043,-580.2385800429902,40.37075679988909
139.1820467834169,-580.1066225511015,40.30426989499196
139.1828915300267,-579.9756159053303,40.415560767872606
139.18368989047715,-579.8423959677448,40.38212835638565
139.18364628590268,-579.7110387220198,40.517396556070864
139.18179046403273,-579.5776555399394,40.461454729760945
139.1787772592814,-579.4461730647332,40.5832906812288
139.17434343242132,-579.3114455927714,40.54676335845412
139.17050987334375,-579.1775763566152,40.68801381345721
139.16849533399625,-579.0406964634233,40.6317948533426
139.16892658315436,-578.9043416195274,40.753353671005755
139.1702515233589,-578.7653554988261,40.718943455431955
139.1705043581787,-578.6286393698138,40.86231101763593
139.16971784271522,-578.4900549796407,40.800795602693654
139.167500865415,-578.3526572485623,40.917057965529146
139.16543999275797,-578.2127753948116,40.88810355431559
139.16672854010733,-578.0735665917798,41.01430806480207
139.16948997878455,-577.9305682574237,40.96934704180629
139.17291738859953,-577.7884368820025,41.10216379658827
139.17560791392467,-577.6468612112632,41.03744934116869
139.17811279710276,-577.5035542021108,41.15051266352688
139.18054492684627,-577.3627568471836,41.10908712040982
139.18210480450202,-577.220197207705,41.23567909149804
139.18346804681357,-577.0797232928553,41.17512232426472
139.18477257372123,-576.9361692630537,41.292343334809175
139.1856361376098,-576.7936302009078,41.23390778952546
139.18680989376375,-576.6529124656213,41.353250022019516
139.18926277272766,-576.5090652034976,41.2773345140818
139.1931685908639,-576.3662289748454,41.37919678392186
139.19648811408774,-576.227263734806,41.32023038921424
139.19717738955435,-576.0851450870143,41.439041772284384
139.19897525688515,-575.9444170006631,41.35377767147155
139.20302438403118,-575.8000627149389,41.44629134843648
139.2082875088875,-575.6562184502928,41.378576025654
139.21453991328792,-575.5102553082928,41.483034191474154
139.221311917179,-575.3651247555083,41.387643470211316
139.22768086135736,-575.218367021762,41.470030526726255
139.23346794638707,-575.0733710729255,41.39491630712044
139.23946702104436,-574.9257052012323,41.497579865292394
139.24460184012096,-574.7804232595873,41.391927566030844
139.24866944621013,-574.6342372248998,41.46405304454707
139.25082131485962,-574.4891299063194,41.385452524450905
139.2525594316671,-574.3463020794912,41.47342591389322
139.25830030044486,-574.2016948134395,41.37353322808082
139.26558140503852,-574.0583794073269,41.45141832004618
139.27265633664115,-573.9181801923114,41.35540063804099
139.27794496795167,-573.7771492710177,41.43716073381357
139.2807460120029,-573.6387773371268,41.32919298082687
139.28177770153133,-573.5024962682207,41.39900300561794
139.28449595834857,-573.3647138141804,41.29748995529917
139.2895662023044,-573.2277711002374,41.37375468275818
139.29626851132946,-573.0882684084677,41.25783759163797
139.30361257830668,-572.9502377594157,41.31969827829554
139.3105698812551,-572.8140557325825,41.213017055639185
139.3169402164225,-572.6763224634636,41.284113610760606
139.3222794466002,-572.5406467079374,41.16034604828967
139.32610452006185,-572.4042738436526,41.2143562635965
139.3299830278022,-572.2697010827972,41.103334197359864
139.33587217251042,-572.132317821893,41.17008990890101
139.34207968788746,-571.9924685784675,41.0333073913766
139.34744125940182,-571.8537062166665,41.07430265162997
139.35173427757098,-571.7132769625582,40.96432384556504
139.3557525288127,-571.5749204349358,41.02166978132751
139.3584266782068,-571.4397657454479,40.89124198746337
139.36079397488447,-571.3037265125039,40.93859197137701
139.36306623279944,-571.1694451510707,40.819924567385996
139.36610849973815,-571.03233892108,40.87903494117277
139.37008283401852,-570.89620878376,40.73853989532554
139.3766528356797,-570.7587610491493,40.77582262725609
139.38364853079335,-570.6242330517504,40.65579677551258
139.38939787026703,-570.4879356222013,40.71354870154684
139.3935823924513,-570.3544512029981,40.576866652041346
139.39657310463994,-570.2203896087149,40.61796238031363
139.3980505202561,-570.0873014554234,40.503879310493936
139.40043626442457,-569.951214577399,40.56047585628959
139.40461418816423,-569.816872301138,40.428786793276736
139.40991246179163,-569.6809335909363,40.47487550804166
139.41412745217164,-569.5461982778249,40.35505692019697
139.41683206159453,-569.4114012130292,40.41301611013006
139.41796412926976,-569.278508911707,40.28581649487256
139.4187655880774,-569.1440298091429,40.336394657392844
139.4194895265863,-569.0119654935668,40.225512562092085
139.42018766502105,-568.8822623834321,40.2924082445691
139.4204582699166,-568.7506095141742,40.16722495998404
139.42146263061244,-568.6208479783434,40.219819453176754
139.4234207915607,-568.4886346510408,40.120676716447235
139.42472052982595,-568.3574024438767,40.19630390696292
139.4242256539437,-568.2251946521311,40.07712962437848
139.4233788934667,-568.0946720320628,40.13573311957182
139.42206313221976,-567.9671605458154,40.04756506946381
139.4206722838677,-567.8377981163588,40.12947925958622
139.4184648657156,-567.7099053194794,40.017674288558595
139.41694686132834,-567.5802693688931,40.08364709530876
139.41599899575644,-567.4513089433073,39.99645124765858
139.41558930536908,-567.3243177265521,40.085647608328784
139.41611618783745,-567.1948508933125,39.97820391068033
139.4172335581041,-567.0675480206263,40.04853799080964
139.41557668999772,-566.9390413586847,39.974654299996416
139.41215476078537,-566.8129411447507,40.06842861625141
139.4084284867895,-566.6844383123497,39.97640172449575
139.40716011751152,-566.5564647743162,40.06215261051787
139.40763514598467,-566.4257398299193,39.98717129524835
139.40927343138085,-566.2963238034589,40.089967757756625
139.41029973476935,-566.1647434774067,40.003150433580586
139.41036593433031,-566.0354212116287,40.09411088718233
139.4081840605098,-565.90453203013,40.02866006198925
139.4059960475518,-565.775191000513,40.140987014573945
139.4038379251728,-565.6429146736934,40.04940224608907
139.402537807539,-565.5115218840815,40.13559525538198
139.40142778141612,-565.3774989438078,40.0797011337389
139.40037156063363,-565.2448560774412,40.187640160489934
139.3993411227259,-565.1101090355111,40.10706215239433
139.39833049651003,-564.9729997830644,40.20426192207649
139.3969275393165,-564.8343298645494,40.149918005325596
139.3954660690964,-564.695682673884,40.264954177643276
139.39483501495855,-564.5581923443891,40.19082731568324
139.39561279680711,-564.4186221384812,40.294478231500975
139.39748261740004,-564.2793925113301,40.23227617135198
139.39995491940448,-564.1383551546278,40.34785188898076
139.40251255606273,-563.9989621166438,40.280557453445915
139.4009406621526,-563.8588421989436,40.391040795688845
139.39774388461998,-563.7205697219076,40.329009274480185
139.39508892897663,-563.5799559415667,40.44475553104931
139.39422454152475,-563.4400559632186,40.380011284715415
139.3970176723327,-563.2967933227387,40.493044816159305
139.40132569337666,-563.1553045518306,40.43415685830068
139.4050523117241,-563.0127357284674,40.55304667821983
139.4057332042935,-562.8715678734345,40.4846629267559
139.40456326790186,-562.7280123771169,40.59405695306975
139.40303980481337,-562.5856121418234,40.53733678991406
139.40393308119388,-562.4407908731921,40.65839440453614
139.40611833442634,-562.2971361892695,40.578546174631114
139.4085309038721,-562.1502628000154,40.67647572250387
139.4093101800173,-562.0056540912311,40.62045067935919
139.4093410477972,-561.8592883090657,40.732307683812046
139.41004490600673,-561.7146527589038,40.65716947876548
139.41128401854098,-561.5681536274116,40.75980905149669
139.41302322567302,-561.4233653228566,40.68661806906798
139.4148377163343,-561.2758921729095,40.791204864417054
139.416641457612,-561.1295705609056,40.705897696354775
139.41841739580374,-560.9808829416386,40.79836830607027
139.42016251559068,-560.833836789282,40.72017379283716
139.42352109665964,-560.6896209200298,40.819757057381814
139.4267421590543,-560.5429359553168,40.72688251312009
139.42783657371555,-560.3970238021209,40.81178574663614
139.42849009382164,-560.253341406296,40.72329328198461
139.42781236273072,-560.1082924449082,40.81257859511086
139.42687802024258,-559.9650330889698,40.71625826245666
139.4283714216793,-559.8245780094057,40.79771570758025
139.4299184657472,-559.6820058129148,40.69848135866241
139.43022045815906,-559.5418556642775,40.77702478752236
139.42985847856983,-559.3990987273248,40.67353459036998
139.42977951940122,-559.2582596424791,40.74782217099538
139.43140273173603,-559.1155405061503,40.64676344628659
139.43457707046272,-558.9732466983527,40.72348249935558
139.43842715498369,-558.8330616904167,40.60741281698851
139.4415345207948,-558.6910255181215,40.66912091239921
139.44362781588347,-558.5502302940715,40.56156587093375
139.44548852551978,-558.4116856806348,40.631788607246065
139.44727625463963,-558.2721127127119,40.51125243942544
139.4490239621754,-558.1300524449911,40.568494049382586
139.45073880910937,-557.9899257966737,40.456051158097814
139.45160136165552,-557.8521787845689,40.52138604459083
139.45310252124344,-557.7121894349896,40.3936217954543
139.4538887190811,-557.5741532442206,40.44363532409556
139.45493140975503,-557.4380601999269,40.32661625830214
139.45642123628443,-557.300435330447,40.387374970286494
139.45797930134094,-557.1644614274071,40.25202905225978
139.45952885495538,-557.0307515687205,40.29446091201085
139.46105466818557,-556.8955383924504,40.173736448737415
139.46255403288407,-556.7619475845037,40.230789763241766
139.46361611691165,-556.6267234306015,40.09204578458128
139.46498630627664,-556.4935064621415,40.13107958369858
139.46598796290482,-556.3579082387657,40.01271932247675
139.4677230005358,-556.2237622724728,40.06566912963926
139.46999070494329,-556.0879586113391,39.93290912596619
139.47192202424336,-555.9545726188622,39.9779269000709
139.47375859886967,-555.8193005386765,39.857878489418894
139.47472877105545,-555.6859857772005,39.91560785654467
139.47510119808203,-555.551100733852,39.78205466269101
139.47534877933688,-555.4174111103008,39.82627924661513
139.47638920361504,-555.283232600911,39.71363360705668
139.47675206601926,-555.15127351982,39.77876574527601
139.47615114422783,-555.0161399646535,39.63909616640522
139.47536601204052,-554.8839325252341,39.6772043653122
139.4745552040985,-554.7503328147692,39.57517418432873
139.47292945916288,-554.6183547348662,39.63335843388777
139.47116384853436,-554.4843113359899,39.511357262165305
139.4698060423406,-554.3521701572139,39.567133868220616
139.4689597747219,-554.2188416525563,39.456283759135715
139.46781718395766,-554.0875807992329,39.523211427828585
139.4653995787441,-553.953924741646,39.40485553664334
139.46399335435925,-553.822918973803,39.46427742323586
139.46322007244248,-553.6896309014959,39.36520070731989
139.46135237680662,-553.5553251319911,39.44385636313577
139.45805858343152,-553.4168201717687,39.31871257543333
139.45576019334771,-553.2827216661702,39.37134656550867
139.45410423880332,-553.1475538524651,39.29022697675662
139.4521896560537,-553.0145052304891,39.363965888453386
139.44778479950656,-552.8795060272604,39.265469610752604
139.44212320171525,-552.7460366964493,39.3447511108296
139.43752277617705,-552.6105049039377,39.24087492185345
139.43443379114157,-552.4768970712462,39.31477651065508
139.4321016931049,-552.3459831196947,39.22165959890212
139.42913102897342,-552.2140227205709,39.30632046492694
139.42525356773504,-552.0833209131649,39.205671750098816
139.4224836709685,-551.9500523609188,39.28280081304846
139.41997468118362,-551.8189853902254,39.189709652816646
139.4159091117609,-551.6863650216482,39.2743962703626
139.41159004784242,-551.5553201298471,39.18116228158829
139.4076923783783,-551.4205500829736,39.26570607059177
139.40516819910408,-551.2865428457523,39.17212550972117
139.40459728397312,-551.1550029400574,39.25632272662835
139.4048358080193,-551.0203321793267,39.166386858577994
139.40441149422557,-550.8873594539635,39.25422876830542
139.40386064754898,-550.7566175033235,39.16294411505878
139.40206032855963,-550.6243251487039,39.24943723958993
139.39921260853336,-550.4931935378874,39.16246307623241
139.39619590920674,-550.3603030587409,39.253266690652666
139.39565409596602,-550.2289508038541,39.16465921653194
139.3956149657308,-550.0950969814443,39.25382952018898
139.3965000397267,-549.9626465443374,39.16985499826656
139.39673425573864,-549.8319516349522,39.263658254121914
139.39642430241497,-549.6991999364893,39.17157438637473
139.3960099234492,-549.5675160154778,39.257268296405336
139.39599121941146,-549.4336518212776,39.17621679837065
139.39481991637228,-549.3016643076463,39.27294307811375
139.39343475206493,-549.1676626192113,39.18075996107157
139.3920265156185,-549.0300776753846,39.266354621807174
139.3914550263293,-548.893323955236,39.18768902852904
139.39188034765257,-548.7578618660654,39.286801213028696
139.39373275986173,-548.6203180083584,39.1880769150402
139.3966655781633,-548.4847246429206,39.267130394829486
139.39936209982307,-548.3475920371337,39.19016080662385
139.40156234495754,-548.2121019136705,39.290968996196
139.40322137574503,-548.0754201462058,39.1940061146809
139.4039254574475,-547.9392155239669,39.27482101094358
139.40484098017097,-547.8007767965117,39.2014188840681
139.40619643699767,-547.6638601543593,39.298076405638085
139.40762060303683,-547.5249285215114,39.20198045896987
139.40862758944593,-547.3871591404137,39.28366229007944
139.40912437390006,-547.2469060408639,39.20309025926638
139.40910138591764,-547.1081509083729,39.30027616085452
139.40938543705477,-546.9678109978445,39.20021427238796
139.40931618951075,-546.829150077103,39.27793016169918
139.40958793375114,-546.688941020747,39.19848575381314
139.40951334487474,-546.5500057549588,39.296819123704864
139.40978121686126,-546.4086256599528,39.193499793383126
139.4113475490632,-546.2640917826769,39.267958240839164
139.4139726299169,-546.121391630757,39.1911887115001
139.4171827926844,-545.9768210705134,39.28532164475104
139.42087676063082,-545.8347520987954,39.185275875955526
139.4242025087356,-545.6952039812691,39.26300788493779
139.42576464667675,-545.5534673855858,39.18057134142456
139.42818384551225,-545.4082244591876,39.275912575689105
139.43074005014319,-545.2639352771553,39.1725404213004
139.43411041213403,-545.1218889568071,39.246946044689466
139.43718322711518,-544.9788643120186,39.16679247151519
139.44056527488132,-544.8372692417345,39.26178678777937
139.4427272911918,-544.6937072162398,39.15262042934663
139.44461455253474,-544.5517935707322,39.22123184869166
139.4468306885006,-544.4075505952916,39.139577484545065
139.4490810810129,-544.264893209515,39.23196549724454
139.45130631925207,-544.1245818467133,39.12614619396291
139.45349487880387,-543.9832881167777,39.19810466845906
139.4544129764379,-543.8395407575742,39.114930397363416
139.45465325763314,-543.6969381905147,39.20755403793848
139.45722033598588,-543.5557731517267,39.09528031195342
139.46021626421128,-543.4126366324781,39.16078436374613
139.46325535365426,-543.2723699809665,39.07685754949217
139.46543674162422,-543.1308144287128,39.166026872313324
139.46577289844845,-542.9906054419426,39.05806128422712
139.46573522814646,-542.8526598516366,39.12787347391869
139.46644466150798,-542.7128621667968,39.04086748115713
139.46770409254995,-542.57468229679,39.131099517398006
139.46864494455318,-542.43493343679,39.01997254299168
139.47115314418687,-542.2905454292446,39.086623346363126
139.4735266967296,-542.1468724438531,38.99607279143104
139.47583956266243,-542.0053858120178,39.082724487020734
139.4772860638467,-541.8629015941023,38.97228812090796
139.47853871961993,-541.7222443011809,39.03962953257298
139.47932412409554,-541.5805057414243,38.94962962157485
139.4791835747813,-541.4401560989285,39.03740748835451
139.47927050029935,-541.2978136570224,38.923267772670904
139.4798123511765,-541.156279303297,38.986905834765075
139.48166948080186,-541.0122421669051,38.89867603105835
139.48417569811104,-540.8701636688087,38.9712628752593
139.48595297786642,-540.7270486814554,38.870502496276
139.4875591932434,-540.5857618094041,38.94751989507048
139.48705324068155,-540.4472606403713,38.8449901319923
139.48613205030173,-540.3074286285685,38.920238146691894
139.48637469151035,-540.1693191701573,38.81497484114346
139.48725731480616,-540.0326988902774,38.88748931337281
139.48825538165474,-539.8940528234176,38.784815578179554
139.49008367581868,-539.7565645654461,38.859919620764074
139.49123067970652,-539.6165877022544,38.7533325502794
139.4922251125949,-539.478103900073,38.8245232575725
139.49276422157124,-539.3380304797247,38.72139281152921
139.49320459843747,-539.2004508466101,38.796040143263696
139.4932082990774,-539.0649159923911,38.693654233964615
139.49435661184071,-538.9274510341002,38.76904610244331
139.49654062658053,-538.7911462232904,38.66107754038968
139.499722053506,-538.6527453326196,38.730886756113826
139.50264704924123,-538.5163024830882,38.62873675607091
139.5042453810213,-538.3821917623115,38.70436453380576
139.50432364818056,-538.2461881530924,38.60028220792848
139.50368612261605,-538.1125597952935,38.67397765982898
139.5025020610926,-537.9770403133119,38.57251694767508
139.5012255323635,-537.8434788835709,38.64883401329897
139.50036110971294,-537.7117997157231,38.545303827814124
139.50041273562246,-537.5781031039746,38.61955142010706
139.5002361703422,-537.4459044663685,38.51926832661951
139.5000164779746,-537.3150660264367,38.59676301090975
139.4997912847032,-537.1820937727412,38.493701568714144
139.49956819399983,-537.0497681394565,38.56841790429632
139.49893802998895,-536.9198626837053,38.46423645730319
139.4998780803158,-536.7888416966091,38.53783278808783
139.50111880390557,-536.6594610128383,38.44569330208746
139.50158068296798,-536.527162248346,38.53133159386487
139.50105889084492,-536.3957525612491,38.42268588540603
139.50034778552828,-536.2621229607365,38.49181795472497
139.50001959773743,-536.1303587763036,38.40278098727461
139.50059399434477,-535.9961660990431,38.49152179760203
139.50175140530223,-535.8638051301825,38.381163279230954
139.50341962484055,-535.729017414559,38.44858253863765
139.50516628030604,-535.5956613304273,38.363290133532274
139.50608244830144,-535.4602215257906,38.4515217926517
139.5072301555247,-535.326700120941,38.34354369009413
139.50758651431298,-535.1924231449179,38.41334336531435
139.50736886853375,-535.0603136605412,38.33279706673144
139.50621640613653,-534.9262498982716,38.418863316236504
139.50530581543646,-534.7932930761535,38.31702290013076
139.50568854969913,-534.6577730279804,38.39296026180279
139.50632450562262,-534.5236677308368,38.30350094079672
139.5070020611718,-534.3878948814586,38.39181939756842
139.5076783003005,-534.253719513269,38.29440034656049
139.5079339918553,-534.1170963576646,38.37475907333034
139.50769127072658,-533.9819267294572,38.283032338546725
139.50694165242828,-533.8447035525525,38.3690833815409
139.50733331593406,-533.7090212844242,38.27180704392528
139.50876899880862,-533.5704906791981,38.35230848408744
139.51080551140046,-533.4333606196043,38.261753340792545
139.51293322620114,-533.298460963318,38.34897597527542
139.51299380949973,-533.1620681828048,38.25640561175038
139.5126401048688,-533.0269076969912,38.34161302600311
139.51302990645115,-532.889240397027,38.247997867627795
139.51356286543142,-532.7534385580543,38.33216048703025
139.5132955426969,-532.6152656596565,38.24016107392969
139.51204885443164,-532.4777641194842,38.3259394386069
139.50980269040446,-532.3419435395283,38.23254049197273
139.5073885766688,-532.2041241554197,38.31691932311633
139.50579654038683,-532.0690935528321,38.226008203375805
139.50603600633383,-531.9330922528967,38.312874861413064
139.50745970032202,-531.7984221653129,38.22004589341529
139.50951243627063,-531.6612580725563,38.30499470319529
139.51207245281117,-531.5259548458621,38.214300896555734
139.51469751634596,-531.3886814382711,38.301384867693955
139.51647514393156,-531.2529663274087,38.20823281151508
139.51723666917943,-531.1156352685798,38.292858533113986
139.51737347671178,-530.9799341729944,38.203394181968555
139.51738339499389,-530.8468997078614,38.2917076086009
139.51736779436595,-530.7112043923232,38.199435591750905
139.51857931183162,-530.5764979067471,38.28494135267868
139.52084213355647,-530.4396383460694,38.19722309029387
139.52369370044642,-530.3000279507899,38.287282605686826
139.5266224607514,-530.1622618475451,38.20094564379703
139.52870367292616,-530.0229661650645,38.29238645968501
139.53058577601283,-529.8853456608877,38.20726589056752
139.5328119562602,-529.7496085728753,38.29992309922781
139.53507529070953,-529.6110924289032,38.21620581830171
139.53731386635374,-529.4731727033424,38.31026631515338
139.53992631938334,-529.3334760086716,38.222570018721484
139.54257639300246,-529.1954107176143,38.312651500067375
139.5447856341369,-529.0557775247526,38.23083648787537
139.5456415106783,-528.9174077569394,38.32679925346114
139.54621454183473,-528.776991933056,38.23922047468616
139.5467228541377,-528.6381639230093,38.329419473688944
139.54885543778389,-528.4965416963173,38.24363411926356
139.55087187895353,-528.3567854757425,38.335626542615955
139.5524257466868,-528.2143038781949,38.24636010726102
139.55386500028058,-528.0733036101957,38.33487144968386
139.55567152832867,-527.9311578341398,38.248101706049084
139.5575258184243,-527.790393918621,38.33910974019209
139.5593632888036,-527.6476416842304,38.249001968163356
139.56158192899426,-527.5061131511767,38.33667197391239
139.56425591582004,-527.3625755419715,38.249838856285706
139.56698294193797,-527.2206775413115,38.340783516436794
139.56968179154288,-527.0768589005921,38.24879059048778
139.5719259555397,-526.9304348858622,38.33457544231655
139.5744579320825,-526.7851633823173,38.24181127691061
139.57660079413478,-526.6425973535044,38.326824889282456
139.57863535702867,-526.4983333587144,38.23254617303881
139.58061932408523,-526.3553726364325,38.31604523457295
139.582564955554,-526.210439121147,38.22109438705648
139.58283080425767,-526.0675812128117,38.303921317317794
139.58275691544898,-525.9233124050069,38.20734359635497
139.58261613000084,-525.7795847959082,38.28854365316993
139.5841084119512,-525.6341535525469,38.19095105544631
139.58713808381577,-525.490449937794,38.27113623550048
139.59002147832996,-525.3479071890616,38.171835164772425
139.59160260909655,-525.2037661104042,38.25031187182215
139.58920124436494,-525.0634033722138,38.160899426054684
139.58603753327654,-524.9211152388376,38.24926475806499
139.58934234791892,-524.7737421243214,38.14390635956442
139.59266008812142,-524.6231813200945,38.216325738841626
139.59511189446422,-524.4741242871413,38.123360486771894
139.59653431056708,-524.3291270418003,38.20817301247995
139.59608617425957,-524.1831461592488,38.10958459445527
139.59485963429748,-524.039453610696,38.188773954208365
139.59390552439507,-523.8944063563001,38.09181961315486
139.59425324784542,-523.7503314994648,38.17264304987913
139.59608839256612,-523.603005075661,38.06298733270273
139.59942869948267,-523.4567147587132,38.131109393304115
139.60384386558445,-523.3084455698665,38.04286083573366
139.60717743227204,-523.1627071017704,38.1308730232024
139.60531571279503,-523.0173288360372,38.02897476629339
139.60162008053987,-522.8744991016672,38.104854287162155
139.5984315591656,-522.7342104297918,38.019018207955334
139.5970342522715,-522.5913407426377,38.11095990652629
139.59765950552702,-522.4491672213118,37.99936091481254
139.59991237832176,-522.3091549565659,38.06553970087657
139.6032818452779,-522.1664800064567,37.97698969889289
139.60559293198074,-522.0257123407877,38.066217474686994
139.60683814051092,-521.8830614943628,37.959967684342566
139.60702935266303,-521.7424717127137,38.03149567177592
139.60495371274448,-521.6012554209143,37.95090777490701
139.60245422262398,-521.4576555699016,38.04316872469177
139.60113751076696,-521.3156213160383,37.935754759380146
139.60048674779802,-521.1746917798822,38.0061185718463
139.60285487434666,-521.0304924073372,37.91972260660688
139.60579309877676,-520.8876899030352,38.00579803387822
139.60839288803575,-520.7433399635539,37.9006170829707
139.6100666821466,-520.6015530695095,37.97321390984095
139.60906569437822,-520.4588481981567,37.88703066161022
139.60672265317118,-520.317578645068,37.97862519115726
139.6041445245291,-520.1790159892761,37.87181290211506
139.60237737845182,-520.0374702707148,37.942778390850634
139.60038689496506,-519.8965214787081,37.85037643695032
139.5992013864282,-519.7530211214987,37.93575226082778
139.59819373344718,-519.6110513452178,37.82510001598889
139.5964146493086,-519.4714068108298,37.89222554892776
139.59368347035738,-519.3315840470873,37.80456878937481
139.59162382698872,-519.1894475612247,37.89137267242371
139.59013845010892,-519.0484609387372,37.77996524941274
139.58837838522032,-518.9050320986668,37.84633560417955
139.58699908143058,-518.7627458030274,37.76227817988828
139.5857155466256,-518.6231205324789,37.84351588297394
139.58529075366815,-518.4813376930184,37.73739990836574
139.5846330839134,-518.3411398068258,37.80906171153532
139.5835275256579,-518.200214614557,37.712819934609804
139.58111433541967,-518.0619677860298,37.79435593546206
139.5776526063794,-517.9219561407009,37.697225978940615
139.57526418083614,-517.7823543643009,37.77787380019696
139.57476705137785,-517.639733786951,37.678891780550885
139.57465525142212,-517.4977182754001,37.757687538682596
139.57585588518853,-517.3574346642843,37.655595635022216
139.57689126335245,-517.2152259112803,37.73128150913961
139.5774664205731,-517.074654654386,37.62562507402878
139.57835379803578,-516.936819021256,37.697746416695736
139.57929099906735,-516.7968152863278,37.59891165056208
139.5777590579536,-516.6591886508257,37.6778546622062
139.57493196490665,-516.5201370140247,37.57548067123175
139.5714753823519,-516.382778000243,37.65088445803508
139.56876339551417,-516.2438532837056,37.55812372188019
139.56747267607707,-516.1065912448078,37.643140763503084
139.56730590035212,-515.9665294682133,37.53051576077492
139.567366285291,-515.8270801782355,37.59566853582452
139.56747124355465,-515.6854699977052,37.504577879657184
139.5663516237435,-515.5462612060763,37.59126500126763
139.56335856735467,-515.405245883931,37.486071330109134
139.56044405823008,-515.2658748069307,37.55865543672841
139.5592311537992,-515.1241374120544,37.466586515893226
139.56002026494787,-514.9843532409968,37.55229537283582
139.56160922296502,-514.8418615340246,37.44625342385643
139.56292488517516,-514.7016744241464,37.51798925265482
139.56293339880582,-514.5604931170275,37.43479566890554
139.56185902830447,-514.4219404379394,37.52937986293403
139.56017269424612,-514.2812084558935,37.42965395414618
139.5592092842274,-514.1420421347784,37.50770582313612
139.55881482751462,-514.0051682001942,37.43184863828086
139.55895043818074,-513.866022061097,37.527582247783485
139.55754746697096,-513.72799155952,37.43070726812496
139.556267399421,-513.5887001748026,37.51161006624421
139.55667278467476,-513.4511376464843,37.42962476170906
139.5569988283435,-513.3146488898485,37.52541723495168
139.556893699963,-513.1764582831993,37.434039276387814
139.5567038323319,-513.0398926840641,37.52043909560173
139.55691038385694,-512.9013276860637,37.44812854493707
139.55719328159154,-512.7639246215955,37.55359577205019
139.55831053624473,-512.6236218985282,37.464337536877544
139.55916632799324,-512.4847346602469,37.55285707948267
139.55913632256704,-512.3403920263117,37.48182773119686
139.55892958444974,-512.1970111862619,37.588576160688824
139.559511773403,-512.0503667880474,37.49966927393127
139.559832801083,-511.90433573186357,37.58854016495149
139.56009703078138,-511.7562375635516,37.51750586623968
139.56034614294992,-511.60983225787436,37.62424934530566
139.56182246646168,-511.4619899557382,37.53950166903089
139.56352323564104,-511.31596290038505,37.632531770533895
139.56483403857,-511.17196683473134,37.565637744386045
139.56645887238503,-511.0261582443957,37.676521496015965
139.567712736963,-510.88124131574176,37.58700471083539
139.56846213050844,-510.7342970935206,37.675265703432586
139.56909997180585,-510.5894479526353,37.607589289600206
139.56847443113298,-510.44362901579865,37.71662273638802
139.56719444397785,-510.29887221131787,37.61972527447295
139.56662310512138,-510.1513003745276,37.70060559033566
139.56743539941058,-510.00444477517635,37.64450745458014
139.56810042325458,-509.855145480726,37.74410240843639
139.56831586822597,-509.70666125944354,37.66769603851042
139.56802766664993,-509.56045182838614,37.76906744636223
139.56805350129792,-509.4125101117267,37.686378961907955
139.56937555354241,-509.2663259979171,37.78146825523146
139.57011493567427,-509.11748802318493,37.70539105613149
139.57155037923772,-508.96900763857553,37.80709163480929
139.57269395322348,-508.8176242707941,37.72254315675222
139.57252911135257,-508.6690417587201,37.815772456472935
139.57210493072802,-508.5188659246258,37.73984627234501
139.57163491514387,-508.37009837132354,37.841697865994874
139.5711624172339,-508.2198705016044,37.75502125985837
139.5727512539401,-508.0698498094157,37.84612243149963
139.57555109411422,-507.91732684702197,37.7593700814173
139.57814264836608,-507.76606375716347,37.85039550911275
139.5798343544397,-507.61375682797893,37.758990157724575
139.58132203105794,-507.4625877183665,37.84536258411418
139.58192463260656,-507.31461568889404,37.76013232309485
139.58069898214143,-507.1647102332021,37.8526798398533
139.5795357794135,-507.0169607476361,37.752421987527065
139.57881227622738,-506.8662486710012,37.8299419129786
139.58188655832822,-506.71381109235335,37.73680599746686
139.5856766743633,-506.5581101921994,37.8214478597329
139.58955605331272,-506.40397104054637,37.71362139360916
139.5888772225666,-506.25093732875035,37.783572705263204
139.586473293252,-506.1007100732713,37.691417040944174
139.5837585334406,-505.9531806744669,37.777039154402935
139.58307532855827,-505.80443126511375,37.662384403594125
139.58363126246454,-505.65591606747273,37.72550743056309
139.58565911751296,-505.5048843727629,37.625972266664924
139.58836318285137,-505.35631516274174,37.70421488054454
139.59116403242962,-505.2087141006453,37.58139520703653
139.59394440455068,-505.0595481054614,37.636353311306294
139.5954491381102,-504.909563040036,37.54458479313389
139.59503289885785,-504.7627757259372,37.62237755817373
139.59382771822362,-504.61871560390426,37.50187109112858
139.59617966743758,-504.4662595531312,37.5591424018612
139.59920959267683,-504.31429258044324,37.448223894142
139.60192135418438,-504.1607269536507,37.515083164200576
139.60083313789306,-504.00557852939585,37.3918497692453
139.59941106956254,-503.8486347676826,37.446394152067796
139.59917445579597,-503.6905258053108,37.33190874042452
139.60287785367134,-503.52958446360554,37.395201106559014
139.60567213888308,-503.37159403400443,37.26606246938436
139.60824486061688,-503.2164407618229,37.31470160998748
139.6103260131682,-503.05388910099634,37.192260628415056
139.61227925326898,-502.89216960828367,37.2475974246204
139.61048135368705,-502.72765967086787,37.121757766698785
139.60836946296268,-502.5594362302881,37.173695886554945
139.60992258756676,-502.38514882245266,37.04273881738463
139.6121866263533,-502.2121273754109,37.089559525992094
139.61332864831357,-502.0383709811079,36.97047436734808
139.61258558037406,-501.86308279940505,37.02916698648184
139.6110653958653,-501.6848950254731,36.88953792924136
139.6090007417779,-501.50784200365786,36.92768664977865
139.61014366885513,-501.3292673530207,36.803781566503055
139.61273319053575,-501.14988988276167,36.85765426100524
139.61475386905093,-500.97290299482177,36.717300407236095
139.61581070706077,-500.7989113701965,36.75472433124473
139.61378330194012,-500.62454623467323,36.64049472847938
139.61239988239947,-500.44282447889776,36.692479389391224
139.61075426860833,-500.26262477515405,36.56123917369114
139.607024509141,-500.07716965538106,36.60777673576884
139.60375229933973,-499.8890343696612,36.489252120969674
139.60226258201112,-499.69450541926,36.54850528394828
139.60032921693454,-499.5022821476615,36.413651077016965
139.59833461905615,-499.30939785390854,36.45657464786343
139.59635614223168,-499.1160863767914,36.35241006757077
139.59399836128839,-498.92461922623147,36.41163588079134
139.5911858079614,-498.7341960293466,36.28237640358581
139.58667963424946,-498.53897608644127,36.330894704158055
139.5798437131533,-498.34089770018653,36.22642320795396
139.5771599534581,-498.1340745178664,36.28215970365193
139.5753447950699,-497.9304900838151,36.16241851963867
139.5716740614179,-497.72232615581294,36.22045511340318
139.56891641870288,-497.5157962159966,36.109819862692284
139.5684357250939,-497.31679705518377,36.17696238975917
139.56677459117077,-497.1280400382365,36.06019908130559
139.5649009942006,-496.94401599430336,36.12121355062978
139.56465421800016,-496.76864022026456,36.01041688539569
139.56144920454852,-496.6043843334354,36.07739799793938
139.55893012606015,-496.4438689522164,35.968731581500975
139.55658406145852,-496.2863845575413,36.037842942840356
139.55512907699745,-496.1360128048991,35.92625379998906
139.55263922389904,-495.99387953447894,35.992442434915546
139.54915647498393,-495.8554154114602,35.88741762644331
139.54675667933444,-495.7243299410047,35.96017059574885
139.54543071587625,-495.60266097219727,35.84484754164702
139.5451597103366,-495.4884634846091,35.90730226532296
139.54181643957054,-495.382468879755,35.80972273404578
139.53872759783232,-495.28102321916106,35.88992098054637
139.53778868320438,-495.1823390190366,35.769373456734584
139.537293107451,-495.08561061962996,35.82660371070058
139.53648258099435,-495.00286773982515,35.73862880065023
139.5360312585511,-494.92532719600905,35.8264816098184
139.53442441794084,-494.8550161404583,35.712223537205595
139.53384310431917,-494.7905980731284,35.77574324237056
139.53388583033342,-494.7325414381781,35.69419477651693
139.53405275661595,-494.6765827840674,35.7793879267066
139.5297212600006,-494.6299640269831,35.677938267602755
139.52660679342418,-494.586285160516,35.75426638627668
139.5237800274913,-494.5438154827176,35.66752580733512
139.52187233791375,-494.51072498918165,35.75856300617132
139.518122261859,-494.482610286184,35.65417364749029
139.51323393181272,-494.4567101504033,35.72756206658703
139.51065325166212,-494.43465950777494,35.645486480499606
139.50857080449725,-494.41795903958325,35.7405243225098
139.50744073206698,-494.4062514573821,35.636224546009366
139.5007625400582,-494.39891784910367,35.7097025472867
139.4951248139756,-494.3966593358164,35.63778961250571
139.4914198065159,-494.40561862927194,35.727343560813054
139.48692025844238,-494.41604695190244,35.63059219717585
139.4827364624854,-494.42662076644604,35.71161861131642
139.47908776427198,-494.44297729623213,35.62590351973489
139.47559797820412,-494.4614861873098,35.717966205931134
139.47177716263386,-494.48238275752817,35.615474539353166
139.4667124816512,-494.50526944568713,35.690760650552974
139.46270305860452,-494.53249532453594,35.607244035637635
139.4597848211617,-494.5561058290236,35.698514154763906
139.45671565799438,-494.5941525759085,35.60107433086524
139.4516048488917,-494.63717479531715,35.681412284744354
139.4473903976647,-494.68034201544344,35.596323848125806
139.44341515687472,-494.7298203019159,35.68901318928503
139.43995496159673,-494.78371311047215,35.585657713749015
139.435825653754,-494.8395321257235,35.66008001599078
139.43162125133205,-494.8965816229859,35.58208922900567
139.42746162593983,-494.95651295713384,35.676814076477676
139.42583589284803,-495.02715852412877,35.58141587156495
139.4235080597536,-495.0956657562959,35.66379544443
139.41655202472933,-495.16311410752877,35.57905983962739
139.41123505737278,-495.2298020838018,35.672102012602565
139.40673218930772,-495.2984277560869,35.581354305452926
139.40122418189122,-495.3652365135686,35.66838437608107
139.3955934827099,-495.43417883020544,35.586762207146954
139.39042899289734,-495.5025673457256,35.68291781599061
139.3850205288136,-495.57086268657946,35.59373523707891
139.37840641247595,-495.6353023032079,35.68233043594498
139.37041323311988,-495.7015014115548,35.60402814389677
139.3614348108221,-495.7675215864822,35.70350362962633
139.3515656997197,-495.830453243349,35.615182168021725
139.34165881154766,-495.8961388352615,35.70463848419489
139.33024082148233,-495.95325079687603,35.63045394808753
139.32155944467488,-496.015206440088,35.73404718975794
139.31519330343355,-496.0831554504715,35.6470927158648
139.30691497220312,-496.14905052614165,35.73791601974945
139.2979612725746,-496.2125416404596,35.66915609756907
139.2898211741056,-496.27342053332575,35.77817395316648
139.2848360106023,-496.3410355932029,35.69768598348942
139.28014206752863,-496.409854027853,35.79497579159014
139.27434112684236,-496.48097260860925,35.73244165352044
139.2655248444567,-496.5539308654382,35.84768529322851
139.25787354752507,-496.62785854005125,35.769935568226025
139.25179784390727,-496.70799534907104,35.86996362100132
139.24571300229258,-496.78741470591063,35.8254013389671
139.24299998415927,-496.8777797192391,35.943278769717
139.23976613809123,-496.9620886725646,35.880799014867115
139.2356527855803,-497.04579713099787,35.99609703779501
139.230600699461,-497.1308225257105,35.94872336736561
139.22543271851146,-497.21285583539867,36.07912747471399
139.2236021698805,-497.3038760321219,36.01835517527471
139.22041003107154,-497.3984373190099,36.13536065361321
139.21863541797896,-497.49417173007276,36.08738448927402
139.21675888230476,-497.59304587656897,36.21718610271262
139.21283353951048,-497.6903222045127,36.16548027414888
139.20896492905635,-497.7895150387485,36.29155222336292
139.2063964630856,-497.88686265393363,36.25531601425368
139.20371211086092,-497.98327450367043,36.39685758292221
139.20022142550596,-498.0837955651213,36.3439908273201
139.19579778549442,-498.1859292804854,36.46890184949577
139.19001669076508,-498.284884958236,36.43954509103001
139.1848694362172,-498.38828476993575,36.58735617284676
139.17909904399255,-498.4941410555479,36.53670805789889
139.17246475869973,-498.59734401321384,36.66383772072881
139.16534138240633,-498.7021680854481,36.6412905917438
139.15822149815344,-498.8058255493465,36.790708182371255
139.15038046177355,-498.9108136743134,36.74756344632681
139.14209604526346,-499.0129374337167,36.88219648806013
139.13425144220656,-499.11853100431796,36.8548290852068
139.1257850361949,-499.22594609526584,37.00523946013126
139.11731468070005,-499.3305586978785,36.962772946327995
139.10896400258665,-499.43312297914247,37.09808421030251
139.10034535848277,-499.5353922374698,37.075511888909176
139.0922063641191,-499.63918621731364,37.23071734529362
139.08386838762334,-499.7418089604141,37.18838013916903
139.07519853258913,-499.84512904381955,37.32382071082222
139.06658560645212,-499.94711915409977,37.289743974059725
139.0581065610441,-500.0516594104087,37.433445015075
139.04771977153874,-500.1523553456115,37.3871477463688
139.0366884897758,-500.2542991855147,37.518628255440376
139.02691719890194,-500.3554516273014,37.49413327849259
139.01712620900946,-500.4568169547373,37.63605034125564
139.0082918622806,-500.55555477464617,37.58887784790196
138.99813182156018,-500.6562205996109,37.71948313232606
138.98661914039835,-500.75420122274284,37.68274203220097
138.97499966705809,-500.8538708588681,37.823778709853656
138.96064764556965,-500.9538616627672,37.77799723073617
138.94595323209052,-501.05249460878787,37.90999352939646
138.9301673274272,-501.14863364800044,37.87300927980369
138.91520896850446,-501.2459448172938,38.01380280798869
138.89939685983452,-501.34941132041774,37.95035840937902
138.88240510676067,-501.4560862555968,38.06469178854713
138.86541908529418,-501.55942883366424,38.02602666993438
138.8490864557878,-501.66507251253245,38.141942782139935
138.83352745762645,-501.76926503479467,38.077947543862535
138.81793380259683,-501.87817080986355,38.191730083362906
138.80214432595398,-501.98483302002603,38.10708373859582
138.7927038019896,-502.11075621021826,38.2002151716065
138.784256667124,-502.24382691104483,38.11731439197217
138.7716092359962,-502.3794727751422,38.21219139011561
138.7599442868587,-502.5179711529375,38.10941363666415
138.75069684672923,-502.6558898343216,38.18441366099047
138.7424750942165,-502.79886351073264,38.075923500087306
138.73293274415178,-502.94385300497345,38.145211116961924
138.722028210222,-503.08595514552877,38.03328710672625
138.7134721040018,-503.2331725849036,38.09914087426836
138.7050967035008,-503.37931932490454,37.96239887105397
138.6960552276175,-503.52358406028395,38.00343464561737
138.6841309043147,-503.67722862961375,37.873161034445516
138.6717996019039,-503.834830665192,37.920572282662505
138.66120672663908,-503.99139340951393,37.75013766801659
138.6552206354739,-504.15142562544315,37.75748083114845
138.64900903664747,-504.313733499734,37.60703875737679
138.641198012361,-504.47418812704046,37.627411418762456
138.63235508199458,-504.63929497247284,37.43678462474759
138.62302086986625,-504.80257340861766,37.4239356085105
138.61741893240247,-504.970059980702,37.246012138023644
138.61182178853778,-505.1364150376156,37.24586644531457
138.60630520721676,-505.30017785290795,37.044964897051514
138.59718541867213,-505.46331359316963,37.02184112656625
138.58829602567545,-505.6244126545637,36.85214797756067
138.57957913871093,-505.7874887490889,36.843400213100324
138.57225450423417,-505.947823168007,36.65741425726649
138.5657231595008,-506.1095956067346,36.64920607921043
138.56026469628569,-506.2693548858512,36.457442014340636
138.55509844085103,-506.43152384552036,36.44345572724861
138.54924276927198,-506.5957261160958,36.262937074841794
138.54292182845987,-506.7575908387821,36.260196200212754
138.53659773162602,-506.9209526425013,36.071633191459
138.53241627963166,-507.07942293899634,36.060847960483024
138.52913349281138,-507.23933846760747,35.876701444478016
138.5252557942162,-507.39726868845725,35.87033270625078
138.52008226275723,-507.55559395128034,35.6811808317972
138.51472314383952,-507.71174648542694,35.6698067351214
138.51104579267695,-507.8690996377969,35.49149808913175
138.50857842850414,-508.02527455786685,35.490967220919885
138.50556681979754,-508.1828504548357,35.30930042711556
138.5024891939524,-508.3376459122053,35.30541141108901
138.49985280202495,-508.49108463515023,35.1378914959191
138.49693148556622,-508.642069771595,35.14814935852697
138.4939947318131,-508.7946835132436,34.96835666979361
138.4906859910989,-508.94808002494074,34.96634175883803
138.4877605773049,-509.0978141180367,34.80562870236546
138.48331076811328,-509.2430488425328,34.82269342367068
138.47779625490625,-509.38794568833833,34.63988673952476
138.4729703406395,-509.5311248699321,34.63485783315663
138.46835078138596,-509.67578019254535,34.47709059370718
138.46383819353332,-509.8186734232185,34.49710113203551
138.46146451232144,-509.9618113095564,34.31565274415229
138.45955237145938,-510.1029623881993,34.31198213404686
138.45652773355954,-510.2431095121848,34.162542869944126
138.45250227999117,-510.38024308614206,34.18300852481611
138.44874458085096,-510.51441471704186,34.0156157159612
138.44427254209526,-510.65117018502406,34.02600068488407
138.43972123774546,-510.7864974537669,33.869562608993704
138.43521880993868,-510.92388109483977,33.89090231088111
138.43037774752483,-511.0597221097056,33.722048870964265
138.4271822532995,-511.19677152711864,33.7309732088252
138.4260039864075,-511.3317028111045,33.58698233702725
138.42647792255573,-511.46732966792166,33.617686302842706
138.42686489222018,-511.60075783511917,33.45696420825186
138.42394363168592,-511.7348868415704,33.4740198914388
138.4183471608173,-511.86683951444735,33.34376887271583
138.41229524213418,-512.0003362603729,33.37386562726853
138.40705963895385,-512.1318343116328,33.23067650544213
138.40124042745268,-512.2649184294528,33.26526516139352
138.39374281196197,-512.396018119798,33.128227884648624
138.38560548176036,-512.5232190623855,33.1689683856815
138.37786660620168,-512.6508693975715,33.03338106228868
138.37237259669064,-512.7755656953989,33.07557151667364
138.3690501418577,-512.8987155050744,32.94723300170402
138.3657985839847,-513.0244818864929,32.99667226451217
138.36219500543785,-513.14816334928,32.873707411107375
138.35857227365116,-513.273935469759,32.92852033548036
138.354997234513,-513.3979280738406,32.814467287857646
138.3514825789056,-513.5232484353845,32.87819201801272
138.34802998621748,-513.6462324588347,32.77092070161475
138.34340690965365,-513.7696294418881,32.84142716299456
138.33861548673693,-513.8913540375476,32.74570188454189
138.3338585392311,-514.0148707392567,32.82775438386699
138.33040814117197,-514.1353500690848,32.73488528463187
138.3289125697746,-514.2569573296236,32.81979396317453
138.32782923405833,-514.3770606508212,32.74527008304841
138.32725441958624,-514.5002394924713,32.84852398070006
138.32555748450216,-514.622281561353,32.76586023002819
138.32242648170575,-514.7470378995902,32.8609742571341
138.31905319518444,-514.8713805571102,32.80347738196963
138.31485809421534,-514.9973209384689,32.92375828458293
138.3097369606816,-515.1205612680603,32.85838108384341
138.30491412120068,-515.2457755026107,32.97078166088167
138.30063019869186,-515.3700125823727,32.92087629579387
138.29774698647537,-515.4969628593758,33.04874870848385
138.2960080331133,-515.6226502607766,32.996310196324096
138.2945226633033,-515.7509748662369,33.12164946194212
138.29351980212988,-515.8780018514537,33.09178389424169
138.29221703893154,-516.0076382621654,33.239696104319044
138.28922837907155,-516.135543951246,33.20488999956472
138.28512371193054,-516.2655510595333,33.34786167258817
138.28208622082153,-516.3957667950109,33.3200251542727
138.2793053647925,-516.5241722987996,33.469966413735015
138.27743849684296,-516.6534277668635,33.44735245301106
138.27619164418684,-516.781423816681,33.60251627006488
138.27631852760496,-516.9116142612519,33.59133523295944
138.27712902034042,-517.0446586540062,33.75793197363177
138.2776540412649,-517.1788385383668,33.730990778647566
138.27934650086294,-517.3121567404711,33.88182736144114
138.28165904432583,-517.4476731916943,33.88402483427509
138.28324138172133,-517.5812930587682,34.05420992061883
138.28506584021594,-517.7164892375695,34.02883855609592
138.28691277507625,-517.8508974441734,34.181244969350786
138.29161438213612,-517.9899600285104,34.17132623432861
138.29723072300214,-518.1287952649725,34.339185277084205
138.30253946711488,-518.2702860418298,34.31222325085009
138.30647741196066,-518.4098867246064,34.46303900239374
138.30926385729305,-518.5517995121896,34.44552177286649
138.31136970661137,-518.6913368499775,34.60578232111702
138.31495215353655,-518.8292341223355,34.57286054421087
138.31877896962686,-518.9648421759562,34.717716545082496
138.32260023372135,-519.1019215157336,34.7027232996502
138.3255447072162,-519.2420210954654,34.86372204447348
138.32868261230144,-519.3811410847208,34.825733244784885
138.33304835349907,-519.5189061160337,34.96552222287407
138.33841890471106,-519.6603466086461,34.95110111437299
138.34391403675315,-519.8005105954013,35.11192148178532
138.34935593197218,-519.9431013931735,35.074134843162454
138.35388845065017,-520.0853780395806,35.21412598231736
138.35940663153207,-520.2263879211881,35.18958562460847
138.36668790850442,-520.3702234204084,35.34282304467735
138.37380758208906,-520.5184841604956,35.2952410797104
138.38079367741625,-520.6655213515638,35.425436892521226
138.38724303262512,-520.8144893038888,35.399229904668964
138.3930808712029,-520.9613140864762,35.54791000201264
138.39789204608354,-521.1060327270973,35.49084482502314
138.40366324040426,-521.2545848075474,35.61155742581142
138.4103656927382,-521.4022015019302,35.57440350047359
138.4167484062416,-521.5471210150016,35.711916082523125
138.42133195116463,-521.6945262365136,35.64205391175588
138.42507980751046,-521.8450077254525,35.74996951876641
138.42860722329502,-521.9939642867006,35.70938320859892
138.43368482772064,-522.1472209246506,35.82250920456652
138.44023225505597,-522.2995685946456,35.75106845358102
138.44780186134,-522.4538344152987,35.857405480373295
138.45588069123554,-522.6071076410785,35.779990627786496
138.4631233558282,-522.7626797953393,35.880353552977475
138.46886378057494,-522.9156795979911,35.79040054887214
138.47381144908942,-523.0702555997946,35.87822532254459
138.47935153284973,-523.2276239827361,35.78176329016026
138.48575264069015,-523.3845411582366,35.8630790355537
138.49305802647953,-523.5438137146419,35.75656527966335
138.50126170237192,-523.7012921375372,35.82782930155078
138.50829458400557,-523.8608475961602,35.70963834341169
138.514993283582,-524.019368784295,35.769225163050386
138.52194232079745,-524.1792845947678,35.65013005634876
138.5280194836781,-524.3367960826256,35.7088127274249
138.5326038409308,-524.4954443203555,35.56720312242749
138.53682443731034,-524.6528813553455,35.60337129520786
138.54091225525562,-524.8078370452897,35.46796932161233
138.54779182410326,-524.9659984297457,35.51034512579458
138.55472123370777,-525.1221408800806,35.348128992165805
138.55991761541594,-525.279516628742,35.36369063631481
138.56469348744943,-525.434900804199,35.2120850396126
138.5684960007013,-525.5919434234086,35.23825722068817
138.57204976200836,-525.7466753474511,35.06001799324697
138.57509256387675,-525.9026005006514,35.05955654358355
138.57798989845307,-526.0565466975046,34.88749285320209
138.58163826636812,-526.2066792016219,34.89320694059842
138.58538495305166,-526.358591082689,34.695061641549245
138.58868735061165,-526.5078787590598,34.67469412027785
138.5922645895816,-526.6591939475386,34.51127846660765
138.59502458721266,-526.8083537113139,34.51468447410054
138.59675877216517,-526.953732562397,34.3337263767197
138.59785246395157,-527.0993258428374,34.33054605711665
138.59880250237708,-527.2408433491607,34.16128286377789
138.59971029847281,-527.3837996739042,34.16979744821691
138.60100740189145,-527.5254212723795,33.99245051918602
138.60195325241494,-527.6677999739787,33.99288136793291
138.6028154002631,-527.807894488002,33.819525517130884
138.60364854591785,-527.9455397091997,33.823947444106636
138.60405337528465,-528.0841863397974,33.65593930464523
138.60477745048726,-528.2206507224176,33.6657089429616
138.60596574356532,-528.3581867175564,33.49633659731415
138.6072299800502,-528.4927525232678,33.504742029444486
138.60725942496424,-528.6231713551904,33.34631702858566
138.6058077150142,-528.7539441689678,33.36566980550462
138.60366975396624,-528.8808798990981,33.20940919166314
138.60265872703357,-529.0086917932259,33.230926355599436
138.60188746597365,-529.133632706548,33.074524592027196
138.60158579380115,-529.2592607084972,33.095900606232725
138.60138232985483,-529.3828287521441,32.94855125679979
138.60079073459653,-529.5080851697319,32.97897968514463
138.60054059354172,-529.6314889486133,32.83120346635381
138.59995163422258,-529.7553946793428,32.86120502534077
138.5984801764498,-529.8764101411602,32.731261569599994
138.59562114638575,-529.9977557737385,32.77909589163699
138.59252526362437,-530.1158043025833,32.64488365999506
138.5894260406561,-530.2357811649379,32.688449206130905
138.58842533859533,-530.3540266897297,32.57642674273251
138.58826923958983,-530.4745108995454,32.64218205711188
138.5886949479368,-530.5933204042707,32.51860265637081
138.58882029656885,-530.7135523439106,32.572801033407515
138.58765001274406,-530.8311303607253,32.48155149498814
138.5854159131312,-530.9460964834024,32.56264372741899
138.57930482422188,-531.0641620423962,32.46155661955291
138.57250525071774,-531.1819878895922,32.538247289464614
138.56566468534004,-531.3023567157128,32.4651409746758
138.55809009851743,-531.4207026698691,32.56981243766476
138.55006576819622,-531.5365520182845,32.49033713516616
138.5420656129843,-531.6545210770411,32.588639610445334
138.53295207277947,-531.7720558512523,32.53232418290671
138.52415613703675,-531.8925077184324,32.65075242300604
138.51760393105036,-532.0126494665398,32.58004877311569
138.51200432461147,-532.1344676193038,32.68712290100312
138.50626421026254,-532.2536600837155,32.6503994227307
138.4993438537357,-532.3748988954073,32.790257942550554
138.49023076051054,-532.4944138023444,32.73420068675472
138.48450828393825,-532.6186077163208,32.85592120873667
138.47995598369667,-532.7423800071507,32.82790123937936
138.47734512921355,-532.8622596563262,32.97765904779982
138.4735170293681,-532.983922488827,32.9380355760344
138.4682661467591,-533.1042116421528,33.076189882046776
138.46280538681674,-533.2271926139075,33.060018201899425
138.4594354266602,-533.3544579977496,33.22162429952985
138.4561208881164,-533.4803596007723,33.18776494443758
138.45204324066555,-533.6101036248326,33.3316833671231
138.45074563130814,-533.7420455514249,33.32441119919063
138.4508438177914,-533.875999440012,33.4828321895141
138.45204110034612,-534.0100879323605,33.45767844492527
138.45344117409658,-534.1461540869034,33.61030247811423
138.4519872272595,-534.2790414996872,33.60060679605564
138.4508044879933,-534.4153089875819,33.76868889177482
138.45174614475525,-534.5511322417818,33.736303583293086
138.4543330660489,-534.6857544962944,33.88169605258912
138.45721224847938,-534.8224885899164,33.87549569849806
138.4596982680982,-534.9572914998064,34.03593005535682
138.46165963176458,-535.094466531565,34.00798178425022
138.46430950262388,-535.2309846094679,34.157811290921394
138.4670593878695,-535.3666581506028,34.13671136113851
138.4697901665134,-535.5036803162435,34.2933892091334
138.4704231749851,-535.6398430026519,34.259357336961415
138.47186140441298,-535.7806208127847,34.403103242567205
138.47590600099136,-535.9219568076962,34.36866694954731
138.48329079229293,-536.0622138831914,34.51200843430519
138.49082792772953,-536.2041164075073,34.4798722626907
138.4974652260669,-536.343512074575,34.62551386885399
138.50177304874143,-536.4846905207057,34.582741737424485
138.5022665983609,-536.6242176514152,34.71774738377275
138.50281160733033,-536.7681536887371,34.677120006800266
138.50582493470884,-536.9117421948506,34.81427040760556
138.5101121806687,-537.0574857137467,34.76506333113734
138.51541456951338,-537.203635438486,34.89363403244689
138.52248901962702,-537.3536936083088,34.83625479318495
138.53063860092615,-537.5019886398442,34.95665333170079
138.5372428588617,-537.6508601810514,34.89815792138284
138.54139079156724,-537.798140406718,35.017440288842664
138.54498846640607,-537.9485028282891,34.94466142794374
138.5496569227405,-538.0985716457121,35.04966034482261
138.55611758399505,-538.2519425413468,34.9756407723599
138.56654257905137,-538.4054299109969,35.07939897767497
138.57679084093834,-538.5597958661928,34.987476744984555
138.58521355868908,-538.7109136671351,35.073332290071924
138.5915087111823,-538.8639081618355,34.98098080563957
138.597699486233,-539.0163305180296,35.066407098984996
138.60378133921674,-539.1719657730121,34.957113477637954
138.60934424365573,-539.3256212396813,35.02559763406869
138.61472424152265,-539.4805532042732,34.917606434558294
138.6216338092166,-539.6386214360641,34.98739301282568
138.62875102146876,-539.7954795064428,34.8548565796782
138.63539787339164,-539.9506824519825,34.9000979243085
138.6410347869102,-540.1059763751068,34.7868816448386
138.64474509886674,-540.2586709801747,34.8344304060156
138.6484279882964,-540.4129407316924,34.69599994334834
138.65369745879323,-540.5657403427009,34.735347258458866
138.65920930192308,-540.7160727755842,34.5934835902225
138.66715700669948,-540.8696777115749,34.629397699763906
138.6754788497817,-541.0217525446529,34.464125442283645
138.68375716542346,-541.1756251817446,34.47663096258116
138.69108770619914,-541.3272600799116,34.32328008402176
138.69606932431054,-541.4797379561863,34.34770698324014
138.70009964154264,-541.6293980760645,34.162476497459316
138.70346993408714,-541.7806328118473,34.15502378945627
138.7074833997557,-541.9292120212355,33.98802485852639
138.71156841964844,-542.0739185543667,33.99289564691359
138.71807543010308,-542.220059170442,33.80557702007476
138.72456362785476,-542.3639992698998,33.796036171013704
138.7289006753645,-542.5084903401751,33.639622111060675
138.73274581037236,-542.6510366205032,33.648724267896334
138.7356147654042,-542.7937941735217,33.47541186792703
138.73742634819146,-542.9329263181021,33.47987724573551
138.73941135846354,-543.0732106127163,33.31651639533034
138.74222593408646,-543.2117301829251,33.33093332270296
138.74639839325962,-543.3521934188097,33.155824360569554
138.75037242083454,-543.4910476884747,33.15849317621392
138.75425024258655,-543.6271964597273,32.99669874070586
138.75723233859796,-543.763086459884,33.01268208297558
138.75916976631797,-543.8961742702637,32.83579785062546
138.76004937251878,-544.0302559493848,32.83669139605311
138.76029423779423,-544.1626294628179,32.68630982234622
138.76040867235625,-544.2962258087001,32.70737338365848
138.76049539326183,-544.4261204619306,32.53930294750458
138.7605753380721,-544.5568744971182,32.54901028912846
138.76065279067046,-544.6851212401967,32.40368116862139
138.7603179766117,-544.8149003489519,32.434510882973846
138.75990547102145,-544.9419117390736,32.27225534004106
138.75742818275998,-545.0683729790311,32.287777574886064
138.7549838371751,-545.1929256290987,32.14659246428396
138.75340217748496,-545.3204113679428,32.18318513145963
138.75324932746716,-545.4458510384787,32.033123219771646
138.75297374658408,-545.5725445755943,32.060839085861446
138.75226509445605,-545.696869244609,31.92878990429301
138.75065857335372,-545.8181324113775,31.97451850050235
138.74766332675668,-545.9409164237695,31.836113558131764
138.74278848967893,-546.061438788221,31.875486393538953
138.73596439885463,-546.1824240605679,31.754585802299694
138.72802617768383,-546.3017812350647,31.811462988838212
138.7199780295893,-546.4233819323988,31.692306355205673
138.71202235866068,-546.5420627910494,31.75092749935091
138.70460899715178,-546.6623295541957,31.649026380430755
138.69823086533495,-546.7812030376098,31.72490303928837
138.69256115733126,-546.9027827755356,31.61891731480529
138.6867031032707,-547.0231746303133,31.690709368099984
138.6796586945454,-547.140798890971,31.61046504103266
138.67124520203348,-547.2592349766533,31.707998491743112
138.66226510687994,-547.3757383363442,31.610761914271265
138.6537118525514,-547.4952844363876,31.69130311457719
138.6457762793383,-547.6145584288566,31.62456566534158
138.63848777050063,-547.7367572141401,31.735605993883745
138.63143233333045,-547.8578030197068,31.65447495486929
138.62534518782238,-547.980754466762,31.75112169363261
138.62035960671616,-548.101518843757,31.6966045452564
138.61566524453275,-548.2248038244893,31.81986517465797
138.61109589039606,-548.347659095132,31.74924712800286
138.60661652423863,-548.4729478154632,31.856406859125524
138.60345086221798,-548.598169786154,31.81292751940872
138.60018229710676,-548.7262730277781,31.94673317108776
138.59611830430345,-548.8523128330413,31.885706499184845
138.59441702497045,-548.982051384913,32.00245760505972
138.59362492874874,-549.1102756267019,31.96777026284598
138.59302593451775,-549.24064003948,32.11033378402155
138.59370607971397,-549.3720353036965,32.05199699335591
138.59586615739727,-549.505624005554,32.171437980468035
138.59870216713983,-549.638162133402,32.14819881729651
138.59998858448904,-549.7712327152966,32.290875024446464
138.59971478764615,-549.9025172286136,32.24972501189874
138.5999541752977,-550.0370724818034,32.38635277712879
138.60070346189048,-550.1711877638113,32.35483953209028
138.60236540508436,-550.3088027453499,32.50110406482956
138.60500935418415,-550.4447515870571,32.45957083883616
138.60822276830018,-550.5822897061604,32.59581539062054
138.610270595752,-550.7232758052712,32.57030018748713
138.6120561812139,-550.8637659203074,32.7225627621315
138.61376392328455,-551.003387201337,32.67791531086788
138.61625491990088,-551.1447049906795,32.81104563738204
138.61886713991888,-551.2843522286806,32.79086326733266
138.62064334193252,-551.4267654845842,32.940655731166395
138.62263952325,-551.5685260666509,32.898730938821494
138.62588331029394,-551.7124066301163,33.03458392425436
138.62974115128964,-551.8550737774034,33.00418840743045
138.6344900471149,-552.0005554198044,33.1515706683843
138.63976028072096,-552.1437113334252,33.107600194858826
138.6450598274497,-552.292318106074,33.24140749911112
138.65028986547173,-552.4399015319842,33.206202954291854
138.6570742856561,-552.5865822131558,33.34877618725036
138.66407309274143,-552.7309962201365,33.30641878989738
138.6685494608395,-552.8753598930684,33.44183917032218
138.6724576772383,-553.0219269936201,33.38968825028518
138.680717568664,-553.1735738253769,33.51531510802596
138.68849832108367,-553.3228514039896,33.467174802586406
138.69196236388998,-553.4737987397443,33.59681227492464
138.69492446505367,-553.624161664819,33.53750793960798
138.69938849467235,-553.7769447683788,33.65598138206909
138.7065551993385,-553.9276301034961,33.597544369502046
138.7141605125478,-554.0796088046033,33.716885134712776
138.72133471634453,-554.2305042596038,33.64332684525172
138.7283206651381,-554.3794458855784,33.74754633356845
138.73558027388154,-554.5321931315118,33.685918024587274
138.74361270017945,-554.6839379850503,33.80206749338387
