0,1,2,3,4,5
138.35875433333334,-602.06662,10.331591817777777,-179.488663,0.264109,179.605057
138.3568064957037,-602.0623533333334,10.292535127999999,-179.488663,0.264109,179.605057
138.35523599312776,-602.0530273481481,10.245700145599999,-179.488663,0.264109,179.605057
138.35376329359923,-602.042822135493,10.19413617134222,-179.488663,0.264109,179.605057
138.35192043307342,-602.0283195514794,10.141626398712889,-179.488663,0.264109,179.605057
138.3500297499201,-602.0131637521667,10.088927466409244,-179.488663,0.264109,179.605057
138.34815639195725,-601.99809285894,10.036190702170737,-179.488663,0.264109,179.605057
138.3463131423457,-601.9789866218564,9.983963420434145,-179.488663,0.264109,179.605057
138.34491279617671,-601.9593450491511,9.931791030753494,-179.488663,0.264109,179.605057
138.34362094673065,-601.9398757561332,9.879159575039585,-179.488663,0.264109,179.605057
138.34195850293236,-601.916451148998,9.826953355007914,-179.488663,0.264109,179.605057
138.34065625057542,-601.8925686290075,9.774785177668248,-179.488663,0.264109,179.605057
138.3394445574292,-601.8689341889524,9.72262460886698,-179.488663,0.264109,179.605057
138.3378575424276,-601.8414188324762,9.670465561773392,-179.488663,0.264109,179.605057
138.33662870060164,-601.8135186222302,9.6178367745769,-179.488663,0.264109,179.605057
138.33548897027234,-601.7859382442205,9.56563108824871,-179.488663,0.264109,179.605057
138.33479393840705,-601.7545474202562,9.51346301764974,-179.488663,0.264109,179.605057
138.33337639779887,-601.7228409543753,9.461302470196612,-179.488663,0.264109,179.605057
138.33183451601965,-601.6872556298481,9.409143427372653,-179.488663,0.264109,179.605057
138.33028969499154,-601.6514006359847,9.356514641030083,-179.488663,0.264109,179.605057
138.32917692356824,-601.6160016459447,9.30430895487268,-179.488663,0.264109,179.605057
138.32775572148174,-601.5811973089722,9.251670839863422,-179.488663,0.264109,179.605057
138.32629304591447,-601.5427402309613,9.199463287972682,-179.488663,0.264109,179.605057
138.32566421148132,-601.5040995498521,9.14781189315009,-179.488663,0.264109,179.605057
138.32438975536473,-601.4659717044768,9.095754680852236,-179.488663,0.264109,179.605057
138.32341496717623,-601.4242220222715,9.043616305059333,-179.488663,0.264109,179.605057
138.32292464289426,-601.3823417459581,8.99146169656742,-179.488663,0.264109,179.605057
138.3221275182278,-601.3410309814195,8.939303841535702,-179.488663,0.264109,179.605057
138.32086970370193,-601.2961549834428,8.887145337196028,-179.488663,0.264109,179.605057
138.3195376401219,-601.2512041751941,8.83498670299476,-179.488663,0.264109,179.605057
138.3186203383019,-601.2026110386082,8.782828042821171,-179.488663,0.264109,179.605057
138.31738836823763,-601.153980538742,8.73066937745312,-179.488663,0.264109,179.605057
138.3161109858765,-601.1060341999954,8.678510711046178,-179.488663,0.264109,179.605057
138.3148426882718,-601.0589065969573,8.626352044431455,-179.488663,0.264109,179.605057
138.31400491229542,-601.0083463336374,8.574710426664065,-179.488663,0.264109,179.605057
138.31326515568085,-600.9578186175617,8.523125214221698,-179.488663,0.264109,179.605057
138.31296619058824,-600.9080160273412,8.471551282844338,-179.488663,0.264109,179.605057
138.31275963574802,-600.8548000991306,8.41950956323553,-179.488663,0.264109,179.605057
138.31216383396045,-600.8016583520786,8.367374285980437,-179.488663,0.264109,179.605057
138.31108798974216,-600.7492872349941,8.315220297196085,-179.488663,0.264109,179.605057
138.30993143793327,-600.6935484109017,8.26306256610588,-179.488663,0.264109,179.605057
138.3087751933431,-600.6379287753504,8.210904086554507,-179.488663,0.264109,179.605057
138.3076354545642,-600.5831240123241,8.158745457310898,-179.488663,0.264109,179.605057
138.30651522656572,-600.5249950026547,8.106586798128843,-179.488663,0.264109,179.605057
138.3062361661882,-600.4670278673498,8.0544281329591,-179.488663,0.264109,179.605057
138.30530797486023,-600.4099175283976,8.002269466591816,-179.488663,0.264109,179.605057
138.30426315828552,-600.349524117981,7.950110799985028,-179.488663,0.264109,179.605057
138.30362054294164,-600.2893330217753,7.897952133330336,-179.488663,0.264109,179.605057
138.30306750726214,-600.2300384395578,7.845793466666065,-179.488663,0.264109,179.605057
138.3021295862452,-600.1674997941961,7.793634799999878,-179.488663,0.264109,179.605057
138.30112802748187,-600.1052017747174,7.741476133333307,-179.488663,0.264109,179.605057
138.30012798556058,-600.0438378966925,7.688847422222215,-179.488663,0.264109,179.605057
138.2995531364928,-599.9792669110012,7.6366417511111075,-179.488663,0.264109,179.605057
138.29907150162688,-599.9149728466842,7.584473683555553,-179.488663,0.264109,179.605057
138.29820469285278,-599.8516485711125,7.531843092266664,-179.488663,0.264109,179.605057
138.29768384391073,-599.7851521985424,7.479119996231108,-179.488663,0.264109,179.605057
138.29723959456447,-599.7189671327602,7.42637839924622,-179.488663,0.264109,179.605057
138.29640631668363,-599.6537856270489,7.374150150960353,-179.488663,0.264109,179.605057
138.29591775082577,-599.5854651925443,7.321507523525401,-179.488663,0.264109,179.605057
138.295094409198,-599.5174886406828,7.269299069149523,-179.488663,0.264109,179.605057
138.29462648883052,-599.4505476429763,7.217130444941013,-179.488663,0.264109,179.605057
138.2946469742492,-599.3804991391794,7.164969786765978,-179.488663,0.264109,179.605057
138.29435418281028,-599.3108253795516,7.112810721797638,-179.488663,0.264109,179.605057
138.29359223347808,-599.2422174844503,7.060651975470637,-179.488663,0.264109,179.605057
138.29274728917994,-599.1705318523178,7.008023248427459,-179.488663,0.264109,179.605057
138.2918977628742,-599.0992502017695,6.955300525241046,-179.488663,0.264109,179.605057
138.29105940231884,-599.0290631310124,6.902559002825985,-179.488663,0.264109,179.605057
138.29023519826367,-598.9558265256645,6.849813720565195,-179.488663,0.264109,179.605057
138.28942554752177,-598.8830216006743,6.797067686335259,-179.488663,0.264109,179.605057
138.28863032247529,-598.8113384595778,6.744321501711494,-179.488663,0.264109,179.605057
138.2882599591019,-598.7366325021555,6.691575287008963,-179.488663,0.264109,179.605057
138.2875691687867,-598.662384466196,6.638829066290678,-179.488663,0.264109,179.605057
138.28682411765644,-598.589283986596,6.586082844369244,-179.488663,0.264109,179.605057
138.28607881064593,-598.5131860028667,6.5333366222071785,-179.488663,0.264109,179.605057
138.285754719048,-598.4375708007468,6.480590399996988,-179.488663,0.264109,179.605057
138.28551947983527,-598.3631275711566,6.427844177777173,-179.488663,0.264109,179.605057
138.28530535672397,-598.2857108175599,6.3750979555554315,-179.488663,0.264109,179.605057
138.2850985021394,-598.2088003974353,6.322868782222194,-179.488663,0.264109,179.605057
138.28448537652537,-598.1288184144247,6.270225969777768,-179.488663,0.264109,179.605057
138.28379971671424,-598.0493596403729,6.217500429511105,-179.488663,0.264109,179.605057
138.28310930166984,-597.9711355884551,6.1647583436799955,-179.488663,0.264109,179.605057
138.28283842148167,-597.8942710008137,6.1120129487359955,-179.488663,0.264109,179.605057
138.28265530078295,-597.8145048246071,6.0592668919694175,-179.488663,0.264109,179.605057
138.28208166969875,-597.7352927829713,6.0065207028383245,-179.488663,0.264109,179.605057
138.28143809484618,-597.653051472842,5.953774487234328,-179.488663,0.264109,179.605057
138.28078968430455,-597.5713739632024,5.90102826633575,-179.488663,0.264109,179.605057
138.28097086179721,-597.4909708493533,5.848282044378257,-179.488663,0.264109,179.605057
138.28090471348352,-597.4076994589483,5.79605287109787,-179.488663,0.264109,179.605057
138.28079004078458,-597.3250387174512,5.743880103108459,-179.488663,0.264109,179.605057
138.28025662744253,-597.2436757251703,5.6912485717328,-179.488663,0.264109,179.605057
138.27964705229496,-597.1594627786228,5.639042336568778,-179.488663,0.264109,179.605057
138.27944158096614,-597.0758775364618,5.586874156202641,-179.488663,0.264109,179.605057
138.27973051932662,-596.9936066030666,5.53471358679608,-179.488663,0.264109,179.605057
138.27929289694606,-596.9085019402552,5.482554539581434,-179.488663,0.264109,179.605057
138.2791268530467,-596.8197742423204,5.430395796805172,-179.488663,0.264109,179.605057
138.27860681969017,-596.7315838423982,5.378237114916586,-179.488663,0.264109,179.605057
138.27802338447216,-596.6447551655442,5.326078445205535,-179.488663,0.264109,179.605057
138.27825689996052,-596.5551670633745,5.273919777929993,-179.488663,0.264109,179.605057
138.27782915114767,-596.4663012180392,5.22176111114155,-179.488663,0.264109,179.605057
138.27727523301323,-596.3788436938712,5.169602444450528,-179.488663,0.264109,179.605057
138.27670395896124,-596.2886450076137,5.11744377777899,-179.488663,0.264109,179.605057
138.27613733851229,-596.1991809146983,5.06528511111135,-179.488663,0.264109,179.605057
138.27557970738587,-596.1111361186619,5.013126444444488,-179.488663,0.264109,179.605057
138.27544247154444,-596.0203607079891,4.961484826666672,-179.488663,0.264109,179.605057
138.27539126655864,-595.9303302024521,4.909429569777775,-179.488663,0.264109,179.605057
138.27535799599264,-595.8417291117988,4.857291585066662,-179.488663,0.264109,179.605057
138.27532878549198,-595.7504073418559,4.805137054791106,-179.488663,0.264109,179.605057
138.27530080244264,-595.659840234561,4.752979215402661,-179.488663,0.264109,179.605057
138.27568412953133,-595.5707121253215,4.7008207141916385,-179.488663,0.264109,179.605057
138.27614426688464,-595.4788727488024,4.648662080616101,-179.488663,0.264109,179.605057
138.27579188878184,-595.3877972788489,4.59650342056766,-179.488663,0.264109,179.605057
138.27610335252083,-595.2939032191147,4.544344755224639,-179.488663,0.264109,179.605057
138.276132488255,-595.200780823607,4.4921860888227005,-179.488663,0.264109,179.605057
138.2761047440133,-595.1091371683476,4.4400274222089795,-179.488663,0.264109,179.605057
138.27606601836123,-595.0190926375682,4.387868755552902,-179.488663,0.264109,179.605057
138.27602564719191,-594.9263818983445,4.335710088888352,-179.488663,0.264109,179.605057
138.27598552108685,-594.8344564701679,4.28355142222211,-179.488663,0.264109,179.605057
138.27594601467706,-594.7439954880679,4.231392755555527,-179.488663,0.264109,179.605057
138.27590719407524,-594.6508472847065,4.179234088888878,-179.488663,0.264109,179.605057
138.27586906275025,-594.5584864115407,4.127075422222215,-179.488663,0.264109,179.605057
138.27624227825947,-594.4633299146101,4.074916755555548,-179.488663,0.264109,179.605057
138.27628178851495,-594.3689676297716,4.022758088888882,-179.488663,0.264109,179.605057
138.27625399579605,-594.2761062287361,3.9705994222222154,-179.488663,0.264109,179.605057
138.2762131377565,-594.1848656999426,3.918440755555549,-179.488663,0.264109,179.605057
138.27617024774494,-594.090980322007,3.8662820888888825,-179.488663,0.264109,179.605057
138.27653822799692,-593.9979012329513,3.8141234222222153,-179.488663,0.264109,179.605057
138.27616181547137,-593.9020405264939,3.7619647555555487,-179.488663,0.264109,179.605057
138.27646321114622,-593.8069868488255,3.709806088888882,-179.488663,0.264109,179.605057
138.27689588194488,-593.713446451442,3.6576474222222153,-179.488663,0.264109,179.605057
138.27775932089472,-593.617272395767,3.605488755555548,-179.488663,0.264109,179.605057
138.27828596678754,-593.5219394172256,3.5533300888888815,-179.488663,0.264109,179.605057
138.27791643066067,-593.4281305009167,3.501171422222215,-179.488663,0.264109,179.605057
138.27819424708812,-593.3359605683086,3.4490127555555476,-179.488663,0.264109,179.605057
138.27777624952614,-593.2411626270377,3.396854088888881,-179.488663,0.264109,179.605057
138.2772250340205,-593.1471873214213,3.3446954222222143,-179.488663,0.264109,179.605057
138.27747634776884,-593.0504464139489,3.292536755555547,-179.488663,0.264109,179.605057
138.27747392646137,-592.9545282567894,3.2403780888888805,-179.488663,0.264109,179.605057
138.27742079257908,-592.8601388190388,3.1877493777777692,-179.488663,0.264109,179.605057
138.2773582718637,-592.7631308860624,3.1350266577777695,-179.488663,0.264109,179.605057
138.2777054296319,-592.666978922421,3.0828021848888802,-179.488663,0.264109,179.605057
138.2781295857419,-592.5723656472404,3.030630356977769,-179.488663,0.264109,179.605057
138.2781524424111,-592.4751390541103,2.9784690580622137,-179.488663,0.264109,179.605057
138.27809471411956,-592.3787725756036,2.9263098649457695,-179.488663,0.264109,179.605057
138.27802168986045,-592.2839486654938,2.8736810485447024,-179.488663,0.264109,179.605057
138.27794664497506,-592.1907818757848,2.8209583074867113,-179.488663,0.264109,179.605057
138.2774615966028,-592.0950048822763,2.768216781497335,-179.488663,0.264109,179.605057
138.2777227793322,-592.0000680096935,2.7159885474105714,-179.488663,0.264109,179.605057
138.27812949368314,-591.9066493745946,2.663815967259885,-179.488663,0.264109,179.605057
138.27814886330984,-591.8105963409139,2.61118447345197,-179.488663,0.264109,179.605057
138.27767982184588,-591.7153825151071,2.558461196912609,-179.488663,0.264109,179.605057
138.27711976897572,-591.6174240163975,2.505719563826959,-179.488663,0.264109,179.605057
138.2765494790207,-591.5203097706446,2.4529742594320516,-179.488663,0.264109,179.605057
138.2759852524392,-591.424745555867,2.400228220775292,-179.488663,0.264109,179.605057
138.2754302630882,-591.326583816117,2.3474820352661627,-179.488663,0.264109,179.605057
138.27529568103185,-591.229298649449,2.2970636070532255,-179.488663,0.264109,179.605057
138.27483642782371,-591.1335724086565,2.2447829436328606,-179.488663,0.264109,179.605057
138.27514010531968,-591.0352527262415,2.19212983317101,-179.488663,0.264109,179.605057
138.275181383321,-590.9378126798744,2.1394022333008618,-179.488663,0.264109,179.605057
138.2747589276918,-590.8419343747094,2.086659735549054,-179.488663,0.264109,179.605057
138.2750710669277,-590.7434653536804,2.034431307109804,-179.488663,0.264109,179.605057
138.27470435248966,-590.645878637778,1.981788643644176,-179.488663,0.264109,179.605057
138.2742070828111,-590.5498562828602,1.9290631331732726,-179.488663,0.264109,179.605057
138.27410144103098,-590.4512457847426,1.8763210533013144,-179.488663,0.264109,179.605057
138.27448629395806,-590.3535201184028,1.8240927084380338,-179.488663,0.264109,179.605057
138.27414243902942,-590.2573612945621,1.7714500616875999,-179.488663,0.264109,179.605057
138.27447906624417,-590.1586167647157,1.7192416034486242,-179.488663,0.264109,179.605057
138.27494700230054,-590.060759460315,1.6670729784674958,-179.488663,0.264109,179.605057
138.2746132117013,-589.9644713493326,1.6144422756934924,-179.488663,0.264109,179.605057
138.27412382301503,-589.8655998412789,1.5622362062498028,-179.488663,0.264109,179.605057
138.27402094157267,-589.7633511597033,1.5118787968055092,-179.488663,0.264109,179.605057
138.27358615811517,-589.6618812468947,1.4596103371388727,-179.488663,0.264109,179.605057
138.2730911778416,-589.5620102154883,1.4092874540944342,-179.488663,0.264109,179.605057
138.27259119792424,-589.4596126816979,1.3570258997077689,-179.488663,0.264109,179.605057
138.2720973289036,-589.3581661679112,1.3043766110526578,-179.488663,0.264109,179.605057
138.27202237264396,-589.258352652988,1.251649775543858,-179.488663,0.264109,179.605057
138.27162159831443,-589.1560186411609,1.1989074306643202,-179.488663,0.264109,179.605057
138.27116136027252,-589.0546359470102,1.1461619839106347,-179.488663,0.264109,179.605057
138.2706957750958,-588.9506187369336,1.09341591678212,-179.488663,0.264109,179.605057
138.2710570754813,-588.8475539795487,1.0411867744675283,-179.488663,0.264109,179.605057
138.27157861448492,-588.7418788559181,0.9890140126712764,-179.488663,0.264109,179.605057
138.27171411710185,-588.6371845941301,0.9386632647564706,-179.488663,0.264109,179.605057
138.27177048529313,-588.5341754897671,0.8863961373957315,-179.488663,0.264109,179.605057
138.27139955825166,-588.4287017685956,0.833745734145806,-179.488663,0.264109,179.605057
138.27135911423713,-588.3242351947636,0.7810186757180431,-179.488663,0.264109,179.605057
138.27097467536507,-588.2171891305605,0.7282762862547127,-179.488663,0.264109,179.605057
138.27052690509655,-588.1111496011965,0.6755308305842689,-179.488663,0.264109,179.605057
138.2704835035037,-588.0068194965511,0.6227847616724024,-179.488663,0.264109,179.605057
138.2705215929131,-587.9000484161155,0.5705556190011402,-179.488663,0.264109,179.605057
138.27057543880687,-587.7943076625548,0.5183828571335544,-179.488663,0.264109,179.605057
138.27022100352258,-587.6902768428641,0.46575132698225946,-179.488663,0.264109,179.605057
138.26978995286007,-587.5838008927165,0.4130280431742227,-179.488663,0.264109,179.605057
138.26976037628688,-587.4783502411016,0.36080345752372645,-179.488663,0.264109,179.605057
138.26981151517617,-587.3746043917942,0.3081615626158495,-179.488663,0.264109,179.605057
138.26946740318263,-587.2684083328049,0.2554362058564963,-179.488663,0.264109,179.605057
138.26945980171644,-587.1589659091627,0.20269415672684787,-179.488663,0.264109,179.605057
138.26951961046544,-587.0504307270595,0.1499487691231404,-179.488663,0.264109,179.605057
138.26959205064418,-586.943620604743,0.09720271382462112,-179.488663,0.264109,179.605057
138.26966598684854,-586.8344079050123,0.044456524987139465,-179.488663,0.264109,179.605057
138.26932850405424,-586.7262679370838,-0.008289690558134657,-179.488663,0.264109,179.605057
138.26932420388215,-586.6198805061707,-0.06103591144496727,-179.488663,0.264109,179.605057
138.26938660139254,-586.5110899816782,-0.11145434673344491,-179.488663,0.264109,179.605057
138.26946145100814,-586.4033660814848,-0.1637350115689182,-179.488663,0.264109,179.605057
138.2695377265169,-586.2931209127316,-0.21406033564712398,-179.488663,0.264109,179.605057
138.2696132023971,-586.1839394215556,-0.26632237824054295,-179.488663,0.264109,179.605057
138.26927677825012,-586.0765234693249,-0.3189717645370045,-179.488663,0.264109,179.605057
138.26886275879673,-585.9709883184262,-0.3716986195740746,-179.488663,0.264109,179.605057
138.26884977522542,-585.8630636054955,-0.42444096835926637,-179.488663,0.264109,179.605057
138.2693278501524,-585.756195909409,-0.4771864158940825,-179.488663,0.264109,179.605057
138.2694866708245,-585.6467928461468,-0.5299324831788236,-179.488663,0.264109,179.605057
138.26957938186277,-585.538438664127,-0.5821616255246606,-179.488663,0.264109,179.605057
138.26965755241727,-585.431835295611,-0.6343343873271613,-179.488663,0.264109,179.605057
138.269731703116,-585.3228315599258,-0.6869659174654392,-179.488663,0.264109,179.605057
138.2698039952559,-585.2148980261588,-0.7391721523819837,-179.488663,0.264109,179.605057
138.26946422086246,-585.1087135874778,-0.7918103771430705,-179.488663,0.264109,179.605057
138.2690468655093,-585.0001224798309,-0.8445349998730656,-179.488663,0.264109,179.605057
138.26944126301808,-584.8925944452551,-0.8967598533079535,-179.488663,0.264109,179.605057
138.26999240189025,-584.7868083128963,-0.9489317573282644,-179.488663,0.264109,179.605057
138.27056705061557,-584.6786084081967,-1.00109307146566,-179.488663,0.264109,179.605057
138.270727561863,-584.5714645921181,-1.0532522676264724,-179.488663,0.264109,179.605057
138.2708029627882,-584.4660558169255,-1.1054110401919681,-179.488663,0.264109,179.605057
138.27127093594694,-584.3582265302686,-1.158039772482845,-179.488663,0.264109,179.605057
138.27140010126743,-584.2514467133957,-1.2107624967187982,-179.488663,0.264109,179.605057
138.2714596680024,-584.1463954367639,-1.2635040193437668,-179.488663,0.264109,179.605057
138.27191513451555,-584.0389172641147,-1.3162493016465382,-179.488663,0.264109,179.605057
138.27162196990508,-583.9324822907175,-1.3689953358848703,-179.488663,0.264109,179.605057
138.2711832485221,-583.8277696990145,-1.4217415205103145,-179.488663,0.264109,179.605057
138.27113232204434,-583.7206241627324,-1.474487735213181,-179.488663,0.264109,179.605057
138.27115967883523,-583.6145158851616,-1.5272339559315322,-179.488663,0.264109,179.605057
138.2707916365389,-583.5101241548363,-1.5799801778529803,-179.488663,0.264109,179.605057
138.27076041547107,-583.4032937496803,-1.6322093511261588,-179.488663,0.264109,179.605057
138.27120766934857,-583.2974949753203,-1.684382119114128,-179.488663,0.264109,179.605057
138.2717442572711,-583.1934072207994,-1.7365436060450552,-179.488663,0.264109,179.605057
138.27229108052998,-583.086875362755,-1.7887028367645739,-179.488663,0.264109,179.605057
138.27283217381424,-582.9813698037647,-1.8408616162418112,-179.488663,0.264109,179.605057
138.27295375888792,-582.877570028091,-1.8934903499150362,-179.488663,0.264109,179.605057
138.27257904644293,-582.7713210058901,-1.946213074427459,-179.488663,0.264109,179.605057
138.27211040373786,-582.6660932315883,-1.9989545971077212,-179.488663,0.264109,179.605057
138.2720403067881,-582.5625662796565,-2.0516998794215513,-179.488663,0.264109,179.605057
138.27164024925716,-582.4565852088484,-2.104445913662095,-179.488663,0.264109,179.605057
138.27159055598375,-582.3516206006055,-2.1571920982879815,-179.488663,0.264109,179.605057
138.27161164231063,-582.2440854481929,-2.2094212641020476,-179.488663,0.264109,179.605057
138.2720572513298,-582.1375655757804,-2.2615940305981943,-179.488663,0.264109,179.605057
138.2721707606703,-582.0327637086648,-2.314225561675201,-179.488663,0.264109,179.605057
138.27262690238663,-581.925529291385,-2.3664317967794912,-179.488663,0.264109,179.605057
138.2731450832293,-581.819333475785,-2.4185999771336824,-179.488663,0.264109,179.605057
138.2728469688808,-581.7148557210095,-2.471230590982299,-179.488663,0.264109,179.605057
138.27238983534258,-581.6079408175779,-2.5239536915297998,-179.488663,0.264109,179.605057
138.2727287327545,-581.5020590519305,-2.5761782405281886,-179.488663,0.264109,179.605057
138.27322201648215,-581.3936231211735,-2.6283500836612,-179.488663,0.264109,179.605057
138.27332849521548,-581.2862185572988,-2.6809814300655797,-179.488663,0.264109,179.605057
138.27335609858574,-581.1805477983756,-2.7337046771242335,-179.488663,0.264109,179.605057
138.27295686763546,-581.0767266734587,-2.786446304313742,-179.488663,0.264109,179.605057
138.27288861443904,-580.9704853757861,-2.8391916075294215,-179.488663,0.264109,179.605057
138.27247686083885,-580.8652710309071,-2.891937645950335,-179.488663,0.264109,179.605057
138.2720022632091,-580.7617584583808,-2.944683831412296,-179.488663,0.264109,179.605057
138.27193251327307,-580.6557917524674,-2.9969129973935766,-179.488663,0.264109,179.605057
138.2715340582082,-580.5465746352497,-3.0495558083676104,-179.488663,0.264109,179.605057
138.2718968623674,-580.4382607458826,-3.102281348340195,-179.488663,0.264109,179.605057
138.2715854251567,-580.3274012996235,-3.154506385223601,-179.488663,0.264109,179.605057
138.2711435690012,-580.2176094096659,-3.20714837037806,-179.488663,0.264109,179.605057
138.27150324656654,-580.1095925156259,-3.25935669629784,-179.488663,0.264109,179.605057
138.2716074487951,-579.9992001943734,-3.3115252948151297,-179.488663,0.264109,179.605057
138.27165907396906,-579.889902811803,-3.363685947851921,-179.488663,0.264109,179.605057
138.27211011617408,-579.773845535299,-3.4158450117926127,-179.488663,0.264109,179.605057
138.27222396029615,-579.6580868723851,-3.468473802358529,-179.488663,0.264109,179.605057
138.27226874568524,-579.5440342776172,-3.520679489360601,-179.488663,0.264109,179.605057
138.27229908238,-579.4276783111599,-3.5728475600943486,-179.488663,0.264109,179.605057
138.2723260978806,-579.3125165107763,-3.625478152018876,-179.488663,0.264109,179.605057
138.27276273158867,-579.1992314003242,-3.67768419929267,-179.488663,0.264109,179.605057
138.2728644123699,-579.0879327938736,-3.729852342080762,-179.488663,0.264109,179.605057
138.27289765643914,-578.9743477350708,-3.7824829484161584,-179.488663,0.264109,179.605057
138.2729167403614,-578.8619208177448,-3.8352060474610155,-179.488663,0.264109,179.605057
138.2729327208385,-578.7513244893162,-3.8879476450477646,-179.488663,0.264109,179.605057
138.27335852001534,-578.6384005375602,-3.940175893454003,-179.488663,0.264109,179.605057
138.27303889378825,-578.5266170906749,-3.9928185209130285,-179.488663,0.264109,179.605057
138.27257472827563,-578.4123848871193,-4.045544024182612,-179.488663,0.264109,179.605057
138.2724989230376,-578.2992875680136,-4.098286102614305,-179.488663,0.264109,179.605057
138.2725018679735,-578.188025721003,-4.150514447189533,-179.488663,0.264109,179.605057
138.27252052106058,-578.0744466924577,-4.2026870494379125,-179.488663,0.264109,179.605057
138.27295271715624,-577.9620195737893,-4.254848503220921,-179.488663,0.264109,179.605057
138.2726401417314,-577.8514218005619,-4.307477771755301,-179.488663,0.264109,179.605057
138.27259372418624,-577.7384961758639,-4.359683554351066,-179.488663,0.264109,179.605057
138.27260119837766,-577.6267110342011,-4.412321688647997,-179.488663,0.264109,179.605057
138.27220867795015,-577.516743822271,-4.465046293285161,-179.488663,0.264109,179.605057
138.27174174111155,-577.404437507746,-4.517788191990371,-179.488663,0.264109,179.605057
138.27126656187028,-577.2932606180643,-4.57053354950919,-179.488663,0.264109,179.605057
138.27120715891985,-577.1838907957822,-4.623279598790733,-179.488663,0.264109,179.605057
138.27082108940292,-577.0721712022302,-4.676025786424819,-179.488663,0.264109,179.605057
138.27037517733913,-576.9615705553103,-4.728772001729413,-179.488663,0.264109,179.605057
138.27033430529312,-576.8527666846954,-4.779190435901444,-179.488663,0.264109,179.605057
138.27037502254197,-576.7416029355013,-4.831471100513627,-179.488663,0.264109,179.605057
138.27043147856003,-576.6315482061353,-4.881796424547175,-179.488663,0.264109,179.605057
138.2700796127352,-576.5232805035528,-4.9340584671316625,-179.488663,0.264109,179.605057
138.27006175352247,-576.4126433469858,-4.986707853426338,-179.488663,0.264109,179.605057
138.26970028296316,-576.3031058058485,-5.03943470846305,-179.488663,0.264109,179.605057
138.27009656438247,-576.1953460550491,-5.091660008359281,-179.488663,0.264109,179.605057
138.26981742686178,-576.085207778773,-5.144302046116306,-179.488663,0.264109,179.605057
138.26940717550895,-575.976160208442,-5.1970274314454885,-179.488663,0.264109,179.605057
138.2689765360756,-575.8688816780781,-5.249769486289103,-179.488663,0.264109,179.605057
138.26854794367586,-575.7592160281392,-5.302514875035604,-179.488663,0.264109,179.605057
138.26853652288585,-575.6506326435291,-5.355260930562682,-179.488663,0.264109,179.605057
138.26819803218012,-575.5438100090104,-5.408007119445875,-179.488663,0.264109,179.605057
138.2677989415813,-575.4345921130896,-5.460753335000292,-179.488663,0.264109,179.605057
138.26739340695906,-575.3264484860748,-5.513499555888953,-179.488663,0.264109,179.605057
138.26699235113566,-575.2200577555367,-5.566245777844462,-179.488663,0.264109,179.605057
138.2670085616437,-575.1112640502391,-5.618992000013343,-179.488663,0.264109,179.605057
138.26669732820193,-575.003537038243,-5.6694104355582295,-179.488663,0.264109,179.605057
138.26673569906802,-574.8932888157444,-5.721691100444985,-179.488663,0.264109,179.605057
138.26684344507672,-574.7841043258652,-5.7743442112001135,-179.488663,0.264109,179.605057
138.2665528670596,-574.6766854285883,-5.827071811128917,-179.488663,0.264109,179.605057
138.26659742356912,-574.5668807185931,-5.879814308892455,-179.488663,0.264109,179.605057
138.26670837329135,-574.4581605130408,-5.932559786222941,-179.488663,0.264109,179.605057
138.26683102370455,-574.3512034513004,-5.985305859466816,-179.488663,0.264109,179.605057
138.26654360322783,-574.2418535187561,-6.035724265226702,-179.488663,0.264109,179.605057
138.266178256331,-574.1335802110916,-6.088004924156457,-179.488663,0.264109,179.605057
138.26621318686162,-574.0270621154456,-6.140658033720186,-179.488663,0.264109,179.605057
138.26632767608794,-573.9181433195633,-6.193385633410709,-179.488663,0.264109,179.605057
138.26645644876217,-573.8102934509533,-6.246128131126591,-179.488663,0.264109,179.605057
138.2665862466924,-573.7041912325956,-6.298873608447546,-179.488663,0.264109,179.605057
138.26671440365885,-573.5956808869494,-6.351619681689514,-179.488663,0.264109,179.605057
138.26684040975564,-573.4882321740946,-6.404365874115686,-179.488663,0.264109,179.605057
138.26696419359183,-573.38252394727,-6.457112090378698,-179.488663,0.264109,179.605057
138.266675105828,-573.2744005568773,-6.509858311409078,-179.488663,0.264109,179.605057
138.2667182218812,-573.1673318886566,-6.562087484504042,-179.488663,0.264109,179.605057
138.26682716549178,-573.057730252596,-6.614730296900813,-179.488663,0.264109,179.605057
138.26653705852686,-572.9491808017915,-6.667455837157944,-179.488663,0.264109,179.605057
138.2661712674126,-572.8423856024496,-6.72019792298715,-179.488663,0.264109,179.605057
138.26579554183098,-572.7331934517908,-6.772943317930768,-179.488663,0.264109,179.605057
138.2658338396753,-572.6250748659004,-6.823361588030602,-179.488663,0.264109,179.605057
138.26595439752435,-572.5187086795185,-6.8761119087172355,-179.488663,0.264109,179.605057
138.2660896927738,-572.4099390699113,-6.92932863952123,-179.488663,0.264109,179.605057
138.26622601130424,-572.3022357212177,-6.982638652348696,-179.488663,0.264109,179.605057
138.26636059573843,-572.1962774056663,-7.035967321580855,-179.488663,0.264109,179.605057
138.266082252597,-572.0879083927865,-7.089299722093953,-179.488663,0.264109,179.605057
138.2661359492651,-571.9805984886244,-7.142163179974351,-179.488663,0.264109,179.605057
138.26625529020916,-571.8750265915094,-7.194932849328208,-179.488663,0.264109,179.605057
138.26597539604833,-571.7670370961183,-7.2476837609767575,-179.488663,0.264109,179.605057
138.26644096891684,-571.6600999316731,-7.300430921084246,-179.488663,0.264109,179.605057
138.2666383470437,-571.5548941175336,-7.353177330883521,-179.488663,0.264109,179.605057
138.26636861240002,-571.4472641672564,-7.403595803954487,-179.488663,0.264109,179.605057
138.26641995809493,-571.3406801268222,-7.455876476346458,-179.488663,0.264109,179.605057
138.26612412294102,-571.2358211302652,-7.506201801935964,-179.488663,0.264109,179.605057
138.2661737257173,-571.1285318037677,-7.5589335337205315,-179.488663,0.264109,179.605057
138.26588104395123,-571.022282303926,-7.611676857855223,-179.488663,0.264109,179.605057
138.26552406786183,-570.9177518734128,-7.662094713793272,-179.488663,0.264109,179.605057
138.2655699765677,-570.8107852451107,-7.7148449516475495,-179.488663,0.264109,179.605057
138.26569580930877,-570.7048526804087,-7.767591976996183,-179.488663,0.264109,179.605057
138.26583583723573,-570.5963668582359,-7.820338359843688,-179.488663,0.264109,179.605057
138.26597671269153,-570.4889132940399,-7.870756827524299,-179.488663,0.264109,179.605057
138.2657050874244,-570.3831944099077,-7.923037498838199,-179.488663,0.264109,179.605057
138.2657654917943,-570.2750593525848,-7.975690610878756,-179.488663,0.264109,179.605057
138.26548077634052,-570.1679789814391,-8.028418211064645,-179.488663,0.264109,179.605057
138.26513108620847,-570.0626324683628,-8.078832922212934,-179.488663,0.264109,179.605057
138.2651840411782,-569.9548643217531,-8.13158253110926,-179.488663,0.264109,179.605057
138.26531677203096,-569.8481445509664,-8.184329430666303,-179.488663,0.264109,179.605057
138.26546357033263,-569.7431522476397,-8.234748001688821,-179.488663,0.264109,179.605057
138.26520042765932,-569.6357319950081,-8.287028693671104,-179.488663,0.264109,179.605057
138.26485903926465,-569.5293539072195,-8.339681809845338,-179.488663,0.264109,179.605057
138.26491752369392,-569.4246971852036,-8.392409410857962,-179.488663,0.264109,179.605057
138.2646444842428,-569.3176065208332,-8.445151908838264,-179.488663,0.264109,179.605057
138.26471968991004,-569.2115521352184,-8.497897386212102,-179.488663,0.264109,179.605057
138.26486347500918,-569.1072133343946,-8.550643459464649,-179.488663,0.264109,179.605057
138.26460826438444,-569.0004349134741,-8.603389651892934,-179.488663,0.264109,179.605057
138.26468755094382,-568.8946871949651,-8.655618819267481,-179.488663,0.264109,179.605057
138.26483260930894,-568.7863829178237,-8.708261630520168,-179.488663,0.264109,179.605057
138.26457809231624,-568.6791076564532,-8.760987170548482,-179.488663,0.264109,179.605057
138.26424728004918,-568.573563890843,-8.813729256331923,-179.488663,0.264109,179.605057
138.2643165802795,-568.4656008246069,-8.866474651266389,-179.488663,0.264109,179.605057
138.26446491740603,-568.3586893729653,-8.919220708031059,-179.488663,0.264109,179.605057
138.26421628556156,-568.253508762666,-8.97196689716177,-179.488663,0.264109,179.605057
138.26471312935357,-568.1459035559816,-9.02471311276569,-179.488663,0.264109,179.605057
138.26453066871673,-568.039343815182,-9.077459333664253,-179.488663,0.264109,179.605057
138.26421494218982,-567.9302420172062,-9.130205555621743,-179.488663,0.264109,179.605057
138.2642877194844,-567.8221834778109,-9.182951777791017,-179.488663,0.264109,179.605057
138.26443716248843,-567.7158704226919,-9.23569800000265,-179.488663,0.264109,179.605057
138.26459981322273,-567.6071518056566,-9.288444222222754,-179.488663,0.264109,179.605057
138.2647627922482,-567.4994982965691,-9.341190444444553,-179.488663,0.264109,179.605057
138.26533418567465,-567.3893222145338,-9.393419617777802,-179.488663,0.264109,179.605057
138.26597913549702,-567.2802085666312,-9.445592385777784,-179.488663,0.264109,179.605057
138.2662189573122,-567.172859244103,-9.498223917155558,-179.488663,0.264109,179.605057
138.26637434272678,-567.0631228659037,-9.55094720120889,-179.488663,0.264109,179.605057
138.26651063093536,-566.9502031050598,-9.603688835797335,-179.488663,0.264109,179.605057
138.26664116138156,-566.8382526376192,-9.656434140492802,-179.488663,0.264109,179.605057
138.2663580171756,-566.728088213285,-9.709180179209673,-179.488663,0.264109,179.605057
138.26640683164567,-566.6155811138293,-9.761926364730824,-179.488663,0.264109,179.605057
138.26652134360074,-566.5042055803192,-9.814672579612832,-179.488663,0.264109,179.605057
138.26623669977164,-566.3946403675861,-9.867418800367012,-179.488663,0.264109,179.605057
138.2658762730535,-566.282728813145,-9.920165022295626,-179.488663,0.264109,179.605057
138.26550581582646,-566.1719396213588,-9.970583457792458,-179.488663,0.264109,179.605057
138.2651386212226,-566.0629505706089,-10.02333381155849,-179.488663,0.264109,179.605057
138.26518796813335,-565.9516049478993,-10.076550548978364,-179.488663,0.264109,179.605057
138.2649092548576,-565.8413715929873,-10.129390874240116,-179.488663,0.264109,179.605057
138.2645688934667,-565.7329284549047,-10.182155917070244,-179.488663,0.264109,179.605057
138.2642210431481,-565.6221189959297,-10.234905903414047,-179.488663,0.264109,179.605057
138.26387664224848,-565.5124122295258,-10.285325091793919,-179.488663,0.264109,179.605057
138.2639484960455,-565.4002196089808,-10.33807559613656,-179.488663,0.264109,179.605057
138.26369191219445,-565.2891254459885,-10.391292363671756,-179.488663,0.264109,179.605057
138.26337329000637,-565.1798309803805,-10.444602383845462,-179.488663,0.264109,179.605057
138.2634574583331,-565.0681841977602,-10.49793105454687,-179.488663,0.264109,179.605057
138.2632103210355,-564.9576548170903,-10.55079376646493,-179.488663,0.264109,179.605057
138.26331110412124,-564.8489208902245,-10.603563286626319,-179.488663,0.264109,179.605057
138.26306937125753,-564.7378258255237,-10.653986381769707,-179.488663,0.264109,179.605057
138.2627625731825,-564.627838551954,-10.70673766746505,-179.488663,0.264109,179.605057
138.26244712541555,-564.5196371000567,-10.759484902381898,-179.488663,0.264109,179.605057
138.26254510074514,-564.4047983442542,-10.812231327143046,-179.488663,0.264109,179.605057
138.26272436726714,-564.2902653899756,-10.862649803206386,-179.488663,0.264109,179.605057
138.2629173424593,-564.1731558424625,-10.91540016508572,-179.488663,0.264109,179.605057
138.26269964818275,-564.0571965343116,-10.968616904128254,-179.488663,0.264109,179.605057
138.26322424944217,-563.9431164730823,-11.021926918603427,-179.488663,0.264109,179.605057
138.26347918214643,-563.8310347332194,-11.07478589927624,-179.488663,0.264109,179.605057
138.2636765554301,-563.7166800423744,-11.12755467318858,-179.488663,0.264109,179.605057
138.26385960974295,-563.6034971391583,-11.180305405748827,-179.488663,0.264109,179.605057
138.2640371968225,-563.4921583058695,-11.233052530038654,-179.488663,0.264109,179.605057
138.2642111647725,-563.3785051055282,-11.28347114600773,-179.488663,0.264109,179.605057
138.2647926013524,-563.2660054328481,-11.336221535868212,-179.488663,0.264109,179.605057
138.26462592900472,-563.1510697943784,-11.388968591618086,-179.488663,0.264109,179.605057
138.26472267198932,-563.0372816029422,-11.441714980545838,-179.488663,0.264109,179.605057
138.2648707221402,-562.9253412218577,-11.492133449442498,-179.488663,0.264109,179.605057
138.26461626145547,-562.8110957771521,-11.544883809888496,-179.488663,0.264109,179.605057
138.26510625093337,-562.6980141438249,-11.597630859755474,-179.488663,0.264109,179.605057
138.2657381617046,-562.5867735448918,-11.650377247506647,-179.488663,0.264109,179.605057
138.26597880289236,-562.4732165746891,-11.700795716167994,-179.488663,0.264109,179.605057
138.26613776771103,-562.3608113626974,-11.75307638767804,-179.488663,0.264109,179.605057
138.2658674697562,-562.2459684875853,-11.805729499757827,-179.488663,0.264109,179.605057
138.26551516348425,-562.1322714007395,-11.856129313284896,-179.488663,0.264109,179.605057
138.26556213279363,-562.020420496782,-11.908875942656977,-179.488663,0.264109,179.605057
138.26568828921134,-561.9105295978142,-11.962091935198059,-179.488663,0.264109,179.605057
138.26541782215943,-561.7983269259629,-12.015401800372942,-179.488663,0.264109,179.605057
138.2650718770561,-561.6872576708679,-12.068260751185695,-179.488663,0.264109,179.605057
138.26471575645067,-561.5737280840856,-12.121029519126026,-179.488663,0.264109,179.605057
138.26477333223784,-561.4613210739777,-12.17378025049187,-179.488663,0.264109,179.605057
138.26491282844788,-561.3464705900152,-12.224199587876148,-179.488663,0.264109,179.605057
138.26465605812973,-561.2242315070537,-12.276480433130782,-179.488663,0.264109,179.605057
138.2643236863505,-561.1022532156945,-12.32680579329282,-179.488663,0.264109,179.605057
138.26398092134434,-560.9820618850217,-12.379537531991895,-179.488663,0.264109,179.605057
138.26364095257287,-560.8596706676336,-12.432750546398376,-179.488663,0.264109,179.605057
138.26330637815977,-560.7385801479942,-12.486059815946339,-179.488663,0.264109,179.605057
138.26297764100997,-560.6194719441837,-12.539388336522599,-179.488663,0.264109,179.605057
138.2630654133523,-560.5024541868821,-12.592720707304517,-179.488663,0.264109,179.605057
138.26323523927533,-560.383252104764,-12.646053848127567,-179.488663,0.264109,179.605057
138.26341906061245,-560.2653084761838,-12.698917454069957,-179.488663,0.264109,179.605057
138.2636030666845,-560.1450272921398,-12.751687153036212,-179.488663,0.264109,179.605057
138.2637844927283,-560.0259892627319,-12.802110283940575,-179.488663,0.264109,179.605057
138.26355215581825,-559.9088928495581,-12.854391887899224,-179.488663,0.264109,179.605057
138.26324037066462,-559.7938501308408,-12.907045186468732,-179.488663,0.264109,179.605057
138.26332779680666,-559.6765876474589,-12.959772823960412,-179.488663,0.264109,179.605057
138.26349382181382,-559.5605489442408,-13.012515329236527,-179.488663,0.264109,179.605057
138.2632625386828,-559.4421386586126,-13.06293302140286,-179.488663,0.264109,179.605057
138.26336574995088,-559.3249381138978,-13.115683226502794,-179.488663,0.264109,179.605057
138.2635343922052,-559.2096463695573,-13.168899934189447,-179.488663,0.264109,179.605057
138.26330305552247,-559.0921094234334,-13.221740253504557,-179.488663,0.264109,179.605057
138.26299501317408,-558.9757950735197,-13.27217750847869,-179.488663,0.264109,179.605057
138.26267601073926,-558.8613794913805,-13.324461937251293,-179.488663,0.264109,179.605057
138.26235935321066,-558.7447042399641,-13.374788014116925,-179.488663,0.264109,179.605057
138.26204766823705,-558.6292364360459,-13.427519896156717,-179.488663,0.264109,179.605057
138.2617414106274,-558.5113856637275,-13.480732939231343,-179.488663,0.264109,179.605057
138.26185126082098,-558.3947343976021,-13.534042214512935,-179.488663,0.264109,179.605057
138.26204277026136,-558.2799820729443,-13.587370736235918,-179.488663,0.264109,179.605057
138.26224788786126,-558.1629749029755,-13.640703107247182,-179.488663,0.264109,179.605057
138.26204214319833,-558.0471808659173,-13.693566559227213,-179.488663,0.264109,179.605057
138.2621678188958,-557.9332763039682,-13.74400844073433,-179.488663,0.264109,179.605057
138.26194732461101,-557.8171029463665,-13.79676348370242,-179.488663,0.264109,179.605057
138.26207139891514,-557.7021280729424,-13.849981158962706,-179.488663,0.264109,179.605057
138.26226262232473,-557.5890280945536,-13.903291360681429,-179.488663,0.264109,179.605057
138.2620538892669,-557.4736449615311,-13.95662006769184,-179.488663,0.264109,179.605057
138.2621788002302,-557.3594462021405,-14.009482786871702,-179.488663,0.264109,179.605057
138.26236866348626,-557.2471084776098,-14.062252308485451,-179.488663,0.264109,179.605057
138.26256881692345,-557.1324739854666,-14.112675403919313,-179.488663,0.264109,179.605057
138.26276818177018,-557.0190104970225,-14.165426689672751,-179.488663,0.264109,179.605057
138.26296455348768,-556.9073949122651,-14.218643613490105,-179.488663,0.264109,179.605057
138.26274686707046,-556.793469663228,-14.271953664920243,-179.488663,0.264109,179.605057
138.26286013167757,-556.6807027515437,-14.325282341872937,-179.488663,0.264109,179.605057
138.26262730894848,-556.5655046367405,-14.378145055041253,-179.488663,0.264109,179.605057
138.2627392466754,-556.4514586545018,-14.430914575452693,-179.488663,0.264109,179.605057
138.2629185444903,-556.3392650860791,-14.48366545731276,-179.488663,0.264109,179.605057
138.2631087643094,-556.2247709756149,-14.534084824795885,-179.488663,0.264109,179.605057
138.26329846318083,-556.1114451174245,-14.586835364959176,-179.488663,0.264109,179.605057
138.2634853599232,-555.9999646552276,-14.640052139658502,-179.488663,0.264109,179.605057
138.26366903815278,-555.8861721054695,-14.692892472376146,-179.488663,0.264109,179.605057
138.2638494603672,-555.773535521129,-14.743329730030785,-179.488663,0.264109,179.605057
138.26402666537376,-555.662732072405,-14.79608384822838,-179.488663,0.264109,179.605057
138.26420070668976,-555.5496044554084,-14.848831649645676,-179.488663,0.264109,179.605057
138.26437164001337,-555.4376209308655,-14.899250401040245,-179.488663,0.264109,179.605057
138.26412885402013,-555.3274588793846,-14.952000817985827,-179.488663,0.264109,179.605057
138.26421744378652,-555.2149612050263,-15.00521756804161,-179.488663,0.264109,179.605057
138.26437104876152,-555.1035963730164,-15.058057895830546,-179.488663,0.264109,179.605057
138.26453547217412,-554.994041964865,-15.110822939166109,-179.488663,0.264109,179.605057
138.26469972080795,-554.8821410819568,-15.163572925611,-179.488663,0.264109,179.605057
138.26486159850546,-554.7713623833207,-15.213992114011088,-179.488663,0.264109,179.605057
138.2650206997551,-554.6623836408086,-15.266742618357773,-179.488663,0.264109,179.605057
138.26517698294185,-554.5510481427481,-15.319959385893776,-179.488663,0.264109,179.605057
138.26491981315513,-554.4408247317725,-15.373269406067644,-179.488663,0.264109,179.605057
138.26458361029958,-554.332391360059,-15.426598076769084,-179.488663,0.264109,179.605057
138.264236382382,-554.2215914930399,-15.479930477576039,-179.488663,0.264109,179.605057
138.26389188780462,-554.1118941472907,-15.533263624404096,-179.488663,0.264109,179.605057
138.26396350604034,-554.0039774458239,-15.586596920436374,-179.488663,0.264109,179.605057
138.2637066616016,-553.8936850218568,-15.639930246309497,-179.488663,0.264109,179.605057
138.26338777752662,-553.7844860567526,-15.693263578150786,-179.488663,0.264109,179.605057
138.26347168743126,-553.677058835369,-15.746596911185712,-179.488663,0.264109,179.605057
138.2632242960798,-553.5672471498784,-15.799930244459363,-179.488663,0.264109,179.605057
138.26332482959862,-553.4585203377598,-15.85326357778076,-179.488663,0.264109,179.605057
138.26308285161474,-553.3472901705325,-15.906127222222816,-179.488663,0.264109,179.605057
138.262775812795,-553.2371412724395,-15.956569142222339,-179.488663,0.264109,179.605057
138.26246012858243,-553.1287751902796,-16.009324192888908,-179.488663,0.264109,179.605057
138.26255787168895,-553.0180402111415,-16.0620721808,-179.488663,0.264109,179.605057
138.26273691013512,-552.9084063500889,-16.11249096949333,-179.488663,0.264109,179.605057
138.26292966132468,-552.7962852831216,-16.164771705009773,-179.488663,0.264109,179.605057
138.26312241371264,-552.6852613857017,-16.21742482989084,-179.488663,0.264109,179.605057
138.26331242497298,-552.5760359287322,-16.267824645978166,-179.488663,0.264109,179.605057
138.26308851895877,-552.4644569219075,-16.320571275862296,-179.488663,0.264109,179.605057
138.26278501393074,-552.3539941065421,-16.37378726850579,-179.488663,0.264109,179.605057
138.26288057228257,-552.2453255561761,-16.426627444812265,-179.488663,0.264109,179.605057
138.26305458425824,-552.1342947004152,-16.477064671184674,-179.488663,0.264109,179.605057
138.26283114545504,-552.0243704890794,-16.529818783125823,-179.488663,0.264109,179.605057
138.26335272762572,-551.9162309731898,-16.582566583291833,-179.488663,0.264109,179.605057
138.26401589593362,-551.8057197139489,-16.63531312110281,-179.488663,0.264109,179.605057
138.26428728307528,-551.6963058217245,-16.688059406442783,-179.488663,0.264109,179.605057
138.2644764542554,-551.588667511593,-16.738477854621888,-179.488663,0.264109,179.605057
138.2646464918087,-551.4786485071797,-16.791228210924377,-179.488663,0.264109,179.605057
138.26439961765809,-551.3697180786395,-16.843975259962654,-179.488663,0.264109,179.605057
138.2640728722657,-551.2582879313686,-16.89439386088142,-179.488663,0.264109,179.605057
138.2645561330039,-551.1436759580017,-16.94714424773184,-179.488663,0.264109,179.605057
138.2651945219266,-551.0300576563702,-17.00036099176859,-179.488663,0.264109,179.605057
138.2654441905104,-550.9139873271534,-17.053201318353718,-179.488663,0.264109,179.605057
138.26561256418435,-550.799077370435,-17.10596636144852,-179.488663,0.264109,179.605057
138.26535161756183,-550.6817670964897,-17.15871634784526,-179.488663,0.264109,179.605057
138.2650085181209,-550.565645171884,-17.20913553623572,-179.488663,0.264109,179.605057
138.26465386775277,-550.4514124289628,-17.261886040580478,-179.488663,0.264109,179.605057
138.26471261778224,-550.3349154991666,-17.315102808116094,-179.488663,0.264109,179.605057
138.26485321233523,-550.2196225772194,-17.368412828289884,-179.488663,0.264109,179.605057
138.26500817622593,-550.1062101783986,-17.421741498991306,-179.488663,0.264109,179.605057
138.26557447672,-549.9905201938751,-17.47507389979826,-179.488663,0.264109,179.605057
138.2653936571499,-549.8760200608798,-17.52793735773743,-179.488663,0.264109,179.605057
138.2650659852231,-549.763386344526,-17.578379240436373,-179.488663,0.264109,179.605057
138.2647136030479,-549.644194479911,-17.63066459475394,-179.488663,0.264109,179.605057
138.26436129048062,-549.5253861588293,-17.683318643395232,-179.488663,0.264109,179.605057
138.26401400250253,-549.4083442647985,-17.73604643090127,-179.488663,0.264109,179.605057
138.2640833253158,-549.2890535853377,-17.788788966180253,-179.488663,0.264109,179.605057
138.26423498436282,-549.1710097273431,-17.84153445101383,-179.488663,0.264109,179.605057
138.26440095372797,-549.0548940796219,-17.894280525758322,-179.488663,0.264109,179.605057
138.26415675803685,-548.9365488298344,-17.947026718485,-179.488663,0.264109,179.605057
138.26424466900656,-548.8194407920748,-17.997445148141445,-179.488663,0.264109,179.605057
138.26398708435238,-548.704245733258,-18.0501955007394,-179.488663,0.264109,179.605057
138.26366406399964,-548.5868049332882,-18.10294254903677,-179.488663,0.264109,179.605057
138.26333255057443,-548.4705852542432,-18.155688936474018,-179.488663,0.264109,179.605057
138.26341472005902,-548.3562627014851,-18.208435191739248,-179.488663,0.264109,179.605057
138.26357845749288,-548.239678828068,-18.258853633903403,-179.488663,0.264109,179.605057
138.26375617980642,-548.1243007722744,-18.311603989002904,-179.488663,0.264109,179.605057
138.26352350482298,-548.0108048123545,-18.36482072668947,-179.488663,0.264109,179.605057
138.26362272620216,-547.8950327697061,-18.41813074089345,-179.488663,0.264109,179.605057
138.26378691570534,-547.7804520462296,-18.47145941040091,-179.488663,0.264109,179.605057
138.26396176369374,-547.6634725124325,-18.524322122080182,-179.488663,0.264109,179.605057
138.26413625665222,-547.5476769254963,-18.577091642193814,-179.488663,0.264109,179.605057
138.2638975302604,-547.433764998502,-18.629842523994316,-179.488663,0.264109,179.605057
138.26399022188502,-547.3175832175691,-18.682589678132196,-179.488663,0.264109,179.605057
138.26373721216532,-547.2025998289549,-18.73533608673755,-179.488663,0.264109,179.605057
138.26382932720392,-547.0894914381092,-18.788082346236397,-179.488663,0.264109,179.605057
138.26398915711363,-546.9741000328204,-18.840828575913946,-179.488663,0.264109,179.605057
138.26416025686106,-546.8598931468516,-18.89357479962723,-179.488663,0.264109,179.605057
138.26433117715743,-546.7432807737915,-18.946321022147668,-179.488663,0.264109,179.605057
138.26408896403044,-546.6278457903968,-18.999067244429533,-179.488663,0.264109,179.605057
138.2641782356944,-546.5142880269212,-19.051813466663685,-179.488663,0.264109,179.605057
138.2643325346751,-546.39845408451,-19.104042639999403,-179.488663,0.264109,179.605057
138.26408697797808,-546.2838123223816,-19.156685452444325,-179.488663,0.264109,179.605057
138.2637649425074,-546.1667727902599,-19.209410992711085,-179.488663,0.264109,179.605057
138.26384285800876,-546.0509182663741,-19.26215307854222,-179.488663,0.264109,179.605057
138.26399965557286,-545.932681786253,-19.314898473486224,-179.488663,0.264109,179.605057
138.26416999953977,-545.81565050038,-19.3676445302528,-179.488663,0.264109,179.605057
138.26434063011746,-545.6962580316446,-19.420390719383892,-179.488663,0.264109,179.605057
138.26450889127133,-545.5780913525587,-19.472619886099,-179.488663,0.264109,179.605057
138.2646742854929,-545.4618504241719,-19.524792652775353,-179.488663,0.264109,179.605057
138.26483675405464,-545.3476478502397,-19.576954139443956,-179.488663,0.264109,179.605057
138.26499632682047,-545.2312104949166,-19.629583414555455,-179.488663,0.264109,179.605057
138.26515305094773,-545.1159821812578,-19.68230624735553,-179.488663,0.264109,179.605057
138.26530697638194,-544.9983678119482,-19.735047791693326,-179.488663,0.264109,179.605057
138.26545815291578,-544.8776823025388,-19.78779307833866,-179.488663,0.264109,179.605057
138.2656066296033,-544.758098981243,-19.840539113445505,-179.488663,0.264109,179.605057
138.26575245465312,-544.6404368381396,-19.893285298244653,-179.488663,0.264109,179.605057
138.26630634208578,-544.5205656811545,-19.945514464093367,-179.488663,0.264109,179.605057
138.26611263115154,-544.4019575556256,-19.998157275040892,-179.488663,0.264109,179.605057
138.26618282221054,-544.2810222408399,-20.050882815008176,-179.488663,0.264109,179.605057
138.26589412872866,-544.1613414571242,-20.10362490077941,-179.488663,0.264109,179.605057
138.26594843086815,-544.0436137063243,-20.156370295711433,-179.488663,0.264109,179.605057
138.26607055983482,-543.9279509123412,-20.20911635247562,-179.488663,0.264109,179.605057
138.26579385055493,-543.8100794250137,-20.26186254160623,-179.488663,0.264109,179.605057
138.26544130904662,-543.6934425935036,-20.314608757210134,-179.488663,0.264109,179.605057
138.26507861501628,-543.5787115280941,-20.367354978108693,-179.488663,0.264109,179.605057
138.2651297154633,-543.4617266799461,-20.42010120006618,-179.488663,0.264109,179.605057
138.26485218137725,-543.3416881930907,-20.472847422235457,-179.488663,0.264109,179.605057
138.26492353420267,-543.222746192529,-20.525593644447092,-179.488663,0.264109,179.605057
138.26506364961463,-543.1057151087898,-20.578339866667193,-179.488663,0.264109,179.605057
138.26521552479142,-542.9864639838281,-20.631086088888992,-179.488663,0.264109,179.605057
138.2653675919186,-542.8684648666215,-20.68383231111113,-179.488663,0.264109,179.605057
138.26510686803675,-542.7523943606327,-20.736578533333333,-179.488663,0.264109,179.605057
138.26517796069274,-542.6298270240839,-20.789324755555555,-179.488663,0.264109,179.605057
138.2657250722274,-542.5034368346538,-20.841553928888885,-179.488663,0.264109,179.605057
138.266359606396,-542.3780796240084,-20.893726696888884,-179.488663,0.264109,179.605057
138.26700260060545,-542.2547118672269,-20.945888183822216,-179.488663,0.264109,179.605057
138.26722747534984,-542.1292298982034,-20.99851745898666,-179.488663,0.264109,179.605057
138.26736552798263,-542.0051097191799,-21.051240291797328,-179.488663,0.264109,179.605057
138.26748425277788,-541.8830271629248,-21.10398183613724,-179.488663,0.264109,179.605057
138.2675974234752,-541.7630884164678,-21.156727122783,-179.488663,0.264109,179.605057
138.26770787381412,-541.6410175608089,-21.20947315788993,-179.488663,0.264109,179.605057
138.2678162092321,-541.5202564021457,-21.2617022938002,-179.488663,0.264109,179.605057
138.26751191422886,-541.3972080082493,-21.314345098760036,-179.488663,0.264109,179.605057
138.2671294208925,-541.2754521889084,-21.367070637529782,-179.488663,0.264109,179.605057
138.26673672779478,-541.155686522798,-21.419812723061508,-179.488663,0.264109,179.605057
138.26634757971325,-541.0337555545851,-21.472558117945628,-179.488663,0.264109,179.605057
138.26596467518547,-540.9131256552773,-21.52530417470023,-179.488663,0.264109,179.605057
138.26640979845507,-540.7902049283186,-21.57805036382893,-179.488663,0.264109,179.605057
138.26660352997538,-540.6685742417242,-21.63079657943245,-179.488663,0.264109,179.605057
138.26633356118649,-540.5489314218564,-21.68354280033093,-179.488663,0.264109,179.605057
138.26638535855847,-540.4271210954388,-21.736289022288403,-179.488663,0.264109,179.605057
138.2660901058223,-540.3066096812424,-21.789035244457676,-179.488663,0.264109,179.605057
138.26572964221444,-540.1838053229368,-21.841781466669307,-179.488663,0.264109,179.605057
138.26618259635916,-540.0622889266829,-21.89452768888941,-179.488663,0.264109,179.605057
138.26597045870656,-539.9427583560305,-21.94727391111121,-179.488663,0.264109,179.605057
138.26562831976332,-539.8210582741698,-22.000020133333347,-179.488663,0.264109,179.605057
138.26567571320473,-539.7006551356764,-22.052249306666663,-179.488663,0.264109,179.605057
138.26580033908297,-539.5822237860482,-22.104892119111103,-179.488663,0.264109,179.605057
138.26593863899166,-539.4616044844987,-22.15761765937777,-179.488663,0.264109,179.605057
138.26566704010776,-539.3422630670761,-22.21035974520888,-179.488663,0.264109,179.605057
138.26613865753833,-539.2248745266377,-22.26310514015288,-179.488663,0.264109,179.605057
138.26593087745056,-539.105279420838,-22.315851196919457,-179.488663,0.264109,179.605057
138.26559017295372,-538.9869439101374,-22.36859738605055,-179.488663,0.264109,179.605057
138.26563839581678,-538.8705433123865,-22.421343601654545,-179.488663,0.264109,179.605057
138.2653530516489,-538.7519185057268,-22.474089822553122,-179.488663,0.264109,179.605057
138.26541571896965,-538.634535965647,-22.526836044510617,-179.488663,0.264109,179.605057
138.2651364306529,-538.5148046527864,-22.57958226667989,-179.488663,0.264109,179.605057
138.2652033899758,-538.3963064307081,-22.632328488891524,-179.488663,0.264109,179.605057
138.26574931318294,-538.2797401348336,-22.68507471111163,-179.488663,0.264109,179.605057
138.26638326492576,-538.1609513892968,-22.73730388444454,-179.488663,0.264109,179.605057
138.26620447283983,-538.0434075937638,-22.7899466968889,-179.488663,0.264109,179.605057
138.2658656748089,-537.9277845222128,-22.84267223715555,-179.488663,0.264109,179.605057
138.26549969404988,-537.809923345809,-22.895414322986657,-179.488663,0.264109,179.605057
138.26513348180495,-537.6932907962769,-22.948159717930658,-179.488663,0.264109,179.605057
138.26477243161472,-537.5785627461568,-23.000905774697234,-179.488663,0.264109,179.605057
138.26482821543817,-537.4615806170764,-23.053651963828326,-179.488663,0.264109,179.605057
138.26496657269442,-537.3458114180398,-23.106398179432322,-179.488663,0.264109,179.605057
138.26511947688954,-537.2276646336205,-23.1591444003309,-179.488663,0.264109,179.605057
138.26486244916836,-537.1107226419475,-23.211890622288394,-179.488663,0.264109,179.605057
138.26452709056926,-536.9914181171498,-23.26463684445767,-179.488663,0.264109,179.605057
138.26418083533915,-536.8733378611909,-23.317383066669304,-179.488663,0.264109,179.605057
138.2642479919683,-536.75718182264,-23.370129288889405,-179.488663,0.264109,179.605057
138.26398620918613,-536.6387959578968,-23.42054772444454,-179.488663,0.264109,179.605057
138.26407302832126,-536.5216478379916,-23.472828389333344,-179.488663,0.264109,179.605057
138.26422833307882,-536.4064133736481,-23.525481500088883,-179.488663,0.264109,179.605057
138.2643951261821,-536.2889338639098,-23.57820910001777,-179.488663,0.264109,179.605057
138.26415117811928,-536.1726761647867,-23.630951597781326,-179.488663,0.264109,179.605057
138.26382855130677,-536.0583162706185,-23.683697075111812,-179.488663,0.264109,179.605057
138.2634947772146,-535.9416957226028,-23.73644314835569,-179.488663,0.264109,179.605057
138.26316352067576,-535.8262816471673,-23.78918934078224,-179.488663,0.264109,179.605057
138.26283747885174,-535.7127503108761,-23.84193555704533,-179.488663,0.264109,179.605057
138.26251711700993,-535.5969435236411,-23.89468177807572,-179.488663,0.264109,179.605057
138.26261311408854,-535.4823286760802,-23.94742800005958,-179.488663,0.264109,179.605057
138.26238035099277,-535.3695822942861,-24.00017422223413,-179.488663,0.264109,179.605057
138.2620851462706,-535.2545464430754,-24.05059265778015,-179.488663,0.264109,179.605057
138.26178165169034,-535.1406887634207,-24.10287332266713,-179.488663,0.264109,179.605057
138.2614808155058,-535.0244193606324,-24.155526433422306,-179.488663,0.264109,179.605057
138.26159545622613,-534.9093212225014,-24.208254033351118,-179.488663,0.264109,179.605057
138.26138089521498,-534.7960942885996,-24.26099653111466,-179.488663,0.264109,179.605057
138.26151421205856,-534.6805852674926,-24.313742008445146,-179.488663,0.264109,179.605057
138.26171520841135,-534.5662626239115,-24.366488081689024,-179.488663,0.264109,179.605057
138.26192688205117,-534.4538031778775,-24.419234274115574,-179.488663,0.264109,179.605057
138.26213768067885,-534.3390491279188,-24.471980490378662,-179.488663,0.264109,179.605057
138.2619346396125,-534.2254682147744,-24.524726711409055,-179.488663,0.264109,179.605057
138.2620623849692,-534.1137373019801,-24.577472933392915,-179.488663,0.264109,179.605057
138.26225447078764,-533.9996987844598,-24.630219155567463,-179.488663,0.264109,179.605057
138.26245669281124,-533.8868206271325,-24.682965377780153,-179.488663,0.264109,179.605057
138.2626580660293,-533.7715132534146,-24.735711600000467,-179.488663,0.264109,179.605057
138.26244573884495,-533.6573599635113,-24.78845782222231,-179.488663,0.264109,179.605057
138.2621536913445,-533.5450610038276,-24.841204044444453,-179.488663,0.264109,179.605057
138.2618498533453,-533.4304633842809,-24.89395026666666,-179.488663,0.264109,179.605057
138.26195864516455,-533.3127691989064,-24.94669648888888,-179.488663,0.264109,179.605057
138.26214841568606,-533.1961295732249,-24.9994427111111,-179.488663,0.264109,179.605057
138.2623516829895,-533.0813597341585,-25.052188933333323,-179.488663,0.264109,179.605057
138.2621440920699,-532.964329467904,-25.104935155555545,-179.488663,0.264109,179.605057
138.26185728190984,-532.8485115466652,-25.15768137777777,-179.488663,0.264109,179.605057
138.26196937364622,-532.7345832826428,-25.210427599999992,-179.488663,0.264109,179.605057
138.26174898490166,-532.6183865964853,-25.263173822222214,-179.488663,0.264109,179.605057
138.26146523447858,-532.4991221343262,-25.31359225777777,-179.488663,0.264109,179.605057
138.26199418061472,-532.3809403226508,-25.36634261155555,-179.488663,0.264109,179.605057
138.26226747660652,-532.2646558490602,-25.41955934897777,-179.488663,0.264109,179.605057
138.2628964223598,-532.1461380000445,-25.472399674239995,-179.488663,0.264109,179.605057
138.26358755305912,-532.0288590631297,-25.525164717070215,-179.488663,0.264109,179.605057
138.2634599579999,-531.9134958757379,-25.577914703414038,-179.488663,0.264109,179.605057
138.2631704324743,-531.7958898924715,-25.628333891793915,-179.488663,0.264109,179.605057
138.26326330521843,-531.6795079684587,-25.680614707247667,-179.488663,0.264109,179.605057
138.2634313367597,-531.5607593992158,-25.73094006144953,-179.488663,0.264109,179.605057
138.26402267694516,-531.4432263694675,-25.78367179895657,-179.488663,0.264109,179.605057
138.2646902686879,-531.3276080284855,-25.83688481312464,-179.488663,0.264109,179.605057
138.26495294943734,-531.2097503083286,-25.890194082624923,-179.488663,0.264109,179.605057
138.2655415787508,-531.0931209110233,-25.943052914302758,-179.488663,0.264109,179.605057
138.26577635949346,-530.9741292408279,-25.9958216584161,-179.488663,0.264109,179.605057
138.26552636475142,-530.8563574420305,-26.04857238501655,-179.488663,0.264109,179.605057
138.26518297039323,-530.7405045942066,-26.101319508114415,-179.488663,0.264109,179.605057
138.26482577994264,-530.6224165548578,-26.15406591051177,-179.488663,0.264109,179.605057
138.26488157698225,-530.5055609515413,-26.206812168769016,-179.488663,0.264109,179.605057
138.2646085112953,-530.3906137817894,-26.257230611531575,-179.488663,0.264109,179.605057
138.26427355666394,-530.273416436276,-26.309980966750754,-179.488663,0.264109,179.605057
138.2639309880429,-530.157435862302,-26.363197704461253,-179.488663,0.264109,179.605057
138.26359176871094,-530.0433481441323,-26.416507718670022,-179.488663,0.264109,179.605057
138.26325804368955,-529.9269949113376,-26.469366699289555,-179.488663,0.264109,179.605057
138.26334083050835,-529.8075767104842,-26.522135473191238,-179.488663,0.264109,179.605057
138.2635057422827,-529.6892439082089,-26.572558419082686,-179.488663,0.264109,179.605057
138.2636847336362,-529.5728111410594,-26.62483998603875,-179.488663,0.264109,179.605057
138.26386399525074,-529.4584143136235,-26.67749327720774,-179.488663,0.264109,179.605057
138.26404076141898,-529.3460516512316,-26.727893126552654,-179.488663,0.264109,179.605057
138.26503584782358,-529.2314272019358,-26.780170074199415,-179.488663,0.264109,179.605057
138.2653591126021,-529.1179806096493,-26.832822441506543,-179.488663,0.264109,179.605057
138.26513274884525,-529.0021163847438,-26.883222106079078,-179.488663,0.264109,179.605057
138.26521034544365,-528.8874164800686,-26.935499016771363,-179.488663,0.264109,179.605057
138.26493696385035,-528.7703140603061,-26.98582359002093,-179.488663,0.264109,179.605057
138.26500794137914,-528.6543965941627,-27.038555171337514,-179.488663,0.264109,179.605057
138.26473611460753,-528.540364722706,-27.091298465378607,-179.488663,0.264109,179.605057
138.26439959295655,-528.4240650901364,-27.144044101964603,-179.488663,0.264109,179.605057
138.2640549184154,-528.3089659445629,-27.194462420392913,-179.488663,0.264109,179.605057
138.2637135153342,-528.1957438620145,-27.247212750745245,-179.488663,0.264109,179.605057
138.2633776220554,-528.080240795023,-27.300429483482375,-179.488663,0.264109,179.605057
138.26345827455265,-527.9616575747623,-27.35373949669647,-179.488663,0.264109,179.605057
138.26321042248065,-527.8441448407582,-27.407068166005956,-179.488663,0.264109,179.605057
138.26290039450208,-527.7285174962221,-27.46040056653452,-179.488663,0.264109,179.605057
138.26258234062902,-527.6149117073688,-27.513733713306898,-179.488663,0.264109,179.605057
138.2622672050099,-527.4990592897601,-27.567067009328042,-179.488663,0.264109,179.605057
138.26236780163703,-527.3844052252286,-27.620400335198937,-179.488663,0.264109,179.605057
138.26255011400585,-527.2673548002304,-27.673733667039784,-179.488663,0.264109,179.605057
138.2623355099693,-527.1514898202943,-27.72706700007462,-179.488663,0.264109,179.605057
138.26245524146466,-527.0375097868629,-27.78040033334825,-179.488663,0.264109,179.605057
138.26264013721845,-526.9212611254303,-27.833733666669644,-179.488663,0.264109,179.605057
138.26283543619545,-526.8019453860267,-27.88706700000059,-179.488663,0.264109,179.605057
138.26303003823162,-526.6837131659893,-27.94040033333345,-179.488663,0.264109,179.605057
138.26322173320625,-526.5673791747323,-27.993733666666685,-179.488663,0.264109,179.605057
138.26299945377335,-526.4488126904404,-28.047067000000002,-179.488663,0.264109,179.605057
138.26269754076645,-526.3314859864292,-28.10040033333333,-179.488663,0.264109,179.605057
138.26238399491862,-526.2160758849312,-28.153733666666664,-179.488663,0.264109,179.605057
138.26248324848797,-526.0984238253794,-28.207066999999995,-179.488663,0.264109,179.605057
138.2622529836678,-525.9819966479527,-28.260400333333326,-179.488663,0.264109,179.605057
138.26196009004715,-525.867470300141,-28.313263977777773,-179.488663,0.264109,179.605057
138.26206950293124,-525.7506862707546,-28.363705897777777,-179.488663,0.264109,179.605057
138.26184715435525,-525.6351116334712,-28.416460948444442,-179.488663,0.264109,179.605057
138.2615616157781,-525.5171559361164,-28.469208936355553,-179.488663,0.264109,179.605057
138.2612675001938,-525.4004016188875,-28.52195551171555,-179.488663,0.264109,179.605057
138.26097585218534,-525.2855480835287,-28.57470180456533,-179.488663,0.264109,179.605057
138.26068884557478,-525.1684415103804,-28.627448040913062,-179.488663,0.264109,179.605057
138.26081751578226,-525.052549845381,-28.680194265960385,-179.488663,0.264109,179.605057
138.2606168247104,-524.9385493990247,-28.73061270208096,-179.488663,0.264109,179.605057
138.2603531156557,-524.8222818694119,-28.783363055971744,-179.488663,0.264109,179.605057
138.26008055353321,-524.7072145057912,-28.836579793416565,-179.488663,0.264109,179.605057
138.25981009723625,-524.5897570223182,-28.889420118683308,-179.488663,0.264109,179.605057
138.2599545752606,-524.4734920213062,-28.942185161514438,-179.488663,0.264109,179.605057
138.259769318684,-524.3591190634677,-28.994935147858442,-179.488663,0.264109,179.605057
138.25993141661405,-524.2424844852196,-29.04768212290502,-179.488663,0.264109,179.605057
138.26016068005268,-524.118523052447,-29.10042849569211,-179.488663,0.264109,179.605057
138.26040011595742,-523.9948592558134,-29.15265769913842,-179.488663,0.264109,179.605057
138.26063818104475,-523.8687470937374,-29.204830473161014,-179.488663,0.264109,179.605057
138.26169391948736,-523.7439388537671,-29.256991961298866,-179.488663,0.264109,179.605057
138.26248751098763,-523.6211664487416,-29.30915119225977,-179.488663,0.264109,179.605057
138.26321738646473,-523.4962806404657,-29.361309971785282,-179.488663,0.264109,179.605057
138.26351347161932,-523.3727483052573,-29.41346866102372,-179.488663,0.264109,179.605057
138.26371858772055,-523.2469769023188,-29.46562733220474,-179.488663,0.264109,179.605057
138.264313259471,-523.122546434676,-29.51726895088539,-179.488663,0.264109,179.605057
138.2649773847975,-523.0001538318545,-29.56885416351041,-179.488663,0.264109,179.605057
138.26564595550124,-522.8799094967928,-29.620428094924304,-179.488663,0.264109,179.605057
138.266716573386,-522.7575382902708,-29.672469814540413,-179.488663,0.264109,179.605057
138.26785237414143,-522.6364820999493,-29.724088042908082,-179.488663,0.264109,179.605057
138.26857439119362,-522.5131439342414,-29.775668577470505,-179.488663,0.264109,179.605057
138.2696140494849,-522.3911035162574,-29.827241573271877,-179.488663,0.264109,179.605057
138.27029178310602,-522.2710583337629,-29.87881306132104,-179.488663,0.264109,179.605057
138.27088749291497,-522.1488528409617,-29.930854292264204,-179.488663,0.264109,179.605057
138.2714583256442,-522.0279533197746,-29.98247242289728,-179.488663,0.264109,179.605057
138.2716053977809,-521.9090344527672,-30.034052937912787,-179.488663,0.264109,179.605057
138.27166562610645,-521.787936340482,-30.085625929804777,-179.488663,0.264109,179.605057
138.27170762908915,-521.6681246634049,-30.136680368183175,-179.488663,0.264109,179.605057
138.27256672296087,-521.5460075949991,-30.187678100303298,-179.488663,0.264109,179.605057
138.27316635011977,-521.4251662244113,-30.23814744228288,-179.488663,0.264109,179.605057
138.27329488923874,-521.3062986262134,-30.288558110678796,-179.488663,0.264109,179.605057
138.27373804930446,-521.1852496772235,-30.33843999546909,-179.488663,0.264109,179.605057
138.27423783083862,-521.0654860431273,-30.388263127982707,-179.488663,0.264109,179.605057
138.27433116199575,-520.9476827770281,-30.437557461152096,-179.488663,0.264109,179.605057
138.274341875701,-520.8319470087574,-30.486793038897083,-179.488663,0.264109,179.605057
138.2743359135432,-520.7140040932011,-30.536016865557194,-179.488663,0.264109,179.605057
138.2747373676746,-520.5972971585422,-30.585238342000327,-179.488663,0.264109,179.605057
138.27521459549394,-520.4782305853557,-30.634459348400064,-179.488663,0.264109,179.605057
138.2752895241441,-520.3603854757268,-30.683163211902233,-179.488663,0.264109,179.605057
138.2761042606419,-520.2444606781464,-30.731810651269335,-179.488663,0.264109,179.605057
138.27705537134563,-520.1263019845413,-30.780446805809422,-179.488663,0.264109,179.605057
138.27802022998281,-520.0093769909292,-30.828564045606328,-179.488663,0.264109,179.605057
138.27938478243937,-519.8943616705582,-30.876624471343487,-179.488663,0.264109,179.605057
138.28039920002487,-519.7770973916139,-30.924673534268695,-179.488663,0.264109,179.605057
138.28132916336386,-519.6610510795889,-30.972720324631513,-179.488663,0.264109,179.605057
138.2818183430416,-519.5468987973854,-31.020766660481854,-179.488663,0.264109,179.605057
138.28262307543164,-519.4304821536043,-31.068295856540814,-179.488663,0.264109,179.605057
138.28389013994797,-519.3152683408858,-31.11525158019705,-179.488663,0.264109,179.605057
138.28523165041642,-519.1976670241609,-31.16260965826163,-179.488663,0.264109,179.605057
138.28656897081532,-519.0812607586945,-31.209531158318992,-179.488663,0.264109,179.605057
138.28788643353238,-518.9667490592556,-31.256412347219356,-179.488663,0.264109,179.605057
138.28959185413223,-518.8499782171918,-31.303285473888316,-179.488663,0.264109,179.605057
138.2909399447712,-518.7344162874681,-31.349639939222108,-179.488663,0.264109,179.605057
138.29219739657336,-518.6207396876572,-31.395937676733315,-179.488663,0.264109,179.605057
138.2934188368492,-518.509056887693,-31.442224068679998,-179.488663,0.264109,179.605057
138.29420503655805,-518.3950945586308,-31.487991142624892,-179.488663,0.264109,179.605057
138.29489300664656,-518.282297121318,-31.533701357413868,-179.488663,0.264109,179.605057
138.29596221301418,-518.1670702259079,-31.579400200371666,-179.488663,0.264109,179.605057
138.2966817934804,-518.0529962213909,-31.62406267118545,-179.488663,0.264109,179.605057
138.29732121473305,-517.9407751808945,-31.668611876459313,-179.488663,0.264109,179.605057
138.29834617681846,-517.8262540991116,-31.713608473069645,-179.488663,0.264109,179.605057
138.2994336698319,-517.7129017533455,-31.758177499058377,-179.488663,0.264109,179.605057
138.30051820246368,-517.5971286103671,-31.802708015367234,-179.488663,0.264109,179.605057
138.30199738522165,-517.482517859313,-31.84671378085123,-179.488663,0.264109,179.605057
138.30353446073897,-517.3697696062143,-31.8906616006147,-179.488663,0.264109,179.605057
138.30465058751193,-517.2547307167507,-31.934597831234054,-179.488663,0.264109,179.605057
138.30566665073303,-517.1408698086643,-31.978015086246813,-179.488663,0.264109,179.605057
138.30582691723347,-517.0288638519906,-32.021375515027145,-179.488663,0.264109,179.605057
138.3062244117107,-516.9145551925388,-32.064724578560984,-179.488663,0.264109,179.605057
138.30666369852847,-516.801411715688,-32.10807136904553,-179.488663,0.264109,179.605057
138.3075157628463,-516.6901104270282,-32.15090065603133,-179.488663,0.264109,179.605057
138.30802759774937,-516.5764938610009,-32.19414349120626,-179.488663,0.264109,179.605057
138.3092854406731,-516.4640301195502,-32.23695198713014,-179.488663,0.264109,179.605057
138.3106745958794,-516.3533964273377,-32.279203570759364,-179.488663,0.264109,179.605057
138.31207025666814,-516.2404355352621,-32.321390776374095,-179.488663,0.264109,179.605057
138.31303670250884,-516.1286157581234,-32.363565106385934,-179.488663,0.264109,179.605057
138.3139035603524,-516.0143478630247,-32.405736861277184,-179.488663,0.264109,179.605057
138.31473817195163,-515.901215487731,-32.44790810114433,-179.488663,0.264109,179.605057
138.3155544642704,-515.7899192101802,-32.49007923800664,-179.488663,0.264109,179.605057
138.31635548324232,-515.6763063659031,-32.531733305379106,-179.488663,0.264109,179.605057
138.31673138860836,-515.5638460353995,-32.57333096329804,-179.488663,0.264109,179.605057
138.3170169250436,-515.4489489767955,-32.61440029043739,-179.488663,0.264109,179.605057
138.31810166006335,-515.3309319974048,-32.654376858087474,-179.488663,0.264109,179.605057
138.3193308074575,-515.2139694975638,-32.693711833839714,-179.488663,0.264109,179.605057
138.32057135611916,-515.0946146936304,-32.73296549565683,-179.488663,0.264109,179.605057
138.32179654167558,-514.9764789194234,-32.77267293913137,-179.488663,0.264109,179.605057
138.3230012297497,-514.8602671043947,-32.811954090048495,-179.488663,0.264109,179.605057
138.32418468498588,-514.7418262047933,-32.851196986898586,-179.488663,0.264109,179.605057
138.32493639562443,-514.6246239810715,-32.89043223293527,-179.488663,0.264109,179.605057
138.32641239968106,-514.5093363685967,-32.929149291031486,-179.488663,0.264109,179.605057
138.3276016036969,-514.3875379910817,-32.967809680428516,-179.488663,0.264109,179.605057
138.32830586791414,-514.2661697041502,-33.00692842497458,-179.488663,0.264109,179.605057
138.32890312796948,-514.1466135620828,-33.04613884055046,-179.488663,0.264109,179.605057
138.33029182616053,-514.0248535363421,-33.08485093255453,-179.488663,0.264109,179.605057
138.3322297282711,-513.9043844320106,-33.123510328733126,-179.488663,0.264109,179.605057
138.33342857655782,-513.7858868503337,-33.16164213685773,-179.488663,0.264109,179.605057
138.334462563793,-513.6652022054603,-33.19971543181598,-179.488663,0.264109,179.605057
138.33544887322165,-513.5457965517859,-33.23777702414097,-179.488663,0.264109,179.605057
138.3368222862438,-513.4283449100925,-33.275836275939305,-179.488663,0.264109,179.605057
138.33866425366608,-513.3086878274771,-33.3138950596323,-179.488663,0.264109,179.605057
138.34016306843174,-513.1902914462967,-33.351953749704236,-179.488663,0.264109,179.605057
138.34075060285608,-513.0738310650468,-33.390012421051956,-179.488663,0.264109,179.605057
138.34155819183366,-512.9551475425385,-33.42807108865483,-179.488663,0.264109,179.605057
138.34280897267865,-512.8377073352098,-33.46612975550874,-179.488663,0.264109,179.605057
138.34330926968067,-512.7179193849767,-33.50418842221285,-179.488663,0.264109,179.605057
138.3440630212456,-512.5950988703439,-33.54173003999812,-179.488663,0.264109,179.605057
138.34608874370088,-512.4691519568171,-33.57921525244406,-179.488663,0.264109,179.605057
138.3483400500593,-512.3443710085038,-33.61668918382214,-179.488663,0.264109,179.605057
138.34896178795236,-512.2173312489426,-33.65312676120887,-179.488663,0.264109,179.605057
138.34965943632454,-512.0916465148234,-33.68945107668621,-179.488663,0.264109,179.605057
138.35036234468237,-511.96802030201115,-33.725752739781676,-179.488663,0.264109,179.605057
138.35105630811844,-511.84229736626475,-33.76204987240077,-179.488663,0.264109,179.605057
138.35214927953464,-511.717943145462,-33.7978290500357,-179.488663,0.264109,179.605057
138.35330650806452,-511.5956312610106,-33.83355164111824,-179.488663,0.264109,179.605057
138.35404946298914,-511.4712007239639,-33.8692629148903,-179.488663,0.264109,179.605057
138.35469899672265,-511.34811613514717,-33.90497192520027,-179.488663,0.264109,179.605057
138.35532060840487,-511.2270512723508,-33.941150527262266,-179.488663,0.264109,179.605057
138.35592779497733,-511.1038454994737,-33.97742304767466,-179.488663,0.264109,179.605057
138.35611279431882,-510.9819638044615,-34.01319730286826,-179.488663,0.264109,179.605057
138.3570320584457,-510.8620803535735,-34.04840186057364,-179.488663,0.264109,179.605057
138.35808510155096,-510.74003489392305,-34.08353948322583,-179.488663,0.264109,179.605057
138.35873925717218,-510.6192927901684,-34.118663718867374,-179.488663,0.264109,179.605057
138.35971499841665,-510.500528578624,-34.15378527710679,-179.488663,0.264109,179.605057
138.3615625129103,-510.3795823698638,-34.18890629986579,-179.488663,0.264109,179.605057
138.36396877295874,-510.25991988551834,-34.2240272155287,-179.488663,0.264109,179.605057
138.366452559753,-510.1422160124998,-34.2591481097724,-179.488663,0.264109,179.605057
138.36768452692868,-510.0223112057184,-34.294268999732246,-179.488663,0.264109,179.605057
138.36823794220308,-509.90367152499203,-34.32938988883533,-179.488663,0.264109,179.605057
138.36864777630217,-509.78270552271374,-34.363993728878164,-179.488663,0.264109,179.605057
138.36902306541458,-509.6629946614908,-34.398541163553396,-179.488663,0.264109,179.605057
138.36938610808448,-509.54523738294955,-34.43307731715512,-179.488663,0.264109,179.605057
138.3709735381924,-509.4252789244618,-34.467611214542124,-179.488663,0.264109,179.605057
138.37237260233746,-509.3065863058387,-34.50214466068619,-179.488663,0.264109,179.605057
138.3745354288221,-509.18983492798674,-34.53564430991501,-179.488663,0.264109,179.605057
138.37640958090913,-509.07086559566295,-34.569501217538544,-179.488663,0.264109,179.605057
138.3777886768425,-508.9531446807267,-34.60342957684103,-179.488663,0.264109,179.605057
138.37863848106963,-508.83308103561376,-34.63737222647931,-179.488663,0.264109,179.605057
138.37937034085095,-508.7142564163071,-34.670283636406964,-179.488663,0.264109,179.605057
138.38006820307066,-508.59736955230284,-34.70308280728138,-179.488663,0.264109,179.605057
138.3803386739598,-508.4782659636472,-34.7363295747896,-179.488663,0.264109,179.605057
138.3817518198858,-508.3604129477666,-34.76914881273569,-179.488663,0.264109,179.605057
138.38378406941038,-508.24448617822236,-34.80141250032491,-179.488663,0.264109,179.605057
138.38591123655033,-508.1263267275568,-34.833612082287196,-179.488663,0.264109,179.605057
138.38761646750294,-508.00940123063185,-34.865798843124104,-179.488663,0.264109,179.605057
138.38921305904452,-507.8943854648559,-34.89798303973593,-179.488663,0.264109,179.605057
138.38953321562423,-507.7771207584228,-34.92964967461384,-179.488663,0.264109,179.605057
138.39000419854017,-507.6610740285722,-34.96125980158943,-179.488663,0.264109,179.605057
138.39049864829965,-507.54265466975147,-34.99285862698454,-179.488663,0.264109,179.605057
138.39181209258686,-507.42544497157326,-35.02445519206356,-179.488663,0.264109,179.605057
138.39327065568304,-507.31014418789766,-35.05605130507937,-179.488663,0.264109,179.605057
138.39391616519924,-507.1925983538237,-35.087130278793644,-179.488663,0.264109,179.605057
138.39521121675298,-507.07627527264356,-35.118152829092054,-179.488663,0.264109,179.605057
138.39661775820326,-506.9575844480856,-35.14916409470729,-179.488663,0.264109,179.605057
138.39761592682106,-506.8401081221348,-35.17913900560811,-179.488663,0.264109,179.605057
138.39851822469652,-506.7202788036521,-35.20848399667716,-179.488663,0.264109,179.605057
138.39938851574257,-506.6016831258594,-35.23774997266875,-179.488663,0.264109,179.605057
138.40024002795013,-506.4850208702888,-35.266483096755955,-179.488663,0.264109,179.605057
138.40107567399411,-506.36613782901964,-35.295626699351175,-179.488663,0.264109,179.605057
138.40189626206168,-506.2485014116421,-35.324852397648,-179.488663,0.264109,179.605057
138.4027021679481,-506.1327873703123,-35.35357746619625,-179.488663,0.264109,179.605057
138.40349367562567,-506.0148368483354,-35.382249413239236,-179.488663,0.264109,179.605057
138.40427104666338,-505.8981165487638,-35.41091073598117,-179.488663,0.264109,179.605057
138.4062665344295,-505.77476898237836,-35.439052884974004,-179.488663,0.264109,179.605057
138.40847726527085,-505.65185023912983,-35.467138203661456,-179.488663,0.264109,179.605057
138.41069960322193,-505.53076543819043,-35.494695107398954,-179.488663,0.264109,179.605057
138.4124819893441,-505.4075028539928,-35.522193332590895,-179.488663,0.264109,179.605057
138.41415103560894,-505.2855577810078,-35.54916277318484,-179.488663,0.264109,179.605057
138.41577367635549,-505.16134387352554,-35.575556412414734,-179.488663,0.264109,179.605057
138.41695329177443,-505.03417613027244,-35.60136484692738,-179.488663,0.264109,179.605057
138.41802752537518,-504.9082262277692,-35.62710324494102,-179.488663,0.264109,179.605057
138.41947607129,-504.78004451425153,-35.65282763565486,-179.488663,0.264109,179.605057
138.42056821145906,-504.65323946734543,-35.67854922490874,-179.488663,0.264109,179.605057
138.42198420448545,-504.5285132033177,-35.70427025387063,-179.488663,0.264109,179.605057
138.42344482951583,-504.40597658050956,-35.729474121885225,-179.488663,0.264109,179.605057
138.42489360761323,-504.28135396235865,-35.75462156215482,-179.488663,0.264109,179.605057
138.42673007814665,-504.1580865557084,-35.7797577168754,-179.488663,0.264109,179.605057
138.42779663514193,-504.0325766611418,-35.80536165893063,-179.488663,0.264109,179.605057
138.42869404061898,-503.90840329860345,-35.83152920289723,-179.488663,0.264109,179.605057
138.42954485269223,-503.78626326362684,-35.858279511690554,-179.488663,0.264109,179.605057
138.43078491231307,-503.6662669968823,-35.883595226782546,-179.488663,0.264109,179.605057
138.43208518503988,-503.544139430689,-35.90824837868984,-179.488663,0.264109,179.605057
138.43337900762023,-503.42332252999176,-35.93281598684907,-179.488663,0.264109,179.605057
138.4342424724724,-503.30021938053704,-35.9573664862587,-179.488663,0.264109,179.605057
138.43500758538988,-503.1784097816786,-35.98238325280729,-179.488663,0.264109,179.605057
138.43615281298116,-503.0543246294565,-36.00843336167256,-179.488663,0.264109,179.605057
138.43694710915923,-502.9315491331712,-36.03417309011228,-179.488663,0.264109,179.605057
138.4380705890646,-502.81078170846473,-36.05886404024467,-179.488663,0.264109,179.605057
138.43924392733453,-502.68786681255875,-36.082405110271154,-179.488663,0.264109,179.605057
138.44082121646642,-502.5662705453768,-36.10529316427645,-179.488663,0.264109,179.605057
138.4420461965475,-502.4424007064063,-36.12903770841084,-179.488663,0.264109,179.605057
138.44400640399058,-502.3198378574546,-36.1534235950155,-179.488663,0.264109,179.605057
138.44690711173354,-502.1992795225806,-36.1784074390031,-179.488663,0.264109,179.605057
138.44831022058193,-502.0765700312848,-36.20299421668951,-179.488663,0.264109,179.605057
138.44939385432556,-501.95517551035863,-36.226514452226795,-179.488663,0.264109,179.605057
138.4503981813683,-501.83577048335957,-36.24991538822314,-179.488663,0.264109,179.605057
138.4517830299752,-501.71846155997434,-36.2727754154224,-179.488663,0.264109,179.605057
138.45445806504802,-501.5989735842222,-36.296044309751146,-179.488663,0.264109,179.605057
138.45570864802636,-501.4807491825408,-36.319865021950235,-179.488663,0.264109,179.605057
138.45665655451677,-501.3601922427197,-36.343796097723384,-179.488663,0.264109,179.605057
138.45835355548394,-501.2408833828591,-36.36671514843356,-179.488663,0.264109,179.605057
138.4605869068883,-501.11925430944206,-36.38999584746449,-179.488663,0.264109,179.605057
138.46289576516008,-500.9988910290245,-36.41334887615956,-179.488663,0.264109,179.605057
138.46477622104328,-500.87622607386174,-36.436716370787465,-179.488663,0.264109,179.605057
138.46613180774287,-500.7548453520011,-36.45853561193527,-179.488663,0.264109,179.605057
138.46695247448378,-500.6354477804007,-36.48018621572039,-179.488663,0.264109,179.605057
138.46683315219485,-500.5138782709817,-36.501803092032965,-179.488663,0.264109,179.605057
138.46817197357254,-500.39360336257744,-36.52341322285103,-179.488663,0.264109,179.605057
138.46978338266837,-500.2752979508512,-36.5450220045702,-179.488663,0.264109,179.605057
138.47224772482292,-500.15480233764964,-36.567100560914035,-179.488663,0.264109,179.605057
138.47484760516747,-500.0355823995407,-36.58875602329392,-179.488663,0.264109,179.605057
138.47784828374066,-499.9140465022367,-36.60933977354767,-179.488663,0.264109,179.605057
138.48047577897543,-499.7937759236331,-36.629803190265086,-179.488663,0.264109,179.605057
138.48258060205472,-499.67546892366533,-36.65071258471968,-179.488663,0.264109,179.605057
138.4841402887747,-499.554970561202,-36.67171117472171,-179.488663,0.264109,179.605057
138.48639009934502,-499.43574768072796,-36.69221055494434,-179.488663,0.264109,179.605057
138.4887459373795,-499.3142088442852,-36.71265709765553,-179.488663,0.264109,179.605057
138.49026814232147,-499.1939353689892,-36.73257641508666,-179.488663,0.264109,179.605057
138.49160197150795,-499.07562552201557,-36.75290694523955,-179.488663,0.264109,179.605057
138.4945218221949,-498.9551243629746,-36.7733197179368,-179.488663,0.264109,179.605057
138.49771735041662,-498.835898735782,-36.793748939142915,-179.488663,0.264109,179.605057
138.49845678885507,-498.714357201657,-36.81314774338414,-179.488663,0.264109,179.605057
138.49828382621234,-498.594081076853,-36.832904482010164,-179.488663,0.264109,179.605057
138.4987521765999,-498.47576862768824,-36.85320249640204,-179.488663,0.264109,179.605057
138.4993421286102,-498.3552649129283,-36.874078810391524,-179.488663,0.264109,179.605057
138.49953734384982,-498.2360367756593,-36.89455373541165,-179.488663,0.264109,179.605057
138.49965083534076,-498.1187594429517,-36.912927582637884,-179.488663,0.264109,179.605057
138.5005694790919,-497.9992735487773,-36.9300350987498,-179.488663,0.264109,179.605057
138.50204675480614,-497.8810452972489,-36.94787836197219,-179.488663,0.264109,179.605057
138.50361474676953,-497.76048337604914,-36.96582369017222,-179.488663,0.264109,179.605057
138.50476791498593,-497.64116937934995,-36.98434964470112,-179.488663,0.264109,179.605057
138.50746438450494,-497.52380187772616,-37.003931813384675,-179.488663,0.264109,179.605057
138.50878849782913,-497.4042262351406,-37.0221740782325,-179.488663,0.264109,179.605057
138.50940686363595,-497.2859095957238,-37.04075942009096,-179.488663,0.264109,179.605057
138.51028772984782,-497.1695274824792,-37.058896328462644,-179.488663,0.264109,179.605057
138.51161923493237,-497.0509208200796,-37.07647350569254,-179.488663,0.264109,179.605057
138.51302193083026,-496.9335560981587,-37.094455785582966,-179.488663,0.264109,179.605057
138.51524024877133,-496.81810895148976,-37.11298913044994,-179.488663,0.264109,179.605057
138.5175901417104,-496.70042056817937,-37.13163268831222,-179.488663,0.264109,179.605057
138.52075426228274,-496.5839577278811,-37.14978123988468,-179.488663,0.264109,179.605057
138.52321489422255,-496.46512968991397,-37.168347839088064,-179.488663,0.264109,179.605057
138.5250891661149,-496.34751861117525,-37.187938136706514,-179.488663,0.264109,179.605057
138.52723017635307,-496.23182361517985,-37.207733174007984,-179.488663,0.264109,179.605057
138.5298047510037,-496.1138906090095,-37.22601801257939,-179.488663,0.264109,179.605057
138.53201875569732,-495.99718727022525,-37.24310772696034,-179.488663,0.264109,179.605057
138.53330782499944,-495.87812297906976,-37.259913332058744,-179.488663,0.264109,179.605057
138.53521490712654,-495.7602798562476,-37.27704007085621,-179.488663,0.264109,179.605057
138.53721846887285,-495.6400902915056,-37.294138947504585,-179.488663,0.264109,179.605057
138.53839149810926,-495.5211408010781,-37.3117042161676,-179.488663,0.264109,179.605057
138.5393817377612,-495.4041310515997,-37.32833058545575,-179.488663,0.264109,179.605057
138.5399106694212,-495.2849067223036,-37.34368999264672,-179.488663,0.264109,179.605057
138.5403398168992,-495.1669351119496,-37.358562905196024,-179.488663,0.264109,179.605057
138.5411535707767,-495.042358530509,-37.37507960326145,-179.488663,0.264109,179.605057
138.5420326725456,-494.91823271067597,-37.390751867318976,-179.488663,0.264109,179.605057
138.54332300777872,-494.7959623881577,-37.4051760623527,-179.488663,0.264109,179.605057
138.54508790493693,-494.67153545413373,-37.41860049247056,-179.488663,0.264109,179.605057
138.54651194705392,-494.5484468253147,-37.43145085404969,-179.488663,0.264109,179.605057
138.5478475651192,-494.4273764513688,-37.443765281921074,-179.488663,0.264109,179.605057
138.5487358362506,-494.30416495149365,-37.45606845193979,-179.488663,0.264109,179.605057
138.5495220048057,-494.1822775677642,-37.46851230372131,-179.488663,0.264109,179.605057
138.54986590511507,-494.06238851672134,-37.481738282966504,-179.488663,0.264109,179.605057
138.5492933496375,-493.94460422094176,-37.49549864325999,-179.488663,0.264109,179.605057
138.5497794237916,-493.8289160306437,-37.50885075087424,-179.488663,0.264109,179.605057
138.5504703108174,-493.7110257379262,-37.52160607906376,-179.488663,0.264109,179.605057
138.55119233446868,-493.5943716866656,-37.53363291359055,-179.488663,0.264109,179.605057
138.5527316499976,-493.47962396353665,-37.543777196051465,-179.488663,0.264109,179.605057
138.55441253141456,-493.3626228069852,-37.55368754587698,-179.488663,0.264109,179.605057
138.55486582014007,-493.2468349801979,-37.56411711806431,-179.488663,0.264109,179.605057
138.55506714355428,-493.13293657956666,-37.57432342361289,-179.488663,0.264109,179.605057
138.55562587730657,-493.0167692858645,-37.58580312027816,-179.488663,0.264109,179.605057
138.5562481466909,-492.90180037061407,-37.59744540627788,-179.488663,0.264109,179.605057
138.5564636064815,-492.7844395778488,-37.608652085700044,-179.488663,0.264109,179.605057
138.55536086225854,-492.66826954085536,-37.619256514917815,-179.488663,0.264109,179.605057
138.55524393848404,-492.5497231844313,-37.629648405205806,-179.488663,0.264109,179.605057
138.5557365083818,-492.4323875567458,-37.640375743263405,-179.488663,0.264109,179.605057
138.55675463824215,-492.3169628481796,-37.651595130874924,-179.488663,0.264109,179.605057
138.5578634000259,-492.19929525262575,-37.66343189728612,-179.488663,0.264109,179.605057
138.55897451913785,-492.0828525743666,-37.674971019457246,-179.488663,0.264109,179.605057
138.56048097379917,-491.96831095321284,-37.68602949278036,-179.488663,0.264109,179.605057
138.56163440377074,-491.8515119132032,-37.69647670744498,-179.488663,0.264109,179.605057
138.56187949113362,-491.7359225313248,-37.70619253260012,-179.488663,0.264109,179.605057
138.5623500909545,-491.62221901894816,-37.71505893318671,-179.488663,0.264109,179.605057
138.5640911002918,-491.5062431304257,-37.7239923910818,-179.488663,0.264109,179.605057
138.56606143051067,-491.39146220153305,-37.732659153771934,-179.488663,0.264109,179.605057
138.56763893576496,-491.278552704444,-37.74207357297662,-179.488663,0.264109,179.605057
138.56911544039605,-491.1633566510076,-37.75253252792868,-179.488663,0.264109,179.605057
138.5705507457255,-491.04934163017276,-37.76324931447465,-179.488663,0.264109,179.605057
138.57154673129665,-490.9329176961546,-37.773643551783834,-179.488663,0.264109,179.605057
138.57161935445467,-490.8176677865614,-37.783035110356785,-179.488663,0.264109,179.605057
138.57273827226734,-490.70002512501173,-37.79321514651582,-179.488663,0.264109,179.605057
138.57405053551318,-490.58357705314626,-37.804024842636515,-179.488663,0.264109,179.605057
138.57538280454617,-490.4647573829063,-37.815056399638436,-179.488663,0.264109,179.605057
138.5783445713548,-490.3471532727461,-37.82524116437215,-179.488663,0.264109,179.605057
138.5815901148128,-490.2314648663907,-37.83530549509667,-179.488663,0.264109,179.605057
138.58238047698262,-490.11353828035334,-37.8458177034638,-179.488663,0.264109,179.605057
138.5826685621884,-489.99684123649206,-37.85642140735945,-179.488663,0.264109,179.605057
138.5832627614562,-489.87778312568986,-37.86709233480524,-179.488663,0.264109,179.605057
138.58308839936905,-489.75994607240864,-37.87834268029441,-179.488663,0.264109,179.605057
138.58276280482727,-489.6440291353894,-37.88980483828112,-179.488663,0.264109,179.605057
138.5832329278058,-489.5301448180602,-37.900935243211805,-179.488663,0.264109,179.605057
138.5846768414283,-489.4140200460709,-37.91209522642016,-179.488663,0.264109,179.605057
138.58629497751912,-489.29909873546245,-37.92382709861739,-179.488663,0.264109,179.605057
138.58792494461258,-489.18605255354765,-37.93576927750127,-179.488663,0.264109,179.605057
138.588712762819,-489.0707224986255,-37.947896451055826,-179.488663,0.264109,179.605057
138.5893209467224,-488.9565759187718,-37.95968650798896,-179.488663,0.264109,179.605057
138.58947388737192,-488.8442894519565,-37.97098802159781,-179.488663,0.264109,179.605057
138.58912293754807,-488.72970530416575,-37.98322784431958,-179.488663,0.264109,179.605057
138.58867620091598,-488.6162912613929,-37.99570425330838,-179.488663,0.264109,179.605057
138.58944866050985,-488.50045757267645,-38.00837091288391,-179.488663,0.264109,179.605057
138.59045397325693,-488.38578736723304,-38.02121855591013,-179.488663,0.264109,179.605057
138.59149155885336,-488.2687140569216,-38.03372828007093,-179.488663,0.264109,179.605057
138.59252084224673,-488.15282516827216,-38.04471520268087,-179.488663,0.264109,179.605057
138.59353382650235,-488.0388213614825,-38.055305476091746,-179.488663,0.264109,179.605057
138.5945291440432,-487.92254929187254,-38.06610036632948,-179.488663,0.264109,179.605057
138.59509610594722,-487.80747721691074,-38.07778417993258,-179.488663,0.264109,179.605057
138.59597999993235,-487.69428172150026,-38.09063479154209,-179.488663,0.264109,179.605057
138.596914709397,-487.5788047668236,-38.10386169608621,-179.488663,0.264109,179.605057
138.5970249549785,-487.46451385920477,-38.11740080143948,-179.488663,0.264109,179.605057
138.59696873984623,-487.3520856316835,-38.1312392891768,-179.488663,0.264109,179.605057
138.5964693654086,-487.23736225275104,-38.14485754672426,-179.488663,0.264109,179.605057
138.59588846132417,-487.12381146492555,-38.15862169601153,-179.488663,0.264109,179.605057
138.595710179724,-487.01211013985943,-38.17152385920232,-179.488663,0.264109,179.605057
138.59643629151455,-486.89810068174614,-38.18430254961826,-179.488663,0.264109,179.605057
138.59733295506,-486.7852510648721,-38.19804555881255,-179.488663,0.264109,179.605057
138.59866164307493,-486.66997172190815,-38.21203035620697,-179.488663,0.264109,179.605057
138.59964717242084,-486.5558459621595,-38.226206444574736,-179.488663,0.264109,179.605057
138.59972872028226,-486.4393073743036,-38.239529626692736,-179.488663,0.264109,179.605057
138.60044964538832,-486.33247699185364,-38.25221410311634,-179.488663,0.264109,179.605057
138.60169885945288,-486.229107615924,-38.26519579840105,-179.488663,0.264109,179.605057
138.60344663137582,-486.12790058353403,-38.278661897458,-179.488663,0.264109,179.605057
138.60362659100304,-486.03283207542364,-38.291709748380505,-179.488663,0.264109,179.605057
138.60307976207866,-485.94034335761785,-38.30415882078723,-179.488663,0.264109,179.605057
138.6028060192331,-485.84968599297076,-38.3163960486019,-179.488663,0.264109,179.605057
138.6021801201682,-485.7649509148081,-38.32948591194261,-179.488663,0.264109,179.605057
138.6023140248684,-485.68260541505396,-38.34321826683298,-179.488663,0.264109,179.605057
138.60300865256588,-485.6061756336448,-38.357175048922166,-179.488663,0.264109,179.605057
138.6046268790467,-485.5320159972401,-38.371319649784446,-179.488663,0.264109,179.605057
138.60558547717417,-485.45936510466527,-38.38512769884579,-179.488663,0.264109,179.605057
138.60557718290207,-485.39231588466185,-38.39793026865806,-179.488663,0.264109,179.605057
138.60660762811304,-485.3273405880795,-38.409452560398286,-179.488663,0.264109,179.605057
138.6070098326665,-485.2679708359549,-38.421002743190776,-179.488663,0.264109,179.605057
138.60604689106816,-485.2105665625299,-38.43331249530483,-179.488663,0.264109,179.605057
138.60564772651995,-485.15437180117794,-38.44563506794986,-179.488663,0.264109,179.605057
138.60659899438872,-485.1034848232909,-38.457915120256644,-179.488663,0.264109,179.605057
138.60698548626448,-485.05438312800464,-38.46962453516245,-179.488663,0.264109,179.605057
138.6072535261683,-485.01060349112703,-38.48112773369917,-179.488663,0.264109,179.605057
138.60708339688802,-484.9685109096556,-38.49296764451762,-179.488663,0.264109,179.605057
138.60682805338735,-484.9316210559797,-38.504782808903535,-179.488663,0.264109,179.605057
138.6065592985946,-484.89629640355963,-38.5165479395585,-179.488663,0.264109,179.605057
138.60629168383377,-484.8617871864474,-38.52774093013393,-179.488663,0.264109,179.605057
138.60643876982266,-484.83219852081777,-38.538210354915684,-179.488663,0.264109,179.605057
138.60748803740518,-484.8040147820626,-38.54731487098314,-179.488663,0.264109,179.605057
138.60829215172302,-484.7765128640779,-38.55581929419664,-179.488663,0.264109,179.605057
138.6090357990954,-484.7538051153031,-38.56378257883934,-179.488663,0.264109,179.605057
138.60975677676055,-484.73237915501954,-38.57121651576788,-179.488663,0.264109,179.605057
138.6108736332463,-484.7115142772027,-38.57760680537581,-179.488663,0.264109,179.605057
138.61205378131507,-484.69532502747484,-38.58280322774184,-179.488663,0.264109,179.605057
138.61240847003901,-484.68030115047196,-38.58668176554838,-179.488663,0.264109,179.605057
138.61259302243215,-484.66999068759816,-38.589640655331905,-179.488663,0.264109,179.605057
138.61315158948062,-484.66076954524436,-38.59222958884417,-179.488663,0.264109,179.605057
138.61418768206215,-484.65189741213027,-38.59408845999106,-179.488663,0.264109,179.605057
138.614483210878,-484.64748792897956,-38.59519225199822,-179.488663,0.264109,179.605057
138.6142157571976,-484.6440336884707,-38.595018912621875,-179.488663,0.264109,179.605057
138.61425017747027,-484.64081962346637,-38.59341702696883,-179.488663,0.264109,179.605057
138.61475514966742,-484.64196597137635,-38.590779352060444,-179.488663,0.264109,179.605057
138.61575771708937,-484.6439680982545,-38.58713743485654,-179.488663,0.264109,179.605057
138.61602421148626,-484.6461129062329,-38.58301463363798,-179.488663,0.264109,179.605057
138.61655036780226,-484.6525224131623,-38.57907967339427,-179.488663,0.264109,179.605057
138.6171209733901,-484.65969370245,-38.57457321467886,-179.488663,0.264109,179.605057
138.6172816868861,-484.6669153565395,-38.56995405626911,-179.488663,0.264109,179.605057
138.61653680292736,-484.67831104228674,-38.56432761125383,-179.488663,0.264109,179.605057
138.61603206004952,-484.6903794623905,-38.55803162002855,-179.488663,0.264109,179.605057
138.61558252395326,-484.70667745627964,-38.55108666178349,-179.488663,0.264109,179.605057
138.6155610892822,-484.7278562379017,-38.54246275457893,-179.488663,0.264109,179.605057
138.61603624641157,-484.7497099677316,-38.533411039804676,-179.488663,0.264109,179.605057
138.61660396411068,-484.7756545452678,-38.52361769240539,-179.488663,0.264109,179.605057
138.6167714530498,-484.80204830279797,-38.513066951814416,-179.488663,0.264109,179.605057
138.6164458475054,-484.8281565184422,-38.501755665918445,-179.488663,0.264109,179.605057
138.6164369205653,-484.8538363088644,-38.489683204294806,-179.488663,0.264109,179.605057
138.61567012297368,-484.8833318572229,-38.476332391970075,-179.488663,0.264109,179.605057
138.61558399015084,-484.9131710649254,-38.46206983839402,-179.488663,0.264109,179.605057
138.61563521528188,-484.9469212913204,-38.44692186101214,-179.488663,0.264109,179.605057
138.61571318346856,-484.9809737182341,-38.43141077220243,-179.488663,0.264109,179.605057
138.61579539138543,-485.01460228406876,-38.414653941107154,-179.488663,0.264109,179.605057
138.61587727806912,-485.05193447141795,-38.39699189044366,-179.488663,0.264109,179.605057
138.61554726922887,-485.0894764364056,-38.37844572031096,-179.488663,0.264109,179.605057
138.61472890807622,-485.13079309341884,-38.35901965072886,-179.488663,0.264109,179.605057
138.61382451537526,-485.17227707415964,-38.338714525701334,-179.488663,0.264109,179.605057
138.61291577883864,-485.2132045252532,-38.318047562918046,-179.488663,0.264109,179.605057
138.6116066533434,-485.2577052577796,-38.29613511258361,-179.488663,0.264109,179.605057
138.60982540206342,-485.30655441395214,-38.27453207140561,-179.488663,0.264109,179.605057
138.60838572564478,-485.35557851129954,-38.25294390761445,-179.488663,0.264109,179.605057
138.60662417292966,-485.40394036527505,-38.231358719300665,-179.488663,0.264109,179.605057
138.60441263148275,-485.45148195754194,-38.20977412608236,-179.488663,0.264109,179.605057
138.60173187865672,-485.50245001704377,-38.18870670077202,-179.488663,0.264109,179.605057
138.5998167431506,-485.5533784909241,-38.167695704598856,-179.488663,0.264109,179.605057
138.59890507970235,-485.6035747316072,-38.14617894536422,-179.488663,0.264109,179.605057
138.59779463210137,-485.65717729022776,-38.12512508685062,-179.488663,0.264109,179.605057
138.59296422070238,-485.71496543160214,-38.10463346181457,-179.488663,0.264109,179.605057
138.58663718239484,-485.7727688137388,-38.084207314585136,-179.488663,0.264109,179.605057
138.58503058102815,-485.83401981814865,-38.064311311805916,-179.488663,0.264109,179.605057
138.58603358315796,-485.89935588828376,-38.043957284583406,-179.488663,0.264109,179.605057
138.58507846329013,-485.96457974745533,-38.02407570580557,-179.488663,0.264109,179.605057
138.57922796961645,-486.03312020288155,-38.00475866116112,-179.488663,0.264109,179.605057
138.57576694153607,-486.1013491799704,-37.98550751889889,-179.488663,0.264109,179.605057
138.57653080786258,-486.1728121603843,-37.966786606002,-179.488663,0.264109,179.605057
138.57566301141608,-486.24390557907503,-37.948124734533735,-179.488663,0.264109,179.605057
138.5724278910755,-486.31391397902206,-37.92947467135119,-179.488663,0.264109,179.605057
138.5658888721121,-486.3869763668655,-37.91082696982579,-179.488663,0.264109,179.605057
138.55837140613826,-486.45961044277226,-37.892179740631825,-179.488663,0.264109,179.605057
138.5540522769451,-486.5311258383232,-37.87353260590414,-179.488663,0.264109,179.605057
138.55331068716768,-486.6056670566218,-37.8554025389586,-179.488663,0.264109,179.605057
138.55206137455025,-486.67975329769865,-37.83681183223616,-179.488663,0.264109,179.605057
138.54785361869983,-486.75696153901356,-37.818693050891675,-179.488663,0.264109,179.605057
138.5427033511749,-486.8336961076107,-37.80113869906722,-179.488663,0.264109,179.605057
138.53949116289766,-486.90924460557756,-37.78318210425788,-179.488663,0.264109,179.605057
138.5408207193699,-486.9877480885584,-37.76618107862935,-179.488663,0.264109,179.605057
138.5430397155444,-487.06572607456195,-37.74942009128142,-179.488663,0.264109,179.605057
138.54170726282493,-487.1424899409246,-37.733884142700724,-179.488663,0.264109,179.605057
138.53763013743196,-487.22218589725964,-37.7188301440957,-179.488663,0.264109,179.605057
138.53552606328765,-487.3056014846547,-37.70523719326358,-179.488663,0.264109,179.605057
138.5354909684476,-487.388574643241,-37.6918443275416,-179.488663,0.264109,179.605057
138.53545772415055,-487.4745459200323,-37.67999746995276,-179.488663,0.264109,179.605057
138.53460398943653,-487.5598941178614,-37.669495760657206,-179.488663,0.264109,179.605057
138.53277696531063,-487.6439038588622,-37.65992299213143,-179.488663,0.264109,179.605057
138.5307812676455,-487.72645110329205,-37.65124292731517,-179.488663,0.264109,179.605057
138.5283695518615,-487.8117985098203,-37.64396536768525,-179.488663,0.264109,179.605057
138.52631959907822,-487.900758785653,-37.637722229092596,-179.488663,0.264109,179.605057
138.52396048711245,-487.9891764225349,-37.63248689915184,-179.488663,0.264109,179.605057
138.5215730951248,-488.0762280363465,-37.628254055385916,-179.488663,0.264109,179.605057
138.51962466781885,-488.16603504481424,-37.62553968218828,-179.488663,0.264109,179.605057
138.518202411082,-488.25511587698173,-37.6239769319932,-179.488663,0.264109,179.605057
138.51731628277702,-488.3427845464983,-37.62302239084307,-179.488663,0.264109,179.605057
138.51654998287208,-488.428923940185,-37.62355446927972,-179.488663,0.264109,179.605057
138.51540788046802,-488.5177990517731,-37.6252318005226,-179.488663,0.264109,179.605057
138.51502819413167,-488.61022397202123,-37.628550164548955,-179.488663,0.264109,179.605057
138.5148063909923,-488.7020443662467,-37.63262162402089,-179.488663,0.264109,179.605057
138.51379798569255,-488.79670463188313,-37.63830268924862,-179.488663,0.264109,179.605057
138.51264660172495,-488.8905865924682,-37.64524761340527,-179.488663,0.264109,179.605057
138.51066166392914,-488.9829776819369,-37.65395130045882,-179.488663,0.264109,179.605057
138.50935957892744,-489.07802325724333,-37.66404268675842,-179.488663,0.264109,179.605057
138.5078019163601,-489.172247970424,-37.675494564018344,-179.488663,0.264109,179.605057
138.50539395836952,-489.2649684263698,-37.68881814835921,-179.488663,0.264109,179.605057
138.50243952114127,-489.3603360066063,-37.70364599411628,-179.488663,0.264109,179.605057
138.49941780672827,-489.454876672782,-37.71995158104547,-179.488663,0.264109,179.605057
138.49437227903888,-489.55217404444886,-37.7372129473202,-179.488663,0.264109,179.605057
138.48817063619913,-489.64863897237245,-37.75631204724181,-179.488663,0.264109,179.605057
138.482649082583,-489.7435654659058,-37.7769086138928,-179.488663,0.264109,179.605057
138.47980607557417,-489.841100873542,-37.79898156277856,-179.488663,0.264109,179.605057
138.4791818784309,-489.9377708937568,-37.822526677000155,-179.488663,0.264109,179.605057
138.47818898739789,-490.03715964064423,-37.846308659844475,-179.488663,0.264109,179.605057
138.47508314537052,-490.1356786040216,-37.869714940857776,-179.488663,0.264109,179.605057
138.47036688511977,-490.23262245210674,-37.893093085949324,-179.488663,0.264109,179.605057
138.46416183914792,-490.33213918684953,-37.91646560385652,-179.488663,0.264109,179.605057
138.46226639668566,-490.4307551498075,-37.93931994743796,-179.488663,0.264109,179.605057
138.46208116566257,-490.5277884202687,-37.961600611709805,-179.488663,0.264109,179.605057
138.46224061132406,-490.6273917901617,-37.98381354456418,-179.488663,0.264109,179.605057
138.45589428020642,-490.7260925986804,-38.00497883335727,-179.488663,0.264109,179.605057
138.44833705266439,-490.82747581675864,-38.026028602227,-179.488663,0.264109,179.605057
138.44557490418475,-490.92795362209165,-38.04602156044539,-179.488663,0.264109,179.605057
138.4491532776293,-491.03108799386644,-38.06538008097796,-179.488663,0.264109,179.605057
138.45271508525857,-491.13328687897547,-38.08414166952891,-179.488663,0.264109,179.605057
138.4541678117941,-491.23384517149645,-38.1023138272391,-179.488663,0.264109,179.605057
138.45476739444456,-491.336911849784,-38.12041510322558,-179.488663,0.264109,179.605057
138.45600915425368,-491.43901436802247,-38.137468105089546,-179.488663,0.264109,179.605057
138.45695102224389,-491.543738596214,-38.15323226990679,-179.488663,0.264109,179.605057
138.45823018308116,-491.6474977551507,-38.167988516203565,-179.488663,0.264109,179.605057
138.4587372766448,-491.7538548810872,-38.18113535657403,-179.488663,0.264109,179.605057
138.45908274475636,-491.85921896574365,-38.19292817353701,-179.488663,0.264109,179.605057
138.4593909744532,-491.96288593071785,-38.2032770658185,-179.488663,0.264109,179.605057
138.45968737275592,-492.0690057638093,-38.21310414205257,-179.488663,0.264109,179.605057
138.46038785600396,-492.1741069106758,-38.22207677507716,-179.488663,0.264109,179.605057
138.4611591938126,-492.27750954843077,-38.22965839501541,-179.488663,0.264109,179.605057
138.4619337323957,-492.37910186907084,-38.235694683447505,-179.488663,0.264109,179.605057
138.46269789547378,-492.48315392439446,-38.239543718911705,-179.488663,0.264109,179.605057
138.4630384486871,-492.59048474186795,-38.240936494893425,-179.488663,0.264109,179.605057
138.46411076983733,-492.70121149570065,-38.24014788564533,-179.488663,0.264109,179.605057
138.46531419378525,-492.81530932297295,-38.23709188824016,-179.488663,0.264109,179.605057
138.46611605626322,-492.9284586402786,-38.23165729320357,-179.488663,0.264109,179.605057
138.46682620218084,-493.0440756875226,-38.2237278497518,-179.488663,0.264109,179.605057
138.4670972382667,-493.15854194941573,-38.21370334772812,-179.488663,0.264109,179.605057
138.46768726431742,-493.2754167562917,-38.20161674065672,-179.488663,0.264109,179.605057
138.4691558079906,-493.3911110526887,-38.18747461924244,-179.488663,0.264109,179.605057
138.47118983590047,-493.50492381699667,-38.171278301626245,-179.488663,0.264109,179.605057
138.47330803226077,-493.62100827112783,-38.15302805143634,-179.488663,0.264109,179.605057
138.474179159074,-493.7358960843204,-38.13272392139836,-179.488663,0.264109,179.605057
138.4739671492854,-493.8489106093154,-38.10984887316854,-179.488663,0.264109,179.605057
138.47354152742673,-493.96420982564877,-38.084769543522576,-179.488663,0.264109,179.605057
138.47266856977603,-494.078326169173,-38.05699520648227,-179.488663,0.264109,179.605057
138.47171856036465,-494.19484961680536,-38.028579610185325,-179.488663,0.264109,179.605057
138.47199865184606,-494.310197262893,-37.999988757592604,-179.488663,0.264109,179.605057
138.47293144664943,-494.4236692488162,-37.97187990262962,-179.488663,0.264109,179.605057
138.4739815157022,-494.5394189455734,-37.943820442748134,-179.488663,0.264109,179.605057
138.47462943862277,-494.65397796658795,-37.916287910771835,-179.488663,0.264109,179.605057
138.47518771741312,-494.7666695685995,-37.888813759932134,-179.488663,0.264109,179.605057
138.47489879407908,-494.8816516284708,-37.86186833420863,-179.488663,0.264109,179.605057
138.47403387278538,-494.99545647950697,-37.83549869795282,-179.488663,0.264109,179.605057
138.47388738633592,-495.1116739975614,-37.80868016625721,-179.488663,0.264109,179.605057
138.47388667021815,-495.22672117765154,-37.78181885991809,-179.488663,0.264109,179.605057
138.47350445168482,-495.34416473025425,-37.75494899865026,-179.488663,0.264109,179.605057
138.47387270199866,-495.46041724905575,-37.7280774263967,-179.488663,0.264109,179.605057
138.4743858087441,-495.57477819194077,-37.70172256083488,-179.488663,0.264109,179.605057
138.47492058925772,-495.68713435289925,-37.67542403216696,-179.488663,0.264109,179.605057
138.47545209875767,-495.80175826984987,-37.649653819766705,-179.488663,0.264109,179.605057
138.47597539480867,-495.91520553118,-37.62342521728666,-179.488663,0.264109,179.605057
138.47648960573713,-496.03107065589165,-37.59715194123509,-179.488663,0.264109,179.605057
138.47617335308567,-496.14577149372815,-37.57086973046923,-179.488663,0.264109,179.605057
138.47569550553374,-496.2586081733848,-37.54510278164939,-179.488663,0.264109,179.605057
138.4756028017224,-496.37373389973925,-37.51990853855209,-179.488663,0.264109,179.605057
138.47558844511343,-496.48768009176956,-37.495298916599296,-179.488663,0.264109,179.605057
138.47476862879446,-496.6040364755373,-37.471276263319844,-179.488663,0.264109,179.605057
138.47379938014336,-496.71922005130557,-37.44732399933062,-179.488663,0.264109,179.605057
138.47281402989555,-496.83253089906304,-37.423385813199445,-179.488663,0.264109,179.605057
138.47225013986525,-496.94812233582803,-37.40048454041765,-179.488663,0.264109,179.605057
138.47095722831443,-497.0625259232939,-37.377696641416854,-179.488663,0.264109,179.605057
138.4695369005349,-497.17933153432256,-37.35596551495002,-179.488663,0.264109,179.605057
138.46811128972695,-497.29495631470695,-37.3343517341011,-179.488663,0.264109,179.605057
138.46670489766703,-497.40870048764145,-37.31224437348688,-179.488663,0.264109,179.605057
138.4653223513771,-497.52471751084875,-37.291636056919586,-179.488663,0.264109,179.605057
138.46396423712176,-497.6438057508916,-37.271703620272795,-179.488663,0.264109,179.605057
138.46263032467607,-497.76181453488766,-37.25237640405455,-179.488663,0.264109,179.605057
138.4617308904582,-497.8779290805242,-37.23364027636646,-179.488663,0.264109,179.605057
138.4601098105059,-497.9962800382842,-37.21549241082884,-179.488663,0.264109,179.605057
138.45918879009935,-498.1133950648474,-37.19793224216576,-179.488663,0.264109,179.605057
138.45883154722551,-498.2328639359046,-37.18049153287759,-179.488663,0.264109,179.605057
138.4581814739791,-498.35110446302775,-37.16364068879774,-179.488663,0.264109,179.605057
138.457892746811,-498.46741767831173,-37.14648669775954,-179.488663,0.264109,179.605057
138.4576803952005,-498.5859578654993,-37.129885055107465,-179.488663,0.264109,179.605057
138.4570756721467,-498.7032575421832,-37.1129727621326,-179.488663,0.264109,179.605057
138.45681174197648,-498.82290752136464,-37.09609426798207,-179.488663,0.264109,179.605057
138.45661972405657,-498.9413258724528,-37.079788506929745,-179.488663,0.264109,179.605057
138.4568554861749,-499.05781372581794,-37.06369322138595,-179.488663,0.264109,179.605057
138.45676278457296,-499.17652543016834,-37.04778296427719,-179.488663,0.264109,179.605057
138.45290970864977,-499.29399356047617,-37.032052646188774,-179.488663,0.264109,179.605057
138.44794691271989,-499.40954231812225,-37.017018298126644,-179.488663,0.264109,179.605057
138.444066532553,-499.52733050779386,-37.002313081847554,-179.488663,0.264109,179.605057
138.4400471565011,-499.643891374062,-36.987393585258395,-179.488663,0.264109,179.605057
138.44221892350936,-499.7628156877735,-36.97417192594057,-179.488663,0.264109,179.605057
138.44395358733223,-499.8847879896232,-36.962090794077,-179.488663,0.264109,179.605057
138.44475482641027,-500.00563517191864,-36.95070966103762,-179.488663,0.264109,179.605057
138.44535798513917,-500.1288052814884,-36.940504474429744,-179.488663,0.264109,179.605057
138.44550228287406,-500.25068822384355,-36.93006628155261,-179.488663,0.264109,179.605057
138.44514208950906,-500.37484695313117,-36.92010038519941,-179.488663,0.264109,179.605057
138.4426327873408,-500.49769502676656,-36.91065383703988,-179.488663,0.264109,179.605057
138.43931868459833,-500.61853379666866,-36.90173604740798,-179.488663,0.264109,179.605057
138.43671208898,-500.73725210998555,-36.89334889837049,-179.488663,0.264109,179.605057
138.4355160663686,-500.8581245604181,-36.886526864118544,-179.488663,0.264109,179.605057
138.43461916845794,-500.97770876342327,-36.880536750601486,-179.488663,0.264109,179.605057
138.43256285136889,-501.09960123050024,-36.87480887900919,-179.488663,0.264109,179.605057
138.43194656250938,-501.22022176863754,-36.86969935802406,-179.488663,0.264109,179.605057
138.43326971095956,-501.3431390955556,-36.865749453827036,-179.488663,0.264109,179.605057
138.43331926209373,-501.4690342893582,-36.86311442409874,-179.488663,0.264109,179.605057
138.4327027223708,-501.59373454711465,-36.86088523148641,-179.488663,0.264109,179.605057
138.43196173304136,-501.71642230288495,-36.85939711740839,-179.488663,0.264109,179.605057
138.43243839230556,-501.8369626657314,-36.85815307681501,-179.488663,0.264109,179.605057
138.43274113546784,-501.9596258648327,-36.857523753140775,-179.488663,0.264109,179.605057
138.4330047897292,-502.0809690879088,-36.857536270628145,-179.488663,0.264109,179.605057
138.4328462097942,-502.20458921216283,-36.858713103014516,-179.488663,0.264109,179.605057
138.431373438379,-502.3269065637741,-36.86017165171401,-179.488663,0.264109,179.605057
138.4304801080835,-502.4472237363006,-36.862252445898356,-179.488663,0.264109,179.605057
138.42930470448718,-502.56969636211204,-36.86445953806856,-179.488663,0.264109,179.605057
138.42891093641524,-502.6908582456799,-36.86716378316927,-179.488663,0.264109,179.605057
138.42908976237183,-502.8100347895662,-36.87039234774497,-179.488663,0.264109,179.605057
138.43020189716498,-502.93138597689205,-36.87466771399344,-179.488663,0.264109,179.605057
138.42943154336393,-503.0514462093526,-36.878590627243135,-179.488663,0.264109,179.605057
138.42870631465365,-503.1738073942007,-36.88235092544863,-179.488663,0.264109,179.605057
138.42800042532542,-503.294888521564,-36.886362647311955,-179.488663,0.264109,179.605057
138.42730844318845,-503.41825826139683,-36.890661596129064,-179.488663,0.264109,179.605057
138.42662908401348,-503.54033113186813,-36.89525493255915,-179.488663,0.264109,179.605057
138.4259619114281,-503.66040848097595,-36.90014408873406,-179.488663,0.264109,179.605057
138.42777244261515,-503.7826456257348,-36.90429525330237,-179.488663,0.264109,179.605057
138.4300527647798,-503.9035762457874,-36.9084417528827,-179.488663,0.264109,179.605057
138.42992883611362,-504.02679232541357,-36.91263624390988,-179.488663,0.264109,179.605057
138.42973648648902,-504.14871309048857,-36.91637220878198,-179.488663,0.264109,179.605057
138.4295331883118,-504.26864080843905,-36.91950133953418,-179.488663,0.264109,179.605057
138.4297412584426,-504.39073094497587,-36.921382916795736,-179.488663,0.264109,179.605057
138.43002864301533,-504.51151717217715,-36.92278188113693,-179.488663,0.264109,179.605057
138.43073846989589,-504.6345914356132,-36.923240162894054,-179.488663,0.264109,179.605057
138.43152268992236,-504.7563729167718,-36.923136192578816,-179.488663,0.264109,179.605057
138.43189996855986,-504.8761638381873,-36.92301570073799,-179.488663,0.264109,179.605057
138.43054782651228,-504.99811962121635,-36.92148408236982,-179.488663,0.264109,179.605057
138.42969036412572,-505.1187738943206,-36.919249154251744,-179.488663,0.264109,179.605057
138.42935469935864,-505.24171856022235,-36.91584145751702,-179.488663,0.264109,179.605057
138.42994950134766,-505.3633727583241,-36.911120095947844,-179.488663,0.264109,179.605057
138.4299006039485,-505.48303866982627,-36.90547993030068,-179.488663,0.264109,179.605057
138.43054499543476,-505.6048716754893,-36.89895292828236,-179.488663,0.264109,179.605057
138.43131888001915,-505.725405363904,-36.89102843454536,-179.488663,0.264109,179.605057
138.43169699019796,-505.8482315986338,-36.88155731357575,-179.488663,0.264109,179.605057
138.43157990126204,-505.96976948062155,-36.8714498271596,-179.488663,0.264109,179.605057
138.43136543776802,-506.0935878199615,-36.85933688098748,-179.488663,0.264109,179.605057
138.43195588284317,-506.2161012788346,-36.84541470064194,-179.488663,0.264109,179.605057
138.43310957885777,-506.3366113479771,-36.83009856679505,-179.488663,0.264109,179.605057
138.43435951693917,-506.45927348485674,-36.81342453113678,-179.488663,0.264109,179.605057
138.43561092653675,-506.5806215071148,-36.795399804005136,-179.488663,0.264109,179.605057
138.43684483261217,-506.6999808679098,-36.77602582746769,-179.488663,0.264109,179.605057
138.43723635576345,-506.82151160772537,-36.75478584104909,-179.488663,0.264109,179.605057
138.4374538340006,-506.9417481861566,-36.73152987932093,-179.488663,0.264109,179.605057
138.43763341023114,-507.06001590097316,-36.70665063364196,-179.488663,0.264109,179.605057
138.4373921854206,-507.1804744800117,-36.68111727339505,-179.488663,0.264109,179.605057
138.43830223115475,-507.2996580432149,-36.65545309023456,-179.488663,0.264109,179.605057
138.43942958812517,-507.4211582147966,-36.62976274249135,-179.488663,0.264109,179.605057
138.44058437382145,-507.5413937056138,-36.604067161831594,-179.488663,0.264109,179.605057
138.44172822164413,-507.6639329110753,-36.57888719236631,-179.488663,0.264109,179.605057
138.4428536138342,-507.7851900796546,-36.55376337625103,-179.488663,0.264109,179.605057
138.4439593093199,-507.90446629445995,-36.52865079080575,-179.488663,0.264109,179.605057
138.44463467335115,-508.0259166123444,-36.50354045149447,-179.488663,0.264109,179.605057
138.44562503258084,-508.14607445743474,-36.47894761029889,-179.488663,0.264109,179.605057
138.44584297240786,-508.2685315630583,-36.45596241094866,-179.488663,0.264109,179.605057
138.4459033287657,-508.38970690861964,-36.43367477552305,-179.488663,0.264109,179.605057
138.44510997669482,-508.5089025194761,-36.41147964843793,-179.488663,0.264109,179.605057
138.44374649950097,-508.6302736235928,-36.38930302302091,-179.488663,0.264109,179.605057
138.44269905562487,-508.75035365954733,-36.36661304904862,-179.488663,0.264109,179.605057
138.4413190487252,-508.8684676769137,-36.34335036092082,-179.488663,0.264109,179.605057
138.44071348931894,-508.9887753134266,-36.320537183295265,-179.488663,0.264109,179.605057
138.44109276514516,-509.1078106318272,-36.2982839522146,-179.488663,0.264109,179.605057
138.44166361387278,-509.2291652065215,-36.27609570599847,-179.488663,0.264109,179.605057
138.44226465844324,-509.34925770074557,-36.25392045675524,-179.488663,0.264109,179.605057
138.44163119399278,-509.46738979673546,-36.232264855795485,-179.488663,0.264109,179.605057
138.44117050367703,-509.5877163788244,-36.21118322893686,-179.488663,0.264109,179.605057
138.43992958689492,-509.70677054674354,-36.19016939245403,-179.488663,0.264109,179.605057
138.43855027341377,-509.82387701699605,-36.16916911404635,-179.488663,0.264109,179.605057
138.43839489749564,-509.9431951001383,-36.14972230280926,-179.488663,0.264109,179.605057
138.438486518881,-510.0612585375649,-36.13044520722851,-179.488663,0.264109,179.605057
138.43903690333397,-510.177391921405,-36.10913425033458,-179.488663,0.264109,179.605057
138.43884987937716,-510.2957542864021,-36.08760450340024,-179.488663,0.264109,179.605057
138.43810736696798,-510.4128790717728,-36.06603099845781,-179.488663,0.264109,179.605057
138.4376749837115,-510.5323572331596,-36.04599949746933,-179.488663,0.264109,179.605057
138.437721442403,-510.6506068247877,-36.02716951727163,-179.488663,0.264109,179.605057
138.43786300873822,-510.7711955971609,-36.00848583234321,-179.488663,0.264109,179.605057
138.43678958321433,-510.89053716536495,-35.990865504246415,-179.488663,0.264109,179.605057
138.43548842581495,-511.0079319904318,-35.9734127630715,-179.488663,0.264109,179.605057
138.43457089405683,-511.1275345182481,-35.955525414836515,-179.488663,0.264109,179.605057
138.43415380343419,-511.2544109062186,-35.93807011407841,-179.488663,0.264109,179.605057
138.4342533996608,-511.3809376020355,-35.92122019170456,-179.488663,0.264109,179.605057
138.43445491677764,-511.5098615353034,-35.905621371674236,-179.488663,0.264109,179.605057
138.43426328538462,-511.63743133123285,-35.89102637211262,-179.488663,0.264109,179.605057
138.43317441638052,-511.76291597370806,-35.877010056644735,-179.488663,0.264109,179.605057
138.43192158599118,-511.89046558168826,-35.86405141577338,-179.488663,0.264109,179.605057
138.43147511469033,-512.0166141439005,-35.85177620315467,-179.488663,0.264109,179.605057
138.43119626502124,-512.1449550507409,-35.84015657396426,-179.488663,0.264109,179.605057
138.43095490554043,-512.2719091336096,-35.82918695923728,-179.488663,0.264109,179.605057
138.4315458100988,-512.4010469491723,-35.818866245180786,-179.488663,0.264109,179.605057
138.43106276348908,-512.5287848845634,-35.80867716014726,-179.488663,0.264109,179.605057
138.42913979664195,-512.6586927932834,-35.79898629425167,-179.488663,0.264109,179.605057
138.42818819460916,-512.7871871175231,-35.789819961072546,-179.488663,0.264109,179.605057
138.4270337327682,-512.9135712500331,-35.780666765547835,-179.488663,0.264109,179.605057
138.4254444513117,-513.0420025476459,-35.77137706866512,-179.488663,0.264109,179.605057
138.4242014757129,-513.1690166998243,-35.76234401817746,-179.488663,0.264109,179.605057
138.42386677249408,-513.2939409994182,-35.75411628807993,-179.488663,0.264109,179.605057
138.42371848397482,-513.4209372940121,-35.74633356872709,-179.488663,0.264109,179.605057
138.42360958738777,-513.5465418180828,-35.73948746041208,-179.488663,0.264109,179.605057
138.42351011793863,-513.6700816125954,-35.73320659430463,-179.488663,0.264109,179.605057
138.423003281927,-513.7957181174523,-35.72849776330536,-179.488663,0.264109,179.605057
138.42283284760393,-513.9199871340867,-35.72410518821662,-179.488663,0.264109,179.605057
138.4227321175734,-514.0464819381734,-35.72034176653221,-179.488663,0.264109,179.605057
138.4218254276729,-514.1716228625368,-35.71670602441755,-179.488663,0.264109,179.605057
138.42118110761035,-514.2947132289202,-35.71356771155017,-179.488663,0.264109,179.605057
138.42059842517847,-514.4199095318302,-35.71095377342114,-179.488663,0.264109,179.605057
138.4200363573118,-514.543746452404,-35.70886959912866,-179.488663,0.264109,179.605057
138.4198970728789,-514.6655502603069,-35.70679960871461,-179.488663,0.264109,179.605057
138.41943365940028,-514.7894817915188,-35.705110375076245,-179.488663,0.264109,179.605057
138.418912010882,-514.9120762856153,-35.70331119501524,-179.488663,0.264109,179.605057
138.4175648010236,-515.0369264728171,-35.70177397233637,-179.488663,0.264109,179.605057
138.4160716392151,-515.160452151533,-35.70052608335615,-179.488663,0.264109,179.605057
138.4158025230957,-515.2862227855657,-35.699055954449,-179.488663,0.264109,179.605057
138.41742471020999,-515.4106536727554,-35.69773131533423,-179.488663,0.264109,179.605057
138.41693808686543,-515.5373135935143,-35.69657870751128,-179.488663,0.264109,179.605057
138.41603662229443,-515.6626179354473,-35.69560343928002,-179.488663,0.264109,179.605057
138.41465434364093,-515.7858690554187,-35.694806572300436,-179.488663,0.264109,179.605057
138.41483822791176,-515.9112232928472,-35.69315422112675,-179.488663,0.264109,179.605057
138.41574339619117,-516.0352153379458,-35.69137969755867,-179.488663,0.264109,179.605057
138.41677994776788,-516.1571715021594,-35.68953565506728,-179.488663,0.264109,179.605057
138.41577470060386,-516.276986002527,-35.68711557545789,-179.488663,0.264109,179.605057
138.41560739054026,-516.3989348083426,-35.68448819953601,-179.488663,0.264109,179.605057
138.41602071408428,-516.5238427588981,-35.68116322212941,-179.488663,0.264109,179.605057
138.41654428597056,-516.6475660697718,-35.67647852887031,-179.488663,0.264109,179.605057
138.41338646116958,-516.7735594989543,-35.6711947813296,-179.488663,0.264109,179.605057
138.40953726831717,-516.8982150452503,-35.66537010293258,-179.488663,0.264109,179.605057
138.4051921014862,-517.0208301360882,-35.658499460586505,-179.488663,0.264109,179.605057
138.40204331556552,-517.1455599434316,-35.650951536561735,-179.488663,0.264109,179.605057
138.40575103300446,-517.2689387590382,-35.64275309842344,-179.488663,0.264109,179.605057
138.41160043024504,-517.3945593220311,-35.63390949968468,-179.488663,0.264109,179.605057
138.41573986090748,-517.5188416309387,-35.62390476215914,-179.488663,0.264109,179.605057
138.4182446485737,-517.6410887184137,-35.613105734654035,-179.488663,0.264109,179.605057
138.4195655506606,-517.7654568030248,-35.601538782486344,-179.488663,0.264109,179.605057
138.41980955613522,-517.8884802965264,-35.588692129830584,-179.488663,0.264109,179.605057
138.41942404532068,-518.0137518710095,-35.57441641707721,-179.488663,0.264109,179.605057
138.41850744740208,-518.1376914215185,-35.55910481230431,-179.488663,0.264109,179.605057
138.41667633478866,-518.2596018714033,-35.54278894468307,-179.488663,0.264109,179.605057
138.41592036172676,-518.3836393303204,-35.5254751400477,-179.488663,0.264109,179.605057
138.41539016819203,-518.5063381027394,-35.50716466356508,-179.488663,0.264109,179.605057
138.41614467109304,-518.6270240886511,-35.48734071937967,-179.488663,0.264109,179.605057
138.41755604923992,-518.7498577610171,-35.4668870416537,-179.488663,0.264109,179.605057
138.41866806283565,-518.8713740028893,-35.44494627944184,-179.488663,0.264109,179.605057
138.41765105488335,-518.9908985276672,-35.42188043811057,-179.488663,0.264109,179.605057
138.41416937340122,-519.1125914713406,-35.39910662984432,-179.488663,0.264109,179.605057
138.40983183001643,-519.2329873547053,-35.37582717485774,-179.488663,0.264109,179.605057
138.40661858153481,-519.3514115290002,-35.35301064386042,-179.488663,0.264109,179.605057
138.4069612249011,-519.4720237732247,-35.33023969321651,-179.488663,0.264109,179.605057
138.41129728459796,-519.5913582572949,-35.30747785864329,-179.488663,0.264109,179.605057
138.41637035915642,-519.7087399877832,-35.28471784728419,-179.488663,0.264109,179.605057
138.42028668629342,-519.8283284051658,-35.26247524945682,-179.488663,0.264109,179.605057
138.4218608539602,-519.9466573468801,-35.23977208100246,-179.488663,0.264109,179.605057
138.42048020157054,-520.0630514929563,-35.217540851756034,-179.488663,0.264109,179.605057
138.41647311000364,-520.1816699631607,-35.19483995701786,-179.488663,0.264109,179.605057
138.41241016479242,-520.2990462799479,-35.17312623140356,-179.488663,0.264109,179.605057
138.41414494407312,-520.4187714806573,-35.15203297961403,-179.488663,0.264109,179.605057
138.4178359291691,-520.5372636997411,-35.131016818145014,-179.488663,0.264109,179.605057
138.4181678836401,-520.6538240998283,-35.110532732517875,-179.488663,0.264109,179.605057
138.41782331085588,-520.7726070548705,-35.09062514205912,-179.488663,0.264109,179.605057
138.41816966654466,-520.8901451633209,-35.0702687973007,-179.488663,0.264109,179.605057
138.41864928198044,-521.0100293160216,-35.05090380390457,-179.488663,0.264109,179.605057
138.41750606150165,-521.1372109918451,-35.03267716966979,-179.488663,0.264109,179.605057
138.418107866309,-521.264043366237,-35.01561829615617,-179.488663,0.264109,179.605057
138.42028389494962,-521.389002042129,-34.99935894812011,-179.488663,0.264109,179.605057
138.42151004261623,-521.5160754549306,-34.983449442957344,-179.488663,0.264109,179.605057
138.42129677554345,-521.6417645487987,-34.96836389748035,-179.488663,0.264109,179.605057
138.41997732532118,-521.769655867323,-34.95321004171828,-179.488663,0.264109,179.605057
138.41804473731662,-521.8961687320259,-34.93884351945476,-179.488663,0.264109,179.605057
138.41601700745164,-522.020606611889,-34.92491841055761,-179.488663,0.264109,179.605057
138.41523108803935,-522.1471263782704,-34.911412535444846,-179.488663,0.264109,179.605057
138.41552604157144,-522.2722631297225,-34.89832145820007,-179.488663,0.264109,179.605057
138.41726497479775,-522.3996102221681,-34.88512724275111,-179.488663,0.264109,179.605057
138.41762530580147,-522.529854890831,-34.87012815077243,-179.488663,0.264109,179.605057
138.4168834583197,-522.6588267061162,-34.85636815459892,-179.488663,0.264109,179.605057
138.41593172586056,-522.7857096849085,-34.842857897586434,-179.488663,0.264109,179.605057
138.41577288548984,-522.9146370051485,-34.83057461951727,-179.488663,0.264109,179.605057
138.41577488259983,-523.042139560679,-34.818773679459,-179.488663,0.264109,179.605057
138.41539835213598,-523.1675437935887,-34.80740015811401,-179.488663,0.264109,179.605057
138.41536213792395,-523.2950115017732,-34.79695972940057,-179.488663,0.264109,179.605057
138.4145731686755,-523.4210790309405,-34.786567181435665,-179.488663,0.264109,179.605057
138.41405553598244,-523.5493402305563,-34.77656212962046,-179.488663,0.264109,179.605057
138.41359953248764,-523.6762160049783,-34.76748218592408,-179.488663,0.264109,179.605057
138.41316234021554,-523.8052769055698,-34.75844852607369,-179.488663,0.264109,179.605057
138.41232446136692,-523.9329392985868,-34.750318700770286,-179.488663,0.264109,179.605057
138.41182902836889,-524.0585063471659,-34.74223090459849,-179.488663,0.264109,179.605057
138.41140913069913,-524.1861351510555,-34.7350460920308,-179.488663,0.264109,179.605057
138.41142097863968,-524.3123611407963,-34.72841979618393,-179.488663,0.264109,179.605057
138.41110834053157,-524.436511353631,-34.72181343479233,-179.488663,0.264109,179.605057
138.40991391828908,-524.5627473858353,-34.71558898029179,-179.488663,0.264109,179.605057
138.40856012655826,-524.687605225011,-34.709771858280575,-179.488663,0.264109,179.605057
138.40801504818992,-524.8146783363128,-34.70436715387833,-179.488663,0.264109,179.605057
138.40805013138643,-524.9403872400123,-34.69937588410899,-179.488663,0.264109,179.605057
138.40820074793493,-525.0683021088944,-34.694798252377346,-179.488663,0.264109,179.605057
138.40837232905176,-525.1948389371223,-34.69063429936435,-179.488663,0.264109,179.605057
138.40854566281752,-525.319300522329,-34.6868840332062,-179.488663,0.264109,179.605057
138.40830621525504,-525.4458436052751,-34.683547455530125,-179.488663,0.264109,179.605057
138.40798761690337,-525.5710032639226,-34.68062456666157,-179.488663,0.264109,179.605057
138.4076577195704,-525.6941061892321,-34.67811536666564,-179.488663,0.264109,179.605057
138.40774092098104,-525.8193136373806,-34.67601985555534,-179.488663,0.264109,179.605057
138.40790555883146,-525.9431612619454,-34.67382098444439,-179.488663,0.264109,179.605057
138.4080841424537,-526.0649755333553,-34.67188538799998,-179.488663,0.264109,179.605057
138.4078523087077,-526.188917331163,-34.670239388711096,-179.488663,0.264109,179.605057
138.40672035534575,-526.3115219064592,-34.66888825107554,-179.488663,0.264109,179.605057
138.40583514361956,-526.4321153277378,-34.667833027992884,-179.488663,0.264109,179.605057
138.40460120323172,-526.5548580784435,-34.66655688115412,-179.488663,0.264109,179.605057
138.403315066486,-526.6762850203581,-34.66542648734193,-179.488663,0.264109,179.605057
138.40326878219125,-526.7999885062293,-34.6634340796906,-179.488663,0.264109,179.605057
138.40429245998558,-526.9223879624262,-34.660801144827005,-179.488663,0.264109,179.605057
138.405104904558,-527.0427858204223,-34.65846506452095,-179.488663,0.264109,179.605057
138.40586354771875,-527.1653377003533,-34.65557921734863,-179.488663,0.264109,179.605057
138.4061899743389,-527.2865774246013,-34.65300837680305,-179.488663,0.264109,179.605057
138.40601464847234,-527.4100970860788,-34.64989139980505,-179.488663,0.264109,179.605057
138.4053307989652,-527.5323160109281,-34.64657310662767,-179.488663,0.264109,179.605057
138.4045549705896,-527.6525365637426,-34.64204135910331,-179.488663,0.264109,179.605057
138.40500378044388,-527.7749143053991,-34.63651676959843,-179.488663,0.264109,179.605057
138.40569113487064,-527.895983001387,-34.630419496141904,-179.488663,0.264109,179.605057
138.40641642250452,-528.0193346890094,-34.623786565895045,-179.488663,0.264109,179.605057
138.4071389815779,-528.1413886398458,-34.617142433179005,-179.488663,0.264109,179.605057
138.40785071854344,-528.2614471649132,-34.60960489552468,-179.488663,0.264109,179.605057
138.4081395019395,-528.3836657724702,-34.60099790354938,-179.488663,0.264109,179.605057
138.40875025414667,-528.5045781763288,-34.59119188293209,-179.488663,0.264109,179.605057
138.40941671386247,-528.6277763630372,-34.58058399436418,-179.488663,0.264109,179.605057
138.4100848365418,-528.7496795543269,-34.5692066655395,-179.488663,0.264109,179.605057
138.41074378962463,-528.8695900122567,-34.557066381996776,-179.488663,0.264109,179.605057
138.41180220367767,-528.9916631970019,-34.544164440843794,-179.488663,0.264109,179.605057
138.41251479025817,-529.1124327751492,-34.53050110150208,-179.488663,0.264109,179.605057
138.41314807677952,-529.2312240201989,-34.515559366967075,-179.488663,0.264109,179.605057
138.41375649654736,-529.3521967898105,-34.49970588228229,-179.488663,0.264109,179.605057
138.4139406232167,-529.4718853627222,-34.482966972012,-179.488663,0.264109,179.605057
138.4140372725759,-529.5896148588128,-34.46586494995795,-179.488663,0.264109,179.605057
138.41452571857113,-529.7095448311501,-34.44803423443602,-179.488663,0.264109,179.605057
138.41467491043937,-529.8282092280191,-34.42893166466497,-179.488663,0.264109,179.605057
138.415164796309,-529.9449328383723,-34.40891865293298,-179.488663,0.264109,179.605057
138.4144838537132,-530.063874888964,-34.38750342836436,-179.488663,0.264109,179.605057
138.41357842994123,-530.1815690073282,-34.36505768122842,-179.488663,0.264109,179.605057
138.41346232040544,-530.3016063340082,-34.34287793624567,-179.488663,0.264109,179.605057
138.41391639171917,-530.4204051048162,-34.32122143613801,-179.488663,0.264109,179.605057
138.4144780412997,-530.5372665819316,-34.29962258056093,-179.488663,0.264109,179.605057
138.4154638852951,-530.6563452370784,-34.277518205001066,-179.488663,0.264109,179.605057
138.4165205472811,-530.7827070980694,-34.25639382766687,-179.488663,0.264109,179.605057
138.41716567811696,-530.9129951204286,-34.235888098866695,-179.488663,0.264109,179.605057
138.4177193275287,-531.0422153898544,-34.21597617977333,-179.488663,0.264109,179.605057
138.41701480653063,-531.1736509759729,-34.19613601817688,-179.488663,0.264109,179.605057
138.41647933797145,-531.3036603193162,-34.17631020807981,-179.488663,0.264109,179.605057
138.41598529545294,-531.4315353923324,-34.15648726828262,-179.488663,0.264109,179.605057
138.41632789785834,-531.5614316102449,-34.13614785365651,-179.488663,0.264109,179.605057
138.416832956681,-531.6898846442595,-34.115752148509074,-179.488663,0.264109,179.605057
138.41695265706164,-531.8204888205664,-34.095345185257365,-179.488663,0.264109,179.605057
138.41740425001512,-531.9496657437131,-34.07545301927369,-179.488663,0.264109,179.605057
138.41668379882782,-532.076720033321,-34.05613385718806,-179.488663,0.264109,179.605057
138.41491785189592,-532.2058094685465,-34.03843343810427,-179.488663,0.264109,179.605057
138.41378925483812,-532.3334699942612,-34.02044762984306,-179.488663,0.264109,179.605057
138.41198284557998,-532.4632957883748,-34.0013725659686,-179.488663,0.264109,179.605057
138.41047723170232,-532.5917082248741,-33.98165277097148,-179.488663,0.264109,179.605057
138.40987452340926,-532.7180116796425,-33.960817327527614,-179.488663,0.264109,179.605057
138.4090503014177,-532.8463636889302,-33.941920532172176,-179.488663,0.264109,179.605057
138.4094254989548,-532.9732999583231,-33.92374053310108,-179.488663,0.264109,179.605057
138.40962457758818,-533.0981477639057,-33.90617393773132,-179.488663,0.264109,179.605057
138.40855360110027,-533.2250689301577,-33.8887319431018,-179.488663,0.264109,179.605057
138.4060118452537,-533.3505996675127,-33.87136379306479,-179.488663,0.264109,179.605057
138.40362274961856,-533.4740669930459,-33.85354228750183,-179.488663,0.264109,179.605057
138.4017088309414,-533.5996323231404,-33.836149079722574,-179.488663,0.264109,179.605057
138.40032783449925,-533.7238314361192,-33.819360500388946,-179.488663,0.264109,179.605057
138.39948373000908,-533.8459909182903,-33.80330582452222,-179.488663,0.264109,179.605057
138.39958034228422,-533.9702717616644,-33.78758786712665,-179.488663,0.264109,179.605057
138.3990423905379,-534.0932093275068,-33.77165714675865,-179.488663,0.264109,179.605057
138.39838517685652,-534.2183964591286,-33.75587381157394,-179.488663,0.264109,179.605057
138.39730279116048,-534.342253064701,-33.74026288675922,-179.488663,0.264109,179.605057
138.39574009832478,-534.4640820488955,-33.725863475129614,-179.488663,0.264109,179.605057
138.3941035690259,-534.5880394965947,-33.711943308359245,-179.488663,0.264109,179.605057
138.39535021418442,-534.7106596866274,-33.69896659944961,-179.488663,0.264109,179.605057
138.39715576416995,-534.8312684935355,-33.686556502112126,-179.488663,0.264109,179.605057
138.39658341618775,-534.9540263652312,-33.67468461597797,-179.488663,0.264109,179.605057
138.3967756286722,-535.075468160154,-33.663862309862246,-179.488663,0.264109,179.605057
138.3971180195613,-535.1991862341941,-33.65423886197243,-179.488663,0.264109,179.605057
138.39748557657202,-535.321600018116,-33.64542108795003,-179.488663,0.264109,179.605057
138.39703160599626,-535.4420119479761,-33.63686030647887,-179.488663,0.264109,179.605057
138.3964197863736,-535.5645776484658,-33.62943387462909,-179.488663,0.264109,179.605057
138.39660643170953,-535.6858309464524,-33.62228316603691,-179.488663,0.264109,179.605057
138.39695011552575,-535.8050972725891,-33.616270553207364,-179.488663,0.264109,179.605057
138.39690965242374,-535.9265366388287,-33.611568510641455,-179.488663,0.264109,179.605057
138.39597160207998,-536.0466834754357,-33.60778849323938,-179.488663,0.264109,179.605057
138.39404604211498,-536.1648630511064,-33.60438274753675,-179.488663,0.264109,179.605057
138.3882525881897,-536.2852350650694,-33.60171176728511,-179.488663,0.264109,179.605057
138.38341061792815,-536.4043336091588,-33.599283597901454,-179.488663,0.264109,179.605057
138.38170425242086,-536.5214836133132,-33.597986941802496,-179.488663,0.264109,179.605057
138.38393638728496,-536.6408444427549,-33.597482490582706,-179.488663,0.264109,179.605057
138.3877458096386,-536.7589498610129,-33.59774938700541,-179.488663,0.264109,179.605057
138.3901720665945,-536.8751244755302,-33.5982664107344,-179.488663,0.264109,179.605057
138.3910551837052,-536.9935273347818,-33.59939936214686,-179.488663,0.264109,179.605057
138.39202777962575,-537.1106918912042,-33.6011743968738,-179.488663,0.264109,179.605057
138.39300443883295,-537.2302091133694,-33.60307969715252,-179.488663,0.264109,179.605057
138.39355735376654,-537.3484970681901,-33.60599999276383,-179.488663,0.264109,179.605057
138.39319632283303,-537.4648568519623,-33.609595180774974,-179.488663,0.264109,179.605057
138.39183630405495,-537.5834427734889,-33.613327196154984,-179.488663,0.264109,179.605057
138.38947449686387,-537.700787367238,-33.6175584703421,-179.488663,0.264109,179.605057
138.38694592213693,-537.8162147945428,-33.62231448517952,-179.488663,0.264109,179.605057
138.38483062252115,-537.9338838207036,-33.627600337035894,-179.488663,0.264109,179.605057
138.3844707288555,-538.050327651597,-33.63290038740717,-179.488663,0.264109,179.605057
138.38528836820086,-538.1648703533974,-33.638064148592534,-179.488663,0.264109,179.605057
138.38632988549995,-538.2816704442871,-33.64348459860739,-179.488663,0.264109,179.605057
138.38699069903265,-538.3972608561463,-33.64919332861035,-179.488663,0.264109,179.605057
138.38674464024183,-538.5109653796753,-33.65467960794429,-179.488663,0.264109,179.605057
138.38591003982245,-538.6269422612037,-33.66031133492218,-179.488663,0.264109,179.605057
138.38538026761665,-538.7417241653501,-33.666115084762204,-179.488663,0.264109,179.605057
138.38532966225827,-538.8546346202721,-33.6715791236191,-179.488663,0.264109,179.605057
138.38537560999004,-538.9698316144351,-33.67707114916825,-179.488663,0.264109,179.605057
138.38708288152765,-539.0838475591956,-33.68106654983364,-179.488663,0.264109,179.605057
138.3895088032979,-539.2002724006394,-33.68415348774449,-179.488663,0.264109,179.605057
138.3916332864495,-539.3155232014525,-33.68677862643778,-179.488663,0.264109,179.605057
138.39325660033919,-539.428900071639,-33.68898429417643,-179.488663,0.264109,179.605057
138.39434592657898,-539.5488230179909,-33.689228201057496,-179.488663,0.264109,179.605057
138.39531296264892,-539.6683496087833,-33.68861166687816,-179.488663,0.264109,179.605057
138.39665245394968,-539.786096994728,-33.68669692893118,-179.488663,0.264109,179.605057
138.398868719087,-539.906080576881,-33.68386647911956,-179.488663,0.264109,179.605057
138.39958615210966,-540.0290716317737,-33.67911571360168,-179.488663,0.264109,179.605057
138.4004042818842,-540.1551816417672,-33.67266675160921,-179.488663,0.264109,179.605057
138.4016415820523,-540.2801218781941,-33.66597415032183,-179.488663,0.264109,179.605057
138.40294511914118,-540.4073178987675,-33.65730763006436,-179.488663,0.264109,179.605057
138.4038326977534,-540.5374227327665,-33.64683818379064,-179.488663,0.264109,179.605057
138.40462446133,-540.6662589495893,-33.63497604564701,-179.488663,0.264109,179.605057
138.40579646792864,-540.7930091056709,-33.62175625801828,-179.488663,0.264109,179.605057
138.4070278545934,-540.9218060473844,-33.60770287827032,-179.488663,0.264109,179.605057
138.40825360421655,-541.0491805674977,-33.59193362454294,-179.488663,0.264109,179.605057
138.4090501268812,-541.1787257212271,-33.57530613824191,-179.488663,0.264109,179.605057
138.40933880916518,-541.3111292483824,-33.556440800981704,-179.488663,0.264109,179.605057
138.40911115100272,-541.4422213778365,-33.536048782418554,-179.488663,0.264109,179.605057
138.4083727958893,-541.5711868063537,-33.51417830759481,-179.488663,0.264109,179.605057
138.40713213576953,-541.7021593863669,-33.49135607040784,-179.488663,0.264109,179.605057
138.40621932625908,-541.8316706755413,-33.46721736519267,-179.488663,0.264109,179.605057
138.40456373571686,-541.9633144348796,-33.442771846371855,-179.488663,0.264109,179.605057
138.4027831351449,-542.0935124214514,-33.418782013718804,-179.488663,0.264109,179.605057
138.40059218999733,-542.2215695487718,-33.39483631385486,-179.488663,0.264109,179.605057
138.39917166937676,-542.3516439139867,-33.37089944054874,-179.488663,0.264109,179.605057
138.39915743662152,-542.480271780253,-33.34696433255418,-179.488663,0.264109,179.605057
138.39942466386074,-542.6110476392984,-33.32302957762193,-179.488663,0.264109,179.605057
138.40015504920032,-542.7403931735709,-33.29909489330215,-179.488663,0.264109,179.605057
138.40055701179074,-542.8676130619568,-33.27516022310486,-179.488663,0.264109,179.605057
138.40088757303002,-542.9968651383086,-33.25174260462096,-179.488663,0.264109,179.605057
138.4016098193503,-543.1246854005009,-33.22838139203529,-179.488663,0.264109,179.605057
138.4019894640725,-543.2504014116878,-33.20554850951815,-179.488663,0.264109,179.605057
138.40270585575013,-543.3781752782924,-33.18329133745917,-179.488663,0.264109,179.605057
138.4034794081372,-543.5045434876554,-33.16110230304737,-179.488663,0.264109,179.605057
138.40384272436557,-543.6330999954815,-33.1394439450539,-179.488663,0.264109,179.605057
138.40411882619804,-543.7602658037777,-33.11784471789965,-179.488663,0.264109,179.605057
138.40396289170306,-543.8853448917833,-33.09677436580213,-179.488663,0.264109,179.605057
138.40331210101095,-544.0124943998125,-33.07576278427152,-179.488663,0.264109,179.605057
138.40298226143594,-544.1382496432877,-33.05476295685428,-179.488663,0.264109,179.605057
138.40354263646938,-544.2662041815005,-33.034282138037504,-179.488663,0.264109,179.605057
138.40427308464632,-544.392778780784,-33.013858152051924,-179.488663,0.264109,179.605057
138.4050271588556,-544.5215438868697,-32.993445532632585,-179.488663,0.264109,179.605057
138.40536456699374,-544.6489157683625,-32.97406928430428,-179.488663,0.264109,179.605057
138.4047925098908,-544.7741974937334,-32.95480630130528,-179.488663,0.264109,179.605057
138.40404669566286,-544.9015460700078,-32.93556597137215,-179.488663,0.264109,179.605057
138.40286607047898,-545.0274968367116,-32.91684722094108,-179.488663,0.264109,179.605057
138.4016152742176,-545.1513767417081,-32.898702830854866,-179.488663,0.264109,179.605057
138.4007788995098,-545.2773472934921,-32.88062630839318,-179.488663,0.264109,179.605057
138.40003730421964,-545.4019443934526,-32.86308040834529,-179.488663,0.264109,179.605057
138.40014654527934,-545.5287614220712,-32.845642552780156,-179.488663,0.264109,179.605057
138.39919239995842,-545.6542188164589,-32.828792279444905,-179.488663,0.264109,179.605057
138.3988604807615,-545.7818866677245,-32.81163840255563,-179.488663,0.264109,179.605057
138.39865772741794,-545.9081808898145,-32.794519733844446,-179.488663,0.264109,179.605057
138.3980730241815,-546.0366708682442,-32.777974080102204,-179.488663,0.264109,179.605057
138.39742024674587,-546.1637725849151,-32.76163895824265,-179.488663,0.264109,179.605057
138.3967631384161,-546.288788980375,-32.74652297387073,-179.488663,0.264109,179.605057
138.39282739833715,-546.4158769673018,-32.73188775921857,-179.488663,0.264109,179.605057
138.38705990687833,-546.54157179893,-32.71767964962147,-179.488663,0.264109,179.605057
138.3818294250221,-546.6652003396711,-32.7038879121465,-179.488663,0.264109,179.605057
138.37760206749496,-546.7909240163218,-32.69102705798484,-179.488663,0.264109,179.605057
138.37486923502962,-546.9152786500865,-32.67821364270806,-179.488663,0.264109,179.605057
138.37617017452726,-547.0375908760383,-32.665787635208254,-179.488663,0.264109,179.605057
138.38072514394463,-547.1620217354362,-32.65428671815274,-179.488663,0.264109,179.605057
138.38381102644755,-547.2851066381896,-32.64283208140831,-179.488663,0.264109,179.605057
138.38655920346085,-547.4061718087751,-32.63176462072609,-179.488663,0.264109,179.605057
138.3875580875254,-547.5293778838341,-32.621622204145204,-179.488663,0.264109,179.605057
138.38819290664907,-547.6512598756092,-32.612042716384586,-179.488663,0.264109,179.605057
138.38874588424588,-547.7711436179555,-32.602484045499125,-179.488663,0.264109,179.605057
138.38845329563375,-547.8931893638585,-32.59434116465537,-179.488663,0.264109,179.605057
138.3867637550401,-548.0139317487532,-32.58742341515328,-179.488663,0.264109,179.605057
138.38440818640524,-548.1369629030833,-32.581316594141754,-179.488663,0.264109,179.605057
138.38195291358275,-548.2587020348833,-32.575984865495,-179.488663,0.264109,179.605057
138.3807446193584,-548.3784513611917,-32.57090401309898,-179.488663,0.264109,179.605057
138.38103490548264,-548.5003662915387,-32.565922189286454,-179.488663,0.264109,179.605057
138.38162077916286,-548.6209804414619,-32.56143206452394,-179.488663,0.264109,179.605057
138.38266810459524,-548.7396190340569,-32.55798221734922,-179.488663,0.264109,179.605057
138.38338215841637,-548.8604418774249,-32.55521231902539,-179.488663,0.264109,179.605057
138.38319806914978,-548.9842498682863,-32.5536143571384,-179.488663,0.264109,179.605057
138.38365830275745,-549.1068940638875,-32.552816684761005,-179.488663,0.264109,179.605057
138.38506218872865,-549.2318278940992,-32.5522749280633,-179.488663,0.264109,179.605057
138.38704550546097,-549.3554428145367,-32.55183320783487,-179.488663,0.264109,179.605057
138.3878845011742,-549.4813025408174,-32.55188338823363,-179.488663,0.264109,179.605057
138.38766136696682,-549.6100878899376,-32.552456837646716,-179.488663,0.264109,179.605057
138.38763964690625,-549.7376267497715,-32.553559829751556,-179.488663,0.264109,179.605057
138.38806918524926,-549.8673690924082,-32.555193619283635,-179.488663,0.264109,179.605057
138.38940419961654,-549.9957069071769,-32.556841799412275,-179.488663,0.264109,179.605057
138.3909013223177,-550.1219385674508,-32.558870777660225,-179.488663,0.264109,179.605057
138.3915882409405,-550.2502203687686,-32.56027276886537,-179.488663,0.264109,179.605057
138.39210334923834,-550.3770877460097,-32.56230335377307,-179.488663,0.264109,179.605057
138.3925767694865,-550.5018679024037,-32.56413254631016,-179.488663,0.264109,179.605057
138.39262445237014,-550.6287226301816,-32.566628447039804,-179.488663,0.264109,179.605057
138.39258630962425,-550.754188116108,-32.56944762718573,-179.488663,0.264109,179.605057
138.3925315442271,-550.8818580223087,-32.57205135654824,-179.488663,0.264109,179.605057
138.3924742331853,-551.0081530627872,-32.574801933531866,-179.488663,0.264109,179.605057
138.392417228105,-551.13237693399,-32.57772481337303,-179.488663,0.264109,179.605057
138.39277176162253,-551.2586864985027,-32.58030803823015,-179.488663,0.264109,179.605057
138.39361422727185,-551.3836167989822,-32.582402212090464,-179.488663,0.264109,179.605057
138.39454229761387,-551.510761126826,-32.58336639797364,-179.488663,0.264109,179.605057
138.39547428967174,-551.6365399852577,-32.58396549292805,-179.488663,0.264109,179.605057
138.39639381107466,-551.7645235615983,-32.5837414185856,-179.488663,0.264109,179.605057
138.39729776070885,-551.891127870657,-32.58307260371711,-179.488663,0.264109,179.605057
138.39777507315006,-552.0156557316417,-32.581470680743415,-179.488663,0.264109,179.605057
138.39816026970905,-552.1422639067665,-32.57930802059312,-179.488663,0.264109,179.605057
138.39852156474055,-552.2674874951174,-32.576612093007505,-179.488663,0.264109,179.605057
138.399283607715,-552.3949198750794,-32.57287173415705,-179.488663,0.264109,179.605057
138.4001149623335,-552.5209816417373,-32.56845440016473,-179.488663,0.264109,179.605057
138.40135902223736,-552.649243073942,-32.56286956447738,-179.488663,0.264109,179.605057
138.40225726323519,-552.7761202766648,-32.5564891662288,-179.488663,0.264109,179.605057
138.40266289880208,-552.900916157719,-32.54934058880131,-179.488663,0.264109,179.605057
138.40296424424358,-553.0277875663535,-32.541429308871365,-179.488663,0.264109,179.605057
138.40282977919156,-553.1532696871367,-32.53327347066315,-179.488663,0.264109,179.605057
138.40343139776598,-553.2809559824098,-32.52398960968817,-179.488663,0.264109,179.605057
138.40376101004597,-553.4072671297147,-32.51340103304874,-179.488663,0.264109,179.605057
138.40444219991466,-553.5315068222197,-32.501378393276404,-179.488663,0.264109,179.605057
138.40477335060072,-553.6578319259158,-32.48831886087749,-179.488663,0.264109,179.605057
138.40420845041828,-553.7827774881533,-32.47425486550882,-179.488663,0.264109,179.605057
138.40347237419806,-553.9056701385471,-32.45919289310175,-179.488663,0.264109,179.605057
138.40312319807654,-554.0306710666555,-32.44313424084256,-179.488663,0.264109,179.605057
138.40367770136848,-554.1543158593292,-32.4260791681685,-179.488663,0.264109,179.605057
138.4044050542741,-554.2801975878647,-32.40699362918924,-179.488663,0.264109,179.605057
138.40474596586108,-554.4047363856556,-32.3871279525045,-179.488663,0.264109,179.605057
138.40459407399734,-554.5315020455067,-32.36616815050088,-179.488663,0.264109,179.605057
138.40393511501665,-554.6569101883854,-32.34461547898905,-179.488663,0.264109,179.605057
138.4031841144736,-554.7845299120596,-32.32210014468669,-179.488663,0.264109,179.605057
138.40242538651466,-554.910776915823,-32.29938943338177,-179.488663,0.264109,179.605057
138.4020865705369,-555.0392205293285,-32.27612259778745,-179.488663,0.264109,179.605057
138.40183655567148,-555.1662767111682,-32.25330859066859,-179.488663,0.264109,179.605057
138.40119719012887,-555.2955150520884,-32.23053814480037,-179.488663,0.264109,179.605057
138.40007838098296,-555.4233517684206,-32.20829346007117,-179.488663,0.264109,179.605057
138.39929026173533,-555.5490900376474,-32.18662397201422,-179.488663,0.264109,179.605057
138.39857948927448,-555.676887006513,-32.16502251884727,-179.488663,0.264109,179.605057
138.39830496160153,-555.8032781584157,-32.14395172154722,-179.488663,0.264109,179.605057
138.39812158727972,-555.9318572505433,-32.121905953198315,-179.488663,0.264109,179.605057
138.39795905161847,-556.0590452502945,-32.10079329730631,-179.488663,0.264109,179.605057
138.39821366197432,-556.1841461355739,-32.07873915723902,-179.488663,0.264109,179.605057
138.39813741374186,-556.311317052035,-32.05710777811446,-179.488663,0.264109,179.605057
138.397996078211,-556.4370933216983,-32.035513946733985,-179.488663,0.264109,179.605057
138.39743306865918,-556.5650685106114,-32.014961331569005,-179.488663,0.264109,179.605057
138.39761506488344,-556.6916633917987,-31.994522986313786,-179.488663,0.264109,179.605057
138.39794347387215,-556.8204484175751,-31.97462454392941,-179.488663,0.264109,179.605057
138.39829649470818,-556.9478398630138,-31.954787077674755,-179.488663,0.264109,179.605057
138.39906008383952,-557.0731408029387,-31.93547885553494,-179.488663,0.264109,179.605057
138.3998949266956,-557.1962415839487,-31.916229477773637,-179.488663,0.264109,179.605057
138.39991081364272,-557.321418233179,-31.897508917776936,-179.488663,0.264109,179.605057
138.400173350127,-557.4452297659309,-31.878847116888707,-179.488663,0.264109,179.605057
138.40007081599984,-557.5712740669214,-31.860714116711062,-179.488663,0.264109,179.605057
138.3998967260135,-557.6959722915011,-31.842639872231093,-179.488663,0.264109,179.605057
138.39847880080183,-557.818627814938,-31.82509442777954,-179.488663,0.264109,179.605057
138.39683227459255,-557.9433970307019,-31.807656663333677,-179.488663,0.264109,179.605057
138.39680611211202,-558.0668144894181,-31.79028935933339,-179.488663,0.264109,179.605057
138.39710439446588,-558.1882063262008,-31.77298507186666,-179.488663,0.264109,179.605057
138.39746332354872,-558.307466576918,-31.756259361039984,-179.488663,0.264109,179.605057
138.39741861054148,-558.428871031301,-31.739745294430204,-179.488663,0.264109,179.605057
138.39729380503454,-558.5575110186214,-31.723933538886023,-179.488663,0.264109,179.605057
138.397565422706,-558.6900352327095,-31.708969232221627,-179.488663,0.264109,179.605057
138.39791246200625,-558.8214515033287,-31.694458361999864,-179.488663,0.264109,179.605057
138.39785898329555,-558.9507771538498,-31.68088578795551,-179.488663,0.264109,179.605057
138.39731549490207,-559.082112048877,-31.66787879314664,-179.488663,0.264109,179.605057
138.3966817341848,-559.2119809187429,-31.655926851962647,-179.488663,0.264109,179.605057
138.39644959915515,-559.3397095596496,-31.64465781483696,-179.488663,0.264109,179.605057
138.39671175740568,-559.469460236316,-31.6345613051896,-179.488663,0.264109,179.605057
138.396247712506,-559.5977699771772,-31.625782252149016,-179.488663,0.264109,179.605057
138.39646636005932,-559.7239666812297,-31.617409552652006,-179.488663,0.264109,179.605057
138.39640776978246,-559.8522126470183,-31.61029508386372,-179.488663,0.264109,179.605057
138.39588389855683,-559.9790445225296,-31.602024367883843,-179.488663,0.264109,179.605057
138.39527442175444,-560.1037897488671,-31.593524286910085,-179.488663,0.264109,179.605057
138.3954778252846,-560.2306101577062,-31.58577932849311,-179.488663,0.264109,179.605057
138.395840912031,-560.3603086016757,-31.578469341254163,-179.488663,0.264109,179.605057
138.39623077152027,-560.488738052579,-31.572093957139703,-179.488663,0.264109,179.605057
138.39662044088985,-560.6193538193454,-31.566283413650144,-179.488663,0.264109,179.605057
138.39536186360442,-560.7485492028236,-31.561527776063343,-179.488663,0.264109,179.605057
138.39379153675384,-560.8756230641902,-31.556937964101543,-179.488663,0.264109,179.605057
138.393002526861,-561.0047320151062,-31.55233655282029,-179.488663,0.264109,179.605057
138.39320233516708,-561.1324117677414,-31.547593692786265,-179.488663,0.264109,179.605057
138.39400773206148,-561.257989790905,-31.54310648966835,-179.488663,0.264109,179.605057
138.39492279213994,-561.3856281362893,-31.539424409044766,-179.488663,0.264109,179.605057
138.39543610400077,-561.5118632452056,-31.536187299586718,-179.488663,0.264109,179.605057
138.39586176578268,-561.6360223630571,-31.53337013547289,-179.488663,0.264109,179.605057
138.39585317702574,-561.7622671307973,-31.53045086265012,-179.488663,0.264109,179.605057
138.3957578603122,-561.8871335473741,-31.527795114752234,-179.488663,0.264109,179.605057
138.3960572202895,-562.0099484157935,-31.524911965172652,-179.488663,0.264109,179.605057
138.39643125804085,-562.1348729408971,-31.52217327303451,-179.488663,0.264109,179.605057
138.39722557836564,-562.2627093596474,-31.51908935682911,-179.488663,0.264109,179.605057
138.39809265820497,-562.3893100391714,-31.516032324699136,-179.488663,0.264109,179.605057
138.398961958145,-562.5138630278525,-31.51251254493981,-179.488663,0.264109,179.605057
138.39940867206164,-562.6405017247481,-31.50838508676572,-179.488663,0.264109,179.605057
138.399764515509,-562.7657564795976,-31.504561052908677,-179.488663,0.264109,179.605057
138.40009712397787,-562.8889530450799,-31.50070561502616,-179.488663,0.264109,179.605057
138.4008310216862,-563.0142525104242,-31.496281763005207,-179.488663,0.264109,179.605057
138.40163473958611,-563.1381905189004,-31.491652139267682,-179.488663,0.264109,179.605057
138.40203032420308,-563.2643602287712,-31.48632521896462,-179.488663,0.264109,179.605057
138.40233865607115,-563.3891818652696,-31.480155692681784,-179.488663,0.264109,179.605057
138.40262515222508,-563.5162253127078,-31.474054587425215,-179.488663,0.264109,179.605057
138.4033138732909,-563.6419062821925,-31.468204108596126,-179.488663,0.264109,179.605057
138.4032519108617,-563.7655272934094,-31.46221765727475,-179.488663,0.264109,179.605057
138.40304069297696,-563.8912448141465,-31.455030820343808,-179.488663,0.264109,179.605057
138.4028026279888,-564.0155936542706,-31.446853755179845,-179.488663,0.264109,179.605057
138.40297324605976,-564.1379002414347,-31.438104528813717,-179.488663,0.264109,179.605057
138.40322317417446,-564.2623255732117,-31.428819750207158,-179.488663,0.264109,179.605057
138.40389607643132,-564.3854050491925,-31.4195237900414,-179.488663,0.264109,179.605057
138.40464400335125,-564.5064648903558,-31.409851478008246,-179.488663,0.264109,179.605057
138.4053962980209,-564.629665731259,-31.399259735601614,-179.488663,0.264109,179.605057
138.40490676693852,-564.751542582373,-31.387593333786956,-179.488663,0.264109,179.605057
138.40458649959228,-564.8714212758687,-31.374726862312915,-179.488663,0.264109,179.605057
138.4043046399066,-564.9934620630888,-31.361058314684776,-179.488663,0.264109,179.605057
138.4044451370908,-565.1141995778579,-31.346620285159144,-179.488663,0.264109,179.605057
138.4046681074668,-565.2372259490378,-31.33193634147624,-179.488663,0.264109,179.605057
138.40531506801358,-565.3589603831098,-31.315607054961884,-179.488663,0.264109,179.605057
138.40603762537785,-565.4829717622532,-31.298339633214564,-179.488663,0.264109,179.605057
138.40717569240087,-565.6056748130188,-31.28069855775399,-179.488663,0.264109,179.605057
138.4079700088469,-565.7263710880535,-31.26284372932854,-179.488663,0.264109,179.605057
138.40745227823248,-565.8492161053637,-31.244384088087894,-179.488663,0.264109,179.605057
138.40791150148584,-565.9707437419938,-31.224771377617543,-179.488663,0.264109,179.605057
138.40814891767096,-566.0945461761005,-31.204883039967918,-179.488663,0.264109,179.605057
138.40833859585663,-566.2170428239727,-31.184377514660213,-179.488663,0.264109,179.605057
138.40851602879715,-566.3418028067174,-31.162961849598673,-179.488663,0.264109,179.605057
138.40909915586457,-566.4652410922375,-31.141411161030806,-179.488663,0.264109,179.605057
138.40975512839466,-566.5866594715852,-31.11983346776168,-179.488663,0.264109,179.605057
138.4100056739635,-566.7059470305256,-31.098767422441185,-179.488663,0.264109,179.605057
138.40976090415867,-566.8273785578797,-31.077756702265976,-179.488663,0.264109,179.605057
138.4094205524497,-566.9475118527496,-31.056757047119824,-179.488663,0.264109,179.605057
138.4086552582508,-567.0699436053734,-31.035759604979482,-179.488663,0.264109,179.605057
138.4082265264048,-567.1910937979552,-31.015279263218083,-179.488663,0.264109,179.605057
138.40787120454894,-567.314531320234,-30.99485537264358,-179.488663,0.264109,179.605057
138.4075356181575,-567.4366707525799,-30.97495982119535,-179.488663,0.264109,179.605057
138.4076194183099,-567.5610801394569,-30.955639982016812,-179.488663,0.264109,179.605057
138.4077859039466,-567.6841741392933,-30.936388280847773,-179.488663,0.264109,179.605057
138.40796655888448,-567.8052543915018,-30.91715020728063,-179.488663,0.264109,179.605057
138.4073261450346,-567.9284765305978,-30.89843190812276,-179.488663,0.264109,179.605057
138.40653062553523,-568.0503745544263,-30.879770559402296,-179.488663,0.264109,179.605057
138.40612606562775,-568.1745407610847,-30.861637649658203,-179.488663,0.264109,179.605057
138.40580545137954,-568.301661351592,-30.84408047215383,-179.488663,0.264109,179.605057
138.40550618611027,-568.4318315482486,-30.826640361097397,-179.488663,0.264109,179.605057
138.40521544685396,-568.5607603566716,-30.809272587775002,-179.488663,0.264109,179.605057
138.40534121442522,-568.6876072332836,-30.792485255332743,-179.488663,0.264109,179.605057
138.40554849466764,-568.8165003457326,-30.7759099399554,-179.488663,0.264109,179.605057
138.40494779612527,-568.943969558861,-30.760037010213267,-179.488663,0.264109,179.605057
138.40419404509413,-569.0736077633162,-30.744494495375953,-179.488663,0.264109,179.605057
138.4034204035799,-569.2018360226846,-30.729255005741823,-179.488663,0.264109,179.605057
138.4034751202039,-569.3322252689023,-30.713796014481662,-179.488663,0.264109,179.605057
138.4032840635969,-569.4611922876549,-30.699000109562967,-179.488663,0.264109,179.605057
138.40304656959327,-569.5880406633144,-30.68452675969034,-179.488663,0.264109,179.605057
138.40321383246942,-569.7169279112347,-30.670354863049145,-179.488663,0.264109,179.605057
138.40345966787177,-569.8443898705258,-30.656480199276462,-179.488663,0.264109,179.605057
138.4037177214536,-569.969753979781,-30.642901924299704,-179.488663,0.264109,179.605057
138.40397454857597,-570.0971822294752,-30.62910282041546,-179.488663,0.264109,179.605057
138.40422747775403,-570.2232109943726,-30.615449488527503,-179.488663,0.264109,179.605057
138.40447603012822,-570.3471674532099,-30.602485293261022,-179.488663,0.264109,179.605057
138.4047201721746,-570.4732131811984,-30.589848863096613,-179.488663,0.264109,179.605057
138.40495995991293,-570.5978841126636,-30.576997879285955,-179.488663,0.264109,179.605057
138.40519546647516,-570.7247736537987,-30.56481097141271,-179.488663,0.264109,179.605057
138.40542676737553,-570.8503022656162,-30.55294681650473,-179.488663,0.264109,179.605057
138.4056539375307,-570.9737733957576,-30.54138415441202,-179.488663,0.264109,179.605057
138.40587705067242,-571.0993436623796,-30.530118733104594,-179.488663,0.264109,179.605057
138.40609617924676,-571.2235478680612,-30.519149702176442,-179.488663,0.264109,179.605057
138.40631139441234,-571.3457124017408,-30.508476891546366,-179.488663,0.264109,179.605057
138.40652276605826,-571.4699982165408,-30.49810026719813,-179.488663,0.264109,179.605057
138.40673036282573,-571.5929406670879,-30.487502773439594,-179.488663,0.264109,179.605057
138.40652358546345,-571.7181325965987,-30.477568092465663,-179.488663,0.264109,179.605057
138.40664754077554,-571.8419939144604,-30.467955911826433,-179.488663,0.264109,179.605057
138.40724654636912,-571.963827526805,-30.458645173476366,-179.488663,0.264109,179.605057
138.40793204282838,-572.0877895200039,-30.44963166580635,-179.488663,0.264109,179.605057
138.40821442151113,-572.2104141743591,-30.44091454649457,-179.488663,0.264109,179.605057
138.40841216058618,-572.3310273658616,-30.43249364707666,-179.488663,0.264109,179.605057
138.40859015945065,-572.4537895438476,-30.424368933859746,-179.488663,0.264109,179.605057
138.4083510120669,-572.5752355681545,-30.416540400105255,-179.488663,0.264109,179.605057
138.4076211699741,-572.6989577960468,-30.409008044465466,-179.488663,0.264109,179.605057
138.4068035689159,-572.8213756596369,-30.401771866670845,-179.488663,0.264109,179.605057
138.40639071083524,-572.9417915963069,-30.394831866667474,-179.488663,0.264109,179.605057
138.4068860064428,-573.064361232049,-30.38818804444458,-179.488663,0.264109,179.605057
138.40714522191712,-573.1856183950083,-30.38132335111111,-179.488663,0.264109,179.605057
138.40735353474474,-573.3048885170933,-30.374604421333306,-179.488663,0.264109,179.605057
138.40672737103833,-573.4263316114896,-30.369091675377746,-179.488663,0.264109,179.605057
138.40594321746448,-573.5464821096721,-30.364057108408854,-179.488663,0.264109,179.605057
138.40554928499023,-573.6646652815266,-30.35893207945952,-179.488663,0.264109,179.605057
138.40564966599774,-573.7850408274492,-30.353555855891877,-179.488663,0.264109,179.605057
138.4058474820606,-573.9041428404212,-30.34831933117835,-179.488663,0.264109,179.605057
138.40606197175055,-574.0255629181739,-30.343253679568974,-179.488663,0.264109,179.605057
138.40627674564584,-574.145719745555,-30.338882184802657,-179.488663,0.264109,179.605057
138.40607785515348,-574.2681816924278,-30.334839459182724,-179.488663,0.264109,179.605057
138.4057990604484,-574.3893629821766,-30.330582380725403,-179.488663,0.264109,179.605057
138.40550824998098,-574.5085646732689,-30.325955320589497,-179.488663,0.264109,179.605057
138.40604050566557,-574.6299417983564,-30.32135019300676,-179.488663,0.264109,179.605057
138.40672980472192,-574.7500277577974,-30.3167983763791,-179.488663,0.264109,179.605057
138.40744070908826,-574.868147594908,-30.312306146386902,-179.488663,0.264109,179.605057
138.4081458238767,-574.988460947647,-30.30735770927735,-179.488663,0.264109,179.605057
138.40883975245035,-575.1075018802727,-30.30231995074433,-179.488663,0.264109,179.605057
138.40911090790803,-575.2245953022784,-30.29773629237106,-179.488663,0.264109,179.605057
138.40888298564263,-575.3439005601583,-30.29272832514085,-179.488663,0.264109,179.605057
138.4089691560604,-575.4662180659899,-30.287120367250363,-179.488663,0.264109,179.605057
138.40911691948,-575.5873983946622,-30.28130032233893,-179.488663,0.264109,179.605057
138.4096855666424,-575.7066278343391,-30.27529876668998,-179.488663,0.264109,179.605057
138.40991963646044,-575.8280380552973,-30.269638864449075,-179.488663,0.264109,179.605057
138.40967279514993,-575.9481577093692,-30.263955204000894,-179.488663,0.264109,179.605057
138.40933328224568,-576.0705775483169,-30.258221707466813,-179.488663,0.264109,179.605057
138.4089800636507,-576.191716342086,-30.25243315927111,-179.488663,0.264109,179.605057
138.4082184608042,-576.3108760639745,-30.246071467409745,-179.488663,0.264109,179.605057
138.40738601279236,-576.4322119221091,-30.238986009037475,-179.488663,0.264109,179.605057
138.4069619016747,-576.5522573419549,-30.231569699585243,-179.488663,0.264109,179.605057
138.40703615640513,-576.6703373615052,-30.223337068805908,-179.488663,0.264109,179.605057
138.40761969490455,-576.790611607385,-30.214144018205594,-179.488663,0.264109,179.605057
138.40747545761025,-576.9138807981449,-30.203868110307756,-179.488663,0.264109,179.605057
138.40718771653204,-577.0402624827232,-30.19290754206152,-179.488663,0.264109,179.605057
138.40687536701464,-577.1654692376625,-30.181811641745604,-179.488663,0.264109,179.605057
138.4065625381136,-577.2886602883814,-30.170220586126867,-179.488663,0.264109,179.605057
138.406254062458,-577.4139628144237,-30.157592721669786,-179.488663,0.264109,179.605057
138.40677217799413,-577.5421722218271,-30.14377235766726,-179.488663,0.264109,179.605057
138.40785890968098,-577.6691395828195,-30.12863438264453,-179.488663,0.264109,179.605057
138.40904390885848,-577.7983194431735,-30.113093863195544,-179.488663,0.264109,179.605057
138.41023170821242,-577.9261045787192,-30.09681676375019,-179.488663,0.264109,179.605057
138.41099250778865,-578.0517933807088,-30.0797832816389,-179.488663,0.264109,179.605057
138.41165708714868,-578.1795420085812,-30.061472407438863,-179.488663,0.264109,179.605057
138.4122929706701,-578.3101523989225,-30.042767032598857,-179.488663,0.264109,179.605057
138.41250340468042,-578.4437442384283,-30.023326686519745,-179.488663,0.264109,179.605057
138.4130364226159,-578.5760323949385,-30.003130279526143,-179.488663,0.264109,179.605057
138.4136263766369,-578.7104450499569,-29.98217359368298,-179.488663,0.264109,179.605057
138.4142193274178,-578.843370958028,-29.96071470095879,-179.488663,0.264109,179.605057
138.41480444447296,-578.9741090149057,-29.939155366858397,-179.488663,0.264109,179.605057
138.41496900645149,-579.1068167825138,-29.91809299337165,-179.488663,0.264109,179.605057
138.41463645031098,-579.2380310929062,-29.89708300756319,-179.488663,0.264109,179.605057
138.41420920023404,-579.3670805527746,-29.876083499290388,-179.488663,0.264109,179.605057
138.41335842114864,-579.4981283391088,-29.855086086524718,-179.488663,0.264109,179.605057
138.4124350362308,-579.6277119999972,-29.83460575063825,-179.488663,0.264109,179.605057
138.4119209293986,-579.7594265348417,-29.813665203460957,-179.488663,0.264109,179.605057
138.41190665659184,-579.8896939710928,-29.792162534025497,-179.488663,0.264109,179.605057
138.41199255358117,-580.0178192951986,-29.77059444458285,-179.488663,0.264109,179.605057
138.41209726288363,-580.1479606367103,-29.749013271138764,-179.488663,0.264109,179.605057
138.41220424544977,-580.2766542826239,-29.72794652978328,-179.488663,0.264109,179.605057
138.41231016113883,-580.403228079787,-29.70745232817885,-179.488663,0.264109,179.605057
138.41282502376268,-580.531844413196,-29.687025665635744,-179.488663,0.264109,179.605057
138.4134143532828,-580.6590400437791,-29.6666125109049,-179.488663,0.264109,179.605057
138.41401019460682,-580.7884091959397,-29.64620205773651,-179.488663,0.264109,179.605057
138.4141881974372,-580.9163731355852,-29.62579214488061,-179.488663,0.264109,179.605057
138.41428010097306,-581.0422361011416,-29.605382340087207,-179.488663,0.264109,179.605057
138.4143534775775,-581.1701554874811,-29.585489605795196,-179.488663,0.264109,179.605057
138.4140114385506,-581.2966668600382,-29.5661703300479,-179.488663,0.264109,179.605057
138.41359118095252,-581.4253640236512,-29.54691874156511,-179.488663,0.264109,179.605057
138.4135719233038,-581.5526679858153,-29.528197739424108,-179.488663,0.264109,179.605057
138.41363313953153,-581.6821494291165,-29.50901880121813,-179.488663,0.264109,179.605057
138.41370957990372,-581.8102248547849,-29.489795280243598,-179.488663,0.264109,179.605057
138.41419864461955,-581.9361975597617,-29.471079891604248,-179.488663,0.264109,179.605057
138.41435261195033,-582.0642247754625,-29.45345322276527,-179.488663,0.264109,179.605057
138.41484803671318,-582.1908420617963,-29.435999213441917,-179.488663,0.264109,179.605057
138.4154047069214,-582.3153765830731,-29.418628660466137,-179.488663,0.264109,179.605057
138.4155550424646,-582.4419900603692,-29.400806674315426,-179.488663,0.264109,179.605057
138.4156219729693,-582.5672186038587,-29.382896321529724,-179.488663,0.264109,179.605057
138.41608193723246,-582.6946557990796,-29.365440259861476,-179.488663,0.264109,179.605057
138.41661396653333,-582.8207222845368,-29.348076976416717,-179.488663,0.264109,179.605057
138.41674217553614,-582.9447216824705,-29.331298221949986,-179.488663,0.264109,179.605057
138.41719846372908,-583.0708107825732,-29.31421525327886,-179.488663,0.264109,179.605057
138.41771387832796,-583.1955245559083,-29.29716737065575,-179.488663,0.264109,179.605057
138.4178231212004,-583.322456223558,-29.280692478575567,-179.488663,0.264109,179.605057
138.41826024271782,-583.4480262196862,-29.264428113492865,-179.488663,0.264109,179.605057
138.4187567231249,-583.5715379971207,-29.248348787142994,-179.488663,0.264109,179.605057
138.41884734758852,-583.6971481855375,-29.232966450761907,-179.488663,0.264109,179.605057
138.4188555119822,-583.8213916001375,-29.217913450152356,-179.488663,0.264109,179.605057
138.4184364015794,-583.9435946425223,-29.203163258919336,-179.488663,0.264109,179.605057
138.41793779689863,-584.0679182783056,-29.188193522894956,-179.488663,0.264109,179.605057
138.41743038462877,-584.190897874393,-29.17336981569008,-179.488663,0.264109,179.605057
138.4169284273712,-584.311859619397,-29.159235296471326,-179.488663,0.264109,179.605057
138.41684536673043,-584.4349641160329,-29.145945601516466,-179.488663,0.264109,179.605057
138.41684726671988,-584.5567463434876,-29.133625475858825,-179.488663,0.264109,179.605057
138.41686613181332,-584.6765321032046,-29.12187718406063,-179.488663,0.264109,179.605057
138.41688812162397,-584.7984816163469,-29.110151490145434,-179.488663,0.264109,179.605057
138.41567842363412,-584.9191294870983,-29.09829118691795,-179.488663,0.264109,179.605057
138.41465025934446,-585.0378011485433,-29.086687908494678,-179.488663,0.264109,179.605057
138.41408369124252,-585.1586564600531,-29.076406683921135,-179.488663,0.264109,179.605057
138.4136175002356,-585.2782296704787,-29.066720785673095,-179.488663,0.264109,179.605057
138.4135886815864,-585.4001125305837,-29.05809589046793,-179.488663,0.264109,179.605057
138.41323708060736,-585.520723875503,-29.050155089204672,-179.488663,0.264109,179.605057
138.41323659037624,-585.6393655560354,-29.042870004507577,-179.488663,0.264109,179.605057
138.41289566260022,-585.7601926220115,-29.035717912012604,-179.488663,0.264109,179.605057
138.41249149606583,-585.8797383356938,-29.029581360180277,-179.488663,0.264109,179.605057
138.41249109659267,-586.001594239878,-29.02411980981381,-179.488663,0.264109,179.605057
138.41175012287985,-586.1221791204144,-29.019829206407184,-179.488663,0.264109,179.605057
138.41128223927853,-586.2407948112535,-29.015821645725858,-179.488663,0.264109,179.605057
138.41046496137744,-586.3615963521058,-29.012436595811817,-179.488663,0.264109,179.605057
138.4095894281243,-586.4811169966018,-29.009694945829008,-179.488663,0.264109,179.605057
138.40953602916255,-586.6072149459939,-29.00811792249911,-179.488663,0.264109,179.605057
138.409647816511,-586.732834963307,-29.007339726722023,-179.488663,0.264109,179.605057
138.409791051257,-586.8608394650694,-29.005783447566607,-179.488663,0.264109,179.605057
138.4099385383661,-586.9875003552519,-29.00506013840219,-179.488663,0.264109,179.605057
138.4100847783534,-587.1120911237916,-29.004364685458196,-179.488663,0.264109,179.605057
138.41022868905873,-587.2387625770723,-29.004569381536065,-179.488663,0.264109,179.605057
138.40995942051097,-587.3683152844102,-29.004815369640525,-179.488663,0.264109,179.605057
138.4096113457097,-587.4966017151661,-29.005447536150307,-179.488663,0.264109,179.605057
138.40925246005492,-587.6228103724793,-29.006487889452266,-179.488663,0.264109,179.605057
138.40930718304762,-587.7510751742001,-29.00794083122377,-179.488663,0.264109,179.605057
138.40944384948725,-587.8779269942889,-29.0092901929114,-179.488663,0.264109,179.605057
138.40918429424914,-588.0069587699436,-29.01090278524893,-179.488663,0.264109,179.605057
138.40925985279443,-588.1345914181242,-29.01280496593866,-179.488663,0.264109,179.605057
138.40940135948597,-588.2643956875914,-29.015002006521048,-179.488663,0.264109,179.605057
138.40955404326712,-588.3927881761502,-29.017494961304195,-179.488663,0.264109,179.605057
138.40970679096355,-588.5190722820234,-29.02028404114971,-179.488663,0.264109,179.605057
138.41026804569802,-588.6474053374093,-29.022852239341038,-179.488663,0.264109,179.605057
138.4104923528839,-588.7743230014656,-29.025566198979305,-179.488663,0.264109,179.605057
138.41064608041336,-588.9034192027005,-29.027935195351404,-179.488663,0.264109,179.605057
138.41078350566448,-589.0311150765091,-29.03033112795916,-179.488663,0.264109,179.605057
138.4109157159675,-589.1567147657382,-29.03329842114737,-179.488663,0.264109,179.605057
138.41145566962322,-589.2843755780269,-29.035441817562795,-179.488663,0.264109,179.605057
138.4124801592753,-589.410632994486,-29.0374693590681,-179.488663,0.264109,179.605057
138.41317631894046,-589.5348140707451,-29.03891159625805,-179.488663,0.264109,179.605057
138.41379691167077,-589.6610804147687,-29.039627634807154,-179.488663,0.264109,179.605057
138.41480423147306,-589.7859680243411,-29.040012335850307,-179.488663,0.264109,179.605057
138.41587457036368,-589.9088037076872,-29.039580618281157,-179.488663,0.264109,179.605057
138.41653162380777,-590.0337486760693,-29.03870551032288,-179.488663,0.264109,179.605057
138.41668600873575,-590.1573385063527,-29.03741461317567,-179.488663,0.264109,179.605057
138.41673766426376,-590.2831662536524,-29.035196398190674,-179.488663,0.264109,179.605057
138.41717870592208,-590.4076520341715,-29.031901946304785,-179.488663,0.264109,179.605057
138.4181020188806,-590.5300989569005,-29.027407109260942,-179.488663,0.264109,179.605057
138.41869798787047,-590.6546633073925,-29.021593084074397,-179.488663,0.264109,179.605057
138.41963067872985,-590.7778795615637,-29.014859150148197,-179.488663,0.264109,179.605057
138.42061744902645,-590.8990737875224,-29.00723815891851,-179.488663,0.264109,179.605057
138.42160100114407,-591.0224066232915,-28.998736680672575,-179.488663,0.264109,179.605057
138.42256992132909,-591.1444131140253,-28.988838980578944,-179.488663,0.264109,179.605057
138.4235221349294,-591.2686857989947,-28.977394907226884,-179.488663,0.264109,179.605057
138.42445746461937,-591.3916442890695,-28.96479747033425,-179.488663,0.264109,179.605057
138.4249654483939,-591.5168578638622,-28.95056121851128,-179.488663,0.264109,179.605057
138.4253807383272,-591.6407416403124,-28.93557615481335,-179.488663,0.264109,179.605057
138.4261822498132,-591.7625975544958,-28.919503230962654,-179.488663,0.264109,179.605057
138.4270496063353,-591.8865815010018,-28.901804592859182,-179.488663,0.264109,179.605057
138.42791779612736,-592.0092277267332,-28.882842714127378,-179.488663,0.264109,179.605057
138.42918447165198,-592.1298621064327,-28.86212603615879,-179.488663,0.264109,179.605057
138.43051282938228,-592.2526450946367,-28.84002629167619,-179.488663,0.264109,179.605057
138.43183463135492,-592.3741115575982,-28.816570822779667,-179.488663,0.264109,179.605057
138.43272565654797,-592.4978538591491,-28.792779000111473,-179.488663,0.264109,179.605057
138.4331071873601,-592.620291437907,-28.768872902244503,-179.488663,0.264109,179.605057
138.43256005974675,-592.7449934043194,-28.745460998226665,-179.488663,0.264109,179.605057
138.43265631515212,-592.868374709185,-28.722100928534207,-179.488663,0.264109,179.605057
138.43329054486213,-592.9897371254052,-28.69875122570683,-179.488663,0.264109,179.605057
138.4340233492772,-593.1132363873102,-28.675403596252465,-179.488663,0.264109,179.605057
138.43476544652606,-593.235406584405,-28.652573430361596,-179.488663,0.264109,179.605057
138.43426684806968,-593.3598401035124,-28.629799752738975,-179.488663,0.264109,179.605057
138.4335272016503,-593.4829565658617,-28.60703737277001,-179.488663,0.264109,179.605057
138.43316053172072,-593.6040586271727,-28.58479430122066,-179.488663,0.264109,179.605057
138.43246300528367,-593.7273021345151,-28.56312513579968,-179.488663,0.264109,179.605057
138.43211989458777,-593.8492211345149,-28.54152374715993,-179.488663,0.264109,179.605057
138.43226321350335,-593.9734079406018,-28.519935913876424,-179.488663,0.264109,179.605057
138.43250178002776,-594.0962820955527,-28.498350791664166,-179.488663,0.264109,179.605057
138.4327560031278,-594.2171461767396,-28.47676621166616,-179.488663,0.264109,179.605057
138.43259907525888,-594.3401559540189,-28.455181740111005,-179.488663,0.264109,179.605057
138.43154081572584,-594.4618453981287,-28.434114339133306,-179.488663,0.264109,179.605057
138.43072800732892,-594.5858067479552,-28.413620005604432,-179.488663,0.264109,179.605057
138.42997584910086,-594.7084594730607,-28.393710365565322,-179.488663,0.264109,179.605057
138.42965718493468,-594.8291060789093,-28.374904757557502,-179.488663,0.264109,179.605057
138.4294297516935,-594.9519022647345,-28.35622594706705,-179.488663,0.264109,179.605057
138.42963446591008,-595.0733819319122,-28.337572496080067,-179.488663,0.264109,179.605057
138.42992269812711,-595.1971372512049,-28.31892411699378,-179.488663,0.264109,179.605057
138.4302235346416,-595.3195876252686,-28.300793801176525,-179.488663,0.264109,179.605057
138.4305226134518,-595.4400354938552,-28.282720093568628,-179.488663,0.264109,179.605057
138.43081708715587,-595.56263649166,-28.265174756491493,-179.488663,0.264109,179.605057
138.4306957851016,-595.6839244566728,-28.247737013520513,-179.488663,0.264109,179.605057
138.43008238641372,-595.8032248307361,-28.230886762704095,-179.488663,0.264109,179.605057
138.4293792922916,-595.9204309701784,-28.214249939207477,-179.488663,0.264109,179.605057
138.42907892531014,-596.039817997602,-28.19831578339704,-179.488663,0.264109,179.605057
138.42886337564278,-596.1622099204541,-28.18322914779051,-179.488663,0.264109,179.605057
138.4286678550335,-596.2834621372671,-28.168595962891423,-179.488663,0.264109,179.605057
138.42847912097338,-596.4070286035662,-28.154901077022718,-179.488663,0.264109,179.605057
138.4278837617742,-596.5293005300198,-28.142288819848975,-179.488663,0.264109,179.605057
138.42557287821137,-596.6538412366613,-28.12984793285867,-179.488663,0.264109,179.605057
138.41966464456422,-596.7770644537349,-28.11791321323839,-179.488663,0.264109,179.605057
138.41394230244543,-596.9025383315853,-28.107021664869887,-179.488663,0.264109,179.605057
138.41080430083136,-597.0266778242174,-28.096810644085078,-179.488663,0.264109,179.605057
138.41151313000782,-597.1487849003549,-28.08777167548367,-179.488663,0.264109,179.605057
138.4166807997719,-597.2730155258885,-28.079533019541167,-179.488663,0.264109,179.605057
138.4230774085724,-597.3959040257382,-28.072584381686,-179.488663,0.264109,179.605057
138.42675238674394,-597.5167763528975,-28.066036609670522,-179.488663,0.264109,179.605057
138.42736499465565,-597.6397930390882,-28.06022892193409,-179.488663,0.264109,179.605057
138.42735641586955,-597.7614890264371,-28.055182157720136,-179.488663,0.264109,179.605057
138.42681305508663,-597.8811900866419,-28.051417533766234,-179.488663,0.264109,179.605057
138.42617046570217,-598.0030564130062,-28.048569248975454,-179.488663,0.264109,179.605057
138.42387450297971,-598.1236225826274,-28.047128196461745,-179.488663,0.264109,179.605057
138.42004851928175,-598.2464806687099,-28.046722510403445,-179.488663,0.264109,179.605057
138.41597094537903,-598.3680498230824,-28.046807773191784,-179.488663,0.264109,179.605057
138.41107793448643,-598.4876322075843,-28.047228096860565,-179.488663,0.264109,179.605057
138.40814653679521,-598.6093831775323,-28.047858294927654,-179.488663,0.264109,179.605057
138.40811315273365,-598.7298362952192,-28.04961341898552,-179.488663,0.264109,179.605057
138.41153629063803,-598.8525833981136,-28.052159430463757,-179.488663,0.264109,179.605057
138.4156020483076,-598.9740435614748,-28.055476526092736,-179.488663,0.264109,179.605057
138.41357672804332,-599.0977855701616,-28.05956074521853,-179.488663,0.264109,179.605057
138.4140579967472,-599.2244907282345,-28.063377197932578,-179.488663,0.264109,179.605057
138.41380173853423,-599.3542531539363,-28.068176044030942,-179.488663,0.264109,179.605057
138.41216961949914,-599.4827815231097,-28.073643262139502,-179.488663,0.264109,179.605057
138.41110687399257,-599.6092351219489,-28.079763052427882,-179.488663,0.264109,179.605057
138.4109944511278,-599.7377419822046,-28.084981499374447,-179.488663,0.264109,179.605057
138.41148435836104,-599.8690985082866,-28.09091464654154,-179.488663,0.264109,179.605057
138.41290909737765,-599.9991567858297,-28.09779133819718,-179.488663,0.264109,179.605057
138.41450053979605,-600.1313723626064,-28.10471800097275,-179.488663,0.264109,179.605057
138.41528135571377,-600.2621389999158,-28.11203257797231,-179.488663,0.264109,179.605057
138.41547827472715,-600.3907560571566,-28.119238640038887,-179.488663,0.264109,179.605057
138.4155556137337,-600.5213806446808,-28.12670694578554,-179.488663,0.264109,179.605057
138.41560793680634,-600.65054896635,-28.134464642490425,-179.488663,0.264109,179.605057
138.41729717920853,-600.7775889742736,-28.142517159609177,-179.488663,0.264109,179.605057
138.4197022251402,-600.9066631948908,-28.15034853414404,-179.488663,0.264109,179.605057
138.421393115569,-601.0343085357981,-28.157808569051014,-179.488663,0.264109,179.605057
138.4225064600111,-601.1598527003594,-28.165290264921296,-179.488663,0.264109,179.605057
138.42307779435714,-601.2874577793109,-28.172308168539796,-179.488663,0.264109,179.605057
138.4239432677066,-601.413660213351,-28.17871818481905,-179.488663,0.264109,179.605057
138.42485525990244,-601.537787239347,-28.18491453474157,-179.488663,0.264109,179.605057
138.4257635853119,-601.6640004882534,-28.190412009170515,-179.488663,0.264109,179.605057
138.4266582589582,-601.7888359488683,-28.195066561834086,-179.488663,0.264109,179.605057
138.42753747800455,-601.9158870808295,-28.19927242347791,-179.488663,0.264109,179.605057
138.42799043501552,-602.0415743976278,-28.20202772914001,-179.488663,0.264109,179.605057
138.42876236423083,-602.16946806511,-28.20355479027243,-179.488663,0.264109,179.605057
138.42835510933816,-602.2959840705693,-28.20479118916558,-179.488663,0.264109,179.605057
138.42812847636014,-602.4204252048797,-28.205407393388654,-179.488663,0.264109,179.605057
138.428762524323,-602.5469482021613,-28.204867452011044,-179.488663,0.264109,179.605057
138.42914902423627,-602.6720881338535,-28.20301717040219,-179.488663,0.264109,179.605057
138.4298911843187,-602.7994383511771,-28.200248749635975,-179.488663,0.264109,179.605057
138.4306939212693,-602.9254194225362,-28.196076576593843,-179.488663,0.264109,179.605057
138.43149735689025,-603.0493349339097,-28.19087357309653,-179.488663,0.264109,179.605057
138.431468172272,-603.1753416460132,-28.18363322128595,-179.488663,0.264109,179.605057
138.43127287867605,-603.2999745028017,-28.17509430647939,-179.488663,0.264109,179.605057
138.4318684741268,-603.4268266990085,-28.16375982129586,-179.488663,0.264109,179.605057
138.43261377669603,-603.552318642975,-28.150740142036927,-179.488663,0.264109,179.605057
138.4333784208302,-603.680020428846,-28.136116366185142,-179.488663,0.264109,179.605057
138.43454672500522,-603.8063479799209,-28.120421371014785,-179.488663,0.264109,179.605057
138.4357791453068,-603.9306040255327,-28.103292043091823,-179.488663,0.264109,179.605057
138.43700686107832,-604.0569452396252,-28.083669021951675,-179.488663,0.264109,179.605057
138.4378055084306,-604.1819066345913,-28.062280168834757,-179.488663,0.264109,179.605057
138.43850698355897,-604.3048148370036,-28.03917708265582,-179.488663,0.264109,179.605057
138.43917904770737,-604.4298310398042,-28.014370083197807,-179.488663,0.264109,179.605057
138.4398356714141,-604.5534908344648,-27.98838112775065,-179.488663,0.264109,179.605057
138.44047986838424,-604.675120630418,-27.962672829994553,-179.488663,0.264109,179.605057
138.4407017514279,-604.7988812473093,-27.93697365933222,-179.488663,0.264109,179.605057
138.4408360160163,-604.9213078773926,-27.911276314088642,-179.488663,0.264109,179.605057
138.44012951403954,-605.0459931980417,-27.885579333928817,-179.488663,0.264109,179.605057
138.44008624011116,-605.169356954466,-27.859882426785738,-179.488663,0.264109,179.605057
138.4401762272439,-605.294968557954,-27.834185534246014,-179.488663,0.264109,179.605057
138.44029158677188,-605.4192432547163,-27.809005302404735,-179.488663,0.264109,179.605057
138.44041038011005,-605.5414831077794,-27.784398482703146,-179.488663,0.264109,179.605057
138.44011750403834,-605.6658441364148,-27.759859340985052,-179.488663,0.264109,179.605057
138.43974645943325,-605.7888607099795,-27.735333734863655,-179.488663,0.264109,179.605057
138.43936505820028,-605.9098588234838,-27.711327884750485,-179.488663,0.264109,179.605057
138.4385763433482,-606.0415323829174,-27.688413079172296,-179.488663,0.264109,179.605057
138.43771738305017,-606.1734683409137,-27.665622473612213,-179.488663,0.264109,179.605057
138.43685658998717,-606.3035803561088,-27.64337375694464,-179.488663,0.264109,179.605057
138.43723967276142,-606.4357437674165,-27.621703462500015,-179.488663,0.264109,179.605057
138.43704474908145,-606.5664378005414,-27.6011355547222,-179.488663,0.264109,179.605057
138.4367369963585,-606.6992458651142,-27.580694150944417,-179.488663,0.264109,179.605057
138.4364110547546,-606.8305879101695,-27.560795096855525,-179.488663,0.264109,179.605057
138.43567544432176,-606.9597687755692,-27.54095750825997,-179.488663,0.264109,179.605057
138.4344576954715,-607.0909468327297,-27.52113221276308,-179.488663,0.264109,179.605057
138.43275017136585,-607.2206586847631,-27.501309375885924,-179.488663,0.264109,179.605057
138.4309689769964,-607.3482325049864,-27.482004079621607,-179.488663,0.264109,179.605057
138.43001971444968,-607.4778310022934,-27.46172118925763,-179.488663,0.264109,179.605057
138.42842900555704,-607.605991256389,-27.440303082295948,-179.488663,0.264109,179.605057
138.42755396414395,-607.7363078048949,-27.41823485645917,-179.488663,0.264109,179.605057
138.42806650126016,-607.8652022213709,-27.39608361129181,-179.488663,0.264109,179.605057
138.42802793133217,-607.9919790464065,-27.374432811147226,-179.488663,0.264109,179.605057
138.42829035521206,-608.1207959716426,-27.35541994889609,-179.488663,0.264109,179.605057
138.42819857893616,-608.248188853982,-27.336699687556973,-179.488663,0.264109,179.605057
138.42680526789164,-608.3777517845266,-27.31803794640026,-179.488663,0.264109,179.605057
138.42640346587274,-608.5059060519222,-27.29887086039114,-179.488663,0.264109,179.605057
138.4266163468432,-608.6319559482184,-27.27964970985598,-179.488663,0.264109,179.605057
138.4281811367711,-608.7600589273252,-27.260934795304507,-179.488663,0.264109,179.605057
138.4295833870337,-608.8867506139579,-27.242791172394213,-179.488663,0.264109,179.605057
138.4297011862484,-609.0156248714414,-27.22471480336771,-179.488663,0.264109,179.605057
138.42627508655357,-609.1431027647666,-27.206651885117964,-179.488663,0.264109,179.605057
138.4197231560503,-609.2727550329994,-27.18859165702357,-179.488663,0.264109,179.605057
138.41346057573026,-609.4009982328432,-27.170531966960247,-179.488663,0.264109,179.605057
138.40981071103363,-609.5271357157226,-27.152472384503138,-179.488663,0.264109,179.605057
138.4091992986485,-609.6553247665637,-27.13544692134505,-179.488663,0.264109,179.605057
138.40920427236847,-609.7821009978297,-27.11867720649121,-179.488663,0.264109,179.605057
138.41508534146098,-609.9110582921138,-27.101584525742666,-179.488663,0.264109,179.605057
138.42041354331207,-610.0386177397049,-27.084523180704068,-179.488663,0.264109,179.605057
138.4235020595107,-610.1640834391472,-27.067517027251906,-179.488663,0.264109,179.605057
138.4248649352374,-610.2873459879013,-27.05160493433925,-179.488663,0.264109,179.605057
138.4262739664149,-610.412681505824,-27.03553753797894,-179.488663,0.264109,179.605057
138.4247975224614,-610.5366490679925,-27.01962901870688,-179.488663,0.264109,179.605057
138.42194364846236,-610.6585799447925,-27.00337815929691,-179.488663,0.264109,179.605057
138.4188548768844,-610.7826360231599,-26.98767180963714,-179.488663,0.264109,179.605057
138.41740572165313,-610.9053527887262,-26.972170290816297,-179.488663,0.264109,179.605057
138.4175370998989,-611.026056386622,-26.95736972038546,-179.488663,0.264109,179.605057
138.4179827163495,-611.1489073442581,-26.943416326299296,-179.488663,0.264109,179.605057
138.4184848427849,-611.2704405602225,-26.929916314148727,-179.488663,0.264109,179.605057
138.41899112986346,-611.3899817554478,-26.9163208806075,-179.488663,0.264109,179.605057
138.41661638187665,-611.5116910717486,-26.9035073583437,-179.488663,0.264109,179.605057
138.41739520107038,-611.6363697019883,-26.89113416500205,-179.488663,0.264109,179.605057
138.42084876827167,-611.7598689878301,-26.87917998855594,-179.488663,0.264109,179.605057
138.42396683434097,-611.8856426371716,-26.867640566600052,-179.488663,0.264109,179.605057
138.4249183432442,-612.0100823784223,-26.85651504665332,-179.488663,0.264109,179.605057
138.4233696748098,-612.1324855284016,-26.846319915997306,-179.488663,0.264109,179.605057
138.41970032974785,-612.2570071819935,-26.83668878319944,-179.488663,0.264109,179.605057
138.41853370226792,-612.380181561679,-26.828112387750974,-179.488663,0.264109,179.605057
138.41993754367303,-612.50560133985,-26.820218833105727,-179.488663,0.264109,179.605057
138.42430129088845,-612.629686449762,-26.8129807443989,-179.488663,0.264109,179.605057
138.42919495708335,-612.7517398600143,-26.806392646657535,-179.488663,0.264109,179.605057
138.4312485638216,-612.875917726278,-26.799936395998152,-179.488663,0.264109,179.605057
138.4318836184838,-612.9987543985346,-26.793978408088496,-179.488663,0.264109,179.605057
138.43222593084226,-613.1195758215403,-26.788544961617674,-179.488663,0.264109,179.605057
138.43373682629752,-613.2425425122349,-26.78364131232351,-179.488663,0.264109,179.605057
138.43545995008125,-613.3641893968664,-26.779268511353564,-179.488663,0.264109,179.605057
138.43391567954794,-613.4838422312595,-26.774910111159578,-179.488663,0.264109,179.605057
138.4309185597766,-613.6056611930712,-26.771966217787444,-179.488663,0.264109,179.605057
138.4280841625277,-613.726180844021,-26.769213101335243,-179.488663,0.264109,179.605057
138.42532262121088,-613.8447265755403,-26.766970033600355,-179.488663,0.264109,179.605057
138.42466825966807,-613.9654582061031,-26.764737206720046,-179.488663,0.264109,179.605057
138.42444464055535,-614.0849099443956,-26.76236729912176,-179.488663,0.264109,179.605057
138.424721016956,-614.2024068350671,-26.760770970935436,-179.488663,0.264109,179.605057
138.42509346177275,-614.3221083559915,-26.75961330529817,-179.488663,0.264109,179.605057
138.42589048994645,-614.4405483813357,-26.75784022550405,-179.488663,0.264109,179.605057
138.42552909927971,-614.5655849605366,-26.755663956211894,-179.488663,0.264109,179.605057
138.42535183128996,-614.6901625524936,-26.754020026797907,-179.488663,0.264109,179.605057
138.42603524231365,-614.8128765768049,-26.752578494248443,-179.488663,0.264109,179.605057
138.42688106951658,-614.9377392881305,-26.751320374405218,-179.488663,0.264109,179.605057
138.42815801707962,-615.061255911631,-26.749724821547684,-179.488663,0.264109,179.605057
138.42827102768263,-615.1870133033657,-26.74764066208729,-179.488663,0.264109,179.605057
138.42814964363174,-615.3114302991758,-26.74494365241743,-179.488663,0.264109,179.605057
138.42839377366766,-615.4380763963051,-26.74254903270568,-179.488663,0.264109,179.605057
138.42870753444936,-615.5633671247613,-26.74012280209666,-179.488663,0.264109,179.605057
138.42903075900463,-615.6866048669003,-26.73764516486375,-179.488663,0.264109,179.605057
138.4293512793432,-615.8119459638876,-26.734078064083832,-179.488663,0.264109,179.605057
138.42925603366024,-615.9359251029099,-26.729636928372294,-179.488663,0.264109,179.605057
138.42907898937827,-616.0621352581396,-26.724223830118873,-179.488663,0.264109,179.605057
138.42888810333957,-616.1869966277363,-26.718242223801525,-179.488663,0.264109,179.605057
138.4291078304399,-616.3140791007279,-26.712242844760276,-179.488663,0.264109,179.605057
138.42899588849372,-616.4397983992269,-26.705348746729804,-179.488663,0.264109,179.605057
138.42881920480147,-616.5634570550266,-26.697384931568152,-179.488663,0.264109,179.605057
138.42945341892806,-616.6892115480706,-26.688222035202493,-179.488663,0.264109,179.605057
138.43024079268417,-616.8135967002179,-26.6782572603738,-179.488663,0.264109,179.605057
138.43104760016166,-616.9359389509108,-26.66752304318584,-179.488663,0.264109,179.605057
138.43143615312152,-617.0603993093031,-26.65550882197047,-179.488663,0.264109,179.605057
138.432146195758,-617.1835131863603,-26.64258252883851,-179.488663,0.264109,179.605057
138.43249977127894,-617.308873480899,-26.628770745767675,-179.488663,0.264109,179.605057
138.43277702474717,-617.4329001569673,-26.614078789153506,-179.488663,0.264109,179.605057
138.4330350706444,-617.5591628410596,-26.598507722275116,-179.488663,0.264109,179.605057
138.43369627170802,-617.6840769908052,-26.581540708899436,-179.488663,0.264109,179.605057
138.43442870005646,-617.806944876885,-26.56457852400208,-179.488663,0.264109,179.605057
138.43557562376978,-617.9319227225186,-26.546397180355942,-179.488663,0.264109,179.605057
138.4367891347522,-618.0555450973695,-26.527315933848936,-179.488663,0.264109,179.605057
138.43758803769884,-618.1814048598437,-26.50786868010309,-179.488663,0.264109,179.605057
138.43829265686313,-618.3059220943319,-26.487692153798363,-179.488663,0.264109,179.605057
138.43855773135394,-618.4283999114434,-26.466243657426308,-179.488663,0.264109,179.605057
138.4391417936284,-618.552994605014,-26.4442163581519,-179.488663,0.264109,179.605057
138.43896001346278,-618.6762406604568,-26.42207329829701,-179.488663,0.264109,179.605057
138.43862765012707,-618.7974641554855,-26.39990708632604,-179.488663,0.264109,179.605057
138.4390912304359,-618.9208257376132,-26.377736243931842,-179.488663,0.264109,179.605057
138.43970740633145,-619.042860461326,-26.355564475453004,-179.488663,0.264109,179.605057
138.44034533795386,-619.1628942083963,-26.33339252175724,-179.488663,0.264109,179.605057
138.4409785479163,-619.2850872801798,-26.311220531018083,-179.488663,0.264109,179.605057
138.441601807894,-619.4059743598851,-26.289048532870254,-179.488663,0.264109,179.605057
138.44221421373283,-619.5291476249299,-26.26687653324069,-179.488663,0.264109,179.605057
138.44240507230526,-619.6510263294954,-26.245221582203666,-179.488663,0.264109,179.605057
138.44209824032475,-619.7709127359445,-26.223623036440706,-179.488663,0.264109,179.605057
138.4421069007329,-619.8929622983231,-26.20151872284367,-179.488663,0.264109,179.605057
138.44217853644858,-620.0137086758893,-26.179877309013154,-179.488663,0.264109,179.605057
138.44226174840665,-620.1367438013455,-26.158281470691495,-179.488663,0.264109,179.605057
138.44275675882093,-620.2584868434842,-26.13669474747161,-179.488663,0.264109,179.605057
138.44291642211164,-620.3825066790267,-26.115626896160965,-179.488663,0.264109,179.605057
138.4425960785442,-620.505218035589,-26.0951324725655,-179.488663,0.264109,179.605057
138.44218428960252,-620.625922468173,-26.074705765624184,-179.488663,0.264109,179.605057
138.44217073480652,-620.7487754973647,-26.0542926020137,-179.488663,0.264109,179.605057
138.4418263529523,-620.8703110027961,-26.033365489291604,-179.488663,0.264109,179.605057
138.44183137022836,-620.9941211651759,-26.012899213413853,-179.488663,0.264109,179.605057
138.44231686264033,-621.1166254033027,-25.993512233793854,-179.488663,0.264109,179.605057
138.44289154529852,-621.237126174081,-25.974247104536524,-179.488663,0.264109,179.605057
138.4430652260748,-621.3597791293164,-25.955523394240615,-179.488663,0.264109,179.605057
138.4431562363481,-621.4811181238576,-25.936343914403654,-179.488663,0.264109,179.605057
138.44322941815247,-621.604735282782,-25.91712028510293,-179.488663,0.264109,179.605057
138.44329799345516,-621.7270499638784,-25.89788782590945,-179.488663,0.264109,179.605057
138.44336467216434,-621.8473645628336,-25.87917064962631,-179.488663,0.264109,179.605057
138.44343002323538,-621.9698346710644,-25.86154362325857,-179.488663,0.264109,179.605057
138.44349417934137,-622.0909940840553,-25.844089542429465,-179.488663,0.264109,179.605057
138.44314651734527,-622.2144348685691,-25.827236024041426,-179.488663,0.264109,179.605057
138.44231076958823,-622.3365763251188,-25.810598547030484,-179.488663,0.264109,179.605057
138.44179995753603,-622.4567207931382,-25.793630162739408,-179.488663,0.264109,179.605057
138.44136139750728,-622.5790238087951,-25.777208574770082,-179.488663,0.264109,179.605057
138.44094352518144,-622.7000191133125,-25.760992274953992,-179.488663,0.264109,179.605057
138.4409464001359,-622.82329872016,-25.744959966101888,-179.488663,0.264109,179.605057
138.44062271699153,-622.9452818775093,-25.7296244376648,-179.488663,0.264109,179.605057
138.440238325721,-623.0652708733879,-25.714101154199604,-179.488663,0.264109,179.605057
138.43902592638995,-623.1874211934754,-25.699764355284344,-179.488663,0.264109,179.605057
138.43848650179288,-623.3082665294079,-25.685384746612403,-179.488663,0.264109,179.605057
138.43808934395906,-623.4271321792871,-25.671280522655792,-179.488663,0.264109,179.605057
138.4377262879449,-623.5481780249354,-25.65798536675336,-179.488663,0.264109,179.605057
138.43737521575798,-623.6679383688214,-25.645135971128425,-179.488663,0.264109,179.605057
138.43744220002978,-623.7857383541309,-25.632706678670107,-179.488663,0.264109,179.605057
138.43718117626153,-623.9057375568228,-25.62069235795622,-179.488663,0.264109,179.605057
138.4368582632233,-624.0244699476642,-25.609091982702335,-179.488663,0.264109,179.605057
138.436527564872,-624.1412603376879,-25.597905347651555,-179.488663,0.264109,179.605057
138.43578934605688,-624.2602679753344,-25.58713241175251,-179.488663,0.264109,179.605057
138.43539078892772,-624.3822931761034,-25.57780687346159,-179.488663,0.264109,179.605057
138.43342316583716,-624.5031864199748,-25.56867869024785,-179.488663,0.264109,179.605057
138.42870393574935,-624.6264005685539,-25.56057892027177,-179.488663,0.264109,179.605057
138.42514594664556,-624.7483265190724,-25.553156726276555,-179.488663,0.264109,179.605057
138.42392414158363,-624.8725274386826,-25.54690599414418,-179.488663,0.264109,179.605057
138.42606339455762,-624.9954169390322,-25.54145545660659,-179.488663,0.264109,179.605057
138.42637865642982,-625.1205630604136,-25.53574376687685,-179.488663,0.264109,179.605057
138.42796730302393,-625.2486473167196,-25.530498744486458,-179.488663,0.264109,179.605057
138.42978803247752,-625.3754975572541,-25.525771944452824,-179.488663,0.264109,179.605057
138.43080795035078,-625.5045635689911,-25.52209072666832,-179.488663,0.264109,179.605057
138.429599867076,-625.6322371294683,-25.519607567555862,-179.488663,0.264109,179.605057
138.42632069853374,-625.7578163979447,-25.517412873511148,-179.488663,0.264109,179.605057
138.4239059500017,-625.8854574584248,-25.515841774702206,-179.488663,0.264109,179.605057
138.42169842856194,-626.0116955377786,-25.514914292718196,-179.488663,0.264109,179.605057
138.4212064150678,-626.1358576348898,-25.51411738298806,-179.488663,0.264109,179.605057
138.41860050068797,-626.2621053412824,-25.51433552993092,-179.488663,0.264109,179.605057
138.41355375691333,-626.386974646596,-25.51471153265283,-179.488663,0.264109,179.605057
138.40850128983786,-626.5140590193515,-25.516108048752766,-179.488663,0.264109,179.605057
138.40639597985617,-626.6397789834052,-25.517663511972753,-179.488663,0.264109,179.605057
138.4090184879241,-626.7634380484518,-25.51972265795008,-179.488663,0.264109,179.605057
138.41501503948723,-626.8891928936608,-25.52179077158999,-179.488663,0.264109,179.605057
138.4224224487938,-627.0135783815483,-25.52372154987353,-179.488663,0.264109,179.605057
138.42836401316117,-627.1359209599216,-25.52642585664135,-179.488663,0.264109,179.605057
138.4314621285141,-627.2603816397217,-25.529051766883804,-179.488663,0.264109,179.605057
138.43435815864586,-627.3834958323611,-25.53142889559896,-179.488663,0.264109,179.605057
138.43593880597146,-627.5045897701619,-25.53394620578644,-179.488663,0.264109,179.605057
138.43394856308498,-627.6278240987688,-25.537151534490597,-179.488663,0.264109,179.605057
138.42962800338827,-627.7497338395297,-25.540684404675876,-179.488663,0.264109,179.605057
138.42490282828962,-627.8739115019641,-25.544519725379597,-179.488663,0.264109,179.605057
138.423451043712,-627.9967766664231,-25.548135429520343,-179.488663,0.264109,179.605057
138.4243172515081,-628.1176319156145,-25.550863050348493,-179.488663,0.264109,179.605057
138.426868516157,-628.2406330182085,-25.55294493006968,-179.488663,0.264109,179.605057
138.42972050752363,-628.3623139424683,-25.554805572680582,-179.488663,0.264109,179.605057
138.43135830480108,-628.4862669245829,-25.55544877675832,-179.488663,0.264109,179.605057
138.4306766368105,-628.6089114314116,-25.55458168424053,-179.488663,0.264109,179.605057
138.4303621039333,-628.7338166324195,-25.553508105736974,-179.488663,0.264109,179.605057
138.43053613810193,-628.8573975427377,-25.551408483369595,-179.488663,0.264109,179.605057
138.43244985497154,-628.9789559997489,-25.54915222111834,-179.488663,0.264109,179.605057
138.43591629107476,-629.102647801377,-25.54639654200142,-179.488663,0.264109,179.605057
138.43882263726678,-629.2250070996384,-25.54311985951137,-179.488663,0.264109,179.605057
138.44116496410848,-629.3453596760959,-25.53880119856892,-179.488663,0.264109,179.605057
138.44212739620951,-629.4678658937717,-25.532771955269318,-179.488663,0.264109,179.605057
138.44280016143918,-629.5890605290399,-25.52527447994273,-179.488663,0.264109,179.605057
138.44381609174465,-629.7125358574582,-25.51673327821075,-179.488663,0.264109,179.605057
138.4457093173898,-629.8347112309469,-25.50770329564213,-179.488663,0.264109,179.605057
138.4477510762271,-629.9591556748044,-25.497825476906186,-179.488663,0.264109,179.605057
138.44897039224378,-630.0822840562009,-25.48552386871455,-179.488663,0.264109,179.605057
138.45000787831296,-630.2033980659031,-25.47189341374289,-179.488663,0.264109,179.605057
138.4505835763686,-630.3266533575729,-25.456495038304112,-179.488663,0.264109,179.605057
138.45188006244913,-630.448583941488,-25.440228020994137,-179.488663,0.264109,179.605057
138.45330226722152,-630.5727821266587,-25.42275516864325,-179.488663,0.264109,179.605057
138.4543187221533,-630.6956674578914,-25.404056047061964,-179.488663,0.264109,179.605057
138.45482890420234,-630.8208091825146,-25.383609520523482,-179.488663,0.264109,179.605057
138.4552305757524,-630.944622392399,-25.361781406326898,-179.488663,0.264109,179.605057
138.45560483254062,-631.0664090003506,-25.338597863487582,-179.488663,0.264109,179.605057
138.45555761694655,-631.1903248783804,-25.31486042603083,-179.488663,0.264109,179.605057
138.45583744505342,-631.3129042512716,-25.290965205206145,-179.488663,0.264109,179.605057
138.4561787021229,-631.4377396387205,-25.267038427707874,-179.488663,0.264109,179.605057
138.45652739155108,-631.5612507924596,-25.242588289985996,-179.488663,0.264109,179.605057
138.4568726083124,-631.6827404963813,-25.218080484663844,-179.488663,0.264109,179.605057
138.45721222079092,-631.8063647234392,-25.193561145821636,-179.488663,0.264109,179.605057
138.4575458823687,-631.9286576438951,-25.169556549164305,-179.488663,0.264109,179.605057
138.45787360835723,-632.0532116926064,-25.14715904316617,-179.488663,0.264109,179.605057
138.4581954862361,-632.1764465316094,-25.124941941966544,-179.488663,0.264109,179.605057
138.4585116166743,-632.2976648554047,-25.10276092172662,-179.488663,0.264109,179.605057
138.458822101547,-632.4210225488869,-25.080070068789748,-179.488663,0.264109,179.605057
138.4587163748551,-632.5430536957768,-25.05680720486904,-179.488663,0.264109,179.605057
138.45811824285212,-632.667350645926,-25.035028089862674,-179.488663,0.264109,179.605057
138.45743013655317,-632.7903329778804,-25.013921760194734,-179.488663,0.264109,179.605057
138.45632315512907,-632.9113033041414,-24.993936689816703,-179.488663,0.264109,179.605057
138.45514814241574,-633.034417429068,-24.973564849074428,-179.488663,0.264109,179.605057
138.45356556806985,-633.1562093572842,-24.953162658703754,-179.488663,0.264109,179.605057
138.4523346557881,-633.2760046942905,-24.933271447296285,-179.488663,0.264109,179.605057
138.45201291556054,-633.3979636238173,-24.913952476125903,-179.488663,0.264109,179.605057
138.45187758560485,-633.5186207448505,-24.894183899669603,-179.488663,0.264109,179.605057
138.45137079572956,-633.6373014917971,-24.873855357711676,-179.488663,0.264109,179.605057
138.45079692154857,-633.7581657266363,-24.85397887598676,-179.488663,0.264109,179.605057
138.44898579227257,-633.8777477010475,-24.83569694853066,-179.488663,0.264109,179.605057
138.44489963692726,-634.0039058352927,-24.818627016372773,-179.488663,0.264109,179.605057
138.43959347946637,-634.1338516191508,-24.802365456607863,-179.488663,0.264109,179.605057
138.436173898044,-634.2627068151166,-24.78697255798821,-179.488663,0.264109,179.605057
138.43687626587624,-634.3895112862725,-24.77203733826428,-179.488663,0.264109,179.605057
138.44209258988354,-634.5183688377656,-24.757524605430607,-179.488663,0.264109,179.605057
138.44936951740667,-634.6458043645937,-24.74394397886387,-179.488663,0.264109,179.605057
138.45079151599708,-634.7754097367739,-24.731444742439415,-179.488663,0.264109,179.605057
138.44979030482097,-634.9036058016202,-24.71859997071008,-179.488663,0.264109,179.605057
138.4495506911394,-635.0339634387441,-24.70662767414199,-179.488663,0.264109,179.605057
138.44946680479578,-635.16289941504,-24.69520779260615,-179.488663,0.264109,179.605057
138.44982592363664,-635.2897173030631,-24.68432328296565,-179.488663,0.264109,179.605057
138.44657253604643,-635.418574607913,-24.67500483437088,-179.488663,0.264109,179.605057
138.44264291757128,-635.5460071589036,-24.66651849576304,-179.488663,0.264109,179.605057
138.44315127415967,-635.6756090517306,-24.65881148581925,-179.488663,0.264109,179.605057
138.44536310691151,-635.8038015860047,-24.651356199386043,-179.488663,0.264109,179.605057
138.44541839994136,-635.9341557325251,-24.644517159877182,-179.488663,0.264109,179.605057
138.44504159863706,-636.0630882758554,-24.638837316419853,-179.488663,0.264109,179.605057
138.44458373741784,-636.1899027912649,-24.63395521439505,-179.488663,0.264109,179.605057
138.44452684268626,-636.3230234502042,-24.629845567323425,-179.488663,0.264109,179.605057
138.44578295042174,-636.4555120662558,-24.626503317909098,-179.488663,0.264109,179.605057
138.44769623845173,-636.5902566578569,-24.6239274546929,-179.488663,0.264109,179.605057
138.44889064022198,-636.7235360770431,-24.622117775382996,-179.488663,0.264109,179.605057
138.44869227769288,-636.854626932229,-24.621074239521015,-179.488663,0.264109,179.605057
138.4478075167932,-636.9876823380079,-24.620796839015284,-179.488663,0.264109,179.605057
138.4459767261522,-637.1192383103563,-24.621285572247473,-179.488663,0.264109,179.605057
138.44398276747427,-637.2486233777454,-24.622023390005022,-179.488663,0.264109,179.605057
138.44239520037905,-637.3800007876284,-24.623893975778753,-179.488663,0.264109,179.605057
138.44255415699905,-637.5099081872921,-24.626557017377944,-179.488663,0.264109,179.605057
138.44306015764573,-637.6376740130055,-24.62999145680889,-179.488663,0.264109,179.605057
138.44444970397745,-637.7674610766298,-24.633676033583974,-179.488663,0.264109,179.605057
138.44599619700946,-637.8958065273758,-24.6379765400501,-179.488663,0.264109,179.605057
138.44714141814725,-638.0263049646912,-24.64188542356555,-179.488663,0.264109,179.605057
138.44777943065006,-638.1553780215453,-24.646140906935305,-179.488663,0.264109,179.605057
138.44748559413694,-638.2823302966096,-24.65131331916481,-179.488663,0.264109,179.605057
138.44700956682883,-638.411319538515,-24.65653037938849,-179.488663,0.264109,179.605057
138.44691453819453,-638.5388816601261,-24.662134289211,-179.488663,0.264109,179.605057
138.44730772748002,-638.6643441408376,-24.668146520064393,-179.488663,0.264109,179.605057
138.44779296832408,-638.7918690047545,-24.674054317346183,-179.488663,0.264109,179.605057
138.44828971827673,-638.9179926583591,-24.67919107680254,-179.488663,0.264109,179.605057
138.4483710384962,-639.0463089779389,-24.683799513138258,-179.488663,0.264109,179.605057
138.4483681162148,-639.1732388875018,-24.688821253738734,-179.488663,0.264109,179.605057
138.44793772032793,-639.2980862896811,-24.693927575192163,-179.488663,0.264109,179.605057
138.44783861757256,-639.4250082495525,-24.698582688371737,-179.488663,0.264109,179.605057
138.44780718290488,-639.5505400086442,-24.70263243100765,-179.488663,0.264109,179.605057
138.44820039559227,-639.6782750536728,-24.705951961757055,-179.488663,0.264109,179.605057
138.44867294539242,-639.8046340796928,-24.708939352351383,-179.488663,0.264109,179.605057
138.44956530857354,-639.9289207957635,-24.71162721269247,-179.488663,0.264109,179.605057
138.45011827637674,-640.0552920832156,-24.712987966982908,-179.488663,0.264109,179.605057
138.45059550067336,-640.1802830044112,-24.714790286729887,-179.488663,0.264109,179.605057
138.45064012241198,-640.3032202036986,-24.71583675956817,-179.488663,0.264109,179.605057
138.45059758901874,-640.4282648851035,-24.715934907469162,-179.488663,0.264109,179.605057
138.45094889618514,-640.5562193163519,-24.71443556816047,-179.488663,0.264109,179.605057
138.45096330842824,-640.6829359012133,-24.7126186869654,-179.488663,0.264109,179.605057
138.45091013671254,-640.8076027253684,-24.71017623517083,-179.488663,0.264109,179.605057
138.45125487109172,-640.9343532247718,-24.706576562589696,-179.488663,0.264109,179.605057
138.45085295046758,-641.0597177854557,-24.701149285851244,-179.488663,0.264109,179.605057
138.4503074150472,-641.1872888624216,-24.694136363836886,-179.488663,0.264109,179.605057
138.4497409153936,-641.313486898438,-24.68596222387846,-179.488663,0.264109,179.605057
138.44999961311058,-641.4418821764191,-24.677181795886774,-179.488663,0.264109,179.605057
138.4504196710453,-641.5688908366172,-24.66743602139955,-179.488663,0.264109,179.605057
138.45004469353293,-641.6938158278695,-24.656183044279885,-179.488663,0.264109,179.605057
138.44828404194465,-641.8208140410123,-24.643267488855948,-179.488663,0.264109,179.605057
138.445449962586,-641.9464207017243,-24.629081319993382,-179.488663,0.264109,179.605057
138.44203083791308,-642.0699626461087,-24.61313887733198,-179.488663,0.264109,179.605057
138.43854333172817,-642.1956012729075,-24.596330122133033,-179.488663,0.264109,179.605057
138.43468108266217,-642.3198723757192,-24.57779894887102,-179.488663,0.264109,179.605057
138.43079881478442,-642.4421025624935,-24.55789118532973,-179.488663,0.264109,179.605057
138.42737842428753,-642.5664528478483,-24.536628992621473,-179.488663,0.264109,179.605057
138.4240990548205,-642.6894586155277,-24.51349975407982,-179.488663,0.264109,179.605057
138.4200731961474,-642.8147127309759,-24.488870990815936,-179.488663,0.264109,179.605057
138.4159552962898,-642.9386351241138,-24.464374464829824,-179.488663,0.264109,179.605057
138.41187755388216,-643.0605287209762,-24.439857381854825,-179.488663,0.264109,179.605057
138.40868717085652,-643.1845496274279,-24.415853236370936,-179.488663,0.264109,179.605057
138.40571963404366,-643.307232142906,-24.39190467394082,-179.488663,0.264109,179.605057
138.40283887144136,-643.4279021621912,-24.36796722812147,-179.488663,0.264109,179.605057
138.40001643452706,-643.550720153075,-24.343514956735376,-179.488663,0.264109,179.605057
138.39888847074207,-643.6807543268523,-24.321074920235933,-179.488663,0.264109,179.605057
138.39770477706784,-643.814649028959,-24.299366361824934,-179.488663,0.264109,179.605057
138.39734810550357,-643.947411556524,-24.278274143476068,-179.488663,0.264109,179.605057
138.39839391102356,-644.0780594710109,-24.258291895361847,-179.488663,0.264109,179.605057
138.39929467161525,-644.210693025876,-24.238437667961225,-179.488663,0.264109,179.605057
138.39768961240392,-644.3418373649254,-24.218091995814437,-179.488663,0.264109,179.605057
138.3956062167408,-644.4750853635452,-24.197695039162856,-179.488663,0.264109,179.605057
138.39345678430342,-644.6068590114319,-24.179356021165873,-179.488663,0.264109,179.605057
138.39214604755028,-644.7364636750688,-24.160723524233145,-179.488663,0.264109,179.605057
138.39143235819006,-644.868057942195,-24.14207933595771,-179.488663,0.264109,179.605057
138.3908482285571,-644.9981785671091,-24.123432809413735,-179.488663,0.264109,179.605057
138.38988765182435,-645.1261538591373,-24.103234668549383,-179.488663,0.264109,179.605057
138.38886544720742,-645.256146658213,-24.081316462598735,-179.488663,0.264109,179.605057
138.38866678836817,-645.3846941722223,-24.05816112363083,-179.488663,0.264109,179.605057
138.38945699738798,-645.511124397908,-24.036403513615028,-179.488663,0.264109,179.605057
138.3892017414513,-645.6395997138304,-24.015818142722978,-179.488663,0.264109,179.605057
138.38997302283,-645.766656843307,-23.996924392989012,-179.488663,0.264109,179.605057
138.39134930900326,-645.8958899674308,-23.979262051931105,-179.488663,0.264109,179.605057
138.39159502228765,-646.0237203082742,-23.960766810386193,-179.488663,0.264109,179.605057
138.39120045973866,-646.1494520609473,-23.942150073188323,-179.488663,0.264109,179.605057
138.39150478691255,-646.2772425777262,-23.92299198797097,-179.488663,0.264109,179.605057
138.39358723048903,-646.4036273821986,-23.903772637594166,-179.488663,0.264109,179.605057
138.3959956803707,-646.5279335714351,-23.88454103418547,-179.488663,0.264109,179.605057
138.39925818911507,-646.6543227940441,-23.86582402905929,-179.488663,0.264109,179.605057
138.40141133172986,-646.7793310877172,-23.847679988034052,-179.488663,0.264109,179.605057
138.40002664531266,-646.9065519665376,-23.829086486495672,-179.488663,0.264109,179.605057
138.39507764196256,-647.0324059987774,-23.810450097299107,-179.488663,0.264109,179.605057
138.39236260549575,-647.1561967376872,-23.79232217945979,-179.488663,0.264109,179.605057
138.39341830959088,-647.277814238533,-23.774766000336374,-179.488663,0.264109,179.605057
138.3980895917846,-647.4015340873096,-23.757843137845022,-179.488663,0.264109,179.605057
138.40218555358467,-647.5239148344898,-23.740625818680083,-179.488663,0.264109,179.605057
138.40282108651593,-647.6442872351686,-23.72344553706932,-179.488663,0.264109,179.605057
138.3986470505384,-647.7625460035151,-23.705804538524944,-179.488663,0.264109,179.605057
138.40096602040188,-647.8829668095788,-23.688073316593844,-179.488663,0.264109,179.605057
138.40660572163998,-648.0021073717219,-23.670796014429847,-179.488663,0.264109,179.605057
138.4107742489576,-648.123564108197,-23.654128465108162,-179.488663,0.264109,179.605057
138.4076043668804,-648.2437566948421,-23.638195844132714,-179.488663,0.264109,179.605057
138.40219055235823,-648.3619870458444,-23.6220830977154,-179.488663,0.264109,179.605057
138.39640494782023,-648.4824101180595,-23.606124263987493,-179.488663,0.264109,179.605057
138.3976121583214,-648.6015590508234,-23.590339146130802,-179.488663,0.264109,179.605057
138.4018434292811,-648.7187585930977,-23.575248753670575,-179.488663,0.264109,179.605057
138.40415355647878,-648.8381680860061,-23.560487244067417,-179.488663,0.264109,179.605057
138.4027612664484,-648.9563213006979,-23.547062159924565,-179.488663,0.264109,179.605057
138.3998269610973,-649.0768095251374,-23.534235276429328,-179.488663,0.264109,179.605057
138.39662598502477,-649.1960511412233,-23.521952921952504,-179.488663,0.264109,179.605057
138.3950598664677,-649.3133475548763,-23.509687704390473,-179.488663,0.264109,179.605057
138.39630699309987,-649.4328533790485,-23.498837540878068,-179.488663,0.264109,179.605057
138.39809903185775,-649.5511014469364,-23.48869531262003,-179.488663,0.264109,179.605057
138.3999745662674,-649.6674162132687,-23.479730618079536,-179.488663,0.264109,179.605057
138.40142945887348,-649.7859567315019,-23.47156733250477,-179.488663,0.264109,179.605057
138.40113686464628,-649.9032564905226,-23.463660186500928,-179.488663,0.264109,179.605057
138.39926693439253,-650.0229065011282,-23.45637017063349,-179.488663,0.264109,179.605057
138.39875079816375,-650.141324873011,-23.449722478571115,-179.488663,0.264109,179.605057
138.40056609467743,-650.2620794114157,-23.44423919793642,-179.488663,0.264109,179.605057
138.4015898601892,-650.385850451912,-23.439037652920593,-179.488663,0.264109,179.605057
138.4020300926133,-650.508464493584,-23.434458357250758,-179.488663,0.264109,179.605057
138.40193669066986,-650.629103291343,-23.430522409227905,-179.488663,0.264109,179.605057
138.40173789023606,-650.7518979551955,-23.42723402851222,-179.488663,0.264109,179.605057
138.4015208374882,-650.8733773792699,-23.424077010146863,-179.488663,0.264109,179.605057
138.40171388791654,-650.9928660480239,-23.42193520647379,-179.488663,0.264109,179.605057
138.40239688004075,-651.1145238379805,-23.42046833907251,-179.488663,0.264109,179.605057
138.40357881350502,-651.2348852080538,-23.419655356703366,-179.488663,0.264109,179.605057
138.40402239218358,-651.357542154665,-23.418975000229537,-179.488663,0.264109,179.605057
138.40431199123046,-651.4789137622319,-23.418793062268104,-179.488663,0.264109,179.605057
138.404566675609,-651.5983021280156,-23.418619039120262,-179.488663,0.264109,179.605057
138.40481075487605,-651.7155958775738,-23.418824518935136,-179.488663,0.264109,179.605057
138.40504924177122,-651.8350691927822,-23.419436850453668,-179.488663,0.264109,179.605057
138.40569388504505,-651.9532792450818,-23.421495210090704,-179.488663,0.264109,179.605057
138.40599992466807,-652.0695554351672,-23.42426769979589,-179.488663,0.264109,179.605057
138.40582322433073,-652.1880578136619,-23.426668206625816,-179.488663,0.264109,179.605057
138.40596315573944,-652.3095867293441,-23.428902192436244,-179.488663,0.264109,179.605057
138.40657509002844,-652.4299925412187,-23.43138682070944,-179.488663,0.264109,179.605057
138.40686205516138,-652.5527279607851,-23.434158519697416,-179.488663,0.264109,179.605057
138.40707994518127,-652.6741837314783,-23.436707526161676,-179.488663,0.264109,179.605057
138.4072809212982,-652.7936562014357,-23.438884883010086,-179.488663,0.264109,179.605057
138.40788632297424,-652.9152995138955,-23.440049741046433,-179.488663,0.264109,179.605057
138.40815333293827,-653.0399136233009,-23.440967014875927,-179.488663,0.264109,179.605057
138.40875953375152,-653.1676162692061,-23.441695678530714,-179.488663,0.264109,179.605057
138.40942495121192,-653.2941204070028,-23.44173047792834,-179.488663,0.264109,179.605057
138.41009274828676,-653.418585673218,-23.44144040669675,-179.488663,0.264109,179.605057
138.40993019039274,-653.5451396591086,-23.44033521022821,-179.488663,0.264109,179.605057
138.4104252067728,-653.6703115100237,-23.438269833156724,-179.488663,0.264109,179.605057
138.4110446977747,-653.7934267120639,-23.435638304409093,-179.488663,0.264109,179.605057
138.41209093982894,-653.9186462792337,-23.432989474215123,-179.488663,0.264109,179.605057
138.41279698554,-654.0425058189185,-23.42996306817633,-179.488663,0.264109,179.605057
138.4134249504434,-654.1643317952085,-23.42601698696857,-179.488663,0.264109,179.605057
138.41361770146224,-654.288285089379,-23.421512855171464,-179.488663,0.264109,179.605057
138.4137206683563,-654.4109009558307,-23.415959335478707,-179.488663,0.264109,179.605057
138.4138042140074,-654.5357721333046,-23.409210800429047,-179.488663,0.264109,179.605057
138.4134720205384,-654.6593184273478,-23.401144151196892,-179.488663,0.264109,179.605057
138.41306140377472,-654.7808426418563,-23.392157808017124,-179.488663,0.264109,179.605057
138.41387294223495,-654.9045007627404,-23.382284450492286,-179.488663,0.264109,179.605057
138.41491736985967,-655.0268269716248,-23.371013565653985,-179.488663,0.264109,179.605057
138.4159935212355,-655.1514137142497,-23.3581960464641,-179.488663,0.264109,179.605057
138.41706071209754,-655.274680663283,-23.343708062626124,-179.488663,0.264109,179.605057
138.41811093303122,-655.4001971903228,-23.327430839191862,-179.488663,0.264109,179.605057
138.41914282350373,-655.5243785090239,-23.309763661171676,-179.488663,0.264109,179.605057
138.4201563721084,-655.6465266517469,-23.290739381123196,-179.488663,0.264109,179.605057
138.42074117075936,-655.7707976079109,-23.270364569557945,-179.488663,0.264109,179.605057
138.42164256894986,-655.8937257176088,-23.248123491689338,-179.488663,0.264109,179.605057
138.42300513382958,-656.0189036137867,-23.223866387226728,-179.488663,0.264109,179.605057
138.4244405533466,-656.142751159404,-23.198457455223096,-179.488663,0.264109,179.605057
138.42587012893577,-656.2645712475936,-23.17333481548904,-179.488663,0.264109,179.605057
138.42727820399762,-656.3885199585991,-23.14873951420889,-179.488663,0.264109,179.605057
138.42825128633092,-656.5111315680555,-23.124202676175084,-179.488663,0.264109,179.605057
138.42912353072532,-656.6317319476454,-23.100194579679435,-179.488663,0.264109,179.605057
138.42955253561166,-656.7544815425301,-23.075728178158084,-179.488663,0.264109,179.605057
138.42988679119355,-656.8759152084576,-23.050700071187148,-179.488663,0.264109,179.605057
138.43019734305742,-656.9996252986784,-23.026123676459626,-179.488663,0.264109,179.605057
138.4309094041067,-657.1220312413635,-23.001590619736344,-179.488663,0.264109,179.605057
138.4316916399026,-657.2424354700232,-22.9775832795028,-179.488663,0.264109,179.605057
138.43247678551649,-657.3649936068481,-22.953634078122754,-179.488663,0.264109,179.605057
138.43325134657857,-657.4862394762489,-22.929696504513412,-179.488663,0.264109,179.605057
138.43401277475076,-657.6054985064667,-22.905761256458213,-179.488663,0.264109,179.605057
138.43393941381098,-657.7269307070849,-22.882343522402728,-179.488663,0.264109,179.605057
138.43452147173767,-657.847070506041,-22.85898228670274,-179.488663,0.264109,179.605057
138.43522633528056,-657.9652431697461,-22.835632350673855,-179.488663,0.264109,179.605057
138.43635640188734,-658.0856083951841,-22.812801723468077,-179.488663,0.264109,179.605057
138.43714477038185,-658.2047002719844,-22.790545002471365,-179.488663,0.264109,179.605057
138.437853586902,-658.3261103945873,-22.767839009383135,-179.488663,0.264109,179.605057
138.4385364120812,-658.446257444607,-22.74509016632104,-179.488663,0.264109,179.605057
138.43920432770076,-658.5644431220654,-22.72336685104196,-179.488663,0.264109,179.605057
138.43944909549737,-658.6848223287099,-22.702271681319473,-179.488663,0.264109,179.605057
138.4396057525874,-658.8039281813636,-22.68177179404164,-179.488663,0.264109,179.605057
138.43974255952415,-658.9210854133149,-22.661861043252742,-179.488663,0.264109,179.605057
138.4398734507316,-659.0404533516047,-22.642021115317185,-179.488663,0.264109,179.605057
138.43876929722936,-659.1585657538175,-22.62167830306341,-179.488663,0.264109,179.605057
138.438255171635,-659.27901389465,-22.602833065057094,-179.488663,0.264109,179.605057
138.43827703029731,-659.3982161429815,-22.583629279678057,-179.488663,0.264109,179.605057
138.43840577493222,-659.5197405586141,-22.564917838157804,-179.488663,0.264109,179.605057
138.43855406572683,-659.6400010604624,-22.546257860964865,-179.488663,0.264109,179.605057
138.43870415672873,-659.7582984079721,-22.52760817663739,-179.488663,0.264109,179.605057
138.43803113981122,-659.8787873401161,-22.509994648660783,-179.488663,0.264109,179.605057
138.43679240643928,-659.9980009688187,-22.493060316398793,-179.488663,0.264109,179.605057
138.4362794806511,-660.1152640541137,-22.47687480105751,-179.488663,0.264109,179.605057
138.43591901132422,-660.2347359557364,-22.461028986878144,-179.488663,0.264109,179.605057
138.43518349329779,-660.3529504646904,-22.446005104042268,-179.488663,0.264109,179.605057
138.4339727595656,-660.4734988887609,-22.43091250525287,-179.488663,0.264109,179.605057
138.43268420201642,-660.5927996293792,-22.416090109939436,-179.488663,0.264109,179.605057
138.43221973918904,-660.7101541116626,-22.402075746432306,-179.488663,0.264109,179.605057
138.43192670099955,-660.8297169674202,-22.38902359373088,-179.488663,0.264109,179.605057
138.43167211539188,-660.9480210483681,-22.377058852079482,-179.488663,0.264109,179.605057
138.43142884107365,-661.0643908274253,-22.365783485971424,-179.488663,0.264109,179.605057
138.43078062224805,-661.1829853759133,-22.354647843860924,-179.488663,0.264109,179.605057
138.42923930029986,-661.3003382002645,-22.34349538210549,-179.488663,0.264109,179.605057
138.4283626120837,-661.4200403285087,-22.33323413419885,-179.488663,0.264109,179.605057
138.4280419857353,-661.538509887263,-22.324046097950855,-179.488663,0.264109,179.605057
138.42824779844625,-661.6550480317283,-22.31554459736792,-179.488663,0.264109,179.605057
138.4281453051883,-661.7738091286144,-22.30769930169578,-179.488663,0.264109,179.605057
138.42510794175183,-661.8913257692734,-22.30102119367246,-179.488663,0.264109,179.605057
138.4215268023374,-662.0069221709089,-22.29514242540113,-179.488663,0.264109,179.605057
138.41870917282128,-662.124757153694,-22.289519382857975,-179.488663,0.264109,179.605057
138.41361854046016,-662.245630644065,-22.285030436571567,-179.488663,0.264109,179.605057
138.40650126319028,-662.3653927463124,-22.281334211758733,-179.488663,0.264109,179.605057
138.4023687693265,-662.4874959543698,-22.278409437907275,-179.488663,0.264109,179.605057
138.40710889427888,-662.6083308046302,-22.27676890980365,-179.488663,0.264109,179.605057
138.41232235010628,-662.7271934432385,-22.276045141960704,-179.488663,0.264109,179.605057
138.41426921407023,-662.8482378153229,-22.275694592836558,-179.488663,0.264109,179.605057
138.40896262648513,-662.9722636808108,-22.27607859856729,-179.488663,0.264109,179.605057
138.41214037561366,-663.0951219215589,-22.276705373046763,-179.488663,0.264109,179.605057
138.41696979743065,-663.220265986824,-22.277946603498215,-179.488663,0.264109,179.605057
138.42206086867503,-663.3440873902865,-22.28034667181073,-179.488663,0.264109,179.605057
138.42343408568053,-663.4658832458726,-22.283544409917674,-179.488663,0.264109,179.605057
138.42199086830752,-663.5898084508262,-22.287514588650176,-179.488663,0.264109,179.605057
138.4220582231503,-663.7123970338496,-22.291735113285565,-179.488663,0.264109,179.605057
138.42407117894516,-663.8372414770838,-22.296054560434865,-179.488663,0.264109,179.605057
138.425210848448,-663.9607615269454,-22.30086568542028,-179.488663,0.264109,179.605057
138.42492765205952,-664.086526635201,-22.306200034861806,-179.488663,0.264109,179.605057
138.4235425768414,-664.2109520958181,-22.312580966972334,-179.488663,0.264109,179.605057
138.4215461580383,-664.3333400203564,-22.319643108949997,-179.488663,0.264109,179.605057
138.42109853069667,-664.4578464760856,-22.327360390678862,-179.488663,0.264109,179.605057
138.42137769456954,-664.5810058795714,-22.335210549246856,-179.488663,0.264109,179.605057
138.4230302463547,-664.7021442722036,-22.343042518738233,-179.488663,0.264109,179.605057
138.425346417208,-664.8254222721919,-22.350731721525396,-179.488663,0.264109,179.605057
138.42693925966725,-664.9473749065404,-22.358676317638384,-179.488663,0.264109,179.605057
138.4271327826883,-665.0673280302948,-22.36690893463876,-179.488663,0.264109,179.605057
138.42581168949425,-665.1894419186148,-22.375436098038836,-179.488663,0.264109,179.605057
138.42461712860484,-665.3102512289917,-22.383742064052186,-179.488663,0.264109,179.605057
138.42387553015348,-665.433348113588,-22.392193728365967,-179.488663,0.264109,179.605057
138.42405640470102,-665.5551518017807,-22.399783367895388,-179.488663,0.264109,179.605057
138.42606364585478,-665.6792311982381,-22.406732478023493,-179.488663,0.264109,179.605057
138.42840761290003,-665.8020010515991,-22.413461393382452,-179.488663,0.264109,179.605057
138.4307855887034,-665.9227629362039,-22.42000717645424,-179.488663,0.264109,179.605057
138.43108143504696,-666.0456723913653,-22.42586019084638,-179.488663,0.264109,179.605057
138.4309566479061,-666.1672633150537,-22.43035445594703,-179.488663,0.264109,179.605057
138.43157084215215,-666.2911279059772,-22.433216153411607,-179.488663,0.264109,179.605057
138.4335578752463,-666.41368560061,-22.43575329290452,-179.488663,0.264109,179.605057
138.43537877163942,-666.5342388732167,-22.43818011635866,-179.488663,0.264109,179.605057
138.43590854349915,-666.6569433926522,-22.439600129938373,-179.488663,0.264109,179.605057
138.4365832225858,-666.7783330305103,-22.43983364376543,-179.488663,0.264109,179.605057
138.43604528768188,-666.9019999283147,-22.438233697641948,-179.488663,0.264109,179.605057
138.4365044806096,-667.024363460006,-22.4360810328617,-179.488663,0.264109,179.605057
138.43715656835982,-667.1489927038019,-22.433067744350094,-179.488663,0.264109,179.605057
138.4382486276043,-667.272302585218,-22.429179255536663,-179.488663,0.264109,179.605057
138.4394131496384,-667.3935948536224,-22.42389560221842,-179.488663,0.264109,179.605057
138.44016493547255,-667.5170252204961,-22.416548738221437,-179.488663,0.264109,179.605057
138.4400021486682,-667.6391277529569,-22.407381089866487,-179.488663,0.264109,179.605057
138.43965876252628,-667.7634948158513,-22.396817177973276,-179.488663,0.264109,179.605057
138.43969480689753,-667.8865460088269,-22.384894902261298,-179.488663,0.264109,179.605057
138.440216891407,-668.0118506330741,-22.37110479378557,-179.488663,0.264109,179.605057
138.4400074254089,-668.1358238333642,-22.356332052090426,-179.488663,0.264109,179.605057
138.4400652950479,-668.2620342411253,-22.339202961529175,-179.488663,0.264109,179.605057
138.4397651421128,-668.3868970979148,-22.320429516750256,-179.488663,0.264109,179.605057
138.44021898683798,-668.5097146172133,-22.3010938500167,-179.488663,0.264109,179.605057
138.44081717641467,-668.6346429976281,-22.280472654447763,-179.488663,0.264109,179.605057
138.44143572737653,-668.7582167910781,-22.25851524200064,-179.488663,0.264109,179.605057
138.44204955344622,-668.8797621731837,-22.235211475066773,-179.488663,0.264109,179.605057
138.44224303790003,-669.0034398942527,-22.21093294390222,-179.488663,0.264109,179.605057
138.4419390355851,-669.1257851110814,-22.185942411002642,-179.488663,0.264109,179.605057
138.44112919283825,-669.2503904728673,-22.161373531089392,-179.488663,0.264109,179.605057
138.44105103310184,-669.3736756984991,-22.137359026217855,-179.488663,0.264109,179.605057
138.44153098823932,-669.4949435070246,-22.113408391910212,-179.488663,0.264109,179.605057
138.44211574032298,-669.618349801074,-22.08998758060424,-179.488663,0.264109,179.605057
138.44189180198842,-669.7404286804908,-22.066625729454156,-179.488663,0.264109,179.605057
138.44150931047102,-669.8647725106958,-22.042758621446364,-179.488663,0.264109,179.605057
138.44151121486306,-669.9878008854736,-22.01883746651147,-179.488663,0.264109,179.605057
138.44117930468565,-670.10881643228,-21.99490550219116,-179.488663,0.264109,179.605057
138.44160668542796,-670.2319749701599,-21.972005473771542,-179.488663,0.264109,179.605057
138.44217984605035,-670.3538105181601,-21.949734872532062,-179.488663,0.264109,179.605057
138.44236334436434,-670.4736486959462,-21.928577250061945,-179.488663,0.264109,179.605057
138.44246630046283,-670.5956497011609,-21.908064872234586,-179.488663,0.264109,179.605057
138.44214101718708,-670.7163481464538,-21.887117916669116,-179.488663,0.264109,179.605057
138.44173471228748,-670.8393361463183,-21.865613965556022,-179.488663,0.264109,179.605057
138.44090731495504,-670.9610328944323,-21.84456266866674,-179.488663,0.264109,179.605057
138.44082879989807,-671.0807405940008,-21.825105653733324,-179.488663,0.264109,179.605057
138.4409011779548,-671.2026146410219,-21.805826517413312,-179.488663,0.264109,179.605057
138.44100270525743,-671.3231886377538,-21.786582956815973,-179.488663,0.264109,179.605057
138.44069795179874,-671.4460544609186,-21.767346511363172,-179.488663,0.264109,179.605057
138.4403162764592,-671.5676312243295,-21.748628537828168,-179.488663,0.264109,179.605057
138.44033531168168,-671.6914877507099,-21.731001352010054,-179.488663,0.264109,179.605057
138.44043421829335,-671.8183053813092,-21.713030190401987,-179.488663,0.264109,179.605057
138.44054769251107,-671.9439116042281,-21.69499215363593,-179.488663,0.264109,179.605057
138.44066246639446,-672.0717558126627,-21.677453950727163,-179.488663,0.264109,179.605057
138.441186534538,-672.2024960561249,-21.661051732367632,-179.488663,0.264109,179.605057
138.4409636747866,-672.3319560897968,-21.644502595362393,-179.488663,0.264109,179.605057
138.44059459901712,-672.4593188721428,-21.628114012405792,-179.488663,0.264109,179.605057
138.43979086245497,-672.588717489097,-21.611383424703362,-179.488663,0.264109,179.605057
138.43932229132096,-672.7166829370872,-21.59519741382954,-179.488663,0.264109,179.605057
138.43892741739538,-672.8468084649132,-21.58076700276589,-179.488663,0.264109,179.605057
138.4385528988962,-672.9755153345328,-21.567488671664268,-179.488663,0.264109,179.605057
138.4381877779676,-673.10210797481,-21.554395600999502,-179.488663,0.264109,179.605057
138.43782972938416,-673.2350106738901,-21.541811475755438,-179.488663,0.264109,179.605057
138.43788885418286,-673.3672852130107,-21.5297540284844,-179.488663,0.264109,179.605057
138.43761990610534,-673.5018195489163,-21.518226805696862,-179.488663,0.264109,179.605057
138.4372891684919,-673.6348924669571,-21.507230516694907,-179.488663,0.264109,179.605057
138.4369507767951,-673.765780508813,-21.49676530333896,-179.488663,0.264109,179.605057
138.43661566696355,-673.8986367232809,-21.48683119400111,-179.488663,0.264109,179.605057
138.4366966461782,-674.0299970616654,-21.477945243244648,-179.488663,0.264109,179.605057
138.4368596914977,-674.1634566555763,-21.46922376864891,-179.488663,0.264109,179.605057
138.43744749783806,-674.2954380085902,-21.461007082618654,-179.488663,0.264109,179.605057
138.43770122980357,-674.4252466452928,-21.45331624319038,-179.488663,0.264109,179.605057
138.43788453826167,-674.5570412381225,-21.44615546197139,-179.488663,0.264109,179.605057
138.43805115496468,-674.6873586101905,-21.43952558128315,-179.488663,0.264109,179.605057
138.4382120636569,-674.8155271354813,-21.432910111812166,-179.488663,0.264109,179.605057
138.43836954226776,-674.9457097168347,-21.427192102362415,-179.488663,0.264109,179.605057
138.43893476183325,-675.0744436237991,-21.421514847139132,-179.488663,0.264109,179.605057
138.43875215757805,-675.20532358032,-21.415189564983365,-179.488663,0.264109,179.605057
138.438422585597,-675.3347713429262,-21.40897161966332,-179.488663,0.264109,179.605057
138.43806830731674,-675.4620916319034,-21.402918075043758,-179.488663,0.264109,179.605057
138.43771412640106,-675.5914423153783,-21.397040343897622,-179.488663,0.264109,179.605057
138.43777566886467,-675.7193594235879,-21.391340708779506,-179.488663,0.264109,179.605057
138.43791948073354,-675.8451705512053,-21.385302577311435,-179.488663,0.264109,179.605057
138.4380777011591,-675.9730378355559,-21.379292675462267,-179.488663,0.264109,179.605057
138.43864721971661,-676.0994977943203,-21.372820295092435,-179.488663,0.264109,179.605057
138.43888023141434,-676.2238777463316,-21.366257339018464,-179.488663,0.264109,179.605057
138.43863196112935,-676.3503394043415,-21.360148232248115,-179.488663,0.264109,179.605057
138.4387016320696,-676.4754188377483,-21.35464886422738,-179.488663,0.264109,179.605057
138.43883390037934,-676.6027095854038,-21.34885032395656,-179.488663,0.264109,179.605057
138.43897680701366,-676.7286322386091,-21.34308787812462,-179.488663,0.264109,179.605057
138.439119808863,-676.8567570396342,-21.33686452673601,-179.488663,0.264109,179.605057
138.43926079595127,-676.9835000508309,-21.32951681645829,-179.488663,0.264109,179.605057
138.43981004160426,-677.1081641367917,-21.3223221899583,-179.488663,0.264109,179.605057
138.44084379414318,-677.2349061040383,-21.31548913132497,-179.488663,0.264109,179.605057
138.44154907913426,-677.360261095119,-21.308119248487188,-179.488663,0.264109,179.605057
138.44176797322922,-677.4878225310932,-21.300549911919635,-179.488663,0.264109,179.605057
138.44147580931784,-677.6140110489569,-21.29280159127279,-179.488663,0.264109,179.605057
138.44108558902528,-677.7381303020553,-21.285395429365646,-179.488663,0.264109,179.605057
138.44109197392285,-677.864337117268,-21.27693151253977,-179.488663,0.264109,179.605057
138.441177589051,-677.9891665035314,-21.268116951396824,-179.488663,0.264109,179.605057
138.44127783258793,-678.1119450527336,-21.25899915916823,-179.488663,0.264109,179.605057
138.44096890945403,-678.2368339173795,-21.25010466738918,-179.488663,0.264109,179.605057
138.44099321322614,-678.360368647928,-21.24106873792226,-179.488663,0.264109,179.605057
138.44149448339246,-678.4861422799338,-21.23238247647332,-179.488663,0.264109,179.605057
138.44167335099525,-678.6105749116869,-21.223157010850198,-179.488663,0.264109,179.605057
138.44178519419054,-678.7329696348488,-21.213731615503352,-179.488663,0.264109,179.605057
138.4414713751789,-678.8574827180078,-21.20361009198954,-179.488663,0.264109,179.605057
138.44107688692958,-678.9806486204277,-21.193163245064554,-179.488663,0.264109,179.605057
138.44108254199895,-679.1060600605322,-21.18190118234622,-179.488663,0.264109,179.605057
138.44116814530437,-679.2301369788032,-21.170195969802553,-179.488663,0.264109,179.605057
138.44126852078782,-679.3521823432031,-21.15807501618271,-179.488663,0.264109,179.605057
138.44137042314438,-679.476352307202,-21.14502675434763,-179.488663,0.264109,179.605057
138.44147118159768,-679.5991812182991,-21.131418915313947,-179.488663,0.264109,179.605057
138.44157027826114,-679.7242616854137,-21.117278040840546,-179.488663,0.264109,179.605057
138.4416676331919,-679.8480135415327,-21.102092781501423,-179.488663,0.264109,179.605057
138.44176325517265,-679.9697396490548,-21.086230556300265,-179.488663,0.264109,179.605057
138.44185717060637,-680.0935960577724,-21.06971788014892,-179.488663,0.264109,179.605057
138.44112807571116,-680.2161170133609,-21.052043007140874,-179.488663,0.264109,179.605057
138.44024474809976,-680.336628358066,-21.03460733920593,-179.488663,0.264109,179.605057
138.44016447016008,-680.4592905081367,-21.016704418952276,-179.488663,0.264109,179.605057
138.44024594388543,-680.5806382909238,-20.998803977123767,-179.488663,0.264109,179.605057
138.44035860920633,-680.704264031788,-20.98001286653584,-179.488663,0.264109,179.605057
138.44047591049514,-680.8265871315085,-20.960152848862702,-179.488663,0.264109,179.605057
138.4405924706925,-680.9469099966933,-20.93961096088363,-179.488663,0.264109,179.605057
138.44111789159325,-681.0693882231104,-20.919221729954483,-179.488663,0.264109,179.605057
138.44171761198186,-681.1905556092206,-20.899333110435318,-179.488663,0.264109,179.605057
138.44232366291138,-681.309737557778,-20.87949760875371,-179.488663,0.264109,179.605057
138.44251169389145,-681.435360720001,-20.85967273063961,-179.488663,0.264109,179.605057
138.44302411332987,-681.5647521510944,-20.839332928350125,-179.488663,0.264109,179.605057
138.4431834560502,-681.6930570022752,-20.818937145670006,-179.488663,0.264109,179.605057
138.44326991721934,-681.8235864240343,-20.79853016691176,-179.488663,0.264109,179.605057
138.44457257240828,-681.9527043414664,-20.778637997826777,-179.488663,0.264109,179.605057
138.44527860641625,-682.0839702809851,-20.76035293289867,-179.488663,0.264109,179.605057
138.44544460814882,-682.2137989315592,-20.742248275468604,-179.488663,0.264109,179.605057
138.4438575758461,-682.3457603390916,-20.724696748427036,-179.488663,0.264109,179.605057
138.4419425078624,-682.4762715135531,-20.707257767463165,-179.488663,0.264109,179.605057
138.4403997359316,-682.6046364824748,-20.68989022015928,-179.488663,0.264109,179.605057
138.44018536485663,-682.7350132418416,-20.67051768847628,-179.488663,0.264109,179.605057
138.44065038945257,-682.863938112053,-20.64923464880635,-179.488663,0.264109,179.605057
138.44206601283287,-682.9907390062793,-20.628227534205696,-179.488663,0.264109,179.605057
138.44324095599308,-683.1195783814796,-20.607228600174455,-179.488663,0.264109,179.605057
138.44352971947325,-683.2469930706496,-20.58778205781265,-179.488663,0.264109,179.605057
138.44363714015898,-683.3723107025897,-20.57005616267362,-179.488663,0.264109,179.605057
138.44288543119166,-683.4996932945409,-20.55206525920137,-179.488663,0.264109,179.605057
138.44115125393236,-683.6256772149642,-20.53350622517359,-179.488663,0.264109,179.605057
138.439245246869,-683.7538562964359,-20.51487672947914,-179.488663,0.264109,179.605057
138.43856398150086,-683.8806514187362,-20.495716092562475,-179.488663,0.264109,179.605057
138.4397800202459,-684.009633107463,-20.4770132807347,-179.488663,0.264109,179.605057
138.44135822504032,-684.1372177032355,-20.458355029480252,-179.488663,0.264109,179.605057
138.44298641746528,-684.2627083439438,-20.440222739229363,-179.488663,0.264109,179.605057
138.4429587842352,-684.390262104527,-20.42266568562363,-179.488663,0.264109,179.605057
138.44260037888006,-684.516414391157,-20.404191501569148,-179.488663,0.264109,179.605057
138.4425915830872,-684.6404922171419,-20.385578975869365,-179.488663,0.264109,179.605057
138.4422421676358,-684.7623904885838,-20.36745583072941,-179.488663,0.264109,179.605057
138.44182959771695,-684.8863858514788,-20.34938355725697,-179.488663,0.264109,179.605057
138.44141026456563,-685.0090371430589,-20.33132145811804,-179.488663,0.264109,179.605057
138.44140620928377,-685.133941913118,-20.313778442734698,-179.488663,0.264109,179.605057
138.44107460058424,-685.2575209554764,-20.29685821299136,-179.488663,0.264109,179.605057
138.44068219741382,-685.3790772836921,-20.281709224820474,-179.488663,0.264109,179.605057
138.44028321619427,-685.5027669346339,-20.267198396075184,-179.488663,0.264109,179.605057
138.44029926043117,-685.6251241084184,-20.253240088103905,-179.488663,0.264109,179.605057
138.44039808157464,-685.7454745958554,-20.239817173176313,-179.488663,0.264109,179.605057
138.44010138597648,-685.8679787613128,-20.226409567968574,-179.488663,0.264109,179.605057
138.4393191400341,-685.9891713809099,-20.2133829447048,-179.488663,0.264109,179.605057
138.43927224263177,-686.112644729634,-20.201797175607606,-179.488663,0.264109,179.605057
138.4389624152561,-686.2348181587794,-20.191441550677055,-179.488663,0.264109,179.605057
138.43860440831958,-686.3592606930168,-20.181380807913165,-179.488663,0.264109,179.605057
138.43824185712506,-686.4823871988967,-20.171427894915944,-179.488663,0.264109,179.605057
138.43788355336258,-686.6034993665771,-20.16196844120539,-179.488663,0.264109,179.605057
138.43753119496228,-686.7267528491218,-20.153032568241052,-179.488663,0.264109,179.605057
138.43759570362053,-686.8486816562208,-20.14462630031485,-179.488663,0.264109,179.605057
138.437742668234,-686.9728780963076,-20.136750842285167,-179.488663,0.264109,179.605057
138.43708270054182,-687.0957617136218,-20.129406435123677,-179.488663,0.264109,179.605057
138.4362707325957,-687.2166350882685,-20.12259312702471,-179.488663,0.264109,179.605057
138.4354399125873,-687.3396539930534,-20.116827976516028,-179.488663,0.264109,179.605057
138.43502780493995,-687.4613524016646,-20.112261399747627,-179.488663,0.264109,179.605057
138.4347053008513,-687.5853225558964,-20.10901748883839,-179.488663,0.264109,179.605057
138.43481597086594,-687.7079839281698,-20.10618097332321,-179.488663,0.264109,179.605057
138.435833035061,-687.8286390267571,-20.10408584799795,-179.488663,0.264109,179.605057
138.43578491317913,-687.9514435536494,-20.102234858488455,-179.488663,0.264109,179.605057
138.4351137718153,-688.0729314129313,-20.10099859836433,-179.488663,0.264109,179.605057
138.43391690501005,-688.1924281113593,-20.100921230783953,-179.488663,0.264109,179.605057
138.4326319152222,-688.3140937356832,-20.101641543934544,-179.488663,0.264109,179.605057
138.4317582429148,-688.4344627896404,-20.103134299897995,-179.488663,0.264109,179.605057
138.4309792596652,-688.5528606140902,-20.104360353312906,-179.488663,0.264109,179.605057
138.43105162643337,-688.6734469791352,-20.105535306218112,-179.488663,0.264109,179.605057
138.43129323398884,-688.7927560462185,-20.107077959021375,-179.488663,0.264109,179.605057
138.43197592017208,-688.914379480311,-20.10902510291536,-179.488663,0.264109,179.605057
138.4327371127663,-689.0347360322983,-20.1113840961386,-179.488663,0.264109,179.605057
138.4339138474591,-689.1573941369029,-20.113122312561025,-179.488663,0.264109,179.605057
138.4351569547894,-689.2787680812099,-20.11497331584551,-179.488663,0.264109,179.605057
138.43639565689844,-689.4024256529162,-20.116472760946852,-179.488663,0.264109,179.605057
138.43720519419992,-689.524781264638,-20.11799782330045,-179.488663,0.264109,179.605057
138.43709605178714,-689.645136315663,-20.11957693354895,-179.488663,0.264109,179.605057
138.43680472567917,-689.767646204934,-20.120698728931984,-179.488663,0.264109,179.605057
138.4368917728035,-689.8888446989845,-20.121730981341923,-179.488663,0.264109,179.605057
138.43664258990404,-690.0123238687422,-20.123217289601687,-179.488663,0.264109,179.605057
138.43674037160105,-690.1345030254494,-20.124279280142527,-179.488663,0.264109,179.605057
138.43649548887768,-690.2546845204286,-20.125258327139587,-179.488663,0.264109,179.605057
138.43577488938007,-690.3770239018005,-20.125658652094554,-179.488663,0.264109,179.605057
138.43538006172048,-690.4980549225825,-20.12585114375221,-179.488663,0.264109,179.605057
138.43546667042187,-690.6213696078397,-20.12586297541708,-179.488663,0.264109,179.605057
138.43646966796058,-690.7476538838017,-20.125182532861164,-179.488663,0.264109,179.605057
138.43887545619066,-690.8770027015355,-20.124177537683316,-179.488663,0.264109,179.605057
138.4415275869042,-691.0051247999936,-20.122874529758857,-179.488663,0.264109,179.605057
138.44378060025537,-691.1354460403074,-20.121795865951743,-179.488663,0.264109,179.605057
138.44509863616642,-691.2643536513523,-20.12005892430143,-179.488663,0.264109,179.605057
138.4453895978565,-691.391145183853,-20.118004229304702,-179.488663,0.264109,179.605057
138.44547100658056,-691.5199769099605,-20.11565288141647,-179.488663,0.264109,179.605057
138.44509868023178,-691.6473844013512,-20.111458345172156,-179.488663,0.264109,179.605057
138.44505156884318,-691.77696169481,-20.10548699347885,-179.488663,0.264109,179.605057
138.44507017047525,-691.9051300716199,-20.09803416314019,-179.488663,0.264109,179.605057
138.4451016501549,-692.031193825963,-20.08953495707246,-179.488663,0.264109,179.605057
138.44431392439975,-692.1593104157512,-20.078478244747803,-179.488663,0.264109,179.605057
138.44337356076835,-692.286015470018,-20.065971933393982,-179.488663,0.264109,179.605057
138.4432373769556,-692.4149028564087,-20.053130688900993,-179.488663,0.264109,179.605057
138.44367463260969,-692.5423936441733,-20.03975440444684,-179.488663,0.264109,179.605057
138.44422035741005,-692.6720585765646,-20.024909974222677,-179.488663,0.264109,179.605057
138.44395868128694,-692.8003142143981,-20.007893728177844,-179.488663,0.264109,179.605057
138.44436057992849,-692.9264639131377,-19.989458016746653,-179.488663,0.264109,179.605057
138.44488947763114,-693.0546649616764,-19.96965930112708,-179.488663,0.264109,179.605057
138.44379358637872,-693.1814529763735,-19.948508873558723,-179.488663,0.264109,179.605057
138.43581410112193,-693.3018885103155,-19.927043090267272,-179.488663,0.264109,179.605057
138.42451627196573,-693.4193406871792,-19.90504618249787,-179.488663,0.264109,179.605057
138.41230478759985,-693.5345257616675,-19.882956205388435,-179.488663,0.264109,179.605057
138.4000842466364,-693.643352561288,-19.860283561077658,-179.488663,0.264109,179.605057
138.3884463642693,-693.749359947007,-19.837541387771058,-179.488663,0.264109,179.605057
138.3775011968374,-693.8532957893487,-19.815302357554184,-179.488663,0.264109,179.605057
138.36808401477376,-693.9510724577017,-19.79311695151081,-179.488663,0.264109,179.605057
138.35992769637315,-694.0462266897515,-19.770942270302136,-179.488663,0.264109,179.605057
138.35255021834462,-694.1352364632404,-19.74980383183818,-179.488663,0.264109,179.605057
138.34584409918912,-694.2217514282386,-19.729295290812054,-179.488663,0.264109,179.605057
138.3406014055029,-694.3065369964809,-19.709382809273492,-179.488663,0.264109,179.605057
138.33572595966515,-694.3897708461792,-19.689542535188004,-179.488663,0.264109,179.605057
138.3281168586268,-694.4672439151954,-19.669716702593128,-179.488663,0.264109,179.605057
138.3204799115409,-694.5424629888711,-19.649893758296372,-179.488663,0.264109,179.605057
138.31952023182626,-694.6118948144311,-19.630071391659243,-179.488663,0.264109,179.605057
138.32114165436403,-694.6791817155155,-19.610766189442927,-179.488663,0.264109,179.605057
138.3232562371206,-694.7408159957782,-19.592034464555223,-179.488663,0.264109,179.605057
138.32461804452177,-694.8004431754462,-19.57388747957768,-179.488663,0.264109,179.605057
138.32580992892434,-694.8588209039955,-19.556327487026618,-179.488663,0.264109,179.605057
138.3281828774824,-694.9118518146262,-19.53888681296085,-179.488663,0.264109,179.605057
138.33116895693647,-694.9630591442775,-19.521518927036585,-179.488663,0.264109,179.605057
138.33382452721753,-695.0131734757113,-19.504731572073954,-179.488663,0.264109,179.605057
138.3339122275533,-695.0580898036766,-19.489707007748095,-179.488663,0.264109,179.605057
138.33389577327304,-695.1013277209506,-19.475835961549592,-179.488663,0.264109,179.605057
138.333858722086,-695.1393483501516,-19.46266751230989,-179.488663,0.264109,179.605057
138.33628207846783,-695.1757847839008,-19.450158480239725,-179.488663,0.264109,179.605057
138.33916305085043,-695.207119504835,-19.438300229381248,-179.488663,0.264109,179.605057
138.34250523927042,-695.2369882338418,-19.427608081431778,-179.488663,0.264109,179.605057
138.3463045819959,-695.2661389647617,-19.41771505628633,-179.488663,0.264109,179.605057
138.35014132048596,-695.2904648412243,-19.40859476236835,-179.488663,0.264109,179.605057
138.35228652673706,-695.3134797787749,-19.40075897025142,-179.488663,0.264109,179.605057
138.353241583607,-695.33163853832,-19.393839989605812,-179.488663,0.264109,179.605057
138.35517702756968,-695.3485678043506,-19.388328335698912,-179.488663,0.264109,179.605057
138.3572810226368,-695.3650103998947,-19.383852067139756,-179.488663,0.264109,179.605057
138.3593888044394,-695.3768551444272,-19.38090084898348,-179.488663,0.264109,179.605057
138.36105669958124,-695.3876118601682,-19.37961961868556,-179.488663,0.264109,179.605057
138.36179156288222,-695.3937313190829,-19.379614323737087,-179.488663,0.264109,179.605057
138.36150803509253,-695.3988362943277,-19.380853158080726,-179.488663,0.264109,179.605057
138.36143552814661,-695.403665768746,-19.383329760505006,-179.488663,0.264109,179.605057
138.36140625657933,-695.404104790474,-19.38704285876764,-179.488663,0.264109,179.605057
138.3617967150612,-695.4036594777994,-19.391992198420166,-179.488663,0.264109,179.605057
138.36226556636558,-695.40304363158,-19.398177728572893,-179.488663,0.264109,179.605057
138.36356476146037,-695.3981357706868,-19.40611648793677,-179.488663,0.264109,179.605057
138.36542221453854,-695.3924393075472,-19.415441839809546,-179.488663,0.264109,179.605057
138.36613290210295,-695.386666140323,-19.426127461295213,-179.488663,0.264109,179.605057
138.36619346234147,-695.3766930728823,-19.43765103892568,-179.488663,0.264109,179.605057
138.36612313581364,-695.3660218645797,-19.449861105562885,-179.488663,0.264109,179.605057
138.36602763213207,-695.351096129734,-19.463150407779214,-179.488663,0.264109,179.605057
138.36674978462764,-695.3355317666973,-19.47599934377804,-179.488663,0.264109,179.605057
138.3676251977454,-695.3157943711856,-19.490548224311137,-179.488663,0.264109,179.605057
138.36851881266767,-695.295503078804,-19.506144009306645,-179.488663,0.264109,179.605057
138.36858202542754,-695.2711229276513,-19.52275009963908,-179.488663,0.264109,179.605057
138.36847825872897,-695.2462717446717,-19.539842126594454,-179.488663,0.264109,179.605057
138.36875323859846,-695.2216797943737,-19.55778526087442,-179.488663,0.264109,179.605057
138.3695107236234,-695.1932227761273,-19.576605532174856,-179.488663,0.264109,179.605057
138.37035393655904,-695.1643974663285,-19.596308146434943,-179.488663,0.264109,179.605057
138.36997030271513,-695.1316417915142,-19.61534299817585,-179.488663,0.264109,179.605057
138.3693467556411,-695.0985659021829,-19.634810199635144,-179.488663,0.264109,179.605057
138.36991609414602,-695.0616297159299,-19.654272102149225,-179.488663,0.264109,179.605057
138.37112657917473,-695.0244467849416,-19.67404146042982,-179.488663,0.264109,179.605057
138.3724480777211,-694.9834766622469,-19.693872309863714,-179.488663,0.264109,179.605057
138.373772984325,-694.9423317874001,-19.713715457528274,-179.488663,0.264109,179.605057
138.37425839609094,-694.8974704670098,-19.732526967061183,-179.488663,0.264109,179.605057
138.3741583385886,-694.8525038851787,-19.751226157856657,-179.488663,0.264109,179.605057
138.37394261027265,-694.8081557757787,-19.76938583601575,-179.488663,0.264109,179.605057
138.37370681593,-694.7602954228652,-19.787484616092012,-179.488663,0.264109,179.605057
138.37429169523492,-694.7124133018239,-19.80505416766282,-179.488663,0.264109,179.605057
138.37544305765255,-694.6652078173229,-19.822002744643648,-179.488663,0.264109,179.605057
138.37710200842724,-694.6145423603539,-19.837700940039813,-179.488663,0.264109,179.605057
138.37883888290676,-694.5639054842794,-19.852915956896826,-179.488663,0.264109,179.605057
138.38056663991244,-694.5139944932879,-19.867190178046005,-179.488663,0.264109,179.605057
138.38226800087926,-694.4606718578516,-19.880902124498064,-179.488663,0.264109,179.605057
138.38270788550457,-694.407425259897,-19.89356383823292,-179.488663,0.264109,179.605057
138.3841212187247,-694.3506844877207,-19.90503036764656,-179.488663,0.264109,179.605057
138.3857091409246,-694.2940518605711,-19.915695797973733,-179.488663,0.264109,179.605057
138.38813073047143,-694.2339796375685,-19.925591941816943,-179.488663,0.264109,179.605057
138.39068461310296,-694.1740738559002,-19.935242210585585,-179.488663,0.264109,179.605057
138.39322863246514,-694.1150533558381,-19.943764193228205,-179.488663,0.264109,179.605057
138.3953238308981,-694.0527826480981,-19.950981407534506,-179.488663,0.264109,179.605057
138.3964781334341,-693.9907475266659,-19.956764548173542,-179.488663,0.264109,179.605057
138.39783850671026,-693.9296417997779,-19.96202784296802,-179.488663,0.264109,179.605057
138.39963141327004,-693.8653243443589,-19.96592003970469,-179.488663,0.264109,179.605057
138.40189599403774,-693.8012792803773,-19.969304985718694,-179.488663,0.264109,179.605057
138.40340136894275,-693.7381995578156,-19.970804303810386,-179.488663,0.264109,179.605057
138.40432282623212,-693.671943370703,-19.971646460762056,-179.488663,0.264109,179.605057
138.40429306149468,-693.605994200897,-19.97203014548572,-179.488663,0.264109,179.605057
138.4040734756726,-693.5410443783007,-19.97157205576379,-179.488663,0.264109,179.605057
138.4046403819653,-693.4772181559566,-19.969725486708292,-179.488663,0.264109,179.605057
138.40494585734697,-693.410257737714,-19.96736819067497,-179.488663,0.264109,179.605057
138.40560536867437,-693.3436228062401,-19.964158669246086,-179.488663,0.264109,179.605057
138.40673697414093,-693.2737340022564,-19.96007562718253,-179.488663,0.264109,179.605057
138.40876823782426,-693.2041883978719,-19.955114805436484,-179.488663,0.264109,179.605057
138.40889721073407,-693.1314338597807,-19.949792401087276,-179.488663,0.264109,179.605057
138.40823322454116,-693.0590722661566,-19.943741609106322,-179.488663,0.264109,179.605057
138.40700942322022,-692.9878184040907,-19.936419024043467,-179.488663,0.264109,179.605057
138.405691064048,-692.9135328099304,-19.928186009253118,-179.488663,0.264109,179.605057
138.40519387663596,-692.8396973755791,-19.919584881850604,-179.488663,0.264109,179.605057
138.40527866135253,-692.7627354104783,-19.910771109703436,-179.488663,0.264109,179.605057
138.40588930133438,-692.6862427093978,-19.90135274638511,-179.488663,0.264109,179.605057
138.40659642771178,-692.6109317573146,-19.891815064832556,-179.488663,0.264109,179.605057
138.40690212779313,-692.5326615774604,-19.88178543074427,-179.488663,0.264109,179.605057
138.4071231948808,-692.4549127279433,-19.870719628371056,-179.488663,0.264109,179.605057
138.40773485797115,-692.378373905909,-19.85897850345197,-179.488663,0.264109,179.605057
138.40759460772028,-692.303165641507,-19.847103914023705,-179.488663,0.264109,179.605057
138.4081273028048,-692.2250264506139,-19.83525159169361,-179.488663,0.264109,179.605057
138.40919767751512,-692.1474123873597,-19.82302960722759,-179.488663,0.264109,179.605057
138.40994969837698,-692.0667405274219,-19.810406579223276,-179.488663,0.264109,179.605057
138.4106273530613,-691.9866044412663,-19.79841032917797,-179.488663,0.264109,179.605057
138.41086983008796,-691.903448556426,-19.78682338139113,-179.488663,0.264109,179.605057
138.41184315635428,-691.8166047066553,-19.775226205167094,-179.488663,0.264109,179.605057
138.41294880960606,-691.7302583764285,-19.76358189881118,-179.488663,0.264109,179.605057
138.41406520340868,-691.6452395868073,-19.751883081984438,-179.488663,0.264109,179.605057
138.4155785343874,-691.5574287947593,-19.74064532750798,-179.488663,0.264109,179.605057
138.41714972987188,-691.4703084668241,-19.730018754390464,-179.488663,0.264109,179.605057
138.41829948569946,-691.3845652763755,-19.720127395322518,-179.488663,0.264109,179.605057
138.41893793484616,-691.296050305466,-19.71109006573115,-179.488663,0.264109,179.605057
138.4198757091577,-691.2082398580507,-19.703024146479542,-179.488663,0.264109,179.605057
138.42044934460088,-691.1175525083642,-19.696047478184777,-179.488663,0.264109,179.605057
138.42094199389962,-691.0275795538633,-19.689760553414715,-179.488663,0.264109,179.605057
138.42182210606836,-690.9347624270858,-19.683613426238477,-179.488663,0.264109,179.605057
138.42235652699355,-690.8426965316561,-19.67796615191434,-179.488663,0.264109,179.605057
138.4228142090169,-690.7520902641197,-19.672843737049515,-179.488663,0.264109,179.605057
138.4240713673378,-690.6587978779671,-19.668251182965438,-179.488663,0.264109,179.605057
138.42547054133317,-690.5620284264721,-19.665740636593068,-179.488663,0.264109,179.605057
138.42687821909993,-690.465939838552,-19.664212393985263,-179.488663,0.264109,179.605057
138.42785691064833,-690.3670873499307,-19.663070478797035,-179.488663,0.264109,179.605057
138.42750388578435,-690.2648213165629,-19.663182789092723,-179.488663,0.264109,179.605057
138.4273002051026,-690.163327024498,-19.664205855596308,-179.488663,0.264109,179.605057
138.42712929004924,-690.0591638884032,-19.666635037785912,-179.488663,0.264109,179.605057
138.42819935891342,-689.9559484147712,-19.67009936311272,-179.488663,0.264109,179.605057
138.4299130724706,-689.8543904270347,-19.674571641511417,-179.488663,0.264109,179.605057
138.43132047548468,-689.7503416500805,-19.68056348385782,-179.488663,0.264109,179.605057
138.43223593332505,-689.6472745201106,-19.687707167882657,-179.488663,0.264109,179.605057
138.4334506489525,-689.5416028964972,-19.695459104687625,-179.488663,0.264109,179.605057
138.4342972735151,-689.432646592802,-19.704697669826395,-179.488663,0.264109,179.605057
138.4350582389821,-689.3245829538541,-19.715081489520816,-179.488663,0.264109,179.605057
138.43620191667662,-689.218234752943,-19.727106342348588,-179.488663,0.264109,179.605057
138.43740587117836,-689.1094754807187,-19.74040133958081,-179.488663,0.264109,179.605057
138.43860475813304,-689.0017807927702,-19.75545635680503,-179.488663,0.264109,179.605057
138.43978558074167,-688.8915640127943,-19.77189932469432,-179.488663,0.264109,179.605057
138.44094599655952,-688.7824103419504,-19.789702833827732,-179.488663,0.264109,179.605057
138.44208582732756,-688.6707550340292,-19.80834435343219,-179.488663,0.264109,179.605057
138.4432053301592,-688.5601873852943,-19.82818942179753,-179.488663,0.264109,179.605057
138.4443048455855,-688.4471431194007,-19.84978119102615,-179.488663,0.264109,179.605057
138.445384725978,-688.335211270746,-19.87224119820521,-179.488663,0.264109,179.605057
138.4464453210648,-688.2250938251643,-19.89590013297435,-179.488663,0.264109,179.605057
138.44748697507146,-688.1126387083121,-19.920738586594847,-179.488663,0.264109,179.605057
138.44851002622732,-688.0013154188679,-19.944779237318944,-179.488663,0.264109,179.605057
138.44951480675215,-687.8875350927995,-19.968754300797098,-179.488663,0.264109,179.605057
138.45050164293886,-687.774881568488,-19.99271624682606,-179.488663,0.264109,179.605057
138.45147085525443,-687.6640555879849,-20.016158520476296,-179.488663,0.264109,179.605057
138.45283342510947,-687.5509046412994,-20.040013908539677,-179.488663,0.264109,179.605057
138.4538446210345,-687.4388979592859,-20.063951919485685,-179.488663,0.264109,179.605057
138.45477116072033,-687.3287131141288,-20.088376499452664,-179.488663,0.264109,179.605057
138.45566759170504,-687.2161930430296,-20.11238134433495,-179.488663,0.264109,179.605057
138.45654525170883,-687.1048062121977,-20.136349246644738,-179.488663,0.264109,179.605057
138.45781734190751,-686.9909635310133,-20.159275662662253,-179.488663,0.264109,179.605057
138.458739559529,-686.8782487756685,-20.182087790310202,-179.488663,0.264109,179.605057
138.45957868665113,-686.7673626597899,-20.204877060284236,-179.488663,0.264109,179.605057
138.4599785947543,-686.6541526521193,-20.22813180316793,-179.488663,0.264109,179.605057
138.4606956381384,-686.5420879639771,-20.25096259174467,-179.488663,0.264109,179.605057
138.46187657729502,-686.4318461486387,-20.273755593904465,-179.488663,0.264109,179.605057
138.46313350002703,-686.3192701247903,-20.296023989891978,-179.488663,0.264109,179.605057
138.4643877432397,-686.2078283404678,-20.31771742020059,-179.488663,0.264109,179.605057
138.46644672353395,-686.0981983538721,-20.33830876404009,-179.488663,0.264109,179.605057
138.46904803463585,-685.9862232421866,-20.3592437439191,-179.488663,0.264109,179.605057
138.47172081547475,-685.875371640405,-20.380247451006014,-179.488663,0.264109,179.605057
138.47313609960025,-685.7620546300517,-20.40126490353451,-179.488663,0.264109,179.605057
138.47469220034213,-685.6498561576868,-20.421251398484653,-179.488663,0.264109,179.605057
138.4758418887523,-685.5394771045266,-20.44060862636357,-179.488663,0.264109,179.605057
138.4768939435721,-685.4267651039634,-20.460357049717132,-179.488663,0.264109,179.605057
138.4783239535608,-685.3151895290387,-20.47966666327673,-179.488663,0.264109,179.605057
138.47980921666345,-685.2011614251961,-20.498418470433098,-179.488663,0.264109,179.605057
138.4821057399803,-685.0882645486025,-20.517575765197705,-179.488663,0.264109,179.605057
138.4841211870084,-684.9771995619257,-20.53629710859507,-179.488663,0.264109,179.605057
138.4856410879766,-684.8638138774872,-20.55497826616343,-179.488663,0.264109,179.605057
138.48745093003012,-684.7515766498975,-20.5731343376771,-179.488663,0.264109,179.605057
138.48888235365817,-684.6411653764698,-20.591232396424278,-179.488663,0.264109,179.605057
138.49021773557618,-684.5284229208744,-20.609318852618163,-179.488663,0.264109,179.605057
138.4915149170538,-684.4168176771027,-20.627873032745825,-179.488663,0.264109,179.605057
138.49360734297343,-684.3027604836072,-20.646003708771357,-179.488663,0.264109,179.605057
138.49541839216843,-684.189835046919,-20.662545541754245,-179.488663,0.264109,179.605057
138.4967367422077,-684.0787420122473,-20.67867751723971,-179.488663,0.264109,179.605057
138.4979378025486,-683.9653287811386,-20.69397737011458,-179.488663,0.264109,179.605057
138.49950898986944,-683.8530644989183,-20.709347740689555,-179.488663,0.264109,179.605057
138.501131856811,-683.7383599873784,-20.724452108137882,-179.488663,0.264109,179.605057
138.50274197890246,-683.6247987830276,-20.739270172738657,-179.488663,0.264109,179.605057
138.5043266525097,-683.5088146661321,-20.753280825658813,-179.488663,0.264109,179.605057
138.5058836988399,-683.3939955186123,-20.766332840687287,-179.488663,0.264109,179.605057
138.50782374172243,-683.2810423483992,-20.77830235480409,-179.488663,0.264109,179.605057
138.5094021255278,-683.1658021520681,-20.790103937627453,-179.488663,0.264109,179.605057
138.51088572939247,-683.0517435221944,-20.801403845303238,-179.488663,0.264109,179.605057
138.51232927712513,-682.9352767061262,-20.812182297949505,-179.488663,0.264109,179.605057
138.5137442831748,-682.8199846697587,-20.822435339589866,-179.488663,0.264109,179.605057
138.5147227896907,-682.706567298293,-20.831645521251275,-179.488663,0.264109,179.605057
138.51560007976272,-682.5951379068684,-20.840179042027998,-179.488663,0.264109,179.605057
138.51562153842048,-682.4814242183523,-20.848062172850014,-179.488663,0.264109,179.605057
138.5167053033834,-682.3688709317657,-20.8553001679033,-179.488663,0.264109,179.605057
138.51839678272785,-682.2538838167521,-20.86292778469174,-179.488663,0.264109,179.605057
138.5201857483535,-682.1400453083555,-20.869695192493868,-179.488663,0.264109,179.605057
138.52155810150205,-682.0237888911794,-20.875916442943183,-179.488663,0.264109,179.605057
138.52200450313262,-681.9087023168473,-20.881607341921935,-179.488663,0.264109,179.605057
138.52225936563642,-681.795486497919,-20.887805148384352,-179.488663,0.264109,179.605057
138.52247229560368,-681.6799883439406,-20.89377722523239,-179.488663,0.264109,179.605057
138.52267381072633,-681.5656763633643,-20.899471053935333,-179.488663,0.264109,179.605057
138.5236932879983,-681.4489607211922,-20.904359081898143,-179.488663,0.264109,179.605057
138.52445119180115,-681.3248909691674,-20.909322891935147,-179.488663,0.264109,179.605057
138.52555666850054,-681.2011149427564,-20.914021751720327,-179.488663,0.264109,179.605057
138.5263052707773,-681.0791580316215,-20.91791747034403,-179.488663,0.264109,179.605057
138.52779318471494,-680.955032775167,-20.92137245406877,-179.488663,0.264109,179.605057
138.52899713287542,-680.8322391866292,-20.924929228591495,-179.488663,0.264109,179.605057
138.53012716506217,-680.7071916627117,-20.928226254607154,-179.488663,0.264109,179.605057
138.5312263424853,-680.5834718053917,-20.93175527758806,-179.488663,0.264109,179.605057
138.53271438287678,-680.4575103860286,-20.93514460218424,-179.488663,0.264109,179.605057
138.53384836595416,-680.3328921055546,-20.937849844881256,-179.488663,0.264109,179.605057
138.5348954098094,-680.2060481350695,-20.94074922230955,-179.488663,0.264109,179.605057
138.53591017452982,-680.0805630297181,-20.944018377795206,-179.488663,0.264109,179.605057
138.53690405121395,-679.9528677077807,-20.94726940000345,-179.488663,0.264109,179.605057
138.5378796151557,-679.8265464537712,-20.95098876000065,-179.488663,0.264109,179.605057
138.5384269751952,-679.7022965822935,-20.95480370755565,-179.488663,0.264109,179.605057
138.53846846533366,-679.5759614299385,-20.960237843733317,-179.488663,0.264109,179.605057
138.53840819140996,-679.4510059880193,-20.966185755413292,-179.488663,0.264109,179.605057
138.53832842190292,-679.3281036322503,-20.972567373304845,-179.488663,0.264109,179.605057
138.53742455444558,-679.2030931716599,-20.978849634660932,-179.488663,0.264109,179.605057
138.53760250017976,-679.0751723499893,-20.985913020265482,-179.488663,0.264109,179.605057
138.5379942777685,-678.9484887744551,-20.993933235164167,-179.488663,0.264109,179.605057
138.53801080533577,-678.8195877034449,-21.00303978481057,-179.488663,0.264109,179.605057
138.53754138117333,-678.6920763930159,-21.01335254362874,-179.488663,0.264109,179.605057
138.5369814429197,-678.566656528896,-21.024472446503484,-179.488663,0.264109,179.605057
138.53641136541412,-678.43917203655,-21.035849635967324,-179.488663,0.264109,179.605057
138.53667047893822,-678.3130877313384,-21.0478441849712,-179.488663,0.264109,179.605057
138.5375024121648,-678.1890766625614,-21.059964054771974,-179.488663,0.264109,179.605057
138.5400797440593,-678.0629772873829,-21.073097930954354,-179.488663,0.264109,179.605057
138.5429695003005,-677.9382536642597,-21.086906501746387,-179.488663,0.264109,179.605057
138.5454699759889,-677.8113123719655,-21.101368909238126,-179.488663,0.264109,179.605057
138.5462143665792,-677.6857329331053,-21.116998030736475,-179.488663,0.264109,179.605057
138.54536317548366,-677.5579452169512,-21.133426397258365,-179.488663,0.264109,179.605057
138.54379430721323,-677.4315332706348,-21.15114456834052,-179.488663,0.264109,179.605057
138.54292554963433,-677.3071943370778,-21.16978061144584,-179.488663,0.264109,179.605057
138.54261983652376,-677.1807717153501,-21.188790095622462,-179.488663,0.264109,179.605057
138.5440755246711,-677.0557303666085,-21.20801713023556,-179.488663,0.264109,179.605057
138.54627345661632,-676.9284769716461,-21.22785357715818,-179.488663,0.264109,179.605057
138.5465334667335,-676.8025909935011,-21.248847853209373,-179.488663,0.264109,179.605057
138.5464021945634,-676.674502210409,-21.270333463975167,-179.488663,0.264109,179.605057
138.5461945329178,-676.5477945734646,-21.29191734168388,-179.488663,0.264109,179.605057
138.54638699123166,-676.4231652299196,-21.31352087278118,-179.488663,0.264109,179.605057
138.54665673635245,-676.2964573846072,-21.335128334556195,-179.488663,0.264109,179.605057
138.5481701024596,-676.1711359060747,-21.355702484688972,-179.488663,0.264109,179.605057
138.5499106693349,-676.0436073841483,-21.3761639813822,-179.488663,0.264109,179.605057
138.5520825883017,-675.9174511925218,-21.39707299183195,-179.488663,0.264109,179.605057
138.55389922150584,-675.7890970216804,-21.418071505033016,-179.488663,0.264109,179.605057
138.5552082943297,-675.662128736537,-21.43857086989545,-179.488663,0.264109,179.605057
138.55557590381957,-675.5372433996998,-21.45850075175683,-179.488663,0.264109,179.605057
138.55616065908544,-675.4102841328698,-21.477846657017995,-179.488663,0.264109,179.605057
138.55678052698715,-675.2847157229473,-21.49712277140356,-179.488663,0.264109,179.605057
138.55739860151704,-675.1612113462364,-21.516384927614006,-179.488663,0.264109,179.605057
138.55841819364588,-675.0356096161921,-21.535644292189428,-179.488663,0.264109,179.605057
138.55950358842867,-674.9113747511973,-21.555373142882292,-179.488663,0.264109,179.605057
138.56017604034977,-674.7891801550702,-21.574678841909755,-179.488663,0.264109,179.605057
138.56034567327129,-674.6648648247503,-21.59342986615969,-179.488663,0.264109,179.605057
138.5604123298357,-674.5418933878453,-21.612116959898568,-179.488663,0.264109,179.605057
138.56086810979093,-674.4166729900593,-21.630274218646342,-179.488663,0.264109,179.605057
138.5613952322205,-674.292783712421,-21.64785546595145,-179.488663,0.264109,179.605057
138.56192912629263,-674.1666559729833,-21.66532343096803,-179.488663,0.264109,179.605057
138.56327811486642,-674.0418743579244,-21.682206606193567,-179.488663,0.264109,179.605057
138.56477093672532,-673.9191366395997,-21.698880734572008,-179.488663,0.264109,179.605057
138.56627129399698,-673.7942866370604,-21.714856911358805,-179.488663,0.264109,179.605057
138.56734115327,-673.6707898221587,-21.73102444893839,-179.488663,0.264109,179.605057
138.56789903050034,-673.5493200439298,-21.747561209787637,-179.488663,0.264109,179.605057
138.56834657706818,-673.425716576548,-21.763562677513043,-179.488663,0.264109,179.605057
138.5687656923968,-673.3034442873161,-21.77936499772479,-179.488663,0.264109,179.605057
138.5691731607262,-673.1831772173834,-21.794471346211584,-179.488663,0.264109,179.605057
138.5699831712173,-673.0607549896384,-21.808735353686718,-179.488663,0.264109,179.605057
138.57086216999153,-672.9396428464589,-21.82151707962619,-179.488663,0.264109,179.605057
138.57297446510648,-672.8162485373399,-21.833581264814086,-179.488663,0.264109,179.605057
138.5757158224035,-672.6941527363183,-21.846537639629442,-179.488663,0.264109,179.605057
138.57813155949987,-672.5740531105306,-21.85929837237029,-179.488663,0.264109,179.605057
138.57880514873958,-672.4517941366898,-21.872303923362903,-179.488663,0.264109,179.605057
138.57871006180545,-672.3308420875331,-21.884655291339204,-179.488663,0.264109,179.605057
138.57928392531738,-672.2076049635679,-21.896689724934465,-179.488663,0.264109,179.605057
138.5803940839708,-672.0771301970707,-21.908427669431294,-179.488663,0.264109,179.605057
138.58118504606279,-671.942796876524,-21.919873213886213,-179.488663,0.264109,179.605057
138.5814902529372,-671.8096023635039,-21.930510127221645,-179.488663,0.264109,179.605057
138.58087085693694,-671.6785299339523,-21.940705207666507,-179.488663,0.264109,179.605057
138.5813091273271,-671.5454793956478,-21.94893405486659,-179.488663,0.264109,179.605057
138.58277403114982,-671.4139255099154,-21.95578451763994,-179.488663,0.264109,179.605057
138.58524653858245,-671.2802752766278,-21.96170323241683,-179.488663,0.264109,179.605057
138.58747295774248,-671.148106577147,-21.967766619816658,-179.488663,0.264109,179.605057
138.58797582795327,-671.0138472503759,-21.974800630629954,-179.488663,0.264109,179.605057
138.5881268364423,-670.8810792641273,-21.981654686125946,-179.488663,0.264109,179.605057
138.5873822137996,-670.7504978017877,-21.987722599447366,-179.488663,0.264109,179.605057
138.58605838845259,-670.6179441361386,-21.99283612877832,-179.488663,0.264109,179.605057
138.58587132808077,-670.486881237517,-21.99738466575562,-179.488663,0.264109,179.605057
138.5875569477848,-670.3537138313034,-22.001399084262193,-179.488663,0.264109,179.605057
138.59000557469045,-670.2220194600154,-22.00488555907462,-179.488663,0.264109,179.605057
138.59257197812042,-670.0924926823263,-22.007845325148214,-179.488663,0.264109,179.605057
138.59307032578425,-669.9609749153063,-22.01182977614071,-179.488663,0.264109,179.605057
138.59273730801698,-669.830929425329,-22.01625610633921,-179.488663,0.264109,179.605057
138.59265342008283,-669.6987612599511,-22.02119577237891,-179.488663,0.264109,179.605057
138.59303121785481,-669.5680482845116,-22.02675707447574,-179.488663,0.264109,179.605057
138.5943173129775,-669.4394853760439,-22.032021583783994,-179.488663,0.264109,179.605057
138.59617744310634,-669.3089142645576,-22.03680561453453,-179.488663,0.264109,179.605057
138.5981259250524,-669.179798523831,-22.040978420684638,-179.488663,0.264109,179.605057
138.6000643656186,-669.0485435033467,-22.045453941914662,-179.488663,0.264109,179.605057
138.6007412289764,-668.9187273649798,-22.050414966160666,-179.488663,0.264109,179.605057
138.59992237261363,-668.7910452770044,-22.055475011009868,-179.488663,0.264109,179.605057
138.5988160182639,-668.6613392554696,-22.060603784424153,-179.488663,0.264109,179.605057
138.598901676912,-668.5330731550847,-22.066312276884787,-179.488663,0.264109,179.605057
138.59922451990332,-668.4026526012465,-22.07171559315469,-179.488663,0.264109,179.605057
138.5995902082185,-668.2736560268165,-22.077153803075337,-179.488663,0.264109,179.605057
138.60036993136464,-668.1467788662158,-22.082647916170576,-179.488663,0.264109,179.605057
138.60204270541448,-668.017863396887,-22.08871918323407,-179.488663,0.264109,179.605057
138.60181696574745,-667.8903737302655,-22.095518858868992,-179.488663,0.264109,179.605057
138.60121473385672,-667.7607157438885,-22.102654153995974,-179.488663,0.264109,179.605057
138.60013332415264,-667.6324681182554,-22.110093515243594,-179.488663,0.264109,179.605057
138.59938390337942,-667.5063265310024,-22.117313583048674,-179.488663,0.264109,179.605057
138.59912220548782,-667.3781334984441,-22.124679729943026,-179.488663,0.264109,179.605057
138.60060444076478,-667.2513533666211,-22.13221802598856,-179.488663,0.264109,179.605057
138.6028268264404,-667.1266589101533,-22.139933685197665,-179.488663,0.264109,179.605057
138.60475319048837,-666.9998883543598,-22.147827750372823,-179.488663,0.264109,179.605057
138.60536095303326,-666.8745055377168,-22.15590043007452,-179.488663,0.264109,179.605057
138.6048750182102,-666.751183491185,-22.16415176601486,-179.488663,0.264109,179.605057
138.6041772549866,-666.6257608455595,-22.17258176653626,-179.488663,0.264109,179.605057
138.60303460538208,-666.5017018688529,-22.181707482196096,-179.488663,0.264109,179.605057
138.601819229518,-666.3796800202656,-22.191162278661395,-179.488663,0.264109,179.605057
138.6026617048587,-666.2555343524821,-22.20091983351001,-179.488663,0.264109,179.605057
138.60390376856884,-666.1284628814677,-22.21097488225751,-179.488663,0.264109,179.605057
138.60479741838012,-666.0026134885062,-22.221326372007013,-179.488663,0.264109,179.605057
138.60519800905874,-665.8787983691884,-22.23249114106802,-179.488663,0.264109,179.605057
138.60549429062118,-665.7528843640741,-22.245136219324667,-179.488663,0.264109,179.605057
138.6057654965782,-665.628341358762,-22.258502283864885,-179.488663,0.264109,179.605057
138.60561716359604,-665.5058438317083,-22.27201439455071,-179.488663,0.264109,179.605057
138.60538703245066,-665.3812309206909,-22.284993901132317,-179.488663,0.264109,179.605057
138.60555448131564,-665.2579672053931,-22.29768075355975,-179.488663,0.264109,179.605057
138.60620973135437,-665.1324597465234,-22.311016061823015,-179.488663,0.264109,179.605057
138.60777455584952,-665.0082885339099,-22.32570470569789,-179.488663,0.264109,179.605057
138.6086777066209,-664.8861505611271,-22.340994932250645,-179.488663,0.264109,179.605057
138.60820367783657,-664.7618896430344,-22.355279608672305,-179.488663,0.264109,179.605057
138.60746095488383,-664.6389714022704,-22.36964708617886,-179.488663,0.264109,179.605057
138.60585194515716,-664.5138032008407,-22.384174057235725,-179.488663,0.264109,179.605057
138.60573700621404,-664.3899651772539,-22.3983588114471,-179.488663,0.264109,179.605057
138.60674384944815,-664.26388777446,-22.412571051178265,-179.488663,0.264109,179.605057
138.60837139623615,-664.1391555966644,-22.42683771245783,-179.488663,0.264109,179.605057
138.61092304751395,-664.0164664326193,-22.441164182491523,-179.488663,0.264109,179.605057
138.61197878509375,-663.8916641172129,-22.45606858760937,-179.488663,0.264109,179.605057
138.61230965833286,-663.7682141377978,-22.47118450863294,-179.488663,0.264109,179.605057
138.6116695196177,-663.6467903586216,-22.487002715059877,-179.488663,0.264109,179.605057
138.61084428270678,-663.523232068797,-22.503668365234148,-179.488663,0.264109,179.605057
138.60999376285943,-663.401004150298,-22.52078745082456,-179.488663,0.264109,179.605057
138.60915028270708,-663.2807806586828,-22.537811125720417,-179.488663,0.264109,179.605057
138.60955220665588,-663.1584012309917,-22.553548518477367,-179.488663,0.264109,179.605057
138.6101974951732,-663.0330644568348,-22.569124583695423,-179.488663,0.264109,179.605057
138.61047161250087,-662.9089187808396,-22.585657396739037,-179.488663,0.264109,179.605057
138.61066759703306,-662.7825102852019,-22.602430483792205,-179.488663,0.264109,179.605057
138.6104345010039,-662.6574470353513,-22.618877510091725,-179.488663,0.264109,179.605057
138.60970823733936,-662.5344315119895,-22.635355253129404,-179.488663,0.264109,179.605057
138.60889366923095,-662.4093084213688,-22.651371015070275,-179.488663,0.264109,179.605057
138.61053880298022,-662.2812766790296,-22.667296300791783,-179.488663,0.264109,179.605057
138.6118293685321,-662.150217435571,-22.682124309047197,-179.488663,0.264109,179.605057
138.6130306657345,-662.0204166455733,-22.696593768476056,-179.488663,0.264109,179.605057
138.61337569081786,-661.8927136019478,-22.710758415917383,-179.488663,0.264109,179.605057
138.61272322112066,-661.7629796619949,-22.724628998738982,-179.488663,0.264109,179.605057
138.61270186536976,-661.6346846477004,-22.737690617525523,-179.488663,0.264109,179.605057
138.61321770280097,-661.5042353920741,-22.750827385727273,-179.488663,0.264109,179.605057
138.6150674202918,-661.3752105664836,-22.762148321589848,-179.488663,0.264109,179.605057
138.61756827336805,-661.2440389799755,-22.772214962095696,-179.488663,0.264109,179.605057
138.6197531192065,-661.1143035927364,-22.781468681307977,-179.488663,0.264109,179.605057
138.62102057912327,-660.9867005708584,-22.790467798483768,-179.488663,0.264109,179.605057
138.62126520242575,-660.8570721539194,-22.799370590807815,-179.488663,0.264109,179.605057
138.6213017793184,-660.7288822621202,-22.807786029272627,-179.488663,0.264109,179.605057
138.62129622672438,-660.6028032204769,-22.81568287696559,-179.488663,0.264109,179.605057
138.62169299386994,-660.4746728063458,-22.8225382287264,-179.488663,0.264109,179.605057
138.62298591538624,-660.3479544169403,-22.828717192411897,-179.488663,0.264109,179.605057
138.62320767955958,-660.219053982907,-22.833728771815665,-179.488663,0.264109,179.605057
138.6236227249516,-660.0872837238991,-22.837427763251974,-179.488663,0.264109,179.605057
138.62448119038626,-659.9568135658018,-22.84020816598368,-179.488663,0.264109,179.605057
138.62541613054324,-659.8284590034687,-22.84210177541891,-179.488663,0.264109,179.605057
138.62676373538469,-659.7023530473971,-22.84311495063929,-179.488663,0.264109,179.605057
138.62899781833863,-659.5742236528419,-22.843248963461143,-179.488663,0.264109,179.605057
138.63137742329081,-659.4475118553125,-22.843021117136626,-179.488663,0.264109,179.605057
138.63292917826112,-659.3228857005311,-22.842581876760608,-179.488663,0.264109,179.605057
138.63388262716435,-659.1961824685005,-22.841021246463182,-179.488663,0.264109,179.605057
138.63429218802534,-659.0708658225424,-22.838674275959253,-179.488663,0.264109,179.605057
138.6345871464123,-658.9476087749856,-22.835560970747355,-179.488663,0.264109,179.605057
138.63444432267403,-658.8222499695632,-22.831685331927197,-179.488663,0.264109,179.605057
138.63421597378166,-658.6982536933562,-22.827048159718725,-179.488663,0.264109,179.605057
138.63397376748722,-658.5762934255869,-22.821649614165917,-179.488663,0.264109,179.605057
138.6341429010907,-658.452208238869,-22.817040482833132,-179.488663,0.264109,179.605057
138.63439189721814,-658.3294628354615,-22.812638194344352,-179.488663,0.264109,179.605057
138.63506399123872,-658.2044644344535,-22.80748011886882,-179.488663,0.264109,179.605057
138.6354004795008,-658.0807931889617,-22.80189077932927,-179.488663,0.264109,179.605057
138.63525439433363,-657.9548795878425,-22.795371026976916,-179.488663,0.264109,179.605057
138.63501387213634,-657.8303082868136,-22.788808125395335,-179.488663,0.264109,179.605057
138.63475788329316,-657.7077771265288,-22.78186247841235,-179.488663,0.264109,179.605057
138.63491310851768,-657.5831299931166,-22.775547269015753,-179.488663,0.264109,179.605057
138.63473770224147,-657.4598324243099,-22.76912504491421,-179.488663,0.264109,179.605057
138.6344986643321,-657.3385583338471,-22.762542324538348,-179.488663,0.264109,179.605057
138.63383963307973,-657.2151470594509,-22.756305460463174,-179.488663,0.264109,179.605057
138.6331059760477,-657.0930635308372,-22.750045678759253,-179.488663,0.264109,179.605057
138.63236782809304,-656.9729818504536,-22.743736229085137,-179.488663,0.264109,179.605057
138.63163928005812,-656.8507417013926,-22.738405859150312,-179.488663,0.264109,179.605057
138.63051234691252,-656.7255417184938,-22.73383727849668,-179.488663,0.264109,179.605057
138.62932176423845,-656.6015303908066,-22.729610993477067,-179.488663,0.264109,179.605057
138.62813538439,-656.479520510822,-22.726207158695363,-179.488663,0.264109,179.605057
138.6273773847312,-656.3553795053379,-22.72325176062791,-179.488663,0.264109,179.605057
138.62671584154995,-656.2325778357206,-22.721750707681085,-179.488663,0.264109,179.605057
138.62608299827832,-656.1117905459112,-22.720965448202833,-179.488663,0.264109,179.605057
138.62505422875958,-655.9888573290741,-22.72135929408496,-179.488663,0.264109,179.605057
138.62396090538016,-655.8672433103598,-22.722554863261383,-179.488663,0.264109,179.605057
138.6228702207166,-655.7476227528695,-22.724523683763334,-179.488663,0.264109,179.605057
138.6222062424226,-655.6258354911083,-22.727260061197057,-179.488663,0.264109,179.605057
138.62163704864935,-655.5053469739936,-22.73127990557269,-179.488663,0.264109,179.605057
138.62109490698057,-655.3868318202736,-22.736733403336707,-179.488663,0.264109,179.605057
138.62015521952532,-655.2661302214191,-22.7432275517784,-179.488663,0.264109,179.605057
138.61914938735657,-655.1467079784991,-22.75073075480007,-179.488663,0.264109,179.605057
138.6177321869693,-655.0292400564431,-22.758719644293294,-179.488663,0.264109,179.605057
138.61543153534384,-654.9095669867846,-22.7685936888586,-179.488663,0.264109,179.605057
138.61380824718276,-654.7911549045964,-22.779128639993885,-179.488663,0.264109,179.605057
138.6123435184795,-654.6746791028488,-22.791160750220943,-179.488663,0.264109,179.605057
138.61052066669825,-654.5559804352588,-22.80537431893302,-179.488663,0.264109,179.605057
138.60865211530452,-654.4385253533281,-22.8215297793421,-179.488663,0.264109,179.605057
138.6072116656081,-654.3229894608057,-22.839203538090583,-179.488663,0.264109,179.605057
138.6075217670913,-654.2052139166364,-22.858874894284728,-179.488663,0.264109,179.605057
138.6057117907004,-654.0843988054324,-22.879652614412446,-179.488663,0.264109,179.605057
138.60227154062116,-653.964694040181,-22.9023925495491,-179.488663,0.264109,179.605057
138.60225194158312,-653.8426471452258,-22.92726586990976,-179.488663,0.264109,179.605057
138.60456119593968,-653.7218676023915,-22.95328728953745,-179.488663,0.264109,179.605057
138.6064802671354,-653.6030592834794,-22.979538329018542,-179.488663,0.264109,179.605057
138.60624067490863,-653.4820682609985,-23.005318243581428,-179.488663,0.264109,179.605057
138.60474964642012,-653.3623614590125,-23.031050937605116,-179.488663,0.264109,179.605057
138.60261886975113,-653.2446139978648,-23.05724423196541,-179.488663,0.264109,179.605057
138.60162422560308,-653.1246663687766,-23.083529646393025,-179.488663,0.264109,179.605057
138.60087095400934,-653.0059846279363,-23.109833484834102,-179.488663,0.264109,179.605057
138.59935355901135,-652.8892439828376,-23.135623959188987,-179.488663,0.264109,179.605057
138.59770492006137,-652.7702852016174,-23.161358765171073,-179.488663,0.264109,179.605057
138.5985192574083,-652.648307984728,-23.1870824374786,-179.488663,0.264109,179.605057
138.5994039416612,-652.5274618677895,-23.212803883051215,-179.488663,0.264109,179.605057
138.5998794464526,-652.4042940045043,-23.238007834387965,-179.488663,0.264109,179.605057
138.60026635261687,-652.2824135126721,-23.26315529132198,-179.488663,0.264109,179.605057
138.59980870305696,-652.158257239903,-23.28777479159767,-179.488663,0.264109,179.605057
138.59918865114597,-652.0354115890483,-23.31233566943059,-179.488663,0.264109,179.605057
138.59813249283633,-651.914575200722,-23.33636777388606,-179.488663,0.264109,179.605057
138.59946991194298,-651.7915925602019,-23.35930703033271,-179.488663,0.264109,179.605057
138.60167946990555,-651.6656630890194,-23.382121726066487,-179.488663,0.264109,179.605057
138.6036195863705,-651.5409352486279,-23.40538155410213,-179.488663,0.264109,179.605057
138.6038355551018,-651.4139549747913,-23.429200453042593,-179.488663,0.264109,179.605057
138.60370362273105,-651.288330155938,-23.452614117275132,-179.488663,0.264109,179.605057
138.60309331984473,-651.1647630921716,-23.474959641232747,-179.488663,0.264109,179.605057
138.60280668938523,-651.0390983109962,-23.497185546024273,-179.488663,0.264109,179.605057
138.6038208699332,-650.9148012187825,-23.518870478093685,-179.488663,0.264109,179.605057
138.60590389989264,-650.7882787785614,-23.53997717117424,-179.488663,0.264109,179.605057
138.60858174108603,-650.6631106989998,-23.561015220901457,-179.488663,0.264109,179.605057
138.61092979300705,-650.5399936598127,-23.58250958640246,-179.488663,0.264109,179.605057
138.6107127147796,-650.4147711599246,-23.604095215058216,-179.488663,0.264109,179.605057
138.6095732534128,-650.2866418434502,-23.62569909634492,-179.488663,0.264109,179.605057
138.6082655210909,-650.1597534472706,-23.647306628157818,-179.488663,0.264109,179.605057
138.60940851121543,-650.034917870118,-23.668397841187062,-179.488663,0.264109,179.605057
138.61102538996974,-649.91226829609,-23.68943279490402,-179.488663,0.264109,179.605057
138.61353716195217,-649.7875336055178,-23.709939447869637,-179.488663,0.264109,179.605057
138.61536907848975,-649.6641558961248,-23.72987078735165,-179.488663,0.264109,179.605057
138.61621763668097,-649.5385376215013,-23.749216984136943,-179.488663,0.264109,179.605057
138.61562545481976,-649.4142578048485,-23.768493156827333,-179.488663,0.264109,179.605057
138.61475354709006,-649.2877465482934,-23.787755324698743,-179.488663,0.264109,179.605057
138.61465942798554,-649.1625882749621,-23.806497642717474,-179.488663,0.264109,179.605057
138.61472220518883,-649.0352139603852,-23.825182995210106,-179.488663,0.264109,179.605057
138.61481546882237,-648.9092079833665,-23.843856954597523,-179.488663,0.264109,179.605057
138.61573483665916,-648.7810010921993,-23.862528635363894,-179.488663,0.264109,179.605057
138.61598501654956,-648.654177405099,-23.88068281151717,-179.488663,0.264109,179.605057
138.61568713407004,-648.529434073473,-23.89826344230338,-179.488663,0.264109,179.605057
138.6152838756674,-648.4026142736583,-23.91573128401618,-179.488663,0.264109,179.605057
138.61486527731068,-648.277182839581,-23.933131483469847,-179.488663,0.264109,179.605057
138.61444956436202,-648.1495463257137,-23.950473070027247,-179.488663,0.264109,179.605057
138.61527234085693,-648.0232840707522,-23.96775784956095,-179.488663,0.264109,179.605057
138.61633111353038,-647.8948257307535,-23.984986183245468,-179.488663,0.264109,179.605057
138.61701136067265,-647.7677551368052,-24.001641094426816,-179.488663,0.264109,179.605057
138.61719556141597,-647.6427693182922,-24.01808923221864,-179.488663,0.264109,179.605057
138.61686726646894,-647.5157113642849,-24.034356921999226,-179.488663,0.264109,179.605057
138.61644114146753,-647.3900460296358,-24.049932379955344,-179.488663,0.264109,179.605057
138.61641217756636,-647.2664464591733,-24.064666244879902,-179.488663,0.264109,179.605057
138.61728439114964,-647.1407512354391,-24.078434635642594,-179.488663,0.264109,179.605057
138.6183244354144,-647.0164245464549,-24.091635816017355,-179.488663,0.264109,179.605057
138.61979392074144,-646.8898730995529,-24.10378577653675,-179.488663,0.264109,179.605057
138.62091772826741,-646.7646765438677,-24.115774061973962,-179.488663,0.264109,179.605057
138.62154575052617,-646.6372648729955,-24.127261923505852,-179.488663,0.264109,179.605057
138.62165501719264,-646.5112222561829,-24.138228580256673,-179.488663,0.264109,179.605057
138.62206964539254,-646.387246056288,-24.148153218273507,-179.488663,0.264109,179.605057
138.62212878229803,-646.261179690175,-24.15740136365465,-179.488663,0.264109,179.605057
138.62293731321978,-646.1364882346921,-24.16599915273088,-179.488663,0.264109,179.605057
138.62388422383833,-646.0095784842576,-24.173951812768347,-179.488663,0.264109,179.605057
138.62443467655635,-645.8840300135057,-24.181260389220288,-179.488663,0.264109,179.605057
138.6248980090334,-645.7605393769409,-24.18895879784401,-179.488663,0.264109,179.605057
138.6249266611781,-645.6349499518225,-24.196314088457644,-179.488663,0.264109,179.605057
138.62486796975918,-645.5107269297062,-24.20275659546926,-179.488663,0.264109,179.605057
138.62479264434992,-645.3885439156159,-24.208125772427138,-179.488663,0.264109,179.605057
138.62471506343732,-645.2642399504424,-24.21281219448538,-179.488663,0.264109,179.605057
138.62463813479704,-645.141279673668,-24.21684700778592,-179.488663,0.264109,179.605057
138.62497309737407,-645.0203369029542,-24.220236441557137,-179.488663,0.264109,179.605057
138.62538567428237,-644.8972510417473,-24.222981741644716,-179.488663,0.264109,179.605057
138.6253972396298,-644.775487116912,-24.226116863884453,-179.488663,0.264109,179.605057
138.62491777151345,-644.6514526662822,-24.22839181722129,-179.488663,0.264109,179.605057
138.62434691580643,-644.5287281560135,-24.230120621221992,-179.488663,0.264109,179.605057
138.623765901418,-644.4080110490742,-24.231319075355465,-179.488663,0.264109,179.605057
138.62360178527572,-644.2894122883217,-24.231990339515495,-179.488663,0.264109,179.605057
138.6235233828789,-644.1686572680705,-24.2336861923475,-179.488663,0.264109,179.605057
138.62387390495414,-644.0449217339856,-24.234789807358347,-179.488663,0.264109,179.605057
138.62430522672096,-643.9180832247296,-24.23662297480496,-179.488663,0.264109,179.605057
138.6243359074054,-643.7881613792376,-24.23949705718317,-179.488663,0.264109,179.605057
138.6238753568592,-643.6594706438567,-24.243145295881035,-179.488663,0.264109,179.605057
138.62332311011906,-643.5328563987346,-24.24662125473172,-179.488663,0.264109,179.605057
138.62276037831603,-643.4041915209281,-24.25025269539075,-179.488663,0.264109,179.605057
138.62220355279715,-643.2769464170691,-24.253541116855885,-179.488663,0.264109,179.605057
138.62001138338692,-643.1517949761434,-24.25737391226002,-179.488663,0.264109,179.605057
138.6179339893856,-643.0245755327419,-24.26192856022974,-179.488663,0.264109,179.605057
138.61590909562517,-642.8987518320404,-24.26681751649035,-179.488663,0.264109,179.605057
138.613923500402,-642.7707301058443,-24.27149322774247,-179.488663,0.264109,179.605057
138.61197400446275,-642.6440895279886,-24.276316227770675,-179.488663,0.264109,179.605057
138.6121145656559,-642.5152596235749,-24.281311618887425,-179.488663,0.264109,179.605057
138.61267113918296,-642.3878241013791,-24.28648442155522,-179.488663,0.264109,179.605057
138.61412433279776,-642.2624798719424,-24.292352688755443,-179.488663,0.264109,179.605057
138.61614862723204,-642.1350699078763,-24.299067035528825,-179.488663,0.264109,179.605057
138.6178459074205,-642.0090588497065,-24.306234544883498,-179.488663,0.264109,179.605057
138.61945364566375,-641.8851197299878,-24.313823637865546,-179.488663,0.264109,179.605057
138.62143305435185,-641.7590910209952,-24.322344656461958,-179.488663,0.264109,179.605057
138.62304620109424,-641.6344368024537,-24.33142998018124,-179.488663,0.264109,179.605057
138.62374181958273,-641.5118303419994,-24.341053053813987,-179.488663,0.264109,179.605057
138.62383337251302,-641.3871105028221,-24.35224266409609,-179.488663,0.264109,179.605057
138.62298147691223,-641.2637417811687,-24.364264479485843,-179.488663,0.264109,179.605057
138.62154056300932,-641.1423978603947,-24.378099740341572,-179.488663,0.264109,179.605057
138.62082544955484,-641.0189180133365,-24.393004605846052,-179.488663,0.264109,179.605057
138.61985500002584,-640.8967671388461,-24.40892431672473,-179.488663,0.264109,179.605057
138.61925795189745,-640.7723526490845,-24.426364970011573,-179.488663,0.264109,179.605057
138.61792096428923,-640.6492548867895,-24.444440691780056,-179.488663,0.264109,179.605057
138.61686744816438,-640.5281711937184,-24.46349135613375,-179.488663,0.264109,179.605057
138.6158856096766,-640.4049457270157,-24.484054982337824,-179.488663,0.264109,179.605057
138.61493207064143,-640.2830444455575,-24.505252080911973,-179.488663,0.264109,179.605057
138.6144084196075,-640.1631417082624,-24.527423802849025,-179.488663,0.264109,179.605057
138.61315508254407,-640.0368106298413,-24.54956794279199,-179.488663,0.264109,179.605057
138.611773633513,-639.9109905918659,-24.572223615225028,-179.488663,0.264109,179.605057
138.6099755426968,-639.7827955358532,-24.59498159415608,-179.488663,0.264109,179.605057
138.60853036303743,-639.6516820281406,-24.617242985497846,-179.488663,0.264109,179.605057
138.60799943038683,-639.5218495555312,-24.638935014877312,-179.488663,0.264109,179.605057
138.60848023151343,-639.3941197962195,-24.660043127419872,-179.488663,0.264109,179.605057
138.60874587466833,-639.2643605139219,-24.68056441215061,-179.488663,0.264109,179.605057
138.60937537485958,-639.1360407923754,-24.700498677985646,-179.488663,0.264109,179.605057
138.61006869356652,-639.0055673079078,-24.720362508930428,-179.488663,0.264109,179.605057
138.61035424877718,-638.8765186937462,-24.740212252897162,-179.488663,0.264109,179.605057
138.6109648567256,-638.7453237450472,-24.76005917946829,-179.488663,0.264109,179.605057
138.61163179101962,-638.6155654131555,-24.77990554256029,-179.488663,0.264109,179.605057
138.6127111719617,-638.4879398564568,-24.800221481845355,-179.488663,0.264109,179.605057
138.61344702437108,-638.3582893071585,-24.820631336369036,-179.488663,0.264109,179.605057
138.61410370561748,-638.2300776782637,-24.840026267273775,-179.488663,0.264109,179.605057
138.61473521316464,-638.0997106210605,-24.858795137899165,-179.488663,0.264109,179.605057
138.6153527045313,-637.9707665874536,-24.87748580091313,-179.488663,0.264109,179.605057
138.61636927722907,-637.8439410292661,-24.896160822404816,-179.488663,0.264109,179.605057
138.61745120827024,-637.715076240768,-24.915302760036486,-179.488663,0.264109,179.605057
138.61812015684973,-637.5876363498662,-24.935008125340598,-179.488663,0.264109,179.605057
138.6182863283349,-637.4622939169323,-24.954826176179196,-179.488663,0.264109,179.605057
138.61793891440672,-637.3348869568601,-24.974149715235807,-179.488663,0.264109,179.605057
138.61749372439397,-637.2088791014592,-24.993421356380463,-179.488663,0.264109,179.605057
138.61785664408893,-637.0806765120471,-25.01113147127606,-179.488663,0.264109,179.605057
138.61837602420087,-636.953858301549,-25.027591112032958,-179.488663,0.264109,179.605057
138.61974064299017,-636.829120603605,-25.043661564628785,-179.488663,0.264109,179.605057
138.6208442349366,-636.7023063887649,-25.060972224036835,-179.488663,0.264109,179.605057
138.62105859265125,-636.57688045049,-25.078438835918448,-179.488663,0.264109,179.605057
138.62109205487647,-636.4535160030946,-25.095985562739212,-179.488663,0.264109,179.605057
138.62067819542995,-636.3280517037937,-25.113597236992256,-179.488663,0.264109,179.605057
138.61935764653896,-636.2039518152573,-25.13075377628731,-179.488663,0.264109,179.605057
138.6178745408989,-636.0818897850663,-25.146787110812987,-179.488663,0.264109,179.605057
138.6184351280781,-635.9577046531961,-25.16193966216257,-179.488663,0.264109,179.605057
138.6193964810257,-635.8348610895321,-25.176635950210265,-179.488663,0.264109,179.605057
138.62083498121842,-635.7140329479703,-25.19091387448647,-179.488663,0.264109,179.605057
138.6215271188574,-635.5910596688424,-25.204263966008376,-179.488663,0.264109,179.605057
138.62164947358366,-635.4651396488375,-25.217054375423867,-179.488663,0.264109,179.605057
138.62165613157129,-635.3404211431642,-25.229311728418075,-179.488663,0.264109,179.605057
138.62163955551978,-635.2177167146601,-25.24104135012803,-179.488663,0.264109,179.605057
138.62161856840876,-635.092893564573,-25.25224430558113,-179.488663,0.264109,179.605057
138.62200766423587,-634.9694219327483,-25.262920807782862,-179.488663,0.264109,179.605057
138.6232945761766,-634.8479766455621,-25.27307089933432,-179.488663,0.264109,179.605057
138.6251551930369,-634.7243971824989,-25.282694588755724,-179.488663,0.264109,179.605057
138.62710408877464,-634.6021484588463,-25.291791877751116,-179.488663,0.264109,179.605057
138.6273984782152,-634.4733711982566,-25.29984610888353,-179.488663,0.264109,179.605057
138.6277684461909,-634.3408530624301,-25.306706590665566,-179.488663,0.264109,179.605057
138.62896960144022,-634.2094714539325,-25.312766260355307,-179.488663,0.264109,179.605057
138.63031991104737,-634.0801856893326,-25.31805670095992,-179.488663,0.264109,179.605057
138.6316808471228,-633.9488911577198,-25.322584229080842,-179.488663,0.264109,179.605057
138.63261388628993,-633.8190621727097,-25.325833059149474,-179.488663,0.264109,179.605057
138.633448076185,-633.6871060870291,-25.328170078496534,-179.488663,0.264109,179.605057
138.63383996552494,-633.5566012899885,-25.329104611254834,-179.488663,0.264109,179.605057
138.63454848788325,-633.4282428189006,-25.329008566695382,-179.488663,0.264109,179.605057
138.6361333711939,-633.2978724890363,-25.328426371116826,-179.488663,0.264109,179.605057
138.63787098613238,-633.1689539432193,-25.326996865334447,-179.488663,0.264109,179.605057
138.63879132353955,-633.042159262419,-25.32469482195575,-179.488663,0.264109,179.605057
138.63912444953064,-632.9133259900823,-25.321515195502233,-179.488663,0.264109,179.605057
138.63933539544664,-632.7859172948671,-25.317456976878194,-179.488663,0.264109,179.605057
138.6399295718946,-632.6606055498526,-25.3125199642645,-179.488663,0.264109,179.605057
138.64018127727283,-632.5332287396961,-25.307221166186206,-179.488663,0.264109,179.605057
138.64036090862726,-632.4072504978114,-25.30119393990388,-179.488663,0.264109,179.605057
138.64052357041987,-632.2790769934655,-25.294411961314083,-179.488663,0.264109,179.605057
138.64068052488798,-632.1522873486892,-25.286869965596125,-179.488663,0.264109,179.605057
138.64165543898318,-632.0275777063304,-25.279083948674753,-179.488663,0.264109,179.605057
138.64278007955892,-631.9007910460351,-25.271203723068258,-179.488663,0.264109,179.605057
138.6430973372092,-631.7753921702102,-25.262836566835848,-179.488663,0.264109,179.605057
138.6436592728323,-631.6520543019578,-25.253950904478252,-179.488663,0.264109,179.605057
138.64426215207664,-631.5266161071239,-25.244540420895625,-179.488663,0.264109,179.605057
138.64445397909597,-631.4025418568557,-25.234603853067984,-179.488663,0.264109,179.605057
138.64456086746378,-631.2805050070601,-25.224140948391348,-179.488663,0.264109,179.605057
138.6446492479112,-631.1563446058894,-25.21315165634491,-179.488663,0.264109,179.605057
138.64350066980816,-631.0335253312603,-25.202670064602287,-179.488663,0.264109,179.605057
138.64212103532805,-630.9084543782899,-25.192479950698207,-179.488663,0.264109,179.605057
138.6407148110407,-630.7847118765378,-25.18216203458406,-179.488663,0.264109,179.605057
138.6397339350929,-630.6629949583877,-25.17219651358345,-179.488663,0.264109,179.605057
138.63926274571534,-630.5391475753495,-25.161692333827773,-179.488663,0.264109,179.605057
138.63890019501187,-630.4166354843368,-25.151505382321083,-179.488663,0.264109,179.605057
138.63897519498659,-630.291866179246,-25.141806836464188,-179.488663,0.264109,179.605057
138.63954730509727,-630.168419928123,-25.132724940626144,-179.488663,0.264109,179.605057
138.63938936722468,-630.0469939678094,-25.12386230368076,-179.488663,0.264109,179.605057
138.63785388820517,-629.9234323459823,-25.115703500736124,-179.488663,0.264109,179.605057
138.63606473888015,-629.8012009126962,-25.10787540236942,-179.488663,0.264109,179.605057
138.63466274561776,-629.6767072530583,-25.100867436029414,-179.488663,0.264109,179.605057
138.6333581230276,-629.5535317246428,-25.095341149428076,-179.488663,0.264109,179.605057
138.63209152920427,-629.4323716522092,-25.09053612321892,-179.488663,0.264109,179.605057
138.63085055491314,-629.3090711697799,-25.08691129575487,-179.488663,0.264109,179.605057
138.6296323539406,-629.1870962122129,-25.08408841026206,-179.488663,0.264109,179.605057
138.62884669982338,-629.0671211145701,-25.082038819830164,-179.488663,0.264109,179.605057
138.62856939549135,-628.9449856347454,-25.081790892854894,-179.488663,0.264109,179.605057
138.62839770500017,-628.8241551164197,-25.082610214126507,-179.488663,0.264109,179.605057
138.62824957909748,-628.7053040688764,-25.08444390949194,-179.488663,0.264109,179.605057
138.62769760612534,-628.5842725748328,-25.086764355231697,-179.488663,0.264109,179.605057
138.6266620473549,-628.464526328293,-25.0904531199352,-179.488663,0.264109,179.605057
138.62554449937178,-628.3467401889826,-25.09516946843146,-179.488663,0.264109,179.605057
138.62442644756186,-628.2267545850995,-25.1014093070196,-179.488663,0.264109,179.605057
138.62373486283454,-628.1080355502237,-25.109835870292788,-179.488663,0.264109,179.605057
138.62272774072878,-627.9869916109786,-25.1196887207252,-179.488663,0.264109,179.605057
138.6208487235506,-627.8672042046624,-25.13142643747835,-179.488663,0.264109,179.605057
138.6188220511578,-627.7493717480439,-25.144671047495645,-179.488663,0.264109,179.605057
138.61679467150722,-627.6293394540813,-25.15939392505466,-179.488663,0.264109,179.605057
138.61561909536013,-627.5105743186084,-25.176106393899794,-179.488663,0.264109,179.605057
138.61421815477448,-627.3894850523159,-25.19444067433549,-179.488663,0.264109,179.605057
138.61279206578945,-627.2696531183133,-25.21437021486707,-179.488663,0.264109,179.605057
138.61097056261232,-627.1517769271634,-25.23588970519561,-179.488663,0.264109,179.605057
138.60991899353084,-627.0317016793026,-25.258998083261318,-179.488663,0.264109,179.605057
138.6086239224732,-626.9128943569582,-25.28369513665224,-179.488663,0.264109,179.605057
138.60729856980873,-626.7917636571902,-25.30968130288598,-179.488663,0.264109,179.605057
138.605986010283,-626.6718910296677,-25.335925291688284,-179.488663,0.264109,179.605057
138.60469467689828,-626.5497082050746,-25.36170379611541,-179.488663,0.264109,179.605057
138.60383839881658,-626.4288010523504,-25.387436208111946,-179.488663,0.264109,179.605057
138.60308130997262,-626.3098686023943,-25.413159401622366,-179.488663,0.264109,179.605057
138.603586826462,-626.1887559100579,-25.439350795880003,-179.488663,0.264109,179.605057
138.6043376744502,-626.0689296608698,-25.465635830287084,-179.488663,0.264109,179.605057
138.6051269100112,-625.9510648958553,-25.49142254383517,-179.488663,0.264109,179.605057
138.60509126506992,-625.8310020598891,-25.517156597655898,-179.488663,0.264109,179.605057
138.60448048431178,-625.7122071700662,-25.542363070642267,-179.488663,0.264109,179.605057
138.6033509186055,-625.5910887301274,-25.567511031906207,-179.488663,0.264109,179.605057
138.60254610528852,-625.4669614868667,-25.592647290825663,-179.488663,0.264109,179.605057
138.60222835534992,-625.343997848179,-25.61778120927622,-179.488663,0.264109,179.605057
138.60160187053054,-625.2187490799341,-25.64239800185522,-179.488663,0.264109,179.605057
138.60009943763023,-625.0948246015927,-25.665924240371023,-179.488663,0.264109,179.605057
138.59803251638166,-624.9729274627017,-25.68932637696307,-179.488663,0.264109,179.605057
138.59588209367675,-624.8489027732318,-25.71270369317037,-179.488663,0.264109,179.605057
138.59785577669234,-624.721949813674,-25.735558996411825,-179.488663,0.264109,179.605057
138.6030919884714,-624.5962167533013,-25.757839852615675,-179.488663,0.264109,179.605057
138.6060297909912,-624.4682492096243,-25.780052823856444,-179.488663,0.264109,179.605057
138.60641101846772,-624.3416547521298,-25.801735169215707,-179.488663,0.264109,179.605057
138.60545239792256,-624.2171353663783,-25.823358393843115,-179.488663,0.264109,179.605057
138.60506255259867,-624.0905352706841,-25.8454398387686,-179.488663,0.264109,179.605057
138.60561334011913,-623.9653195676954,-25.867612927753694,-179.488663,0.264109,179.605057
138.60511242078599,-623.8421615888016,-25.889287296661823,-179.488663,0.264109,179.605057
138.6035851731571,-623.7169000682043,-25.910391877110115,-179.488663,0.264109,179.605057
138.60187438072415,-623.5929993364481,-25.931429504310884,-179.488663,0.264109,179.605057
138.6013849883784,-623.4668662395339,-25.95193669197326,-179.488663,0.264109,179.605057
138.60320194740785,-623.3420805625221,-25.972854840616844,-179.488663,0.264109,179.605057
138.60545433551727,-623.2193390991195,-25.993855181456674,-179.488663,0.264109,179.605057
138.60776177547845,-623.0944854681403,-26.01487196073575,-179.488663,0.264109,179.605057
138.607992297775,-622.9709850997309,-26.03537497881379,-179.488663,0.264109,179.605057
138.60739349133263,-622.8452451668528,-26.055305591318284,-179.488663,0.264109,179.605057
138.60663733550078,-622.7208456223486,-26.074651642708073,-179.488663,0.264109,179.605057
138.60586046400726,-622.5984833934855,-26.093410737430474,-179.488663,0.264109,179.605057
138.60550116488716,-622.4740022238943,-26.112099445263844,-179.488663,0.264109,179.605057
138.6056411569403,-622.3508676650141,-26.130774075719405,-179.488663,0.264109,179.605057
138.60711101623,-622.225487008669,-26.149915935143852,-179.488663,0.264109,179.605057
138.60800461096824,-622.1014403243878,-26.168634191473185,-179.488663,0.264109,179.605057
138.60794891055988,-621.9751579873623,-26.18679768273905,-179.488663,0.264109,179.605057
138.6068810321947,-621.8502245352481,-26.20438017654778,-179.488663,0.264109,179.605057
138.6064490169527,-621.7273376914351,-26.221331341976192,-179.488663,0.264109,179.605057
138.60738231855206,-621.6023412266165,-26.23806415283965,-179.488663,0.264109,179.605057
138.60939852100807,-621.4787005650965,-26.25461419945679,-179.488663,0.264109,179.605057
138.6120132954227,-621.3570895092,-26.27098859989133,-179.488663,0.264109,179.605057
138.61429992965964,-621.2333472872231,-26.287705826644903,-179.488663,0.264109,179.605057
138.6160759703963,-621.1109387214094,-26.304399529773395,-179.488663,0.264109,179.605057
138.61731396652021,-620.9905378086534,-26.320526394843537,-179.488663,0.264109,179.605057
138.61760541333226,-620.8722507950457,-26.335413705635343,-179.488663,0.264109,179.605057
138.6177034052606,-620.7518021987946,-26.34982000334926,-179.488663,0.264109,179.605057
138.61776131254925,-620.6326343327171,-26.363802987336488,-179.488663,0.264109,179.605057
138.6198654904507,-620.5154174445474,-26.377891246356157,-179.488663,0.264109,179.605057
138.62193832972238,-620.3959911699243,-26.39172045371565,-179.488663,0.264109,179.605057
138.62274164310955,-620.2778215250274,-26.405264748520878,-179.488663,0.264109,179.605057
138.62286895975166,-620.1615838410254,-26.417484860815257,-179.488663,0.264109,179.605057
138.62285926631915,-620.0431190407082,-26.429113025496356,-179.488663,0.264109,179.605057
138.62282230873387,-619.9258936498435,-26.440201680654795,-179.488663,0.264109,179.605057
138.62278042393706,-619.8063166797617,-26.450244656130927,-179.488663,0.264109,179.605057
138.62355948272614,-619.6879700440776,-26.45961040678171,-179.488663,0.264109,179.605057
138.62490231695185,-619.571552627425,-26.467808605800755,-179.488663,0.264109,179.605057
138.62633880817813,-619.4529101022822,-26.47521123227123,-179.488663,0.264109,179.605057
138.6277736007071,-619.335509915799,-26.48132862867644,-179.488663,0.264109,179.605057
138.62836631422505,-619.2200278885888,-26.487049956846366,-179.488663,0.264109,179.605057
138.62837151557076,-619.1023052376202,-26.492553049147023,-179.488663,0.264109,179.605057
138.62784847384066,-618.9858087396024,-26.496933383162705,-179.488663,0.264109,179.605057
138.6276378889778,-618.8669476445912,-26.500527103299177,-179.488663,0.264109,179.605057
138.6274927904731,-618.749304099088,-26.502837385104247,-179.488663,0.264109,179.605057
138.6273628528632,-618.6335772161336,-26.504751957020815,-179.488663,0.264109,179.605057
138.6276484621005,-618.5156128924689,-26.505931315848578,-179.488663,0.264109,179.605057
138.62883445204253,-618.3988787954875,-26.507388272058574,-179.488663,0.264109,179.605057
138.628951650713,-618.2797842954443,-26.509419752189462,-179.488663,0.264109,179.605057
138.62885342430363,-618.1619115032338,-26.51072197710453,-179.488663,0.264109,179.605057
138.6287135098761,-618.0416927989678,-26.511081195420875,-179.488663,0.264109,179.605057
138.62897791440568,-617.9227146894182,-26.510361039084145,-179.488663,0.264109,179.605057
138.6293194223067,-617.8056768319254,-26.50895691892791,-179.488663,0.264109,179.605057
138.6304928272141,-617.6864248965951,-26.507934654896662,-179.488663,0.264109,179.605057
138.63140525643078,-617.5684261732218,-26.507601775423744,-179.488663,0.264109,179.605057
138.6322525137382,-617.4523562963058,-26.50717367064027,-179.488663,0.264109,179.605057
138.63225335344876,-617.3340562935974,-26.50658742746135,-179.488663,0.264109,179.605057
138.63208489769738,-617.2169927546578,-26.505830463270012,-179.488663,0.264109,179.605057
138.63147431200207,-617.101841412137,-26.504900261542858,-179.488663,0.264109,179.605057
138.63078398420342,-616.9844435502157,-26.503796318975205,-179.488663,0.264109,179.605057
138.63049819264614,-616.8682660428951,-26.503035583795008,-179.488663,0.264109,179.605057
138.63029737292814,-616.7497182421542,-26.5027684500923,-179.488663,0.264109,179.605057
138.63011640368066,-616.6323823958954,-26.503119005573982,-179.488663,0.264109,179.605057
138.62994197831216,-616.5126910503465,-26.504206076670318,-179.488663,0.264109,179.605057
138.6297713424358,-616.394230881854,-26.505630388667363,-179.488663,0.264109,179.605057
138.62878255794587,-616.2777017156136,-26.506842042177887,-179.488663,0.264109,179.605057
138.62805487311263,-616.1589493868546,-26.508718150657767,-179.488663,0.264109,179.605057
138.62738975750617,-616.0414413476009,-26.511434136798187,-179.488663,0.264109,179.605057
138.626746615167,-615.9258533916953,-26.51511870291516,-179.488663,0.264109,179.605057
138.62652768106125,-615.8037600367212,-26.519891953916332,-179.488663,0.264109,179.605057
138.62557536899834,-615.6778353740931,-26.52587188411657,-179.488663,0.264109,179.605057
138.62407748089333,-615.5529353784692,-26.533176101267724,-179.488663,0.264109,179.605057
138.62290422532186,-615.4300166717396,-26.54140508692018,-179.488663,0.264109,179.605057
138.6226339158919,-615.3007090666179,-26.551042990717338,-179.488663,0.264109,179.605057
138.62254804009098,-615.1719627233126,-26.561716598143438,-179.488663,0.264109,179.605057
138.6225002723606,-615.040893024809,-26.572881221850878,-179.488663,0.264109,179.605057
138.62205013894098,-614.9112227576442,-26.584897968814587,-179.488663,0.264109,179.605057
138.62152593428098,-614.7836765761026,-26.597792055985106,-179.488663,0.264109,179.605057
138.62140503739477,-614.6498358684896,-26.611568526752546,-179.488663,0.264109,179.605057
138.6213665214857,-614.5166397679486,-26.626228389794925,-179.488663,0.264109,179.605057
138.6209343628872,-614.3812002666962,-26.64228889573673,-179.488663,0.264109,179.605057
138.62042962200644,-614.247238335986,-26.659383450258424,-179.488663,0.264109,179.605057
138.61991754320618,-614.1112104890656,-26.676968690051652,-179.488663,0.264109,179.605057
138.61900061305388,-613.9767040771703,-26.69540598689919,-179.488663,0.264109,179.605057
138.61842642008222,-613.8444149323605,-26.71523765960203,-179.488663,0.264109,179.605057
138.61833960751338,-613.7101840199159,-26.735585078587043,-179.488663,0.264109,179.605057
138.61835150569277,-613.5774738158105,-26.75678956682849,-179.488663,0.264109,179.605057
138.61920431013658,-613.4469551873868,-26.77878726447678,-179.488663,0.264109,179.605057
138.6198025003923,-613.3144644723702,-26.801413648450882,-179.488663,0.264109,179.605057
138.62034126021564,-613.1834636524266,-26.82416576969015,-179.488663,0.264109,179.605057
138.62086047159056,-613.05462393427,-26.846425989493557,-179.488663,0.264109,179.605057
138.6209577222696,-612.9237821569069,-26.869104877898682,-179.488663,0.264109,179.605057
138.620558531022,-612.7944008285361,-26.89186750002415,-179.488663,0.264109,179.605057
138.61965506210908,-612.6671516799672,-26.91464686889369,-179.488663,0.264109,179.605057
138.6186635869987,-612.5378720663606,-26.937429587112042,-179.488663,0.264109,179.605057
138.61848994496154,-612.4100250031399,-26.960212975200157,-179.488663,0.264109,179.605057
138.6188930057813,-612.28428271934,-26.98346654170667,-179.488663,0.264109,179.605057
138.61981634141858,-612.1564830594605,-27.006297095007973,-179.488663,0.264109,179.605057
138.6204199334681,-612.0300895195278,-27.029090050112675,-179.488663,0.264109,179.605057
138.62054032571314,-611.9015081339302,-27.05135843668917,-179.488663,0.264109,179.605057
138.620562365752,-611.7743178922392,-27.073568914004472,-179.488663,0.264109,179.605057
138.61974308855795,-611.6492148072115,-27.09623785391198,-179.488663,0.264109,179.605057
138.61876719985966,-611.5220417307255,-27.118998486337922,-179.488663,0.264109,179.605057
138.61777386816647,-611.3962633397025,-27.141777457267555,-179.488663,0.264109,179.605057
138.61802317525834,-611.2682860673333,-27.164043047009038,-179.488663,0.264109,179.605057
138.61851746440638,-611.1416891399018,-27.186252964957333,-179.488663,0.264109,179.605057
138.61905372007553,-611.0171687710924,-27.20845174854699,-179.488663,0.264109,179.605057
138.61918007563494,-610.8905680036972,-27.230648305264925,-179.488663,0.264109,179.605057
138.61963332078224,-610.7653517008322,-27.251810318830735,-179.488663,0.264109,179.605057
138.62014549769393,-610.6421931449585,-27.272859432655004,-179.488663,0.264109,179.605057
138.62025150999793,-610.5169310601666,-27.29388596653097,-179.488663,0.264109,179.605057
138.6198641149832,-610.3930297747969,-27.31387427775061,-179.488663,0.264109,179.605057
138.61938354812273,-610.2668961342592,-27.333748917772315,-179.488663,0.264109,179.605057
138.61889118162176,-610.1421099233532,-27.353083774665542,-179.488663,0.264109,179.605057
138.6184034577385,-610.0193679355955,-27.372357679377522,-179.488663,0.264109,179.605057
138.6183342655629,-609.8945137896266,-27.39161939365325,-179.488663,0.264109,179.605057
138.61834976379532,-609.7710129154248,-27.41087866984173,-179.488663,0.264109,179.605057
138.61838197969007,-609.6495391524539,-27.43013745841276,-179.488663,0.264109,179.605057
138.61882774760232,-609.5259317719137,-27.44887910057141,-179.488663,0.264109,179.605057
138.61893921944107,-609.4036556394941,-27.467564317892027,-179.488663,0.264109,179.605057
138.62021424668788,-609.2791181283595,-27.485721201356153,-179.488663,0.264109,179.605057
138.6212931846288,-609.1558995416405,-27.503302373604534,-179.488663,0.264109,179.605057
138.62190689314667,-609.0304305152599,-27.520770323609764,-179.488663,0.264109,179.605057
138.62241882748108,-608.9062958493224,-27.538170544721922,-179.488663,0.264109,179.605057
138.6229031261349,-608.7841935262779,-27.55602918449991,-179.488663,0.264109,179.605057
138.6225536765162,-608.6599675715174,-27.57346437912217,-179.488663,0.264109,179.605057
138.62204244719308,-608.5370836595482,-27.5902997558244,-179.488663,0.264109,179.605057
138.6215061327462,-608.4162158384407,-27.606923080053736,-179.488663,0.264109,179.605057
138.6213830955244,-608.2932035778504,-27.62233080267738,-179.488663,0.264109,179.605057
138.62175513027705,-608.1715119370696,-27.636745253868774,-179.488663,0.264109,179.605057
138.62304222159696,-608.0518151458084,-27.651103984107053,-179.488663,0.264109,179.605057
138.6240833522649,-607.9299530121491,-27.66611155237693,-179.488663,0.264109,179.605057
138.6250604836107,-607.8093909603556,-27.680498737142017,-179.488663,0.264109,179.605057
138.6256002514463,-607.6908035852274,-27.694575747428363,-179.488663,0.264109,179.605057
138.62563420321504,-607.5700310547675,-27.707323522818967,-179.488663,0.264109,179.605057
138.62556650890087,-607.4505391470076,-27.718961682341533,-179.488663,0.264109,179.605057
138.62547944813366,-607.328736137587,-27.729909829801603,-179.488663,0.264109,179.605057
138.62538975227343,-607.2082032173017,-27.74072157484917,-179.488663,0.264109,179.605057
138.62653280506905,-607.0896385608208,-27.752072048303127,-179.488663,0.264109,179.605057
138.62790615084495,-606.9688871433264,-27.763203156327254,-179.488663,0.264109,179.605057
138.62766335652142,-606.8451490604556,-27.772506533487636,-179.488663,0.264109,179.605057
138.62751145391954,-606.7225734750217,-27.780553235586375,-179.488663,0.264109,179.605057
138.62737989005453,-606.6019736862901,-27.78778654045057,-179.488663,0.264109,179.605057
138.62807559840073,-606.4792175872277,-27.794248099201187,-179.488663,0.264109,179.605057
138.62933753333718,-606.357776090619,-27.799946242062422,-179.488663,0.264109,179.605057
138.62905209940587,-606.2340580157863,-27.805399683968,-179.488663,0.264109,179.605057
138.62846125120583,-606.1073775045953,-27.81024212346023,-179.488663,0.264109,179.605057
138.62822838999315,-605.9776395178474,-27.81444730469201,-179.488663,0.264109,179.605057
138.62807043798182,-605.8491351984661,-27.818009976493922,-179.488663,0.264109,179.605057
138.62875104757268,-605.7227052295451,-27.82092908863208,-179.488663,0.264109,179.605057
138.6291790230365,-605.5942215791629,-27.823204431059715,-179.488663,0.264109,179.605057
138.62913971824608,-605.4671545155161,-27.82483596176746,-179.488663,0.264109,179.605057
138.6290075164063,-605.337911278566,-27.826340330131234,-179.488663,0.264109,179.605057
138.6292692820272,-605.2058042663253,-27.826317470470656,-179.488663,0.264109,179.605057
138.62960611825144,-605.0750033543117,-27.825474071871874,-179.488663,0.264109,179.605057
138.63077451137008,-604.9463239419808,-27.82437454770767,-179.488663,0.264109,179.605057
138.632092598721,-604.8156322701177,-27.82317839398594,-179.488663,0.264109,179.605057
138.6321898787871,-604.6863968723478,-27.823045972130483,-179.488663,0.264109,179.605057
138.63163094719093,-604.555024077276,-27.822846189981615,-179.488663,0.264109,179.605057
138.63094872251165,-604.4250922158293,-27.822493842440732,-179.488663,0.264109,179.605057
138.63107287530005,-604.2930297942481,-27.821454839599223,-179.488663,0.264109,179.605057
138.63135653785346,-604.1624194817471,-27.82009240791981,-179.488663,0.264109,179.605057
138.63207873471467,-604.0296904932843,-27.819466286028373,-179.488663,0.264109,179.605057
138.63287836719317,-603.8941588041316,-27.819365381650087,-179.488663,0.264109,179.605057
138.63286078091102,-603.7599941366424,-27.818854391885537,-179.488663,0.264109,179.605057
138.63268000099274,-603.6280109932012,-27.818780353932627,-179.488663,0.264109,179.605057
138.63205848677273,-603.4940745814985,-27.818795626342045,-179.488663,0.264109,179.605057
138.6317683316724,-603.3616523895544,-27.818877685268372,-179.488663,0.264109,179.605057
138.631959241713,-603.2314163794031,-27.819539074831415,-179.488663,0.264109,179.605057
138.6326543162834,-603.0992031844212,-27.82041225941069,-179.488663,0.264109,179.605057
138.63344033825481,-602.9684749179131,-27.821470736326546,-179.488663,0.264109,179.605057
138.63423337072726,-602.8399028835569,-27.82270920504305,-179.488663,0.264109,179.605057
138.63419519328252,-602.7093240090084,-27.824643654341905,-179.488663,0.264109,179.605057
138.63399131682243,-602.5802008881927,-27.826390188646123,-179.488663,0.264109,179.605057
138.63375720013562,-602.453205335842,-27.82880612661808,-179.488663,0.264109,179.605057
138.633520365063,-602.3241747894843,-27.832062931990247,-179.488663,0.264109,179.605057
138.63328635463424,-602.196572345429,-27.836288515286903,-179.488663,0.264109,179.605057
138.63264557061592,-602.0710703121497,-27.841085774168455,-179.488663,0.264109,179.605057
138.6319325452524,-601.9435066121655,-27.846939305944765,-179.488663,0.264109,179.605057
138.63162587909164,-601.8173448181288,-27.853475985633363,-179.488663,0.264109,179.605057
138.63140484624574,-601.688991039686,-27.86170229045997,-179.488663,0.264109,179.605057
138.6307934169744,-601.562024340322,-27.87087942698085,-179.488663,0.264109,179.605057
138.63052327096761,-601.4371408053868,-27.880953645396136,-179.488663,0.264109,179.605057
138.62991455702362,-601.3101833580565,-27.891914195745862,-179.488663,0.264109,179.605057
138.62965745342382,-601.1846167452759,-27.90375892803803,-179.488663,0.264109,179.605057
138.6294743284774,-601.0611141356759,-27.91648741227424,-179.488663,0.264109,179.605057
138.629719270372,-600.935514141604,-27.930099562454814,-179.488663,0.264109,179.605057
138.62963567535004,-600.8112809816647,-27.94511241026871,-179.488663,0.264109,179.605057
138.62948756185182,-600.684821393493,-27.960642268720378,-179.488663,0.264109,179.605057
138.62850731782805,-600.5597150560402,-27.977029449299597,-179.488663,0.264109,179.605057
138.62737458894753,-600.4366586588637,-27.994295009859886,-179.488663,0.264109,179.605057
138.6266381396842,-600.3114957185024,-28.012443161971945,-179.488663,0.264109,179.605057
138.62599142028932,-600.1876915646559,-28.03147474794991,-179.488663,0.264109,179.605057
138.62537184465515,-600.0659199383003,-28.051906985145504,-179.488663,0.264109,179.605057
138.62476650951544,-599.9420200139068,-28.073890321473513,-179.488663,0.264109,179.605057
138.62376196501882,-599.8151898954969,-28.096466828739114,-179.488663,0.264109,179.605057
138.62145808772814,-599.6895775444125,-28.119208974636678,-179.488663,0.264109,179.605057
138.6156417768001,-599.5617285668973,-28.14245429270508,-179.488663,0.264109,179.605057
138.6104377000111,-599.435250560665,-28.16580024520765,-179.488663,0.264109,179.605057
138.60707275025314,-599.3108455470003,-28.188649275708165,-179.488663,0.264109,179.605057
138.60576792740906,-599.1843577809323,-28.21144592625271,-179.488663,0.264109,179.605057
138.60900213187264,-599.0592524015009,-28.23470214525051,-179.488663,0.264109,179.605057
138.6135088108898,-598.9319361092378,-28.25753322905007,-179.488663,0.264109,179.605057
138.61697388982728,-598.8059883550093,-28.280326290254425,-179.488663,0.264109,179.605057
138.62018136762612,-598.6821055653369,-28.30311174693974,-179.488663,0.264109,179.605057
138.6265788188463,-598.5561309904731,-28.324861584943474,-179.488663,0.264109,179.605057
138.63105750100007,-598.4315296969693,-28.346968352544216,-179.488663,0.264109,179.605057
138.63098028808326,-598.304708500356,-28.369146506064364,-179.488663,0.264109,179.605057
138.62752721651384,-598.1792470023616,-28.391338936768395,-179.488663,0.264109,179.605057
138.6230374168984,-598.055841785396,-28.41301717402031,-179.488663,0.264109,179.605057
138.61963612660168,-597.934602921055,-28.43463957702625,-179.488663,0.264109,179.605057
138.6197880231862,-597.8112549466429,-28.454700057627438,-179.488663,0.264109,179.605057
138.62064839684,-597.6892394325193,-28.474589131525452,-179.488663,0.264109,179.605057
138.6224613405935,-597.5649590755434,-28.494443924082834,-179.488663,0.264109,179.605057
138.62402656983352,-597.4419932928515,-28.514291860372087,-179.488663,0.264109,179.605057
138.62675377291055,-597.3210392717037,-28.533621376518823,-179.488663,0.264109,179.605057
138.6296745838668,-597.1979411711656,-28.552894213081505,-179.488663,0.264109,179.605057
138.63177124264305,-597.0761649832901,-28.571638664838485,-179.488663,0.264109,179.605057
138.63285014072517,-596.9563851059528,-28.59032444407877,-179.488663,0.264109,179.605057
138.63247814234015,-596.8344413600896,-28.60848143992683,-179.488663,0.264109,179.605057
138.6330532553054,-596.7052658182402,-28.626062634651994,-179.488663,0.264109,179.605057
138.6333989444897,-596.5722144137886,-28.642496491374807,-179.488663,0.264109,179.605057
138.6332831657827,-596.4402801234577,-28.658561787163812,-179.488663,0.264109,179.605057
138.6334874067946,-596.3061789880801,-28.672252464099394,-179.488663,0.264109,179.605057
138.63580785810035,-596.1735516998409,-28.68453008393095,-179.488663,0.264109,179.605057
138.63810788282407,-596.0431054357953,-28.695869021230596,-179.488663,0.264109,179.605057
138.64078177743534,-595.9106839456772,-28.706834195357192,-179.488663,0.264109,179.605057
138.6439030839674,-595.7797507382039,-28.717585594626957,-179.488663,0.264109,179.605057
138.6466588143018,-595.6509773484325,-28.728248834480908,-179.488663,0.264109,179.605057
138.6468364590097,-595.5202006993005,-28.7389434024517,-179.488663,0.264109,179.605057
138.64649596008982,-595.3908833328619,-28.7492701204903,-179.488663,0.264109,179.605057
138.64605667509568,-595.259430336618,-28.759196157431358,-179.488663,0.264109,179.605057
138.64642521382882,-595.1294197681373,-28.769231995930678,-179.488663,0.264109,179.605057
138.64695007586766,-594.9972800577387,-28.779009688074986,-179.488663,0.264109,179.605057
138.64914318230754,-594.8665938392825,-28.78850264872607,-179.488663,0.264109,179.605057
138.65204941344714,-594.7380569676546,-28.79667146307851,-179.488663,0.264109,179.605057
138.65218049201712,-594.607511378678,-28.803214630393445,-179.488663,0.264109,179.605057
138.65175467584467,-594.4784206946082,-28.80943462385643,-179.488663,0.264109,179.605057
138.65163420344263,-594.3471902812487,-28.81606162699347,-179.488663,0.264109,179.605057
138.65116584651324,-594.2173983101325,-28.822348947620878,-179.488663,0.264109,179.605057
138.65063457375473,-594.0897399577207,-28.82824122063525,-179.488663,0.264109,179.605057
138.65009827370963,-593.9600572478396,-28.833210324127016,-179.488663,0.264109,179.605057
138.64956859558563,-593.8318140427831,-28.83710402038092,-179.488663,0.264109,179.605057
138.64986910837916,-593.7056826420521,-28.84083120407615,-179.488663,0.264109,179.605057
138.65074205206315,-593.5775008043302,-28.844574045259638,-179.488663,0.264109,179.605057
138.65171706672615,-593.4507319097908,-28.847945902385227,-179.488663,0.264109,179.605057
138.6522879620431,-593.326048539277,-28.850916451588123,-179.488663,0.264109,179.605057
138.65276991409075,-593.1992888815047,-28.853479628095368,-179.488663,0.264109,179.605057
138.6524058897221,-593.073916770302,-28.855117170063483,-179.488663,0.264109,179.605057
138.65187784730568,-592.9463385717728,-28.85619546956822,-179.488663,0.264109,179.605057
138.65173517788293,-592.8201336012684,-28.85674080058028,-179.488663,0.264109,179.605057
138.65208227880183,-592.695998191505,-28.8567584178938,-179.488663,0.264109,179.605057
138.6529330639093,-592.5697755086065,-28.856766421356504,-179.488663,0.264109,179.605057
138.6530511524663,-592.4449305381268,-28.8558813376046,-179.488663,0.264109,179.605057
138.65302102223154,-592.3221366830442,-28.85496056974311,-179.488663,0.264109,179.605057
138.6529616767573,-592.1972327858688,-28.853141500615255,-179.488663,0.264109,179.605057
138.65289733225967,-592.073683291257,-28.85076865567857,-179.488663,0.264109,179.605057
138.6532435697458,-591.9521618255256,-28.848380984469014,-179.488663,0.264109,179.605057
138.65325633269552,-591.8285076041941,-28.84613328133821,-179.488663,0.264109,179.605057
138.65320221922045,-591.7061854695571,-28.843633465156497,-179.488663,0.264109,179.605057
138.65272483340763,-591.5816027781739,-28.840850124142374,-179.488663,0.264109,179.605057
138.65258024928104,-591.4583398181632,-28.83777697593955,-179.488663,0.264109,179.605057
138.65291494846593,-591.3370938776361,-28.834412764076763,-179.488663,0.264109,179.605057
138.65334074414696,-591.2179757277155,-28.831274286148652,-179.488663,0.264109,179.605057
138.65377870336638,-591.0967105940483,-28.829028955007473,-179.488663,0.264109,179.605057
138.65380219987352,-590.9767407233106,-28.82691716877924,-179.488663,0.264109,179.605057
138.65333180299896,-590.8544694766539,-28.824881015978036,-179.488663,0.264109,179.605057
138.65317998420363,-590.7334769236545,-28.822908914306684,-179.488663,0.264109,179.605057
138.6526833735581,-590.6101942256961,-28.820998547305745,-179.488663,0.264109,179.605057
138.65212486744952,-590.4882068526722,-28.819149451683334,-179.488663,0.264109,179.605057
138.6515619254463,-590.3682134761629,-28.817878583669966,-179.488663,0.264109,179.605057
138.6510061025504,-590.2460588047555,-28.817336338956178,-179.488663,0.264109,179.605057
138.6508702751794,-590.1252091852509,-28.817129756680085,-179.488663,0.264109,179.605057
138.65040971201375,-590.0063393262709,-28.81722724911376,-179.488663,0.264109,179.605057
138.64989075192088,-589.885289346279,-28.817622498711604,-179.488663,0.264109,179.605057
138.64936749320833,-589.7655249418003,-28.818314241964504,-179.488663,0.264109,179.605057
138.64844015000685,-589.6434543017324,-28.820335932837306,-179.488663,0.264109,179.605057
138.64703451212202,-589.5226585303163,-28.822954528789644,-179.488663,0.264109,179.605057
138.64596387326154,-589.4038357169353,-28.82663444353567,-179.488663,0.264109,179.605057
138.64579679440305,-589.2828307529517,-28.830998515373764,-179.488663,0.264109,179.605057
138.64540213711095,-589.1631103183352,-28.83601831640805,-179.488663,0.264109,179.605057
138.64496757703586,-589.0453494802179,-28.842205209948244,-179.488663,0.264109,179.605057
138.64453121681407,-588.9253887155423,-28.849191424211835,-179.488663,0.264109,179.605057
138.64410070257506,-588.8066940742085,-28.857984507064554,-179.488663,0.264109,179.605057
138.64326681373507,-588.6856740924419,-28.867845879190654,-179.488663,0.264109,179.605057
138.64236410972728,-588.5659102156627,-28.878721833615874,-179.488663,0.264109,179.605057
138.63981603669848,-588.4481008683508,-28.890084580056474,-179.488663,0.264109,179.605057
138.63410046245966,-588.3280912709831,-28.902815653789037,-179.488663,0.264109,179.605057
138.62824334281248,-588.2093484267666,-28.916574312979996,-179.488663,0.264109,179.605057
138.6240838820075,-588.0925477202983,-28.931339413707075,-179.488663,0.264109,179.605057
138.62361022085796,-587.973529940316,-28.947623776074714,-179.488663,0.264109,179.605057
138.62511423393138,-587.8514947762794,-28.965059919659353,-179.488663,0.264109,179.605057
138.6245266136635,-587.730591746654,-28.98310430393184,-179.488663,0.264109,179.605057
138.62270591288228,-587.6116346536654,-29.002118265230777,-179.488663,0.264109,179.605057
138.62107515707615,-587.4904919155489,-29.022127066379454,-179.488663,0.264109,179.605057
138.62361580545874,-587.370634967349,-29.044169857720302,-179.488663,0.264109,179.605057
138.62572260101317,-587.2527398092845,-29.068031429321806,-179.488663,0.264109,179.605057
138.62771266268743,-587.1326470737174,-29.092440721419884,-179.488663,0.264109,179.605057
138.62800663004182,-587.0095561415555,-29.1159254598395,-179.488663,0.264109,179.605057
138.63001230877433,-586.8876161966656,-29.139319296412307,-179.488663,0.264109,179.605057
138.63109802679605,-586.7633740395573,-29.163164997060203,-179.488663,0.264109,179.605057
138.6311629780193,-586.6404384395731,-29.18658402163423,-179.488663,0.264109,179.605057
138.6310228521321,-586.5195125684357,-29.209964715437923,-179.488663,0.264109,179.605057
138.62960992594657,-586.3964418110127,-29.232303645309774,-179.488663,0.264109,179.605057
138.62796253465154,-586.2746924159937,-29.254528231284144,-179.488663,0.264109,179.605057
138.62711479101083,-586.1506721737403,-29.276729948479016,-179.488663,0.264109,179.605057
138.6280817003661,-586.0279616054853,-29.2984100430291,-179.488663,0.264109,179.605057
138.6306315664986,-585.9029915223341,-29.320032817494674,-179.488663,0.264109,179.605057
138.63181731477937,-585.7793468884975,-29.34211417238779,-179.488663,0.264109,179.605057
138.6314813755142,-585.6577258459827,-29.364287243366412,-179.488663,0.264109,179.605057
138.63043520987608,-585.533972576559,-29.38544455978436,-179.488663,0.264109,179.605057
138.62967254443024,-585.4115529082522,-29.40696277862351,-179.488663,0.264109,179.605057
138.63020942582028,-585.286874373229,-29.427519080169112,-179.488663,0.264109,179.605057
138.63099858093105,-585.163517270694,-29.447977007144903,-179.488663,0.264109,179.605057
138.63265007835776,-585.037912200115,-29.468415259206726,-179.488663,0.264109,179.605057
138.63486122295092,-584.9136439191532,-29.48884957628576,-179.488663,0.264109,179.605057
138.6367421829209,-584.787143700555,-29.509283106368233,-179.488663,0.264109,179.605057
138.63647524342448,-584.6619962086497,-29.529199821273618,-179.488663,0.264109,179.605057
138.63537185384095,-584.5388991375236,-29.54906014203247,-179.488663,0.264109,179.605057
138.63617020022517,-584.413696197787,-29.56787508618424,-179.488663,0.264109,179.605057
138.63733753954327,-584.2855860816934,-29.586574963903484,-179.488663,0.264109,179.605057
138.63938518640003,-584.1587165408683,-29.60525182833622,-179.488663,0.264109,179.605057
138.64116910600927,-584.0338994819,-29.623924090111654,-179.488663,0.264109,179.605057
138.64287490886787,-583.907001428586,-29.64259543135563,-179.488663,0.264109,179.605057
138.64330705029124,-583.7814919487166,-29.661266588493312,-179.488663,0.264109,179.605057
138.64265698008288,-583.6537785405833,-29.679420659920847,-179.488663,0.264109,179.605057
138.64138904632446,-583.5274407152684,-29.697001269761913,-179.488663,0.264109,179.605057
138.64042623935842,-583.4031748111439,-29.71395205839679,-179.488663,0.264109,179.605057
138.6411808176721,-583.2768239618938,-29.730167745012654,-179.488663,0.264109,179.605057
138.64268058570573,-583.1518531134748,-29.74605031344694,-179.488663,0.264109,179.605057
138.64471872831575,-583.0289356283993,-29.762667253800462,-179.488663,0.264109,179.605057
138.6460124478128,-582.9039103091137,-29.779809024093392,-179.488663,0.264109,179.605057
138.64672821645445,-582.7802415608604,-29.7970576803742,-179.488663,0.264109,179.605057
138.64649688177096,-582.6586029712331,-29.812825491630363,-179.488663,0.264109,179.605057
138.64607941651573,-582.5348337177168,-29.827687996103815,-179.488663,0.264109,179.605057
138.64604132909648,-582.4123986052504,-29.842089332554064,-179.488663,0.264109,179.605057
138.64649032559882,-582.2919716203714,-29.85555427539967,-179.488663,0.264109,179.605057
138.64867479760187,-582.1693923336837,-29.868974872857677,-179.488663,0.264109,179.605057
138.65240729665882,-582.0438592698227,-29.882012485682612,-179.488663,0.264109,179.605057
138.65351987225105,-581.9195208096575,-29.89516343935871,-179.488663,0.264109,179.605057
138.65409263985305,-581.7971896394428,-29.908056954538374,-179.488663,0.264109,179.605057
138.65249418871775,-581.6727330816389,-29.920148830907642,-179.488663,0.264109,179.605057
138.6476095606956,-581.5496214951393,-29.930766566181497,-179.488663,0.264109,179.605057
138.64213716756126,-581.4242631565752,-29.94066838879182,-179.488663,0.264109,179.605057
138.64114416210688,-581.3002383417466,-29.949911971091666,-179.488663,0.264109,179.605057
138.64065049026604,-581.1782441401427,-29.95902550532941,-179.488663,0.264109,179.605057
138.64149570625852,-581.0541244231622,-29.96712828328807,-179.488663,0.264109,179.605057
138.6438304567458,-580.9313448613034,-29.974043772213136,-179.488663,0.264109,179.605057
138.64642990879176,-580.8063128620154,-29.979642692220374,-179.488663,0.264109,179.605057
138.64781155338702,-580.6826086081203,-29.98483927622182,-179.488663,0.264109,179.605057
138.64892998643566,-580.5609292526924,-29.989816370799886,-179.488663,0.264109,179.605057
138.64997987057166,-580.4371187611241,-29.993670456382166,-179.488663,0.264109,179.605057
138.65141355768404,-580.3146429026523,-29.996737877943065,-179.488663,0.264109,179.605057
138.652903615175,-580.1899091830091,-29.99955594892191,-179.488663,0.264109,179.605057
138.6547944214796,-580.0664978818111,-30.001245038673233,-179.488663,0.264109,179.605057
138.6567384860795,-579.9408395805857,-30.002663318845723,-179.488663,0.264109,179.605057
138.65825488675299,-579.816519019639,-30.00346537488022,-179.488663,0.264109,179.605057
138.65843041027608,-579.6942341213927,-30.00414578608712,-179.488663,0.264109,179.605057
138.65833526203454,-579.5698288520169,-30.004333779439612,-179.488663,0.264109,179.605057
138.65777666599286,-579.446768827802,-30.004002169221224,-179.488663,0.264109,179.605057
138.65754399153485,-579.3257280396303,-30.003145518288655,-179.488663,0.264109,179.605057
138.65820114387475,-579.202545900988,-30.00227978810214,-179.488663,0.264109,179.605057
138.65902691540762,-579.0806874160011,-30.00103812650928,-179.488663,0.264109,179.605057
138.6594639998062,-578.9565600935317,-29.99991121641293,-179.488663,0.264109,179.605057
138.65899579713312,-578.8337443699298,-29.99852714994922,-179.488663,0.264109,179.605057
138.65835319592819,-578.7129376786149,-29.99685854998981,-179.488663,0.264109,179.605057
138.65809552090064,-578.5899842667006,-29.995416989997928,-179.488663,0.264109,179.605057
138.65832916248678,-578.4683501814136,-29.99383474022177,-179.488663,0.264109,179.605057
138.65783641115976,-578.3444432017761,-29.99311935693321,-179.488663,0.264109,179.605057
138.6580267226023,-578.2218438758679,-29.992532262497722,-179.488663,0.264109,179.605057
138.65835093994713,-578.0969830488962,-29.99201975027729,-179.488663,0.264109,179.605057
138.65787599404797,-577.9734457201398,-29.992088127833203,-179.488663,0.264109,179.605057
138.6572479702861,-577.847663399702,-29.992368612233275,-179.488663,0.264109,179.605057
138.65659826284525,-577.723220985041,-29.99283445133551,-179.488663,0.264109,179.605057
138.65513212561882,-577.5965497325438,-29.99451439248929,-179.488663,0.264109,179.605057
138.65434488749807,-577.4712342591815,-29.9966740962756,-179.488663,0.264109,179.605057
138.65370462547395,-577.3479722061564,-29.999260703699534,-179.488663,0.264109,179.605057
138.65310286461792,-577.2226072308416,-30.002780300739875,-179.488663,0.264109,179.605057
138.65169602903882,-577.0986046396067,-30.007381464592385,-179.488663,0.264109,179.605057
138.65014818684335,-576.9766381175965,-30.012670835140668,-179.488663,0.264109,179.605057
138.64818171263582,-576.8525467777442,-30.01861674480588,-179.488663,0.264109,179.605057
138.64615947965905,-576.7297953289348,-30.02624695785003,-179.488663,0.264109,179.605057
138.64456730001967,-576.609057656717,-30.034826938236638,-179.488663,0.264109,179.605057
138.64390510871374,-576.4861732311557,-30.04533788542507,-179.488663,0.264109,179.605057
138.6434383329064,-576.3646071445337,-30.057035950418314,-179.488663,0.264109,179.605057
138.64260661212137,-576.2407669989316,-30.06986637230585,-179.488663,0.264109,179.605057
138.64171373125868,-576.1182333236042,-30.083818198905583,-179.488663,0.264109,179.605057
138.64082131713042,-575.997703643492,-30.098889239781084,-179.488663,0.264109,179.605057
138.63953102179448,-575.8750222956509,-30.114562007956184,-179.488663,0.264109,179.605057
138.6385901677507,-575.7536554156557,-30.131203050480096,-179.488663,0.264109,179.605057
138.63773258300057,-575.6300108693008,-30.14883867231821,-179.488663,0.264109,179.605057
138.63772518220344,-575.5076692898887,-30.168508232241386,-179.488663,0.264109,179.605057
138.63747725678598,-575.3830616063278,-30.188962464226023,-179.488663,0.264109,179.605057
138.63718475249487,-575.2597729001035,-30.211032617289614,-179.488663,0.264109,179.605057
138.6360661591567,-575.1342347620572,-30.23385084345789,-179.488663,0.264109,179.605057
138.63520892355885,-575.0100321689432,-30.257111377580436,-179.488663,0.264109,179.605057
138.63482681797086,-574.8835964550289,-30.28093041773828,-179.488663,0.264109,179.605057
138.6345451727755,-574.7585123137745,-30.30486115910318,-179.488663,0.264109,179.605057
138.63428762527914,-574.6354774615056,-30.328814240709494,-179.488663,0.264109,179.605057
138.63403856022035,-574.5146022960438,-30.353241834808536,-179.488663,0.264109,179.605057
138.63420540057436,-574.391611514741,-30.37823402029501,-179.488663,0.264109,179.605057
138.63404238250365,-574.2699468124931,-30.402822466281194,-179.488663,0.264109,179.605057
138.63340504456056,-574.1460110018215,-30.427377133256208,-179.488663,0.264109,179.605057
138.63309257367155,-574.0233836121058,-30.451925044428986,-179.488663,0.264109,179.605057
138.63284952022371,-573.8984952739017,-30.475437506663543,-179.488663,0.264109,179.605057
138.63262380702432,-573.7749309356988,-30.498836887999342,-179.488663,0.264109,179.605057
138.63240477201788,-573.6533887569727,-30.522683697599835,-179.488663,0.264109,179.605057
138.62931374337012,-573.5297129433507,-30.54558589507549,-179.488663,0.264109,179.605057
138.6256922772904,-573.4073693476541,-30.56886322345951,-179.488663,0.264109,179.605057
138.62365889568633,-573.2870321933482,-30.591181480247425,-179.488663,0.264109,179.605057
138.625671605738,-573.1645411224039,-30.613401931605008,-179.488663,0.264109,179.605057
138.63134135335562,-573.0433613633631,-30.635602821876525,-179.488663,0.264109,179.605057
138.6347854276314,-572.9199006454983,-30.65676570215305,-179.488663,0.264109,179.605057
138.63609094040473,-572.7977396216338,-30.67781498931947,-179.488663,0.264109,179.605057
138.63695017358475,-572.6733092711312,-30.698324508974974,-179.488663,0.264109,179.605057
138.63853104175197,-572.5501947313968,-30.718256421794962,-179.488663,0.264109,179.605057
138.63858930901384,-572.4248276494923,-30.73811978213674,-179.488663,0.264109,179.605057
138.63752089407137,-572.3007930576521,-30.75843912087176,-179.488663,0.264109,179.605057
138.63624233792274,-572.1745223446864,-30.777815948618763,-179.488663,0.264109,179.605057
138.63535060410922,-572.0496002576355,-30.7970982475015,-179.488663,0.264109,179.605057
138.63578091719918,-571.9267245654502,-30.815844591722488,-179.488663,0.264109,179.605057
138.63646951966146,-571.8017390509712,-30.834530749455578,-179.488663,0.264109,179.605057
138.63802309765208,-571.678109143795,-30.852170772113304,-179.488663,0.264109,179.605057
138.6397275754169,-571.5522419834259,-30.869650492200407,-179.488663,0.264109,179.605057
138.640614880564,-571.4277174831434,-30.887570116217827,-179.488663,0.264109,179.605057
138.6409154650698,-571.3052325299933,-30.905579641021312,-179.488663,0.264109,179.605057
138.64109443046777,-571.1806308278257,-30.923648390426454,-179.488663,0.264109,179.605057
138.64165719342515,-571.057377888952,-30.941211935863038,-179.488663,0.264109,179.605057
138.64228871215457,-570.9361476334234,-30.95867636050591,-179.488663,0.264109,179.605057
138.64415877821648,-570.8127794115312,-30.975041778767817,-179.488663,0.264109,179.605057
138.6458392905831,-570.6907381666333,-30.991048302420197,-179.488663,0.264109,179.605057
138.64745799159036,-570.5664313481727,-31.00674994492845,-179.488663,0.264109,179.605057
138.64862886435586,-570.4434393341957,-31.022157508985657,-179.488663,0.264109,179.605057
138.64969351906035,-570.3224595008695,-31.037273155130432,-179.488663,0.264109,179.605057
138.6499004550635,-570.1993360390808,-31.05158026658161,-179.488663,0.264109,179.605057
138.64993290423655,-570.077534940834,-31.0654455644274,-179.488663,0.264109,179.605057
138.64992999454424,-569.9577305975818,-31.078378339552117,-179.488663,0.264109,179.605057
138.64992005446115,-569.8357628226546,-31.090750494577062,-179.488663,0.264109,179.605057
138.65031951633662,-569.7150970141914,-31.102589405582048,-179.488663,0.264109,179.605057
138.65161828847937,-569.5964077349637,-31.11441759667193,-179.488663,0.264109,179.605057
138.65307845124954,-569.475535120221,-31.125869528223244,-179.488663,0.264109,179.605057
138.6537270142747,-569.3559449155626,-31.136919096755726,-179.488663,0.264109,179.605057
138.65461470001003,-569.2383120313875,-31.147044032684448,-179.488663,0.264109,179.605057
138.6547162520903,-569.1184769456618,-31.15660992653686,-179.488663,0.264109,179.605057
138.65424846647662,-568.9999057408451,-31.16564289197401,-179.488663,0.264109,179.605057
138.6536734662751,-568.8790069915675,-31.173631493950328,-179.488663,0.264109,179.605057
138.65390653427002,-568.7593621822764,-31.181459792123373,-179.488663,0.264109,179.605057
138.65429790115937,-568.6416697760482,-31.18878794064687,-179.488663,0.264109,179.605057
138.6543046950541,-568.521775031321,-31.19507828146268,-179.488663,0.264109,179.605057
138.65382381105894,-568.4031449885968,-31.200692971848067,-179.488663,0.264109,179.605057
138.65325223072486,-568.2821884024364,-31.205657474369588,-179.488663,0.264109,179.605057
138.6526706402655,-568.1624867790364,-31.209976881540555,-179.488663,0.264109,179.605057
138.65209531928988,-568.0404719046102,-31.21416886964142,-179.488663,0.264109,179.605057
138.6515294345537,-567.9197297026371,-31.21838433392826,-179.488663,0.264109,179.605057
138.6505628185373,-567.8009592575829,-31.221713329007848,-179.488663,0.264109,179.605057
138.65035113702592,-567.6800056769086,-31.22500796357932,-179.488663,0.264109,179.605057
138.65070411966374,-567.5603356978133,-31.227404561604725,-179.488663,0.264109,179.605057
138.65157568160052,-567.4426244120699,-31.229247436765363,-179.488663,0.264109,179.605057
138.65253856384956,-567.3227123143942,-31.230558447353044,-179.488663,0.264109,179.605057
138.65350601583575,-567.2040654708321,-31.231859013915027,-179.488663,0.264109,179.605057
138.65363928911887,-567.0830924332013,-31.232783376116313,-179.488663,0.264109,179.605057
138.65360383121913,-566.9633746621809,-31.233822435223235,-179.488663,0.264109,179.605057
138.65271379803963,-566.8456105972258,-31.234604327044618,-179.488663,0.264109,179.605057
138.65248684138714,-566.7256454735187,-31.235101683186674,-179.488663,0.264109,179.605057
138.65239572786803,-566.6069463087097,-31.235309029970644,-179.488663,0.264109,179.605057
138.65274374547897,-566.485921834913,-31.236259370438546,-179.488663,0.264109,179.605057
138.65317463973216,-566.3661535362794,-31.237219216309903,-179.488663,0.264109,179.605057
138.65361598103993,-566.2483398440368,-31.23761882992862,-179.488663,0.264109,179.605057
138.65323180157114,-566.1283259789176,-31.238331357096808,-179.488663,0.264109,179.605057
138.6526879818328,-566.0095789430826,-31.239014378086,-179.488663,0.264109,179.605057
138.6525306350324,-565.8927741198362,-31.239646413394954,-179.488663,0.264109,179.605057
138.65286348730743,-565.7737522965938,-31.24022316712341,-179.488663,0.264109,179.605057
138.65287897883184,-565.6559798281717,-31.2417778778691,-179.488663,0.264109,179.605057
138.6528307778822,-565.540132216931,-31.244094153351575,-179.488663,0.264109,179.605057
138.65318119062908,-565.4220505209311,-31.24675267955918,-179.488663,0.264109,179.605057
138.65319567580062,-565.3052013921001,-31.249716598134032,-179.488663,0.264109,179.605057
138.65273210277908,-565.1859939643131,-31.25297853740456,-179.488663,0.264109,179.605057
138.6521795111575,-565.0680102712632,-31.25653702303644,-179.488663,0.264109,179.605057
138.65120630823006,-564.9476826487953,-31.261425466829486,-179.488663,0.264109,179.605057
138.6505734908164,-564.82859756663,-31.267427866699204,-179.488663,0.264109,179.605057
138.64960708390876,-564.7114546470273,-31.274642000006487,-179.488663,0.264109,179.605057
138.64858770355607,-564.5920995259045,-31.282664382223498,-179.488663,0.264109,179.605057
138.64798289303496,-564.4739994595338,-31.29146132088912,-179.488663,0.264109,179.605057
138.6474695982298,-564.3535633828353,-31.301026077511132,-179.488663,0.264109,179.605057
138.6469819067606,-564.2343729727176,-31.310840255502203,-179.488663,0.264109,179.605057
138.64568493868174,-564.1171268484154,-31.321787268878193,-179.488663,0.264109,179.605057
138.64465522771582,-563.9976704150442,-31.334560849331172,-179.488663,0.264109,179.605057
138.64369361295067,-563.8794708558006,-31.348923707643994,-179.488663,0.264109,179.605057
138.64193618261345,-563.7589370651139,-31.364452350417668,-179.488663,0.264109,179.605057
138.64004458372662,-563.6396506864949,-31.380592034527957,-179.488663,0.264109,179.605057
138.63856549831402,-563.5223103076744,-31.398218904683347,-179.488663,0.264109,179.605057
138.6371899514777,-563.4027613030901,-31.41699114093665,-179.488663,0.264109,179.605057
138.6362653423561,-563.2844708258626,-31.436370334853976,-179.488663,0.264109,179.605057
138.6358547374405,-563.1638477408939,-31.457235898081887,-179.488663,0.264109,179.605057
138.6359634397471,-563.0444736626964,-31.479246664060803,-179.488663,0.264109,179.605057
138.6361744575098,-562.9270471505208,-31.502345706145476,-179.488663,0.264109,179.605057
138.63599227055553,-562.8074135508339,-31.525662403451303,-179.488663,0.264109,179.605057
138.63450025598345,-562.6890399892847,-31.548505582912465,-179.488663,0.264109,179.605057
138.6315354956506,-562.5726019704607,-31.571301063249145,-179.488663,0.264109,179.605057
138.6328392405348,-562.4539404008938,-31.593569954872038,-179.488663,0.264109,179.605057
138.63456747764624,-562.3322550857234,-31.616250577641058,-179.488663,0.264109,179.605057
138.63512225605314,-562.2116956570258,-31.639013546639312,-179.488663,0.264109,179.605057
138.63379000809286,-562.0930760286086,-31.661275935994514,-179.488663,0.264109,179.605057
138.63004596905236,-561.9722647282961,-31.683955258309997,-179.488663,0.264109,179.605057
138.62587282035108,-561.8527332987646,-31.706200918328655,-179.488663,0.264109,179.605057
138.6241389789436,-561.7351578459426,-31.727372752554604,-179.488663,0.264109,179.605057
138.62579410251712,-561.6153791060137,-31.74842383051091,-179.488663,0.264109,179.605057
138.6272803684405,-561.4840632285203,-31.768417050546617,-179.488663,0.264109,179.605057
138.62747972482956,-561.3480408604383,-31.78622447677598,-179.488663,0.264109,179.605057
138.6278295306876,-561.2130117345846,-31.803220628688518,-179.488663,0.264109,179.605057
138.6290257847561,-561.080101671411,-31.819445387959917,-179.488663,0.264109,179.605057
138.63119742618656,-560.9452390305607,-31.835329770925306,-179.488663,0.264109,179.605057
138.63271014841135,-560.8119039206227,-31.851947074185052,-179.488663,0.264109,179.605057
138.6336589058567,-560.6765039717642,-31.869088917059223,-179.488663,0.264109,179.605057
138.63366004357357,-560.542616743283,-31.88737168563406,-179.488663,0.264109,179.605057
138.6334716411639,-560.4109362327935,-31.907059279349024,-179.488663,0.264109,179.605057
138.63242667689653,-560.2773031887182,-31.92630975809202,-179.488663,0.264109,179.605057
138.63122526197162,-560.1451801967747,-31.945566787173952,-179.488663,0.264109,179.605057
138.63288608814972,-560.0109716311431,-31.962756930768116,-179.488663,0.264109,179.605057
138.63632774190944,-559.8782546948183,-31.98009967059806,-179.488663,0.264109,179.605057
138.64048727988754,-559.747723614116,-31.996863791897383,-179.488663,0.264109,179.605057
138.64308857016923,-559.6152194799082,-32.01393714949058,-179.488663,0.264109,179.605057
138.6436967703387,-559.4842052382414,-32.030463216564776,-179.488663,0.264109,179.605057
138.64307636919443,-559.3510856220754,-32.04730478553517,-179.488663,0.264109,179.605057
138.64386173793702,-559.2109048544394,-32.06411736599592,-179.488663,0.264109,179.605057
138.6440957576349,-559.071305538538,-32.08087906431029,-179.488663,0.264109,179.605057
138.6433948459103,-558.9338079254765,-32.09810255063983,-179.488663,0.264109,179.605057
138.64251691642357,-558.7944195079241,-32.114903265683516,-179.488663,0.264109,179.605057
138.64161606949264,-558.6566353425231,-32.13110429758114,-179.488663,0.264109,179.605057
138.6411341177848,-558.516864957905,-32.14657625507178,-179.488663,0.264109,179.605057
138.6411534662125,-558.3786851749134,-32.16171629990324,-179.488663,0.264109,179.605057
138.64168346615634,-558.2385220691608,-32.17707390886954,-179.488663,0.264109,179.605057
138.64230805862647,-558.0999557296934,-32.19228893288502,-179.488663,0.264109,179.605057
138.6429426865089,-557.9636794647555,-32.20733634657701,-179.488663,0.264109,179.605057
138.64357029565505,-557.8255326993802,-32.22169409598207,-179.488663,0.264109,179.605057
138.64377690839052,-557.6889765879141,-32.23521076586308,-179.488663,0.264109,179.605057
138.64348571668495,-557.5546807385929,-32.248279113172615,-179.488663,0.264109,179.605057
138.643509772151,-557.4184802604466,-32.26093068485674,-179.488663,0.264109,179.605057
138.64441786826248,-557.2838359300022,-32.27368883919356,-179.488663,0.264109,179.605057
138.6459023018028,-557.1514177706866,-32.28618820339426,-179.488663,0.264109,179.605057
138.6470684464408,-557.0170614594183,-32.29840270734551,-179.488663,0.264109,179.605057
138.64774368146348,-556.8842283630753,-32.31032713702465,-179.488663,0.264109,179.605057
138.6474897978872,-556.7493224248652,-32.321443400738254,-179.488663,0.264109,179.605057
138.64705370137978,-556.6159205805142,-32.33263497348098,-179.488663,0.264109,179.605057
138.6474086978809,-556.4804501589433,-32.34459559914063,-179.488663,0.264109,179.605057
138.6479168641446,-556.3464927123687,-32.35657094205034,-179.488663,0.264109,179.605057
138.64762710377397,-556.2147430333669,-32.36953824174339,-179.488663,0.264109,179.605057
138.64718187911282,-556.0810420144253,-32.38223580834867,-179.488663,0.264109,179.605057
138.64671189367766,-555.9488522530986,-32.39445830833639,-179.488663,0.264109,179.605057
138.64583297365832,-555.818844775456,-32.4065877150006,-179.488663,0.264109,179.605057
138.64570610025132,-555.686856083121,-32.418136369666776,-179.488663,0.264109,179.605057
138.6465527739219,-555.5563483203609,-32.42895973615557,-179.488663,0.264109,179.605057
138.6475821154269,-555.4279928539194,-32.4394519472311,-179.488663,0.264109,179.605057
138.64781201764185,-555.2976266800421,-32.44964482500176,-179.488663,0.264109,179.605057
138.64787876227837,-555.1687124613728,-32.459027685000336,-179.488663,0.264109,179.605057
138.64750125947546,-555.0419220804106,-32.46848548366672,-179.488663,0.264109,179.605057
138.64704027611347,-554.9130930412969,-32.47819521228888,-179.488663,0.264109,179.605057
138.64656915284746,-554.7856885057759,-32.487769229124424,-179.488663,0.264109,179.605057
138.64569203535376,-554.6603808465895,-32.49717701026932,-179.488663,0.264109,179.605057
138.64556752690777,-554.5330080493786,-32.505895402053845,-179.488663,0.264109,179.605057
138.64559531105812,-554.4070337487899,-32.51428981818853,-179.488663,0.264109,179.605057
138.64688693635313,-554.2788641153561,-32.522386336971024,-179.488663,0.264109,179.605057
138.64800051565066,-554.1520782723621,-32.53070722294975,-179.488663,0.264109,179.605057
138.64906264817648,-554.0231056972232,-32.53888688458994,-179.488663,0.264109,179.605057
138.65051182990757,-553.8955300522794,-32.54689920802909,-179.488663,0.264109,179.605057
138.65242847756176,-553.7700482025472,-32.5547389704947,-179.488663,0.264109,179.605057
138.65441135941174,-553.6467697426091,-32.562405127432264,-179.488663,0.264109,179.605057
138.65432417600343,-553.5214185876155,-32.570414518819774,-179.488663,0.264109,179.605057
138.65300288615197,-553.3931689989263,-32.577883419319505,-179.488663,0.264109,179.605057
138.64898778891194,-553.2661637176483,-32.58515213275278,-179.488663,0.264109,179.605057
138.64284836713276,-553.1412135951862,-32.59172466655055,-179.488663,0.264109,179.605057
138.63719272999992,-553.014184906229,-32.59848891553233,-179.488663,0.264109,179.605057
138.63294628552447,-552.8885471342157,-32.60510540977313,-179.488663,0.264109,179.605057
138.63150785123526,-552.7649743939044,-32.61207030862129,-179.488663,0.264109,179.605057
138.6306514767154,-552.6393054722399,-32.61952984839092,-179.488663,0.264109,179.605057
138.63074502703148,-552.5150046056353,-32.62657318745596,-179.488663,0.264109,179.605057
138.63226100959912,-552.3884785179232,-32.633018157491186,-179.488663,0.264109,179.605057
138.6360932513095,-552.2633068681259,-32.639251364831566,-179.488663,0.264109,179.605057
138.64156801963293,-552.140186324931,-32.64478607741076,-179.488663,0.264109,179.605057
138.64647209657394,-552.0149603841154,-32.65051204214881,-179.488663,0.264109,179.605057
138.65119228836642,-551.8910943549338,-32.65609015954087,-179.488663,0.264109,179.605057
138.65457479373484,-551.7692619582718,-32.66201666301927,-179.488663,0.264109,179.605057
138.65599721063097,-551.6453023488664,-32.66843780371496,-179.488663,0.264109,179.605057
138.6561860465701,-551.5226802780237,-32.67495979185409,-179.488663,0.264109,179.605057
138.65612548065116,-551.4020696732345,-32.681033825037474,-179.488663,0.264109,179.605057
138.65766034018696,-551.2793100458128,-32.68650313834082,-179.488663,0.264109,179.605057
138.6603137890337,-551.157866528566,-32.69227646766815,-179.488663,0.264109,179.605057
138.66315321780345,-551.0341467633772,-32.698018511311396,-179.488663,0.264109,179.605057
138.6655787929042,-550.9117313185936,-32.70422626226227,-179.488663,0.264109,179.605057
138.6670657668697,-550.7913177575504,-32.71052907467467,-179.488663,0.264109,179.605057
138.66711009475623,-550.6687504550122,-32.71689982382381,-179.488663,0.264109,179.605057
138.6664545963192,-550.5474955835889,-32.723333084764754,-179.488663,0.264109,179.605057
138.66525778859526,-550.4282277121155,-32.7298277725085,-179.488663,0.264109,179.605057
138.66396974027933,-550.3067868281375,-32.73638367005724,-179.488663,0.264109,179.605057
138.66350309608774,-550.1866385008973,-32.74351778290033,-179.488663,0.264109,179.605057
138.6644411472162,-550.0641907945477,-32.751380516580056,-179.488663,0.264109,179.605057
138.6648236851259,-549.9430246908665,-32.75957891220489,-179.488663,0.264109,179.605057
138.66467901318606,-549.8238381589714,-32.76808138244097,-179.488663,0.264109,179.605057
138.66443095683275,-549.7024759721093,-32.776881609821515,-179.488663,0.264109,179.605057
138.66375508484268,-549.5824046942448,-32.785978330853176,-179.488663,0.264109,179.605057
138.66300326212692,-549.4600326119094,-32.795888341726176,-179.488663,0.264109,179.605057
138.66265760852238,-549.3389407716285,-32.80572790834522,-179.488663,0.264109,179.605057
138.6623981047025,-549.2198271748204,-32.81635438166903,-179.488663,0.264109,179.605057
138.66215952156054,-549.0985366200836,-32.82742218300046,-179.488663,0.264109,179.605057
138.66192851573663,-548.978535694984,-32.83890920104452,-179.488663,0.264109,179.605057
138.66088097745916,-548.8562327089688,-32.85081101354222,-179.488663,0.264109,179.605057
138.65927436434646,-548.7309420643495,-32.863643393819544,-179.488663,0.264109,179.605057
138.65798945254213,-548.6025691327327,-32.877039807652785,-179.488663,0.264109,179.605057
138.65678715530066,-548.4754054920772,-32.89097391708611,-179.488663,0.264109,179.605057
138.65520781364364,-548.3460255925035,-32.904923796750545,-179.488663,0.264109,179.605057
138.65439685818487,-548.2180425108287,-32.91925475046121,-179.488663,0.264109,179.605057
138.6545724468878,-548.092158996562,-32.933475821203345,-179.488663,0.264109,179.605057
138.65412151382822,-547.9642190724244,-32.94847591090733,-179.488663,0.264109,179.605057
138.65355168968628,-547.8376874563447,-32.963915751070346,-179.488663,0.264109,179.605057
138.6525555248268,-547.7132370626387,-32.9792574435474,-179.488663,0.264109,179.605057
138.65189892616849,-547.5867062078955,-32.99486345315392,-179.488663,0.264109,179.605057
138.65008580126465,-547.4615588108791,-33.010759268408556,-179.488663,0.264109,179.605057
138.645603157777,-547.3342013128323,-33.02694998701504,-179.488663,0.264109,179.605057
138.63941836372442,-547.2082131012182,-33.043953677403,-179.488663,0.264109,179.605057
138.63832154551872,-547.0800239125672,-33.06036981103615,-179.488663,0.264109,179.605057
138.64154503278576,-546.953217663636,-33.07690537554056,-179.488663,0.264109,179.605057
138.6464098471062,-546.8284914693005,-33.09360775955255,-179.488663,0.264109,179.605057
138.64906796058924,-546.7016885028701,-33.11048644079939,-179.488663,0.264109,179.605057
138.64878115184635,-546.5762736019877,-33.12754331482653,-179.488663,0.264109,179.605057
138.64667565993815,-546.4529199928052,-33.14529580963196,-179.488663,0.264109,179.605057
138.64505948728183,-546.3274663377377,-33.16337736637083,-179.488663,0.264109,179.605057
138.646440608487,-546.2033769032544,-33.1817616777186,-179.488663,0.264109,179.605057
138.64634643474068,-546.0770584737338,-33.20096053109926,-179.488663,0.264109,179.605057
138.64472476358623,-545.9520907739811,-33.22060623955318,-179.488663,0.264109,179.605057
138.64199932338434,-545.8291705385785,-33.24041235902173,-179.488663,0.264109,179.605057
138.63744922452247,-545.7084079949493,-33.26025056069322,-179.488663,0.264109,179.605057
138.63177757311246,-545.5855278347399,-33.2800951788053,-179.488663,0.264109,179.605057
138.6276049413462,-545.4639717801596,-33.29890698242771,-179.488663,0.264109,179.605057
138.62543412427155,-545.3444093439258,-33.31760623204108,-179.488663,0.264109,179.605057
138.62616032175586,-545.2226794082322,-33.33524887307487,-179.488663,0.264109,179.605057
138.63115514956553,-545.1022472428432,-33.352729116837175,-179.488663,0.264109,179.605057
138.63857711033364,-544.9795207778673,-33.370131796700754,-179.488663,0.264109,179.605057
138.6439131631403,-544.8580808960314,-33.38747387934013,-179.488663,0.264109,179.605057
138.6471116993814,-544.734358809143,-33.40475875809023,-179.488663,0.264109,179.605057
138.65024790868284,-544.6119398842576,-33.421470062729135,-179.488663,0.264109,179.605057
138.65209504873079,-544.4915226609268,-33.43745751476803,-179.488663,0.264109,179.605057
138.65283499338062,-544.3689517117497,-33.45311409850915,-179.488663,0.264109,179.605057
138.65252164196028,-544.2476932486807,-33.46795435747959,-179.488663,0.264109,179.605057
138.65159142121277,-544.1284218476412,-33.48235124482923,-179.488663,0.264109,179.605057
138.6530168341838,-544.0069774967114,-33.49581529785472,-179.488663,0.264109,179.605057
138.65571443469182,-543.8825590976835,-33.508718668459814,-179.488663,0.264109,179.605057
138.6582174401667,-543.7593153951553,-33.52005507591417,-179.488663,0.264109,179.605057
138.66023526166822,-543.638059431252,-33.53056299740504,-179.488663,0.264109,179.605057
138.6625380151359,-543.5146588776713,-33.54029615503655,-179.488663,0.264109,179.605057
138.66404367139197,-543.3925844362507,-33.54926529322952,-179.488663,0.264109,179.605057
138.66454538331672,-543.2725113870955,-33.55747256086811,-179.488663,0.264109,179.605057
138.66566228202782,-543.1502796553148,-33.56440133884028,-179.488663,0.264109,179.605057
138.66770766664786,-543.029354593861,-33.56990129887915,-179.488663,0.264109,179.605057
138.67032032520177,-542.9104106895687,-33.57488246422026,-179.488663,0.264109,179.605057
138.6730092807319,-542.789287996681,-33.57900979062182,-179.488663,0.264109,179.605057
138.67485391940085,-542.6694521799285,-33.58174622479101,-179.488663,0.264109,179.605057
138.67568034872536,-542.5473114033524,-33.58397144940263,-179.488663,0.264109,179.605057
138.67588071585286,-542.4264467480785,-33.58534435210273,-179.488663,0.264109,179.605057
138.67554235420843,-542.3075562810511,-33.58636076375386,-179.488663,0.264109,179.605057
138.67592239239747,-542.1864848716485,-33.58664980608408,-179.488663,0.264109,179.605057
138.6772638166767,-542.0666991782603,-33.58618430788346,-179.488663,0.264109,179.605057
138.67877844013984,-541.9446075801585,-33.58495883491,-179.488663,0.264109,179.605057
138.67989549546158,-541.8237912149539,-33.58245525142642,-179.488663,0.264109,179.605057
138.6800940390349,-541.7049481735226,-33.57955702361859,-179.488663,0.264109,179.605057
138.67928472319443,-541.583923342324,-33.57644084472369,-179.488663,0.264109,179.605057
138.6782853457409,-541.4641833952159,-33.57271901338916,-179.488663,0.264109,179.605057
138.67726216933298,-541.3421367263957,-33.568360993788914,-179.488663,0.264109,179.605057
138.67624878497645,-541.2213644880785,-33.56336067875776,-179.488663,0.264109,179.605057
138.67689621605214,-541.1025647854736,-33.55771684686264,-179.488663,0.264109,179.605057
138.67786660230567,-540.981582519115,-33.55142925381695,-179.488663,0.264109,179.605057
138.67888777854577,-540.8618843766826,-33.54553155743003,-179.488663,0.264109,179.605057
138.67949214494337,-540.73987876595,-33.53980780481931,-179.488663,0.264109,179.605057
138.67877255393927,-540.6191468524657,-33.53383873429717,-179.488663,0.264109,179.605057
138.67779840563796,-540.4961200878672,-33.527587497970515,-179.488663,0.264109,179.605057
138.67678720043085,-540.3743840670313,-33.52104672626074,-179.488663,0.264109,179.605057
138.67619363209442,-540.250370885022,-33.51473199414101,-179.488663,0.264109,179.605057
138.67610269965957,-540.1276660138111,-33.50931046993929,-179.488663,0.264109,179.605057
138.67529225433302,-540.0027012740393,-33.50402250287672,-179.488663,0.264109,179.605057
138.6743494327616,-539.8790618368541,-33.49881017168643,-179.488663,0.264109,179.605057
138.6729828782925,-539.7531792210709,-33.49366189211504,-179.488663,0.264109,179.605057
138.67196167935182,-539.6286383001036,-33.48857534731187,-179.488663,0.264109,179.605057
138.6714347419018,-539.5061369667532,-33.4835500739068,-179.488663,0.264109,179.605057
138.67101415097142,-539.3772524587783,-33.48065378367023,-179.488663,0.264109,179.605057
138.67021014441596,-539.248924339992,-33.47893724562291,-179.488663,0.264109,179.605057
138.6693408894954,-539.1225326100661,-33.47741150245789,-179.488663,0.264109,179.605057
138.66847094763847,-538.9940590625156,-33.47691286049156,-179.488663,0.264109,179.605057
138.66720257423398,-538.8669963307832,-33.4765744832094,-179.488663,0.264109,179.605057
138.66587255360844,-538.7420228766213,-33.4772571010863,-179.488663,0.264109,179.605057
138.66454911938754,-538.6149780115437,-33.47964990910612,-179.488663,0.264109,179.605057
138.66283515795652,-538.480792391253,-33.48403175959898,-179.488663,0.264109,179.605057
138.6606550229794,-538.3470870376304,-33.48909529414199,-179.488663,0.264109,179.605057
138.6588251041016,-538.2111126579264,-33.49566014327282,-179.488663,0.264109,179.605057
138.65667880951216,-538.0766183308507,-33.5033731842101,-179.488663,0.264109,179.605057
138.654499764859,-537.944332822508,-33.51272784573088,-179.488663,0.264109,179.605057
138.6507024943837,-537.8101038051418,-33.52335276914615,-179.488663,0.264109,179.605057
138.6466355843685,-537.6773951208844,-33.535220687162536,-179.488663,0.264109,179.605057
138.64421525361,-537.5468779156472,-33.548326146321365,-179.488663,0.264109,179.605057
138.64421377229584,-537.414388584244,-33.56266805593091,-179.488663,0.264109,179.605057
138.6451067486048,-537.2833891203209,-33.57824619785281,-179.488663,0.264109,179.605057
138.6449339163309,-537.150284066714,-33.59506052845942,-179.488663,0.264109,179.605057
138.64372904706607,-537.0186509448216,-33.6125939901363,-179.488663,0.264109,179.605057
138.6423349063215,-536.8891843247836,-33.631213215805005,-179.488663,0.264109,179.605057
138.640510294616,-536.7577256414903,-33.65094452760541,-179.488663,0.264109,179.605057
138.64026998319596,-536.6277381801527,-33.67231023885439,-179.488663,0.264109,179.605057
138.64158372737316,-536.4998936737676,-33.69546181665974,-179.488663,0.264109,179.605057
138.64277715386373,-536.370029324686,-33.71972910999858,-179.488663,0.264109,179.605057
138.64269754364022,-536.2416079666965,-33.74370249755524,-179.488663,0.264109,179.605057
138.64195379164155,-536.1153016440168,-33.767664108399906,-179.488663,0.264109,179.605057
138.64190912242736,-535.9869480183216,-33.7925630972355,-179.488663,0.264109,179.605057
138.64200490506553,-535.8557437391444,-33.817649561669285,-179.488663,0.264109,179.605057
138.6417167491656,-535.7258353456856,-33.84225686344494,-179.488663,0.264109,179.605057
138.6405345704419,-535.5937670487443,-33.86681530157784,-179.488663,0.264109,179.605057
138.639190400362,-535.4631450757739,-33.8913639669822,-179.488663,0.264109,179.605057
138.6378329490964,-535.330403435658,-33.91591067784085,-179.488663,0.264109,179.605057
138.6369028142339,-535.1991257432165,-33.94092668667925,-179.488663,0.264109,179.605057
138.63648203790342,-535.070007900825,-33.96551989733581,-179.488663,0.264109,179.605057
138.6361691176538,-534.9431583710905,-33.990075517244904,-179.488663,0.264109,179.605057
138.6358822190417,-534.8100332527549,-34.01410657011561,-179.488663,0.264109,179.605057
138.63642593842624,-534.6775463517154,-34.038079714023084,-179.488663,0.264109,179.605057
138.63671738184553,-534.5470713522832,-34.06152422724902,-179.488663,0.264109,179.605057
138.63736489176534,-534.4145877109422,-34.0849100187831,-179.488663,0.264109,179.605057
138.63889751706643,-534.2835865530074,-34.10776701708991,-179.488663,0.264109,179.605057
138.63976225699503,-534.1547450193333,-34.130048212306825,-179.488663,0.264109,179.605057
138.6404811213257,-534.023901156768,-34.15226125135022,-179.488663,0.264109,179.605057
138.64074992002188,-533.8945177189144,-34.17446065915889,-179.488663,0.264109,179.605057
138.64092488267636,-533.7672664860081,-34.19665734072063,-179.488663,0.264109,179.605057
138.64066792309808,-533.637984822737,-34.218336428144084,-179.488663,0.264109,179.605057
138.64073890027612,-533.5101357459374,-34.239441952295444,-179.488663,0.264109,179.605057
138.64128512201893,-533.3801248177465,-34.25996271934794,-179.488663,0.264109,179.605057
138.64191862418764,-533.2515305635893,-34.280413539425105,-179.488663,0.264109,179.605057
138.64256057263293,-533.125048540298,-34.300850370107206,-179.488663,0.264109,179.605057
138.6431950804001,-532.9965211519557,-34.320767745132514,-179.488663,0.264109,179.605057
138.6434084092545,-532.8694126356818,-34.34062819791536,-179.488663,0.264109,179.605057
138.64271313498267,-532.7443956593862,-34.359960217360815,-179.488663,0.264109,179.605057
138.64225669509744,-532.6173083436382,-34.37819945680546,-179.488663,0.264109,179.605057
138.64267584701236,-532.4916144240458,-34.39631414913883,-179.488663,0.264109,179.605057
138.64367482268224,-532.367986830541,-34.41440393204995,-179.488663,0.264109,179.605057
138.64477555544917,-532.2422640946946,-34.43197168418773,-179.488663,0.264109,179.605057
138.6467040958806,-532.1179103870677,-34.449436950170835,-179.488663,0.264109,179.605057
138.64918143638104,-531.9955990711486,-34.466836634478575,-179.488663,0.264109,179.605057
138.6513226369415,-531.8711691056196,-34.48417811800679,-179.488663,0.264109,179.605057
138.6517217124393,-531.7480850807896,-34.500945828045765,-179.488663,0.264109,179.605057
138.6517666871842,-531.6227541057857,-34.517506694498,-179.488663,0.264109,179.605057
138.6521508688043,-531.4987562257251,-34.53285300112179,-179.488663,0.264109,179.605057
138.6530080945498,-531.3767884900583,-34.54824034244655,-179.488663,0.264109,179.605057
138.6543601819097,-531.2526947688443,-34.56335578404482,-179.488663,0.264109,179.605057
138.65496890079453,-531.1299407390002,-34.57870079236449,-179.488663,0.264109,179.605057
138.6554202886491,-531.0049338158547,-34.59390561625064,-179.488663,0.264109,179.605057
138.65583379055923,-530.881254190289,-34.608943309916754,-179.488663,0.264109,179.605057
138.65582316769775,-530.7595990233586,-34.62380848420553,-179.488663,0.264109,179.605057
138.65572787096264,-530.6358122883072,-34.63694891461885,-179.488663,0.264109,179.605057
138.65767210589527,-530.5090930954188,-34.6494642895904,-179.488663,0.264109,179.605057
138.6595859291535,-530.3835896394842,-34.661950582362486,-179.488663,0.264109,179.605057
138.66146645125718,-530.2601142689803,-34.67405694313913,-179.488663,0.264109,179.605057
138.6624904568156,-530.1345339430541,-34.68524315751668,-179.488663,0.264109,179.605057
138.66209659543034,-530.0103186573456,-34.69535456928108,-179.488663,0.264109,179.605057
138.6614247622405,-529.8838763304107,-34.70426588274507,-179.488663,0.264109,179.605057
138.66070688965064,-529.7587868861025,-34.71237511432676,-179.488663,0.264109,179.605057
138.660400685591,-529.6314804015275,-34.71971486286532,-179.488663,0.264109,179.605057
138.6614149479173,-529.5055410900131,-34.7257745992397,-179.488663,0.264109,179.605057
138.66308954512328,-529.3773996833191,-34.73092226207013,-179.488663,0.264109,179.605057
138.66363861503388,-529.2506403131509,-34.73570148352511,-179.488663,0.264109,179.605057
138.6631334371577,-529.1259601502193,-34.73975094559388,-179.488663,0.264109,179.605057
138.66242459447625,-528.9992023910521,-34.74304538911874,-179.488663,0.264109,179.605057
138.6620957668185,-528.8738318896573,-34.74506271337927,-179.488663,0.264109,179.605057
138.66143695215888,-528.746255220281,-34.746168542675825,-179.488663,0.264109,179.605057
138.66072150990735,-528.6200517410507,-34.746906046312915,-179.488663,0.264109,179.605057
138.66041558398283,-528.4959177937766,-34.746913813706996,-179.488663,0.264109,179.605057
138.66019591227015,-528.3696965468105,-34.74616656718582,-179.488663,0.264109,179.605057
138.65958594895312,-528.2448529865294,-34.74465925121491,-179.488663,0.264109,179.605057
138.65890660234902,-528.1220605164426,-34.7423908546874,-179.488663,0.264109,179.605057
138.6582230409059,-527.9971579795249,-34.73987822427079,-179.488663,0.264109,179.605057
138.65754835825774,-527.873609820877,-34.736754684854134,-179.488663,0.264109,179.605057
138.6568850468551,-527.747823000584,-34.732993905859686,-179.488663,0.264109,179.605057
138.65623344346375,-527.6233774160729,-34.72962432783858,-179.488663,0.264109,179.605057
138.6564147822562,-527.4967033048089,-34.72591190556769,-179.488663,0.264109,179.605057
138.65676013044484,-527.3713850755545,-34.72232085222463,-179.488663,0.264109,179.605057
138.65713336889402,-527.2438536597402,-34.71847396600045,-179.488663,0.264109,179.605057
138.65709621044846,-527.11769338675,-34.71434281097784,-179.488663,0.264109,179.605057
138.65697750109965,-526.9936016217629,-34.70992169997332,-179.488663,0.264109,179.605057
138.65643350321423,-526.8716884190338,-34.70572654443908,-179.488663,0.264109,179.605057
138.65622285114702,-526.7476781387508,-34.70190753111002,-179.488663,0.264109,179.605057
138.6560818641839,-526.6250121447209,-34.70013985288865,-179.488663,0.264109,179.605057
138.65472481538956,-526.5000929243013,-34.69892537502215,-179.488663,0.264109,179.605057
138.65355452114517,-526.3764996875162,-34.69815248833774,-179.488663,0.264109,179.605057
138.65202755532889,-526.2506627512702,-34.698315528778636,-179.488663,0.264109,179.605057
138.6516829720454,-526.126166756003,-34.69956072353349,-179.488663,0.264109,179.605057
138.65157976600847,-525.9994428919755,-34.70149424248446,-179.488663,0.264109,179.605057
138.6515263032401,-525.874075749151,-34.704084324052424,-179.488663,0.264109,179.605057
138.6510728828181,-525.7464962832648,-34.707841664810466,-179.488663,0.264109,179.605057
138.65054591951142,-525.6202888162813,-34.71239835962874,-179.488663,0.264109,179.605057
138.64960107555035,-525.4961506997199,-34.717727831925735,-179.488663,0.264109,179.605057
138.64817542657255,-525.3699253064563,-34.72382476638513,-179.488663,0.264109,179.605057
138.64708455915462,-525.245077663445,-34.731205148832565,-179.488663,0.264109,179.605057
138.6460761626075,-525.1180145147407,-34.739502131988715,-179.488663,0.264109,179.605057
138.64591993520764,-524.9923153852347,-34.74868935084217,-179.488663,0.264109,179.605057
138.64593636353806,-524.8686767805214,-34.758761532390636,-179.488663,0.264109,179.605057
138.64598708936714,-524.7429420298114,-34.76971762203367,-179.488663,0.264109,179.605057
138.6435781754842,-524.6185762774678,-34.781040359962276,-179.488663,0.264109,179.605057
138.6394795937674,-524.4962530821641,-34.79361338754799,-179.488663,0.264109,179.605057
138.63428003609044,-524.3718114392683,-34.808130481954024,-179.488663,0.264109,179.605057
138.62893423248622,-524.248715943553,-34.823837314168564,-179.488663,0.264109,179.605057
138.6285649866811,-524.1233737021017,-34.84119407616702,-179.488663,0.264109,179.605057
138.6283749705984,-523.9993647567151,-34.86033981078894,-179.488663,0.264109,179.605057
138.6282235029111,-523.8731194866535,-34.88087928660221,-179.488663,0.264109,179.605057
138.62931389911003,-523.7482224399422,-34.90278046176486,-179.488663,0.264109,179.605057
138.6310496046736,-523.6253713514543,-34.92551987901962,-179.488663,0.264109,179.605057
138.63330035318648,-523.5004100034249,-34.9492346958039,-179.488663,0.264109,179.605057
138.63438832186597,-523.3768038315483,-34.973614636938535,-179.488663,0.264109,179.605057
138.63440692791312,-523.2552266493467,-34.99812760294324,-179.488663,0.264109,179.605057
138.63421139681444,-523.1315176961158,-35.02215012503307,-179.488663,0.264109,179.605057
138.6335651525067,-523.0091418049028,-35.046121562784364,-179.488663,0.264109,179.605057
138.63283795658725,-522.8887729832128,-35.07008278366796,-179.488663,0.264109,179.605057
138.63251557935413,-522.7662508208914,-35.094512005622455,-179.488663,0.264109,179.605057
138.63310008411224,-522.6450405278636,-35.118517778902245,-179.488663,0.264109,179.605057
138.63303631897872,-522.5215498217507,-35.14248586689153,-179.488663,0.264109,179.605057
138.630378028971,-522.3993593452856,-35.16592936893383,-179.488663,0.264109,179.605057
138.62600664077965,-522.2749000681931,-35.18931495823118,-179.488663,0.264109,179.605057
138.6229974704725,-522.1517571184716,-35.211654867201766,-179.488663,0.264109,179.605057
138.62153731860883,-522.0263621339535,-35.23434969344032,-179.488663,0.264109,179.605057
138.62410551481585,-521.9023001378116,-35.256598454243594,-179.488663,0.264109,179.605057
138.630729966291,-521.7802691766234,-35.27828795751536,-179.488663,0.264109,179.605057
138.635605676621,-521.6561133072072,-35.29991261372527,-179.488663,0.264109,179.605057
138.63841962861952,-521.5332982285105,-35.321007251633915,-179.488663,0.264109,179.605057
138.6395474305233,-521.4082313446324,-35.34152584143787,-179.488663,0.264109,179.605057
138.64073262922548,-521.2844928287334,-35.36145956828755,-179.488663,0.264109,179.605057
138.64191245112806,-521.1542464897673,-35.38080624254637,-179.488663,0.264109,179.605057
138.64348686242587,-521.0202843118975,-35.3990484129537,-179.488663,0.264109,179.605057
138.64511779997537,-520.8874842061101,-35.41664664259071,-179.488663,0.264109,179.605057
138.64591373610784,-520.7525385606881,-35.43360095518478,-179.488663,0.264109,179.605057
138.64653135197636,-520.6190830342962,-35.45033439548137,-179.488663,0.264109,179.605057
138.6466938532553,-520.4878235658636,-35.46688456798513,-179.488663,0.264109,179.605057
138.64717368715364,-520.3546034436849,-35.483776042485886,-179.488663,0.264109,179.605057
138.64853327438271,-520.2228858769391,-35.50116073738604,-179.488663,0.264109,179.605057
138.64963703148172,-520.089075471118,-35.519163045254956,-179.488663,0.264109,179.605057
138.65108636912046,-519.9567495788092,-35.53738480460652,-179.488663,0.264109,179.605057
138.65258421006516,-519.826602557449,-35.55579338758794,-179.488663,0.264109,179.605057
138.65242600459985,-519.694475623471,-35.57334817085089,-179.488663,0.264109,179.605057
138.65234950655247,-519.5638318455863,-35.59078111861459,-179.488663,0.264109,179.605057
138.6535242157387,-519.4310760770945,-35.608144614833996,-179.488663,0.264109,179.605057
138.65534312606323,-519.2997859925221,-35.6254491363001,-179.488663,0.264109,179.605057
138.65644189655745,-519.1706562814918,-35.64217972948221,-179.488663,0.264109,179.605057
138.65697034546082,-519.0395284899491,-35.657669350340846,-179.488663,0.264109,179.605057
138.65737721432828,-518.9098660108948,-35.67267767451258,-179.488663,0.264109,179.605057
138.6577539806091,-518.7823406829292,-35.686745579346926,-179.488663,0.264109,179.605057
138.6581193679188,-518.6527898120679,-35.7018024314249,-179.488663,0.264109,179.605057
138.65806661614812,-518.5246763339019,-35.71677696628494,-179.488663,0.264109,179.605057
138.6579309868088,-518.3944057259644,-35.73159594436806,-179.488663,0.264109,179.605057
138.65819137757296,-518.2655564296078,-35.74521061998469,-179.488663,0.264109,179.605057
138.65811660235585,-518.1388239188933,-35.75835133288579,-179.488663,0.264109,179.605057
138.65797585741228,-518.0100505165708,-35.77262128879934,-179.488663,0.264109,179.605057
138.65782392022925,-517.8827003798707,-35.78693099553761,-179.488663,0.264109,179.605057
138.65808257214937,-517.7574460982394,-35.801203567996374,-179.488663,0.264109,179.605057
138.65841966328503,-517.6301257151828,-35.81387248248813,-179.488663,0.264109,179.605057
138.6587676480788,-517.5042028906223,-35.82500086094203,-179.488663,0.264109,179.605057
138.65911286248712,-517.3760838134881,-35.83540004774393,-179.488663,0.264109,179.605057
138.65945261310227,-517.2493476238251,-35.84565499621542,-179.488663,0.264109,179.605057
138.66019710561676,-517.1204238152427,-35.856447105909716,-179.488663,0.264109,179.605057
138.6610119581731,-516.9928960659317,-35.867019536737466,-179.488663,0.264109,179.605057
138.66182929372368,-516.8674612564654,-35.877314929569685,-179.488663,0.264109,179.605057
138.66181416821195,-516.7442289967025,-35.88732181258057,-179.488663,0.264109,179.605057
138.66122209893948,-516.618923216797,-35.89548713584942,-179.488663,0.264109,179.605057
138.66052306145562,-516.4949848595105,-35.902910067169856,-179.488663,0.264109,179.605057
138.66104457219595,-516.3688159989404,-35.9107031689895,-179.488663,0.264109,179.605057
138.6609814422061,-516.243995439286,-35.91918331824232,-179.488663,0.264109,179.605057
138.6603916152523,-516.1212197655522,-35.92705072587066,-179.488663,0.264109,179.605057
138.65970483755575,-516.0005992119177,-35.93460948739632,-179.488663,0.264109,179.605057
138.65900843721562,-515.8778585079548,-35.94083931970145,-179.488663,0.264109,179.605057
138.6583200167072,-515.7564394194936,-35.94595959727359,-179.488663,0.264109,179.605057
138.65928742747903,-515.6327448367244,-35.951940630565794,-179.488663,0.264109,179.605057
138.66139357910922,-515.5103543669372,-35.957719735002016,-179.488663,0.264109,179.605057
138.66287619142125,-515.3899653842058,-35.96322535144482,-179.488663,0.264109,179.605057
138.6633898987168,-515.2674222310842,-35.968443168066706,-179.488663,0.264109,179.605057
138.66329185228304,-515.1461910798402,-35.9733703225022,-179.488663,0.264109,179.605057
138.6634835162083,-515.0269465053449,-35.978006242278184,-179.488663,0.264109,179.605057
138.66373039631836,-514.90552850237,-35.98286786178893,-179.488663,0.264109,179.605057
138.66316347514828,-514.7854026475192,-35.98758852346886,-179.488663,0.264109,179.605057
138.6628525232677,-514.6629770122288,-35.99214190024929,-179.488663,0.264109,179.605057
138.6625971876718,-514.5418325854415,-35.99652272671649,-179.488663,0.264109,179.605057
138.66276727343904,-514.4226673433134,-36.00124699867659,-179.488663,0.264109,179.605057
138.6626093578147,-514.3013260660053,-36.00594787084639,-179.488663,0.264109,179.605057
138.6623880878231,-514.1812753242717,-36.011116027502574,-179.488663,0.264109,179.605057
138.6621572939091,-514.0631900779799,-36.01637956105603,-179.488663,0.264109,179.605057
138.66151721094624,-513.9429106987237,-36.0211940455445,-179.488663,0.264109,179.605057
138.66121504024244,-513.8239031329352,-36.02592064021997,-179.488663,0.264109,179.605057
138.66098474952935,-513.7025758152204,-36.0305845724884,-179.488663,0.264109,179.605057
138.6615934433934,-513.5825100911944,-36.036224985608754,-179.488663,0.264109,179.605057
138.6623612771935,-513.4601376206479,-36.04210961934393,-179.488663,0.264109,179.605057
138.66273935201122,-513.3390442092674,-36.04818603053541,-179.488663,0.264109,179.605057
138.6626234313017,-513.2156621604596,-36.05496077944037,-179.488663,0.264109,179.605057
138.66241036013685,-513.0935771510827,-36.062065133665804,-179.488663,0.264109,179.605057
138.6621808892264,-512.9734878697254,-36.06998940006645,-179.488663,0.264109,179.605057
138.66154073528642,-512.8512390037513,-36.0783615955688,-179.488663,0.264109,179.605057
138.66082754915212,-512.7302968713922,-36.0871543280026,-179.488663,0.264109,179.605057
138.6605205663373,-512.6113361516384,-36.096878776711584,-179.488663,0.264109,179.605057
138.66029919016424,-512.4901969335313,-36.1071674886756,-179.488663,0.264109,179.605057
138.6600980837806,-512.370344884633,-36.118510991068405,-179.488663,0.264109,179.605057
138.65990389153455,-512.2481881653832,-36.1305373448803,-179.488663,0.264109,179.605057
138.65971384396127,-512.1273078520702,-36.14270211786491,-179.488663,0.264109,179.605057
138.65911666155472,-512.0041353399561,-36.155883516906265,-179.488663,0.264109,179.605057
138.65885721210907,-511.88225617492066,-36.16974013449232,-179.488663,0.264109,179.605057
138.6582583325366,-511.76236907187047,-36.18425069356508,-179.488663,0.264109,179.605057
138.65801075100381,-511.6403187755717,-36.19941093871297,-179.488663,0.264109,179.605057
138.65783695023853,-511.51957166705955,-36.21470296996477,-179.488663,0.264109,179.605057
138.65357193301543,-511.39226915498125,-36.231527349548465,-179.488663,0.264109,179.605057
138.64937066385679,-511.26119942013935,-36.24917709657632,-179.488663,0.264109,179.605057
138.6472970068058,-511.13124034364034,-36.267087774870774,-179.488663,0.264109,179.605057
138.64978680863211,-511.0033517056756,-36.28458283497412,-179.488663,0.264109,179.605057
138.65520900283016,-510.8734293493799,-36.30138559810589,-179.488663,0.264109,179.605057
138.66114055985173,-510.7449480340408,-36.31828684406558,-179.488663,0.264109,179.605057
138.66503451840484,-510.6143155500445,-36.336901475479735,-179.488663,0.264109,179.605057
138.6684655765204,-510.4851107165337,-36.35717679287368,-179.488663,0.264109,179.605057
138.6709339239441,-510.3580289929743,-36.37933724301914,-179.488663,0.264109,179.605057
138.67194084606606,-510.2289126092514,-36.40147912860378,-179.488663,0.264109,179.605057
138.6705878291242,-510.1012256153976,-36.42263020794293,-179.488663,0.264109,179.605057
138.6675482894994,-509.9713738256525,-36.44367713492187,-179.488663,0.264109,179.605057
138.66503600767933,-509.8429358577388,-36.46418618253988,-179.488663,0.264109,179.605057
138.6659537965394,-509.71234066084617,-36.48463465873015,-179.488663,0.264109,179.605057
138.66754454653844,-509.5831713720691,-36.505071020634865,-179.488663,0.264109,179.605057
138.66883659809858,-509.4518576725777,-36.52395420412692,-179.488663,0.264109,179.605057
138.6696380896821,-509.3219826635586,-36.54266772971422,-179.488663,0.264109,179.605057
138.6690980702789,-509.1899758372065,-36.56228741260946,-179.488663,0.264109,179.605057
138.66952942895426,-509.05942007780703,-36.58105422918851,-179.488663,0.264109,179.605057
138.67056137281088,-508.926744658154,-36.59974448139321,-179.488663,0.264109,179.605057
138.67169875716888,-508.79553224575204,-36.61790237183415,-179.488663,0.264109,179.605057
138.67325172016075,-508.66647856688775,-36.63548374547789,-179.488663,0.264109,179.605057
138.67486571229463,-508.53542539816374,-36.65346686465108,-179.488663,0.264109,179.605057
138.67605828903544,-508.40583619875633,-36.67101328404128,-179.488663,0.264109,179.605057
138.67632651049507,-508.2783828396038,-36.688474283474875,-179.488663,0.264109,179.605057
138.67599537952663,-508.14890265183243,-36.7058731144727,-179.488663,0.264109,179.605057
138.67472775415746,-508.0208585943411,-36.723731476227826,-179.488663,0.264109,179.605057
138.67411219169117,-507.89492283394566,-36.741683664134406,-179.488663,0.264109,179.605057
138.67404646313827,-507.76693315267283,-36.75815239504905,-179.488663,0.264109,179.605057
138.67450230284084,-507.6403529849137,-36.773715296787536,-179.488663,0.264109,179.605057
138.67505597314096,-507.51585497113217,-36.78881692602412,-179.488663,0.264109,179.605057
138.67521066847186,-507.3892773598977,-36.80246548298255,-179.488663,0.264109,179.605057
138.67487270203088,-507.26408404408795,-36.8154023410409,-179.488663,0.264109,179.605057
138.6752623432027,-507.13668144785476,-36.829232557097015,-179.488663,0.264109,179.605057
138.67538129766703,-507.01064894357205,-36.84390146253046,-179.488663,0.264109,179.605057
138.67462308965978,-506.88668291996265,-36.85808196361715,-179.488663,0.264109,179.605057
138.67452156589428,-506.760626598157,-36.871038597167825,-179.488663,0.264109,179.605057
138.67455282287068,-506.6359450177333,-36.88351735498907,-179.488663,0.264109,179.605057
138.6754333025629,-506.5090449680633,-36.89609047544221,-179.488663,0.264109,179.605057
138.67647110442047,-506.3835060252503,-36.90840236175506,-179.488663,0.264109,179.605057
138.677113166418,-506.260024746551,-36.918878143462074,-179.488663,0.264109,179.605057
138.6768456155618,-506.1344445121937,-36.92861262424792,-179.488663,0.264109,179.605057
138.6772212806359,-506.01023051670455,-36.93716673818286,-179.488663,0.264109,179.605057
138.6777202461039,-505.88378970136927,-36.944922716525404,-179.488663,0.264109,179.605057
138.67782610858623,-505.75870179143845,-36.95294370774947,-179.488663,0.264109,179.605057
138.67826251153838,-505.63139682397417,-36.961536705994284,-179.488663,0.264109,179.605057
138.67834814929802,-505.50545900454046,-36.969399945643254,-179.488663,0.264109,179.605057
138.67795174939326,-505.37731906370044,-36.975803420239714,-179.488663,0.264109,179.605057
138.6770539129765,-505.2505611332933,-36.980976808492336,-179.488663,0.264109,179.605057
138.6768898918197,-505.12588238442737,-36.98585916614286,-179.488663,0.264109,179.605057
138.67687496646025,-504.99912601407584,-36.990121255450745,-179.488663,0.264109,179.605057
138.67689007253205,-504.87375687669436,-36.99374423331232,-179.488663,0.264109,179.605057
138.6765003033815,-504.75044821363855,-36.99724098888464,-179.488663,0.264109,179.605057
138.67644576923664,-504.6250387019892,-36.999727753332444,-179.488663,0.264109,179.605057
138.67604839102296,-504.5009926225644,-37.00154443066644,-179.488663,0.264109,179.605057
138.6755880955968,-504.3747167738254,-37.003745739466574,-179.488663,0.264109,179.605057
138.67512176315196,-504.2497908944056,-37.00560289011549,-179.488663,0.264109,179.605057
138.6754821889204,-504.12691173246805,-37.00706409802305,-179.488663,0.264109,179.605057
138.67559217360946,-504.0019228621078,-37.00811900627123,-179.488663,0.264109,179.605057
138.67523983918926,-503.8782896695526,-37.00876554347642,-179.488663,0.264109,179.605057
138.67438938525896,-503.75668595129696,-37.01003739313968,-179.488663,0.264109,179.605057
138.67345140277146,-503.63295093633866,-37.01120120307234,-179.488663,0.264109,179.605057
138.67250925476787,-503.5105494489193,-37.01272136061443,-179.488663,0.264109,179.605057
138.67116900643268,-503.390155488162,-37.014220698789515,-179.488663,0.264109,179.605057
138.6697681993408,-503.26760863573463,-37.01567078864675,-179.488663,0.264109,179.605057
138.66837520308738,-503.146374093541,-37.01758299328486,-179.488663,0.264109,179.605057
138.6682355805039,-503.0271262379943,-37.019072491990265,-179.488663,0.264109,179.605057
138.6683486183978,-502.90570502261147,-37.0215134672869,-179.488663,0.264109,179.605057
138.6676892474038,-502.7813093481023,-37.02471071123512,-179.488663,0.264109,179.605057
138.6672954390197,-502.65808796469423,-37.02773209780254,-179.488663,0.264109,179.605057
138.66696034398794,-502.5368539214038,-37.031425299560475,-179.488663,0.264109,179.605057
138.66664175742264,-502.4134748969747,-37.035442802134284,-179.488663,0.264109,179.605057
138.66633100355958,-502.291421600221,-37.04027915598238,-179.488663,0.264109,179.605057
138.66602623584745,-502.167102651445,-37.04659693341867,-179.488663,0.264109,179.605057
138.66778211095072,-502.03983199731397,-37.05363592001704,-179.488663,0.264109,179.605057
138.66828069772677,-501.91378107363715,-37.06185509511449,-179.488663,0.264109,179.605057
138.66728873582542,-501.78976682029906,-37.07087621013398,-179.488663,0.264109,179.605057
138.6660127720912,-501.66365699263184,-37.08067061980454,-179.488663,0.264109,179.605057
138.66593015503017,-501.5389216120922,-37.09123259507199,-179.488663,0.264109,179.605057
138.66649804896866,-501.4162351352791,-37.10256099012548,-179.488663,0.264109,179.605057
138.66677730172657,-501.2914366468816,-37.11465557580284,-179.488663,0.264109,179.605057
138.66617352132027,-501.1679906680021,-37.12803335516055,-179.488663,0.264109,179.605057
138.66622305471358,-501.0423042005037,-37.14232768436541,-179.488663,0.264109,179.605057
138.66558121305852,-500.9179571761525,-37.158029287984164,-179.488663,0.264109,179.605057
138.6643995581418,-500.7956465314438,-37.17424921759681,-179.488663,0.264109,179.605057
138.66312674633156,-500.6712160251662,-37.19184378129711,-179.488663,0.264109,179.605057
138.66267513868834,-500.54813122488616,-37.20995014292607,-179.488663,0.264109,179.605057
138.6623941947428,-500.4227994385209,-37.22891278414074,-179.488663,0.264109,179.605057
138.66174071251734,-500.2988007514556,-37.248753596828124,-179.488663,0.264109,179.605057
138.66061134993868,-500.17683222113317,-37.269476959365605,-179.488663,0.264109,179.605057
138.66022420666826,-500.05700438570165,-37.29108374742866,-179.488663,0.264109,179.605057
138.6604016799638,-499.9350422406855,-37.31316190504127,-179.488663,0.264109,179.605057
138.6602788858412,-499.81012113981495,-37.33533433656379,-179.488663,0.264109,179.605057
138.66009778464027,-499.6863849034303,-37.357525622868295,-179.488663,0.264109,179.605057
138.65949693101854,-499.5646454441936,-37.379720680129196,-179.488663,0.264109,179.605057
138.65882067238635,-499.4407700793623,-37.401916491581375,-179.488663,0.264109,179.605057
138.65813895065264,-499.3182293163786,-37.42359540498292,-179.488663,0.264109,179.605057
138.6578764985633,-499.1934316090602,-37.445217943218786,-179.488663,0.264109,179.605057
138.6581122997214,-499.0699574136012,-37.466829206421515,-179.488663,0.264109,179.605057
138.6580337312459,-498.94423733129383,-37.48890825906206,-179.488663,0.264109,179.605057
138.65830407292862,-498.8198560905652,-37.51108086959017,-179.488663,0.264109,179.605057
138.65822968511685,-498.6975115957983,-37.5327551428069,-179.488663,0.264109,179.605057
138.6589087426995,-498.57731446081596,-37.55334265522802,-179.488663,0.264109,179.605057
138.65931816498653,-498.45498960148797,-37.572773117712245,-179.488663,0.264109,179.605057
138.65966783731966,-498.33397892862365,-37.59206614354242,-179.488663,0.264109,179.605057
138.6604112532111,-498.210685467066,-37.611801726486235,-179.488663,0.264109,179.605057
138.66204595589926,-498.08442228811197,-37.63162582085277,-179.488663,0.264109,179.605057
138.66301255573077,-497.95936090866815,-37.65095056861497,-179.488663,0.264109,179.605057
138.66383178779336,-497.8363185398563,-37.66918835372296,-179.488663,0.264109,179.605057
138.66625433944614,-497.7111632424161,-37.687302755189,-179.488663,0.264109,179.605057
138.66937376761567,-497.5873653457027,-37.70539247992665,-179.488663,0.264109,179.605057
138.67176687255463,-497.46559961033245,-37.72394731376307,-179.488663,0.264109,179.605057
138.6715148997994,-497.3417054199116,-37.742595169419246,-179.488663,0.264109,179.605057
138.66868238400676,-497.21914758918876,-37.76074458055048,-179.488663,0.264109,179.605057
138.6616780442757,-497.09433340844254,-37.77832425833228,-179.488663,0.264109,179.605057
138.65640295703312,-496.97084309270673,-37.79630703833309,-179.488663,0.264109,179.605057
138.65442518819572,-496.84937385668565,-37.81437043877769,-179.488663,0.264109,179.605057
138.65354567797388,-496.7257697324087,-37.83193291442217,-179.488663,0.264109,179.605057
138.65289832806502,-496.60349655580364,-37.84939712510662,-179.488663,0.264109,179.605057
138.65353861697298,-496.4789618983558,-37.86576250057684,-179.488663,0.264109,179.605057
138.6564824384243,-496.355746104312,-37.88176901567088,-179.488663,0.264109,179.605057
138.65984509870142,-496.2345464853531,-37.897470656467476,-179.488663,0.264109,179.605057
138.66488814668642,-496.11120716265873,-37.91287822018235,-179.488663,0.264109,179.605057
138.66896177108612,-495.9891940584733,-37.92799386625865,-179.488663,0.264109,179.605057
138.67278357477727,-495.8691814954714,-37.94281802658503,-179.488663,0.264109,179.605057
138.674447326452,-495.74700921938,-37.955800031983635,-179.488663,0.264109,179.605057
138.6748326943663,-495.6261425619307,-37.968039526396694,-179.488663,0.264109,179.605057
138.6749569047404,-495.5072560206713,-37.98013211861263,-179.488663,0.264109,179.605057
138.67585022817002,-495.3861896667923,-37.99224429038916,-179.488663,0.264109,179.605057
138.6772953358331,-495.2664091829778,-38.00398626252225,-179.488663,0.264109,179.605057
138.67841958103386,-495.1443227511682,-38.01429337694886,-179.488663,0.264109,179.605057
138.67946366447708,-495.0235114701232,-38.02337538650085,-179.488663,0.264109,179.605057
138.68006442193763,-494.90467342411705,-38.032167361744584,-179.488663,0.264109,179.605057
138.68015730342884,-494.7879201662174,-38.03930517012667,-179.488663,0.264109,179.605057
138.68014728874496,-494.6689776900514,-38.04550307846974,-179.488663,0.264109,179.605057
138.6797061705905,-494.5512889965599,-38.05029288236059,-179.488663,0.264109,179.605057
138.679595772089,-494.4312581876884,-38.05405098536098,-179.488663,0.264109,179.605057
138.68037619874121,-494.3124660605783,-38.05783976151661,-179.488663,0.264109,179.605057
138.6813236910229,-494.19561115785035,-38.06248235230329,-179.488663,0.264109,179.605057
138.6810573432069,-494.07653896972664,-38.066827617127295,-179.488663,0.264109,179.605057
138.68014134876256,-493.9587167956437,-38.06975259898099,-179.488663,0.264109,179.605057
138.67910845246905,-493.84282031751144,-38.07197243979617,-179.488663,0.264109,179.605057
138.67724553255303,-493.7246906173694,-38.073019145736986,-179.488663,0.264109,179.605057
138.67524310277352,-493.6077943396719,-38.0732691624807,-179.488663,0.264109,179.605057
138.67406258335595,-493.4928072713016,-38.073267823607225,-179.488663,0.264109,179.605057
138.67306323562025,-493.3755707497692,-38.072654151388086,-179.488663,0.264109,179.605057
138.67416944627763,-493.2595517014662,-38.07191961249982,-179.488663,0.264109,179.605057
138.67527036917315,-493.145426196496,-38.07017615361105,-179.488663,0.264109,179.605057
138.67553146583515,-493.02903585181855,-38.06724577294441,-179.488663,0.264109,179.605057
138.67603155054232,-492.91384786854627,-38.064032994588864,-179.488663,0.264109,179.605057
138.67616165387602,-492.7962719199837,-38.06123538113997,-179.488663,0.264109,179.605057
138.67621591057656,-492.6798905696316,-38.05861676511686,-179.488663,0.264109,179.605057
138.67666489296624,-492.5654033403488,-38.05575384191224,-179.488663,0.264109,179.605057
138.67677576829976,-492.4486565314296,-38.05260895504909,-179.488663,0.264109,179.605057
138.67681744532842,-492.33311820564336,-38.0496916221209,-179.488663,0.264109,179.605057
138.6776678010673,-492.2194647882282,-38.04663370220194,-179.488663,0.264109,179.605057
138.67866779859986,-492.1035380899794,-38.04392562044036,-179.488663,0.264109,179.605057
138.67927105785964,-491.98880547082786,-38.04171246631027,-179.488663,0.264109,179.605057
138.67896505644424,-491.8716767536348,-38.039083168817584,-179.488663,0.264109,179.605057
138.6780708882473,-491.75573464747794,-38.03688961154128,-179.488663,0.264109,179.605057
138.67707180375282,-491.6374121512604,-38.03530217119712,-179.488663,0.264109,179.605057
138.677710389645,-491.5160297191991,-38.034965980906065,-179.488663,0.264109,179.605057
138.67784431639294,-491.3957616278917,-38.03563364062563,-179.488663,0.264109,179.605057
138.67705407324272,-491.27742688425593,-38.03687999034733,-179.488663,0.264109,179.605057
138.67609023512657,-491.15689512650835,-38.03866696695833,-179.488663,0.264109,179.605057
138.6751053859371,-491.037638195382,-38.04150400672498,-179.488663,0.264109,179.605057
138.67413034127696,-490.92033232815584,-38.04502295245609,-179.488663,0.264109,179.605057
138.6723497914912,-490.80081835715475,-38.049714226046746,-179.488663,0.264109,179.605057
138.6712547973884,-490.682562519653,-38.05520586743155,-179.488663,0.264109,179.605057
138.66990182100497,-490.56197350298436,-38.061470489041845,-179.488663,0.264109,179.605057
138.66933782382952,-490.442632894275,-38.06901966225279,-179.488663,0.264109,179.605057
138.66811831045553,-490.320972589148,-38.07748565689498,-179.488663,0.264109,179.605057
138.6671957046987,-490.20057862463267,-38.087876029156746,-179.488663,0.264109,179.605057
138.66634560196943,-490.0778835312905,-38.09893515249799,-179.488663,0.264109,179.605057
138.66552209019557,-489.9564732090661,-38.11097595494401,-179.488663,0.264109,179.605057
138.66471560878023,-489.837046565648,-38.125048115433216,-179.488663,0.264109,179.605057
138.6639240033945,-489.7154485035864,-38.14042148086439,-179.488663,0.264109,179.605057
138.66355729826907,-489.59514555245653,-38.15704402950618,-179.488663,0.264109,179.605057
138.66369145522418,-489.47681259881796,-38.17490535701232,-179.488663,0.264109,179.605057
138.66392387658533,-489.3562899355739,-38.19400338251354,-179.488663,0.264109,179.605057
138.6637619786128,-489.23704343050815,-38.214337689836015,-179.488663,0.264109,179.605057
138.6631128526558,-489.1154814407057,-38.23539114685606,-179.488663,0.264109,179.605057
138.6623755131155,-488.9951852355887,-38.257530371593404,-179.488663,0.264109,179.605057
138.66163101746534,-488.87685306677037,-38.280655105429766,-179.488663,0.264109,179.605057
138.66171701230914,-488.7563299849461,-38.30444698553037,-179.488663,0.264109,179.605057
138.6615572155473,-488.63708282657325,-38.32837229488383,-179.488663,0.264109,179.605057
138.66052919979603,-488.5197868124764,-38.35232429008785,-179.488663,0.264109,179.605057
138.65810838313755,-488.40028257054644,-38.37628162246199,-179.488663,0.264109,179.605057
138.65667721346793,-488.28203629893505,-38.39920592449237,-179.488663,0.264109,179.605057
138.65751943872024,-488.1614566794725,-38.42295771823178,-179.488663,0.264109,179.605057
138.65798125353112,-488.0378586339165,-38.446357961424106,-179.488663,0.264109,179.605057
138.65794975155418,-487.915414742012,-38.46870080117368,-179.488663,0.264109,179.605057
138.6578200342478,-487.7906764384115,-38.4909261691236,-179.488663,0.264109,179.605057
138.65767251874388,-487.66725330834527,-38.51312804271358,-179.488663,0.264109,179.605057
138.6571128749321,-487.54158189750234,-38.535325217431584,-179.488663,0.264109,179.605057
138.65688943150403,-487.4172481572361,-38.55700440348629,-179.488663,0.264109,179.605057
138.65755773934816,-487.29068358650227,-38.57862699625279,-179.488663,0.264109,179.605057
138.65798422595734,-487.16547287912545,-38.60117835925053,-179.488663,0.264109,179.605057
138.65835628273223,-487.04231371892485,-38.62391547629453,-179.488663,0.264109,179.605057
138.6578908287328,-486.917049798438,-38.64715978859221,-179.488663,0.264109,179.605057
138.65603071459097,-486.7931464572074,-38.66895439327397,-179.488663,0.264109,179.605057
138.65433056782172,-486.67127741268115,-38.690083020877,-179.488663,0.264109,179.605057
138.65515237216997,-486.55581514279567,-38.70905765306427,-179.488663,0.264109,179.605057
138.65852021219098,-486.4475430245656,-38.72825951283505,-179.488663,0.264109,179.605057
138.6619386945107,-486.3422488067926,-38.74844655145588,-179.488663,0.264109,179.605057
138.66531868687494,-486.23904768687487,-38.76930067029116,-179.488663,0.264109,179.605057
138.66741091024556,-486.1419996024559,-38.790758249613766,-179.488663,0.264109,179.605057
138.6675713793073,-486.04756236455955,-38.81280656547829,-179.488663,0.264109,179.605057
138.6661112152806,-485.95499040335113,-38.83497302865119,-179.488663,0.264109,179.605057
138.66475835808018,-485.8683747431508,-38.85561197461911,-179.488663,0.264109,179.605057
138.66467820288074,-485.7841822103194,-38.8745356749238,-179.488663,0.264109,179.605057
138.6652643947332,-485.7016717078732,-38.89274025498474,-179.488663,0.264109,179.605057
138.6667986301564,-485.62493776087206,-38.911318059885815,-179.488663,0.264109,179.605057
138.6693219873899,-485.55045045220623,-38.92997050975492,-179.488663,0.264109,179.605057
138.67118594790483,-485.48173851293075,-38.949107933062066,-179.488663,0.264109,179.605057
138.67248085274875,-485.415158884003,-38.96782530216794,-179.488663,0.264109,179.605057
138.67199908558956,-485.34995262742285,-38.98547156710023,-179.488663,0.264109,179.605057
138.67034750249599,-485.29021508985034,-39.00295253564224,-179.488663,0.264109,179.605057
138.668896112064,-485.23242089661363,-39.019321262683974,-179.488663,0.264109,179.605057
138.66791606882825,-485.17583733410345,-39.03532844809232,-179.488663,0.264109,179.605057
138.66786556675774,-485.1245673084054,-39.05154727184066,-179.488663,0.264109,179.605057
138.66923546894978,-485.0750891637686,-39.06762232547921,-179.488663,0.264109,179.605057
138.67128063560756,-485.02667308451225,-39.0830124828736,-179.488663,0.264109,179.605057
138.6730211016771,-484.98342466923697,-39.09652880768581,-179.488663,0.264109,179.605057
138.67467587433384,-484.94182487533067,-39.1082621882038,-179.488663,0.264109,179.605057
138.67628997376355,-484.9054131138782,-39.118512864307405,-179.488663,0.264109,179.605057
138.67704987135596,-484.87055681507934,-39.128233968417014,-179.488663,0.264109,179.605057
138.67721745448182,-484.83650734283856,-39.13658202923894,-179.488663,0.264109,179.605057
138.67685352464326,-484.80737016173686,-39.14287130362554,-179.488663,0.264109,179.605057
138.67762224588063,-484.78389650099416,-39.147857727391745,-179.488663,0.264109,179.605057
138.67942789774224,-484.76188939194276,-39.15108142992277,-179.488663,0.264109,179.605057
138.68100458868,-484.740488583225,-39.1524034326512,-179.488663,0.264109,179.605057
138.68292373005076,-484.7237800682979,-39.15221897986355,-179.488663,0.264109,179.605057
