0,1,2,3,4,5
0.6472,0.2533,2.2471,-0.541,-0.836,0.47
0.6472,0.2533,2.2471,-0.541,-0.836,0.47
0.6472,0.2764,2.2471,-0.541,-0.9289999999999999,0.47
0.6241,0.2764,2.2471,-0.541,-0.9289999999999999,0.403
0.6472,0.2533,2.3793,-0.541,-0.836,0.403
0.6241,0.2764,2.2471,-0.6320000000000001,-0.7430000000000001,0.403
0.6472,0.2303,2.3793,-0.451,-0.836,0.403
0.6472,0.2303,2.3793,-0.451,-0.836,0.403
0.6472,0.2533,2.2471,-0.541,-0.9289999999999999,0.403
0.6241,0.2533,2.2471,-0.541,-0.836,0.5369999999999999
0.6472,0.2764,2.2471,-0.541,-0.9289999999999999,0.47
0.6241,0.2533,2.2471,-0.541,-0.9289999999999999,0.47
0.6472,0.2303,2.2471,-0.541,-0.836,0.47
0.6241,0.2764,2.2471,-0.541,-0.9289999999999999,0.47
0.6241,0.2303,2.2471,-0.451,-0.9289999999999999,0.403
0.6472,0.2533,2.2471,-0.451,-0.9289999999999999,0.403
0.6472,0.2533,2.2471,-0.451,-1.022,0.47
0.6472,0.2533,2.2471,-0.541,-0.9289999999999999,0.47
0.6472,0.2533,2.2471,-0.541,-0.9289999999999999,0.47
0.6472,0.2533,2.115,-0.541,-0.9289999999999999,0.47
0.6472,0.2533,2.2471,-0.541,-0.9289999999999999,0.47
0.6472,0.2533,2.2471,-0.451,-0.9289999999999999,0.403
0.6472,0.2303,2.2471,-0.451,-0.9289999999999999,0.335
0.6241,0.2303,2.2471,-0.451,-1.022,0.403
0.6472,0.2073,2.2471,-0.451,-1.022,0.403
0.6472,0.2303,2.2471,-0.451,-1.022,0.47
0.6241,0.2303,2.2471,-0.451,-0.9289999999999999,0.47
0.6472,0.2303,2.115,-0.541,-0.9289999999999999,0.47
0.6241,0.2303,2.2471,-0.451,-0.9289999999999999,0.47
0.6241,0.2303,2.2471,-0.541,-0.9289999999999999,0.403
0.6472,0.2303,2.2471,-0.451,-1.022,0.403
0.6472,0.2533,2.115,-0.451,-0.9289999999999999,0.5369999999999999
0.6472,0.2303,2.115,-0.361,-0.9289999999999999,0.403
0.6472,0.2533,2.2471,-0.451,-1.022,0.403
0.6703,0.2073,2.3793,-0.451,-0.9289999999999999,0.335
0.6472,0.2533,2.2471,-0.451,-0.9289999999999999,0.335
0.6241,0.2303,2.2471,-0.361,-0.836,0.403
0.6472,0.2764,2.115,-0.361,-0.9289999999999999,0.335
0.6472,0.2303,2.115,-0.361,-0.9289999999999999,0.403
0.6241,0.2303,2.115,-0.361,-0.9289999999999999,0.403
0.6241,0.2303,2.115,-0.541,-0.836,0.335
0.601,0.2303,2.115,-0.451,-0.836,0.403
0.6472,0.2303,2.115,-0.451,-0.7430000000000001,0.335
0.6472,0.2303,2.115,-0.451,-0.836,0.403
0.6472,0.2303,2.115,-0.361,-0.836,0.403
0.6472,0.2303,2.115,-0.361,-0.836,0.403
0.6241,0.2303,1.9828,-0.361,-0.9289999999999999,0.335
0.6241,0.2073,1.9828,-0.361,-0.9289999999999999,0.47
0.6241,0.2533,2.115,-0.361,-0.9289999999999999,0.403
0.6472,0.2303,2.115,-0.361,-0.836,0.335
0.6472,0.2533,2.115,-0.451,-0.836,0.403
0.6472,0.2073,2.115,-0.361,-0.836,0.403
0.6472,0.2303,2.115,-0.361,-0.836,0.403
0.6472,0.2073,2.115,-0.361,-0.9289999999999999,0.403
0.6241,0.1842,2.115,-0.451,-0.836,0.403
0.6241,0.2073,2.115,-0.451,-0.836,0.47
0.6472,0.2073,2.115,-0.451,-0.836,0.47
0.6241,0.1842,2.115,-0.361,-0.836,0.47
0.6472,0.2073,2.115,-0.451,-0.836,0.403
0.6241,0.2303,2.115,-0.361,-0.836,0.403
0.6241,0.2303,2.115,-0.361,-0.836,0.47
0.6241,0.2303,2.115,-0.361,-0.9289999999999999,0.335
0.6241,0.2303,2.115,-0.361,-0.9289999999999999,0.335
0.6241,0.2073,2.115,-0.361,-0.9289999999999999,0.47
0.6472,0.2073,2.115,-0.451,-0.836,0.47
0.6472,0.2073,2.2471,-0.361,-0.836,0.403
0.6703,0.2073,2.115,-0.361,-0.9289999999999999,0.403
0.6472,0.2073,2.115,-0.361,-0.836,0.335
0.6472,0.1842,2.2471,-0.361,-0.7430000000000001,0.335
0.6241,0.2073,2.115,-0.361,-0.9289999999999999,0.335
0.6241,0.2073,2.2471,-0.361,-0.836,0.335
0.6241,0.2073,2.115,-0.361,-0.9289999999999999,0.47
0.6472,0.2073,2.115,-0.361,-0.9289999999999999,0.47
0.6703,0.2073,2.2471,-0.451,-0.836,0.335
0.6703,0.1842,2.3793,-0.361,-0.836,0.403
0.6472,0.2303,2.2471,-0.361,-0.9289999999999999,0.403
0.601,0.2073,2.2471,-0.451,-0.9289999999999999,0.403
0.6472,0.2073,2.2471,-0.451,-0.9289999999999999,0.403
0.6472,0.1842,2.2471,-0.451,-0.9289999999999999,0.403
0.6472,0.2073,2.2471,-0.451,-0.836,0.335
0.6241,0.1842,2.115,-0.361,-0.9289999999999999,0.335
0.6472,0.1842,2.115,-0.361,-0.9289999999999999,0.335
0.6472,0.1842,2.115,-0.361,-0.9289999999999999,0.335
0.6241,0.1842,2.2471,-0.451,-0.9289999999999999,0.403
0.6241,0.2073,2.2471,-0.451,-0.9289999999999999,0.335
0.6472,0.2303,2.2471,-0.451,-0.7430000000000001,0.335
0.6241,0.2303,2.2471,-0.541,-0.7430000000000001,0.403
0.6472,0.2073,2.2471,-0.451,-0.9289999999999999,0.403
0.6241,0.1842,2.2471,-0.451,-0.836,0.335
0.6241,0.1842,2.2471,-0.541,-0.7430000000000001,0.403
0.6472,0.1842,2.2471,-0.361,-0.836,0.403
0.6241,0.1842,2.2471,-0.451,-0.9289999999999999,0.403
0.6241,0.2073,2.2471,-0.451,-0.9289999999999999,0.403
0.6472,0.2073,2.2471,-0.541,-0.7430000000000001,0.268
0.6241,0.1842,2.115,-0.451,-0.65,0.403
0.6241,0.1842,2.115,-0.451,-0.65,0.403
0.6241,0.1842,2.115,-0.451,-0.836,0.403
0.6472,0.1612,2.115,-0.451,-0.7430000000000001,0.403
0.6241,0.1842,2.115,-0.451,-0.65,0.403
0.6241,0.1842,2.2471,-0.361,-0.836,0.403
0.6241,0.2073,2.2471,-0.361,-0.836,0.403
0.6241,0.2073,2.2471,-0.361,-0.836,0.335
0.6241,0.1842,2.115,-0.451,-0.65,0.335
0.6241,0.1842,2.115,-0.451,-0.65,0.335
0.6472,0.1842,2.115,-0.451,-0.65,0.403
0.6241,0.2073,2.2471,-0.541,-0.7430000000000001,0.403
0.6241,0.1842,2.115,-0.451,-0.65,0.335
0.6241,0.1842,2.115,-0.361,-0.9289999999999999,0.335
0.6472,0.2073,2.115,-0.451,-0.836,0.403
0.6241,0.1842,2.115,-0.451,-0.7430000000000001,0.335
0.6472,0.1842,1.9828,-0.451,-0.836,0.403
0.6472,0.2073,2.115,-0.361,-0.836,0.403
0.6241,0.1612,2.115,-0.451,-0.7430000000000001,0.403
0.6241,0.1842,2.115,-0.451,-0.836,0.47
0.601,0.2303,2.115,-0.361,-0.836,0.403
0.6472,0.1842,2.115,-0.361,-0.7430000000000001,0.335
0.6241,0.1842,1.9828,-0.451,-0.836,0.268
0.6241,0.1842,2.115,-0.361,-0.836,0.335
0.6241,0.1612,1.9828,-0.361,-0.9289999999999999,0.335
0.6241,0.1382,1.9828,-0.361,-0.9289999999999999,0.403
0.6241,0.1382,1.9828,-0.361,-0.9289999999999999,0.403
0.6472,0.1842,1.9828,-0.451,-0.836,0.335
0.6241,0.2073,1.9828,-0.361,-0.9289999999999999,0.335
0.6241,0.1842,2.115,-0.361,-0.836,0.403
0.6472,0.2073,2.115,-0.451,-0.836,0.403
0.6241,0.1842,1.9828,-0.361,-0.9289999999999999,0.403
0.6241,0.1842,2.115,-0.541,-0.7430000000000001,0.335
0.6472,0.1612,2.115,-0.451,-0.9289999999999999,0.403
0.6472,0.2073,2.115,-0.451,-0.7430000000000001,0.335
0.6472,0.2073,2.115,-0.451,-0.7430000000000001,0.335
0.6472,0.1842,2.115,-0.451,-0.7430000000000001,0.335
0.6703,0.1612,2.115,-0.451,-0.7430000000000001,0.403
0.6472,0.1612,1.9828,-0.451,-0.9289999999999999,0.403
0.6241,0.1612,1.9828,-0.451,-0.9289999999999999,0.403
0.6472,0.1842,1.9828,-0.361,-0.9289999999999999,0.403
0.6241,0.2073,1.9828,-0.451,-1.022,0.403
0.6472,0.2073,1.9828,-0.451,-1.022,0.403
0.6472,0.1842,1.9828,-0.451,-1.022,0.335
0.6241,0.1612,1.9828,-0.451,-0.9289999999999999,0.47
0.6472,0.1612,1.9828,-0.541,-0.7430000000000001,0.403
0.6241,0.1612,2.115,-0.361,-0.836,0.47
0.6241,0.1612,1.9828,-0.451,-0.9289999999999999,0.403
0.6472,0.1612,1.9828,-0.451,-0.836,0.335
0.6703,0.1612,1.9828,-0.451,-0.9289999999999999,0.403
0.6472,0.1612,1.8506,-0.361,-0.9289999999999999,0.403
0.6472,0.1612,1.9828,-0.451,-0.9289999999999999,0.47
0.6241,0.2073,1.8506,-0.361,-0.9289999999999999,0.403
0.6241,0.2073,1.8506,-0.361,-0.9289999999999999,0.403
0.6472,0.1612,1.9828,-0.361,-0.7430000000000001,0.335
0.6472,0.1612,1.8506,-0.451,-0.7430000000000001,0.335
0.6472,0.1612,1.9828,-0.361,-0.836,0.403
0.6241,0.2073,1.8506,-0.361,-0.9289999999999999,0.403
0.6472,0.1842,1.8506,-0.451,-0.836,0.403
0.6241,0.1842,1.9828,-0.361,-0.836,0.335
0.6472,0.1842,1.8506,-0.361,-0.9289999999999999,0.403
0.6241,0.1842,1.8506,-0.451,-0.7430000000000001,0.335
0.6241,0.1612,1.8506,-0.451,-0.65,0.335
0.6472,0.1612,1.8506,-0.451,-0.7430000000000001,0.403
0.6241,0.1612,1.8506,-0.451,-0.65,0.403
0.601,0.1842,1.9828,-0.541,-0.7430000000000001,0.335
0.6472,0.1382,1.9828,-0.361,-0.836,0.403
0.6241,0.1612,1.9828,-0.541,-0.7430000000000001,0.335
0.6472,0.1612,1.8506,-0.451,-0.65,0.403
0.6241,0.1842,1.8506,-0.361,-0.836,0.403
0.601,0.2073,1.8506,-0.451,-0.65,0.335
0.6241,0.1612,1.8506,-0.451,-0.7430000000000001,0.47
0.601,0.2303,1.9828,-0.541,-0.7430000000000001,0.335
0.6472,0.1842,1.9828,-0.361,-0.836,0.403
0.6241,0.1842,1.8506,-0.451,-0.836,0.403
0.6241,0.1842,1.9828,-0.361,-0.836,0.403
0.6241,0.1842,1.9828,-0.361,-0.836,0.47
0.6241,0.1842,1.8506,-0.361,-0.9289999999999999,0.335
0.6472,0.1612,1.8506,-0.361,-0.9289999999999999,0.335
0.6241,0.1382,1.8506,-0.451,-0.7430000000000001,0.335
0.6241,0.1612,1.9828,-0.361,-0.836,0.403
0.6241,0.1612,1.9828,-0.361,-0.7430000000000001,0.335
0.6241,0.1382,1.8506,-0.361,-0.9289999999999999,0.47
0.6472,0.1612,1.9828,-0.451,-0.9289999999999999,0.403
0.6241,0.1612,1.9828,-0.361,-0.836,0.403
0.6472,0.1612,1.8506,-0.361,-0.9289999999999999,0.403
0.6241,0.1382,1.8506,-0.361,-0.9289999999999999,0.403
0.6472,0.1612,1.8506,-0.451,-0.65,0.403
0.6241,0.1842,1.9828,-0.361,-0.7430000000000001,0.268
0.6472,0.1842,1.8506,-0.451,-0.65,0.335
0.6241,0.1842,1.8506,-0.361,-0.836,0.403
0.6241,0.1612,1.8506,-0.27,-0.9289999999999999,0.403
0.6241,0.1842,1.8506,-0.361,-0.9289999999999999,0.403
0.6241,0.1842,1.8506,-0.361,-0.9289999999999999,0.403
0.6241,0.1842,1.9828,-0.361,-0.836,0.403
0.6241,0.1842,1.9828,-0.361,-0.836,0.335
0.6472,0.1382,1.8506,-0.451,-0.836,0.47
0.6472,0.1842,1.7184,-0.27,-0.9289999999999999,0.403
0.6472,0.1612,1.8506,-0.27,-0.9289999999999999,0.335
0.6472,0.1382,1.8506,-0.27,-0.9289999999999999,0.403
0.6241,0.1612,1.8506,-0.451,-0.7430000000000001,0.335
0.6472,0.1612,1.9828,-0.361,-0.7430000000000001,0.335
0.6241,0.1612,1.8506,-0.361,-0.836,0.403
0.6241,0.1842,1.8506,-0.361,-0.836,0.403
0.6241,0.2073,1.8506,-0.361,-0.836,0.403
0.6472,0.1612,1.7184,-0.361,-0.836,0.403
0.6241,0.1842,1.8506,-0.361,-0.836,0.335
0.6241,0.1612,1.8506,-0.27,-1.022,0.335
0.6241,0.1382,1.8506,-0.27,-1.022,0.403
0.6241,0.1382,1.8506,-0.27,-1.022,0.403
0.6472,0.1151,1.8506,-0.27,-1.022,0.403
0.6472,0.1151,1.8506,-0.18,-1.022,0.335
0.6472,0.0921,1.8506,-0.18,-1.022,0.47
0.601,0.0691,1.8506,-0.09,-1.115,0.403
0.601,0.0921,1.9828,-0.09,-1.115,0.335
0.601,0.046,1.9828,0.0,-1.207,0.403
0.6472,-0.023,2.115,0.27,-1.393,0.47
0.6934,-0.046,2.115,0.18,-1.207,0.47
0.7165,-0.1151,2.2471,0.27,-1.207,0.335
0.7165,-0.2073,2.3793,0.27,-1.207,0.5369999999999999
0.6934,-0.2073,2.3793,0.451,-1.3,0.47
0.7165,-0.2303,2.5115,0.541,-1.207,0.403
0.7165,-0.3224,2.5115,0.541,-1.207,0.335
0.6703,-0.4376,2.6437,0.993,-1.393,0.47
0.6472,-0.5067,2.7759,1.173,-1.4860000000000002,0.335
0.601,-0.6449,3.0403,1.444,-1.672,0.403
0.6241,-0.714,3.0403,1.535,-1.765,0.47
0.6934,-0.737,3.1725,1.625,-1.4860000000000002,0.47
0.7397,-0.7601,3.3046,1.715,-1.393,0.403
0.7859,-0.8292,3.3046,1.715,-1.393,0.335
0.7397,-0.9443,3.4368,1.896,-1.4860000000000002,0.403
0.7397,-1.0134,3.4368,1.986,-1.393,0.47
0.809,-1.0825,3.7012,2.257,-1.393,0.47
0.809,-1.0825,3.7012,2.257,-1.393,0.47
0.8784,-1.1516,3.9656,2.5280000000000005,-1.207,0.335
0.8784,-1.1516,3.9656,2.5280000000000005,-1.207,0.335
0.8321,-1.405,3.9656,2.979,-1.4860000000000002,0.403
0.6934,-1.6584,4.3621,3.431,-1.8579999999999999,0.403
0.6703,-1.7966,4.3621,3.5210000000000004,-1.765,0.268
0.7397,-1.8657,4.4943,3.792,-1.8579999999999999,0.335
0.809,-1.9117,4.4943,3.8819999999999997,-1.4860000000000002,0.268
0.9708,-1.9348,4.7587,3.973,-1.3,0.268
0.9939,-1.9348,4.8909,4.1530000000000005,-1.207,0.201
0.9246,-2.073,4.7587,4.334,-1.672,0.268
0.9015,-2.1421,4.8909,4.605,-1.5790000000000002,0.268
0.9708,-2.3033,5.2875,4.8759999999999994,-1.5790000000000002,0.268
0.9015,-2.5336,5.4196,5.417999999999999,-1.8579999999999999,0.268
0.6472,-2.6258,5.5518,5.869,-2.415,0.268
0.6472,-2.6258,5.5518,5.869,-2.415,0.268
0.6934,-2.6949,5.8162,5.869,-2.415,0.268
0.6934,-2.8561,6.0806,6.411,-2.322,0.201
0.7628,-2.9713,6.345,6.5920000000000005,-2.322,0.335
0.8321,-3.0864,6.4771,6.953,-2.137,0.335
0.9015,-3.1325,6.7415,7.133000000000001,-2.137,0.201
1.2944,-3.2937,6.7415,7.133000000000001,-1.207,0.201
1.1558,-3.3398,6.7415,7.314,-1.5790000000000002,0.268
1.0633,-3.4319,6.8737,7.404,-1.765,0.134
0.6934,-3.5932,7.0059,7.946,-2.508,-0.0
0.6934,-3.5932,7.0059,7.946,-2.508,-0.0
0.7859,-3.5471,6.8737,7.765,-2.23,0.134
0.9477,-3.5701,7.0059,7.856,-1.765,0.134
1.0171,-3.6623,7.2703,8.036,-1.8579999999999999,0.201
1.0171,-3.8465,7.5346,8.488,-1.765,0.134
0.9015,-3.8926,7.6668,8.849,-2.044,0.134
0.5547,-3.8235,7.2703,8.398,-2.601,0.067
0.6472,-3.8696,7.1381,8.217,-2.415,0.067
0.6472,-3.8696,7.1381,8.217,-2.415,0.067
0.7859,-3.9387,7.4025,8.488,-2.23,-0.0
0.8552,-4.0538,7.5346,8.939,-2.137,0.067
0.8784,-4.0769,7.799,9.030000000000001,-1.951,0.134
0.9015,-4.1229,7.799,9.120000000000001,-1.951,0.067
0.8552,-4.146,7.799,9.120000000000001,-2.137,0.201
0.8552,-4.146,7.799,9.120000000000001,-2.137,0.201
0.809,-4.192,7.799,9.21,-2.23,0.134
0.7628,-4.3994,8.1956,9.841999999999999,-2.23,-0.0
0.809,-4.4454,8.0634,9.841999999999999,-2.23,0.067
0.8784,-4.4224,8.0634,9.751999999999999,-2.044,0.134
0.9708,-4.5836,8.3278,10.204,-1.8579999999999999,0.134
0.9477,-4.6527,8.5922,10.474,-1.951,0.134
0.9246,-4.6988,8.7243,10.565,-2.044,0.134
0.8784,-4.7218,8.5922,10.565,-2.137,0.067
0.7859,-4.7679,8.8565,10.745000000000001,-2.137,0.067
0.809,-4.6988,8.7243,10.474,-2.23,0.067
0.8321,-4.6527,8.7243,10.294,-2.137,0.067
0.8552,-4.6527,8.5922,10.294,-2.137,0.067
0.9246,-4.7679,8.9887,10.835999999999999,-2.044,-0.0
0.9015,-4.6758,9.2531,10.745000000000001,-2.137,0.134
0.8321,-5.0213,9.2531,11.468,-2.23,-0.0
0.8321,-5.0213,9.1209,11.287,-2.137,-0.0
0.8552,-4.9982,8.9887,11.015999999999998,-2.044,-0.0
0.9477,-5.0673,9.1209,11.107,-1.951,0.067
0.9477,-5.4128,9.6497,12.461,-2.044,-0.0
0.9015,-5.551,10.1784,12.912999999999998,-2.23,-0.067
0.8552,-5.6432,10.1784,13.184000000000001,-2.23,-0.0
1.0171,-5.9196,10.7072,13.725000000000001,-1.8579999999999999,-0.067
1.1095,-5.9656,10.8393,13.995999999999999,-1.672,-0.0
1.1558,-6.0347,11.1037,14.087,-1.672,-0.067
1.0171,-6.0347,10.9715,13.906,-1.765,0.067
0.8552,-5.9656,10.7072,13.545,-2.137,-0.134
0.8552,-5.9656,10.7072,13.545,-2.137,-0.134
0.8552,-6.1499,10.9715,14.177,-2.044,-0.134
0.9015,-6.242,11.2359,14.628,-2.044,-0.134
1.0171,-6.2651,11.2359,14.719,-1.672,-0.134
1.0864,-6.219,11.1037,14.448,-1.5790000000000002,-0.0
1.0633,-6.1038,10.8393,13.815999999999999,-1.5790000000000002,0.134
1.0171,-5.9426,10.575,13.364,-1.8579999999999999,-0.0
0.8552,-6.0578,10.7072,13.545,-2.044,-0.134
0.809,-6.219,11.1037,14.357,-2.137,-0.268
0.8321,-6.3111,11.3681,14.809000000000001,-2.137,-0.201
0.9477,-6.4033,11.5003,14.990000000000002,-2.044,-0.201
1.0633,-6.4263,11.3681,14.809000000000001,-1.672,-0.134
1.0864,-6.4033,11.2359,14.719,-1.672,-0.0
0.9708,-6.4263,11.2359,14.809000000000001,-1.765,-0.0
0.8784,-6.4493,11.3681,14.990000000000002,-1.951,-0.134
0.9477,-6.4724,11.6325,15.08,-1.8579999999999999,-0.067
0.9708,-6.5645,11.7647,15.441,-1.765,-0.067
0.9939,-6.8179,12.4256,16.253999999999998,-1.8579999999999999,-0.201
1.1095,-6.7948,12.029,15.892999999999999,-1.672,-0.067
1.1095,-6.7948,12.029,15.892999999999999,-1.672,-0.067
0.9708,-6.6106,11.6325,15.26,-1.765,-0.067
0.6472,-6.5415,11.5003,15.169999999999998,-2.415,-0.134
0.6703,-6.5184,11.5003,15.08,-2.415,-0.134
0.8784,-6.4493,11.3681,14.809000000000001,-1.951,-0.201
0.9708,-6.4263,11.2359,14.538,-1.8579999999999999,-0.067
0.9477,-6.3802,11.2359,14.357,-1.8579999999999999,-0.067
0.8784,-6.3342,11.1037,14.267000000000001,-1.951,-0.0
0.7628,-6.219,10.8393,13.725000000000001,-2.23,-0.067
0.7165,-6.0578,10.575,13.364,-2.137,-0.067
0.7165,-5.9656,10.3106,13.003,-2.23,-0.067
0.8552,-5.8735,10.0462,12.551000000000002,-1.951,-0.134
0.9708,-5.8965,10.1784,12.642,-1.765,-0.067
0.8321,-5.8505,9.914,12.371,-1.951,-0.134
0.7397,-5.7123,9.7818,12.190000000000001,-2.137,-0.067
0.7165,-5.5971,9.6497,11.558,-2.044,-0.067
0.6703,-5.4359,9.3853,11.197,-2.137,-0.067
0.7397,-5.2746,9.2531,10.835999999999999,-1.951,-0.0
0.7628,-5.2746,9.1209,10.835999999999999,-1.8579999999999999,0.067
0.7859,-5.2746,9.1209,10.835999999999999,-2.044,0.067
0.7859,-5.3207,9.3853,11.107,-1.951,-0.0
0.8321,-5.3898,9.3853,11.197,-1.951,-0.0
0.5085,-5.1825,8.9887,10.655,-2.601,-0.134
0.5085,-5.1825,8.9887,10.655,-2.601,-0.134
0.5085,-5.1364,8.9887,10.565,-2.508,-0.067
1.0633,-5.2516,9.2531,10.926,-1.393,-0.0
0.9708,-5.3898,9.5175,11.468,-1.5790000000000002,0.067
0.6934,-5.4589,9.6497,11.468,-2.23,-0.134
0.5779,-5.505,9.6497,11.919,-2.415,-0.268
0.7628,-5.528,9.914,11.919,-2.044,-0.067
1.1326,-5.528,10.0462,11.919,-1.393,-0.0
1.3638,-5.505,9.914,11.648,-1.022,0.335
0.7859,-5.6892,10.3106,12.551000000000002,-2.322,-0.0
0.7859,-5.6892,10.3106,12.551000000000002,-2.322,-0.0
1.2713,-6.0117,10.8393,13.364,-1.022,0.268
1.2713,-6.0117,10.8393,13.364,-1.022,0.268
0.9477,-5.9887,10.4428,13.003,-1.951,-0.0
0.9939,-6.0808,10.8393,13.453999999999999,-1.951,-0.067
1.0171,-6.242,11.3681,14.267000000000001,-1.8579999999999999,-0.0
0.9708,-6.2881,11.3681,14.357,-1.8579999999999999,-0.067
0.9939,-6.242,11.2359,14.087,-1.8579999999999999,-0.0
1.0864,-6.242,11.3681,14.177,-1.672,-0.0
1.1095,-6.3802,11.5003,14.628,-1.672,-0.0
1.0402,-6.4493,11.5003,14.990000000000002,-1.672,-0.0
0.9477,-6.4493,11.5003,14.899000000000001,-2.044,-0.067
1.0402,-6.3342,11.2359,14.357,-1.765,0.067
1.0402,-6.2881,11.1037,14.087,-1.765,0.067
1.0171,-6.2651,11.1037,14.087,-1.765,-0.0
0.9246,-6.219,10.8393,13.635,-1.951,0.067
0.9246,-6.219,10.8393,13.635,-1.951,0.067
0.7397,-6.0347,10.575,13.184000000000001,-2.23,-0.067
0.6934,-6.0347,10.7072,13.545,-2.322,-0.067
0.6934,-6.0347,10.7072,13.545,-2.322,-0.067
0.9246,-5.9656,10.575,13.093,-1.8579999999999999,-0.067
1.0864,-5.8965,10.3106,12.822,-1.5790000000000002,0.067
1.1326,-5.8505,10.0462,12.371,-1.5790000000000002,0.134
1.0171,-5.8505,10.1784,12.551000000000002,-1.672,0.067
0.9477,-5.8735,10.1784,12.822,-1.951,-0.0
0.809,-5.8044,10.0462,12.461,-2.23,-0.067
0.7397,-5.7123,10.1784,12.371,-2.322,-0.134
0.7628,-5.7353,10.0462,12.371,-2.137,-0.134
0.8552,-5.7353,10.0462,12.371,-2.044,-0.134
0.9708,-5.7583,10.0462,12.280999999999999,-1.951,0.067
0.9939,-5.7583,10.1784,12.371,-1.765,0.134
0.8784,-5.8274,10.1784,12.642,-2.23,-0.0
0.7628,-5.8044,10.1784,12.551000000000002,-2.137,0.067
0.809,-5.7353,10.0462,12.280999999999999,-2.137,-0.134
0.8784,-5.6662,9.914,12.1,-1.8579999999999999,-0.0
1.0402,-5.7353,10.0462,12.1,-1.5790000000000002,-0.0
1.0864,-5.8044,10.3106,12.551000000000002,-1.4860000000000002,0.067
0.9939,-5.7583,10.4428,12.642,-1.672,-0.0
0.9246,-5.7583,10.3106,12.642,-2.044,0.067
0.7628,-5.8735,10.1784,12.642,-2.322,-0.067
0.9246,-5.8505,10.1784,12.732000000000001,-1.951,-0.134
0.9246,-5.8735,10.1784,12.551000000000002,-1.765,-0.067
0.9246,-5.8274,10.0462,12.461,-1.8579999999999999,-0.067
0.9015,-6.0578,10.8393,13.274,-2.044,-0.067
1.1095,-6.219,11.3681,14.087,-1.5790000000000002,0.067
1.1326,-6.196,11.3681,13.995999999999999,-1.4860000000000002,0.067
1.1095,-6.219,11.1037,13.725000000000001,-1.4860000000000002,-0.0
1.1095,-6.196,10.9715,13.725000000000001,-1.4860000000000002,0.067
0.9708,-6.2651,11.2359,14.087,-1.765,-0.0
0.9246,-6.5415,11.8968,15.169999999999998,-1.951,-0.067
1.0171,-6.5645,12.029,15.350999999999999,-1.765,-0.067
1.1095,-6.196,11.8968,14.448,-1.5790000000000002,0.067
1.2713,-6.3572,11.3681,13.995999999999999,-1.3,0.134
1.1558,-6.7488,12.029,15.530999999999999,-1.4860000000000002,-0.067
1.0402,-6.8409,12.1612,15.712,-1.765,-0.134
1.0402,-6.7718,12.029,15.530999999999999,-1.765,-0.067
1.1326,-6.7257,11.8968,15.169999999999998,-1.672,-0.0
1.2251,-6.8409,12.2934,15.802,-1.3,0.067
1.0633,-7.1403,12.8222,16.796,-1.672,-0.067
1.1558,-7.1864,12.9543,16.976,-1.5790000000000002,-0.067
1.1789,-7.1173,12.8222,16.525000000000002,-1.5790000000000002,-0.0
0.6472,-6.9561,12.1612,15.892999999999999,-2.508,-0.335
0.4854,-6.8409,12.029,15.712,-2.787,-0.335
0.4854,-6.8179,11.8968,15.530999999999999,-2.787,-0.268
0.7165,-6.7488,11.8968,15.350999999999999,-2.23,-0.201
0.8321,-6.7488,11.7647,15.350999999999999,-1.951,-0.067
0.9477,-6.7948,12.029,15.622,-1.765,-0.067
1.2251,-6.6566,11.6325,14.990000000000002,-1.115,0.067
1.2251,-6.5645,11.5003,14.538,-1.207,0.067
0.8784,-6.3802,11.1037,14.087,-1.765,-0.067
0.7859,-6.2881,11.1037,13.725000000000001,-1.951,-0.134
0.9708,-6.242,11.1037,13.364,-1.672,-0.067
0.9939,-6.219,10.9715,13.453999999999999,-1.5790000000000002,-0.134
1.0633,-6.3342,11.1037,13.725000000000001,-1.4860000000000002,-0.067
0.9939,-6.4493,11.3681,14.357,-1.765,-0.0
0.9246,-6.4954,11.5003,14.448,-1.8579999999999999,-0.067
0.8784,-6.5415,11.5003,14.538,-1.8579999999999999,-0.134
0.9939,-6.5645,11.5003,14.719,-1.672,-0.134
1.0864,-6.6106,11.6325,14.899000000000001,-1.4860000000000002,-0.067
1.1326,-6.6336,11.7647,15.08,-1.3,-0.067
1.2251,-6.6336,11.7647,15.08,-1.207,-0.067
1.2251,-6.6336,11.7647,15.08,-1.207,0.067
1.1558,-6.7027,11.8968,15.26,-1.393,-0.0
0.9246,-6.8409,12.029,15.712,-1.672,-0.067
0.8784,-6.887,12.1612,15.712,-1.951,-0.067
0.8321,-6.8179,12.029,15.622,-1.951,-0.134
1.0171,-6.7488,11.8968,15.26,-1.765,-0.0
1.1558,-6.7718,11.8968,15.350999999999999,-1.3,-0.0
1.1558,-6.8179,12.1612,15.622,-1.3,0.067
1.0633,-6.887,12.1612,15.802,-1.5790000000000002,0.067
1.0171,-6.8639,12.029,15.622,-1.5790000000000002,-0.0
1.0171,-6.7027,11.6325,15.08,-1.4860000000000002,-0.0
1.0171,-6.7027,11.6325,15.08,-1.4860000000000002,-0.0
0.9939,-6.7027,11.6325,15.08,-1.5790000000000002,-0.0
0.9246,-6.6336,11.6325,14.899000000000001,-1.765,0.067
0.8321,-6.5184,11.5003,14.538,-1.8579999999999999,-0.134
0.9477,-6.4954,11.3681,14.357,-1.765,0.067
0.9477,-6.4954,11.3681,14.357,-1.765,0.067
1.0171,-6.4954,11.3681,14.448,-1.4860000000000002,0.067
0.9477,-6.5415,11.3681,14.538,-1.765,-0.067
0.809,-6.5645,11.3681,14.628,-1.8579999999999999,-0.134
0.8321,-6.5415,11.1037,14.448,-1.951,-0.067
0.8321,-6.5415,11.1037,14.448,-1.951,-0.067
0.9015,-6.4263,10.9715,13.995999999999999,-1.765,-0.134
0.9015,-6.4263,10.8393,13.995999999999999,-1.765,-0.0
0.809,-6.3802,10.9715,13.995999999999999,-1.951,-0.134
0.809,-6.3802,10.9715,13.995999999999999,-1.951,-0.134
0.8321,-6.3111,10.8393,13.725000000000001,-1.8579999999999999,-0.134
0.9939,-6.1729,10.575,13.274,-1.4860000000000002,0.067
1.0171,-6.0578,10.3106,12.822,-1.4860000000000002,-0.0
0.9477,-6.0578,10.1784,12.912999999999998,-1.672,-0.067
0.9477,-6.0578,10.1784,12.912999999999998,-1.672,-0.067
0.809,-6.0117,10.3106,12.822,-1.8579999999999999,-0.134
0.8321,-6.0117,10.3106,12.822,-1.951,-0.134
0.8552,-5.9196,10.1784,12.551000000000002,-1.765,-0.0
0.9246,-5.8505,10.0462,12.280999999999999,-1.672,-0.067
0.9708,-5.8044,9.914,12.371,-1.5790000000000002,0.134
0.9246,-5.8735,10.1784,12.461,-1.672,-0.0
0.9477,-6.242,10.9715,13.815999999999999,-1.765,-0.134
0.9939,-6.2651,10.9715,13.815999999999999,-1.672,-0.201
1.0864,-6.3342,10.8393,13.995999999999999,-1.393,-0.0
1.0864,-6.3342,10.8393,13.995999999999999,-1.393,-0.0
0.9939,-6.3572,11.1037,14.267000000000001,-1.672,-0.0
0.9708,-6.6797,12.029,15.622,-1.672,-0.134
1.0402,-6.5875,12.2934,15.530999999999999,-1.4860000000000002,-0.0
1.2482,-6.5184,12.5578,15.530999999999999,-0.9289999999999999,-0.0
1.202,-6.8179,11.7647,15.26,-1.393,-0.067
1.1558,-6.7948,11.7647,15.350999999999999,-1.4860000000000002,-0.067
1.1558,-6.7948,11.7647,15.350999999999999,-1.4860000000000002,-0.067
1.0633,-6.887,12.029,15.712,-1.5790000000000002,-0.067
1.0171,-6.9791,12.1612,15.892999999999999,-1.672,-0.0
1.1789,-6.9561,12.1612,15.983,-1.393,-0.067
1.2482,-7.0712,12.4256,16.253999999999998,-1.207,-0.0
1.3407,-7.3246,13.4831,17.608,-1.022,-0.0
1.2944,-7.3937,13.4831,17.699,-1.022,-0.067
1.2482,-7.1173,12.4256,16.163,-1.672,-0.067
1.0864,-7.1864,12.1612,16.163,-1.4860000000000002,-0.0
1.0633,-7.2785,12.5578,16.615,-1.5790000000000002,-0.0
0.9708,-7.3476,12.69,17.067,-1.8579999999999999,-0.134
0.9708,-7.3476,12.69,17.067,-1.8579999999999999,-0.134
0.9477,-7.1634,12.2934,16.344,-1.8579999999999999,-0.201
0.9939,-6.91,11.7647,15.350999999999999,-1.5790000000000002,-0.0
0.9939,-6.5645,11.1037,14.267000000000001,-1.672,0.067
0.8552,-6.5875,11.1037,14.267000000000001,-1.951,-0.0
0.7397,-6.6106,11.3681,14.719,-2.044,-0.134
0.6934,-6.7027,11.6325,15.08,-2.23,-0.268
0.9246,-6.6566,11.5003,14.719,-1.765,-0.0
1.0402,-6.5875,11.3681,14.357,-1.5790000000000002,-0.0
1.0864,-6.5875,11.2359,14.357,-1.393,-0.0
1.0171,-6.5875,11.3681,14.628,-1.672,-0.067
0.9015,-6.4493,10.9715,13.815999999999999,-1.8579999999999999,-0.067
0.8552,-6.2651,10.7072,13.364,-1.672,-0.134
0.7859,-6.196,10.575,13.093,-1.951,-0.067
0.809,-6.242,10.7072,13.364,-2.044,-0.067
0.9015,-6.1729,10.575,13.093,-1.765,-0.134
0.9708,-6.1038,10.3106,12.822,-1.765,-0.0
0.8784,-5.9656,10.0462,12.371,-1.765,-0.0
0.7859,-5.7353,9.7818,11.829,-1.8579999999999999,-0.0
0.809,-5.6201,9.6497,11.468,-1.765,-0.067
0.7859,-5.551,9.3853,11.107,-1.765,-0.067
0.809,-5.6892,9.7818,11.378,-1.8579999999999999,-0.134
0.8784,-5.7814,10.3106,12.461,-1.765,-0.067
0.8552,-5.4359,10.0462,11.468,-1.765,-0.0
0.9477,-5.505,9.3853,10.926,-1.4860000000000002,0.067
1.0633,-5.6892,9.6497,11.648,-1.393,0.201
0.9939,-5.8274,9.914,12.010000000000002,-1.5790000000000002,0.067
0.9015,-5.8965,10.0462,12.461,-1.8579999999999999,-0.067
1.0402,-5.8044,10.1784,12.1,-1.393,-0.0
1.202,-5.9887,10.3106,12.642,-1.3,0.134
1.1789,-6.242,10.9715,13.453999999999999,-1.3,0.067
1.1558,-6.3572,11.6325,14.267000000000001,-1.393,-0.0
1.2251,-6.4263,11.5003,14.177,-1.207,-0.0
1.1095,-6.4493,11.2359,14.267000000000001,-1.393,-0.067
1.1095,-6.4493,11.2359,14.267000000000001,-1.393,-0.067
1.1558,-6.4954,11.3681,14.267000000000001,-1.207,0.067
1.1558,-6.5184,11.5003,14.448,-1.3,0.067
1.0633,-6.6566,11.8968,15.08,-1.5790000000000002,0.067
1.0171,-6.7257,11.8968,15.350999999999999,-1.765,-0.067
1.0864,-6.7718,12.029,15.441,-1.672,0.067
1.1789,-6.7488,11.8968,15.350999999999999,-1.393,0.067
1.1789,-6.7257,11.7647,15.08,-1.393,0.067
1.1095,-6.7488,11.6325,15.08,-1.4860000000000002,0.134
1.0402,-6.6566,11.5003,14.809000000000001,-1.5790000000000002,0.067
1.0402,-6.6566,11.5003,14.809000000000001,-1.5790000000000002,0.067
1.0633,-6.5184,11.2359,14.267000000000001,-1.4860000000000002,-0.0
1.0633,-6.5184,11.2359,14.267000000000001,-1.4860000000000002,-0.0
0.9708,-6.4263,10.9715,14.087,-1.765,-0.067
0.9477,-6.2881,10.7072,13.545,-1.672,0.067
0.9939,-6.1499,10.4428,13.003,-1.8579999999999999,0.134
0.9246,-6.0347,10.0462,12.551000000000002,-1.8579999999999999,0.067
0.9246,-6.0347,10.0462,12.551000000000002,-1.8579999999999999,0.067
0.9477,-5.9656,10.1784,12.461,-1.672,0.067
0.9477,-5.9196,9.914,12.190000000000001,-1.5790000000000002,0.067
0.9477,-5.7123,9.6497,11.648,-1.765,0.201
0.8784,-5.6201,9.5175,11.378,-1.765,0.067
0.6472,-5.4589,9.2531,10.926,-2.044,-0.067
0.809,-5.4589,9.914,11.558,-1.951,-0.0
0.809,-5.4589,9.914,11.558,-1.951,-0.0
1.0633,-5.6201,10.1784,12.190000000000001,-1.393,-0.0
1.0633,-5.6201,10.1784,12.190000000000001,-1.393,-0.0
1.0864,-5.7814,9.6497,11.648,-1.393,0.134
1.0171,-5.7814,9.5175,11.738999999999999,-1.5790000000000002,0.134
0.9015,-5.8274,9.6497,11.919,-1.672,-0.0
0.8552,-5.7583,9.6497,11.829,-1.672,0.067
0.9246,-5.505,9.1209,11.015999999999998,-1.4860000000000002,0.134
0.9939,-5.4128,9.1209,10.655,-1.4860000000000002,0.067
0.9708,-5.6892,9.5175,11.648,-1.672,0.067
0.9708,-5.8044,10.1784,12.190000000000001,-1.672,-0.067
1.0864,-5.7353,10.4428,12.371,-1.3,0.134
1.2944,-6.0578,10.4428,12.912999999999998,-1.022,0.134
1.3638,-6.219,10.8393,13.453999999999999,-1.022,0.134
1.3638,-6.219,10.8393,13.453999999999999,-1.022,0.134
1.0402,-6.3342,11.1037,13.906,-1.765,0.067
0.9477,-6.3572,10.9715,13.545,-1.951,0.067
0.9246,-6.3342,10.8393,13.453999999999999,-2.137,-0.0
0.7165,-6.3572,11.1037,13.725000000000001,-2.601,-0.201
0.9708,-6.7948,11.8968,15.169999999999998,-2.044,-0.067
0.9246,-6.9561,12.2934,15.892999999999999,-1.951,-0.067
0.9246,-6.9561,12.2934,15.892999999999999,-1.951,-0.067
1.0171,-6.933,12.5578,16.073,-1.765,-0.0
1.1095,-6.7488,11.6325,14.809000000000001,-1.4860000000000002,0.134
1.2713,-6.7948,11.8968,14.990000000000002,-1.3,0.134
1.3638,-6.9791,12.2934,15.530999999999999,-0.9289999999999999,0.134
1.3638,-7.0943,12.5578,15.892999999999999,-1.115,0.134
1.2251,-6.9561,12.2934,15.350999999999999,-1.5790000000000002,0.067
1.0633,-6.91,12.1612,15.441,-1.5790000000000002,0.067
1.0864,-6.933,12.2934,15.441,-1.4860000000000002,-0.0
1.0633,-7.0252,12.4256,15.622,-1.4860000000000002,0.067
1.2251,-7.0252,12.4256,15.622,-1.3,0.134
1.1789,-6.9561,12.2934,15.441,-1.3,0.067
1.1558,-6.9561,12.2934,15.441,-1.393,0.067
1.1326,-6.933,12.2934,15.441,-1.4860000000000002,-0.0
0.9015,-6.887,12.029,15.350999999999999,-1.951,-0.067
0.8784,-6.6797,11.7647,14.628,-1.951,-0.067
0.9477,-6.6336,11.5003,14.267000000000001,-1.5790000000000002,-0.067
0.9477,-6.6566,11.6325,14.357,-1.765,-0.067
0.9477,-6.6797,11.7647,14.628,-1.5790000000000002,-0.0
0.9015,-6.5875,11.6325,14.267000000000001,-1.8579999999999999,-0.0
0.9477,-6.4724,11.2359,13.815999999999999,-1.765,-0.067
0.9015,-6.4724,11.1037,13.545,-1.672,0.067
0.9246,-6.4493,11.1037,13.635,-1.765,-0.0
0.9246,-6.4033,11.2359,13.545,-1.672,-0.0
0.9246,-6.4033,11.2359,13.545,-1.672,-0.0
1.0402,-6.3111,10.9715,13.184000000000001,-1.393,0.067
1.0402,-6.3342,11.1037,13.274,-1.393,-0.0
0.9939,-6.3802,10.9715,13.453999999999999,-1.4860000000000002,-0.067
0.9939,-6.3802,10.9715,13.453999999999999,-1.4860000000000002,-0.067
0.9477,-6.2881,10.575,12.822,-1.5790000000000002,0.067
0.9477,-6.2881,10.575,12.822,-1.5790000000000002,0.067
0.9246,-6.0578,10.1784,12.280999999999999,-1.672,0.134
0.9246,-5.9656,10.0462,12.1,-1.5790000000000002,-0.0
0.9015,-5.9656,10.3106,12.1,-1.5790000000000002,-0.067
0.9246,-6.0347,10.4428,12.371,-1.5790000000000002,-0.0
0.9939,-6.0578,10.575,12.642,-1.4860000000000002,-0.067
1.1789,-6.1499,10.7072,12.732000000000001,-1.115,0.134
1.1558,-6.0808,10.575,12.642,-1.022,0.134
1.1095,-6.0808,10.575,12.551000000000002,-1.3,0.067
0.8321,-6.0808,10.4428,12.642,-1.672,-0.0
0.7165,-6.0347,10.3106,12.551000000000002,-2.137,0.067
0.6934,-6.0578,10.4428,12.551000000000002,-2.044,-0.0
0.8552,-6.0347,10.4428,12.371,-1.765,-0.067
1.1326,-5.9887,10.3106,12.1,-1.115,0.201
0.6472,-5.5971,9.5175,11.015999999999998,-2.044,0.067
0.6472,-5.5971,9.5175,11.015999999999998,-2.044,0.067
0.5085,-5.4128,9.3853,10.565,-2.137,-0.0
0.5547,-5.3207,9.1209,10.294,-2.137,-0.067
1.2251,-5.3668,9.5175,10.565,-0.836,0.134
1.3407,-5.4359,9.914,10.745000000000001,-0.65,0.134
0.7628,-5.7123,10.0462,11.738999999999999,-1.951,-0.0
0.5779,-5.9887,10.7072,12.732000000000001,-2.23,-0.201
1.0171,-6.1269,10.9715,13.184000000000001,-1.3,-0.067
1.6412,-6.0808,11.1037,12.912999999999998,-0.185,0.268
1.2251,-6.2881,11.3681,13.453999999999999,-1.022,0.134
1.1095,-6.242,11.3681,13.364,-1.3,-0.0
1.1095,-6.3111,11.2359,13.274,-1.393,-0.0
1.2713,-6.4033,11.5003,13.635,-1.022,0.201
1.2482,-6.4263,11.5003,13.906,-0.9289999999999999,0.201
1.1789,-6.4263,11.5003,13.906,-1.207,0.134
1.1095,-6.4033,11.3681,13.815999999999999,-1.393,0.134
1.1326,-6.3802,11.3681,13.635,-1.3,0.134
1.1095,-6.3342,11.2359,13.453999999999999,-1.3,0.134
0.9477,-6.242,10.8393,13.093,-1.765,-0.0
0.8552,-6.219,10.7072,13.003,-1.672,-0.0
1.0633,-6.2881,10.9715,13.274,-1.393,-0.0
1.0633,-6.2881,10.9715,13.274,-1.393,-0.0
1.0864,-6.0808,10.575,12.732000000000001,-1.3,0.067
1.0864,-5.9426,10.1784,12.1,-1.3,0.201
0.9477,-5.7814,9.914,11.648,-1.5790000000000002,0.067
0.8552,-5.6662,9.7818,11.468,-1.672,-0.0
0.809,-5.5971,9.6497,11.107,-1.8579999999999999,0.067
0.809,-5.5741,9.5175,11.015999999999998,-1.765,0.067
1.0171,-5.7353,10.1784,11.919,-1.393,0.134
1.1326,-5.8274,10.4428,12.190000000000001,-1.115,0.134
0.9939,-5.8044,10.0462,11.648,-1.4860000000000002,0.067
0.9477,-5.8044,9.914,11.558,-1.4860000000000002,0.067
0.9015,-5.8735,10.0462,11.919,-1.4860000000000002,-0.0
0.8784,-5.9196,10.0462,12.1,-1.5790000000000002,0.067
0.8784,-5.8965,10.3106,12.1,-1.672,-0.067
0.9015,-5.9426,10.3106,12.1,-1.5790000000000002,-0.0
1.1326,-5.9426,10.4428,12.190000000000001,-1.207,0.134
1.0633,-5.9887,10.4428,12.371,-1.3,-0.0
1.0633,-6.0117,10.3106,12.280999999999999,-1.3,0.067
1.0402,-5.8965,10.1784,12.010000000000002,-1.3,0.067
1.0402,-5.7583,9.914,11.468,-1.393,0.134
0.9015,-5.6432,9.7818,11.197,-1.672,0.067
0.7859,-5.7123,9.914,11.558,-1.8579999999999999,0.067
0.9708,-5.7353,10.0462,11.558,-1.4860000000000002,0.067
1.0402,-5.6432,9.7818,11.107,-1.207,0.134
1.0402,-5.6432,9.7818,11.107,-1.207,0.134
1.0864,-5.6201,9.6497,10.835999999999999,-1.3,0.134
1.0402,-5.8505,10.3106,12.190000000000001,-1.3,0.134
0.9246,-5.8735,10.4428,12.010000000000002,-1.5790000000000002,0.067
0.9708,-5.7123,10.1784,11.468,-1.4860000000000002,0.134
0.9939,-5.8044,10.0462,11.558,-1.4860000000000002,-0.0
1.0171,-5.8274,10.3106,11.648,-1.4860000000000002,-0.0
1.0402,-5.8274,10.1784,11.648,-1.3,0.201
0.9708,-5.7353,10.0462,11.378,-1.4860000000000002,0.201
0.8552,-5.551,9.7818,11.015999999999998,-1.765,0.067
0.8321,-5.6892,10.1784,11.378,-1.765,-0.0
0.9246,-5.9656,10.8393,12.461,-1.5790000000000002,-0.0
1.1326,-6.0578,10.7072,12.461,-1.207,0.201
1.1558,-5.7583,9.914,11.287,-1.115,0.268
1.0171,-5.7583,10.1784,11.287,-1.393,0.134
0.8321,-5.9196,10.575,12.010000000000002,-1.765,-0.0
0.7859,-6.1038,10.9715,12.732000000000001,-1.951,-0.067
0.7628,-5.9426,11.2359,12.732000000000001,-2.044,-0.0
0.7628,-5.6432,11.3681,12.010000000000002,-1.951,-0.134
1.1789,-6.219,11.5003,13.003,-1.022,-0.403
1.2251,-6.219,11.1037,12.642,-1.022,0.067
1.2251,-6.219,11.1037,12.642,-1.022,0.067
1.2482,-6.4493,11.6325,13.545,-1.022,0.067
0.9939,-6.7257,12.4256,14.809000000000001,-1.4860000000000002,-0.0
0.8552,-6.7718,12.2934,14.809000000000001,-1.765,-0.0
0.7859,-6.6566,12.029,14.357,-2.044,-0.0
0.9708,-6.6797,12.029,14.267000000000001,-1.115,0.067
1.3176,-6.7257,12.2934,14.538,-0.9289999999999999,0.134
1.3869,-6.8409,12.5578,14.628,-0.836,0.201
1.3869,-6.8409,12.5578,14.628,-0.836,0.201
0.9939,-6.8639,12.4256,14.990000000000002,-1.5790000000000002,0.067
0.9246,-6.6797,12.029,14.448,-1.8579999999999999,0.067
0.8784,-6.6566,11.8968,14.267000000000001,-1.765,-0.0
0.9708,-6.7257,12.1612,14.538,-1.672,-0.067
1.1326,-6.5415,11.7647,13.815999999999999,-1.207,0.201
1.1558,-6.5184,11.8968,13.815999999999999,-1.207,0.134
1.1095,-6.5415,11.7647,13.906,-1.393,0.134
1.0402,-6.5415,11.7647,13.995999999999999,-1.4860000000000002,0.067
0.9708,-6.3572,11.3681,13.274,-1.672,0.134
0.9015,-6.3342,11.2359,13.184000000000001,-1.765,0.067
0.8321,-6.3342,11.2359,13.184000000000001,-1.765,0.067
0.8784,-6.3111,11.2359,13.184000000000001,-1.8579999999999999,-0.0
1.1326,-6.3572,11.5003,13.453999999999999,-1.3,0.067
0.9708,-6.2881,11.2359,13.093,-1.672,0.067
0.9246,-6.2881,11.2359,13.003,-1.765,-0.0
1.0402,-6.2881,11.1037,13.003,-1.393,0.067
1.0402,-6.2881,11.1037,13.003,-1.393,0.067
1.1095,-6.2651,10.9715,13.003,-1.3,-0.0
1.1095,-6.2651,10.9715,13.003,-1.3,-0.0
1.1095,-6.2881,11.1037,13.184000000000001,-1.3,0.067
0.9477,-6.219,10.9715,12.642,-1.672,0.067
0.8784,-6.0578,10.575,12.371,-1.672,0.067
0.8784,-6.0578,10.575,12.371,-1.672,0.067
0.9708,-5.9196,10.4428,11.829,-1.5790000000000002,0.134
0.9477,-5.9656,10.4428,11.919,-1.5790000000000002,-0.0
0.9477,-5.9656,10.4428,11.919,-1.5790000000000002,-0.0
0.9015,-6.0578,10.7072,12.371,-1.672,0.067
0.9477,-5.9887,10.4428,12.1,-1.4860000000000002,-0.0
0.9939,-5.7583,10.0462,11.197,-1.393,0.067
0.9939,-5.7583,10.0462,11.197,-1.393,0.067
0.9939,-5.6432,9.6497,10.835999999999999,-1.393,0.268
0.9015,-5.4359,9.3853,10.474,-1.672,0.134
0.809,-5.4359,9.5175,10.474,-1.765,-0.0
0.809,-5.4589,9.6497,10.565,-1.8579999999999999,0.067
0.9939,-5.4589,9.6497,10.565,-1.393,0.134
0.9939,-5.4589,9.6497,10.565,-1.393,0.134
0.9939,-5.3898,9.3853,10.294,-1.393,0.134
0.9015,-5.4819,9.5175,10.565,-1.672,0.134
0.8552,-5.4589,9.5175,10.384,-1.672,0.134
0.9246,-5.4128,9.3853,10.384,-1.5790000000000002,0.201
0.9015,-5.3668,9.3853,10.294,-1.5790000000000002,0.134
0.7165,-5.3207,9.3853,10.294,-1.8579999999999999,0.067
0.4392,-5.3207,9.3853,10.294,-2.601,-0.067
0.5779,-5.3898,9.6497,10.565,-2.23,-0.134
0.809,-5.2746,9.5175,10.204,-1.672,0.067
0.9015,-5.2516,9.2531,10.023,-1.5790000000000002,0.134
0.9246,-5.1825,8.8565,9.751999999999999,-1.3,0.134
0.9708,-5.1825,8.8565,9.751999999999999,-1.3,0.201
0.8784,-5.2055,8.9887,9.841999999999999,-1.4860000000000002,0.134
1.0864,-5.1825,8.9887,9.571,-1.207,0.201
1.0864,-5.1825,8.9887,9.571,-1.207,0.201
1.1558,-5.1134,8.9887,9.301,-0.9289999999999999,0.201
0.9477,-5.1364,8.8565,9.481,-1.4860000000000002,0.134
0.8784,-5.1134,8.8565,9.481,-1.5790000000000002,0.134
0.8321,-5.0904,8.7243,9.571,-1.765,0.067
0.9939,-4.9752,8.7243,9.030000000000001,-1.207,0.134
0.9246,-4.9522,8.7243,9.030000000000001,-1.393,0.201
0.9015,-4.9982,8.7243,9.301,-1.4860000000000002,0.134
0.9015,-4.9982,8.9887,9.301,-1.4860000000000002,0.201
0.8552,-5.0213,8.8565,9.301,-1.5790000000000002,0.201
0.8321,-4.9291,8.7243,9.21,-1.5790000000000002,-0.0
0.809,-4.9982,8.8565,9.21,-1.5790000000000002,0.067
0.7628,-5.1134,8.9887,9.571,-1.5790000000000002,0.067
0.809,-5.0673,8.8565,9.391,-1.5790000000000002,0.134
0.9477,-4.9982,8.7243,9.21,-1.393,0.134
0.9477,-4.9982,8.7243,9.21,-1.393,0.134
0.9708,-5.2977,9.5175,10.204,-1.4860000000000002,0.067
0.8784,-4.9752,9.3853,9.391,-1.672,0.067
0.8784,-5.0904,8.8565,9.301,-1.393,0.067
1.0171,-4.9982,8.8565,9.120000000000001,-1.207,0.134
0.8321,-5.2746,9.7818,10.294,-1.765,0.134
0.9015,-5.3898,9.6497,10.384,-1.5790000000000002,0.134
1.0633,-5.3668,9.6497,10.384,-1.393,0.134
1.1789,-5.3898,9.6497,10.294,-1.022,0.268
1.2251,-5.4589,10.0462,10.655,-0.9289999999999999,0.134
1.0633,-5.8274,10.575,11.648,-1.393,0.134
0.9939,-5.6662,10.3106,11.197,-1.393,0.268
1.0402,-5.528,9.6497,10.474,-1.207,0.134
1.0402,-5.528,9.6497,10.474,-1.207,0.134
1.0633,-5.6892,10.3106,11.107,-1.3,0.134
1.0171,-5.7353,10.575,11.558,-1.393,0.134
1.0402,-5.9196,10.8393,11.919,-1.393,-0.0
1.0864,-5.9887,11.1037,12.190000000000001,-1.3,0.134
1.0633,-5.8505,11.2359,12.190000000000001,-1.393,0.134
1.0633,-6.219,11.3681,12.912999999999998,-1.393,-0.0
1.0864,-6.3572,11.7647,13.364,-1.393,-0.0
1.1326,-6.242,11.5003,12.912999999999998,-1.115,-0.0
1.0402,-6.219,11.2359,12.642,-1.393,-0.0
1.0633,-6.3342,11.7647,13.184000000000001,-1.3,-0.0
1.0864,-6.3802,11.8968,13.453999999999999,-1.207,-0.0
1.1789,-6.3342,11.7647,13.184000000000001,-1.207,0.067
1.1326,-6.1499,11.2359,12.461,-1.207,0.134
1.0171,-6.1499,11.1037,12.461,-1.4860000000000002,0.134
0.8552,-6.1729,11.1037,12.642,-1.8579999999999999,-0.067
0.809,-6.1038,10.8393,12.190000000000001,-1.8579999999999999,-0.201
0.8321,-5.9196,10.575,11.648,-1.765,-0.067
0.9477,-5.8044,10.3106,11.378,-1.4860000000000002,-0.0
1.0402,-5.7583,10.3106,11.197,-1.393,0.134
1.0633,-6.1038,11.3681,12.732000000000001,-1.3,0.067
0.9477,-6.0808,11.6325,12.822,-1.672,0.067
0.8552,-6.1269,11.7647,12.912999999999998,-1.765,-0.067
0.9477,-6.2881,11.5003,12.912999999999998,-1.672,-0.067
0.9939,-6.196,11.2359,12.732000000000001,-1.4860000000000002,-0.0
0.9708,-6.1499,10.9715,12.371,-1.4860000000000002,0.067
0.9708,-6.1499,10.9715,12.371,-1.4860000000000002,0.067
0.9477,-6.1729,11.1037,12.551000000000002,-1.5790000000000002,-0.067
0.9015,-6.196,11.2359,12.732000000000001,-1.5790000000000002,-0.0
0.8784,-6.3342,11.6325,13.093,-1.765,-0.134
0.9477,-6.5645,12.1612,14.087,-1.5790000000000002,-0.134
1.2251,-6.7718,13.0865,14.899000000000001,-1.115,-0.067
1.3176,-6.8639,12.8222,14.899000000000001,-0.836,0.067
1.2944,-6.7718,12.5578,14.538,-0.9289999999999999,-0.0
0.9708,-6.5184,11.8968,13.545,-1.4860000000000002,-0.0
0.9246,-6.5645,12.029,13.906,-1.5790000000000002,-0.0
0.9015,-6.6566,12.4256,14.177,-1.672,0.067
1.0864,-6.7257,12.69,14.538,-1.393,-0.0
1.2251,-6.8179,12.8222,14.899000000000001,-1.115,-0.0
1.2713,-6.8409,12.9543,14.899000000000001,-0.9289999999999999,-0.0
1.2713,-6.8179,12.8222,14.990000000000002,-0.836,0.067
1.2251,-6.7948,12.69,14.809000000000001,-1.115,-0.0
1.1095,-6.7718,12.4256,14.538,-1.207,-0.0
1.0633,-6.7027,12.2934,14.448,-1.3,-0.0
0.9015,-6.5875,12.029,13.906,-1.672,-0.067
0.8321,-6.4724,11.7647,13.725000000000001,-1.765,-0.134
0.8552,-6.4263,11.6325,13.453999999999999,-1.765,-0.067
0.9015,-6.3572,11.6325,13.093,-1.672,-0.0
1.0171,-6.2881,11.5003,12.912999999999998,-1.3,-0.067
1.0633,-6.1729,11.3681,12.551000000000002,-1.393,0.134
0.9015,-6.0578,10.8393,12.190000000000001,-1.5790000000000002,-0.0
0.7859,-5.9887,10.7072,11.919,-1.672,-0.067
0.9477,-5.8505,10.4428,11.468,-1.4860000000000002,-0.067
0.9939,-5.6201,10.0462,10.835999999999999,-1.393,0.134
0.9477,-5.5741,10.0462,10.655,-1.4860000000000002,0.134
0.8784,-5.528,10.0462,10.655,-1.672,-0.0
0.8784,-5.4128,10.3106,10.565,-1.672,0.067
0.8784,-5.4128,10.3106,10.565,-1.672,0.067
0.8784,-5.4819,9.914,10.384,-1.5790000000000002,-0.0
0.9015,-5.4128,9.7818,10.294,-1.5790000000000002,-0.0
0.8321,-5.2516,9.3853,9.751999999999999,-1.765,0.067
0.8552,-5.2286,9.2531,9.661999999999999,-1.5790000000000002,0.067
0.8321,-5.1364,9.1209,9.301,-1.5790000000000002,0.067
0.8784,-5.0673,8.9887,9.21,-1.393,0.067
0.809,-4.9752,9.1209,9.030000000000001,-1.672,0.134
0.6241,-4.814,8.8565,8.578,-2.044,-0.134
0.7859,-4.837,8.8565,8.668,-1.5790000000000002,0.067
1.0402,-4.814,8.9887,8.578,-1.115,0.067
1.1326,-4.837,8.9887,8.668,-1.022,0.067
0.9939,-4.7909,8.8565,8.578,-1.207,0.134
0.8784,-4.7679,8.7243,8.398,-1.393,0.067
0.8784,-4.7449,8.7243,8.307,-1.4860000000000002,0.134
0.9708,-4.6297,8.46,7.946,-1.393,0.134
0.7397,-4.5376,8.46,7.946,-1.5790000000000002,0.067
0.416,-4.4454,8.3278,7.856,-2.322,0.067
0.601,-4.4454,8.3278,7.675,-1.8579999999999999,-0.0
1.202,-4.5376,8.8565,8.126999999999999,-0.836,0.201
1.202,-4.5376,8.8565,8.126999999999999,-0.371,0.268
1.2713,-4.4685,8.5922,7.856,-0.7430000000000001,0.335
0.7397,-4.6758,8.7243,8.398,-1.765,0.067
1.2482,-4.5145,8.8565,8.036,-0.7430000000000001,0.335
1.3176,-4.4915,8.5922,7.584999999999999,-0.7430000000000001,0.335
1.2251,-4.4685,8.46,7.675,-0.7430000000000001,0.268
1.0402,-4.4685,8.5922,7.856,-1.3,0.268
1.0633,-4.7449,9.6497,9.030000000000001,-1.207,0.067
0.9708,-4.837,9.5175,9.030000000000001,-1.393,0.134
0.9015,-4.9061,9.3853,9.030000000000001,-1.5790000000000002,0.067
0.9477,-4.9982,10.1784,9.661999999999999,-1.4860000000000002,0.067
0.9708,-4.814,9.914,9.120000000000001,-1.4860000000000002,-0.0
0.9015,-4.2842,9.6497,7.946,-1.4860000000000002,0.201
0.9939,-4.2381,9.3853,7.765,-1.3,0.268
0.9939,-4.8831,9.5175,8.939,-1.3,0.067
0.9708,-5.1134,9.6497,9.391,-1.5790000000000002,-0.0
0.9708,-5.1134,9.6497,9.391,-1.5790000000000002,-0.0
1.0402,-5.2055,10.0462,10.023,-1.3,-0.0
1.1558,-5.2286,10.0462,9.933,-1.115,0.134
1.1326,-5.2516,10.0462,9.933,-1.115,0.201
1.1558,-5.2977,10.0462,10.113000000000001,-1.115,0.134
1.2251,-5.2977,10.4428,10.384,-1.022,0.134
1.1326,-5.3437,10.3106,10.565,-1.207,0.067
0.9015,-5.2746,9.914,9.841999999999999,-1.8579999999999999,0.134
0.7628,-5.2977,10.1784,10.023,-2.23,0.067
0.7165,-5.2746,10.4428,10.384,-2.23,-0.134
0.8321,-5.3207,10.1784,10.023,-1.951,0.067
0.8552,-5.3437,10.3106,10.294,-1.8579999999999999,0.067
0.9708,-5.4359,10.575,10.655,-1.5790000000000002,0.067
0.9939,-5.528,10.8393,11.015999999999998,-1.4860000000000002,0.067
1.0402,-5.505,10.8393,10.745000000000001,-1.5790000000000002,0.067
1.1789,-5.551,10.8393,10.835999999999999,-1.115,0.067
1.2944,-5.6892,11.2359,11.378,-0.836,0.067
1.3638,-5.7814,11.7647,11.919,-0.7430000000000001,0.134
1.1095,-5.8735,11.6325,11.738999999999999,-1.393,0.067
1.0171,-5.5971,10.9715,11.287,-1.393,0.134
1.0402,-5.5741,10.7072,10.835999999999999,-1.393,0.134
1.0402,-5.5741,10.7072,10.835999999999999,-1.393,0.134
1.0633,-5.7123,11.2359,11.378,-1.3,0.067
0.9708,-5.7123,11.1037,11.378,-1.4860000000000002,0.134
0.9708,-5.5741,10.9715,11.107,-1.672,0.067
0.9708,-5.8044,11.5003,11.829,-1.5790000000000002,-0.067
1.1558,-5.7123,11.7647,11.829,-1.3,0.067
1.3407,-5.7814,11.5003,11.558,-0.65,0.201
1.2251,-5.8505,11.7647,12.010000000000002,-1.115,0.268
0.8784,-5.6892,11.1037,11.107,-1.765,-0.0
0.7859,-5.6432,11.2359,11.287,-1.951,-0.067
0.8552,-5.7814,11.8968,12.010000000000002,-1.672,-0.067
0.9939,-5.1825,12.5578,11.378,-1.672,0.134
0.9939,-5.1825,12.5578,11.378,-1.672,0.134
1.2251,-5.3207,12.4256,11.468,-0.9289999999999999,0.067
1.3176,-5.6892,12.1612,12.1,-0.836,0.067
1.2944,-5.9887,11.8968,12.371,-0.9289999999999999,-0.067
0.9939,-6.0347,12.029,12.551000000000002,-1.5790000000000002,-0.134
0.9015,-5.8735,11.6325,11.829,-1.765,-0.067
0.9015,-5.8735,11.6325,11.829,-1.765,-0.067
0.9939,-5.8274,11.5003,11.648,-1.4860000000000002,-0.067
1.0633,-5.7814,11.6325,11.919,-1.393,0.067
1.1095,-5.8044,12.029,12.1,-1.3,0.067
1.1326,-6.0808,12.69,13.003,-1.3,-0.0
1.3176,-5.505,12.5578,11.919,-0.836,0.201
1.2482,-5.8735,12.4256,12.461,-1.022,0.134
1.1095,-6.219,12.5578,13.093,-1.3,-0.0
1.0171,-6.3111,12.5578,13.453999999999999,-1.4860000000000002,-0.134
0.9246,-6.3111,12.69,13.274,-1.765,-0.067
0.8321,-5.8965,12.029,12.190000000000001,-1.765,-0.134
0.9477,-5.9196,11.5003,11.738999999999999,-1.5790000000000002,-0.134
0.9939,-5.5741,11.5003,11.287,-1.4860000000000002,0.067
0.7628,-5.551,11.1037,10.926,-1.951,-0.201
0.7859,-5.7353,11.2359,11.378,-1.765,-0.067
0.9477,-5.8044,11.6325,11.919,-1.4860000000000002,-0.134
0.9246,-4.814,12.4256,10.474,-1.4860000000000002,0.268
0.9477,-4.9752,12.4256,10.926,-1.4860000000000002,0.067
1.1095,-5.3668,12.2934,11.468,-1.207,0.134
1.1789,-5.5971,12.2934,11.919,-1.115,-0.0
1.1558,-5.3898,12.2934,11.468,-1.207,0.134
0.9939,-4.2612,12.029,9.301,-1.3,0.335
0.8321,-4.0308,11.7647,8.578,-1.672,0.47
0.7397,-5.7123,11.5003,11.558,-1.8579999999999999,-0.134
1.202,-5.2977,11.8968,11.015999999999998,-1.022,-0.0
1.2944,-5.0904,12.2934,10.745000000000001,-0.65,0.134
1.1095,-3.9387,12.69,9.21,-1.115,0.47
0.8552,-4.6067,13.2187,10.835999999999999,-1.672,0.268
1.0402,-4.5606,13.7475,10.835999999999999,-1.393,0.201
1.0402,-4.5606,13.7475,10.835999999999999,-1.393,0.201
1.1789,-3.3859,13.0865,8.307,-0.9289999999999999,0.5369999999999999
1.1789,-4.0308,12.8222,9.481,-1.115,0.335
1.0402,-4.6067,12.69,10.474,-1.393,0.201
1.0402,-4.6067,12.69,10.474,-1.393,0.201
0.8552,-4.5145,12.4256,10.113000000000001,-1.672,0.201
0.809,-3.5701,12.2934,8.488,-1.5790000000000002,0.5369999999999999
1.202,-3.8005,13.2187,9.391,-1.022,0.403
1.1326,-3.0864,13.6153,8.307,-1.022,0.5369999999999999
1.1558,-2.6949,13.7475,7.946,-1.115,0.671
1.0864,-2.5797,13.8797,7.675,-1.115,0.738
0.9015,-1.8426,14.144,7.043,-1.393,0.94
0.8552,-1.5662,14.5406,6.5920000000000005,-1.3,0.94
0.8321,-1.0825,14.4084,5.689,-1.207,1.0739999999999998
0.8784,-0.8522,14.2762,5.327,-1.115,1.2089999999999999
0.8321,-0.3455,14.0118,4.244,-0.9289999999999999,1.2759999999999998
0.9708,-0.6449,13.4831,4.605,-0.7430000000000001,1.2089999999999999
0.9939,-1.0365,14.144,5.869,-0.9289999999999999,1.141
1.0864,-0.5528,15.2015,5.689,-0.836,1.343
0.9939,0.3915,15.2015,3.973,-0.46399999999999997,1.544
0.9246,1.4511,14.805,2.257,-0.27799999999999997,1.813
0.8321,1.6123,14.805,1.986,-0.27799999999999997,1.88
0.809,1.4511,14.9372,2.4379999999999997,-0.5569999999999999,1.746
0.7628,2.3724,14.4084,0.451,-0.371,1.947
0.7628,2.3724,14.4084,0.451,-0.371,1.947
0.7859,3.0404,14.2762,-0.451,0.0,2.149
0.6241,3.5241,13.8797,-1.173,-0.185,2.149
0.6703,3.7774,13.4831,-1.715,-0.092,2.283
0.4854,4.0769,12.69,-2.4379999999999997,-0.371,2.3499999999999996
0.3005,4.0308,12.4256,-2.5280000000000005,-0.65,2.3499999999999996
0.7397,4.6067,11.8968,-3.5210000000000004,0.27799999999999997,2.485
0.809,4.814,11.6325,-3.702,0.371,2.5519999999999996
0.809,4.814,11.6325,-3.702,0.371,2.5519999999999996
0.8321,5.0443,11.7647,-3.8819999999999997,0.185,2.5519999999999996
0.2773,4.6527,12.2934,-2.889,-0.836,2.3499999999999996
0.4392,6.3572,11.7647,-5.237,-0.185,2.619
1.0402,6.7948,12.2934,-5.507999999999999,1.022,2.753
1.0402,6.7948,12.2934,-5.507999999999999,1.022,2.753
0.7397,6.8179,11.7647,-5.507999999999999,0.46399999999999997,2.283
0.8784,6.4033,12.029,-4.785,0.65,2.2159999999999997
0.9246,6.8409,12.5578,-5.056000000000001,0.7430000000000001,2.283
0.7397,5.3898,10.9715,-3.341,0.092,1.88
0.9939,4.9061,11.6325,-2.4379999999999997,0.5569999999999999,1.813
1.0171,5.9196,12.1612,-3.8819999999999997,0.7430000000000001,2.082
1.0171,5.9196,12.1612,-3.8819999999999997,0.7430000000000001,2.082
0.9477,6.4493,12.1612,-4.694999999999999,0.836,2.015
0.8784,6.1269,11.7647,-4.424,0.5569999999999999,1.947
0.9708,6.1729,12.2934,-4.334,0.65,2.015
0.7165,6.5875,12.8222,-4.8759999999999994,0.46399999999999997,1.88
0.7628,6.933,12.9543,-5.056000000000001,0.46399999999999997,1.947
1.1326,6.7027,12.4256,-4.966,1.207,2.015
0.9015,6.9561,13.2187,-5.147,0.9289999999999999,1.88
0.8321,7.2785,13.4831,-5.417999999999999,0.836,1.947
0.9015,7.2555,13.2187,-5.327,0.836,1.813
0.8784,7.0943,13.4831,-5.147,0.836,1.88
0.8784,7.3016,13.7475,-5.147,0.9289999999999999,1.947
1.0171,7.4167,13.4831,-5.507999999999999,0.9289999999999999,1.88
0.9708,6.8179,12.2934,-4.8759999999999994,0.7430000000000001,1.88
0.6472,6.7488,12.4256,-4.694999999999999,0.0,1.813
0.4854,7.0021,12.9543,-4.8759999999999994,0.0,1.746
0.7165,7.0252,13.4831,-4.694999999999999,0.371,1.813
0.9015,7.4858,13.7475,-5.417999999999999,0.9289999999999999,1.88
0.9477,7.5089,13.6153,-5.507999999999999,0.9289999999999999,1.88
0.7165,7.4167,13.3509,-5.417999999999999,0.65,1.746
1.0171,7.5319,13.4831,-5.417999999999999,1.115,1.813
0.809,7.1634,12.5578,-4.966,0.46399999999999997,1.813
0.6703,6.933,12.4256,-4.785,0.27799999999999997,1.813
0.6703,6.933,12.4256,-4.785,0.27799999999999997,1.813
0.7397,6.9561,12.2934,-4.966,0.46399999999999997,1.88
0.6934,6.6797,11.6325,-4.694999999999999,0.27799999999999997,1.746
0.6934,6.6797,11.6325,-4.694999999999999,0.27799999999999997,1.746
0.6703,6.4033,11.2359,-4.424,0.185,1.6789999999999998
0.9708,6.1729,11.8968,-3.702,0.7430000000000001,1.813
0.8321,6.7257,12.1612,-4.515000000000001,0.46399999999999997,1.746
0.8321,6.7257,12.1612,-4.515000000000001,0.46399999999999997,1.746
0.5779,7.0021,12.4256,-4.785,0.092,1.746
0.5779,7.1864,12.69,-5.056000000000001,0.092,1.6789999999999998
0.9246,7.4167,13.0865,-5.237,0.836,1.746
0.9708,7.6931,13.4831,-5.689,0.9289999999999999,1.746
0.9708,7.6931,13.4831,-5.689,0.9289999999999999,1.746
0.9939,7.7853,13.6153,-5.779,1.115,1.88
0.9015,7.9004,13.7475,-5.959,1.022,1.813
0.7628,8.0156,14.0118,-5.779,0.7430000000000001,1.813
0.7859,8.4532,14.805,-5.779,0.9289999999999999,1.88
1.0402,8.7757,15.2015,-5.959,1.3,1.947
1.0402,8.6836,14.805,-5.959,1.393,1.947
0.9477,8.4763,14.4084,-5.869,1.115,1.88
0.6472,8.0386,14.144,-5.327,0.46399999999999997,1.813
0.5316,8.2229,14.144,-5.417999999999999,0.27799999999999997,1.746
0.6241,8.315,14.144,-5.507999999999999,0.46399999999999997,1.88
0.7628,8.292,14.0118,-5.689,0.836,1.813
0.7397,8.1077,14.0118,-5.598,0.7430000000000001,1.813
0.8321,8.1768,14.0118,-5.507999999999999,0.9289999999999999,1.88
0.7859,8.1768,14.0118,-5.507999999999999,0.836,1.813
0.6934,8.1308,13.8797,-5.507999999999999,0.5569999999999999,1.88
0.6934,8.0617,13.7475,-5.417999999999999,0.65,1.813
0.6703,8.0386,13.6153,-5.417999999999999,0.5569999999999999,1.746
0.7859,8.2229,14.144,-5.417999999999999,0.7430000000000001,1.88
0.7628,8.3611,13.8797,-5.689,0.7430000000000001,1.746
0.6934,8.1999,13.7475,-5.598,0.46399999999999997,1.813
0.6703,8.0847,13.6153,-5.507999999999999,0.5569999999999999,1.813
0.7628,8.0386,13.6153,-5.417999999999999,0.7430000000000001,1.746
0.7628,7.9465,13.3509,-5.417999999999999,0.7430000000000001,1.746
0.7165,7.7853,12.9543,-5.237,0.46399999999999997,1.746
0.7859,7.5089,12.69,-4.785,0.46399999999999997,1.813
0.8321,7.4398,12.5578,-4.785,0.7430000000000001,1.6789999999999998
0.6241,7.7162,13.3509,-4.785,0.27799999999999997,1.746
0.3698,8.1308,13.7475,-5.147,-0.185,1.612
0.3467,8.1077,13.3509,-5.417999999999999,-0.092,1.612
0.4854,7.7622,12.5578,-5.056000000000001,0.0,1.612
0.809,7.1864,11.8968,-4.694999999999999,0.5569999999999999,1.6789999999999998
1.2251,6.5415,11.8968,-3.5210000000000004,1.393,1.746
1.1789,6.7027,12.1612,-3.702,1.3,1.746
1.0171,7.1403,12.1612,-4.334,0.9289999999999999,1.746
0.809,7.1403,12.1612,-4.424,0.5569999999999999,1.612
0.6472,7.3937,12.2934,-4.694999999999999,0.185,1.6789999999999998
0.5779,7.2555,12.029,-4.605,0.092,1.612
0.8321,7.3476,12.1612,-4.785,1.022,1.813
0.9477,7.3246,12.029,-4.8759999999999994,0.836,1.6789999999999998
0.9246,7.2325,11.8968,-4.785,0.7430000000000001,1.612
0.8784,7.1864,11.7647,-4.515000000000001,0.836,1.612
0.8321,7.2094,11.8968,-4.605,0.65,1.6789999999999998
0.8321,7.2555,12.029,-4.605,0.5569999999999999,1.6789999999999998
0.5316,6.8179,11.3681,-4.244,0.0,1.544
0.6472,6.5875,11.6325,-3.702,0.0,1.544
0.8552,7.1634,12.029,-4.515000000000001,0.65,1.6789999999999998
0.8552,7.1634,12.029,-4.515000000000001,0.65,1.6789999999999998
0.7397,7.2094,12.029,-4.515000000000001,0.46399999999999997,1.6789999999999998
0.6241,7.2785,12.029,-4.605,0.092,1.612
0.5779,7.2555,12.1612,-4.515000000000001,0.092,1.612
0.8552,7.3016,11.8968,-4.694999999999999,0.836,1.6789999999999998
1.0171,7.2325,12.1612,-4.605,1.022,1.6789999999999998
0.9246,7.3476,12.1612,-4.605,0.836,1.746
0.7859,7.3707,12.029,-4.785,0.5569999999999999,1.746
0.7397,6.7488,11.1037,-4.244,0.371,1.544
0.7859,6.7027,12.5578,-3.431,0.5569999999999999,1.544
0.7859,6.7027,12.5578,-3.431,0.5569999999999999,1.544
0.6934,7.624,12.5578,-4.785,0.46399999999999997,1.612
0.8784,7.0943,11.3681,-4.605,0.836,1.612
0.8784,7.0943,11.3681,-4.605,0.836,1.612
0.9477,6.3802,11.6325,-3.5210000000000004,0.65,1.612
0.5316,7.3476,12.2934,-4.424,0.185,1.612
0.5316,7.3476,12.2934,-4.424,0.185,1.612
0.4854,7.2555,11.6325,-4.785,0.27799999999999997,1.612
0.7859,7.1403,11.5003,-4.605,0.5569999999999999,1.6789999999999998
0.7859,7.1403,11.5003,-4.605,0.5569999999999999,1.6789999999999998
0.809,7.7162,12.69,-4.966,0.65,1.6789999999999998
0.8321,7.9235,12.9543,-5.237,0.65,1.6789999999999998
0.8321,7.9465,12.9543,-5.237,0.5569999999999999,1.746
0.8784,7.8313,12.8222,-4.966,0.836,1.746
0.7859,8.0847,13.3509,-5.507999999999999,0.7430000000000001,1.746
0.7859,8.1999,13.4831,-5.598,0.836,1.746
0.7165,7.8774,12.4256,-5.417999999999999,0.5569999999999999,1.746
0.5779,7.4167,11.8968,-4.966,0.27799999999999997,1.6789999999999998
0.5085,7.1173,11.7647,-4.244,-0.092,1.612
0.5779,7.3246,12.029,-4.424,0.185,1.6789999999999998
0.809,7.2555,12.4256,-4.424,0.7430000000000001,1.612
0.8552,7.8083,12.8222,-4.966,0.65,1.6789999999999998
0.809,7.8774,12.8222,-5.056000000000001,0.65,1.746
0.6703,7.8774,12.69,-5.147,0.46399999999999997,1.6789999999999998
0.7628,7.9465,12.8222,-5.237,0.5569999999999999,1.6789999999999998
0.7628,7.9695,12.9543,-5.327,0.836,1.612
0.9246,7.9235,12.8222,-5.327,0.9289999999999999,1.6789999999999998
0.9246,7.9235,12.8222,-5.327,0.9289999999999999,1.6789999999999998
0.9246,7.8083,12.5578,-5.417999999999999,0.9289999999999999,1.612
0.809,7.8774,12.8222,-5.417999999999999,0.7430000000000001,1.6789999999999998
0.6472,8.1768,13.3509,-5.689,0.371,1.612
0.6472,8.1999,13.3509,-5.689,0.371,1.612
0.7165,8.1077,13.2187,-5.507999999999999,0.46399999999999997,1.6789999999999998
0.809,8.1999,13.4831,-5.598,0.836,1.813
0.8784,8.3381,13.4831,-5.779,0.9289999999999999,1.746
0.8552,8.5224,13.7475,-6.05,0.9289999999999999,1.746
0.7859,8.6836,14.144,-6.05,0.9289999999999999,1.612
0.7165,8.7757,14.2762,-6.14,0.7430000000000001,1.6789999999999998
0.7165,8.8448,14.2762,-6.14,0.7430000000000001,1.6789999999999998
0.7165,8.8218,14.0118,-6.05,0.7430000000000001,1.612
0.7859,8.269,13.7475,-5.056000000000001,0.65,1.813
0.8321,8.7527,14.2762,-5.507999999999999,0.9289999999999999,1.88
0.8321,9.0521,14.5406,-5.869,0.9289999999999999,1.813
0.7859,9.0061,14.2762,-5.959,0.9289999999999999,1.746
0.7165,8.6836,13.4831,-5.779,0.65,1.6789999999999998
0.6703,8.2459,12.9543,-5.327,0.27799999999999997,1.612
0.7165,7.9695,12.5578,-4.785,0.46399999999999997,1.746
0.7628,7.9695,12.69,-4.785,0.65,1.6789999999999998
0.7165,8.1308,12.8222,-4.966,0.65,1.6789999999999998
0.6934,8.1308,12.9543,-5.147,0.65,1.6789999999999998
0.7628,8.315,13.0865,-5.237,0.836,1.6789999999999998
0.809,8.4072,12.9543,-5.327,0.65,1.6789999999999998
0.8321,8.2459,12.8222,-5.056000000000001,0.836,1.6789999999999998
0.7628,8.1077,12.69,-4.8759999999999994,0.65,1.6789999999999998
0.6241,8.0847,12.69,-4.8759999999999994,0.27799999999999997,1.544
0.3929,8.1999,12.69,-5.147,0.0,1.544
0.7165,7.624,11.7647,-4.694999999999999,0.371,1.612
0.8784,7.3476,11.3681,-4.424,0.5569999999999999,1.544
0.8321,7.2325,11.1037,-4.334,0.7430000000000001,1.544
0.5547,7.2555,10.9715,-4.334,0.092,1.41
0.4854,7.1864,10.9715,-4.244,0.0,1.4769999999999999
0.6241,7.0943,11.3681,-3.792,0.092,1.544
0.7859,7.4167,11.8968,-4.1530000000000005,0.46399999999999997,1.6789999999999998
0.6472,7.578,11.7647,-4.515000000000001,0.27799999999999997,1.612
0.5085,7.4628,11.5003,-4.424,-0.185,1.544
0.4392,7.4167,11.3681,-4.334,-0.27799999999999997,1.4769999999999999
0.0462,7.1173,10.8393,-3.973,-1.022,1.343
0.1386,6.8639,10.4428,-3.973,-0.9289999999999999,1.4769999999999999
0.7397,6.7948,10.9715,-3.612,0.371,1.612
1.0633,7.2325,11.3681,-4.063,1.022,1.746
1.1095,7.4167,11.5003,-4.244,1.207,1.813
0.9708,7.4398,11.5003,-4.334,0.9289999999999999,1.612
0.6241,7.5089,12.029,-4.244,0.185,1.544
0.8321,8.1077,12.8222,-4.785,1.207,1.6789999999999998
0.9708,8.2229,12.9543,-5.056000000000001,0.9289999999999999,1.6789999999999998
0.7859,8.269,13.0865,-5.237,0.65,1.6789999999999998
0.6703,8.3611,13.0865,-5.417999999999999,0.5569999999999999,1.544
0.6241,8.6375,13.6153,-5.507999999999999,0.46399999999999997,1.612
0.6241,8.6375,13.6153,-5.507999999999999,0.46399999999999997,1.612
0.6703,8.8909,14.0118,-5.507999999999999,0.5569999999999999,1.6789999999999998
0.5547,8.8909,14.144,-5.417999999999999,0.371,1.612
0.6703,8.8909,14.0118,-5.507999999999999,0.7430000000000001,1.612
0.8321,8.8448,13.8797,-5.689,0.9289999999999999,1.813
0.8552,8.7297,13.6153,-5.507999999999999,0.836,1.746
0.7165,8.6145,13.2187,-5.507999999999999,0.65,1.6789999999999998
0.5085,8.4072,12.8222,-5.327,0.27799999999999997,1.544
0.4854,8.1538,12.69,-5.056000000000001,0.092,1.612
0.5779,8.1308,13.0865,-4.694999999999999,0.27799999999999997,1.544
0.6934,8.3841,13.6153,-4.785,0.5569999999999999,1.612
0.6934,8.9139,13.8797,-5.598,0.7430000000000001,1.612
0.7397,8.6836,13.4831,-5.417999999999999,0.7430000000000001,1.6789999999999998
0.7397,8.4993,12.9543,-5.327,0.65,1.544
0.4392,8.4302,12.9543,-5.327,0.185,1.544
0.2311,8.4763,13.0865,-5.147,-0.27799999999999997,1.4769999999999999
0.3467,8.6375,13.4831,-5.327,0.092,1.6789999999999998
0.8321,8.6375,13.2187,-5.417999999999999,0.9289999999999999,1.6789999999999998
0.809,8.5454,13.0865,-5.327,0.9289999999999999,1.6789999999999998
0.3698,8.3841,12.8222,-4.966,-0.46399999999999997,1.544
0.0693,7.7853,11.8968,-4.605,-0.27799999999999997,1.4769999999999999
0.4854,7.5549,11.8968,-4.334,0.185,1.544
0.7397,7.4398,12.1612,-4.244,0.5569999999999999,1.544
0.9939,7.4858,12.8222,-3.792,1.115,1.6789999999999998
1.0864,8.1538,13.3509,-4.515000000000001,1.393,1.6789999999999998
1.0402,8.4072,13.2187,-5.147,1.393,1.746
0.6934,8.1077,12.5578,-4.785,0.46399999999999997,1.612
1.1558,7.9926,12.2934,-4.8759999999999994,1.393,1.612
1.2482,7.9235,12.2934,-4.8759999999999994,1.5790000000000002,1.746
0.7165,7.9695,12.1612,-4.785,0.46399999999999997,1.612
0.6472,7.9235,12.1612,-4.966,0.371,1.6789999999999998
0.7628,7.7392,11.7647,-4.694999999999999,0.46399999999999997,1.544
0.9015,7.6471,12.029,-4.694999999999999,0.7430000000000001,1.544
0.9015,7.6471,12.029,-4.694999999999999,0.7430000000000001,1.544
0.5547,7.7162,11.7647,-4.515000000000001,0.185,1.4769999999999999
0.3236,7.3937,11.1037,-4.424,-0.371,1.41
0.4392,6.7948,10.4428,-3.8819999999999997,-0.185,1.41
0.4854,7.0712,10.9715,-4.063,0.0,1.4769999999999999
0.4854,7.0712,10.9715,-4.063,0.0,1.4769999999999999
0.5547,7.6471,11.6325,-4.515000000000001,0.0,1.41
0.5547,7.624,11.5003,-4.694999999999999,0.0,1.343
0.5547,7.4398,11.3681,-4.515000000000001,-0.092,1.4769999999999999
0.601,7.2785,10.9715,-4.334,0.092,1.343
0.7628,7.3246,11.2359,-4.515000000000001,0.46399999999999997,1.544
0.809,7.3476,11.2359,-4.515000000000001,0.46399999999999997,1.544
0.6934,7.3937,11.2359,-4.334,0.46399999999999997,1.4769999999999999
0.6934,7.3937,11.2359,-4.334,0.46399999999999997,1.4769999999999999
0.7397,7.3476,11.2359,-4.334,0.46399999999999997,1.544
0.4854,7.4628,11.6325,-4.244,-0.46399999999999997,1.4769999999999999
0.3236,7.4628,11.3681,-4.334,-0.27799999999999997,1.41
0.3236,7.4628,11.3681,-4.334,-0.27799999999999997,1.41
0.5085,7.3707,11.2359,-4.424,0.092,1.343
0.6703,7.5089,11.3681,-4.334,0.46399999999999997,1.544
0.6241,7.578,11.5003,-4.424,0.27799999999999997,1.4769999999999999
0.6241,7.6471,11.5003,-4.515000000000001,0.46399999999999997,1.544
0.7859,7.7392,11.7647,-4.515000000000001,0.65,1.4769999999999999
0.9015,7.8544,12.029,-4.515000000000001,0.836,1.544
1.2251,7.8774,12.1612,-4.785,1.5790000000000002,1.6789999999999998
1.2944,7.9004,12.1612,-4.694999999999999,1.672,1.612
1.1095,7.8774,12.029,-4.785,1.3,1.612
0.6934,7.8774,12.029,-4.515000000000001,0.5569999999999999,1.612
0.5547,8.0847,12.5578,-4.785,0.27799999999999997,1.4769999999999999
0.7165,8.3381,12.8222,-5.056000000000001,0.7430000000000001,1.4769999999999999
0.7165,8.3381,12.8222,-5.056000000000001,0.7430000000000001,1.4769999999999999
0.3005,8.0847,12.2934,-4.785,-0.185,1.4769999999999999
0.3236,8.1077,12.4256,-4.8759999999999994,-0.092,1.4769999999999999
0.4854,8.2229,12.69,-4.8759999999999994,0.27799999999999997,1.4769999999999999
0.7165,8.269,12.8222,-4.8759999999999994,0.5569999999999999,1.612
0.809,8.3381,12.5578,-4.785,0.7430000000000001,1.612
0.7859,8.292,12.69,-4.785,0.7430000000000001,1.612
0.6934,8.3381,12.69,-4.785,0.7430000000000001,1.4769999999999999
0.601,8.3611,12.69,-4.8759999999999994,0.5569999999999999,1.544
0.5547,8.4072,12.69,-4.966,0.46399999999999997,1.4769999999999999
0.7397,8.269,12.69,-4.785,0.5569999999999999,1.544
0.7628,8.292,12.69,-4.785,0.65,1.612
0.6703,8.3841,12.69,-4.8759999999999994,0.65,1.544
0.601,8.315,12.4256,-4.785,0.371,1.4769999999999999
0.601,8.315,12.4256,-4.785,0.371,1.4769999999999999
0.6241,8.1308,12.029,-4.605,0.46399999999999997,1.4769999999999999
0.6472,7.601,11.5003,-4.1530000000000005,0.27799999999999997,1.4769999999999999
0.601,7.6931,11.3681,-4.244,0.27799999999999997,1.4769999999999999
0.6703,7.8774,12.1612,-4.244,0.5569999999999999,1.612
0.8321,8.2459,12.2934,-4.605,0.836,1.544
0.7165,8.0617,12.1612,-4.515000000000001,0.46399999999999997,1.544
0.5547,7.7622,11.5003,-4.244,0.27799999999999997,1.2759999999999998
1.0402,7.578,11.3681,-4.334,1.207,1.544
0.9015,7.0021,10.4428,-3.8819999999999997,0.65,1.4769999999999999
0.7165,7.0482,10.9715,-3.341,0.46399999999999997,1.343
0.5085,7.7162,11.6325,-4.063,0.092,1.41
0.5316,7.6471,11.3681,-4.244,0.092,1.4769999999999999
0.601,7.5319,11.3681,-4.244,0.185,1.544
0.6472,7.5319,11.3681,-4.244,0.27799999999999997,1.4769999999999999
0.5779,7.8544,11.7647,-4.334,0.185,1.4769999999999999
0.5779,7.8544,11.7647,-4.334,0.185,1.4769999999999999
0.5547,7.8774,11.7647,-4.424,0.371,1.41
0.6934,7.8083,11.6325,-4.424,0.46399999999999997,1.4769999999999999
0.8321,7.8774,12.029,-4.424,0.836,1.544
0.7628,8.0617,12.029,-4.605,0.836,1.612
0.7628,8.0617,12.029,-4.605,0.836,1.612
0.7165,7.9695,11.8968,-4.515000000000001,0.5569999999999999,1.544
0.6703,8.1077,12.2934,-4.515000000000001,0.5569999999999999,1.4769999999999999
0.7397,8.1077,12.1612,-4.515000000000001,0.5569999999999999,1.544
0.7628,7.8544,12.029,-4.334,0.65,1.544
0.6703,7.7853,12.029,-4.1530000000000005,0.46399999999999997,1.544
0.6241,7.8083,12.029,-4.244,0.27799999999999997,1.4769999999999999
0.6934,7.9926,11.8968,-4.515000000000001,0.5569999999999999,1.4769999999999999
0.9015,7.7392,11.5003,-4.424,0.836,1.544
0.809,7.7392,11.5003,-4.515000000000001,0.5569999999999999,1.544
0.601,7.8313,11.6325,-4.515000000000001,0.371,1.6789999999999998
0.5316,7.7622,11.5003,-4.515000000000001,0.27799999999999997,1.612
0.6472,7.7162,11.6325,-4.334,0.371,1.544
0.6703,7.8313,11.8968,-4.424,0.46399999999999997,1.4769999999999999
0.7397,8.1999,12.5578,-4.785,0.5569999999999999,1.4769999999999999
0.7397,8.315,12.5578,-4.785,0.7430000000000001,1.41
0.7397,8.315,12.5578,-4.785,0.7430000000000001,1.41
0.8321,7.7392,11.3681,-4.694999999999999,0.836,1.544
0.809,7.4398,10.9715,-4.515000000000001,0.7430000000000001,1.612
0.7859,7.3707,10.9715,-4.244,0.65,1.4769999999999999
0.6934,7.9695,12.029,-4.334,0.46399999999999997,1.612
0.6472,8.1538,12.1612,-4.605,0.371,1.544
0.5547,7.8544,11.5003,-4.515000000000001,0.27799999999999997,1.4769999999999999
0.6703,7.6931,11.1037,-4.424,0.371,1.544
0.7165,7.4628,10.9715,-4.515000000000001,0.46399999999999997,1.544
0.5547,7.1634,10.8393,-3.792,0.092,1.41
0.4623,7.4167,10.9715,-4.1530000000000005,0.0,1.4769999999999999
0.5547,7.578,11.2359,-4.244,0.27799999999999997,1.4769999999999999
0.5547,7.578,11.2359,-4.244,0.371,1.544
0.6934,7.624,11.3681,-4.334,0.371,1.4769999999999999
0.7165,7.8544,11.8968,-4.424,0.65,1.544
0.7397,8.1768,12.4256,-4.605,0.5569999999999999,1.544
0.8321,8.6145,12.9543,-5.147,0.836,1.6789999999999998
0.8552,8.5684,12.8222,-5.056000000000001,0.7430000000000001,1.6789999999999998
0.8321,8.5454,12.8222,-4.966,0.9289999999999999,1.6789999999999998
0.8321,8.5684,12.9543,-5.147,0.836,1.6789999999999998
0.7859,8.8448,13.6153,-5.237,0.836,1.4769999999999999
0.8321,8.983,13.8797,-5.147,0.836,1.612
0.9708,9.2364,14.4084,-5.237,1.207,1.612
0.9708,9.3055,14.4084,-5.327,1.3,1.746
0.9246,9.3285,14.2762,-5.327,1.115,1.612
0.601,8.8909,13.3509,-5.056000000000001,0.371,1.612
0.7628,9.0752,13.4831,-5.237,0.7430000000000001,1.746
0.6703,9.0291,13.3509,-5.147,0.46399999999999997,1.544
0.6472,9.0061,13.3509,-5.056000000000001,0.371,1.544
0.5085,8.9139,13.2187,-4.8759999999999994,0.092,1.4769999999999999
0.3698,8.5915,12.69,-4.8759999999999994,-0.185,1.41
0.5085,8.4763,12.4256,-4.785,0.185,1.41
0.4854,8.4302,12.2934,-4.785,0.092,1.41
0.4854,8.3841,12.2934,-4.785,0.0,1.41
0.5779,8.3611,12.2934,-4.605,0.27799999999999997,1.4769999999999999
0.5547,8.3841,12.4256,-4.785,0.185,1.4769999999999999
0.9939,8.7527,13.0865,-4.966,1.3,1.544
0.9477,8.6375,12.8222,-4.785,1.115,1.6789999999999998
0.9015,8.4993,12.5578,-4.694999999999999,0.836,1.612
0.3467,8.2229,12.029,-4.515000000000001,-0.092,1.4769999999999999
0.2773,8.2459,12.1612,-4.515000000000001,-0.371,1.4769999999999999
0.7628,8.4302,12.2934,-4.515000000000001,0.65,1.612
1.1326,8.4302,12.69,-4.424,1.3,1.612
0.9015,8.4763,12.5578,-4.605,0.9289999999999999,1.612
0.4623,8.4072,12.2934,-4.694999999999999,0.185,1.41
0.4854,8.292,12.1612,-4.515000000000001,0.185,1.4769999999999999
0.6934,8.269,12.1612,-4.244,0.46399999999999997,1.4769999999999999
0.7628,8.269,12.2934,-4.334,0.5569999999999999,1.544
0.8321,8.2459,12.2934,-4.244,0.65,1.544
0.9477,8.1999,12.1612,-4.244,0.9289999999999999,1.544
0.8784,8.1768,12.1612,-4.1530000000000005,0.7430000000000001,1.612
0.601,8.292,12.2934,-4.515000000000001,0.46399999999999997,1.4769999999999999
0.601,8.292,12.2934,-4.515000000000001,0.46399999999999997,1.4769999999999999
0.601,8.5915,12.8222,-4.785,0.46399999999999997,1.544
0.601,8.5915,12.8222,-4.785,0.46399999999999997,1.544
0.7397,8.6145,12.5578,-4.785,0.65,1.544
0.7397,8.5915,12.5578,-4.785,0.65,1.41
0.7397,8.5915,12.69,-4.785,0.7430000000000001,1.41
0.8321,8.7988,13.0865,-4.966,0.836,1.612
0.9477,8.7757,12.9543,-4.966,1.115,1.6789999999999998
0.9708,8.6375,12.8222,-4.785,1.115,1.544
0.601,8.4532,12.1612,-4.515000000000001,0.371,1.343
0.5316,8.3611,12.1612,-4.515000000000001,0.27799999999999997,1.343
0.5316,8.3611,12.1612,-4.515000000000001,0.27799999999999997,1.343
0.6472,8.3381,12.1612,-4.424,0.371,1.41
0.7397,8.3841,12.1612,-4.334,0.7430000000000001,1.544
0.7859,8.4072,12.2934,-4.515000000000001,0.65,1.4769999999999999
0.7397,8.4993,12.4256,-4.694999999999999,0.65,1.4769999999999999
0.6472,8.5684,12.69,-4.785,0.65,1.41
0.6472,8.5224,12.5578,-4.694999999999999,0.65,1.4769999999999999
0.7859,8.2229,12.029,-4.334,0.5569999999999999,1.544
0.7859,8.0156,11.6325,-4.244,0.5569999999999999,1.4769999999999999
0.7397,7.8774,11.5003,-4.1530000000000005,0.46399999999999997,1.4769999999999999
0.6241,7.9235,11.5003,-4.1530000000000005,0.27799999999999997,1.343
0.5085,7.9695,11.6325,-4.1530000000000005,0.092,1.41
0.6241,7.8774,11.5003,-4.244,0.27799999999999997,1.4769999999999999
0.7397,7.8313,11.5003,-4.063,0.46399999999999997,1.544
0.7859,7.9004,11.7647,-4.063,0.65,1.4769999999999999
0.7397,7.9926,11.8968,-4.1530000000000005,0.65,1.41
0.7397,7.9926,11.8968,-4.1530000000000005,0.65,1.41
0.7165,8.1768,11.8968,-4.334,0.5569999999999999,1.4769999999999999
0.6934,7.9695,11.3681,-4.244,0.46399999999999997,1.544
0.6703,7.601,10.9715,-4.063,0.27799999999999997,1.41
0.7165,7.3246,10.7072,-3.612,0.27799999999999997,1.41
0.6703,7.3937,10.7072,-3.702,0.27799999999999997,1.41
0.5547,7.8313,11.3681,-3.8819999999999997,0.0,1.343
0.6934,7.8313,11.3681,-4.063,0.371,1.4769999999999999
0.7165,7.7853,11.3681,-4.1530000000000005,0.5569999999999999,1.4769999999999999
0.7397,7.8083,11.3681,-4.1530000000000005,0.5569999999999999,1.4769999999999999
0.7165,8.0156,11.7647,-4.244,0.5569999999999999,1.4769999999999999
0.6934,8.0847,11.7647,-4.424,0.371,1.4769999999999999
0.6934,8.0847,11.7647,-4.424,0.371,1.4769999999999999
0.7165,8.0386,11.6325,-4.424,0.5569999999999999,1.544
0.7165,8.0386,11.6325,-4.334,0.46399999999999997,1.544
0.7397,8.269,12.2934,-4.424,0.371,1.41
0.6934,8.4302,12.1612,-4.515000000000001,0.46399999999999997,1.4769999999999999
0.7628,8.4072,12.2934,-4.515000000000001,0.5569999999999999,1.544
0.9015,8.6145,12.69,-4.785,0.9289999999999999,1.4769999999999999
0.9015,8.7066,12.9543,-4.8759999999999994,1.022,1.544
0.8552,8.7527,12.8222,-4.8759999999999994,0.9289999999999999,1.4769999999999999
0.8552,8.7527,12.8222,-4.8759999999999994,0.9289999999999999,1.4769999999999999
0.7628,8.5224,12.69,-4.694999999999999,0.65,1.544
0.7397,8.7297,13.0865,-4.694999999999999,0.5569999999999999,1.4769999999999999
0.7397,8.8909,13.2187,-4.966,0.5569999999999999,1.41
0.7859,8.8218,12.9543,-5.056000000000001,0.7430000000000001,1.4769999999999999
0.7859,8.8218,12.9543,-5.056000000000001,0.7430000000000001,1.4769999999999999
0.7165,8.6145,12.5578,-4.785,0.65,1.4769999999999999
0.6472,8.5454,12.4256,-4.785,0.371,1.41
0.5779,8.4993,12.4256,-4.694999999999999,0.371,1.41
0.8321,8.3381,12.4256,-4.424,0.65,1.41
0.8321,8.3841,12.2934,-4.424,0.65,1.4769999999999999
0.7859,8.4763,12.4256,-4.605,0.65,1.4769999999999999
0.7859,8.4993,12.4256,-4.605,0.65,1.4769999999999999
0.7859,8.4993,12.4256,-4.694999999999999,0.65,1.41
0.7859,8.4993,12.5578,-4.694999999999999,0.7430000000000001,1.4769999999999999
0.7859,8.8218,13.3509,-4.694999999999999,0.65,1.4769999999999999
0.7859,8.9139,13.3509,-4.8759999999999994,0.7430000000000001,1.4769999999999999
0.7628,8.983,13.4831,-4.8759999999999994,0.5569999999999999,1.4769999999999999
0.7397,9.0752,13.3509,-4.8759999999999994,0.5569999999999999,1.41
0.6241,9.2594,13.6153,-5.056000000000001,0.27799999999999997,1.4769999999999999
0.6703,9.3516,13.8797,-5.147,0.371,1.544
0.7165,9.3976,14.0118,-5.147,0.46399999999999997,1.544
0.7859,9.5358,14.144,-5.237,0.836,1.4769999999999999
0.809,9.5358,14.2762,-5.237,0.836,1.4769999999999999
0.7628,9.5358,14.144,-5.237,0.7430000000000001,1.4769999999999999
0.6934,9.4667,13.8797,-5.147,0.65,1.4769999999999999
0.6472,9.2825,13.6153,-4.966,0.46399999999999997,1.4769999999999999
0.6472,9.2825,13.6153,-4.966,0.46399999999999997,1.4769999999999999
0.7165,9.2825,13.4831,-4.785,0.7430000000000001,1.41
0.7397,9.2134,13.4831,-4.785,0.7430000000000001,1.41
0.7165,8.937,12.8222,-4.8759999999999994,0.5569999999999999,1.41
0.7397,8.1999,12.029,-4.1530000000000005,0.46399999999999997,1.4769999999999999
0.7859,8.1768,12.69,-3.702,0.5569999999999999,1.41
0.8552,8.4072,13.0865,-3.702,0.65,1.4769999999999999
0.7165,9.0061,13.2187,-4.605,0.5569999999999999,1.41
0.7165,8.96,13.2187,-4.785,0.5569999999999999,1.41
0.7397,8.8909,13.0865,-4.785,0.65,1.41
0.7397,9.0521,13.0865,-4.785,0.7430000000000001,1.41
0.7165,9.1903,13.4831,-4.8759999999999994,0.65,1.41
0.7165,9.2825,13.4831,-4.8759999999999994,0.5569999999999999,1.4769999999999999
0.8321,8.983,13.2187,-4.8759999999999994,0.7430000000000001,1.4769999999999999
0.6934,8.96,13.0865,-4.605,0.46399999999999997,1.4769999999999999
0.6934,8.96,13.0865,-4.605,0.46399999999999997,1.4769999999999999
0.6934,8.8909,12.8222,-4.694999999999999,0.5569999999999999,1.4769999999999999
0.7397,8.4302,12.029,-4.244,0.371,1.4769999999999999
0.6703,7.7622,11.7647,-3.431,0.185,1.343
0.6703,8.0617,11.8968,-3.702,0.27799999999999997,1.4769999999999999
0.7397,8.1077,12.1612,-3.612,0.46399999999999997,1.41
0.7397,8.1308,12.4256,-3.612,0.371,1.41
0.6241,8.5454,12.4256,-4.334,0.27799999999999997,1.343
0.6934,8.6375,12.4256,-4.515000000000001,0.371,1.41
0.8784,8.937,13.0865,-4.8759999999999994,0.836,1.544
0.8321,9.0752,13.2187,-4.694999999999999,0.65,1.544
0.7628,9.1212,13.3509,-4.8759999999999994,0.5569999999999999,1.4769999999999999
0.7859,9.0752,13.2187,-4.694999999999999,0.5569999999999999,1.4769999999999999
0.7397,9.0061,13.2187,-4.694999999999999,0.46399999999999997,1.4769999999999999
0.7628,9.0061,13.2187,-4.694999999999999,0.5569999999999999,1.41
0.7859,9.674,14.6728,-4.966,0.7430000000000001,1.4769999999999999
0.8784,10.0426,14.9372,-5.237,1.022,1.41
0.8784,9.9735,14.5406,-5.147,0.836,1.544
0.8784,9.8122,14.2762,-5.147,0.9289999999999999,1.4769999999999999
0.8321,9.628,14.144,-4.966,0.7430000000000001,1.41
0.7397,9.3746,14.0118,-4.694999999999999,0.46399999999999997,1.41
0.7165,9.4667,14.144,-4.605,0.5569999999999999,1.41
0.7165,9.5358,14.144,-4.694999999999999,0.5569999999999999,1.41
0.7165,9.5589,14.0118,-4.785,0.46399999999999997,1.343
0.6703,9.4667,13.7475,-4.785,0.46399999999999997,1.4769999999999999
0.6934,9.4437,13.7475,-4.8759999999999994,0.5569999999999999,1.343
0.6934,9.3976,13.7475,-4.785,0.46399999999999997,1.4769999999999999
0.6241,9.4898,14.0118,-4.785,0.371,1.41
0.6241,9.5128,14.0118,-4.8759999999999994,0.46399999999999997,1.4769999999999999
0.6703,9.4437,13.7475,-4.8759999999999994,0.5569999999999999,1.544
0.6934,8.5224,12.4256,-4.1530000000000005,0.27799999999999997,1.41
0.6472,8.5224,12.4256,-4.1530000000000005,0.27799999999999997,1.41
0.6703,8.7988,13.3509,-3.8819999999999997,0.185,1.4769999999999999
0.6241,9.3285,13.6153,-4.605,0.46399999999999997,1.4769999999999999
0.6934,9.2364,13.4831,-4.694999999999999,0.65,1.2759999999999998
0.8321,9.3055,13.6153,-4.694999999999999,0.836,1.41
0.7859,9.674,14.2762,-4.966,0.7430000000000001,1.41
0.7397,9.8583,14.5406,-4.966,0.5569999999999999,1.41
0.7628,9.9274,14.6728,-5.147,0.65,1.4769999999999999
0.9708,9.9735,14.6728,-5.147,1.115,1.544
1.0171,9.8813,14.5406,-5.056000000000001,1.115,1.41
0.7859,9.9044,14.805,-5.147,0.7430000000000001,1.4769999999999999
0.809,9.9735,14.805,-5.147,0.7430000000000001,1.4769999999999999
0.8552,9.9044,14.5406,-5.056000000000001,0.9289999999999999,1.4769999999999999
0.9246,9.7892,14.2762,-5.147,0.9289999999999999,1.544
0.9015,9.3285,13.4831,-4.785,0.836,1.41
0.7859,9.2825,13.4831,-4.694999999999999,0.46399999999999997,1.343
0.1849,9.5819,13.7475,-4.785,-0.65,1.2759999999999998
0.2773,9.4437,13.6153,-4.694999999999999,-0.5569999999999999,1.41
0.4392,9.3055,13.3509,-4.694999999999999,-0.092,1.343
0.6241,9.2594,13.2187,-4.605,0.185,1.343
0.809,8.8448,12.69,-4.605,0.65,1.4769999999999999
0.7165,8.5454,12.2934,-4.1530000000000005,0.371,1.4769999999999999
0.7859,8.2459,12.9543,-3.07,0.27799999999999997,1.41
0.9708,9.1443,13.3509,-4.424,1.022,1.544
0.7628,8.937,12.9543,-4.424,0.5569999999999999,1.41
0.7628,8.8679,12.69,-4.605,0.5569999999999999,1.343
0.9477,9.0061,13.0865,-4.515000000000001,0.9289999999999999,1.544
0.9015,9.0061,12.9543,-4.515000000000001,0.836,1.4769999999999999
0.9477,8.96,12.9543,-4.605,0.9289999999999999,1.4769999999999999
0.9477,8.8448,12.69,-4.605,0.9289999999999999,1.544
0.9015,8.7757,12.4256,-4.424,0.9289999999999999,1.4769999999999999
0.809,8.6836,12.2934,-4.244,0.5569999999999999,1.41
0.6241,8.6606,12.5578,-4.063,0.27799999999999997,1.41
0.6703,8.7297,12.69,-4.334,0.46399999999999997,1.343
0.7859,8.6836,12.4256,-4.244,0.46399999999999997,1.544
0.7165,8.5915,12.2934,-4.1530000000000005,0.46399999999999997,1.343
0.6934,8.6836,12.2934,-4.334,0.371,1.41
0.7165,8.5915,12.2934,-4.244,0.371,1.4769999999999999
0.6703,8.5684,12.2934,-4.244,0.371,1.4769999999999999
0.6703,8.6145,12.2934,-4.244,0.27799999999999997,1.4769999999999999
0.7165,8.5224,12.029,-4.244,0.5569999999999999,1.343
0.7397,8.292,11.7647,-3.8819999999999997,0.27799999999999997,1.4769999999999999
0.6703,8.269,11.7647,-3.8819999999999997,0.27799999999999997,1.343
0.6241,8.292,11.7647,-3.973,0.092,1.343
0.601,8.315,11.8968,-3.973,0.185,1.41
0.5547,8.4072,12.029,-4.063,0.185,1.343
0.601,8.5915,12.2934,-4.1530000000000005,0.27799999999999997,1.343
0.7165,8.6606,12.4256,-4.244,0.46399999999999997,1.41
0.7165,8.6606,12.4256,-4.244,0.46399999999999997,1.41
0.7165,8.8448,12.8222,-4.424,0.5569999999999999,1.41
0.6703,8.9139,12.8222,-4.334,0.371,1.343
0.6472,8.937,12.9543,-4.334,0.371,1.343
0.6472,8.8679,12.8222,-4.334,0.185,1.41
0.7165,8.7988,12.8222,-4.244,0.5569999999999999,1.41
0.7397,8.8679,13.0865,-4.244,0.5569999999999999,1.41
0.8552,9.2364,13.6153,-4.334,0.7430000000000001,1.41
0.8784,9.4667,13.8797,-4.424,0.7430000000000001,1.343
0.9015,9.3516,13.4831,-4.605,0.7430000000000001,1.4769999999999999
0.7397,8.7066,12.1612,-4.334,0.46399999999999997,1.4769999999999999
0.7397,8.269,11.7647,-3.8819999999999997,0.371,1.41
0.7165,8.1768,12.029,-3.612,0.27799999999999997,1.2759999999999998
0.7397,8.7988,12.9543,-3.8819999999999997,0.27799999999999997,1.41
0.6241,8.96,12.8222,-4.244,0.27799999999999997,1.343
0.6703,8.8448,12.69,-4.1530000000000005,0.185,1.41
0.7628,8.7066,12.69,-4.063,0.46399999999999997,1.41
0.7397,8.8909,13.0865,-4.244,0.5569999999999999,1.41
0.7628,9.1443,13.4831,-4.244,0.5569999999999999,1.343
0.7859,9.5589,14.0118,-4.515000000000001,0.65,1.343
0.9246,9.5128,14.0118,-4.605,0.836,1.41
0.9939,9.3516,13.7475,-4.424,0.9289999999999999,1.544
0.9015,9.3976,13.7475,-4.424,0.836,1.343
0.7628,9.3976,14.0118,-4.244,0.5569999999999999,1.343
0.6472,9.5358,14.2762,-4.424,0.27799999999999997,1.41
0.7628,9.2134,13.3509,-4.244,0.46399999999999997,1.343
0.6934,8.983,12.9543,-4.334,0.27799999999999997,1.41
0.6472,8.269,12.029,-3.792,0.092,1.2759999999999998
0.6472,8.0847,11.8968,-3.431,0.185,1.41
0.7397,8.2459,12.2934,-3.341,0.371,1.41
0.9246,8.1308,13.0865,-2.618,0.5569999999999999,1.2759999999999998
0.9246,8.1308,13.0865,-2.618,0.5569999999999999,1.2759999999999998
0.9477,8.7988,12.9543,-3.973,0.836,1.4769999999999999
0.8321,8.7527,12.69,-3.973,0.5569999999999999,1.41
0.7859,9.3285,13.4831,-4.515000000000001,0.5569999999999999,1.343
0.7859,9.3285,13.4831,-4.515000000000001,0.5569999999999999,1.343
0.809,9.4207,13.6153,-4.515000000000001,0.65,1.343
0.8552,9.3976,13.7475,-4.424,0.7430000000000001,1.343
0.9015,9.3746,13.4831,-4.515000000000001,0.836,1.2759999999999998
0.8321,9.2364,13.2187,-4.334,0.5569999999999999,1.41
0.7859,8.96,13.0865,-4.244,0.46399999999999997,1.41
0.7628,8.9139,12.9543,-4.244,0.46399999999999997,1.343
0.7859,8.8218,12.8222,-4.1530000000000005,0.46399999999999997,1.41
0.7859,8.8218,12.8222,-4.1530000000000005,0.46399999999999997,1.41
0.8321,8.5454,12.1612,-3.973,0.65,1.2759999999999998
0.8321,8.3611,12.029,-3.792,0.46399999999999997,1.343
0.6472,8.3381,11.8968,-3.792,0.185,1.2759999999999998
0.7397,8.3611,11.8968,-3.792,0.46399999999999997,1.343
0.809,8.315,11.8968,-3.792,0.5569999999999999,1.41
0.809,8.1538,11.6325,-3.702,0.46399999999999997,1.343
0.6934,8.1308,11.6325,-3.702,0.371,1.2759999999999998
0.6241,8.0386,11.5003,-3.612,0.092,1.2089999999999999
0.6241,7.9926,11.5003,-3.612,0.092,1.0739999999999998
0.6934,8.0156,11.6325,-3.5210000000000004,0.185,1.2759999999999998
0.7628,8.0847,11.7647,-3.702,0.46399999999999997,1.41
0.7859,8.1999,11.7647,-3.792,0.371,1.41
0.7628,8.269,11.8968,-3.792,0.371,1.41
0.7165,8.6836,12.5578,-3.973,0.371,1.343
0.7165,8.8679,12.9543,-4.1530000000000005,0.46399999999999997,1.343
0.809,9.2364,13.6153,-4.244,0.5569999999999999,1.343
0.9246,9.5128,14.0118,-4.424,0.836,1.41
0.8784,9.628,14.2762,-4.515000000000001,0.5569999999999999,1.41
0.8321,9.7201,14.2762,-4.605,0.65,1.544
0.8321,9.7201,14.2762,-4.605,0.65,1.544
0.9477,9.6971,14.4084,-4.424,0.65,1.544
0.9477,9.6971,14.4084,-4.424,0.65,1.544
0.9246,9.1903,13.4831,-4.1530000000000005,0.7430000000000001,1.41
0.7397,9.2825,14.2762,-3.612,0.46399999999999997,1.41
0.5779,9.8353,14.5406,-4.515000000000001,0.185,1.41
0.5779,9.8353,14.5406,-4.515000000000001,0.185,1.41
0.8552,10.1117,15.2015,-4.605,0.65,1.4769999999999999
0.8321,10.4341,15.4659,-4.605,0.5569999999999999,1.4769999999999999
0.7165,10.4111,15.2015,-4.785,0.5569999999999999,1.4769999999999999
0.7628,10.2038,14.805,-4.694999999999999,0.46399999999999997,1.41
0.7859,9.5589,13.6153,-4.515000000000001,0.5569999999999999,1.343
0.5085,8.8679,12.8222,-3.973,0.0,1.2759999999999998
0.5085,8.8909,12.8222,-3.702,0.0,1.2759999999999998
0.6472,8.937,12.9543,-3.792,0.185,1.2759999999999998
0.7397,9.1903,13.3509,-3.702,0.46399999999999997,1.41
0.6934,9.2134,13.2187,-3.792,0.27799999999999997,1.343
0.6472,8.8909,12.69,-3.8819999999999997,0.27799999999999997,1.2759999999999998
0.7397,8.7066,12.4256,-3.8819999999999997,0.5569999999999999,1.41
0.7397,8.7066,12.4256,-3.8819999999999997,0.5569999999999999,1.41
0.6934,8.7066,12.2934,-3.792,0.27799999999999997,1.2759999999999998
0.6934,8.7066,12.2934,-3.792,0.27799999999999997,1.2759999999999998
0.7628,8.6606,12.1612,-3.5210000000000004,0.27799999999999997,1.343
0.7628,8.6606,12.1612,-3.5210000000000004,0.27799999999999997,1.343
0.7397,8.3381,11.6325,-3.5210000000000004,0.27799999999999997,1.343
0.5547,8.1077,11.3681,-3.431,-0.185,1.2759999999999998
0.4854,8.1538,11.5003,-3.431,-0.185,1.2759999999999998
0.601,8.1768,11.5003,-3.5210000000000004,0.0,1.2759999999999998
0.7628,8.315,12.029,-3.431,0.371,1.343
0.8552,8.7297,12.8222,-3.431,0.46399999999999997,1.343
0.9015,9.2364,13.4831,-3.8819999999999997,0.836,1.4769999999999999
0.9246,9.3516,13.6153,-3.8819999999999997,0.836,1.41
0.9477,9.4667,13.7475,-3.8819999999999997,0.7430000000000001,1.343
0.9477,9.5128,14.0118,-3.973,0.7430000000000001,1.343
0.9939,9.7431,14.5406,-3.8819999999999997,0.9289999999999999,1.41
0.9708,9.8122,14.5406,-3.8819999999999997,0.7430000000000001,1.4769999999999999
0.8784,9.8583,14.4084,-4.063,0.65,1.4769999999999999
0.9246,9.7431,14.144,-4.1530000000000005,0.836,1.343
0.9246,9.7431,14.144,-4.1530000000000005,0.7430000000000001,1.41
0.8321,9.7662,14.0118,-4.063,0.65,1.343
0.7397,9.7201,14.0118,-4.063,0.371,1.2759999999999998
0.7628,9.6049,14.0118,-3.973,0.46399999999999997,1.343
0.8552,9.6971,14.144,-4.063,0.65,1.41
0.8552,9.6971,14.144,-4.063,0.65,1.41
0.7859,9.7662,14.144,-4.063,0.371,1.2759999999999998
0.6934,9.674,13.8797,-4.1530000000000005,0.371,1.343
0.6934,9.674,13.8797,-4.1530000000000005,0.371,1.343
0.7165,9.4667,13.7475,-3.792,0.27799999999999997,1.2759999999999998
0.7628,9.4207,13.6153,-3.792,0.371,1.2759999999999998
0.809,9.3976,13.6153,-3.792,0.46399999999999997,1.343
0.8552,9.4207,13.6153,-4.1530000000000005,0.65,1.2759999999999998
0.7397,9.4667,13.7475,-3.973,0.371,1.2759999999999998
0.6241,9.4898,13.6153,-3.973,0.27799999999999997,1.2759999999999998
0.6241,9.4898,13.6153,-3.973,0.27799999999999997,1.2759999999999998
0.7628,9.0752,12.69,-3.973,0.46399999999999997,1.343
0.7628,9.0752,12.69,-3.973,0.46399999999999997,1.343
0.7628,8.1999,11.5003,-3.5210000000000004,0.5569999999999999,1.2759999999999998
0.6241,8.0847,11.7647,-3.07,0.0,1.141
0.5547,8.4072,12.69,-2.7089999999999996,-0.185,1.141
0.5085,8.7297,12.8222,-3.25,-0.092,1.141
0.6703,8.5684,12.1612,-3.5210000000000004,0.185,1.2089999999999999
0.7859,8.4072,12.029,-3.431,0.371,1.2759999999999998
0.6703,8.3611,11.8968,-3.5210000000000004,0.0,1.2759999999999998
0.5779,8.4302,11.8968,-3.5210000000000004,0.0,1.2089999999999999
0.6241,8.315,11.7647,-3.5210000000000004,0.0,1.2759999999999998
0.6934,8.2459,11.6325,-3.5210000000000004,0.185,1.2089999999999999
0.7859,8.1999,11.6325,-3.431,0.371,1.2089999999999999
0.601,8.292,11.7647,-3.341,0.092,1.141
0.5547,8.1768,11.6325,-3.341,-0.092,1.2089999999999999
0.8552,8.1768,11.7647,-3.431,0.5569999999999999,1.2089999999999999
0.8552,8.1768,11.7647,-3.431,0.5569999999999999,1.2089999999999999
0.9708,8.315,12.2934,-3.25,0.7430000000000001,1.2759999999999998
0.8321,8.3381,12.1612,-3.431,0.5569999999999999,1.2089999999999999
0.8552,8.1538,11.8968,-3.25,0.65,1.2759999999999998
1.1789,8.4302,12.69,-3.341,1.207,1.343
1.1789,8.4302,12.69,-3.341,1.207,1.343
0.7628,8.9139,13.2187,-3.5210000000000004,0.46399999999999997,1.2089999999999999
0.7859,9.1443,13.4831,-3.702,0.5569999999999999,1.2089999999999999
1.0171,9.3285,13.7475,-3.792,0.9289999999999999,1.343
1.0402,9.4207,14.144,-3.792,1.022,1.41
0.9939,9.5358,14.2762,-3.792,0.836,1.343
0.9246,9.5589,14.144,-4.063,0.7430000000000001,1.343
0.9246,9.5589,14.144,-4.063,0.7430000000000001,1.343
0.7859,9.4898,13.8797,-4.063,0.46399999999999997,1.2759999999999998
0.7859,9.5358,14.144,-3.973,0.371,1.2759999999999998
0.7859,9.5589,14.144,-3.973,0.371,1.2759999999999998
0.8784,9.5358,14.144,-3.8819999999999997,0.5569999999999999,1.2759999999999998
1.0171,9.2594,13.4831,-3.792,0.9289999999999999,1.343
0.9246,9.0982,13.0865,-3.792,0.65,1.343
0.7859,8.96,12.9543,-3.8819999999999997,0.27799999999999997,1.2089999999999999
0.6472,8.8448,12.8222,-3.702,0.092,1.2089999999999999
0.5316,8.8218,12.8222,-3.612,-0.092,1.2089999999999999
0.6241,8.7527,12.4256,-3.612,0.092,1.2089999999999999
0.7859,8.4763,12.029,-3.431,0.27799999999999997,1.2089999999999999
0.7397,8.3841,11.8968,-3.16,0.27799999999999997,1.2759999999999998
0.6934,8.2459,11.7647,-3.341,0.092,1.141
0.6241,8.1077,11.6325,-3.25,-0.092,1.2089999999999999
0.601,8.1999,11.8968,-3.07,0.0,1.2089999999999999
0.6703,8.3841,12.1612,-3.07,0.0,1.2089999999999999
0.6703,8.5915,12.5578,-3.16,0.185,1.2089999999999999
0.7397,8.7527,12.9543,-3.25,0.27799999999999997,1.2089999999999999
0.809,8.8218,12.9543,-3.25,0.46399999999999997,1.2759999999999998
0.8552,8.8448,13.0865,-3.431,0.5569999999999999,1.2759999999999998
0.9015,9.0291,13.3509,-3.431,0.65,1.2759999999999998
0.809,9.3055,13.7475,-3.431,0.371,1.2759999999999998
0.8321,9.5589,14.144,-3.702,0.5569999999999999,1.343
0.9246,9.651,14.2762,-3.702,0.836,1.343
0.9939,9.8122,14.6728,-3.612,0.9289999999999999,1.343
1.0402,10.0426,15.2015,-3.702,0.9289999999999999,1.343
1.0171,10.0426,14.805,-3.8819999999999997,0.836,1.2759999999999998
0.9477,9.6049,14.0118,-3.792,0.7430000000000001,1.2759999999999998
0.8784,9.0521,13.2187,-3.431,0.5569999999999999,1.2089999999999999
0.9246,9.0061,14.0118,-2.618,0.46399999999999997,1.2759999999999998
0.7397,9.7431,14.4084,-3.431,0.371,1.2759999999999998
0.6703,9.6971,14.0118,-3.612,0.185,1.343
0.7397,9.3976,13.4831,-3.5210000000000004,0.371,1.2759999999999998
0.8784,9.4667,13.8797,-3.612,0.65,1.2759999999999998
0.809,9.5358,13.7475,-3.612,0.46399999999999997,1.2759999999999998
0.7859,9.3516,13.3509,-3.702,0.371,1.2089999999999999
0.8321,9.1443,12.9543,-3.5210000000000004,0.46399999999999997,1.2089999999999999
0.8784,8.937,12.8222,-3.431,0.65,1.343
0.8784,8.937,12.8222,-3.431,0.65,1.343
0.6472,8.8448,13.0865,-3.16,0.185,1.141
0.6472,8.8448,13.0865,-3.16,0.185,1.141
0.7165,8.9139,12.8222,-3.341,0.371,1.2089999999999999
0.7165,8.9139,12.8222,-3.341,0.371,1.2089999999999999
0.8321,8.4763,12.029,-3.25,0.371,1.2089999999999999
0.7165,8.315,11.7647,-3.16,0.185,1.0739999999999998
0.601,8.4072,11.7647,-3.07,0.185,1.141
0.7628,8.4993,12.1612,-3.16,0.371,1.141
0.8321,8.5915,12.4256,-3.16,0.371,1.2759999999999998
0.8321,8.9139,13.0865,-3.16,0.46399999999999997,1.2089999999999999
0.8321,9.1673,13.3509,-3.341,0.46399999999999997,1.2089999999999999
0.4623,9.1443,13.3509,-3.341,-0.27799999999999997,1.2089999999999999
1.1326,9.3746,13.7475,-3.5210000000000004,1.207,1.343
1.3407,9.3976,14.0118,-3.431,1.5790000000000002,1.41
0.9246,9.4437,14.144,-3.25,0.7430000000000001,1.2759999999999998
0.8321,9.4437,13.8797,-3.341,0.46399999999999997,1.141
0.8552,9.3746,13.6153,-3.612,0.5569999999999999,1.141
0.8784,9.4207,13.7475,-3.431,0.5569999999999999,1.2759999999999998
0.6241,9.674,14.144,-3.5210000000000004,0.185,1.2089999999999999
0.809,9.7431,14.2762,-3.612,0.65,1.343
0.9708,9.8353,14.4084,-3.702,0.9289999999999999,1.2089999999999999
0.9477,9.8122,14.4084,-3.702,0.7430000000000001,1.343
0.8784,9.7892,14.4084,-3.702,0.7430000000000001,1.2089999999999999
0.8552,9.8122,14.5406,-3.702,0.46399999999999997,1.2759999999999998
0.7165,10.1117,15.3337,-3.612,0.27799999999999997,1.2089999999999999
0.8552,10.1347,15.3337,-3.702,0.5569999999999999,1.41
0.9939,10.1347,15.2015,-3.702,0.9289999999999999,1.343
0.9939,9.9504,14.6728,-3.702,0.836,1.2759999999999998
0.8784,9.8583,14.2762,-3.792,0.65,1.2089999999999999
0.7165,9.7431,14.2762,-3.792,0.371,1.2759999999999998
0.601,9.651,14.0118,-3.8819999999999997,0.092,1.343
0.6703,9.628,14.0118,-3.8819999999999997,0.371,1.2759999999999998
0.8784,9.6049,14.144,-3.792,0.5569999999999999,1.343
0.9477,9.651,14.144,-3.702,0.836,1.2759999999999998
0.8784,9.6049,14.144,-3.792,0.5569999999999999,1.2759999999999998
0.7859,9.5589,14.0118,-3.792,0.46399999999999997,1.343
0.7165,9.5589,13.8797,-3.792,0.46399999999999997,1.343
0.6934,9.5358,13.8797,-3.8819999999999997,0.371,1.2089999999999999
0.7628,9.628,14.2762,-3.702,0.371,1.343
0.9246,9.8122,14.4084,-3.792,0.836,1.343
0.9015,9.6971,14.2762,-3.973,0.7430000000000001,1.2759999999999998
0.7628,9.6971,14.2762,-3.792,0.5569999999999999,1.2759999999999998
0.8321,9.8813,14.5406,-3.792,0.65,1.2759999999999998
0.9246,9.9274,14.805,-3.8819999999999997,0.65,1.343
0.9708,9.9504,14.805,-3.8819999999999997,0.7430000000000001,1.343
1.0171,9.9044,14.6728,-3.792,0.9289999999999999,1.343
0.9246,9.674,14.4084,-3.702,0.7430000000000001,1.343
0.7397,9.651,14.2762,-3.8819999999999997,0.5569999999999999,1.343
0.7165,9.6049,14.144,-3.8819999999999997,0.46399999999999997,1.2759999999999998
0.7859,9.5358,13.7475,-3.792,0.46399999999999997,1.2759999999999998
0.9246,9.3055,13.6153,-3.702,0.836,1.343
0.9246,9.3516,13.8797,-3.5210000000000004,0.65,1.2759999999999998
0.8552,9.5358,14.144,-3.702,0.7430000000000001,1.2089999999999999
0.8552,9.4898,13.8797,-3.702,0.65,1.2759999999999998
0.8784,9.3746,13.7475,-3.792,0.65,1.2759999999999998
0.8321,9.3055,13.6153,-3.702,0.65,1.2759999999999998
0.7859,9.2825,13.4831,-3.702,0.5569999999999999,1.141
0.7628,9.1443,13.2187,-3.612,0.46399999999999997,1.2089999999999999
0.809,9.2364,13.4831,-3.702,0.65,1.2089999999999999
0.8552,9.3746,13.8797,-3.5210000000000004,0.5569999999999999,1.2089999999999999
0.8321,9.5358,14.144,-3.612,0.7430000000000001,1.2759999999999998
0.8552,9.674,14.4084,-3.792,0.65,1.2759999999999998
0.8784,9.7662,14.4084,-3.792,0.836,1.343
0.9477,9.8122,14.5406,-3.792,0.7430000000000001,1.41
0.8784,9.8122,14.4084,-3.702,0.7430000000000001,1.2759999999999998
0.809,9.628,14.144,-3.792,0.5569999999999999,1.2759999999999998
0.7628,9.3746,13.4831,-3.702,0.46399999999999997,1.343
0.809,9.3055,13.6153,-3.612,0.5569999999999999,1.2089999999999999
0.8321,9.3055,13.6153,-3.612,0.5569999999999999,1.2089999999999999
0.8784,9.3285,13.6153,-3.612,0.65,1.343
0.9015,8.983,13.0865,-3.5210000000000004,0.7430000000000001,1.2759999999999998
0.9015,8.983,13.0865,-3.5210000000000004,0.7430000000000001,1.2759999999999998
0.7397,8.5684,12.2934,-3.16,0.27799999999999997,1.2759999999999998
0.7397,8.5684,12.2934,-3.16,0.27799999999999997,1.2759999999999998
0.5779,8.4993,12.1612,-3.16,0.0,1.2089999999999999
0.5316,8.4072,12.029,-3.25,-0.185,1.2759999999999998
0.601,8.3611,11.7647,-3.16,0.185,1.141
0.7628,8.292,11.8968,-3.25,0.46399999999999997,1.2759999999999998
0.7628,8.2229,11.7647,-3.25,0.371,1.2759999999999998
0.7628,8.292,11.8968,-3.25,0.371,1.141
0.7859,8.3381,11.8968,-3.16,0.46399999999999997,1.2759999999999998
0.601,8.4532,12.4256,-3.16,0.0,1.141
0.4854,8.7066,12.69,-3.25,-0.092,1.2089999999999999
0.9015,8.8909,13.0865,-3.25,0.65,1.343
1.3869,9.0291,13.4831,-3.341,1.672,1.343
1.1558,9.1443,13.4831,-3.341,1.115,1.2089999999999999
0.8321,9.628,14.4084,-3.5210000000000004,0.7430000000000001,1.2089999999999999
0.9708,9.6049,14.4084,-3.431,0.9289999999999999,1.2759999999999998
0.9708,9.6049,14.4084,-3.431,0.9289999999999999,1.2759999999999998
0.6472,9.5819,14.2762,-3.341,0.092,1.141
0.6934,9.6971,14.2762,-3.431,0.27799999999999997,1.141
0.8552,9.7892,14.5406,-3.5210000000000004,0.46399999999999997,1.2089999999999999
0.8552,10.0656,14.9372,-3.792,0.65,1.41
0.8552,10.0656,14.9372,-3.792,0.65,1.41
0.809,10.1577,15.0693,-3.8819999999999997,0.5569999999999999,1.2759999999999998
0.8321,10.1808,15.0693,-3.8819999999999997,0.65,1.343
0.809,10.0656,14.6728,-3.8819999999999997,0.5569999999999999,1.343
0.7397,9.9044,14.4084,-3.792,0.46399999999999997,1.343
0.8321,9.3746,13.3509,-3.702,0.46399999999999997,1.2759999999999998
0.809,9.2825,13.2187,-3.702,0.65,1.2759999999999998
0.7628,9.2594,13.2187,-3.5210000000000004,0.371,1.343
0.7397,9.3055,13.4831,-3.5210000000000004,0.46399999999999997,1.2759999999999998
0.809,9.628,14.2762,-3.341,0.5569999999999999,1.2759999999999998
0.9015,9.8353,14.5406,-3.5210000000000004,0.65,1.343
0.9246,9.9274,14.6728,-3.612,0.65,1.343
0.9708,9.9044,14.6728,-3.612,0.836,1.343
0.8552,9.7201,14.0118,-3.792,0.65,1.343
0.7859,9.674,14.0118,-3.702,0.46399999999999997,1.2759999999999998
0.7165,9.651,14.144,-3.702,0.371,1.2759999999999998
0.8784,9.9965,14.6728,-3.702,0.65,1.343
1.0171,10.2959,15.3337,-3.792,1.022,1.343
0.9939,10.4572,15.5981,-3.702,1.022,1.343
0.8784,10.5032,15.3337,-3.8819999999999997,0.7430000000000001,1.41
0.8321,10.2038,14.805,-4.063,0.5569999999999999,1.343
0.809,9.4898,13.7475,-3.612,0.46399999999999997,1.2759999999999998
0.809,9.4437,13.7475,-3.431,0.46399999999999997,1.2759999999999998
0.9015,10.1577,14.9372,-3.5210000000000004,0.5569999999999999,1.2759999999999998
0.7628,10.0656,14.5406,-3.702,0.46399999999999997,1.2759999999999998
0.8784,9.4667,13.6153,-3.5210000000000004,0.65,1.343
0.9015,9.5358,13.8797,-3.5210000000000004,0.7430000000000001,1.2759999999999998
0.7859,9.651,14.144,-3.5210000000000004,0.5569999999999999,1.2089999999999999
0.6934,9.7201,13.8797,-3.5210000000000004,0.27799999999999997,1.2759999999999998
0.8784,9.4437,13.6153,-3.612,0.7430000000000001,1.343
0.9708,9.2364,13.3509,-3.431,0.9289999999999999,1.343
0.7165,9.674,14.0118,-3.431,0.371,1.2759999999999998
0.8321,9.6049,13.8797,-3.431,0.5569999999999999,1.2759999999999998
0.9477,9.3516,13.3509,-3.612,0.7430000000000001,1.343
0.9477,9.3516,13.3509,-3.612,0.7430000000000001,1.343
0.8552,8.937,12.9543,-3.341,0.5569999999999999,1.343
0.6241,9.0521,12.9543,-3.25,0.185,1.2089999999999999
0.6241,9.0521,12.9543,-3.25,0.185,1.2089999999999999
0.7397,8.96,12.8222,-3.341,0.371,1.2089999999999999
0.8321,8.8448,12.5578,-3.25,0.46399999999999997,1.2759999999999998
0.8321,8.7297,12.4256,-3.16,0.46399999999999997,1.2759999999999998
0.7397,8.8218,12.69,-3.07,0.371,1.2759999999999998
0.7397,8.937,12.8222,-3.16,0.27799999999999997,1.2759999999999998
0.7859,8.7988,12.4256,-3.341,0.46399999999999997,1.2759999999999998
0.809,8.6836,12.2934,-3.25,0.371,1.343
0.7859,8.6145,12.029,-3.16,0.371,1.2759999999999998
0.7859,8.7527,12.4256,-3.16,0.371,1.2089999999999999
0.7397,8.983,12.8222,-3.25,0.27799999999999997,1.2759999999999998
0.8321,8.8679,12.69,-3.25,0.5569999999999999,1.2759999999999998
0.8321,8.7527,12.4256,-3.25,0.46399999999999997,1.2759999999999998
0.7628,8.6375,12.029,-3.16,0.46399999999999997,1.141
0.4623,8.6145,12.2934,-2.889,-0.46399999999999997,1.2089999999999999
0.4623,8.6145,12.2934,-2.889,-0.46399999999999997,1.2089999999999999
0.6241,8.7297,12.2934,-3.07,0.092,1.2089999999999999
0.6241,8.7297,12.2934,-3.07,0.092,1.2089999999999999
1.0633,8.7297,12.4256,-2.979,1.022,1.343
0.9015,8.6606,12.2934,-3.07,0.65,1.2759999999999998
0.3929,8.3841,11.8968,-2.979,-0.46399999999999997,1.2089999999999999
0.3929,8.3841,11.8968,-2.979,-0.46399999999999997,1.2089999999999999
0.9708,8.315,11.8968,-2.889,0.7430000000000001,1.343
0.9708,8.4302,11.8968,-2.979,0.836,1.343
0.1386,8.4302,12.1612,-2.7089999999999996,-1.022,1.141
0.6934,8.7297,12.8222,-2.979,0.185,1.2759999999999998
1.5718,9.0752,13.7475,-2.889,1.8579999999999999,1.612
1.2713,9.2594,13.7475,-2.979,1.3,1.4769999999999999
0.5547,9.3285,13.7475,-3.07,0.0,1.141
0.3929,9.3516,13.8797,-2.979,-0.27799999999999997,1.2089999999999999
1.3407,9.628,14.5406,-2.979,1.4860000000000002,1.612
1.41,9.7201,14.6728,-2.979,1.672,1.612
1.0864,9.7662,14.5406,-3.16,0.836,1.544
0.8321,9.7201,14.144,-3.25,0.46399999999999997,1.343
0.8321,9.5128,13.7475,-3.25,0.46399999999999997,1.343
0.9477,9.4207,13.6153,-3.341,0.7430000000000001,1.41
0.7397,9.3285,13.3509,-3.25,0.371,1.2089999999999999
0.7397,9.0982,12.8222,-3.16,0.371,1.2759999999999998
0.809,8.937,12.69,-2.979,0.371,1.2759999999999998
0.7859,8.6606,12.1612,-2.979,0.371,1.2089999999999999
0.8321,8.4302,11.8968,-2.799,0.371,1.2759999999999998
0.9015,8.4072,11.8968,-2.799,0.5569999999999999,1.2089999999999999
0.9708,8.4532,12.029,-2.889,0.7430000000000001,1.2759999999999998
0.6934,8.4763,12.1612,-2.7089999999999996,0.185,1.2089999999999999
0.6241,8.4763,12.1612,-2.7089999999999996,0.092,1.2089999999999999
0.6934,8.4302,11.8968,-2.799,0.185,1.141
0.7397,8.3611,11.6325,-2.889,0.371,1.2759999999999998
0.7859,8.315,11.7647,-2.889,0.46399999999999997,1.2759999999999998
0.7859,8.315,11.7647,-2.889,0.46399999999999997,1.2759999999999998
0.809,8.3611,11.7647,-2.889,0.46399999999999997,1.2089999999999999
0.9015,8.5915,12.1612,-2.7089999999999996,0.46399999999999997,1.2759999999999998
0.8321,8.5684,12.1612,-2.889,0.46399999999999997,1.2759999999999998
0.8321,8.5684,12.1612,-2.889,0.46399999999999997,1.2759999999999998
0.8321,8.4532,11.8968,-2.889,0.5569999999999999,1.2759999999999998
0.8784,8.269,11.6325,-2.889,0.46399999999999997,1.2759999999999998
0.8784,8.269,11.6325,-2.889,0.46399999999999997,1.2759999999999998
0.8321,8.3841,11.7647,-2.799,0.46399999999999997,1.343
0.9246,8.5224,12.029,-2.7089999999999996,0.5569999999999999,1.2759999999999998
0.9015,8.4532,11.8968,-2.889,0.65,1.2759999999999998
0.8784,8.292,11.7647,-2.799,0.5569999999999999,1.343
0.809,8.269,11.7647,-2.7089999999999996,0.5569999999999999,1.2759999999999998
0.7397,8.292,11.6325,-2.7089999999999996,0.185,1.343
0.7397,8.269,11.6325,-2.7089999999999996,0.185,1.41
0.809,8.0847,11.5003,-2.799,0.371,1.2089999999999999
0.8552,7.9695,11.1037,-2.7089999999999996,0.46399999999999997,1.2759999999999998
0.8552,7.8083,10.9715,-2.618,0.5569999999999999,1.343
0.8321,7.7622,10.8393,-2.618,0.27799999999999997,1.343
0.809,7.7162,10.9715,-2.618,0.371,1.2759999999999998
0.7859,7.7392,10.9715,-2.5280000000000005,0.185,1.2759999999999998
0.7859,7.7392,10.9715,-2.5280000000000005,0.185,1.2759999999999998
0.809,8.0386,11.7647,-2.618,0.371,1.2759999999999998
0.7859,8.269,11.8968,-2.618,0.27799999999999997,1.343
0.8552,8.5224,12.1612,-2.979,0.46399999999999997,1.2759999999999998
0.8552,8.4763,11.8968,-2.979,0.5569999999999999,1.343
0.8552,8.5224,12.029,-3.07,0.46399999999999997,1.2089999999999999
0.8321,8.6145,12.2934,-2.979,0.46399999999999997,1.2759999999999998
0.8321,8.6145,12.2934,-2.979,0.46399999999999997,1.2759999999999998
0.8552,8.6836,12.5578,-2.889,0.371,1.41
0.8321,8.7066,12.4256,-2.799,0.46399999999999997,1.2759999999999998
0.809,8.7297,12.4256,-2.979,0.46399999999999997,1.343
0.8321,8.7527,12.5578,-2.979,0.46399999999999997,1.2759999999999998
0.809,8.7757,12.5578,-2.979,0.46399999999999997,1.343
0.809,8.7757,12.69,-2.979,0.5569999999999999,1.343
0.8321,8.8909,12.9543,-2.979,0.5569999999999999,1.2089999999999999
0.8552,8.937,13.0865,-2.889,0.371,1.343
0.9015,9.0982,13.2187,-2.979,0.65,1.41
0.9015,9.0982,13.2187,-2.979,0.65,1.41
0.9477,9.2364,13.3509,-3.16,0.65,1.41
0.9246,9.3746,13.7475,-3.07,0.7430000000000001,1.4769999999999999
1.0864,9.651,14.144,-3.07,0.9289999999999999,1.41
0.9708,9.5589,14.0118,-2.979,0.371,1.2759999999999998
0.4623,9.4667,14.0118,-2.889,-0.46399999999999997,1.2089999999999999
0.3929,9.4207,14.0118,-2.889,-0.65,1.007
0.9246,9.5589,14.0118,-2.979,0.46399999999999997,1.2759999999999998
0.8784,9.5819,14.144,-2.979,0.5569999999999999,1.2089999999999999
0.7859,9.6049,14.144,-3.07,0.371,1.2759999999999998
0.6703,9.6049,14.2762,-2.979,0.185,1.2759999999999998
0.6703,9.674,14.2762,-2.979,0.27799999999999997,1.2089999999999999
1.0864,9.7201,14.4084,-3.07,1.022,1.41
1.0864,9.7201,14.4084,-3.07,1.022,1.41
0.8552,9.651,14.144,-3.07,0.5569999999999999,1.41
0.9015,9.5589,13.8797,-3.07,0.5569999999999999,1.41
0.9939,9.5819,14.0118,-2.979,0.836,1.41
0.9939,9.6049,14.0118,-2.979,0.836,1.41
1.0171,9.628,14.144,-2.979,0.836,1.41
0.9015,9.651,14.144,-2.979,0.65,1.2089999999999999
0.7628,9.628,14.0118,-2.979,0.46399999999999997,1.343
0.6703,9.5358,13.7475,-3.07,0.185,1.343
0.6703,9.4207,13.4831,-3.07,0.27799999999999997,1.2759999999999998
0.7859,9.1903,13.0865,-3.07,0.371,1.343
0.9708,8.9139,12.69,-2.979,0.65,1.2759999999999998
0.9939,8.7988,12.5578,-2.889,0.7430000000000001,1.41
0.9477,8.6836,12.2934,-2.889,0.65,1.4769999999999999
0.7165,8.4532,11.8968,-2.799,0.27799999999999997,1.2089999999999999
0.5547,8.292,11.6325,-2.618,-0.185,1.0739999999999998
0.5779,8.1999,11.6325,-2.618,-0.27799999999999997,1.141
0.601,8.1077,11.6325,-2.5280000000000005,-0.092,1.2089999999999999
0.6472,8.1308,11.5003,-2.7089999999999996,0.092,1.2089999999999999
0.7397,8.1308,11.5003,-2.618,0.185,1.2089999999999999
0.809,8.1308,11.3681,-2.7089999999999996,0.46399999999999997,1.2759999999999998
0.809,8.1308,11.6325,-2.618,0.371,1.2089999999999999
0.6703,8.269,11.8968,-2.7089999999999996,0.092,1.141
0.4854,8.292,11.7647,-2.4379999999999997,-0.27799999999999997,1.0739999999999998
0.4854,8.292,11.7647,-2.4379999999999997,-0.27799999999999997,1.0739999999999998
0.6934,8.3611,11.8968,-2.4379999999999997,0.092,1.2089999999999999
1.0864,8.4072,12.1612,-2.618,0.9289999999999999,1.2759999999999998
1.3869,8.3381,12.1612,-2.5280000000000005,1.4860000000000002,1.41
1.3869,8.3381,12.1612,-2.5280000000000005,1.4860000000000002,1.41
0.7628,8.4532,12.1612,-2.4379999999999997,0.27799999999999997,1.2089999999999999
0.7628,8.5224,12.4256,-2.4379999999999997,0.46399999999999997,1.343
0.7165,8.6145,12.4256,-2.4379999999999997,0.185,1.2759999999999998
0.5547,8.6606,12.5578,-2.5280000000000005,0.0,1.2089999999999999
0.5547,8.7066,12.5578,-2.4379999999999997,-0.092,1.141
0.7628,8.7757,12.8222,-2.5280000000000005,0.27799999999999997,1.2759999999999998
1.0171,8.9139,12.9543,-2.618,0.7430000000000001,1.343
0.8552,9.0521,13.0865,-2.618,0.46399999999999997,1.141
0.8552,9.0521,13.0865,-2.618,0.46399999999999997,1.141
0.7397,9.1673,13.2187,-2.7089999999999996,0.27799999999999997,1.343
0.8321,9.2364,13.2187,-2.7089999999999996,0.46399999999999997,1.2759999999999998
0.9708,9.2134,13.3509,-2.7089999999999996,0.7430000000000001,1.41
1.0402,9.1212,13.0865,-2.7089999999999996,0.836,1.343
0.9477,8.7757,12.8222,-2.5280000000000005,0.65,1.2759999999999998
0.9477,8.6606,12.5578,-2.4379999999999997,0.5569999999999999,1.343
0.9477,8.7066,12.69,-2.4379999999999997,0.5569999999999999,1.343
0.7859,8.8909,12.9543,-2.618,0.27799999999999997,1.2089999999999999
0.6934,8.7527,12.5578,-2.5280000000000005,0.0,1.2089999999999999
0.7397,8.5224,12.1612,-2.5280000000000005,0.27799999999999997,1.2089999999999999
0.7628,8.4532,11.8968,-2.7089999999999996,0.371,1.2089999999999999
0.809,8.3841,11.7647,-2.618,0.371,1.2759999999999998
0.8321,8.2229,11.3681,-2.7089999999999996,0.46399999999999997,1.2759999999999998
0.8321,8.2229,11.3681,-2.7089999999999996,0.46399999999999997,1.2759999999999998
0.7397,7.601,10.575,-2.4379999999999997,0.092,1.2759999999999998
0.6703,7.2094,10.7072,-1.715,0.0,1.2089999999999999
0.601,7.8313,11.2359,-2.347,-0.092,1.2089999999999999
0.601,7.8313,11.2359,-2.347,-0.092,1.2089999999999999
0.809,7.7853,11.1037,-2.5280000000000005,0.371,1.2759999999999998
0.8552,7.9235,11.3681,-2.5280000000000005,0.5569999999999999,1.343
0.8552,7.9235,11.3681,-2.5280000000000005,0.5569999999999999,1.343
0.7397,8.269,11.8968,-2.618,0.185,1.2089999999999999
0.7397,8.315,12.029,-2.618,0.27799999999999997,1.343
0.7397,8.315,12.029,-2.618,0.27799999999999997,1.343
0.8321,8.1999,11.7647,-2.7089999999999996,0.46399999999999997,1.2759999999999998
0.8552,8.1308,11.7647,-2.618,0.46399999999999997,1.2759999999999998
0.8321,8.292,12.1612,-2.7089999999999996,0.5569999999999999,1.2089999999999999
0.7397,8.7297,12.8222,-2.7089999999999996,0.371,1.141
1.0171,8.7297,12.4256,-2.799,0.7430000000000001,1.2759999999999998
1.0171,8.5454,12.1612,-2.979,0.836,1.41
0.9477,8.4302,12.029,-2.889,0.7430000000000001,1.343
0.8552,8.4993,12.2934,-2.799,0.46399999999999997,1.2759999999999998
0.601,8.8679,13.0865,-2.799,0.092,1.2759999999999998
0.6241,8.937,12.9543,-2.889,0.092,1.2759999999999998
0.6934,8.8448,12.8222,-2.889,0.185,1.2089999999999999
0.8552,8.5454,12.1612,-2.799,0.46399999999999997,1.41
0.8321,8.5224,12.1612,-2.799,0.46399999999999997,1.343
0.7628,8.4763,12.029,-2.889,0.371,1.2759999999999998
0.7628,8.3611,11.7647,-2.799,0.371,1.2759999999999998
0.7859,8.315,11.8968,-2.7089999999999996,0.5569999999999999,1.2759999999999998
0.7397,8.269,11.8968,-2.7089999999999996,0.371,1.2089999999999999
0.7397,8.269,11.8968,-2.7089999999999996,0.371,1.2089999999999999
0.7859,8.2229,11.7647,-2.7089999999999996,0.371,1.2089999999999999
0.4623,7.7853,11.1037,-2.5280000000000005,-0.27799999999999997,1.2089999999999999
0.416,7.6931,10.9715,-2.4379999999999997,-0.46399999999999997,1.2089999999999999
0.6472,7.8083,11.1037,-2.5280000000000005,0.0,1.2759999999999998
1.0402,7.8774,11.2359,-2.5280000000000005,0.9289999999999999,1.343
1.1558,7.9235,11.3681,-2.5280000000000005,1.207,1.2759999999999998
0.9939,7.9926,11.3681,-2.5280000000000005,0.7430000000000001,1.2759999999999998
0.6703,8.0847,11.6325,-2.7089999999999996,0.185,1.2089999999999999
0.7165,8.1308,11.5003,-2.7089999999999996,0.371,1.2089999999999999
0.7628,8.0847,11.5003,-2.7089999999999996,0.371,1.2759999999999998
0.6472,8.0386,11.6325,-2.618,0.092,1.0739999999999998
0.4854,8.1077,11.7647,-2.4379999999999997,-0.27799999999999997,1.141
0.2311,8.269,11.8968,-2.4379999999999997,-0.9289999999999999,1.0739999999999998
0.2311,8.269,11.8968,-2.4379999999999997,-0.9289999999999999,1.0739999999999998
0.6241,8.1999,11.8968,-2.7089999999999996,0.092,1.141
1.3407,8.0617,11.7647,-2.5280000000000005,1.5790000000000002,1.41
1.3176,8.0847,11.7647,-2.5280000000000005,1.5790000000000002,1.41
0.7628,8.1538,11.8968,-2.5280000000000005,0.46399999999999997,1.2759999999999998
0.7165,8.1308,11.8968,-2.618,0.27799999999999997,1.343
0.809,8.0617,11.6325,-2.618,0.46399999999999997,1.343
1.0633,8.0386,11.6325,-2.618,0.9289999999999999,1.41
0.9477,8.1999,11.7647,-2.618,0.65,1.41
0.7628,8.3841,12.2934,-2.5280000000000005,0.27799999999999997,1.2759999999999998
1.0171,9.0061,13.3509,-2.7089999999999996,0.836,1.41
1.0171,9.0521,13.2187,-2.799,0.836,1.343
0.9708,9.0291,13.2187,-2.889,0.7430000000000001,1.343
0.7859,8.8218,12.69,-2.889,0.5569999999999999,1.2759999999999998
0.7628,8.8218,12.8222,-2.799,0.371,1.2089999999999999
0.7397,8.937,13.0865,-2.889,0.371,1.141
0.809,9.3516,14.0118,-2.799,0.5569999999999999,1.2759999999999998
1.0171,9.5589,14.2762,-2.889,0.9289999999999999,1.2759999999999998
1.0864,9.4437,13.8797,-2.889,1.115,1.41
0.9708,9.3976,13.7475,-2.979,0.836,1.2759999999999998
0.8321,9.2825,13.4831,-2.889,0.65,1.2759999999999998
0.8784,9.2134,13.4831,-2.889,0.65,1.41
0.8784,9.2134,13.4831,-2.889,0.65,1.41
0.8321,9.2825,13.6153,-2.618,0.46399999999999997,1.2089999999999999
0.809,9.2364,13.4831,-2.7089999999999996,0.371,1.2759999999999998
0.809,9.1443,13.3509,-2.799,0.46399999999999997,1.2089999999999999
0.809,9.0061,13.0865,-2.889,0.46399999999999997,1.2759999999999998
0.7628,8.7757,12.4256,-2.799,0.27799999999999997,1.343
0.6934,8.7066,12.69,-2.618,0.185,1.2759999999999998
0.7165,8.8679,13.0865,-2.618,0.371,1.2759999999999998
0.7165,8.8679,13.0865,-2.618,0.371,1.2759999999999998
0.8552,8.7066,12.4256,-2.618,0.65,1.343
1.0171,8.4993,12.029,-2.799,0.836,1.2759999999999998
0.9708,8.1768,11.7647,-2.618,0.65,1.2089999999999999
0.7397,8.1077,11.6325,-2.618,0.185,1.2089999999999999
0.4392,8.0617,11.6325,-2.347,-0.5569999999999999,1.2089999999999999
0.1386,8.0386,11.6325,-2.167,-1.115,1.141
0.5316,8.269,11.8968,-2.257,-0.27799999999999997,1.2759999999999998
0.9015,8.4072,12.029,-2.4379999999999997,0.46399999999999997,1.2759999999999998
0.8784,8.3841,12.029,-2.5280000000000005,0.46399999999999997,1.2759999999999998
0.7859,8.315,12.029,-2.618,0.46399999999999997,1.141
0.7397,8.3381,11.8968,-2.5280000000000005,0.185,1.2089999999999999
0.8321,8.3381,12.1612,-2.618,0.371,1.2089999999999999
1.0633,8.5684,12.2934,-2.4379999999999997,0.836,1.343
0.809,8.4763,12.1612,-2.5280000000000005,0.46399999999999997,1.141
0.8784,8.3381,12.1612,-2.5280000000000005,0.46399999999999997,1.2089999999999999
0.9477,8.315,12.029,-2.5280000000000005,0.7430000000000001,1.2759999999999998
0.9708,8.5454,12.4256,-2.4379999999999997,0.7430000000000001,1.2089999999999999
0.9015,9.0291,13.4831,-2.4379999999999997,0.65,1.343
0.8784,9.4207,13.8797,-2.5280000000000005,0.65,1.41
0.8321,9.4437,14.144,-2.618,0.65,1.2759999999999998
0.9015,9.5819,14.144,-2.618,0.65,1.41
0.9708,9.5819,14.144,-2.7089999999999996,0.836,1.41
0.9477,9.628,14.4084,-2.5280000000000005,0.836,1.544
0.9939,10.1577,15.4659,-2.4379999999999997,0.836,1.343
0.9477,10.2268,15.2015,-2.7089999999999996,0.836,1.41
0.9246,10.0886,14.805,-2.799,0.836,1.41
0.9246,9.628,13.8797,-2.799,0.65,1.41
0.8321,9.4898,13.6153,-2.889,0.5569999999999999,1.343
0.7397,9.4667,13.7475,-2.618,0.371,1.343
0.809,9.4898,13.7475,-2.7089999999999996,0.46399999999999997,1.343
0.8321,9.4898,13.8797,-2.7089999999999996,0.5569999999999999,1.41
0.8552,9.3976,13.6153,-2.7089999999999996,0.65,1.41
0.8784,9.1212,13.0865,-2.7089999999999996,0.65,1.41
0.6934,8.8679,12.69,-2.618,0.27799999999999997,1.2089999999999999
0.6241,8.6145,12.1612,-2.618,0.0,1.141
0.6241,8.6145,12.1612,-2.618,0.0,1.141
0.7628,8.6145,12.4256,-2.347,0.371,1.2089999999999999
0.7628,8.6145,12.4256,-2.347,0.371,1.2089999999999999
0.8321,8.7527,12.5578,-2.4379999999999997,0.46399999999999997,1.343
0.809,8.4072,12.029,-2.7089999999999996,0.46399999999999997,1.2759999999999998
0.809,8.4072,12.029,-2.7089999999999996,0.46399999999999997,1.2759999999999998
0.7859,8.2459,11.8968,-2.618,0.27799999999999997,1.2759999999999998
0.7859,8.1077,11.6325,-2.5280000000000005,0.371,1.2759999999999998
0.7628,7.7392,11.1037,-2.076,0.27799999999999997,1.2759999999999998
0.7628,7.7392,11.1037,-2.076,0.27799999999999997,1.2759999999999998
0.8784,7.7162,11.5003,-1.806,0.46399999999999997,1.2089999999999999
0.9015,8.0847,11.7647,-2.257,0.65,1.2759999999999998
0.7397,8.2459,11.7647,-2.618,0.27799999999999997,1.2759999999999998
0.7397,8.269,11.8968,-2.618,0.65,1.2759999999999998
0.8784,8.269,11.8968,-2.618,0.65,1.2759999999999998
0.9939,8.8218,12.8222,-2.5280000000000005,0.65,1.41
0.9708,8.8218,12.8222,-2.5280000000000005,0.65,1.41
0.9246,9.0061,13.0865,-2.7089999999999996,0.7430000000000001,1.41
0.9477,9.0061,13.0865,-2.618,0.836,1.343
0.9246,8.983,13.0865,-2.618,0.65,1.343
0.7859,9.0061,13.0865,-2.618,0.46399999999999997,1.2759999999999998
0.809,9.0291,13.2187,-2.5280000000000005,0.46399999999999997,1.2759999999999998
1.0171,9.0291,13.2187,-2.7089999999999996,0.836,1.41
0.9708,9.1673,13.6153,-2.4379999999999997,0.65,1.343
1.0402,9.7201,14.5406,-2.618,0.9289999999999999,1.4769999999999999
1.0402,9.7201,14.5406,-2.618,0.9289999999999999,1.4769999999999999
1.0171,9.8583,14.5406,-2.7089999999999996,0.836,1.4769999999999999
1.0171,9.9735,14.805,-2.618,0.9289999999999999,1.41
1.0171,10.0426,14.805,-2.7089999999999996,0.836,1.41
0.9939,10.0195,14.6728,-2.7089999999999996,0.9289999999999999,1.41
0.9246,9.6049,13.7475,-2.799,0.7430000000000001,1.41
0.6703,8.6836,12.8222,-2.257,0.185,1.2759999999999998
0.7397,8.7757,13.4831,-1.806,0.27799999999999997,1.343
0.7165,9.5819,14.144,-2.4379999999999997,0.27799999999999997,1.343
0.6241,9.3516,13.6153,-2.5280000000000005,0.185,1.343
0.6472,9.2364,13.3509,-2.799,0.27799999999999997,1.2759999999999998
0.5547,9.2825,13.3509,-2.5280000000000005,0.0,1.2759999999999998
0.601,9.2364,13.2187,-2.5280000000000005,0.0,1.343
0.6703,9.0521,12.9543,-2.7089999999999996,0.185,1.2759999999999998
0.9939,8.5454,12.029,-2.5280000000000005,0.7430000000000001,1.343
1.0171,8.4532,12.1612,-2.347,0.836,1.2759999999999998
0.4854,8.9139,12.8222,-2.5280000000000005,-0.185,1.2089999999999999
0.601,9.0982,13.0865,-2.618,0.092,1.2759999999999998
0.9015,9.3746,13.4831,-2.7089999999999996,0.65,1.343
0.9246,9.674,14.4084,-2.618,0.7430000000000001,1.2759999999999998
0.9246,9.8813,14.5406,-2.5280000000000005,0.836,1.41
0.9708,9.8353,14.2762,-2.799,0.9289999999999999,1.41
0.9477,9.6971,14.144,-2.799,0.7430000000000001,1.343
0.8552,9.7201,14.144,-2.7089999999999996,0.46399999999999997,1.343
0.8552,10.0426,14.805,-2.618,0.5569999999999999,1.41
0.9246,10.1808,15.0693,-2.618,0.65,1.41
0.9939,10.319,15.3337,-2.618,0.836,1.4769999999999999
0.9939,10.319,15.3337,-2.618,0.836,1.4769999999999999
1.0402,10.4341,15.7303,-2.5280000000000005,0.9289999999999999,1.343
1.0171,10.5493,15.5981,-2.618,0.836,1.41
0.9015,10.365,15.2015,-2.979,0.7430000000000001,1.41
0.9015,10.2499,14.9372,-2.979,0.7430000000000001,1.343
0.8552,10.2038,14.805,-2.889,0.5569999999999999,1.343
0.8784,9.9965,14.4084,-2.799,0.65,1.343
0.8784,9.8122,14.144,-2.799,0.5569999999999999,1.41
0.8784,9.6049,13.7475,-2.618,0.46399999999999997,1.41
0.809,9.3055,13.2187,-2.618,0.371,1.343
0.7859,9.3285,13.4831,-2.5280000000000005,0.371,1.343
0.7397,9.4898,13.6153,-2.4379999999999997,0.185,1.41
0.809,9.4667,13.6153,-2.4379999999999997,0.371,1.2759999999999998
0.9939,9.3285,13.3509,-2.618,0.65,1.41
0.9939,9.3285,13.3509,-2.618,0.65,1.41
0.9015,9.2825,13.2187,-2.5280000000000005,0.65,1.4769999999999999
0.8552,9.1903,13.2187,-2.4379999999999997,0.5569999999999999,1.2759999999999998
0.7859,9.1212,12.9543,-2.4379999999999997,0.371,1.2759999999999998
0.7397,8.983,12.9543,-2.347,0.371,1.2089999999999999
0.7165,9.0521,12.9543,-2.167,0.27799999999999997,1.2759999999999998
0.7165,9.1212,13.0865,-2.347,0.27799999999999997,1.2759999999999998
0.7859,9.1903,13.2187,-2.257,0.46399999999999997,1.2759999999999998
0.8784,9.0291,12.9543,-2.5280000000000005,0.5569999999999999,1.343
0.8321,8.7527,12.1612,-2.5280000000000005,0.371,1.41
0.7859,8.6606,12.1612,-2.347,0.27799999999999997,1.2759999999999998
0.7397,8.6375,12.1612,-2.257,0.27799999999999997,1.2089999999999999
0.8321,8.5684,12.1612,-2.257,0.27799999999999997,1.2759999999999998
0.7859,8.4532,11.7647,-2.347,0.27799999999999997,1.2759999999999998
0.6703,8.0847,11.3681,-2.257,0.0,1.2759999999999998
0.6241,8.0386,11.2359,-2.167,0.0,1.2759999999999998
0.6472,8.0617,11.3681,-2.167,-0.092,1.2759999999999998
0.7165,8.269,11.8968,-2.167,0.185,1.2759999999999998
0.8321,8.4532,12.1612,-2.167,0.46399999999999997,1.141
0.8321,8.5224,12.1612,-2.257,0.46399999999999997,1.2089999999999999
0.7859,8.5684,12.2934,-2.257,0.371,1.343
0.7859,8.5684,12.2934,-2.257,0.371,1.343
0.8784,9.0521,13.2187,-2.257,0.46399999999999997,1.343
0.9015,9.2825,13.6153,-2.347,0.7430000000000001,1.343
0.9015,9.2825,13.6153,-2.347,0.7430000000000001,1.343
0.9246,9.674,14.4084,-2.347,0.7430000000000001,1.343
0.9939,9.628,14.0118,-2.4379999999999997,0.836,1.41
0.9477,9.6049,13.8797,-2.5280000000000005,0.65,1.343
0.9015,9.628,14.2762,-2.4379999999999997,0.65,1.343
1.0402,9.651,14.2762,-2.4379999999999997,0.9289999999999999,1.343
1.0633,9.6049,14.144,-2.4379999999999997,0.9289999999999999,1.343
1.0402,9.5358,14.0118,-2.4379999999999997,0.836,1.343
1.0402,9.5358,14.0118,-2.4379999999999997,0.836,1.343
0.9939,9.4898,13.8797,-2.5280000000000005,0.7430000000000001,1.2759999999999998
0.809,9.4437,13.7475,-2.4379999999999997,0.5569999999999999,1.343
0.809,9.5358,13.8797,-2.347,0.371,1.2759999999999998
0.7859,9.5819,14.0118,-2.5280000000000005,0.371,1.343
0.9015,9.6971,14.2762,-2.5280000000000005,0.5569999999999999,1.343
0.9477,9.8122,14.2762,-2.5280000000000005,0.7430000000000001,1.41
0.8784,10.0195,14.5406,-2.4379999999999997,0.65,1.2759999999999998
0.9015,10.0426,14.6728,-2.618,0.65,1.343
0.9015,10.0195,14.805,-2.5280000000000005,0.5569999999999999,1.343
0.8784,9.9504,14.4084,-2.5280000000000005,0.65,1.41
0.8552,9.7201,14.2762,-2.4379999999999997,0.5569999999999999,1.2759999999999998
0.7628,9.8583,14.5406,-2.4379999999999997,0.371,1.2759999999999998
0.7397,9.9274,14.6728,-2.347,0.371,1.2759999999999998
0.7859,9.9044,14.5406,-2.4379999999999997,0.371,1.41
0.9477,9.8122,14.5406,-2.347,0.836,1.343
0.9939,9.8353,14.4084,-2.4379999999999997,0.836,1.343
0.9477,9.7201,14.4084,-2.347,0.7430000000000001,1.343
0.9246,9.628,14.0118,-2.4379999999999997,0.7430000000000001,1.2759999999999998
0.8321,9.4667,13.7475,-2.5280000000000005,0.371,1.2089999999999999
0.7859,9.5128,13.8797,-2.257,0.27799999999999997,1.343
0.7397,9.5819,14.0118,-2.347,0.27799999999999997,1.2759999999999998
0.7859,9.5819,14.144,-2.347,0.371,1.343
0.7859,9.5819,14.144,-2.347,0.371,1.343
0.8321,9.3285,13.3509,-2.5280000000000005,0.5569999999999999,1.2759999999999998
0.8321,9.3285,13.3509,-2.5280000000000005,0.5569999999999999,1.2759999999999998
0.8321,9.1212,13.3509,-2.347,0.371,1.2759999999999998
0.7628,9.1903,13.2187,-2.4379999999999997,0.185,1.2089999999999999
0.7628,9.0752,12.8222,-2.5280000000000005,0.371,1.2089999999999999
0.7859,8.96,12.8222,-2.4379999999999997,0.371,1.141
0.8784,8.8909,12.69,-2.5280000000000005,0.46399999999999997,1.2089999999999999
0.9477,8.7527,12.5578,-2.257,0.5569999999999999,1.2759999999999998
0.8784,8.7066,12.4256,-2.257,0.371,1.141
0.7397,8.5684,12.2934,-2.347,0.46399999999999997,1.0739999999999998
0.7859,8.4763,12.1612,-2.257,0.27799999999999997,1.2089999999999999
0.7859,8.3841,11.7647,-2.257,0.371,1.2089999999999999
0.7628,8.315,11.8968,-2.347,0.27799999999999997,1.141
0.7628,8.2229,11.6325,-2.347,0.371,1.2089999999999999
0.7859,7.9695,11.2359,-2.167,0.27799999999999997,1.2089999999999999
0.7628,7.9235,11.1037,-2.076,0.185,1.141
0.7397,7.9465,11.2359,-2.167,0.27799999999999997,1.2089999999999999
0.7165,8.0386,11.3681,-2.167,0.185,1.2089999999999999
0.7165,8.0847,11.5003,-2.167,0.185,1.2089999999999999
0.7165,8.0847,11.6325,-2.257,0.185,1.2759999999999998
0.8552,8.0847,11.5003,-2.076,0.371,1.2759999999999998
0.8784,8.3381,12.1612,-2.076,0.46399999999999997,1.343
0.8784,8.3381,12.1612,-2.076,0.46399999999999997,1.343
0.7859,8.315,12.029,-2.347,0.371,1.2759999999999998
0.7628,8.2229,11.7647,-2.347,0.27799999999999997,1.2759999999999998
0.7859,8.2459,11.8968,-2.076,0.27799999999999997,1.343
0.809,8.315,12.029,-2.167,0.371,1.2089999999999999
0.9246,8.0847,11.5003,-2.167,0.5569999999999999,1.2089999999999999
0.8552,7.8774,10.9715,-2.167,0.46399999999999997,1.141
0.7397,7.9926,11.5003,-2.076,0.27799999999999997,1.141
0.7165,8.1768,11.8968,-2.257,0.185,1.141
0.8321,8.4532,12.1612,-2.167,0.46399999999999997,1.2089999999999999
0.8552,8.4072,12.029,-2.257,0.46399999999999997,1.2089999999999999
0.8784,8.3611,12.029,-2.347,0.5569999999999999,1.141
0.9015,8.315,12.029,-2.167,0.5569999999999999,1.2759999999999998
0.7859,8.6145,12.4256,-2.167,0.371,1.2759999999999998
0.809,8.6606,12.4256,-2.257,0.371,1.2089999999999999
0.8321,8.7297,12.5578,-2.347,0.371,1.2089999999999999
0.9015,8.7988,12.8222,-2.257,0.5569999999999999,1.2759999999999998
0.9246,8.937,13.2187,-2.167,0.65,1.343
0.9015,9.1212,13.4831,-2.257,0.5569999999999999,1.2759999999999998
0.9708,9.2364,13.7475,-2.257,0.65,1.343
0.9477,9.2825,13.4831,-2.4379999999999997,0.7430000000000001,1.343
0.9477,9.1673,13.3509,-2.4379999999999997,0.5569999999999999,1.343
0.9015,9.0521,13.0865,-2.4379999999999997,0.5569999999999999,1.343
0.8321,9.0291,12.9543,-2.257,0.46399999999999997,1.343
0.8321,9.0061,12.9543,-2.347,0.5569999999999999,1.2089999999999999
0.8321,8.8679,12.5578,-2.4379999999999997,0.46399999999999997,1.2759999999999998
0.8784,8.5915,12.1612,-2.4379999999999997,0.5569999999999999,1.2089999999999999
0.8321,8.1768,11.7647,-2.347,0.371,1.141
0.7628,8.1768,11.7647,-2.257,0.185,1.2759999999999998
0.6241,8.315,11.8968,-2.076,0.0,1.2089999999999999
0.7397,8.1999,11.7647,-2.4379999999999997,0.185,1.2089999999999999
0.7397,8.1999,11.7647,-2.4379999999999997,0.185,1.2089999999999999
0.7859,8.0617,11.3681,-2.257,0.46399999999999997,1.2089999999999999
0.8784,7.8544,11.1037,-2.257,0.371,1.2089999999999999
0.8784,7.8544,11.1037,-2.257,0.371,1.2089999999999999
0.8321,8.0847,11.5003,-2.257,0.371,1.2089999999999999
0.7397,8.1077,11.5003,-2.347,0.27799999999999997,1.2089999999999999
0.7165,7.9926,11.3681,-2.347,0.185,1.2089999999999999
0.8321,7.7853,11.1037,-2.167,0.46399999999999997,1.2759999999999998
0.8321,7.7853,11.1037,-2.167,0.46399999999999997,1.2759999999999998
0.8321,7.9004,11.2359,-2.167,0.371,1.2089999999999999
0.8321,7.9695,11.3681,-2.167,0.46399999999999997,1.141
0.8321,7.9465,11.3681,-2.167,0.46399999999999997,1.0739999999999998
0.9246,7.9465,11.3681,-2.076,0.5569999999999999,1.0739999999999998
0.9015,8.0156,11.6325,-2.076,0.65,1.2089999999999999
0.7859,8.2229,11.8968,-2.347,0.371,1.2089999999999999
0.7859,8.1999,11.7647,-2.347,0.46399999999999997,1.2759999999999998
0.8784,8.1077,11.6325,-2.347,0.5569999999999999,1.2759999999999998
0.8784,8.1077,11.6325,-2.347,0.5569999999999999,1.2759999999999998
0.8784,8.1308,11.7647,-2.347,0.65,1.2759999999999998
0.8784,8.3841,12.029,-2.257,0.5569999999999999,1.2759999999999998
0.9708,8.5684,12.4256,-2.347,0.7430000000000001,1.2759999999999998
0.9477,8.4993,12.1612,-2.4379999999999997,0.7430000000000001,1.2759999999999998
0.8321,8.269,11.8968,-2.5280000000000005,0.5569999999999999,1.2089999999999999
0.7859,8.269,12.029,-2.4379999999999997,0.371,1.2089999999999999
0.8784,8.4302,12.1612,-2.257,0.46399999999999997,1.2759999999999998
0.8784,8.4763,12.1612,-2.167,0.65,1.2089999999999999
0.809,8.315,12.029,-2.347,0.371,1.2089999999999999
0.7628,8.292,12.1612,-2.257,0.27799999999999997,1.2089999999999999
0.7397,8.3381,11.8968,-2.257,0.27799999999999997,1.141
0.7397,8.3381,11.8968,-2.257,0.371,1.2089999999999999
0.809,8.315,12.029,-2.347,0.46399999999999997,1.2759999999999998
0.8552,8.3381,12.1612,-2.257,0.371,1.141
0.809,8.4302,12.1612,-2.076,0.46399999999999997,1.2089999999999999
0.809,8.4763,12.4256,-2.167,0.46399999999999997,1.2759999999999998
0.809,8.5224,12.2934,-2.167,0.371,1.343
0.9246,8.5684,12.4256,-2.257,0.7430000000000001,1.2759999999999998
0.9246,8.5684,12.4256,-2.257,0.7430000000000001,1.2759999999999998
0.9015,8.8679,12.9543,-2.347,0.65,1.2759999999999998
0.8321,9.0982,13.3509,-2.257,0.5569999999999999,1.343
0.9477,9.4898,14.144,-2.257,0.65,1.343
0.9477,9.4898,14.144,-2.257,0.65,1.343
1.0402,9.651,14.2762,-2.257,0.9289999999999999,1.343
0.9939,9.628,14.2762,-2.347,0.836,1.41
0.9015,9.8122,14.4084,-2.4379999999999997,0.7430000000000001,1.2759999999999998
0.9015,9.9735,14.805,-2.257,0.5569999999999999,1.343
0.9015,10.1808,15.2015,-2.257,0.7430000000000001,1.343
0.9708,10.342,15.4659,-2.257,0.9289999999999999,1.343
1.0171,10.4111,15.7303,-2.257,0.9289999999999999,1.41
1.1095,10.4572,15.8625,-2.347,1.115,1.2759999999999998
1.0402,10.4572,15.8625,-2.347,0.9289999999999999,1.41
0.8552,10.4111,15.4659,-2.4379999999999997,0.65,1.343
0.8321,10.4341,15.2015,-2.5280000000000005,0.5569999999999999,1.343
0.9015,10.4572,15.3337,-2.4379999999999997,0.836,1.343
0.9939,10.7105,15.9947,-2.167,1.022,1.41
1.0402,10.8487,16.3912,-1.986,0.9289999999999999,1.41
1.0171,10.8027,16.259,-2.167,0.836,1.41
0.9708,10.6645,15.7303,-2.347,0.836,1.41
0.9477,10.5032,15.3337,-2.4379999999999997,0.836,1.2759999999999998
0.809,10.342,15.0693,-2.347,0.46399999999999997,1.2759999999999998
0.7397,10.365,15.2015,-2.4379999999999997,0.46399999999999997,1.2759999999999998
0.7165,10.0426,14.4084,-2.4379999999999997,0.27799999999999997,1.2089999999999999
0.8321,9.7431,13.8797,-2.347,0.46399999999999997,1.141
0.8552,9.4207,13.4831,-2.4379999999999997,0.5569999999999999,1.2089999999999999
0.7628,9.0752,12.9543,-2.076,0.27799999999999997,1.0739999999999998
0.7628,9.0752,12.9543,-1.986,0.27799999999999997,1.141
0.7859,9.0521,12.8222,-2.167,0.371,1.0739999999999998
0.7859,8.8448,12.5578,-2.167,0.371,1.0739999999999998
0.809,8.7527,12.5578,-2.167,0.27799999999999997,1.0739999999999998
0.7859,8.7757,12.4256,-2.076,0.371,1.141
0.7628,8.7527,12.2934,-2.076,0.371,1.0739999999999998
0.7165,8.7297,12.2934,-2.076,0.27799999999999997,1.0739999999999998
0.6934,8.5684,12.029,-2.076,0.185,1.141
0.7165,8.4763,11.8968,-2.167,0.27799999999999997,1.0739999999999998
0.9246,8.4763,12.1612,-1.986,0.5569999999999999,1.141
0.9708,8.6145,12.2934,-1.986,0.65,1.2759999999999998
0.9939,8.7297,12.4256,-2.076,0.836,1.2089999999999999
0.9708,8.6375,12.2934,-2.076,0.65,1.2759999999999998
0.8784,8.5684,12.2934,-2.076,0.5569999999999999,1.141
0.8784,8.8679,12.8222,-1.896,0.65,1.2089999999999999
0.8552,8.8448,12.69,-2.076,0.5569999999999999,1.2089999999999999
0.8784,8.6836,12.2934,-2.076,0.46399999999999997,1.2759999999999998
0.8784,8.3611,11.8968,-2.167,0.46399999999999997,1.141
0.8552,8.292,11.7647,-1.986,0.46399999999999997,1.2089999999999999
0.809,8.4072,11.8968,-1.986,0.46399999999999997,1.141
0.7859,8.4302,12.029,-1.896,0.27799999999999997,1.141
0.7859,8.4072,11.8968,-1.986,0.371,1.141
0.7397,8.3841,12.029,-1.896,0.185,1.343
0.7165,8.4302,11.8968,-2.076,0.371,1.141
0.8784,8.3841,11.8968,-2.076,0.46399999999999997,1.141
1.0864,8.269,11.8968,-1.986,0.836,1.2759999999999998
0.7859,8.3611,11.8968,-1.896,0.092,1.2089999999999999
0.2542,8.4302,12.1612,-1.715,-1.022,0.94
0.2311,8.3841,11.8968,-1.715,-0.836,0.873
0.5085,8.3611,11.7647,-2.076,-0.46399999999999997,0.94
0.809,8.292,11.7647,-1.896,0.27799999999999997,1.0739999999999998
0.9477,8.315,11.8968,-1.986,0.5569999999999999,1.2089999999999999
0.9477,8.315,11.8968,-1.986,0.5569999999999999,1.2089999999999999
0.7628,8.4532,12.029,-1.896,0.185,1.2089999999999999
1.0171,8.6145,12.2934,-2.167,0.836,1.2089999999999999
1.0171,8.6606,12.4256,-2.076,0.836,1.2089999999999999
0.9015,8.7297,12.5578,-1.986,0.5569999999999999,1.141
0.8321,8.7988,12.69,-1.986,0.46399999999999997,1.2759999999999998
0.8552,8.983,13.2187,-1.896,0.46399999999999997,1.2089999999999999
0.9477,9.2134,13.4831,-2.076,0.65,1.2759999999999998
0.9477,9.2134,13.4831,-2.076,0.65,1.2759999999999998
1.0402,9.3746,13.8797,-2.167,0.9289999999999999,1.2759999999999998
1.0171,9.5589,14.144,-1.986,0.836,1.343
0.9477,9.7431,14.4084,-1.986,0.836,1.2089999999999999
0.9246,9.8583,14.6728,-1.896,0.7430000000000001,1.2759999999999998
0.9246,10.0656,14.9372,-2.076,0.5569999999999999,1.2089999999999999
0.9246,10.0656,14.9372,-2.076,0.5569999999999999,1.2089999999999999
0.9708,9.9735,14.6728,-2.076,0.7430000000000001,1.0739999999999998
0.9015,9.9044,14.5406,-2.257,0.65,1.2089999999999999
0.9246,10.1117,14.9372,-2.076,0.65,1.2089999999999999
0.9246,10.1117,14.9372,-2.076,0.65,1.2089999999999999
0.9477,10.2268,15.0693,-2.076,0.7430000000000001,1.2759999999999998
0.8784,9.7892,14.144,-2.076,0.65,1.2089999999999999
0.6472,9.0521,12.8222,-2.257,0.092,1.0739999999999998
0.8552,8.7988,13.2187,-1.535,0.27799999999999997,1.2089999999999999
0.8552,9.4667,13.6153,-2.076,0.46399999999999997,1.2089999999999999
0.8552,9.4667,13.6153,-2.076,0.46399999999999997,1.2089999999999999
0.7859,9.3516,13.4831,-2.167,0.371,1.2089999999999999
0.9477,9.5128,14.0118,-1.986,0.5569999999999999,1.2759999999999998
0.9015,9.7662,14.4084,-1.806,0.65,1.2759999999999998
0.9015,9.7662,14.4084,-1.806,0.65,1.2759999999999998
0.7165,10.0886,14.805,-2.076,0.27799999999999997,1.141
0.8552,9.7662,13.8797,-2.257,0.46399999999999997,1.2759999999999998
0.9939,9.5128,13.7475,-2.167,0.7430000000000001,1.2089999999999999
0.9477,9.6049,14.0118,-2.076,0.5569999999999999,1.141
0.7859,9.6971,14.144,-1.806,0.371,1.2089999999999999
0.7165,9.8583,14.4084,-1.806,0.27799999999999997,1.2089999999999999
0.8552,9.8583,14.4084,-1.986,0.46399999999999997,1.2759999999999998
0.9708,9.4898,13.6153,-2.167,0.5569999999999999,1.343
0.8321,9.2825,13.2187,-2.076,0.371,1.141
0.7397,9.2594,13.2187,-2.076,0.185,1.2089999999999999
0.7859,9.0291,12.8222,-1.986,0.185,1.2089999999999999
0.7859,9.0291,12.8222,-1.986,0.185,1.2089999999999999
0.809,8.9139,12.8222,-1.986,0.371,1.0739999999999998
0.7628,8.8679,12.5578,-1.896,0.27799999999999997,1.0739999999999998
0.7628,8.6836,12.1612,-1.896,0.185,1.141
0.7397,8.4532,11.7647,-1.986,0.27799999999999997,1.141
0.7397,8.2229,11.5003,-1.896,0.092,1.0739999999999998
0.6703,8.0847,11.2359,-1.896,0.092,1.2089999999999999
0.6703,8.1077,11.2359,-1.806,0.0,1.141
0.7397,8.1538,11.3681,-1.806,0.092,1.007
0.7397,8.0617,11.2359,-1.896,0.092,1.0739999999999998
0.7628,8.0617,11.2359,-1.806,0.371,1.007
0.6934,8.269,11.7647,-1.625,0.0,1.0739999999999998
0.3929,8.4763,12.1612,-1.535,-0.5569999999999999,1.0739999999999998
0.7859,8.6145,12.4256,-1.625,0.27799999999999997,1.141
1.1558,8.6606,12.69,-1.715,1.022,1.2759999999999998
1.202,8.937,13.2187,-1.444,1.022,1.2759999999999998
0.8321,8.983,13.0865,-1.715,0.371,1.141
0.8784,8.9139,12.9543,-1.625,0.371,1.2089999999999999
1.0633,8.9139,12.9543,-1.715,0.7430000000000001,1.2759999999999998
0.7628,9.0291,12.9543,-1.625,0.092,1.0739999999999998
0.5547,9.0521,12.9543,-1.715,-0.185,1.0739999999999998
0.601,9.0291,12.9543,-1.806,-0.092,1.0739999999999998
0.7628,9.0521,12.9543,-1.715,0.27799999999999997,1.0739999999999998
0.9015,9.0521,13.0865,-1.715,0.5569999999999999,1.2089999999999999
0.9015,9.1212,13.0865,-1.715,0.371,1.141
0.6703,9.1443,13.0865,-1.715,0.185,1.0739999999999998
0.5316,9.0982,12.9543,-1.715,-0.27799999999999997,1.0739999999999998
0.7628,9.0521,12.8222,-1.715,0.185,1.0739999999999998
1.1095,8.9139,12.8222,-1.806,0.836,1.2089999999999999
1.1326,8.8448,12.69,-1.896,1.022,1.141
0.6703,9.2364,13.2187,-1.535,0.092,1.0739999999999998
0.9015,9.4437,13.6153,-1.715,0.65,1.141
1.1326,9.2594,13.2187,-1.896,0.9289999999999999,1.2089999999999999
1.1326,9.2594,13.2187,-1.896,0.9289999999999999,1.2089999999999999
0.6241,8.4072,11.6325,-1.806,-0.185,1.007
0.601,8.4072,11.8968,-1.715,0.0,0.94
0.6703,8.4763,11.8968,-1.715,0.0,0.94
0.7397,8.5454,12.029,-1.625,0.092,1.2089999999999999
0.8321,8.5915,12.1612,-1.806,0.27799999999999997,1.141
0.809,8.5224,12.029,-1.806,0.371,1.141
0.8552,8.4532,12.029,-1.806,0.371,1.141
0.8552,8.4763,12.029,-1.806,0.371,1.141
0.7165,8.6375,12.1612,-1.896,0.092,0.94
0.7628,8.6836,12.2934,-1.806,0.185,1.007
0.9939,9.0291,13.2187,-1.535,0.5569999999999999,1.141
0.9939,9.0291,13.2187,-1.535,0.5569999999999999,1.141
0.8552,9.1903,13.2187,-1.806,0.46399999999999997,1.0739999999999998
0.9015,9.0061,12.9543,-1.806,0.46399999999999997,1.141
0.8784,8.937,12.9543,-1.625,0.371,1.141
0.8552,9.0982,13.0865,-1.715,0.371,1.007
0.9015,9.1212,13.2187,-1.535,0.5569999999999999,1.141
0.9246,8.6606,12.2934,-1.896,0.5569999999999999,1.141
0.8552,8.5224,12.029,-1.715,0.27799999999999997,1.0739999999999998
0.7165,8.4302,11.8968,-1.715,0.092,1.141
0.7859,8.4763,12.029,-1.715,0.185,1.141
0.809,8.5224,12.029,-1.715,0.27799999999999997,1.0739999999999998
0.9015,8.6145,12.2934,-1.715,0.46399999999999997,1.141
0.9246,9.0061,13.0865,-1.625,0.5569999999999999,1.141
0.9477,9.0982,13.0865,-1.715,0.65,1.0739999999999998
0.9708,9.0982,13.0865,-1.715,0.65,1.2089999999999999
0.9708,9.0982,13.0865,-1.715,0.65,1.2089999999999999
0.9015,9.0061,12.9543,-1.625,0.5569999999999999,1.2759999999999998
0.8552,9.0061,12.9543,-1.625,0.27799999999999997,1.141
0.7859,9.0291,12.8222,-1.625,0.27799999999999997,0.94
0.809,9.0982,13.0865,-1.625,0.27799999999999997,1.0739999999999998
0.8552,9.2364,13.3509,-1.715,0.5569999999999999,1.141
0.8552,9.2364,13.3509,-1.715,0.46399999999999997,1.0739999999999998
0.7397,9.3055,13.4831,-1.715,0.185,1.141
0.7397,9.3055,13.4831,-1.715,0.185,1.141
1.1558,9.2594,13.6153,-1.715,1.115,1.2089999999999999
1.1558,9.2364,13.4831,-1.535,0.9289999999999999,1.141
1.0402,9.2594,13.6153,-1.535,0.7430000000000001,1.007
0.8321,9.3976,13.8797,-1.625,-0.46399999999999997,0.738
0.2542,9.5589,13.8797,-1.625,-0.9289999999999999,0.671
0.3698,9.5589,14.0118,-1.535,-0.7430000000000001,0.806
0.7859,9.6971,14.144,-1.715,0.185,1.007
0.8552,9.8813,14.5406,-1.535,0.371,1.007
0.9939,10.1808,15.2015,-1.535,0.7430000000000001,1.2089999999999999
1.1558,10.2268,15.2015,-1.625,1.115,1.343
1.2251,10.0656,14.6728,-1.806,1.3,1.41
0.9708,9.3055,13.3509,-1.896,0.65,1.2089999999999999
1.1558,9.0982,13.2187,-1.535,1.022,1.2759999999999998
1.0171,8.7527,15.3337,1.535,0.27799999999999997,1.2089999999999999
0.7397,9.1673,15.0693,0.541,-0.185,0.94
0.6472,9.5128,14.6728,-0.8119999999999999,-0.092,1.007
0.8552,9.4437,14.0118,-1.3539999999999999,0.371,1.0739999999999998
1.1326,9.3285,13.7475,-1.444,0.836,1.343
0.9015,9.6971,13.8797,-2.076,0.46399999999999997,1.343
0.4623,9.7662,13.7475,-2.076,-0.27799999999999997,1.2089999999999999
0.3467,9.674,13.6153,-1.986,-0.5569999999999999,1.0739999999999998
0.6472,9.4437,13.2187,-2.076,0.092,1.2089999999999999
1.4563,8.5454,12.4256,-1.715,1.672,1.2759999999999998
1.2251,8.292,13.3509,0.0,0.9289999999999999,1.2089999999999999
0.6703,8.4302,14.6728,1.2640000000000002,-0.27799999999999997,0.94
0.9477,8.6606,13.6153,-0.361,0.27799999999999997,1.007
0.8784,7.7162,12.2934,-0.09,0.092,0.738
0.7859,7.3476,12.69,0.903,-0.27799999999999997,0.738
0.7397,7.6471,12.8222,0.722,-0.185,0.94
0.8552,8.2459,12.9543,-0.451,0.371,0.94
0.8321,8.8218,12.1612,-2.257,0.5569999999999999,1.007
0.7628,8.0847,11.3681,-1.535,0.185,0.94
0.7397,7.3937,11.1037,-0.8119999999999999,-0.092,0.873
0.9477,7.601,11.5003,-0.993,0.371,1.007
1.0171,8.1768,11.3681,-1.986,0.65,1.0739999999999998
1.0171,8.4072,11.3681,-2.5280000000000005,0.836,1.141
0.9939,8.0847,11.1037,-2.076,0.7430000000000001,1.141
0.8784,7.5549,10.9715,-1.3539999999999999,0.371,1.0739999999999998
0.6241,7.0943,10.1784,-1.083,-0.185,0.94
0.601,7.1173,9.7818,-1.625,-0.185,0.94
0.601,7.2094,9.6497,-1.806,-0.27799999999999997,1.007
0.601,7.3476,9.7818,-1.986,-0.185,1.007
0.6703,7.0943,10.1784,-1.2640000000000002,0.0,0.94
0.9708,6.6797,11.1037,0.451,0.185,1.141
0.9708,6.7027,11.3681,0.27,0.27799999999999997,1.141
1.0633,5.8965,11.7647,2.076,0.185,0.94
1.3638,5.3437,13.6153,4.8759999999999994,0.46399999999999997,1.0739999999999998
1.3407,5.505,14.144,4.966,0.371,1.007
1.2713,5.5971,14.4084,5.147,0.092,1.007
1.2713,5.551,14.2762,5.056000000000001,0.27799999999999997,1.007
1.1095,5.3207,12.9543,3.792,0.0,1.0739999999999998
1.0633,4.4915,12.69,5.237,-0.46399999999999997,0.873
1.1095,3.2016,13.8797,8.217,-0.65,0.806
1.2251,3.0404,14.4084,8.939,-0.27799999999999997,0.806
1.2944,3.1555,14.6728,8.939,-0.092,0.738
1.2944,3.2707,14.6728,8.849,-0.185,0.873
1.2251,2.5106,14.2762,9.661999999999999,-0.185,0.806
1.1789,1.3129,14.0118,11.197,-0.65,0.604
1.0171,0.9213,13.6153,11.378,-0.7430000000000001,0.47
1.2251,1.0134,13.2187,10.565,-0.27799999999999997,0.604
1.2251,1.0134,13.2187,10.565,-0.27799999999999997,0.604
1.0402,0.691,12.4256,10.565,-0.836,0.403
0.8321,-0.1382,11.7647,11.015999999999998,-1.393,0.201
0.9708,-0.6449,11.5003,11.468,-1.115,0.134
1.0402,-0.737,11.6325,11.648,-1.022,0.201
0.9939,-1.0595,11.6325,12.010000000000002,-1.022,0.067
1.0171,-1.3589,11.3681,12.190000000000001,-1.115,-0.0
0.9015,-2.3263,10.1784,11.919,-1.393,-0.403
0.8321,-2.81,9.7818,12.190000000000001,-1.4860000000000002,-0.47
0.7628,-2.8561,9.6497,11.738999999999999,-1.672,-0.604
0.7628,-2.7409,9.5175,11.378,-1.5790000000000002,-0.403
0.7859,-2.8331,9.3853,11.378,-1.5790000000000002,-0.5369999999999999
0.8321,-3.1325,9.5175,12.1,-1.4860000000000002,-0.5369999999999999
0.9015,-3.8235,9.6497,13.274,-1.393,-0.671
0.9015,-3.8235,9.6497,13.274,-1.393,-0.671
0.9246,-4.3994,9.7818,13.815999999999999,-1.4860000000000002,-0.806
0.9246,-4.9522,9.7818,14.719,-1.393,-0.806
0.8552,-5.3207,9.5175,14.809000000000001,-1.393,-0.873
0.7628,-5.7123,9.6497,15.26,-1.4860000000000002,-0.94
0.7628,-5.7123,9.6497,15.26,-1.4860000000000002,-0.94
0.9477,-6.3111,10.7072,17.157,-1.207,-0.873
1.0864,-6.2651,11.5003,17.788999999999998,-0.9289999999999999,-0.604
1.1095,-6.3572,11.5003,17.879,-0.9289999999999999,-0.604
1.1326,-6.1269,11.1037,17.157,-0.9289999999999999,-0.403
0.8552,-5.3207,9.5175,13.995999999999999,-1.393,-0.134
0.7397,-4.9291,8.9887,12.822,-1.672,-0.134
0.601,-4.7218,8.7243,12.371,-1.8579999999999999,-0.067
0.5779,-4.837,9.2531,13.184000000000001,-1.8579999999999999,-0.201
0.8552,-5.2516,10.575,15.26,-1.393,-0.201
1.0402,-5.3668,11.1037,15.983,-1.022,-0.067
1.3176,-5.8965,11.7647,17.608,-0.46399999999999997,-0.201
1.41,-5.9656,11.2359,17.157,-0.371,0.134
1.3176,-5.8044,10.8393,16.525000000000002,-0.46399999999999997,0.201
0.9939,-5.5971,10.575,15.712,-1.022,0.067
0.7859,-5.528,10.575,15.802,-1.672,-0.067
0.7397,-5.4819,10.8393,15.802,-1.672,-0.0
0.809,-5.4128,11.1037,15.983,-1.672,-0.067
0.8784,-5.4359,11.2359,16.163,-1.393,-0.0
1.1558,-6.0117,10.8393,16.796,-0.9289999999999999,-0.067
1.202,-5.8735,10.575,16.253999999999998,-0.836,-0.0
1.0633,-5.6662,10.3106,15.712,-1.022,0.134
0.7859,-5.5741,10.3106,15.622,-1.672,-0.0
0.8552,-5.528,10.3106,15.350999999999999,-1.4860000000000002,-0.0
0.8552,-5.528,10.3106,15.350999999999999,-1.4860000000000002,-0.0
1.0171,-5.551,10.4428,15.441,-1.115,0.067
1.0633,-5.528,10.3106,15.530999999999999,-1.022,0.134
1.0633,-5.505,10.3106,15.441,-0.9289999999999999,0.067
0.9477,-5.4819,10.1784,15.26,-1.207,0.134
0.7859,-5.4359,10.0462,14.809000000000001,-1.4860000000000002,0.067
0.8552,-5.4128,10.0462,14.899000000000001,-1.393,0.067
0.9939,-5.5741,10.3106,15.622,-1.115,-0.0
0.9939,-5.5741,10.4428,15.622,-1.115,0.134
0.7397,-5.3207,9.6497,14.267000000000001,-1.672,0.067
0.6934,-5.2746,9.5175,14.087,-1.672,-0.067
0.7859,-5.3207,9.6497,14.267000000000001,-1.672,-0.134
0.9708,-5.528,10.1784,15.169999999999998,-1.207,0.067
1.0171,-5.5971,10.1784,15.622,-1.115,0.067
1.0402,-5.6432,10.3106,15.712,-1.115,0.134
1.0402,-5.6662,10.3106,15.712,-1.022,0.201
0.9939,-5.6662,10.1784,15.622,-1.207,0.268
0.8552,-5.4128,9.6497,14.448,-1.5790000000000002,0.201
0.9015,-5.3207,9.5175,14.267000000000001,-1.3,0.201
0.9246,-5.4589,9.914,14.990000000000002,-1.115,0.134
0.9939,-5.5971,10.3106,15.712,-1.207,0.201
1.0171,-5.7583,10.575,16.344,-1.115,0.134
1.1326,-5.7583,10.4428,15.983,-0.836,0.268
1.1095,-5.7814,10.4428,15.983,-0.9289999999999999,0.268
1.1095,-5.7814,10.4428,15.983,-0.9289999999999999,0.268
0.9939,-5.8505,10.7072,16.615,-1.207,0.134
1.1789,-6.0808,11.2359,17.337,-0.836,0.201
1.3407,-6.1729,11.5003,17.608,-0.46399999999999997,0.268
1.3176,-6.1729,11.3681,17.608,-0.65,0.335
0.9477,-6.0578,10.9715,17.157,-1.4860000000000002,0.335
0.5547,-6.0117,10.9715,16.886000000000003,-2.322,0.067
0.5779,-6.219,11.6325,17.788999999999998,-1.951,-0.067
0.9246,-6.2881,11.8968,18.421,-1.393,0.134
1.1095,-6.219,11.8968,17.97,-0.9289999999999999,0.268
1.0402,-6.1499,10.7072,16.434,-1.115,0.134
0.809,-5.505,9.2531,13.995999999999999,-1.4860000000000002,0.201
0.8552,-5.0213,8.46,12.190000000000001,-1.3,0.201
0.6934,-4.9291,8.46,12.280999999999999,-1.5790000000000002,0.134
0.6703,-5.1134,8.9887,13.274,-1.672,0.134
0.9477,-5.6662,10.7072,15.712,-1.022,0.067
1.3638,-6.1038,11.8968,17.518,-0.27799999999999997,0.134
1.5487,-6.6336,12.029,18.421,-0.092,0.134
1.4331,-6.6106,12.029,18.602,-0.185,0.268
1.4331,-6.6106,12.029,18.602,-0.185,0.268
1.0864,-6.5415,11.7647,18.15,-0.9289999999999999,0.201
0.9477,-6.6106,11.8968,18.240000000000002,-1.207,0.201
0.9708,-6.6566,12.1612,18.692,-1.207,0.134
1.1558,-6.5875,12.8222,19.414,-0.65,0.201
1.1789,-7.0021,13.2187,20.317,-0.65,0.067
1.2713,-7.3707,13.0865,20.948999999999998,-0.65,-0.067
1.3869,-7.4167,13.3509,20.948999999999998,-0.185,0.201
1.2251,-7.4167,13.3509,21.22,-0.46399999999999997,0.067
0.9708,-7.3246,13.0865,20.588,-1.022,0.067
0.9939,-7.1634,12.69,19.866,-0.9289999999999999,-0.0
0.7397,-6.0808,10.3106,15.441,-1.393,-0.0
0.7859,-5.9887,10.3106,15.441,-1.5790000000000002,0.067
0.8784,-6.1038,10.7072,15.983,-1.3,0.067
0.9246,-6.219,11.2359,16.796,-1.022,0.201
0.9015,-6.219,11.7647,17.337,-1.207,0.134
0.9708,-6.5184,12.5578,18.782,-0.9289999999999999,0.067
1.3407,-7.3476,13.0865,20.497999999999998,-0.27799999999999997,0.134
1.1789,-7.4628,13.2187,20.948999999999998,-0.65,0.067
1.0864,-7.4398,13.2187,21.04,-0.7430000000000001,0.067
1.0633,-7.3937,13.0865,20.588,-0.9289999999999999,-0.0
1.0402,-7.4398,13.2187,20.859,-0.9289999999999999,-0.0
0.9939,-7.5089,13.3509,21.22,-1.022,0.067
1.0864,-7.3476,12.8222,20.317,-0.7430000000000001,0.067
1.0864,-7.1864,12.2934,19.505,-0.7430000000000001,0.201
0.9015,-6.9561,12.029,18.421,-1.022,0.067
0.8552,-6.7948,11.7647,18.060000000000002,-1.207,-0.0
0.8784,-6.6566,11.3681,17.337,-1.115,0.067
0.8784,-6.6566,11.3681,17.337,-1.115,0.067
0.8784,-6.5645,11.1037,16.976,-1.207,0.201
0.9708,-6.4263,10.8393,16.434,-1.022,0.201
0.9708,-6.2651,10.575,15.892999999999999,-1.022,0.201
0.9015,-6.0117,10.0462,15.169999999999998,-1.115,0.134
0.809,-5.9887,9.914,14.899000000000001,-1.3,0.134
0.7397,-5.9196,9.914,14.899000000000001,-1.4860000000000002,0.067
0.5779,-5.9196,9.914,14.899000000000001,-1.765,0.067
0.5316,-6.0347,10.1784,15.350999999999999,-1.8579999999999999,-0.134
0.9477,-6.242,10.4428,15.892999999999999,-1.115,-0.0
1.41,-6.1729,10.575,15.622,0.0,0.335
1.2251,-6.1038,10.3106,15.350999999999999,-0.5569999999999999,0.335
0.9015,-5.9887,10.0462,15.08,-1.022,0.268
0.809,-5.7353,9.5175,13.906,-1.207,0.067
0.809,-5.7353,9.5175,13.906,-1.207,0.067
0.8552,-5.6201,9.2531,13.453999999999999,-1.207,0.268
0.6241,-5.4128,8.9887,13.003,-1.5790000000000002,0.067
0.601,-5.3207,8.8565,12.732000000000001,-1.5790000000000002,0.067
0.7859,-5.2977,8.8565,12.732000000000001,-1.115,0.067
0.9939,-5.3668,9.1209,13.003,-0.9289999999999999,0.201
0.9939,-5.528,9.2531,13.453999999999999,-1.022,0.268
0.6472,-5.551,9.3853,13.635,-1.672,-0.0
0.6241,-5.6201,9.6497,13.906,-1.672,-0.067
0.7165,-5.6892,9.7818,14.177,-1.5790000000000002,-0.0
1.41,-5.7814,10.3106,14.899000000000001,-0.092,0.268
1.2482,-5.9656,10.575,15.441,-0.46399999999999997,0.335
1.1326,-6.0578,10.575,15.712,-0.7430000000000001,0.268
1.3407,-6.3342,11.2359,17.067,-0.27799999999999997,0.335
1.3407,-6.3342,11.2359,17.067,-0.27799999999999997,0.335
1.1789,-6.2881,10.9715,16.434,-0.65,0.335
0.9939,-6.2651,10.9715,16.344,-1.207,0.268
1.0402,-6.3111,11.1037,16.615,-0.9289999999999999,0.335
1.202,-6.4263,11.6325,17.247,-0.65,0.134
1.3176,-6.7257,12.029,18.331,-0.371,0.268
1.3176,-6.7718,12.029,18.511,-0.371,0.268
1.2482,-6.6797,11.6325,17.879,-0.5569999999999999,0.403
1.202,-6.6336,11.3681,17.427999999999997,-0.5569999999999999,0.403
0.9246,-6.8179,12.029,18.602,-1.207,-0.0
1.0171,-6.9791,12.4256,19.143,-0.9289999999999999,0.067
1.202,-7.0712,12.5578,19.234,-0.7430000000000001,0.201
1.3407,-7.0252,12.2934,19.234,-0.27799999999999997,0.335
1.3407,-6.9561,11.8968,18.511,-0.27799999999999997,0.335
0.9246,-6.5184,10.9715,16.796,-1.207,0.134
0.9246,-6.5184,10.9715,16.796,-1.207,0.134
0.7628,-6.3572,10.7072,16.253999999999998,-1.4860000000000002,0.067
0.6241,-6.2651,10.575,16.073,-1.672,0.067
0.6241,-6.3342,10.9715,16.886000000000003,-1.207,-0.0
1.0864,-6.5875,11.5003,17.518,-0.7430000000000001,0.067
1.202,-6.7718,11.7647,18.060000000000002,-0.65,0.268
1.202,-6.7718,11.7647,18.060000000000002,-0.65,0.268
1.0171,-6.6336,11.3681,17.518,-0.836,0.134
0.9015,-6.5645,11.2359,16.976,-1.3,0.134
0.6934,-6.5645,11.2359,17.067,-1.4860000000000002,0.067
0.6703,-6.7718,11.7647,18.060000000000002,-1.5790000000000002,-0.0
0.809,-6.8409,11.8968,18.331,-1.4860000000000002,-0.0
1.0864,-6.7257,11.5003,17.608,-0.836,0.134
1.0633,-6.4724,10.7072,16.344,-0.9289999999999999,0.201
0.9477,-6.3342,10.575,15.892999999999999,-1.115,0.201
0.8552,-6.2881,10.575,15.983,-1.3,0.134
0.7397,-6.1499,10.3106,15.350999999999999,-1.3,0.134
0.6472,-5.9656,10.1784,14.899000000000001,-1.765,0.067
0.5316,-5.9656,10.1784,14.899000000000001,-1.8579999999999999,-0.0
0.7165,-6.0347,10.3106,15.08,-1.5790000000000002,-0.0
0.9246,-6.0117,10.3106,14.990000000000002,-1.022,0.134
1.3407,-5.8735,10.0462,14.357,-0.185,0.47
1.1326,-5.7583,9.5175,14.087,-0.5569999999999999,0.403
0.3467,-5.528,9.2531,13.364,-2.23,-0.0
0.1386,-5.4128,9.1209,13.003,-2.508,-0.067
0.4392,-5.3207,8.8565,12.822,-1.8579999999999999,-0.0
0.8552,-5.4128,9.1209,13.003,-1.115,0.067
1.2251,-5.528,9.3853,13.453999999999999,-0.27799999999999997,0.268
1.2713,-5.5741,9.7818,13.815999999999999,-0.185,0.403
1.0633,-5.8505,10.0462,14.357,-0.7430000000000001,0.335
1.0864,-5.9887,10.3106,15.169999999999998,-0.65,0.268
1.0864,-5.9887,10.3106,15.169999999999998,-0.65,0.268
1.2944,-6.0578,10.1784,15.08,-0.371,0.403
1.2251,-5.9887,10.0462,14.899000000000001,-0.371,0.5369999999999999
0.8552,-5.8965,9.7818,14.628,-1.207,0.335
0.6934,-5.8505,9.6497,14.448,-1.4860000000000002,0.201
0.9015,-5.9196,10.0462,14.719,-0.9289999999999999,0.201
1.1558,-5.9887,10.4428,15.08,-0.65,0.335
1.2251,-6.0578,10.575,15.530999999999999,-0.46399999999999997,0.268
1.3407,-6.219,10.7072,15.802,-0.371,0.335
1.2251,-6.2881,10.8393,16.073,-0.5569999999999999,0.335
0.9939,-6.3802,11.1037,16.525000000000002,-1.022,0.268
0.9939,-6.3802,11.1037,16.525000000000002,-1.022,0.268
1.0633,-6.4493,11.1037,16.615,-0.9289999999999999,0.201
1.202,-6.4724,11.1037,16.796,-0.5569999999999999,0.201
1.2944,-6.6106,11.6325,17.427999999999997,-0.371,0.268
1.3638,-6.7718,12.029,17.97,-0.185,0.335
1.3176,-6.7718,12.029,18.15,-0.27799999999999997,0.335
1.2482,-6.8409,12.029,18.240000000000002,-0.46399999999999997,0.268
1.1326,-7.0712,12.2934,18.873,-0.7430000000000001,0.134
1.1095,-7.0712,12.4256,18.963,-0.65,0.134
1.0402,-6.8409,11.7647,17.879,-0.836,0.335
1.0402,-6.6797,11.6325,17.427999999999997,-1.022,0.335
1.0633,-6.7948,11.7647,17.97,-0.9289999999999999,0.134
1.0864,-7.0712,12.5578,19.143,-0.836,-0.0
1.1095,-7.1403,12.69,19.234,-0.65,-0.0
1.1326,-7.1634,12.69,19.234,-0.5569999999999999,-0.0
1.202,-7.1634,12.69,19.143,-0.5569999999999999,0.067
1.0171,-7.2094,12.5578,19.414,-1.022,0.134
1.0402,-7.3246,12.8222,19.776,-0.836,0.067
1.0864,-7.4628,13.0865,20.317,-0.7430000000000001,0.134
1.0864,-7.4628,13.0865,20.317,-0.7430000000000001,0.134
1.1095,-7.5319,13.2187,20.497999999999998,-0.836,0.201
1.0402,-7.3707,12.5578,19.776,-0.836,0.134
0.9015,-7.1173,11.7647,18.331,-1.115,0.067
0.809,-7.0021,11.5003,17.97,-1.393,0.067
0.601,-6.7718,11.2359,17.067,-1.672,0.067
0.809,-6.5875,10.9715,16.615,-1.3,0.134
0.9708,-6.4954,10.9715,16.434,-1.115,0.268
0.7397,-6.6566,11.5003,17.337,-1.672,0.067
0.5547,-6.8179,11.7647,18.060000000000002,-1.951,-0.134
0.4392,-6.7718,11.8968,18.15,-2.23,-0.134
0.5085,-6.8179,11.8968,18.15,-1.951,-0.201
0.7628,-6.9561,11.7647,18.240000000000002,-1.4860000000000002,-0.067
0.9477,-6.9561,11.8968,18.15,-1.115,0.067
1.1789,-6.91,11.8968,17.788999999999998,-0.7430000000000001,0.134
1.0402,-6.9561,11.7647,17.879,-0.9289999999999999,0.201
0.7165,-6.8179,11.7647,17.608,-1.5790000000000002,-0.067
1.2251,-6.91,12.1612,18.060000000000002,-0.46399999999999997,0.134
1.5256,-6.9791,12.4256,18.421,0.27799999999999997,0.268
1.2251,-7.1864,12.69,19.234,-0.46399999999999997,0.201
1.1326,-7.2094,12.5578,19.234,-0.65,0.134
0.9477,-7.2094,12.2934,19.143,-1.207,0.067
1.202,-7.2094,12.4256,19.143,-0.7430000000000001,0.201
1.3407,-7.1634,12.4256,18.873,-0.371,0.268
0.9246,-7.0252,11.8968,18.511,-1.115,0.134
0.8321,-7.0021,11.7647,18.331,-1.393,0.067
0.9015,-6.9791,11.7647,18.240000000000002,-1.115,0.134
1.2713,-6.7948,11.5003,17.247,-0.46399999999999997,0.335
1.4331,-6.6336,11.2359,16.796,-0.185,0.47
1.3176,-6.5415,11.1037,16.344,-0.371,0.403
1.1789,-6.5415,10.9715,16.344,-0.65,0.403
1.0402,-6.4954,10.8393,16.253999999999998,-0.9289999999999999,0.268
0.7628,-6.3572,10.4428,15.712,-1.393,0.134
0.7628,-6.242,10.3106,15.169999999999998,-1.393,0.134
0.9708,-6.1038,10.1784,14.628,-0.9289999999999999,0.201
1.1095,-6.1269,10.3106,14.990000000000002,-0.65,0.335
1.0171,-6.1038,10.1784,14.990000000000002,-0.836,0.268
0.8784,-5.9887,10.0462,14.448,-1.115,0.134
0.8552,-6.0117,10.0462,14.448,-1.115,0.134
0.9015,-6.1269,10.4428,15.169999999999998,-1.022,0.201
0.9015,-6.196,10.4428,15.441,-1.022,0.067
0.9246,-6.219,10.4428,15.441,-1.022,0.134
1.0402,-6.0808,10.1784,14.809000000000001,-0.65,0.268
1.0633,-6.0578,10.1784,14.719,-0.7430000000000001,0.268
1.0633,-6.1269,10.3106,14.990000000000002,-0.7430000000000001,0.335
0.9939,-6.0578,10.0462,14.719,-0.836,0.335
0.9477,-5.9887,9.914,14.177,-1.022,0.335
0.8552,-5.8505,9.7818,13.995999999999999,-1.3,0.134
0.8552,-5.9887,10.0462,14.628,-1.115,-0.0
0.9939,-6.0578,10.1784,14.809000000000001,-0.836,0.268
1.0171,-6.0347,10.0462,14.628,-0.7430000000000001,0.134
1.0402,-5.9656,10.0462,14.357,-0.836,0.268
0.9246,-5.9196,10.0462,14.357,-1.022,0.201
0.9246,-6.0347,10.1784,14.719,-1.022,0.134
0.9477,-6.0347,10.1784,14.719,-1.022,0.134
0.9708,-6.0808,10.3106,14.809000000000001,-0.836,0.134
1.1326,-6.0347,10.1784,14.719,-0.7430000000000001,0.47
1.0402,-5.9656,9.914,14.267000000000001,-0.9289999999999999,0.335
0.9477,-5.9887,9.914,14.357,-1.022,0.268
0.9708,-6.0808,10.4428,14.899000000000001,-0.9289999999999999,0.201
0.9939,-6.1729,10.575,15.26,-0.836,0.268
1.0402,-6.196,10.4428,15.169999999999998,-0.836,0.403
1.0402,-6.1269,10.3106,14.899000000000001,-0.7430000000000001,0.47
1.0402,-5.9887,10.0462,14.448,-0.9289999999999999,0.403
0.9477,-5.8505,9.5175,13.545,-0.836,0.403
0.8784,-5.7583,9.3853,13.364,-1.207,0.335
0.809,-5.7123,9.2531,13.364,-1.3,0.201
0.7628,-5.6662,9.2531,13.184000000000001,-1.207,0.134
0.8321,-5.505,8.9887,12.642,-1.207,0.268
0.8784,-5.4819,9.1209,12.551000000000002,-1.022,0.201
0.9015,-5.4589,8.9887,12.461,-0.9289999999999999,0.201
0.9246,-5.4359,8.8565,12.371,-0.9289999999999999,0.201
0.9246,-5.3668,8.8565,12.190000000000001,-0.9289999999999999,0.335
0.9246,-5.3898,8.8565,12.280999999999999,-0.9289999999999999,0.201
0.9015,-5.4128,8.9887,12.551000000000002,-1.115,0.335
0.9015,-5.4128,8.9887,12.551000000000002,-1.115,0.335
0.9708,-5.3898,8.9887,12.461,-0.9289999999999999,0.268
0.9477,-5.3668,8.8565,12.190000000000001,-0.9289999999999999,0.335
0.9477,-5.2977,8.8565,12.1,-0.9289999999999999,0.268
0.9477,-5.2516,8.7243,11.829,-1.022,0.335
0.9477,-5.2516,8.7243,11.829,-1.022,0.335
0.9015,-5.4128,9.1209,12.551000000000002,-1.022,0.268
0.9246,-5.528,9.2531,13.274,-1.022,0.201
1.0171,-5.6892,9.5175,13.545,-0.7430000000000001,0.268
1.0402,-5.6432,9.3853,13.364,-0.9289999999999999,0.335
1.0633,-5.4819,8.9887,12.732000000000001,-0.836,0.268
0.9939,-5.5741,9.2531,13.093,-0.9289999999999999,0.268
0.9939,-5.7123,9.7818,13.725000000000001,-0.9289999999999999,0.201
1.0402,-5.8274,10.0462,14.177,-1.022,0.268
1.1326,-5.9887,10.3106,14.628,-0.7430000000000001,0.201
1.1789,-6.0578,10.7072,15.169999999999998,-0.5569999999999999,0.201
1.2251,-6.4263,10.9715,16.253999999999998,-0.65,0.335
1.202,-6.4263,10.9715,16.253999999999998,-0.65,0.268
1.202,-6.4033,11.1037,16.253999999999998,-0.65,0.268
1.202,-6.3802,10.8393,16.073,-0.65,0.134
1.1326,-6.3111,10.7072,15.622,-0.7430000000000001,0.201
1.0633,-6.2881,10.7072,15.441,-0.836,-0.0
1.0633,-6.4033,10.9715,16.163,-0.836,0.201
1.0633,-6.4493,11.1037,16.344,-0.836,0.201
0.9939,-6.3111,10.7072,15.712,-1.207,0.201
0.9015,-6.1269,10.3106,14.899000000000001,-1.207,0.134
0.9015,-6.1269,10.3106,14.899000000000001,-1.207,0.134
0.9477,-6.1038,10.1784,14.719,-1.207,0.201
0.9015,-6.0808,10.3106,14.990000000000002,-1.115,0.067
0.9477,-6.0808,10.1784,14.899000000000001,-1.022,0.201
1.0402,-6.0117,10.1784,14.628,-1.022,0.268
1.0633,-5.9656,10.0462,14.538,-0.836,0.335
0.9477,-5.8505,10.0462,14.177,-1.022,0.268
0.9246,-5.8505,9.914,14.087,-1.115,0.201
0.8784,-5.8735,9.914,14.267000000000001,-1.115,0.134
0.9246,-6.196,10.575,15.350999999999999,-1.022,0.201
1.0402,-6.4033,10.9715,16.253999999999998,-0.836,0.201
1.1326,-6.4493,11.1037,16.344,-0.7430000000000001,0.268
1.202,-6.4724,10.9715,16.344,-0.5569999999999999,0.335
1.1326,-6.4493,11.1037,16.344,-0.836,0.268
1.0402,-6.4724,11.1037,16.615,-1.022,0.201
0.9246,-6.6106,11.5003,17.067,-1.207,0.134
0.9939,-6.6797,11.7647,17.427999999999997,-1.022,0.134
1.1558,-6.887,12.1612,18.331,-0.7430000000000001,0.134
1.202,-6.9561,12.2934,18.511,-0.5569999999999999,0.134
1.1558,-7.0712,12.4256,18.782,-0.65,0.268
1.0171,-7.1403,12.2934,18.963,-0.836,0.201
0.9477,-7.1864,12.2934,18.963,-1.115,0.067
1.0171,-7.1634,12.4256,19.053,-0.9289999999999999,0.067
1.0402,-7.1403,12.1612,18.873,-0.9289999999999999,0.067
0.9939,-7.0252,12.029,18.15,-0.9289999999999999,0.134
0.8321,-6.8639,11.7647,17.699,-1.3,0.134
0.7859,-6.6566,11.5003,16.976,-1.3,0.067
0.7859,-6.6566,11.5003,16.976,-1.3,0.067
0.8321,-6.5645,11.2359,16.615,-1.3,0.134
0.8784,-6.4493,10.8393,16.073,-1.022,0.134
0.8784,-6.4263,10.8393,15.892999999999999,-1.115,0.067
0.8784,-6.4033,10.7072,15.802,-1.3,0.134
0.8784,-6.4033,10.7072,15.802,-1.3,0.134
0.8552,-6.3572,10.7072,15.622,-1.3,0.134
0.9015,-6.3342,10.575,15.530999999999999,-1.115,0.134
0.7165,-6.1038,10.1784,14.538,-1.5790000000000002,0.067
0.7165,-6.1038,10.1784,14.538,-1.5790000000000002,0.067
0.4854,-6.0347,10.0462,14.357,-1.8579999999999999,-0.067
0.9939,-6.0347,10.0462,14.448,-0.836,0.201
1.3638,-6.0117,10.1784,14.357,-0.092,0.47
1.0171,-5.9887,10.0462,14.267000000000001,-0.836,0.403
0.5547,-5.9196,9.914,14.267000000000001,-1.8579999999999999,0.134
0.3236,-5.8274,9.7818,13.995999999999999,-2.137,-0.0
1.0633,-5.8274,9.5175,13.635,-0.836,0.201
1.3176,-5.6662,9.3853,13.093,-0.185,0.403
0.9939,-5.6201,9.1209,12.912999999999998,-0.9289999999999999,0.403
0.6472,-5.4128,8.8565,12.371,-1.672,0.134
0.809,-5.4359,8.8565,12.280999999999999,-1.207,0.268
1.1326,-5.4359,8.9887,12.551000000000002,-0.65,0.268
0.8321,-5.5741,9.2531,13.003,-1.3,0.335
0.4623,-5.5971,9.6497,13.545,-2.044,-0.0
0.8321,-5.7123,9.914,13.815999999999999,-1.115,0.134
1.41,-6.0808,10.4428,14.899000000000001,-0.185,0.47
1.3176,-6.196,10.575,15.350999999999999,-0.27799999999999997,0.47
1.2713,-6.242,10.7072,15.530999999999999,-0.46399999999999997,0.47
1.1789,-6.2881,10.7072,15.530999999999999,-0.5569999999999999,0.403
1.1095,-6.2881,10.7072,15.441,-0.7430000000000001,0.403
1.1095,-6.2881,10.4428,14.809000000000001,-1.022,0.201
0.9477,-6.1729,10.4428,14.809000000000001,-1.022,0.201
0.9477,-6.1499,10.3106,14.719,-1.022,0.134
1.0402,-6.1269,10.3106,14.628,-0.836,0.268
1.2251,-6.1038,10.3106,14.719,-0.46399999999999997,0.335
1.0864,-6.2881,10.575,15.441,-0.836,0.403
1.0864,-6.3342,10.7072,15.622,-0.836,0.403
1.0864,-6.5184,11.1037,16.434,-0.836,0.201
1.0633,-6.5184,11.1037,16.434,-0.836,0.201
1.0633,-6.5415,11.1037,16.434,-0.836,0.134
1.1095,-6.4954,10.9715,16.163,-0.836,0.201
1.1558,-6.4493,10.8393,15.892999999999999,-0.65,0.335
1.2251,-6.4724,11.1037,16.253999999999998,-0.5569999999999999,0.403
1.3407,-6.6106,11.3681,16.886000000000003,-0.46399999999999997,0.47
1.202,-6.933,12.1612,18.15,-0.836,0.201
0.9246,-7.0252,12.029,18.331,-1.393,0.268
0.7165,-7.0252,12.029,18.331,-1.672,-0.0
0.9477,-7.0482,11.7647,17.97,-1.3,0.134
1.0171,-7.0482,12.029,18.060000000000002,-1.115,0.134
1.0171,-7.0712,12.1612,18.15,-1.115,0.134
0.9708,-7.2094,12.4256,18.782,-1.115,0.134
1.202,-7.3016,12.69,19.234,-0.5569999999999999,0.201
1.5256,-7.4628,13.2187,19.866,0.0,0.403
1.3638,-7.5089,13.2187,20.046,-0.371,0.201
1.202,-7.5089,13.2187,20.046,-0.7430000000000001,0.134
1.0633,-7.5319,13.0865,19.866,-0.9289999999999999,0.067
0.9939,-7.2785,12.4256,18.873,-1.115,0.134
0.9477,-7.1864,12.2934,18.421,-1.022,0.134
0.9939,-7.0943,12.1612,18.15,-1.115,0.134
1.0864,-7.0943,12.4256,18.15,-0.836,0.201
1.1326,-7.1403,12.4256,18.511,-0.7430000000000001,0.201
0.9939,-7.3937,12.69,19.414,-0.836,0.201
0.9708,-7.3707,12.5578,19.234,-1.022,0.201
0.9939,-7.3707,12.4256,19.053,-0.9289999999999999,0.067
0.9708,-7.1634,12.029,18.060000000000002,-1.022,0.134
0.9477,-7.1173,11.8968,17.97,-1.115,0.134
0.9477,-7.0943,12.029,18.060000000000002,-1.115,0.067
0.9246,-7.1173,12.029,18.060000000000002,-1.115,0.134
0.9939,-7.0943,12.1612,18.060000000000002,-0.9289999999999999,0.134
1.0402,-7.0943,12.1612,18.15,-0.836,0.134
0.9246,-6.9791,11.8968,17.427999999999997,-1.207,0.268
0.8552,-6.91,11.7647,17.337,-1.3,0.268
0.809,-6.91,11.6325,17.247,-1.3,0.201
0.9015,-6.8639,11.8968,17.427999999999997,-1.022,0.201
0.9708,-6.91,11.8968,17.518,-0.9289999999999999,0.201
1.0171,-6.8639,11.8968,17.427999999999997,-0.836,0.201
1.0171,-6.8639,11.8968,17.427999999999997,-0.836,0.201
0.9015,-6.6106,11.1037,16.163,-1.022,0.268
0.7628,-6.5875,11.1037,15.983,-1.4860000000000002,0.134
0.7628,-6.5875,11.1037,15.983,-1.4860000000000002,0.134
0.5316,-6.6106,11.1037,16.253999999999998,-1.8579999999999999,-0.0
0.9015,-6.7948,11.7647,17.067,-1.207,-0.0
1.2713,-6.8639,11.8968,17.247,-0.371,0.134
1.4331,-6.91,12.029,17.518,-0.092,0.268
0.5316,-6.4954,10.575,15.530999999999999,-1.8579999999999999,0.067
0.5316,-6.4954,10.575,15.530999999999999,-1.8579999999999999,0.067
0.5085,-6.4263,10.575,15.26,-1.8579999999999999,-0.067
0.8552,-6.3572,10.575,15.26,-1.207,0.067
1.2944,-6.1499,10.0462,14.357,-0.27799999999999997,0.403
1.1789,-6.1038,10.1784,14.357,-0.46399999999999997,0.47
1.1558,-6.1038,10.1784,14.538,-0.5569999999999999,0.403
1.1789,-6.1269,10.1784,14.357,-0.5569999999999999,0.403
1.1095,-6.0808,9.914,13.995999999999999,-0.65,0.403
1.0171,-5.9887,9.914,13.906,-0.7430000000000001,0.403
0.9015,-5.9426,9.7818,13.815999999999999,-1.207,0.268
0.809,-5.9426,9.6497,13.635,-1.207,0.201
1.0633,-5.7814,9.3853,13.184000000000001,-0.836,0.268
1.0864,-5.5741,9.1209,12.732000000000001,-0.65,0.335
1.0633,-5.6201,9.2531,12.642,-0.836,0.335
1.0402,-5.7583,9.5175,13.184000000000001,-0.7430000000000001,0.403
1.0171,-5.9196,9.6497,13.815999999999999,-0.9289999999999999,0.403
0.9939,-6.0578,10.1784,14.357,-0.9289999999999999,0.403
1.1789,-6.242,10.7072,15.169999999999998,-0.5569999999999999,0.335
1.2713,-6.2881,10.7072,15.169999999999998,-0.46399999999999997,0.335
1.2944,-6.196,10.575,14.809000000000001,-0.371,0.403
1.2251,-6.1499,10.4428,14.628,-0.46399999999999997,0.335
1.1558,-6.196,10.4428,14.719,-0.65,0.335
1.0864,-6.3802,10.8393,15.622,-0.7430000000000001,0.201
1.0633,-6.4493,10.9715,15.802,-0.836,0.134
1.1326,-6.3572,10.7072,15.350999999999999,-0.7430000000000001,0.335
1.0402,-6.1729,10.4428,14.628,-0.836,0.47
1.0171,-6.0808,10.1784,14.538,-0.9289999999999999,0.335
0.9477,-6.0808,10.1784,14.357,-1.115,0.268
0.9477,-6.0808,10.1784,14.357,-1.115,0.268
0.9246,-6.0117,10.1784,14.087,-1.115,0.268
0.9708,-6.0117,10.1784,14.177,-1.115,0.335
1.0402,-6.1038,10.3106,14.448,-0.836,0.268
1.0864,-6.1729,10.4428,14.628,-0.7430000000000001,0.403
1.0402,-6.1269,10.1784,14.267000000000001,-1.022,0.403
0.9708,-6.0578,10.0462,14.177,-0.9289999999999999,0.268
0.9015,-6.0808,10.1784,14.177,-1.115,0.201
0.8552,-6.3111,10.575,15.169999999999998,-1.3,0.268
1.0633,-6.5184,11.1037,15.983,-0.836,0.134
1.1326,-6.5184,11.2359,16.163,-0.65,0.201
1.1095,-6.4724,11.1037,16.073,-0.7430000000000001,0.201
1.0633,-6.4493,10.9715,15.802,-0.7430000000000001,0.268
0.9939,-6.4724,10.9715,15.892999999999999,-1.022,0.268
1.0171,-6.6106,11.3681,16.525000000000002,-1.022,0.268
1.1326,-6.7488,11.6325,16.886000000000003,-0.7430000000000001,0.134
1.202,-6.7257,11.3681,16.705000000000002,-0.65,0.201
1.1789,-6.5645,10.9715,15.892999999999999,-0.836,0.201
1.0402,-6.4954,10.8393,15.622,-0.9289999999999999,0.134
0.8321,-6.4724,10.8393,15.622,-1.3,0.134
0.8321,-6.4493,10.8393,15.712,-1.4860000000000002,0.134
0.8321,-6.4493,10.8393,15.712,-1.4860000000000002,0.134
0.9477,-6.3111,10.575,15.08,-1.022,0.134
0.9708,-6.219,10.3106,14.719,-0.9289999999999999,0.268
0.8784,-5.8735,9.5175,13.635,-1.3,0.335
0.8784,-5.8735,9.5175,13.635,-1.3,0.335
0.7859,-5.8965,9.7818,13.815999999999999,-1.3,0.201
0.8784,-6.0578,10.1784,14.267000000000001,-1.115,0.134
0.9708,-6.1269,10.1784,14.448,-1.115,0.201
1.1095,-6.0808,9.914,14.087,-0.7430000000000001,0.403
1.0864,-5.9426,9.5175,13.545,-0.7430000000000001,0.335
0.9246,-5.6662,8.9887,12.732000000000001,-0.9289999999999999,0.335
0.7397,-5.505,8.8565,12.280999999999999,-1.3,0.335
0.7397,-5.505,8.9887,12.461,-1.3,0.201
0.8552,-5.6892,9.5175,13.184000000000001,-1.207,0.335
0.9708,-5.8274,9.914,13.815999999999999,-1.022,0.268
1.1789,-5.9887,10.0462,14.177,-0.5569999999999999,0.268
1.202,-5.9426,10.0462,13.995999999999999,-0.5569999999999999,0.335
1.1095,-5.8044,9.5175,13.274,-0.65,0.403
1.0171,-5.7814,9.3853,13.274,-0.9289999999999999,0.403
0.8552,-5.7353,9.2531,13.184000000000001,-1.207,0.268
0.8321,-5.7814,9.3853,13.274,-1.207,0.201
0.9015,-5.8044,9.6497,13.545,-1.207,0.268
1.0633,-5.8505,9.6497,13.635,-0.7430000000000001,0.335
1.1558,-5.8505,9.6497,13.545,-0.5569999999999999,0.335
1.0171,-5.8274,9.5175,13.635,-0.836,0.403
0.9708,-5.8505,9.5175,13.453999999999999,-0.836,0.335
0.9708,-5.7583,9.3853,13.364,-1.115,0.335
1.0171,-5.6892,9.2531,13.003,-0.836,0.268
1.0171,-5.6432,9.1209,12.822,-0.836,0.335
1.0402,-5.6662,9.2531,12.912999999999998,-0.836,0.403
0.9708,-5.7123,9.2531,13.274,-1.022,0.335
0.9015,-5.6892,9.3853,13.274,-1.207,0.268
0.8784,-5.6201,9.1209,13.003,-1.115,0.335
0.8784,-5.505,8.9887,12.642,-1.022,0.403
0.8784,-5.4359,8.8565,12.280999999999999,-0.9289999999999999,0.268
0.9477,-5.6201,9.2531,13.184000000000001,-1.022,0.335
0.9939,-5.7353,9.5175,13.364,-0.9289999999999999,0.201
1.0402,-5.9887,10.0462,14.267000000000001,-0.7430000000000001,0.201
1.0633,-6.0808,10.3106,14.719,-0.7430000000000001,0.268
0.9708,-6.242,10.4428,14.990000000000002,-1.022,0.201
0.9477,-6.196,10.3106,14.899000000000001,-1.022,0.201
0.9708,-6.196,10.3106,14.899000000000001,-1.022,0.201
0.9708,-6.242,10.575,15.169999999999998,-1.022,0.268
1.0171,-6.4263,10.9715,15.802,-1.022,0.201
1.0633,-6.5645,11.1037,16.253999999999998,-0.836,0.201
1.1095,-6.5415,11.1037,16.253999999999998,-0.7430000000000001,0.201
1.1326,-6.4954,11.1037,16.163,-0.65,0.335
1.1095,-6.4724,10.8393,15.892999999999999,-0.7430000000000001,0.268
0.9708,-6.4033,10.7072,15.622,-1.022,0.268
0.9477,-6.4033,10.7072,15.530999999999999,-1.115,0.134
0.8784,-6.3342,10.575,15.26,-1.207,0.201
0.9708,-6.3111,10.575,15.169999999999998,-1.022,0.201
1.0402,-6.3802,10.7072,15.441,-0.9289999999999999,0.134
1.0864,-6.4493,10.9715,15.892999999999999,-0.836,0.201
1.1095,-6.6797,11.3681,16.796,-0.65,0.201
1.0864,-6.7488,11.5003,16.886000000000003,-0.836,0.201
1.0171,-6.7718,11.6325,16.796,-1.022,0.201
0.9708,-6.8179,11.6325,16.886000000000003,-1.207,0.201
0.9708,-6.8639,11.7647,17.247,-1.022,0.134
0.9477,-6.91,11.7647,17.247,-1.115,0.067
0.9477,-6.933,11.7647,17.518,-1.115,0.134
1.0171,-6.9791,11.8968,17.337,-1.022,0.134
1.0864,-6.9791,12.029,17.518,-0.836,0.201
1.0402,-6.9561,11.8968,17.427999999999997,-1.022,0.268
1.0171,-6.7948,11.6325,16.976,-1.115,0.201
0.9939,-6.7027,11.3681,16.705000000000002,-0.9289999999999999,0.201
0.9708,-6.6797,11.2359,16.344,-1.115,0.201
0.8784,-6.5184,10.9715,15.802,-1.3,0.268
0.8784,-6.5184,10.9715,15.802,-1.3,0.268
0.809,-6.4493,10.7072,15.441,-1.4860000000000002,0.201
0.9015,-6.3342,10.4428,15.08,-1.115,0.201
0.9246,-6.1269,10.1784,14.177,-1.115,0.134
0.9246,-6.0117,9.914,13.815999999999999,-1.115,0.201
0.9477,-5.8965,9.5175,13.274,-1.022,0.201
0.9477,-5.7353,9.3853,13.003,-1.115,0.335
0.9246,-5.7123,9.3853,13.003,-1.115,0.268
0.9246,-5.6432,9.2531,12.822,-1.115,0.201
0.9246,-5.6432,9.2531,12.822,-1.115,0.201
0.9246,-5.6432,9.1209,12.642,-1.022,0.201
0.9015,-5.5971,8.9887,12.642,-1.022,0.268
0.809,-5.8274,9.5175,13.364,-1.393,0.134
0.809,-5.8274,9.5175,13.364,-1.393,0.134
1.0402,-5.8965,9.7818,13.635,-0.836,0.201
1.0633,-5.9426,9.914,13.815999999999999,-0.836,0.335
1.0633,-5.9426,9.914,13.815999999999999,-0.836,0.335
1.0633,-6.1038,10.1784,14.357,-0.9289999999999999,0.335
1.0171,-6.3572,10.7072,15.26,-0.9289999999999999,0.201
1.1095,-6.4724,10.9715,15.712,-0.65,0.268
1.202,-6.5645,11.1037,16.073,-0.65,0.268
1.202,-6.6336,11.2359,16.344,-0.65,0.268
1.1326,-6.8639,11.7647,16.886000000000003,-0.7430000000000001,0.134
1.1326,-6.8639,11.7647,16.886000000000003,-0.7430000000000001,0.134
1.1558,-7.0712,12.1612,17.699,-0.7430000000000001,0.201
1.2251,-7.1864,12.5578,18.060000000000002,-0.65,0.268
1.2251,-7.1173,12.2934,17.788999999999998,-0.5569999999999999,0.268
1.202,-7.0482,12.029,17.427999999999997,-0.65,0.268
0.9939,-6.9561,11.8968,17.337,-1.022,0.201
0.9939,-6.9561,11.8968,17.337,-1.022,0.201
0.8784,-6.91,11.7647,17.157,-1.393,0.134
0.8784,-6.8639,11.6325,16.886000000000003,-1.3,0.201
0.9246,-6.7948,11.6325,16.705000000000002,-1.207,0.134
0.9246,-6.7948,11.6325,16.705000000000002,-1.207,0.134
1.0633,-6.6566,11.2359,16.073,-0.9289999999999999,0.134
0.9477,-6.4724,10.575,15.26,-1.022,0.201
0.7628,-6.0117,9.6497,13.725000000000001,-1.393,0.134
0.7628,-5.9426,9.3853,13.364,-1.4860000000000002,0.201
0.8784,-5.8735,9.5175,13.274,-1.207,0.201
0.8784,-5.8735,9.5175,13.274,-1.207,0.201
0.9477,-5.9656,9.914,13.725000000000001,-1.022,0.134
1.0402,-5.9656,9.6497,13.545,-0.7430000000000001,0.335
1.0402,-5.9656,9.5175,13.453999999999999,-0.7430000000000001,0.403
0.9477,-6.0117,9.914,13.815999999999999,-1.115,0.268
0.8552,-6.1269,10.0462,14.267000000000001,-1.207,0.201
0.8784,-6.196,10.1784,14.538,-1.207,0.201
0.9939,-6.2881,10.4428,14.899000000000001,-0.9289999999999999,0.201
1.0633,-6.2881,10.4428,14.809000000000001,-0.836,0.201
1.0633,-6.1729,10.1784,14.448,-0.7430000000000001,0.201
1.0633,-6.1729,10.1784,14.448,-0.7430000000000001,0.201
0.9939,-6.1269,10.1784,14.267000000000001,-0.9289999999999999,0.067
0.9246,-6.1729,10.4428,14.448,-1.022,0.067
0.9015,-6.3111,10.575,14.719,-1.115,0.067
0.9939,-6.4263,10.7072,15.26,-1.115,0.134
1.1095,-6.4724,10.8393,15.530999999999999,-0.65,0.134
1.1558,-6.5415,11.1037,15.802,-0.65,0.201
1.1326,-6.7718,11.3681,16.525000000000002,-0.7430000000000001,0.134
1.0864,-6.8639,11.7647,16.976,-0.836,0.134
1.1095,-6.9561,11.8968,17.157,-0.836,0.201
1.1789,-6.9791,12.1612,17.427999999999997,-0.7430000000000001,0.134
1.1558,-6.9561,11.7647,17.067,-0.836,0.134
1.0864,-6.933,11.7647,16.976,-0.836,0.201
0.9708,-6.8639,11.6325,16.976,-1.022,0.201
0.9708,-6.8409,11.3681,16.796,-1.207,0.268
0.9477,-6.7948,11.6325,16.796,-1.207,0.134
1.0171,-6.8409,11.8968,16.976,-1.022,0.201
1.1095,-6.887,11.8968,16.976,-0.65,0.134
1.2482,-6.9791,11.8968,17.157,-0.5569999999999999,0.268
1.202,-6.9791,11.6325,17.067,-0.65,0.403
1.0864,-6.91,11.3681,16.796,-0.836,0.268
1.0402,-6.8639,11.5003,16.796,-0.9289999999999999,0.201
0.9939,-6.8639,11.6325,16.705000000000002,-0.9289999999999999,0.134
0.9939,-7.0252,11.7647,17.247,-1.115,0.067
1.0633,-7.0252,11.8968,17.337,-1.022,0.067
1.1558,-6.9561,11.7647,16.886000000000003,-0.7430000000000001,0.268
1.1558,-6.8639,11.3681,16.525000000000002,-0.7430000000000001,0.134
1.1558,-6.8179,11.2359,16.434,-0.7430000000000001,0.335
0.9477,-6.7027,11.1037,15.892999999999999,-1.115,0.201
0.9246,-6.6336,10.8393,15.712,-1.3,0.201
0.9939,-6.6106,10.7072,15.441,-1.022,0.201
0.9939,-6.4263,10.3106,14.899000000000001,-1.115,0.268
0.9708,-6.3111,10.1784,14.538,-1.022,0.335
0.8321,-6.1269,9.914,13.725000000000001,-1.4860000000000002,0.201
0.7628,-6.0808,9.7818,13.635,-1.393,0.201
0.7397,-6.0578,9.914,13.635,-1.393,0.201
0.7628,-6.0578,9.7818,13.725000000000001,-1.393,0.201
0.809,-6.0808,9.914,13.725000000000001,-1.4860000000000002,0.134
0.9477,-6.0117,9.6497,13.453999999999999,-1.022,0.201
0.9477,-5.8505,9.2531,12.822,-1.022,0.268
0.9015,-5.8274,9.2531,12.732000000000001,-1.207,0.268
0.7859,-5.7814,9.2531,12.551000000000002,-1.3,0.134
0.6703,-5.7353,9.2531,12.732000000000001,-1.393,0.201
0.6703,-5.7353,9.2531,12.732000000000001,-1.393,0.201
0.6703,-5.6432,9.1209,12.280999999999999,-1.5790000000000002,0.067
0.8321,-5.551,8.9887,12.010000000000002,-1.207,0.067
1.0864,-5.528,8.8565,11.829,-0.836,0.268
1.1095,-5.5741,8.9887,12.1,-0.65,0.201
1.1095,-5.5741,8.9887,12.1,-0.65,0.201
1.0402,-5.5971,9.1209,12.280999999999999,-0.836,0.268
0.9477,-5.551,8.9887,12.371,-0.836,0.335
1.0402,-5.5971,8.9887,12.010000000000002,-0.836,0.268
1.0402,-5.5971,8.9887,12.010000000000002,-0.836,0.268
0.9708,-5.505,8.8565,11.829,-0.9289999999999999,0.201
0.9477,-5.505,8.8565,11.738999999999999,-1.022,0.268
0.9477,-5.505,8.8565,11.829,-0.9289999999999999,0.335
0.9939,-5.505,8.8565,12.010000000000002,-0.9289999999999999,0.268
0.9939,-5.505,8.8565,12.010000000000002,-0.9289999999999999,0.268
1.0171,-5.6892,9.2531,12.371,-0.9289999999999999,0.201
1.1789,-6.0347,9.7818,13.635,-0.7430000000000001,0.335
1.1789,-6.0347,9.7818,13.635,-0.7430000000000001,0.335
1.1558,-6.0117,9.7818,13.545,-0.7430000000000001,0.403
1.0864,-5.9656,9.6497,13.364,-0.7430000000000001,0.268
1.0171,-6.0347,9.7818,13.635,-1.022,0.335
1.0633,-6.0578,10.0462,13.725000000000001,-0.9289999999999999,0.268
1.0864,-6.0578,10.1784,13.815999999999999,-0.836,0.201
1.1326,-6.1038,10.1784,13.906,-0.7430000000000001,0.268
1.1326,-6.219,10.4428,14.448,-0.7430000000000001,0.268
1.1095,-6.2881,10.4428,14.448,-0.836,0.201
1.0633,-6.1499,10.1784,14.087,-0.7430000000000001,0.201
0.9708,-6.0347,9.914,13.725000000000001,-1.022,0.201
0.9477,-6.0347,9.914,13.725000000000001,-1.115,0.067
0.9246,-6.0808,9.914,13.725000000000001,-1.207,0.201
0.9708,-6.0347,9.914,13.815999999999999,-1.115,0.134
0.9939,-6.0117,9.7818,13.364,-1.022,0.134
1.0633,-5.8735,9.3853,13.003,-0.9289999999999999,0.268
0.9246,-5.8735,9.3853,13.093,-1.3,0.134
0.9015,-5.9196,9.6497,13.364,-1.393,0.201
0.7859,-6.0117,9.914,13.725000000000001,-1.4860000000000002,0.067
0.8784,-6.1269,10.0462,13.995999999999999,-1.393,0.067
0.9708,-6.1729,10.3106,14.267000000000001,-1.115,0.134
1.0171,-6.3342,10.4428,14.628,-0.9289999999999999,0.067
1.0633,-6.3802,10.4428,14.809000000000001,-0.9289999999999999,0.134
1.0402,-6.3572,10.4428,14.719,-1.022,0.134
1.0402,-6.3802,10.4428,14.628,-0.9289999999999999,0.201
1.0633,-6.3572,10.4428,14.538,-0.9289999999999999,0.134
1.1095,-6.4033,10.4428,14.809000000000001,-0.836,0.201
0.9708,-6.4954,10.7072,15.169999999999998,-1.115,0.201
0.7628,-6.4493,10.575,14.990000000000002,-1.672,0.067
0.7859,-6.219,10.1784,14.448,-1.4860000000000002,0.067
0.8552,-6.1729,10.0462,13.995999999999999,-1.393,0.067
0.8321,-6.0347,9.7818,13.545,-1.393,0.134
0.6703,-5.9426,9.7818,13.364,-1.672,0.067
0.809,-6.0117,9.914,13.635,-1.4860000000000002,-0.0
1.0633,-6.1269,10.1784,14.087,-0.836,-0.0
1.1558,-6.4493,10.8393,15.169999999999998,-0.65,0.134
1.1326,-6.5875,10.9715,15.622,-0.7430000000000001,0.134
1.202,-6.7027,11.2359,16.073,-0.7430000000000001,0.134
1.2251,-6.7488,11.3681,16.163,-0.5569999999999999,0.134
1.2944,-6.6336,10.9715,15.622,-0.46399999999999997,0.335
1.202,-6.5875,10.9715,15.622,-0.65,0.201
0.9708,-6.5645,10.8393,15.350999999999999,-1.022,0.201
0.9246,-6.5184,10.7072,15.26,-1.3,0.067
0.9939,-6.4724,10.7072,15.08,-1.207,0.067
1.1095,-6.4263,10.7072,14.899000000000001,-0.9289999999999999,0.134
1.1095,-6.4263,10.7072,14.809000000000001,-0.836,0.201
1.0864,-6.4724,10.7072,14.990000000000002,-0.9289999999999999,0.268
1.0171,-6.4493,10.7072,14.990000000000002,-1.022,0.134
0.9246,-6.4033,10.4428,14.628,-1.115,0.201
0.9015,-6.2881,10.3106,14.448,-1.115,0.134
0.8552,-6.196,10.1784,14.177,-1.393,0.134
0.8321,-6.0808,10.0462,13.725000000000001,-1.393,0.134
0.809,-5.9887,9.7818,13.453999999999999,-1.3,0.201
0.8321,-6.0117,9.914,13.364,-1.207,0.134
1.0171,-6.242,10.3106,14.267000000000001,-1.022,0.134
1.0633,-6.4033,10.575,14.719,-0.9289999999999999,0.134
1.0633,-6.4033,10.575,14.719,-0.9289999999999999,0.134
1.1095,-6.4724,10.575,14.990000000000002,-0.836,0.201
1.0171,-6.3802,10.4428,14.538,-0.9289999999999999,0.201
0.9708,-6.2651,10.1784,14.177,-1.115,0.201
0.9246,-6.196,10.0462,13.906,-1.393,0.134
0.9015,-6.219,10.1784,14.267000000000001,-1.207,0.134
0.9477,-6.3802,10.575,14.719,-1.115,0.067
1.0171,-6.5875,11.1037,15.441,-0.9289999999999999,0.067
1.0864,-6.6106,11.1037,15.712,-0.836,0.067
1.1095,-6.6336,11.1037,15.802,-0.836,0.067
1.1095,-6.5875,10.9715,15.350999999999999,-0.7430000000000001,0.134
1.0864,-6.5415,10.8393,15.26,-0.836,0.134
1.0171,-6.4954,10.8393,15.169999999999998,-1.115,0.134
1.0171,-6.4954,10.8393,15.169999999999998,-1.115,0.134
1.0402,-6.5184,10.8393,15.08,-0.9289999999999999,0.201
1.0864,-6.4954,10.8393,15.08,-0.9289999999999999,0.134
1.1326,-6.4954,10.8393,15.08,-0.7430000000000001,0.134
1.0402,-6.4954,10.7072,15.08,-1.022,0.201
0.9477,-6.4033,10.4428,14.628,-1.115,0.134
0.9015,-6.3572,10.4428,14.538,-1.207,0.134
0.9246,-6.2881,10.1784,14.267000000000001,-1.115,0.134
0.9246,-6.2881,10.1784,14.267000000000001,-1.115,0.134
0.9708,-6.2651,10.1784,14.267000000000001,-1.115,0.134
0.9708,-6.242,10.3106,14.177,-1.022,0.134
0.9708,-6.242,10.3106,14.177,-1.022,0.134
1.0171,-6.242,10.3106,14.267000000000001,-1.022,0.134
1.0171,-6.242,10.3106,14.267000000000001,-1.022,0.134
1.0402,-6.2651,10.3106,14.177,-0.9289999999999999,0.134
1.0402,-6.219,10.1784,14.177,-1.115,0.201
0.8784,-6.0808,9.914,13.635,-1.207,0.134
0.8552,-6.1038,9.914,13.545,-1.393,0.067
0.8784,-6.1269,10.0462,13.725000000000001,-1.207,0.134
0.9477,-6.1729,10.1784,13.995999999999999,-1.207,0.134
0.9708,-6.1729,10.3106,14.087,-1.115,0.134
0.9939,-6.1729,10.1784,13.995999999999999,-1.022,0.134
1.0171,-6.1269,10.1784,13.635,-1.022,0.134
0.9939,-6.0808,9.914,13.545,-1.115,0.134
0.8784,-5.9887,9.6497,13.184000000000001,-1.115,0.067
0.8321,-6.0578,9.914,13.635,-1.207,0.134
0.9015,-6.1269,10.1784,13.906,-1.207,0.201
0.9477,-6.1729,10.4428,14.087,-1.115,0.201
1.0633,-6.3572,10.8393,14.719,-0.9289999999999999,0.201
1.0633,-6.4954,10.9715,15.26,-0.9289999999999999,0.134
1.0633,-6.4954,10.9715,15.26,-0.9289999999999999,0.134
1.0864,-6.6106,11.2359,15.622,-0.836,0.201
1.0402,-6.6106,11.1037,15.530999999999999,-0.9289999999999999,0.134
1.1789,-6.6566,11.3681,15.892999999999999,-0.7430000000000001,0.201
1.1789,-6.6566,11.3681,15.892999999999999,-0.7430000000000001,0.201
1.202,-6.91,11.7647,16.525000000000002,-0.5569999999999999,0.134
1.2944,-7.0021,12.029,16.886000000000003,-0.5569999999999999,0.201
1.2944,-7.0021,12.029,16.886000000000003,-0.5569999999999999,0.201
1.202,-6.933,11.6325,16.615,-0.7430000000000001,0.268
1.0402,-6.887,11.6325,16.434,-0.9289999999999999,0.067
1.0402,-6.887,11.6325,16.434,-0.9289999999999999,0.067
0.9708,-6.933,11.8968,16.615,-1.393,0.067
0.9708,-6.9561,11.8968,16.525000000000002,-1.3,0.067
0.9708,-6.91,11.8968,16.525000000000002,-1.3,0.067
1.1326,-6.91,11.6325,16.344,-0.7430000000000001,0.134
1.1326,-6.91,11.6325,16.344,-0.7430000000000001,0.134
1.1326,-6.91,11.7647,16.434,-0.836,0.067
1.0171,-6.8639,11.5003,16.344,-1.207,0.134
0.9708,-6.8639,11.6325,16.253999999999998,-1.3,0.134
1.1095,-6.9791,12.1612,16.886000000000003,-1.022,0.134
1.1095,-6.9791,12.1612,16.886000000000003,-1.022,0.134
1.1326,-7.0482,12.1612,16.976,-0.836,0.067
1.1326,-6.933,11.7647,16.525000000000002,-0.836,0.201
1.1326,-6.7718,11.5003,16.163,-0.836,0.134
1.1095,-6.6797,11.3681,15.712,-0.9289999999999999,0.201
1.0633,-7.0021,12.4256,17.157,-1.022,0.134
1.1095,-6.9791,12.5578,17.518,-0.9289999999999999,0.201
1.0864,-6.6566,12.4256,16.796,-0.9289999999999999,0.268
1.1558,-7.1173,12.1612,17.157,-0.836,0.134
1.1326,-7.1634,12.2934,17.337,-0.9289999999999999,0.201
1.0171,-7.1403,12.029,17.247,-1.3,0.201
1.0171,-7.1403,12.029,17.247,-1.3,0.201
0.9939,-6.9791,11.8968,16.705000000000002,-1.207,0.201
1.1095,-6.9561,12.029,16.615,-0.836,0.067
1.1789,-7.2094,12.5578,17.699,-0.9289999999999999,0.201
1.202,-7.3476,12.5578,18.060000000000002,-0.7430000000000001,0.201
1.2251,-7.0943,11.8968,16.886000000000003,-0.5569999999999999,0.134
1.1095,-7.0482,11.7647,16.705000000000002,-0.836,0.201
1.1095,-7.0482,11.7647,16.705000000000002,-0.836,0.201
0.8552,-7.1634,12.2934,17.608,-1.393,-0.0
0.9708,-7.2094,12.4256,17.699,-1.393,-0.067
1.0864,-7.2325,12.4256,17.699,-0.9289999999999999,0.067
1.1789,-7.2325,12.4256,17.788999999999998,-0.7430000000000001,0.134
1.2251,-7.3707,12.4256,18.060000000000002,-0.7430000000000001,0.201
1.1326,-7.2325,12.1612,17.699,-0.836,0.201
1.0633,-7.1403,11.8968,17.247,-0.9289999999999999,0.134
0.9708,-7.0252,11.7647,16.796,-1.3,0.134
0.8552,-6.9561,11.6325,16.525000000000002,-1.393,0.067
0.8784,-7.0021,11.7647,16.796,-1.393,0.134
0.9939,-6.9561,11.7647,16.525000000000002,-0.9289999999999999,0.134
1.0402,-6.7718,11.2359,15.802,-1.022,0.134
0.9246,-6.4954,10.575,14.809000000000001,-1.3,0.134
0.9246,-6.4954,10.575,14.809000000000001,-1.3,0.134
0.7628,-6.1729,10.0462,13.725000000000001,-1.5790000000000002,0.201
0.6934,-5.8735,9.6497,13.093,-1.672,0.067
0.6934,-5.8735,9.6497,13.093,-1.672,0.067
0.7859,-5.4819,8.8565,11.738999999999999,-1.3,0.201
0.7859,-5.4819,8.8565,11.738999999999999,-1.3,0.201
0.6472,-5.4589,8.7243,11.648,-1.672,0.201
0.6472,-5.4589,8.7243,11.648,-1.672,0.201
0.6703,-5.528,8.9887,12.1,-1.672,0.201
0.601,-5.6432,9.2531,12.461,-1.8579999999999999,0.201
0.3236,-5.7123,9.3853,12.732000000000001,-2.508,0.067
0.9477,-5.8274,9.6497,12.822,-1.207,0.067
0.9477,-5.8274,9.6497,12.822,-1.207,0.067
0.9015,-5.8044,9.5175,12.822,-1.4860000000000002,0.067
0.6703,-5.7123,9.2531,12.371,-1.5790000000000002,0.134
1.202,-5.6662,9.3853,12.280999999999999,-0.5569999999999999,0.201
1.5718,-5.551,9.6497,12.010000000000002,0.27799999999999997,0.5369999999999999
0.9477,-5.5971,9.2531,12.190000000000001,-1.022,0.201
0.9477,-5.5971,9.2531,12.190000000000001,-1.022,0.201
1.0171,-5.7583,9.5175,12.642,-1.022,0.134
1.2713,-6.0808,10.575,13.995999999999999,-0.65,0.335
1.0633,-5.9426,10.0462,13.364,-1.022,0.201
1.2251,-6.1038,10.3106,13.725000000000001,-0.7430000000000001,0.268
1.2251,-6.1038,10.3106,13.725000000000001,-0.7430000000000001,0.268
1.1789,-6.2881,10.7072,14.448,-0.65,0.201
1.0171,-6.3572,11.1037,14.899000000000001,-1.022,0.067
1.3638,-6.3572,11.3681,15.08,-0.371,0.403
1.3869,-6.4493,11.3681,15.26,-0.27799999999999997,0.268
1.2482,-6.7257,11.5003,15.892999999999999,-0.5569999999999999,0.201
1.3176,-6.7257,11.5003,15.983,-0.371,0.201
1.2944,-6.6106,11.2359,15.350999999999999,-0.5569999999999999,0.335
1.0402,-6.4493,10.7072,14.809000000000001,-1.207,0.201
0.9939,-6.5415,10.8393,14.990000000000002,-1.115,0.134
0.9939,-6.5415,10.8393,14.990000000000002,-1.115,0.134
1.1326,-6.5645,11.3681,15.441,-0.7430000000000001,0.134
1.2251,-6.6106,11.3681,15.441,-0.5569999999999999,0.268
1.2482,-6.5875,11.2359,15.441,-0.46399999999999997,0.335
1.2482,-6.5875,11.2359,15.441,-0.46399999999999997,0.335
1.2251,-6.7027,11.2359,15.712,-0.5569999999999999,0.268
1.0402,-6.8409,11.6325,16.253999999999998,-1.022,0.134
1.0402,-6.8409,11.6325,16.253999999999998,-1.022,0.134
0.9246,-7.0252,11.7647,16.705000000000002,-1.115,0.134
0.9477,-7.0021,12.029,16.705000000000002,-1.115,0.067
0.9708,-6.9561,11.8968,16.434,-1.3,0.067
1.0864,-6.8639,11.3681,15.892999999999999,-0.836,0.201
1.1095,-6.8409,11.3681,15.892999999999999,-0.836,0.201
1.1095,-6.8179,11.3681,15.892999999999999,-0.836,0.134
1.0402,-6.7948,11.2359,15.802,-0.9289999999999999,0.268
0.9246,-6.6106,10.8393,15.08,-1.3,0.134
0.9708,-6.5184,10.8393,14.990000000000002,-1.022,0.134
0.9708,-6.5645,10.9715,15.08,-1.207,0.067
0.8321,-6.196,10.0462,13.815999999999999,-1.393,0.134
0.8321,-6.196,10.0462,13.815999999999999,-1.393,0.134
0.8321,-5.9426,9.3853,12.822,-1.3,0.134
0.8321,-5.9426,9.5175,12.912999999999998,-1.3,0.201
0.8552,-6.0578,9.914,13.364,-1.3,0.201
0.8552,-6.1269,10.1784,13.906,-1.3,0.134
0.9015,-6.1499,10.1784,13.906,-1.207,0.134
0.9246,-6.1499,10.1784,13.725000000000001,-1.115,0.067
0.9015,-6.1038,10.0462,13.635,-1.207,0.067
0.9015,-6.1038,10.0462,13.635,-1.207,0.067
0.7397,-6.0347,9.7818,13.364,-1.393,0.067
0.5085,-5.9426,9.914,13.364,-1.8579999999999999,-0.067
0.7165,-6.0347,10.0462,13.453999999999999,-1.393,-0.0
1.2944,-6.0578,10.0462,13.725000000000001,-0.27799999999999997,0.268
0.9708,-5.9196,9.7818,13.003,-1.022,0.134
0.9708,-5.9196,9.6497,12.912999999999998,-1.022,-0.0
1.202,-6.0117,10.3106,13.635,-0.46399999999999997,-0.0
1.2251,-6.0347,10.4428,13.815999999999999,-0.46399999999999997,0.067
0.7859,-5.9656,9.7818,13.093,-1.5790000000000002,-0.0
0.809,-5.9656,9.6497,12.822,-1.3,0.067
0.9708,-5.9887,9.6497,13.274,-0.9289999999999999,0.134
1.1326,-6.1499,10.3106,14.087,-0.5569999999999999,0.201
0.9015,-6.1729,10.3106,14.087,-1.115,0.134
0.9246,-6.1269,10.1784,13.995999999999999,-1.115,0.134
1.0402,-6.1038,10.1784,13.635,-0.9289999999999999,0.134
1.0402,-6.1269,10.1784,13.635,-0.836,0.201
0.9477,-6.1269,10.0462,13.815999999999999,-1.022,0.134
0.9015,-6.196,10.1784,13.815999999999999,-1.207,0.067
1.1326,-5.9426,9.5175,13.184000000000001,-0.65,0.201
1.1789,-5.8505,9.3853,12.551000000000002,-0.46399999999999997,0.268
0.7397,-5.6662,9.1209,12.280999999999999,-1.3,0.134
0.4854,-5.6662,9.2531,12.371,-1.8579999999999999,0.067
0.7165,-5.7583,9.3853,12.642,-1.4860000000000002,0.067
1.3638,-5.7353,9.5175,12.461,-0.092,0.403
1.202,-5.8505,9.6497,12.822,-0.46399999999999997,0.268
1.1095,-5.8274,9.5175,12.642,-0.65,0.268
1.0633,-5.7814,9.3853,12.461,-0.836,0.268
0.9477,-5.6662,9.1209,12.280999999999999,-1.022,0.268
0.7628,-5.6432,9.2531,12.280999999999999,-1.207,0.067
0.7397,-5.7123,9.2531,12.280999999999999,-1.3,0.067
1.1326,-5.8044,9.5175,12.551000000000002,-0.836,0.201
1.202,-5.7583,9.5175,12.551000000000002,-0.65,0.268
1.1326,-5.9426,9.6497,13.093,-0.65,0.201
1.1789,-6.0808,10.3106,13.815999999999999,-0.46399999999999997,0.268
1.1326,-6.219,10.575,14.357,-0.65,0.134
0.9708,-6.1038,10.3106,13.545,-1.115,0.134
0.9939,-6.0808,9.7818,13.274,-0.9289999999999999,0.134
1.0633,-6.0808,9.7818,13.274,-0.7430000000000001,0.134
1.0633,-6.2881,10.575,14.267000000000001,-0.7430000000000001,0.134
1.0633,-6.2881,10.575,14.267000000000001,-0.7430000000000001,0.134
0.9939,-6.219,10.4428,13.995999999999999,-1.022,0.134
0.9708,-6.0578,9.914,13.364,-0.836,0.201
1.0633,-6.0808,10.0462,13.453999999999999,-0.836,0.201
1.0171,-6.196,10.3106,13.725000000000001,-1.022,0.067
0.9939,-6.4493,10.8393,14.899000000000001,-1.022,0.134
1.0171,-6.4493,10.8393,14.899000000000001,-0.9289999999999999,0.134
1.1326,-6.4033,10.7072,14.538,-0.7430000000000001,0.268
1.202,-6.242,10.4428,13.995999999999999,-0.46399999999999997,0.268
0.9939,-6.196,10.3106,13.725000000000001,-0.9289999999999999,0.201
0.8552,-6.2651,10.4428,14.087,-1.207,0.134
0.8552,-6.4033,10.7072,14.628,-1.3,0.134
0.9246,-6.4493,10.9715,14.899000000000001,-1.115,0.134
1.0402,-6.4493,10.7072,14.538,-0.9289999999999999,0.134
1.0402,-6.4724,10.8393,14.628,-0.836,0.134
1.0864,-6.5645,10.8393,14.990000000000002,-0.7430000000000001,0.134
1.1558,-6.6797,11.2359,15.26,-0.65,0.134
0.9939,-6.6797,10.9715,15.169999999999998,-0.9289999999999999,0.067
0.9246,-6.6336,10.9715,15.08,-1.115,0.134
0.9246,-6.5875,10.9715,14.990000000000002,-1.115,0.134
0.9939,-6.5645,10.9715,14.990000000000002,-1.022,0.067
1.0402,-6.5875,10.9715,14.990000000000002,-0.9289999999999999,-0.0
1.1095,-6.5415,11.1037,14.990000000000002,-0.65,0.067
1.1326,-6.4954,10.9715,14.719,-0.7430000000000001,0.268
1.1095,-6.5415,10.9715,14.899000000000001,-0.7430000000000001,0.201
1.0633,-6.5645,10.9715,14.990000000000002,-0.7430000000000001,0.134
1.0633,-6.5645,10.9715,14.990000000000002,-0.7430000000000001,0.134
1.0402,-6.3342,10.575,14.357,-0.7430000000000001,0.201
0.9708,-6.196,10.4428,13.725000000000001,-1.022,0.134
0.9708,-6.196,10.4428,13.725000000000001,-1.022,0.134
0.8552,-6.0808,10.0462,13.274,-1.115,0.201
0.9015,-6.1729,10.4428,13.815999999999999,-1.115,0.067
0.9708,-6.3572,10.575,14.267000000000001,-1.022,0.134
1.0633,-6.4493,10.7072,14.448,-0.836,0.201
1.1326,-6.4263,10.575,14.448,-0.65,0.134
1.0633,-6.3342,10.4428,14.177,-0.7430000000000001,0.067
0.9708,-6.196,10.0462,13.725000000000001,-0.9289999999999999,0.134
0.8784,-5.9887,9.6497,12.912999999999998,-1.022,0.134
0.8321,-5.9426,9.5175,12.551000000000002,-1.3,0.134
0.8321,-5.8965,9.5175,12.461,-1.207,0.067
0.8784,-5.8965,9.5175,12.732000000000001,-1.115,0.067
0.9477,-5.9426,9.6497,12.822,-0.9289999999999999,0.067
1.0171,-5.9196,9.6497,12.822,-0.7430000000000001,0.134
1.1095,-5.9196,9.7818,12.822,-0.5569999999999999,0.268
1.1326,-5.9426,9.7818,12.822,-0.5569999999999999,0.201
1.0864,-5.9426,9.7818,12.912999999999998,-0.65,0.201
1.0864,-5.9887,9.7818,13.003,-0.65,0.268
0.9939,-6.0347,9.914,13.184000000000001,-0.9289999999999999,0.201
1.0402,-6.0578,10.0462,13.364,-0.9289999999999999,0.134
1.0633,-6.1499,10.0462,13.545,-0.7430000000000001,0.201
1.0633,-6.2651,10.4428,13.995999999999999,-0.836,0.134
1.0633,-6.3572,10.575,14.177,-0.7430000000000001,0.134
1.1095,-6.3111,10.4428,13.995999999999999,-0.7430000000000001,0.134
1.0864,-6.219,10.3106,13.815999999999999,-0.7430000000000001,0.134
1.0633,-6.242,10.3106,13.815999999999999,-0.836,0.201
1.0171,-6.3572,10.575,14.267000000000001,-0.9289999999999999,0.134
1.1095,-6.3802,10.7072,14.357,-0.836,0.134
1.1326,-6.3802,10.7072,14.267000000000001,-0.7430000000000001,0.134
1.0864,-6.4033,10.8393,14.267000000000001,-0.7430000000000001,0.201
0.9708,-6.4724,10.9715,14.628,-1.022,0.067
0.9708,-6.4724,10.9715,14.628,-1.022,0.067
0.9246,-6.4954,11.1037,14.809000000000001,-1.022,0.067
1.1095,-6.5875,11.2359,14.899000000000001,-0.65,0.067
1.3176,-6.6797,11.3681,15.26,-0.27799999999999997,0.067
1.3407,-6.7027,11.5003,15.350999999999999,-0.27799999999999997,0.201
1.3176,-6.7027,11.6325,15.530999999999999,-0.27799999999999997,0.134
1.2713,-6.7257,11.6325,15.530999999999999,-0.27799999999999997,0.067
1.2251,-6.91,11.8968,16.073,-0.5569999999999999,0.134
1.3638,-6.9561,12.029,16.344,-0.27799999999999997,0.201
0.9708,-7.0252,12.1612,16.525000000000002,-1.207,-0.0
0.601,-6.933,11.7647,16.434,-1.951,-0.067
0.8321,-6.7948,11.5003,15.802,-1.5790000000000002,0.134
0.9708,-6.8179,11.5003,15.712,-1.022,0.067
0.9939,-6.7718,11.6325,15.712,-0.9289999999999999,0.067
0.8321,-6.6566,11.2359,15.350999999999999,-1.393,-0.0
0.8784,-6.5184,11.1037,14.899000000000001,-1.207,0.067
0.9939,-6.4263,10.8393,14.267000000000001,-0.836,0.201
0.9708,-6.1729,10.1784,13.364,-0.9289999999999999,0.201
0.9708,-6.1729,10.1784,13.364,-0.9289999999999999,0.201
0.9015,-6.196,10.4428,13.545,-1.115,0.067
0.8784,-6.2881,10.575,13.906,-1.115,0.067
1.0171,-6.5184,10.8393,14.628,-1.022,0.134
0.9708,-6.5415,10.9715,14.719,-1.022,0.067
0.9708,-6.5415,10.9715,14.719,-1.022,0.067
1.2482,-6.5415,10.9715,14.448,-0.371,0.201
1.3176,-6.4493,10.8393,14.357,-0.185,0.335
1.1326,-6.3342,10.575,13.815999999999999,-0.5569999999999999,0.134
0.9477,-6.2881,10.3106,13.635,-1.115,0.201
0.8321,-6.3572,10.7072,13.906,-1.3,-0.0
1.1095,-6.4954,11.1037,14.538,-0.7430000000000001,0.134
1.1558,-6.5184,10.9715,14.448,-0.5569999999999999,0.134
1.202,-6.4493,10.8393,14.177,-0.5569999999999999,0.067
1.1789,-6.3802,10.575,13.995999999999999,-0.46399999999999997,0.134
0.9708,-6.219,10.4428,13.453999999999999,-0.9289999999999999,0.134
0.9015,-6.1729,10.0462,13.184000000000001,-1.115,0.134
0.8552,-6.1269,9.914,13.003,-1.115,-0.0
0.8784,-6.0347,9.7818,12.822,-1.115,-0.0
0.9246,-5.9196,9.7818,12.642,-0.9289999999999999,0.067
0.8784,-5.9426,9.7818,12.551000000000002,-1.115,0.067
0.8784,-5.9196,9.7818,12.732000000000001,-1.022,-0.0
0.9246,-5.8965,9.6497,12.551000000000002,-1.022,0.067
0.9246,-5.8965,9.5175,12.371,-1.022,0.067
0.8784,-5.8274,9.3853,12.190000000000001,-1.022,-0.0
0.8784,-5.8044,9.3853,12.1,-1.022,-0.0
0.8321,-5.7123,9.2531,11.829,-1.115,0.067
0.7628,-5.6662,9.2531,11.558,-1.3,-0.0
0.5547,-5.5741,9.1209,11.378,-1.672,-0.134
0.7859,-5.7583,9.3853,12.010000000000002,-1.115,-0.067
1.2713,-5.8735,9.914,12.551000000000002,-0.27799999999999997,0.067
1.4563,-5.8965,10.1784,12.732000000000001,0.0,0.335
1.0633,-5.9426,9.914,12.642,-0.65,0.134
0.7859,-5.9656,10.0462,12.822,-1.4860000000000002,-0.067
0.7165,-6.0578,10.3106,13.274,-1.4860000000000002,-0.067
0.8784,-6.1729,10.575,13.545,-1.115,-0.067
1.2944,-6.3342,10.8393,13.906,-0.185,0.134
1.4563,-6.3342,10.9715,14.177,0.0,0.268
1.2713,-6.4724,11.1037,14.448,-0.371,0.134
1.2713,-6.5875,11.3681,14.719,-0.27799999999999997,0.134
1.41,-6.7257,11.6325,15.350999999999999,-0.092,0.201
1.4563,-6.6797,11.5003,15.08,0.0,0.335
1.3638,-6.5415,11.2359,14.628,-0.371,0.335
1.3638,-6.5415,11.2359,14.628,-0.371,0.335
0.8784,-6.4033,10.7072,13.995999999999999,-1.115,0.067
0.7397,-6.4033,10.8393,14.087,-1.5790000000000002,-0.0
0.7628,-6.5184,11.1037,14.628,-1.4860000000000002,-0.134
1.1095,-6.6797,11.3681,14.899000000000001,-0.65,0.067
1.1095,-6.6797,11.3681,14.899000000000001,-0.65,0.067
1.2713,-6.4493,10.8393,14.177,-0.185,0.201
1.1558,-6.4033,10.7072,14.087,-0.5569999999999999,0.134
0.9477,-6.3342,10.575,13.906,-0.836,0.134
0.9477,-6.3342,10.575,13.906,-0.836,0.134
0.7165,-6.2651,10.575,13.545,-1.4860000000000002,-0.067
0.9015,-6.3572,10.8393,13.906,-1.207,0.067
1.0402,-6.4263,11.1037,14.177,-0.7430000000000001,-0.0
1.2713,-6.5875,11.3681,14.719,-0.371,0.134
1.2482,-6.6336,11.3681,14.990000000000002,-0.27799999999999997,0.134
1.1095,-6.6797,11.5003,15.169999999999998,-0.7430000000000001,0.134
0.9708,-6.6797,11.5003,15.169999999999998,-1.022,0.134
0.809,-6.6106,11.3681,14.899000000000001,-1.393,-0.0
0.8784,-6.6566,11.3681,14.990000000000002,-1.207,-0.0
1.0171,-6.6797,11.5003,15.08,-0.9289999999999999,-0.0
1.202,-6.7718,11.6325,15.441,-0.5569999999999999,-0.0
1.202,-6.8179,11.6325,15.441,-0.5569999999999999,0.067
1.1095,-6.7948,11.5003,15.441,-0.7430000000000001,0.067
1.0633,-6.7027,11.3681,14.990000000000002,-0.836,0.067
1.0864,-6.7027,11.3681,15.169999999999998,-0.7430000000000001,0.067
1.1095,-6.7488,11.3681,15.26,-0.7430000000000001,0.134
1.0633,-6.6566,11.2359,14.990000000000002,-0.65,0.134
1.0171,-6.6106,11.1037,14.809000000000001,-0.9289999999999999,0.201
0.9477,-6.5645,10.9715,14.628,-0.9289999999999999,0.201
0.9015,-6.5184,11.1037,14.538,-1.022,-0.0
1.0402,-6.7027,11.3681,15.169999999999998,-0.9289999999999999,-0.0
1.0171,-6.7488,11.3681,15.350999999999999,-0.836,-0.0
1.0402,-6.7027,11.3681,14.990000000000002,-0.836,-0.0
1.0402,-6.6106,11.2359,14.809000000000001,-0.836,-0.0
1.0171,-6.5415,10.9715,14.448,-0.836,-0.0
1.0171,-6.5645,11.2359,14.628,-0.7430000000000001,-0.067
1.0171,-6.6797,11.5003,14.990000000000002,-0.7430000000000001,-0.067
1.0402,-6.7257,11.5003,15.26,-0.836,-0.0
1.0402,-6.7488,11.6325,15.350999999999999,-0.836,-0.0
1.0633,-6.4954,10.8393,14.357,-0.836,0.067
1.0633,-6.4954,10.8393,14.357,-0.836,0.067
0.9939,-6.219,10.4428,13.364,-0.836,0.067
1.1095,-6.5184,11.1037,14.448,-0.65,0.067
1.2713,-6.5184,11.5003,14.809000000000001,-0.27799999999999997,0.134
1.2251,-6.6336,10.9715,14.538,-0.46399999999999997,-0.0
1.202,-6.5875,10.8393,14.448,-0.46399999999999997,-0.0
1.1789,-6.6106,11.1037,14.719,-0.46399999999999997,0.067
0.9015,-6.4724,10.7072,14.087,-1.115,-0.0
0.9015,-6.3342,10.4428,13.815999999999999,-1.022,-0.067
1.0402,-6.3111,10.4428,13.815999999999999,-0.65,0.067
1.0402,-6.3572,10.575,13.815999999999999,-0.7430000000000001,-0.0
1.0171,-6.4033,10.8393,14.177,-0.7430000000000001,-0.0
1.0171,-6.4954,10.8393,14.448,-0.9289999999999999,-0.0
1.0402,-6.4954,10.8393,14.177,-0.65,0.067
1.1326,-6.242,10.1784,13.364,-0.46399999999999997,0.067
1.1558,-6.0578,9.7818,12.822,-0.371,0.268
0.9708,-5.9426,9.6497,12.371,-0.7430000000000001,0.067
0.8784,-5.9656,9.7818,12.551000000000002,-1.022,-0.0
0.8321,-5.9656,9.7818,12.732000000000001,-1.115,0.067
0.9246,-6.0347,10.0462,12.912999999999998,-0.9289999999999999,-0.0
1.0402,-6.196,10.575,13.453999999999999,-0.5569999999999999,0.067
1.1095,-6.3802,10.9715,14.177,-0.65,-0.0
1.1095,-6.2651,10.3106,13.364,-0.7430000000000001,0.134
1.1095,-6.2651,10.3106,13.364,-0.7430000000000001,0.134
1.0864,-6.1729,10.3106,13.184000000000001,-0.7430000000000001,0.067
1.0633,-6.4724,11.1037,14.267000000000001,-0.65,0.067
1.0633,-6.7718,11.8968,15.441,-0.65,-0.0
1.0402,-6.887,12.2934,16.073,-0.65,-0.134
1.1095,-6.933,12.1612,15.892999999999999,-0.65,-0.0
1.2482,-6.6566,11.1037,14.538,-0.185,0.134
1.2251,-6.7948,11.5003,15.169999999999998,-0.27799999999999997,0.134
1.0402,-7.1403,12.1612,16.434,-0.836,-0.067
1.0633,-7.0021,11.8968,15.892999999999999,-0.65,-0.0
1.2251,-6.933,11.8968,15.712,-0.371,0.067
1.1558,-7.0252,12.1612,16.163,-0.5569999999999999,0.067
1.1326,-7.0252,12.2934,16.163,-0.5569999999999999,0.067
1.2713,-6.9791,12.029,15.892999999999999,-0.27799999999999997,0.201
1.202,-7.0252,12.029,15.802,-0.371,0.134
1.0864,-7.1173,12.1612,16.344,-0.65,0.134
1.1095,-7.2325,12.4256,16.705000000000002,-0.5569999999999999,-0.067
1.2944,-7.0252,11.8968,15.802,-0.27799999999999997,0.067
1.1789,-6.91,11.6325,15.441,-0.46399999999999997,0.134
0.9708,-6.887,11.6325,15.350999999999999,-0.9289999999999999,-0.0
0.9246,-6.8409,11.6325,15.26,-0.836,-0.0
0.9939,-6.8409,11.7647,15.530999999999999,-0.836,-0.0
1.0864,-6.9561,12.029,15.712,-0.5569999999999999,-0.0
1.1558,-7.1634,12.4256,16.344,-0.5569999999999999,-0.0
1.1789,-7.1634,12.1612,16.253999999999998,-0.5569999999999999,0.067
1.2251,-7.0482,11.7647,15.802,-0.371,0.067
1.2713,-6.887,11.6325,15.26,-0.371,0.134
1.0633,-6.8179,11.3681,14.899000000000001,-0.9289999999999999,0.067
0.9477,-6.8409,11.5003,15.169999999999998,-1.022,0.067
0.6934,-6.8179,11.3681,15.26,-1.765,-0.067
0.5316,-6.6797,11.2359,14.809000000000001,-1.951,-0.201
0.809,-6.6336,11.2359,14.538,-1.393,-0.0
0.9939,-6.5875,10.9715,14.267000000000001,-0.9289999999999999,0.134
1.0864,-6.5875,10.9715,14.177,-0.7430000000000001,0.134
1.1095,-6.5184,10.9715,14.087,-0.65,0.134
1.1558,-6.5645,11.1037,14.357,-0.5569999999999999,0.201
1.3176,-6.6106,11.3681,14.357,-0.371,0.268
1.2944,-6.6797,11.5003,14.719,-0.27799999999999997,0.134
1.2482,-6.7718,11.6325,15.08,-0.27799999999999997,0.134
1.2251,-6.8409,11.6325,15.26,-0.46399999999999997,0.067
1.1789,-6.7027,11.2359,14.628,-0.5569999999999999,0.067
1.1095,-6.5184,10.8393,13.815999999999999,-0.65,0.134
1.1558,-6.4724,10.8393,13.906,-0.5569999999999999,0.134
1.2251,-6.3802,10.8393,13.725000000000001,-0.371,0.134
1.202,-6.3572,10.7072,13.545,-0.5569999999999999,0.067
1.1558,-6.2651,10.4428,13.274,-0.7430000000000001,0.134
1.0633,-6.242,10.3106,13.274,-0.7430000000000001,0.201
1.1558,-6.4724,11.2359,14.267000000000001,-0.46399999999999997,0.134
1.1558,-6.3572,11.3681,14.177,-0.46399999999999997,0.134
1.1558,-6.3802,10.575,13.635,-0.65,0.134
1.0864,-6.4263,10.575,13.545,-0.7430000000000001,0.134
1.0864,-6.4954,10.8393,13.815999999999999,-0.65,0.067
1.0402,-6.6797,11.1037,14.538,-0.65,0.067
1.0633,-6.7027,11.5003,14.719,-0.7430000000000001,0.067
1.1789,-6.8179,12.029,15.169999999999998,-0.5569999999999999,0.067
1.202,-6.7488,12.2934,15.530999999999999,-0.46399999999999997,0.134
1.1789,-6.6566,12.69,15.712,-0.46399999999999997,0.067
1.1789,-6.9561,12.8222,16.253999999999998,-0.46399999999999997,0.067
1.2482,-7.0712,11.8968,15.530999999999999,-0.371,0.067
1.1558,-7.0252,12.1612,15.712,-0.5569999999999999,-0.0
1.1558,-7.0252,12.1612,15.712,-0.5569999999999999,-0.0
0.9246,-7.0943,12.1612,15.892999999999999,-1.022,-0.134
0.8552,-7.0482,11.8968,15.712,-1.115,-0.067
1.0402,-6.91,11.8968,15.26,-0.836,-0.0
1.1558,-6.9791,12.029,15.441,-0.371,-0.0
1.2251,-7.0712,12.1612,15.892999999999999,-0.371,0.134
1.3176,-7.1403,12.2934,16.073,-0.185,0.067
1.2944,-7.0252,12.029,15.712,-0.185,0.134
1.1558,-6.8409,11.6325,15.169999999999998,-0.5569999999999999,0.201
0.8552,-6.7718,11.5003,14.628,-1.115,-0.067
0.7397,-6.7948,11.6325,15.169999999999998,-1.393,-0.268
1.0633,-6.7718,11.6325,14.719,-0.65,-0.0
1.1095,-6.933,11.8968,15.169999999999998,-0.65,-0.0
1.1789,-7.1173,12.4256,16.163,-0.46399999999999997,-0.0
1.1326,-7.2555,12.8222,16.525000000000002,-0.65,0.067
1.0633,-7.2325,12.4256,16.434,-0.836,0.067
1.0402,-7.0482,12.1612,15.622,-0.836,0.067
0.9708,-6.887,11.7647,15.26,-1.022,0.134
0.9477,-6.933,11.7647,15.169999999999998,-0.9289999999999999,0.067
0.9477,-7.1403,12.4256,16.073,-1.022,-0.134
1.1095,-7.2325,12.5578,16.344,-0.7430000000000001,0.067
1.2251,-7.1403,12.2934,15.892999999999999,-0.46399999999999997,0.067
1.2251,-7.1173,12.1612,15.983,-0.185,0.134
1.1095,-7.0712,11.8968,15.530999999999999,-0.7430000000000001,0.134
1.0402,-6.887,11.6325,15.08,-0.7430000000000001,0.067
0.9939,-6.8179,11.6325,14.628,-0.836,-0.0
0.9939,-6.8409,11.6325,14.809000000000001,-0.9289999999999999,0.067
0.9939,-6.8409,11.6325,14.719,-0.9289999999999999,-0.0
0.9708,-6.5184,11.1037,13.906,-0.836,-0.0
0.9015,-6.1499,10.0462,12.461,-1.022,0.067
0.8784,-6.0117,9.914,12.190000000000001,-1.115,0.067
0.9708,-6.2651,10.8393,13.184000000000001,-1.022,0.067
1.0171,-6.1729,11.2359,13.453999999999999,-0.836,-0.0
0.9939,-6.196,10.0462,12.551000000000002,-0.836,0.067
0.9708,-6.1729,10.0462,12.461,-1.022,-0.0
1.0171,-6.219,10.1784,12.822,-0.9289999999999999,0.067
0.8321,-6.242,10.3106,12.912999999999998,-1.3,-0.0
0.6934,-6.1269,10.1784,12.551000000000002,-1.672,-0.0
0.6934,-6.1269,10.1784,12.551000000000002,-1.672,-0.0
0.9708,-6.0117,10.0462,12.280999999999999,-0.836,-0.0
1.2482,-6.0347,10.1784,12.371,-0.371,0.067
0.9708,-6.242,10.575,13.003,-0.9289999999999999,-0.0
0.6472,-6.196,10.575,12.912999999999998,-1.5790000000000002,-0.134
0.7859,-6.1038,10.0462,12.280999999999999,-1.393,-0.0
1.5025,-5.9196,10.0462,12.010000000000002,0.27799999999999997,0.268
1.41,-5.9656,10.0462,12.1,0.092,0.268
0.9246,-6.0578,10.1784,12.371,-1.207,-0.0
0.809,-6.0808,10.1784,12.461,-1.3,0.067
0.9939,-6.1269,10.1784,12.461,-0.9289999999999999,0.067
1.2251,-6.1038,10.1784,12.551000000000002,-0.46399999999999997,0.201
0.9246,-6.0808,10.1784,12.371,-1.207,-0.0
0.9246,-6.0808,10.1784,12.371,-1.207,-0.0
0.7165,-6.1038,10.3106,12.642,-1.4860000000000002,-0.201
0.6934,-6.1269,10.4428,12.732000000000001,-1.4860000000000002,-0.067
0.7859,-6.1038,10.4428,12.551000000000002,-1.3,-0.067
1.0633,-6.0578,10.1784,12.280999999999999,-0.836,-0.067
1.6643,-5.8965,10.3106,11.829,0.46399999999999997,0.335
1.3869,-5.9426,10.1784,11.919,0.0,0.335
0.3467,-5.8505,10.0462,11.919,-2.137,-0.268
0.6472,-5.9196,10.1784,12.1,-1.5790000000000002,-0.134
1.595,-5.9426,10.575,12.280999999999999,0.371,0.201
1.5718,-6.0578,10.575,12.642,0.27799999999999997,0.268
1.1095,-6.1269,10.575,12.822,-0.7430000000000001,0.134
0.6241,-6.0578,10.575,12.732000000000001,-1.765,-0.067
0.9708,-6.1269,10.575,12.732000000000001,-1.022,-0.0
1.4563,-6.0578,10.575,12.551000000000002,0.0,0.201
1.6412,-5.9656,10.4428,12.280999999999999,0.46399999999999997,0.268
1.4563,-6.0117,10.4428,12.371,0.0,0.268
1.0864,-6.1499,10.4428,12.732000000000001,-0.7430000000000001,0.067
0.4854,-6.4033,11.3681,13.906,-1.951,-0.201
0.7628,-6.5415,11.5003,14.177,-1.393,-0.067
1.5718,-6.2651,10.8393,12.822,0.27799999999999997,0.268
1.41,-6.242,10.575,12.912999999999998,-0.092,0.201
1.3176,-6.3802,10.8393,13.364,-0.371,0.201
1.1789,-6.5184,11.2359,13.725000000000001,-0.5569999999999999,0.067
0.9246,-6.6566,11.5003,14.357,-1.207,-0.067
1.0171,-6.5645,11.2359,13.995999999999999,-0.9289999999999999,0.067
1.1326,-6.5184,11.2359,13.725000000000001,-0.65,-0.0
1.2251,-6.6336,11.3681,14.087,-0.371,-0.067
1.2251,-6.7718,11.8968,14.809000000000001,-0.5569999999999999,0.067
1.202,-6.7488,11.6325,14.448,-0.5569999999999999,0.067
1.1789,-6.6336,11.3681,14.087,-0.5569999999999999,0.067
1.0633,-6.5415,11.2359,13.995999999999999,-0.836,-0.067
1.0633,-6.6336,11.5003,14.357,-0.7430000000000001,-0.067
1.0171,-6.6797,11.6325,14.628,-0.7430000000000001,-0.134
1.0171,-6.6797,11.6325,14.628,-0.7430000000000001,-0.134
1.1558,-6.6566,11.6325,14.267000000000001,-0.65,0.067
1.1558,-6.6106,11.3681,13.995999999999999,-0.65,0.134
1.1326,-6.5875,11.3681,14.177,-0.65,-0.0
1.1095,-6.4263,10.9715,13.453999999999999,-0.65,-0.0
1.0402,-6.3111,10.575,13.093,-0.9289999999999999,-0.0
0.9708,-6.219,10.4428,12.822,-0.9289999999999999,-0.0
0.7859,-6.1038,10.0462,12.280999999999999,-1.3,0.067
0.809,-5.8965,9.7818,11.558,-1.3,-0.0
0.8552,-5.8274,9.6497,11.468,-1.022,0.067
0.8784,-5.7353,9.5175,11.197,-1.207,0.067
0.9015,-5.7123,9.5175,11.197,-1.115,0.067
0.9477,-5.7353,9.5175,11.287,-0.9289999999999999,0.067
0.8552,-5.7123,9.3853,11.015999999999998,-1.115,0.134
0.5779,-5.4128,9.1209,10.565,-1.672,-0.0
0.9708,-5.2977,9.1209,10.204,-0.836,0.134
1.1558,-5.4128,9.1209,10.384,-0.46399999999999997,0.268
0.9708,-5.7353,9.914,11.558,-0.9289999999999999,0.067
0.8321,-5.6201,9.5175,11.197,-1.207,0.067
0.8552,-5.528,9.2531,10.565,-1.207,-0.0
1.1326,-5.4128,9.1209,10.384,-0.65,0.134
1.0171,-5.4819,9.2531,10.565,-0.836,0.134
0.416,-5.4359,9.2531,10.655,-1.951,-0.0
0.416,-5.3668,9.2531,10.565,-1.951,-0.067
0.6703,-5.3207,9.1209,10.294,-1.393,0.067
1.4331,-5.0443,8.9887,9.661999999999999,0.185,0.403
1.5256,-5.2746,9.2531,10.204,0.27799999999999997,0.403
1.202,-5.4589,9.914,11.197,-0.5569999999999999,0.201
1.0171,-5.3207,10.0462,10.926,-0.7430000000000001,0.201
0.9939,-5.551,9.7818,11.287,-1.022,0.201
1.2251,-5.8044,9.7818,11.558,-0.46399999999999997,0.134
1.3407,-5.6662,9.5175,11.107,-0.27799999999999997,0.201
1.1326,-5.7353,9.5175,11.197,-0.7430000000000001,0.201
1.1558,-5.8505,10.0462,11.648,-0.65,0.201
1.2482,-6.1269,10.9715,12.822,-0.46399999999999997,0.067
1.2251,-6.1729,11.1037,13.093,-0.46399999999999997,0.134
1.2713,-6.242,10.9715,13.093,-0.27799999999999997,0.134
1.1789,-5.9887,10.1784,12.010000000000002,-0.65,0.268
1.1558,-5.9426,10.0462,11.919,-0.65,0.201
1.1095,-6.0117,10.4428,12.280999999999999,-0.5569999999999999,0.134
1.1558,-6.0117,10.4428,12.190000000000001,-0.46399999999999997,0.201
1.2482,-5.9887,10.4428,12.190000000000001,-0.371,0.201
1.202,-6.0117,10.3106,12.280999999999999,-0.5569999999999999,0.201
1.1558,-6.0578,10.575,12.371,-0.65,0.134
1.3638,-6.0347,10.575,12.190000000000001,-0.27799999999999997,0.201
1.2713,-6.219,10.8393,12.822,-0.5569999999999999,0.201
0.6934,-6.2881,11.1037,13.274,-1.5790000000000002,-0.067
0.9477,-6.0347,10.9715,12.551000000000002,-1.115,0.067
0.9939,-6.1038,10.7072,12.642,-0.9289999999999999,-0.0
1.0402,-6.196,10.8393,12.732000000000001,-0.836,0.067
1.3176,-6.219,10.8393,12.912999999999998,-0.092,0.134
1.2944,-6.4493,10.9715,13.545,-0.27799999999999997,0.335
1.2251,-6.4493,10.9715,13.453999999999999,-0.46399999999999997,0.201
1.3407,-6.3572,10.7072,13.093,-0.185,0.268
0.8784,-6.0117,10.0462,12.1,-1.4860000000000002,0.134
0.9015,-5.9887,10.0462,11.919,-1.3,0.067
0.8321,-5.8274,9.7818,11.558,-1.393,0.067
0.9477,-5.7123,9.6497,11.107,-1.022,0.067
0.9708,-5.6432,9.3853,10.926,-0.9289999999999999,0.067
1.1326,-5.5741,9.3853,10.745000000000001,-0.65,0.268
1.1095,-5.4359,9.1209,10.384,-0.7430000000000001,0.268
1.1095,-5.4359,9.1209,10.384,-0.7430000000000001,0.268
0.7397,-5.3668,9.2531,10.384,-1.393,-0.0
0.8784,-5.4359,9.1209,10.294,-1.115,-0.0
0.8784,-5.4359,9.1209,10.294,-1.115,-0.0
1.1789,-5.3437,8.8565,9.933,-0.65,0.201
1.2251,-5.2286,8.8565,9.841999999999999,-0.46399999999999997,0.201
1.1095,-5.3668,8.9887,10.294,-0.65,0.201
1.1095,-5.3668,8.9887,10.294,-0.65,0.201
0.7397,-5.6432,9.7818,11.378,-1.4860000000000002,0.067
0.809,-5.5971,9.7818,11.015999999999998,-1.3,-0.0
0.809,-5.5971,9.7818,11.015999999999998,-1.3,-0.0
1.1558,-5.7814,10.0462,11.558,-0.65,0.201
1.2251,-5.8505,10.3106,11.829,-0.46399999999999997,0.201
1.2251,-5.9656,10.575,12.1,-0.46399999999999997,0.134
1.2482,-5.9887,10.7072,12.371,-0.27799999999999997,0.201
1.2713,-6.1499,10.9715,12.551000000000002,-0.371,0.134
1.1558,-6.3342,11.5003,13.364,-0.7430000000000001,0.067
1.0864,-6.4493,11.5003,13.545,-0.7430000000000001,-0.0
1.202,-6.5184,11.6325,13.815999999999999,-0.65,-0.0
1.202,-6.5415,11.7647,13.995999999999999,-0.5569999999999999,0.067
1.1789,-6.5415,11.7647,14.087,-0.65,0.134
1.0633,-6.4954,11.5003,13.906,-0.836,-0.0
1.0633,-6.4493,11.5003,13.725000000000001,-0.836,0.067
1.0864,-6.4263,11.3681,13.453999999999999,-0.9289999999999999,0.134
1.0171,-6.4033,11.2359,13.364,-1.022,-0.0
0.9939,-6.4033,11.2359,13.453999999999999,-0.9289999999999999,0.067
0.9708,-5.9196,10.1784,11.829,-1.022,-0.0
0.9015,-5.7814,9.7818,11.107,-1.3,0.067
0.8321,-5.6662,9.6497,10.835999999999999,-1.393,-0.0
0.7628,-5.6432,9.914,11.107,-1.393,0.067
0.9246,-5.6201,9.7818,10.835999999999999,-1.022,0.134
0.9708,-5.6201,9.914,10.926,-0.9289999999999999,0.201
0.9477,-5.6201,9.914,10.926,-0.9289999999999999,0.067
0.9246,-5.6201,9.914,11.015999999999998,-1.115,0.067
0.9015,-5.5971,9.7818,10.926,-1.115,-0.0
0.9015,-5.5971,9.914,10.926,-1.115,0.134
0.8784,-5.505,9.6497,10.565,-1.3,0.134
1.0402,-5.4589,9.6497,10.384,-0.7430000000000001,0.067
1.1326,-5.4359,9.6497,10.474,-0.5569999999999999,0.268
0.8552,-5.505,9.6497,10.655,-1.115,0.067
0.601,-5.4589,9.6497,10.474,-1.765,-0.067
0.5547,-5.4359,9.5175,10.474,-1.672,-0.0
0.809,-5.4359,9.5175,10.384,-1.207,-0.0
1.2251,-5.4128,9.5175,10.294,-0.27799999999999997,0.201
1.2713,-5.4359,9.6497,10.294,-0.27799999999999997,0.134
1.1095,-5.4589,9.6497,10.474,-0.7430000000000001,0.134
1.0171,-5.4819,9.7818,10.565,-0.836,0.134
1.0864,-5.505,9.7818,10.474,-0.7430000000000001,0.134
1.2251,-5.505,9.7818,10.474,-0.371,0.201
1.2251,-5.505,9.7818,10.474,-0.371,0.201
0.809,-5.3898,9.3853,10.204,-1.207,0.067
0.9246,-5.3437,9.1209,10.023,-1.115,0.201
1.0171,-5.2977,9.1209,9.751999999999999,-0.9289999999999999,0.201
1.0633,-5.3898,9.3853,10.204,-0.7430000000000001,0.201
1.0864,-5.6201,10.1784,10.926,-0.7430000000000001,0.134
1.0633,-5.5741,10.0462,10.835999999999999,-0.836,0.134
1.0402,-5.4589,9.5175,10.294,-0.836,0.134
1.0402,-5.4359,9.1209,10.113000000000001,-0.836,0.201
0.9477,-5.3898,9.2531,10.113000000000001,-0.9289999999999999,0.201
0.8784,-5.4589,9.6497,10.294,-1.115,0.067
0.8552,-5.4819,9.6497,10.294,-1.207,0.067
0.9477,-5.4589,9.6497,10.294,-0.9289999999999999,0.134
1.0402,-5.4359,9.7818,10.204,-0.65,0.134
1.0864,-5.5741,9.914,10.655,-0.65,0.201
1.0864,-5.5741,9.914,10.565,-0.836,0.134
1.0171,-5.528,9.7818,10.384,-0.836,0.134
1.0171,-5.505,9.7818,10.294,-0.836,0.134
1.0633,-5.528,10.3106,10.835999999999999,-0.836,0.201
0.9939,-5.6201,10.575,11.107,-0.9289999999999999,0.134
1.1326,-5.8965,10.8393,11.738999999999999,-0.5569999999999999,-0.0
1.3869,-5.7814,10.7072,11.378,-0.092,0.134
1.2713,-5.9887,10.7072,11.738999999999999,-0.371,0.201
1.202,-6.0808,11.1037,12.190000000000001,-0.5569999999999999,0.134
1.1095,-6.1499,11.2359,12.551000000000002,-0.65,0.067
1.0633,-6.2881,11.5003,12.912999999999998,-0.65,0.067
1.1558,-6.4493,12.1612,13.545,-0.5569999999999999,-0.134
1.2482,-6.7488,12.69,14.357,-0.371,-0.067
1.3176,-6.7257,12.4256,14.267000000000001,-0.185,0.067
1.3407,-6.5645,12.1612,13.635,-0.185,0.134
1.0633,-6.5184,11.6325,13.364,-0.7430000000000001,0.134
1.0402,-6.5645,12.029,13.725000000000001,-0.836,0.067
1.0171,-6.6566,12.4256,13.995999999999999,-0.836,-0.0
1.1326,-6.6336,12.4256,13.995999999999999,-0.65,0.067
1.2251,-6.6336,12.2934,13.815999999999999,-0.371,0.134
1.1789,-6.6106,12.1612,13.815999999999999,-0.5569999999999999,0.134
1.1326,-6.6566,12.2934,13.906,-0.5569999999999999,0.067
1.0633,-6.7257,12.4256,14.267000000000001,-0.65,0.067
1.0633,-6.8409,12.8222,14.719,-0.65,-0.067
1.1095,-6.8179,12.9543,14.628,-0.7430000000000001,-0.0
1.0402,-6.4954,12.4256,13.635,-0.65,-0.067
0.9708,-6.4954,11.8968,13.184000000000001,-0.836,-0.134
0.9939,-6.4954,11.7647,13.093,-0.836,-0.0
1.0171,-6.4954,11.7647,13.364,-0.836,-0.0
1.0633,-6.5184,11.8968,13.364,-0.65,-0.0
0.9708,-6.5875,12.029,13.635,-0.836,-0.067
1.0402,-6.6566,12.1612,13.906,-0.836,0.067
1.0864,-6.6566,12.2934,13.815999999999999,-0.7430000000000001,-0.0
1.0864,-6.7257,12.4256,14.177,-0.7430000000000001,-0.0
1.0864,-6.7027,12.2934,14.087,-0.65,-0.0
1.0864,-6.7027,12.2934,14.087,-0.65,-0.0
1.202,-6.6566,12.5578,14.087,-0.46399999999999997,0.134
1.202,-6.6566,12.5578,14.087,-0.46399999999999997,0.134
1.202,-6.8179,13.2187,15.08,-0.46399999999999997,-0.0
1.1558,-6.7027,13.4831,14.628,-0.46399999999999997,0.067
1.1558,-6.91,12.8222,14.719,-0.46399999999999997,-0.067
1.0864,-6.7257,12.4256,14.087,-0.5569999999999999,0.067
1.0864,-6.7027,12.1612,13.725000000000001,-0.5569999999999999,0.067
1.0633,-6.7257,12.2934,13.995999999999999,-0.65,-0.0
0.9246,-6.7257,12.4256,14.177,-0.836,-0.0
0.9477,-6.6566,12.4256,14.087,-0.9289999999999999,-0.067
1.0633,-6.6566,12.4256,13.995999999999999,-0.65,-0.134
1.1326,-6.6566,12.2934,13.906,-0.46399999999999997,0.134
1.1326,-6.5184,12.029,13.453999999999999,-0.46399999999999997,0.067
1.0864,-6.4033,11.7647,13.093,-0.5569999999999999,0.067
1.0864,-6.4033,11.7647,13.093,-0.5569999999999999,0.067
0.9246,-6.2881,11.3681,12.642,-1.115,0.067
0.7859,-6.1499,11.1037,12.190000000000001,-1.207,-0.0
0.9708,-6.0347,10.9715,11.738999999999999,-0.836,0.067
1.0633,-5.9196,10.7072,11.468,-0.65,-0.0
1.0402,-5.8735,10.7072,11.378,-0.65,0.067
0.9939,-5.8274,10.575,11.287,-0.836,0.067
0.8552,-5.7583,10.4428,11.107,-1.115,0.067
0.8321,-5.7814,10.575,11.107,-1.115,-0.0
0.8321,-5.9656,10.9715,11.648,-0.836,-0.0
1.0402,-6.0808,11.3681,12.190000000000001,-0.7430000000000001,-0.0
1.0402,-6.0808,11.3681,12.190000000000001,-0.7430000000000001,-0.0
1.1326,-5.9656,11.2359,11.738999999999999,-0.46399999999999997,0.134
1.1789,-5.9887,10.9715,11.558,-0.46399999999999997,0.067
1.0633,-6.0117,11.1037,11.738999999999999,-0.5569999999999999,0.067
1.1789,-6.0578,11.5003,12.1,-0.371,0.067
1.202,-5.8274,10.9715,11.378,-0.46399999999999997,0.201
1.1789,-5.8044,10.7072,11.015999999999998,-0.46399999999999997,0.134
1.1095,-5.8274,10.7072,11.107,-0.5569999999999999,0.067
0.8784,-5.8735,10.8393,11.468,-1.207,0.067
0.809,-5.9656,10.9715,11.648,-1.115,-0.067
1.0171,-5.9887,11.2359,11.829,-0.836,0.067
1.1558,-5.8274,10.9715,11.287,-0.5569999999999999,0.134
1.0171,-5.9196,10.9715,11.468,-0.7430000000000001,-0.0
0.9939,-6.0117,11.2359,11.829,-0.836,0.134
1.2251,-6.0578,11.3681,11.919,-0.27799999999999997,0.201
1.2251,-5.9426,11.2359,11.558,-0.185,0.201
1.1789,-5.7814,10.9715,11.287,-0.5569999999999999,0.201
0.8784,-5.7353,10.8393,10.926,-1.022,0.067
0.6241,-5.8044,10.9715,11.107,-1.4860000000000002,-0.067
0.8784,-5.9426,11.6325,11.829,-1.022,-0.0
1.3407,-5.8274,11.7647,11.558,-0.092,0.201
1.3176,-6.0808,11.7647,12.010000000000002,-0.092,0.201
0.9477,-6.1499,11.7647,12.371,-1.022,-0.0
0.9477,-5.9656,11.2359,11.558,-0.9289999999999999,0.067
1.3638,-6.0578,11.5003,11.648,-0.092,0.268
1.3638,-6.0578,11.5003,11.648,-0.092,0.268
1.1558,-6.3111,12.8222,13.184000000000001,-0.5569999999999999,-0.067
1.202,-6.4493,13.2187,13.453999999999999,-0.371,-0.134
1.4331,-6.4724,13.2187,13.635,0.092,-0.0
1.5256,-6.196,12.69,12.912999999999998,0.27799999999999997,0.201
1.2251,-6.4263,12.5578,13.093,-0.27799999999999997,-0.0
1.1095,-6.4493,12.4256,13.093,-0.65,-0.067
1.0402,-6.4954,12.5578,13.364,-0.7430000000000001,-0.0
1.0864,-6.4724,12.4256,13.093,-0.46399999999999997,-0.067
1.0864,-6.4724,12.4256,13.093,-0.46399999999999997,-0.067
1.202,-6.3802,12.1612,13.003,-0.46399999999999997,-0.0
1.2944,-6.3572,12.1612,12.732000000000001,-0.27799999999999997,0.067
1.3407,-6.4493,12.4256,13.093,-0.092,0.134
1.1326,-6.4954,12.5578,13.274,-0.5569999999999999,0.067
1.0633,-6.4263,12.2934,13.093,-0.7430000000000001,0.067
1.0402,-6.2881,11.8968,12.642,-0.7430000000000001,-0.0
1.1789,-6.0808,11.6325,12.010000000000002,-0.46399999999999997,0.134
1.1095,-5.9887,11.6325,11.919,-0.65,-0.067
1.1095,-6.0117,11.6325,11.919,-0.7430000000000001,0.067
1.1095,-6.0578,11.7647,11.919,-0.65,-0.0
1.2251,-5.9656,12.4256,12.280999999999999,-0.46399999999999997,0.067
1.2251,-6.196,12.2934,12.551000000000002,-0.371,-0.0
1.2251,-6.242,12.1612,12.642,-0.371,0.067
1.1558,-6.1729,12.029,12.371,-0.46399999999999997,0.067
0.9939,-6.1038,11.6325,11.829,-0.9289999999999999,-0.0
0.9477,-6.1269,11.8968,12.190000000000001,-0.836,-0.067
0.9477,-6.0808,11.8968,11.919,-0.836,0.067
0.9708,-6.0808,12.029,12.1,-0.836,0.067
0.9939,-6.1499,12.029,12.280999999999999,-0.9289999999999999,0.067
0.9708,-6.196,12.029,12.461,-0.836,0.067
1.0171,-6.1038,11.8968,12.280999999999999,-0.836,-0.0
0.9939,-5.8965,11.3681,11.378,-1.022,0.067
0.7165,-5.4589,10.3106,10.023,-1.3,0.067
0.7165,-5.4589,10.3106,10.023,-1.3,0.067
0.7859,-5.6892,11.5003,11.107,-1.115,-0.067
0.9246,-5.528,11.7647,10.926,-1.022,0.067
1.0864,-5.6662,11.6325,11.015999999999998,-0.5569999999999999,0.067
1.2713,-5.8505,11.5003,11.287,-0.185,0.067
1.2944,-5.8965,11.5003,11.378,-0.185,0.134
0.8321,-6.0347,11.6325,11.919,-1.207,-0.067
0.7397,-6.0808,12.2934,12.371,-1.393,-0.201
1.1326,-6.1038,12.5578,12.461,-0.46399999999999997,-0.201
1.4563,-6.1038,12.8222,12.551000000000002,0.092,-0.067
1.595,-6.242,13.0865,12.912999999999998,0.371,0.067
1.4794,-6.1499,12.69,12.551000000000002,0.27799999999999997,0.067
1.2482,-6.1269,12.1612,12.371,-0.371,0.134
1.2251,-6.1499,11.8968,12.280999999999999,-0.27799999999999997,0.134
0.9708,-6.0117,11.8968,11.829,-0.9289999999999999,-0.0
0.7165,-5.6892,11.1037,10.835999999999999,-1.3,-0.201
0.9246,-5.3898,10.4428,9.751999999999999,-1.022,-0.067
0.9015,-5.2516,10.0462,9.481,-0.836,-0.0
0.9246,-4.814,10.0462,8.578,-0.836,0.134
