0,1,2,3,4,5
0.7628,0.1382,1.8506,-1.173,-0.7430000000000001,0.671
0.7859,0.1151,1.7184,-1.173,-0.836,0.671
0.7859,0.1382,1.7184,-1.173,-0.836,0.671
0.7628,0.1612,1.8506,-1.083,-0.836,0.604
0.7859,0.1382,1.8506,-1.083,-0.9289999999999999,0.5369999999999999
0.7628,0.1382,1.8506,-1.173,-0.836,0.5369999999999999
0.7628,0.1382,1.8506,-1.083,-0.9289999999999999,0.604
0.7859,0.1612,1.8506,-1.083,-0.9289999999999999,0.5369999999999999
0.7628,0.1382,1.7184,-1.083,-0.7430000000000001,0.671
0.7628,0.1612,1.7184,-1.173,-0.836,0.604
0.7628,0.1612,1.8506,-1.083,-0.836,0.671
0.7628,0.1382,1.7184,-1.173,-0.836,0.671
0.7628,0.1382,1.8506,-1.083,-0.9289999999999999,0.604
0.7628,0.1612,1.8506,-1.083,-0.836,0.5369999999999999
0.7859,0.1612,1.8506,-1.083,-0.9289999999999999,0.604
0.7628,0.1382,1.7184,-1.173,-0.836,0.604
0.7859,0.1842,1.8506,-1.083,-0.836,0.604
0.7628,0.1382,1.8506,-1.173,-0.7430000000000001,0.604
0.5779,0.0691,2.3793,-1.173,-0.27799999999999997,0.738
0.4623,0.046,2.5115,-1.3539999999999999,-0.092,0.806
0.4623,0.1382,2.3793,-1.444,-0.092,0.873
0.5547,0.1612,2.2471,-1.3539999999999999,-0.27799999999999997,0.806
0.6241,0.1382,2.115,-1.2640000000000002,-0.46399999999999997,0.738
0.6703,0.1382,1.9828,-1.083,-0.65,0.671
0.7165,0.1382,1.8506,-1.173,-0.7430000000000001,0.671
0.7397,0.1151,1.8506,-1.173,-0.7430000000000001,0.671
0.7397,0.1151,1.8506,-1.173,-0.7430000000000001,0.671
0.7165,0.1151,1.8506,-1.173,-0.7430000000000001,0.738
0.7397,0.1382,1.8506,-1.083,-0.836,0.671
0.7397,0.1382,1.8506,-1.083,-0.836,0.671
0.7397,0.1151,1.8506,-1.173,-0.7430000000000001,0.671
0.7628,0.1151,1.8506,-1.083,-0.9289999999999999,0.671
0.7165,0.1151,1.8506,-1.083,-0.836,0.738
0.7397,0.1151,1.8506,-1.173,-0.7430000000000001,0.738
0.7628,0.1151,1.7184,-1.083,-0.7430000000000001,0.671
0.7397,0.1151,1.8506,-1.083,-0.9289999999999999,0.604
0.7397,0.1151,1.8506,-1.173,-0.7430000000000001,0.604
0.7397,0.1151,1.8506,-1.083,-0.836,0.671
0.7397,0.1151,1.7184,-1.083,-0.7430000000000001,0.671
0.7397,0.1382,1.8506,-1.083,-0.836,0.604
0.7397,0.1151,1.8506,-1.083,-0.836,0.604
0.7628,0.1151,1.8506,-1.083,-0.836,0.671
0.8552,0.0691,2.115,-1.2640000000000002,0.092,0.604
0.9246,0.0691,2.9081,-1.806,1.5790000000000002,0.604
0.9246,0.0691,2.9081,-1.806,1.5790000000000002,0.604
1.3638,-0.1382,3.9656,-2.167,4.6450000000000005,0.201
1.3869,-0.1842,3.8334,-2.076,3.995,0.067
1.3407,-0.1382,3.569,-1.896,3.345,0.201
1.2944,-0.0921,3.4368,-1.896,3.1590000000000003,0.335
1.3407,-0.0921,3.569,-2.076,3.4379999999999997,0.268
1.3407,-0.0691,3.7012,-2.076,3.809,0.268
1.2482,-0.5758,3.8334,-1.535,3.809,-0.201
1.1789,-0.8522,3.9656,-1.2640000000000002,3.995,-0.5369999999999999
1.2944,-1.1056,3.9656,-1.2640000000000002,5.202999999999999,-0.806
1.2944,-1.1747,4.23,-1.2640000000000002,5.575,-1.007
1.3176,-1.2668,4.3621,-1.3539999999999999,5.760999999999999,-1.007
1.3407,-1.2898,4.3621,-1.3539999999999999,5.946,-1.0739999999999998
1.3638,-1.1747,4.3621,-1.535,6.039,-0.94
1.3176,-1.1516,4.4943,-1.444,6.039,-0.806
1.3176,-1.2207,4.8909,-1.535,6.783,-1.007
1.3407,-1.405,5.1553,-1.444,7.061,-1.0739999999999998
1.3407,-1.6814,5.2875,-1.083,7.34,-1.343
1.3638,-1.9348,5.5518,-0.903,7.805,-1.813
1.4331,-1.9808,5.684,-0.993,8.176,-1.88
1.4563,-2.096,5.8162,-0.993,8.548,-1.947
1.4794,-2.1881,6.0806,-0.903,8.827,-2.015
1.4794,-2.2803,6.345,-0.903,9.106,-2.149
1.4794,-2.1881,6.4771,-0.993,9.291,-2.015
1.5025,-2.2112,6.4771,-0.903,9.477,-1.88
1.4331,-2.3954,6.4771,-0.722,9.384,-1.88
1.2944,-2.7179,6.6093,-0.18,9.106,-2.2159999999999997
1.2251,-2.8331,6.6093,0.0,9.013,-2.4179999999999997
1.0633,-2.9022,6.6093,0.18,8.641,-2.485
0.9708,-2.9252,6.4771,0.18,8.455,-2.4179999999999997
0.9477,-2.9482,6.6093,0.27,8.455,-2.3499999999999996
0.9246,-2.9943,6.6093,0.361,8.455,-2.5519999999999996
0.9246,-2.9943,6.6093,0.361,8.455,-2.5519999999999996
0.809,-3.0173,6.6093,0.451,8.083,-2.5519999999999996
0.7165,-3.0404,6.7415,0.541,8.176,-2.4179999999999997
0.5779,-3.1325,6.8737,0.6320000000000001,8.083,-2.5519999999999996
0.4854,-3.1786,6.8737,0.722,7.9910000000000005,-2.485
0.4392,-3.2016,6.8737,0.722,7.898,-2.3499999999999996
0.4623,-3.2477,7.0059,0.8119999999999999,8.083,-2.4179999999999997
0.5316,-3.4319,7.2703,0.903,8.641,-2.485
0.4623,-3.5471,7.5346,0.993,8.641,-2.753
0.4623,-3.5471,7.5346,0.993,8.641,-2.753
0.4854,-3.6162,7.6668,1.083,8.734,-2.888
0.416,-3.6623,7.6668,1.173,8.641,-2.888
0.3929,-3.6853,7.6668,1.2640000000000002,8.641,-2.955
0.3929,-3.7544,7.799,1.2640000000000002,8.734,-2.888
0.4392,-3.9617,8.1956,1.444,9.291,-2.955
0.4392,-4.0078,8.1956,1.2640000000000002,9.477,-3.089
0.601,-4.169,8.46,1.3539999999999999,9.663,-3.1559999999999997
0.6241,-4.2381,8.46,1.444,9.849,-3.291
0.601,-4.2842,8.5922,1.444,9.942,-3.291
0.5779,-4.3303,8.7243,1.444,10.035,-3.291
0.5779,-4.3994,8.9887,1.3539999999999999,10.128,-3.3579999999999997
0.5316,-4.4685,8.9887,1.444,10.128,-3.291
0.5779,-4.6527,9.1209,1.625,10.128,-3.291
0.6472,-4.6988,9.2531,1.625,10.221,-3.4250000000000003
0.6241,-4.6758,9.2531,1.625,10.314,-3.3579999999999997
0.6703,-4.7679,9.2531,1.535,10.128,-3.492
0.5779,-4.837,9.1209,1.625,9.942,-3.4250000000000003
0.3698,-5.0443,9.5175,1.806,9.849,-3.492
0.3005,-5.0904,9.6497,1.806,10.035,-3.492
0.2773,-5.0673,9.7818,1.806,10.128,-3.4250000000000003
0.3467,-5.1134,9.7818,1.806,10.128,-3.3579999999999997
0.4854,-5.2286,9.7818,1.715,10.314,-3.4250000000000003
0.5779,-5.2746,9.914,1.715,10.405999999999999,-3.492
0.5085,-5.3207,9.7818,1.715,10.221,-3.6270000000000002
0.3929,-5.3668,9.7818,1.715,10.035,-3.559
0.208,-5.3437,9.7818,1.625,9.57,-3.6270000000000002
0.0693,-5.2746,9.6497,1.715,9.013,-3.492
-0.0693,-5.2746,9.6497,1.625,8.641,-3.291
-0.208,-5.2516,9.5175,1.806,8.083,-3.224
-0.2311,-5.2746,9.5175,1.715,7.898,-3.224
-0.2542,-5.2286,9.3853,1.625,7.712,-3.089
-0.1155,-5.2286,9.2531,1.535,7.619,-3.0220000000000002
-0.0462,-5.1825,9.1209,1.3539999999999999,7.526000000000001,-2.955
-0.0462,-4.9522,8.7243,1.2640000000000002,6.8759999999999994,-2.821
-0.0693,-4.9061,8.5922,1.2640000000000002,6.5969999999999995,-2.686
-0.0924,-4.8831,8.5922,1.173,6.504,-2.619
-0.1618,-4.86,8.7243,1.173,6.411,-2.485
-0.1618,-4.86,8.5922,1.173,6.2250000000000005,-2.485
-0.1618,-4.7679,8.5922,1.083,6.039,-2.4179999999999997
-0.0693,-4.5606,7.9312,1.2640000000000002,5.389,-2.2159999999999997
-0.0,-4.5145,7.799,1.173,5.482,-2.149
-0.0,-4.4224,7.799,1.083,5.017,-2.149
-0.0231,-4.3303,7.6668,0.903,4.924,-2.149
0.0462,-4.3072,7.6668,0.8119999999999999,5.017,-2.082
0.1386,-4.169,7.2703,0.722,4.924,-1.947
0.1618,-4.0308,7.1381,0.541,4.6450000000000005,-1.947
0.1155,-3.9387,6.8737,0.451,4.367,-1.813
0.1155,-3.8005,6.7415,0.541,4.181,-1.746
0.2542,-3.8465,6.7415,0.361,4.46,-1.746
0.4854,-3.8696,6.7415,0.541,4.924,-1.88
0.5547,-3.8465,6.7415,0.451,5.017,-1.813
0.4854,-3.8465,6.7415,0.451,4.6450000000000005,-1.746
0.416,-3.8005,6.7415,0.27,4.367,-1.746
0.5085,-3.7544,6.6093,0.361,4.553,-1.746
0.6241,-3.7544,6.4771,0.361,4.553,-1.746
0.4623,-3.6162,6.345,0.27,4.274,-1.6789999999999998
0.5085,-3.6623,6.4771,0.361,4.274,-1.544
0.5547,-3.7083,6.4771,0.27,4.46,-1.6789999999999998
0.6241,-3.6853,6.6093,0.27,4.553,-1.612
0.6472,-3.6392,6.4771,0.27,4.6450000000000005,-1.544
0.6934,-3.5932,6.345,0.18,4.7379999999999995,-1.544
0.7165,-3.5701,6.345,0.09,4.6450000000000005,-1.4769999999999999
0.6934,-3.6162,6.4771,0.18,4.6450000000000005,-1.544
0.601,-3.5701,6.6093,0.0,4.6450000000000005,-1.4769999999999999
0.5085,-3.4319,6.8737,-0.27,4.553,-1.612
0.4854,-3.4319,6.8737,-0.18,4.6450000000000005,-1.6789999999999998
0.4854,-3.6853,6.7415,0.09,4.46,-1.813
0.6472,-3.7544,6.6093,0.18,4.553,-1.746
0.7397,-3.8235,6.7415,0.27,4.8309999999999995,-1.746
0.601,-3.9617,7.0059,0.451,4.8309999999999995,-1.813
0.5085,-3.9617,7.1381,0.361,4.6450000000000005,-1.746
0.4392,-4.0078,7.1381,0.451,4.46,-1.6789999999999998
0.4854,-4.0538,7.1381,0.6320000000000001,4.553,-1.746
0.4854,-4.169,7.2703,0.6320000000000001,4.7379999999999995,-1.813
0.5085,-4.2381,7.6668,0.722,4.8309999999999995,-1.813
0.5779,-4.3763,7.799,0.722,5.295999999999999,-1.88
0.6703,-4.4454,7.9312,0.722,5.482,-2.015
0.6472,-4.5606,8.1956,0.8119999999999999,5.667999999999999,-2.149
0.6472,-4.6527,8.46,0.993,5.667999999999999,-2.082
0.5316,-4.6988,8.46,0.993,5.575,-2.015
0.4854,-4.86,8.46,0.8119999999999999,5.667999999999999,-2.082
0.5547,-4.9061,8.5922,0.8119999999999999,5.946,-2.2159999999999997
0.5547,-4.9061,8.5922,0.8119999999999999,5.946,-2.2159999999999997
0.7859,-5.0904,8.9887,0.722,6.5969999999999995,-2.4179999999999997
0.7165,-5.0443,8.9887,0.722,6.411,-2.4179999999999997
0.5779,-5.0443,8.8565,0.8119999999999999,5.946,-2.2159999999999997
0.5085,-5.1595,8.9887,0.903,5.760999999999999,-2.149
0.5779,-5.1825,9.1209,0.8119999999999999,6.132,-2.3499999999999996
0.6241,-5.2977,9.2531,0.993,6.132,-2.283
0.5547,-5.5741,10.0462,1.083,6.5969999999999995,-2.485
0.5547,-5.551,10.0462,0.903,6.783,-2.485
0.5085,-5.5971,9.5175,1.083,6.039,-2.3499999999999996
0.4392,-5.6892,9.914,1.173,5.946,-2.3499999999999996
0.416,-5.7814,10.0462,1.083,6.132,-2.485
0.4392,-5.7814,10.1784,1.173,6.3180000000000005,-2.485
0.3698,-5.7814,10.0462,1.173,6.2250000000000005,-2.3499999999999996
0.3005,-5.7583,10.0462,1.2640000000000002,5.667999999999999,-2.2159999999999997
0.3929,-5.7814,10.0462,1.173,6.039,-2.283
0.3929,-5.7814,10.0462,1.173,6.039,-2.283
0.3698,-5.8505,10.0462,1.2640000000000002,5.760999999999999,-2.283
0.2773,-5.7583,9.914,1.173,5.389,-2.283
0.2311,-5.7123,9.6497,1.3539999999999999,4.924,-2.2159999999999997
0.2311,-5.7123,9.6497,1.3539999999999999,4.924,-2.2159999999999997
0.1618,-5.6201,9.3853,1.173,4.8309999999999995,-2.149
0.0693,-5.6201,9.3853,0.993,4.46,-2.149
0.2542,-5.3898,8.9887,0.903,4.367,-1.88
0.2773,-5.3437,8.7243,0.903,4.274,-1.88
0.2542,-5.2746,8.5922,0.8119999999999999,3.995,-1.88
0.1618,-5.2055,8.46,0.8119999999999999,3.7159999999999997,-1.813
0.0462,-5.0673,8.3278,0.6320000000000001,3.345,-1.746
0.0693,-4.9752,8.1956,0.541,3.345,-1.6789999999999998
0.0924,-4.9061,8.0634,0.451,3.345,-1.544
0.0693,-4.837,8.0634,0.361,3.345,-1.4769999999999999
0.0924,-4.86,7.9312,0.361,3.252,-1.544
0.208,-4.814,7.799,0.451,3.1590000000000003,-1.544
0.2773,-4.6527,7.5346,0.722,2.973,-1.4769999999999999
0.2773,-4.6527,7.5346,0.722,2.973,-1.4769999999999999
0.2311,-4.5376,7.4025,0.722,2.787,-1.4769999999999999
0.1386,-4.3763,7.1381,0.451,2.415,-1.2759999999999998
0.1618,-4.3303,7.1381,0.451,2.508,-1.2759999999999998
0.2311,-4.2842,7.1381,0.361,2.694,-1.343
0.416,-4.2151,6.8737,0.27,3.066,-1.343
0.4854,-4.192,6.7415,0.27,3.066,-1.2759999999999998
0.4854,-4.192,6.7415,0.27,3.066,-1.2759999999999998
0.4623,-4.146,6.7415,0.18,2.88,-1.2759999999999998
0.5779,-3.9847,6.6093,0.09,2.88,-1.2759999999999998
0.5779,-3.9156,6.4771,0.09,2.88,-1.2089999999999999
0.5547,-3.8235,6.345,0.18,2.787,-1.141
0.5316,-3.8926,6.4771,0.0,2.88,-1.2089999999999999
0.5316,-3.8926,6.4771,0.0,2.88,-1.2089999999999999
0.6703,-3.8696,6.6093,-0.09,3.4379999999999997,-1.2759999999999998
0.7859,-3.8696,6.6093,-0.09,3.623,-1.343
0.8552,-3.8465,6.4771,-0.09,3.623,-1.41
0.8784,-3.8465,6.4771,-0.09,3.623,-1.4769999999999999
0.8321,-3.8696,6.4771,-0.09,3.4379999999999997,-1.343
0.6472,-3.8235,6.4771,-0.09,3.1590000000000003,-1.2089999999999999
0.5547,-3.8005,6.345,-0.09,3.066,-1.2089999999999999
0.601,-3.8235,6.4771,-0.09,3.1590000000000003,-1.2089999999999999
0.6472,-3.8465,6.4771,0.0,3.1590000000000003,-1.2759999999999998
0.7165,-3.9156,6.6093,-0.09,3.252,-1.2759999999999998
0.7397,-3.9617,6.7415,-0.09,3.4379999999999997,-1.343
0.809,-3.9387,6.8737,-0.09,3.7159999999999997,-1.41
0.8784,-3.8926,6.7415,-0.18,3.809,-1.41
0.8321,-3.9156,6.6093,-0.09,3.7159999999999997,-1.41
0.6934,-3.9847,6.8737,-0.18,3.4379999999999997,-1.2089999999999999
0.6472,-4.0769,7.0059,0.09,3.345,-1.343
0.6703,-4.3303,7.5346,0.09,3.902,-1.4769999999999999
0.6703,-4.3303,7.5346,0.09,3.902,-1.4769999999999999
0.9246,-4.5145,7.9312,0.0,4.553,-1.746
0.9246,-4.6297,8.0634,0.09,4.6450000000000005,-1.746
0.8321,-4.6527,8.1956,0.18,4.553,-1.746
0.7165,-4.7449,8.3278,0.27,4.274,-1.6789999999999998
0.6241,-4.814,8.3278,0.27,3.995,-1.746
0.6472,-4.8831,8.3278,0.27,4.181,-1.813
0.7628,-4.9982,8.5922,0.18,4.553,-1.88
0.7628,-4.9982,8.5922,0.18,4.553,-1.88
0.7165,-5.0904,8.7243,0.18,4.553,-1.813
0.9015,-5.2516,9.1209,0.09,5.295999999999999,-2.082
0.9477,-5.2977,9.2531,0.09,5.389,-2.149
0.9708,-5.3207,9.2531,0.18,5.295999999999999,-2.149
0.8784,-5.2746,9.1209,0.09,5.017,-1.947
0.7859,-5.4819,9.3853,0.27,4.7379999999999995,-2.015
0.7859,-5.4819,9.3853,0.27,4.7379999999999995,-2.015
0.8784,-5.6662,9.914,0.451,5.389,-2.149
0.8552,-5.6892,9.914,0.451,5.389,-2.149
0.809,-5.7123,9.7818,0.541,5.202999999999999,-2.082
0.7859,-5.8044,9.914,0.451,5.017,-2.149
0.7859,-5.8044,10.1784,0.541,5.11,-2.2159999999999997
0.809,-5.8735,10.1784,0.541,5.295999999999999,-2.283
0.7859,-6.0117,10.4428,0.541,5.295999999999999,-2.2159999999999997
0.6703,-6.0347,10.3106,0.722,5.11,-2.2159999999999997
0.6472,-6.0578,10.3106,0.722,5.11,-2.2159999999999997
0.6472,-6.0578,10.1784,0.8119999999999999,4.924,-2.149
0.6703,-6.0117,10.1784,0.722,4.924,-2.082
0.601,-6.0578,10.3106,0.722,4.6450000000000005,-2.149
0.5316,-6.0578,10.1784,0.903,4.367,-2.082
0.5085,-6.0117,10.1784,0.8119999999999999,4.274,-2.015
0.5316,-5.9656,10.0462,0.722,4.181,-1.88
0.5085,-5.8965,9.914,0.722,3.995,-1.947
0.4623,-5.8735,9.7818,0.6320000000000001,3.809,-1.88
0.3005,-5.7353,9.5175,0.722,3.252,-1.813
0.2542,-5.6201,9.2531,0.722,3.1590000000000003,-1.6789999999999998
0.2773,-5.4819,8.8565,0.6320000000000001,3.066,-1.6789999999999998
0.3236,-5.3668,8.7243,0.451,2.88,-1.612
0.3005,-5.2286,8.46,0.451,2.787,-1.4769999999999999
0.2542,-4.9982,8.0634,0.361,2.508,-1.343
0.2773,-4.9291,7.9312,0.18,2.415,-1.343
0.2311,-4.6988,7.6668,0.18,2.137,-1.2759999999999998
0.2773,-4.6297,7.5346,0.27,2.044,-1.2089999999999999
0.2773,-4.5836,7.4025,0.361,1.8579999999999999,-1.0739999999999998
0.3929,-4.3994,7.1381,0.18,2.044,-1.0739999999999998
0.4392,-4.3303,7.0059,0.0,2.137,-1.0739999999999998
0.4623,-4.2612,7.0059,0.09,2.137,-1.0739999999999998
0.4854,-4.2151,6.8737,0.0,2.137,-1.0739999999999998
0.5547,-4.192,6.8737,0.09,2.23,-1.0739999999999998
0.6241,-4.169,6.8737,-0.09,2.415,-1.141
0.6241,-4.1229,6.7415,-0.18,2.508,-1.141
0.6241,-4.1229,6.7415,-0.18,2.508,-1.141
0.601,-4.0078,6.4771,-0.09,2.23,-0.94
0.6241,-3.9617,6.345,-0.18,2.415,-1.007
0.6241,-3.9156,6.4771,-0.18,2.322,-1.141
0.6241,-3.8926,6.4771,-0.09,2.137,-1.007
0.7397,-3.8465,6.2128,-0.18,2.322,-0.94
0.7859,-3.8235,6.2128,-0.18,2.601,-1.0739999999999998
0.7628,-3.8926,6.2128,-0.09,2.508,-1.0739999999999998
0.7397,-3.9387,6.345,-0.18,2.601,-1.0739999999999998
0.8321,-3.8465,6.4771,-0.27,2.88,-1.2089999999999999
0.7165,-3.9847,6.6093,-0.18,2.601,-1.0739999999999998
0.8321,-4.0078,6.7415,-0.27,3.1590000000000003,-1.2759999999999998
0.8321,-4.0078,6.7415,-0.27,3.1590000000000003,-1.2759999999999998
1.0171,-3.9847,6.7415,-0.451,3.7159999999999997,-1.343
1.0402,-4.0078,6.8737,-0.27,3.623,-1.343
0.9939,-4.0308,6.8737,-0.27,3.4379999999999997,-1.2759999999999998
0.9015,-4.0538,6.8737,-0.27,3.345,-1.2089999999999999
0.9015,-4.1229,6.8737,-0.18,3.345,-1.343
0.9015,-4.192,7.0059,0.0,3.252,-1.343
0.8784,-4.2381,7.1381,0.0,3.4379999999999997,-1.343
0.809,-4.2612,7.1381,0.09,3.252,-1.41
0.809,-4.2612,7.1381,0.18,3.1590000000000003,-1.4769999999999999
0.9477,-4.3072,7.2703,-0.09,3.7159999999999997,-1.4769999999999999
0.9939,-4.4454,7.5346,0.0,3.7159999999999997,-1.4769999999999999
0.9708,-4.5836,7.799,0.09,3.809,-1.544
0.8784,-4.7449,8.0634,0.27,3.809,-1.544
0.9015,-4.9291,8.3278,0.27,3.902,-1.612
0.9477,-4.9522,8.46,0.27,4.274,-1.6789999999999998
1.0171,-5.0443,8.5922,0.18,4.274,-1.6789999999999998
0.9477,-5.1134,8.8565,0.09,4.274,-1.612
0.9246,-5.1134,8.7243,0.09,4.367,-1.746
0.9015,-5.1595,8.7243,0.18,4.181,-1.813
0.9477,-5.4128,9.1209,0.18,4.553,-1.88
0.8321,-5.6201,9.6497,0.451,4.553,-1.813
0.8321,-5.6892,9.6497,0.361,4.6450000000000005,-1.746
0.8552,-5.7583,9.7818,0.451,4.8309999999999995,-1.6789999999999998
0.9246,-5.7353,9.6497,0.541,4.924,-1.746
0.9477,-5.7353,9.6497,0.451,4.7379999999999995,-1.88
0.8552,-5.8274,9.7818,0.541,4.6450000000000005,-1.813
0.7628,-5.8965,9.7818,0.6320000000000001,4.367,-1.813
0.6934,-5.9426,10.0462,0.6320000000000001,4.274,-1.813
0.7859,-5.9887,10.0462,0.6320000000000001,4.553,-1.88
0.7859,-6.0117,10.1784,0.6320000000000001,4.6450000000000005,-2.015
0.8552,-6.1038,10.3106,0.722,4.6450000000000005,-2.082
0.8321,-6.1038,10.3106,0.722,4.553,-1.947
0.7859,-6.0347,10.0462,0.722,4.274,-1.947
0.7165,-6.0117,10.0462,0.6320000000000001,4.181,-1.813
0.5779,-6.0808,10.0462,0.722,3.7159999999999997,-1.813
0.5316,-6.0347,10.0462,0.6320000000000001,3.7159999999999997,-1.746
0.5547,-6.0117,10.1784,0.6320000000000001,3.7159999999999997,-1.6789999999999998
0.5779,-5.9887,10.0462,0.6320000000000001,3.809,-1.746
0.5779,-5.9426,9.7818,0.6320000000000001,3.7159999999999997,-1.746
0.5316,-5.8274,9.2531,0.8119999999999999,3.252,-1.612
0.4854,-5.6662,8.9887,0.8119999999999999,3.066,-1.612
0.3698,-5.6432,8.8565,0.722,2.787,-1.4769999999999999
0.3929,-5.6201,8.8565,0.8119999999999999,2.694,-1.41
0.3467,-5.551,8.8565,0.722,2.508,-1.4769999999999999
0.416,-5.3898,8.46,0.6320000000000001,2.601,-1.41
0.4392,-5.3207,8.1956,0.451,2.508,-1.2759999999999998
0.4854,-5.0213,7.799,0.361,2.415,-1.2759999999999998
0.4854,-5.0213,7.799,0.361,2.415,-1.2759999999999998
0.416,-4.7449,7.4025,0.451,2.137,-1.0739999999999998
0.3698,-4.6297,7.4025,0.451,1.8579999999999999,-1.007
0.3467,-4.5606,7.2703,0.18,1.672,-1.0739999999999998
0.3467,-4.5836,7.2703,0.27,1.672,-1.007
0.3929,-4.5836,7.2703,0.361,1.8579999999999999,-0.94
0.4392,-4.5606,7.2703,0.27,2.044,-1.007
0.5779,-4.5376,7.1381,0.18,2.137,-1.141
0.6472,-4.3994,7.0059,0.09,2.322,-1.2089999999999999
0.5085,-4.2151,6.6093,0.18,1.8579999999999999,-0.94
0.4854,-4.169,6.4771,0.18,1.672,-0.806
0.6241,-4.1229,6.4771,0.0,2.137,-0.94
0.6703,-4.146,6.345,0.0,2.23,-0.94
0.7397,-4.169,6.6093,0.0,2.415,-0.94
0.6934,-4.146,6.6093,0.0,2.415,-0.94
0.6472,-4.146,6.6093,0.09,2.23,-0.94
0.7859,-4.0308,6.4771,0.0,2.415,-1.0739999999999998
0.8321,-3.9847,6.345,-0.09,2.508,-1.141
0.7859,-3.9617,6.2128,0.0,2.415,-1.007
0.6703,-3.9617,6.0806,0.0,2.23,-0.94
0.6703,-3.9617,6.0806,0.0,2.23,-0.94
0.7165,-4.0078,6.2128,-0.09,2.322,-0.94
0.8321,-4.0308,6.345,-0.18,2.787,-1.0739999999999998
0.9708,-4.0308,6.4771,-0.27,3.1590000000000003,-1.2089999999999999
1.1095,-4.0308,6.345,-0.27,3.345,-1.2089999999999999
1.1326,-4.0538,6.4771,-0.27,3.4379999999999997,-1.2089999999999999
0.9939,-4.0999,6.6093,-0.09,3.1590000000000003,-1.141
0.9015,-4.2151,6.7415,0.0,3.066,-1.0739999999999998
0.8552,-4.3072,6.8737,0.09,2.973,-1.0739999999999998
0.8321,-4.3303,7.1381,0.0,2.88,-1.343
0.8321,-4.3303,7.1381,0.0,2.88,-1.343
0.9939,-4.4915,7.4025,-0.09,3.53,-1.343
0.9939,-4.4915,7.4025,-0.09,3.53,-1.343
1.1789,-4.5836,7.6668,0.0,4.088,-1.4769999999999999
1.1095,-4.6988,7.9312,0.09,3.902,-1.41
0.9939,-4.7909,7.9312,0.27,3.7159999999999997,-1.343
0.7859,-4.9522,8.0634,0.361,3.345,-1.2759999999999998
0.7859,-4.9522,8.0634,0.361,3.345,-1.2759999999999998
0.8784,-5.0904,8.3278,0.09,3.902,-1.4769999999999999
0.9246,-5.2516,8.5922,0.0,4.088,-1.746
0.9246,-5.2516,8.5922,0.0,4.088,-1.746
1.202,-5.4819,9.2531,0.0,4.924,-1.813
1.2251,-5.5971,9.5175,0.09,5.017,-1.88
1.2251,-5.7123,9.7818,0.09,5.202999999999999,-1.947
1.1558,-5.9656,10.3106,0.18,5.202999999999999,-1.947
1.1326,-6.0578,10.3106,0.27,5.11,-1.947
1.1558,-6.0117,10.3106,0.27,5.017,-1.88
1.0864,-6.0808,10.1784,0.361,4.924,-1.947
1.0171,-6.1269,10.3106,0.451,4.7379999999999995,-1.947
1.0402,-6.196,10.4428,0.541,4.7379999999999995,-2.082
1.0171,-6.2651,10.575,0.361,4.8309999999999995,-2.082
0.9708,-6.3342,10.7072,0.541,4.7379999999999995,-2.015
0.8552,-6.4033,10.7072,0.6320000000000001,4.553,-2.015
0.809,-6.4493,10.8393,0.722,4.553,-1.947
0.7628,-6.4493,10.8393,0.722,4.553,-1.88
0.8321,-6.4724,10.8393,0.722,4.553,-1.88
0.8321,-6.4724,10.8393,0.722,4.553,-1.88
0.7628,-6.4263,10.7072,0.722,4.274,-1.947
0.6703,-6.3802,10.4428,0.8119999999999999,3.809,-1.88
0.5316,-6.242,10.1784,0.903,3.345,-1.746
0.5085,-6.1269,9.914,0.722,3.1590000000000003,-1.746
0.3467,-5.9887,9.6497,0.722,2.694,-1.544
0.3467,-5.9196,9.5175,0.6320000000000001,2.694,-1.612
0.3929,-5.7814,9.3853,0.722,2.601,-1.4769999999999999
0.3236,-5.4819,8.8565,0.541,2.23,-1.41
0.3236,-5.4819,8.8565,0.541,2.23,-1.41
0.2542,-5.3207,8.46,0.541,1.951,-1.2759999999999998
0.2542,-5.1595,8.0634,0.451,1.765,-1.0739999999999998
0.2542,-5.1134,7.9312,0.361,1.8579999999999999,-1.007
0.3236,-5.0904,7.9312,0.27,1.8579999999999999,-1.0739999999999998
0.3929,-5.0673,7.9312,0.27,2.137,-1.0739999999999998
0.4392,-4.9982,7.799,0.27,2.044,-1.141
0.5085,-4.9061,7.6668,0.18,2.044,-1.0739999999999998
0.4854,-4.7218,7.5346,0.27,1.951,-1.141
0.4392,-4.6527,7.4025,0.361,1.672,-1.007
0.416,-4.5836,7.1381,0.361,1.672,-0.94
0.3929,-4.3994,6.8737,0.18,1.672,-0.873
0.3467,-4.3072,6.6093,0.18,1.672,-0.738
0.3236,-4.192,6.4771,0.09,1.3,-0.671
0.416,-4.146,6.345,0.0,1.672,-0.738
0.6241,-4.0999,6.4771,-0.09,2.137,-1.007
0.8784,-4.0538,6.345,-0.27,2.601,-1.0739999999999998
0.9477,-3.9156,6.0806,-0.09,2.508,-1.007
0.809,-3.8926,6.0806,-0.18,2.322,-0.873
0.6472,-3.8696,6.0806,-0.09,1.951,-0.738
0.7397,-3.8465,6.0806,-0.09,2.137,-0.873
0.7397,-3.8465,6.0806,-0.09,2.137,-0.873
0.8321,-3.7544,5.8162,-0.18,2.415,-0.873
0.7628,-3.7544,5.8162,-0.27,2.137,-0.806
0.7165,-3.7314,5.8162,-0.18,2.137,-0.806
0.8784,-3.7544,5.9484,-0.27,2.415,-0.94
1.0171,-3.7774,5.9484,-0.361,2.88,-1.141
1.1326,-3.8005,6.2128,-0.451,3.066,-1.0739999999999998
0.9246,-4.1229,6.7415,-0.18,2.973,-1.141
0.9477,-4.146,6.8737,-0.18,3.1590000000000003,-1.141
1.1095,-3.8926,7.0059,-0.722,3.7159999999999997,-1.0739999999999998
1.1789,-3.7544,7.1381,-1.173,4.088,-1.141
1.2251,-3.8235,7.2703,-1.2640000000000002,4.274,-1.2759999999999998
1.2482,-4.0078,7.4025,-0.993,4.367,-1.41
1.1558,-4.3303,7.2703,-0.361,3.809,-1.343
1.0633,-4.3763,7.2703,-0.27,3.53,-1.2759999999999998
1.0402,-4.4224,7.2703,-0.18,3.53,-1.343
1.1326,-4.5606,7.5346,-0.09,3.7159999999999997,-1.41
1.1789,-4.6527,7.799,0.0,4.088,-1.4769999999999999
1.1789,-4.6988,8.0634,0.0,4.181,-1.4769999999999999
1.1326,-4.837,8.0634,0.09,4.088,-1.4769999999999999
0.9708,-4.86,8.0634,0.18,3.623,-1.41
1.0402,-4.9752,8.46,0.09,3.902,-1.544
1.1095,-5.0673,8.5922,0.09,4.274,-1.612
1.1326,-5.1825,8.7243,0.0,4.46,-1.6789999999999998
0.8552,-5.4128,8.9887,0.27,3.995,-1.612
0.7628,-5.505,9.1209,0.27,3.809,-1.544
0.8321,-5.551,9.2531,0.18,4.088,-1.612
1.0402,-5.5971,9.5175,0.09,4.553,-1.612
1.1095,-5.6892,9.6497,0.09,4.7379999999999995,-1.746
1.0402,-5.9426,10.0462,0.451,4.7379999999999995,-1.88
0.8552,-5.9196,9.914,0.451,4.181,-1.612
0.8552,-5.9426,9.7818,0.451,4.088,-1.612
0.9477,-5.9656,10.0462,0.361,4.367,-1.813
0.9477,-6.0578,10.0462,0.541,4.46,-1.746
0.8552,-6.1499,10.3106,0.541,4.274,-1.88
0.7628,-6.2881,10.4428,0.722,4.088,-1.746
0.8552,-6.3111,10.575,0.6320000000000001,4.367,-1.813
0.9939,-6.3342,10.7072,0.541,4.6450000000000005,-1.746
1.0633,-6.3111,10.7072,0.6320000000000001,4.8309999999999995,-1.947
1.0171,-6.4263,10.7072,0.722,4.553,-1.88
0.7628,-6.4724,10.8393,0.903,4.088,-1.813
0.7165,-6.4263,10.7072,0.993,3.995,-1.746
0.6703,-6.3342,10.575,0.903,3.809,-1.746
0.6703,-6.2881,10.4428,0.8119999999999999,3.7159999999999997,-1.746
0.6241,-6.2651,10.3106,0.8119999999999999,3.623,-1.6789999999999998
0.5547,-6.219,10.1784,0.903,3.345,-1.612
0.4854,-6.1499,10.0462,0.993,3.066,-1.544
0.4854,-6.0808,9.7818,0.903,2.88,-1.4769999999999999
0.4854,-5.9656,9.5175,0.8119999999999999,2.787,-1.4769999999999999
0.4623,-5.6892,8.9887,0.6320000000000001,2.601,-1.343
0.208,-5.3437,8.3278,0.541,1.951,-1.141
0.1849,-5.2516,8.1956,0.541,1.765,-1.0739999999999998
0.1849,-5.2516,8.1956,0.541,1.765,-1.0739999999999998
0.3005,-5.0904,7.799,0.451,1.8579999999999999,-1.0739999999999998
0.3236,-4.7909,7.4025,0.361,1.672,-0.94
0.3698,-4.6758,7.2703,0.451,1.672,-0.873
0.3929,-4.5836,7.2703,0.541,1.672,-0.873
0.4854,-4.5145,7.1381,0.27,1.765,-0.873
0.4854,-4.5145,7.1381,0.27,1.765,-0.873
0.4392,-4.5376,7.0059,0.27,1.672,-0.806
0.2773,-4.4915,7.1381,0.27,1.3,-0.604
0.2773,-4.4454,7.0059,0.18,1.393,-0.604
0.4623,-4.3763,6.8737,0.09,1.672,-0.738
0.7165,-4.3072,6.7415,0.0,2.137,-0.94
0.9015,-4.2151,6.6093,-0.18,2.508,-0.94
0.7165,-4.169,6.345,0.0,2.137,-0.873
0.7165,-4.169,6.345,0.0,2.137,-0.873
0.6241,-4.0769,6.2128,0.0,1.8579999999999999,-0.806
0.6934,-4.0538,6.2128,-0.09,1.8579999999999999,-0.806
0.6703,-4.0308,6.2128,-0.09,2.23,-0.873
0.7628,-4.0078,6.2128,-0.09,2.322,-0.873
0.8321,-3.9387,6.0806,-0.27,2.415,-0.873
0.9246,-3.8926,6.0806,-0.27,2.601,-0.873
0.9246,-3.9387,6.2128,-0.09,2.601,-0.94
0.9246,-3.9387,6.2128,-0.09,2.601,-0.94
0.9477,-4.0078,6.2128,-0.27,2.88,-1.007
0.809,-4.0538,6.345,-0.18,2.415,-0.94
0.7859,-4.1229,6.4771,-0.09,2.508,-0.94
0.8321,-4.146,6.4771,-0.18,2.601,-0.94
0.9939,-4.1229,6.6093,-0.27,3.1590000000000003,-1.0739999999999998
0.9939,-4.1229,6.6093,-0.27,3.1590000000000003,-1.0739999999999998
1.0402,-4.169,6.7415,-0.27,3.4379999999999997,-1.2089999999999999
0.9939,-4.3303,7.1381,-0.18,3.1590000000000003,-1.141
1.0633,-4.3303,7.2703,-0.27,3.53,-1.2089999999999999
1.1095,-4.3994,7.4025,-0.361,3.7159999999999997,-1.2089999999999999
1.1558,-4.5145,7.5346,-0.27,3.902,-1.2759999999999998
1.1095,-4.5145,7.5346,-0.18,3.7159999999999997,-1.2759999999999998
1.0633,-4.5606,7.6668,-0.09,3.623,-1.2759999999999998
0.9708,-4.6758,7.799,-0.09,3.53,-1.2759999999999998
0.9477,-4.837,8.0634,0.18,3.53,-1.343
0.9708,-4.8831,8.1956,0.18,3.623,-1.41
0.9708,-4.9522,8.3278,0.18,3.7159999999999997,-1.2759999999999998
1.1095,-5.1134,8.7243,-0.09,4.181,-1.544
1.0864,-5.2746,8.7243,-0.18,4.46,-1.4769999999999999
1.1326,-5.4128,9.1209,0.09,4.553,-1.544
1.0633,-5.7353,9.6497,0.18,4.7379999999999995,-1.6789999999999998
1.0402,-5.8044,9.6497,0.18,4.46,-1.6789999999999998
1.0171,-5.8044,9.7818,0.27,4.553,-1.6789999999999998
0.9939,-5.9196,9.914,0.361,4.6450000000000005,-1.813
0.9939,-6.0347,10.0462,0.361,4.553,-1.813
0.9939,-6.0347,10.0462,0.361,4.553,-1.813
0.9708,-6.0347,10.1784,0.27,4.553,-1.6789999999999998
0.8784,-6.0347,10.0462,0.361,4.088,-1.6789999999999998
0.8552,-6.1269,10.1784,0.541,4.181,-1.612
0.7859,-6.1729,10.3106,0.541,4.181,-1.6789999999999998
0.7859,-6.3342,10.4428,0.722,4.088,-1.746
0.7397,-6.3342,10.4428,0.722,4.088,-1.746
0.7397,-6.3342,10.4428,0.722,4.088,-1.746
0.8321,-6.3572,10.7072,0.722,3.995,-1.6789999999999998
0.8784,-6.3342,10.575,0.722,4.181,-1.6789999999999998
0.8784,-6.3342,10.575,0.722,4.088,-1.6789999999999998
0.7397,-6.3111,10.3106,0.722,3.809,-1.6789999999999998
0.5316,-6.196,10.0462,0.903,2.973,-1.4769999999999999
0.5316,-6.196,10.0462,0.903,2.973,-1.4769999999999999
0.4854,-6.1269,9.914,0.8119999999999999,2.787,-1.41
0.3236,-5.9426,9.5175,0.722,2.508,-1.141
0.3236,-5.8274,9.3853,0.722,2.23,-1.2089999999999999
0.3929,-5.6892,8.9887,0.722,2.137,-1.2089999999999999
0.4392,-5.3668,8.3278,0.451,2.137,-1.0739999999999998
0.3929,-5.2516,8.1956,0.451,2.044,-1.007
0.3698,-5.1595,8.0634,0.27,2.044,-1.141
0.3236,-5.1364,7.9312,0.27,1.951,-0.94
0.3005,-5.0904,7.9312,0.27,1.8579999999999999,-0.873
0.2773,-5.0443,7.799,0.18,1.765,-0.94
0.1618,-4.86,7.5346,0.27,1.4860000000000002,-0.738
0.2311,-4.7679,7.2703,0.361,1.5790000000000002,-0.738
0.416,-4.6758,7.2703,0.361,1.672,-0.738
0.5316,-4.5836,7.1381,0.27,1.765,-0.738
0.5085,-4.4915,7.0059,0.18,1.672,-0.671
0.3929,-4.3994,6.8737,0.18,1.672,-0.671
0.3698,-4.3994,6.8737,0.09,1.5790000000000002,-0.671
0.5085,-4.3763,6.8737,0.09,1.765,-0.738
0.809,-4.2842,6.7415,-0.09,2.415,-0.738
0.809,-4.2151,6.6093,0.0,2.322,-0.738
0.7397,-4.1229,6.4771,-0.18,2.137,-0.873
0.7165,-4.0999,6.345,-0.18,2.137,-0.806
0.6472,-4.0308,6.2128,-0.09,1.8579999999999999,-0.738
0.6241,-4.0078,6.0806,-0.18,1.765,-0.738
0.6703,-3.9387,6.0806,-0.09,1.951,-0.806
0.6472,-3.8926,6.0806,-0.18,2.137,-0.738
0.6934,-3.9617,6.2128,-0.18,2.23,-0.738
0.809,-3.9847,6.2128,-0.27,2.322,-0.873
0.8321,-4.0308,6.2128,-0.18,2.508,-0.873
0.8784,-4.0078,6.0806,-0.27,2.508,-0.94
1.0402,-3.9847,6.2128,-0.361,2.88,-1.007
1.1095,-3.9617,6.2128,-0.361,3.066,-1.007
1.0402,-3.9387,6.345,-0.361,2.973,-1.007
0.9477,-4.0078,6.345,-0.27,2.973,-0.94
0.9477,-4.0078,6.345,-0.27,2.973,-0.94
0.809,-4.169,6.7415,-0.18,2.787,-1.0739999999999998
0.8552,-4.2842,7.0059,-0.18,2.787,-1.0739999999999998
0.9708,-4.3763,7.1381,-0.18,3.1590000000000003,-1.0739999999999998
1.2251,-4.5606,7.6668,-0.09,4.088,-1.343
1.2251,-4.5606,7.6668,-0.09,4.088,-1.343
1.2251,-4.5836,7.9312,-0.09,4.181,-1.41
0.7165,-4.9061,8.1956,0.09,3.1590000000000003,-1.2759999999999998
0.7859,-4.9522,8.3278,0.0,3.4379999999999997,-1.2759999999999998
0.7859,-4.9522,8.3278,0.0,3.4379999999999997,-1.2759999999999998
1.1095,-4.9752,8.5922,0.0,4.274,-1.2759999999999998
1.2713,-4.8831,8.7243,-0.451,4.7379999999999995,-1.41
1.4331,-4.9061,8.7243,-0.361,5.11,-1.4769999999999999
1.41,-5.0904,8.7243,0.0,5.017,-1.41
1.2251,-5.2516,8.8565,0.0,4.6450000000000005,-1.544
1.202,-5.3437,8.9887,0.09,4.7379999999999995,-1.4769999999999999
1.1326,-5.3898,8.9887,0.09,4.46,-1.4769999999999999
1.0402,-5.6432,9.3853,0.18,4.553,-1.612
1.0402,-5.6432,9.3853,0.18,4.553,-1.612
1.0171,-5.7583,9.5175,0.09,4.367,-1.4769999999999999
1.0864,-5.7814,9.6497,0.18,4.367,-1.544
1.0633,-5.8044,9.7818,0.09,4.46,-1.41
0.9708,-5.7814,9.6497,0.451,3.995,-1.544
0.7628,-5.8965,9.7818,0.451,3.809,-1.4769999999999999
0.7859,-5.9426,9.914,0.451,3.809,-1.4769999999999999
0.7397,-6.0117,10.0462,0.361,3.809,-1.612
0.6703,-6.1499,10.1784,0.541,3.623,-1.4769999999999999
0.7165,-6.1499,10.3106,0.6320000000000001,3.7159999999999997,-1.612
0.809,-6.1729,10.3106,0.541,3.902,-1.4769999999999999
0.8784,-6.1729,10.3106,0.451,3.995,-1.544
0.8784,-6.1729,10.3106,0.541,3.995,-1.544
0.7397,-6.1038,10.0462,0.6320000000000001,3.4379999999999997,-1.4769999999999999
0.6934,-6.0808,10.0462,0.541,3.345,-1.4769999999999999
0.6241,-6.0808,10.0462,0.6320000000000001,3.1590000000000003,-1.343
0.6241,-6.0808,10.0462,0.6320000000000001,3.1590000000000003,-1.343
0.6241,-5.9887,9.914,0.6320000000000001,2.973,-1.343
0.5779,-5.9426,9.7818,0.451,2.88,-1.2089999999999999
0.5547,-5.8505,9.5175,0.541,2.787,-1.141
0.601,-5.7583,9.3853,0.451,2.694,-1.2759999999999998
0.601,-5.6892,9.1209,0.6320000000000001,2.694,-1.0739999999999998
0.4623,-5.4359,8.7243,0.451,2.322,-1.007
0.3698,-5.3437,8.5922,0.361,2.137,-1.007
0.3929,-5.2746,8.3278,0.451,1.951,-0.873
0.3929,-5.0904,8.0634,0.27,1.951,-0.806
0.3929,-5.0904,8.0634,0.27,1.951,-0.806
0.3929,-5.0213,7.9312,0.18,1.951,-0.873
0.3698,-4.9061,7.6668,0.09,2.044,-0.806
0.416,-4.837,7.5346,0.18,1.765,-0.806
0.3929,-4.6297,7.4025,0.361,1.5790000000000002,-0.671
0.3929,-4.6297,7.4025,0.361,1.5790000000000002,-0.671
0.2542,-4.4224,7.1381,0.09,1.393,-0.5369999999999999
0.3236,-4.3533,6.8737,0.18,1.393,-0.47
0.3236,-4.3533,6.8737,0.18,1.393,-0.47
0.6241,-4.2151,6.6093,-0.18,1.951,-0.738
0.7628,-4.192,6.4771,-0.18,2.23,-0.738
0.7397,-4.146,6.4771,-0.18,2.137,-0.738
0.7397,-4.169,6.345,-0.09,2.137,-0.671
0.7859,-4.0999,6.345,-0.18,2.23,-0.738
0.8552,-4.0769,6.2128,-0.09,2.322,-0.738
0.809,-4.0538,6.2128,-0.18,2.23,-0.671
0.6241,-3.9847,6.0806,-0.18,1.8579999999999999,-0.604
0.6472,-3.9156,6.0806,-0.09,1.951,-0.604
0.7859,-3.8696,6.0806,-0.27,2.322,-0.738
0.8552,-3.8926,6.0806,-0.361,2.508,-0.806
0.8784,-3.9156,6.0806,-0.27,2.415,-0.873
0.9015,-3.9617,6.2128,-0.18,2.694,-0.873
1.0633,-3.9617,6.345,-0.361,3.066,-0.94
1.0402,-3.9847,6.345,-0.27,2.973,-0.94
0.9015,-4.0078,6.345,-0.09,2.787,-0.873
0.8784,-4.0538,6.4771,-0.18,2.787,-0.94
0.9477,-4.169,6.7415,-0.27,3.066,-1.007
1.0402,-4.2842,6.8737,-0.27,3.4379999999999997,-1.0739999999999998
1.1095,-4.3072,7.1381,-0.361,3.623,-1.0739999999999998
1.1326,-4.3303,7.1381,-0.361,3.7159999999999997,-1.0739999999999998
1.1326,-4.3072,7.2703,-0.361,3.7159999999999997,-1.007
1.0864,-4.4915,7.5346,-0.18,3.623,-1.2089999999999999
1.0633,-4.5145,7.5346,0.0,3.4379999999999997,-1.0739999999999998
1.0171,-4.5376,7.5346,0.0,3.4379999999999997,-1.007
0.9708,-4.7449,7.799,0.09,3.53,-1.2089999999999999
1.0633,-4.86,8.3278,0.09,3.902,-1.2759999999999998
1.0633,-4.86,8.3278,0.09,3.902,-1.2759999999999998
1.0633,-5.0673,8.7243,-0.09,4.181,-1.343
1.1095,-5.1364,8.8565,-0.18,4.274,-1.41
1.1789,-5.2516,9.1209,-0.09,4.6450000000000005,-1.4769999999999999
1.1558,-5.4359,9.2531,0.18,4.367,-1.4769999999999999
1.1558,-5.505,9.3853,0.27,4.553,-1.41
1.1558,-5.528,9.3853,0.27,4.46,-1.343
1.0171,-5.6201,9.3853,0.27,4.274,-1.544
1.0402,-5.6662,9.5175,0.18,4.274,-1.4769999999999999
1.0171,-5.7123,9.6497,0.18,4.274,-1.544
0.9477,-5.8274,9.7818,0.27,4.181,-1.4769999999999999
0.9477,-5.8735,9.914,0.361,4.088,-1.4769999999999999
0.9939,-5.8965,10.0462,0.361,4.274,-1.4769999999999999
0.9939,-5.9656,9.914,0.451,4.274,-1.4769999999999999
0.9015,-5.8965,9.914,0.541,4.088,-1.41
0.8321,-5.9196,9.6497,0.6320000000000001,3.7159999999999997,-1.343
0.7859,-5.8965,9.914,0.6320000000000001,3.7159999999999997,-1.41
0.8321,-5.9426,10.1784,0.451,3.902,-1.4769999999999999
0.8321,-6.0347,10.3106,0.541,3.902,-1.544
0.7628,-6.0578,10.3106,0.541,3.7159999999999997,-1.544
0.7397,-6.0347,10.1784,0.6320000000000001,3.623,-1.4769999999999999
0.7859,-6.0347,10.0462,0.541,3.53,-1.343
0.7628,-6.0117,10.0462,0.6320000000000001,3.345,-1.343
0.6703,-5.9656,9.914,0.6320000000000001,3.066,-1.2759999999999998
0.6472,-5.9196,9.7818,0.6320000000000001,3.066,-1.2089999999999999
0.6472,-5.8735,9.6497,0.6320000000000001,2.88,-1.2759999999999998
0.6241,-5.8274,9.5175,0.451,2.787,-1.2089999999999999
0.5779,-5.7353,9.3853,0.541,2.787,-1.141
0.5547,-5.6892,9.2531,0.541,2.601,-1.007
0.4854,-5.5741,9.1209,0.451,2.415,-0.94
0.4392,-5.4819,8.8565,0.451,2.137,-0.94
0.3467,-5.2746,8.46,0.451,2.044,-0.873
0.3698,-5.1825,8.3278,0.451,1.8579999999999999,-0.873
0.3236,-5.0673,8.0634,0.361,1.8579999999999999,-0.806
0.3467,-4.9752,7.9312,0.27,1.765,-0.806
0.3698,-4.9061,7.799,0.09,1.765,-0.738
0.4623,-4.6758,7.6668,0.27,1.672,-0.671
0.4623,-4.6758,7.6668,0.27,1.672,-0.671
0.5085,-4.5376,7.4025,0.27,1.765,-0.738
0.5085,-4.4915,7.4025,0.09,1.8579999999999999,-0.671
0.5085,-4.4915,7.1381,0.18,1.765,-0.5369999999999999
0.3929,-4.4224,6.8737,0.09,1.393,-0.5369999999999999
0.3236,-4.3533,6.8737,0.27,1.4860000000000002,-0.403
0.416,-4.3072,6.7415,0.0,1.672,-0.604
0.601,-4.2381,6.7415,0.0,1.951,-0.738
0.7397,-4.146,6.4771,-0.18,2.23,-0.671
0.7859,-3.9847,6.345,-0.27,2.23,-0.671
0.6934,-3.9156,6.345,-0.361,1.951,-0.671
0.5779,-3.9156,6.2128,-0.27,1.672,-0.604
0.601,-3.9156,6.2128,-0.27,1.765,-0.604
0.6703,-3.9617,6.2128,-0.27,2.044,-0.671
0.809,-3.9847,6.2128,-0.09,2.23,-0.671
0.9246,-3.9387,6.2128,-0.27,2.508,-0.738
0.9015,-3.8465,6.0806,-0.361,2.601,-0.806
0.9246,-3.8235,6.0806,-0.361,2.694,-0.873
0.8784,-3.8235,6.0806,-0.361,2.694,-0.806
0.8321,-3.8926,6.345,-0.27,2.601,-0.806
0.809,-3.9387,6.4771,-0.27,2.601,-0.806
0.809,-3.9617,6.4771,-0.18,2.601,-0.806
0.9015,-4.0538,6.4771,-0.27,2.88,-0.94
1.0171,-4.0769,6.6093,-0.27,3.1590000000000003,-0.94
1.1095,-4.0078,6.6093,-0.451,3.345,-1.007
1.1558,-4.1229,6.7415,-0.361,3.53,-1.0739999999999998
1.1095,-4.192,6.8737,-0.361,3.53,-1.0739999999999998
1.0402,-4.146,6.7415,-0.361,3.345,-1.0739999999999998
0.9939,-4.2151,6.7415,-0.27,3.1590000000000003,-1.007
0.7628,-4.3994,7.2703,-0.09,2.787,-0.94
0.809,-4.4915,7.5346,-0.09,3.1590000000000003,-1.007
0.9246,-4.5376,7.799,-0.18,3.345,-1.0739999999999998
1.0171,-4.6067,7.9312,-0.09,3.7159999999999997,-1.141
1.0402,-4.6758,8.0634,-0.09,3.809,-1.2759999999999998
1.1095,-5.2516,9.1209,0.0,4.46,-1.41
1.1095,-5.2516,9.1209,0.0,4.46,-1.41
1.1095,-5.3207,9.1209,0.0,4.46,-1.41
1.1558,-5.4819,9.3853,0.18,4.7379999999999995,-1.544
1.2482,-5.5971,9.6497,0.0,5.017,-1.612
1.2482,-5.5971,9.6497,0.0,5.017,-1.612
1.2482,-5.505,9.7818,-0.18,5.202999999999999,-1.4769999999999999
1.1789,-4.9522,9.6497,-0.8119999999999999,4.8309999999999995,-1.2759999999999998
1.1789,-5.1595,9.5175,-0.541,4.8309999999999995,-1.4769999999999999
1.1558,-5.505,9.3853,0.18,4.553,-1.41
1.0633,-5.6662,9.6497,0.18,4.367,-1.544
1.0171,-5.7353,9.5175,0.541,4.274,-1.4769999999999999
0.9477,-5.7814,9.6497,0.541,4.181,-1.4769999999999999
0.8552,-5.7583,9.5175,0.541,3.995,-1.4769999999999999
0.809,-5.8044,9.6497,0.541,3.809,-1.41
0.7628,-5.8274,9.7818,0.541,3.809,-1.343
0.7397,-5.8274,9.7818,0.451,3.7159999999999997,-1.343
0.6703,-5.8044,9.7818,0.541,3.4379999999999997,-1.2759999999999998
0.6241,-5.7583,9.6497,0.451,3.252,-1.41
0.5779,-5.7583,9.6497,0.451,3.066,-1.343
0.5779,-5.7353,9.6497,0.451,3.066,-1.2759999999999998
0.4623,-5.8274,9.914,0.541,2.88,-1.2089999999999999
0.4623,-5.8274,9.7818,0.6320000000000001,2.787,-1.2089999999999999
0.5316,-5.8274,9.6497,0.541,2.973,-1.2089999999999999
0.6241,-5.6892,9.5175,0.541,2.88,-1.2089999999999999
0.5779,-5.528,9.1209,0.451,2.787,-1.2089999999999999
0.5316,-5.4589,8.9887,0.451,2.508,-1.007
0.4854,-5.3668,8.9887,0.361,2.415,-1.007
0.3929,-5.2516,8.5922,0.27,2.044,-0.873
0.3929,-5.2055,8.46,0.361,2.137,-0.94
0.416,-5.1364,8.3278,0.451,2.137,-0.94
0.4392,-5.0904,8.0634,0.361,2.137,-0.873
0.3467,-5.0443,7.9312,0.27,1.8579999999999999,-0.873
0.5547,-4.814,7.6668,0.27,2.137,-0.738
0.5316,-4.7218,7.6668,0.27,1.951,-0.738
0.4392,-4.6758,7.5346,0.361,1.672,-0.671
0.2542,-4.5606,7.4025,0.27,1.207,-0.47
0.3236,-4.3994,6.8737,0.09,1.393,-0.403
0.6934,-4.2151,6.6093,-0.09,2.044,-0.604
0.7628,-4.192,6.7415,-0.09,2.137,-0.604
0.6934,-4.169,6.6093,0.0,2.044,-0.671
0.6241,-4.192,6.6093,0.0,1.8579999999999999,-0.738
0.7397,-4.146,6.4771,-0.09,2.23,-0.671
0.7859,-4.0769,6.4771,-0.09,2.322,-0.738
0.6934,-4.0308,6.345,-0.18,1.951,-0.671
0.601,-3.9156,6.2128,0.0,1.765,-0.5369999999999999
0.6703,-3.8926,6.0806,-0.09,1.951,-0.5369999999999999
0.6703,-3.8235,6.0806,-0.18,1.951,-0.671
0.601,-3.8235,6.0806,-0.09,1.765,-0.5369999999999999
0.5779,-3.8465,6.0806,-0.09,1.765,-0.5369999999999999
0.7628,-3.8235,6.0806,-0.18,2.322,-0.738
0.9015,-3.8465,6.2128,-0.18,2.508,-0.738
0.8321,-3.8696,6.0806,-0.27,2.415,-0.671
0.7165,-3.8465,6.0806,-0.09,2.137,-0.671
0.7165,-3.8696,6.0806,-0.09,2.137,-0.604
0.8321,-3.8926,6.2128,-0.18,2.508,-0.738
0.9939,-4.0078,6.4771,-0.361,3.066,-0.94
0.9939,-4.0078,6.4771,-0.361,3.066,-0.94
0.9246,-4.0999,6.6093,-0.09,2.787,-0.873
0.9477,-4.2151,6.7415,-0.09,3.066,-0.94
1.0633,-4.2151,6.8737,-0.27,3.345,-0.94
1.0864,-4.2381,7.0059,-0.18,3.4379999999999997,-1.0739999999999998
1.0402,-4.2842,6.8737,0.0,3.252,-1.007
0.9939,-4.3533,7.1381,0.0,3.345,-1.007
1.0171,-4.4685,7.5346,0.0,3.53,-1.0739999999999998
1.1326,-4.5606,7.799,0.0,3.809,-1.141
1.1326,-4.5606,7.799,0.0,3.809,-1.141
1.1326,-4.7679,8.1956,0.09,3.995,-1.343
1.0864,-4.86,8.3278,0.18,3.995,-1.2759999999999998
1.1095,-4.9522,8.46,0.09,3.902,-1.343
1.1789,-4.9982,8.5922,0.0,4.181,-1.343
1.2251,-5.0673,8.8565,-0.09,4.46,-1.41
1.1326,-5.2977,9.1209,0.09,4.553,-1.4769999999999999
1.1326,-5.2977,9.1209,0.09,4.553,-1.4769999999999999
1.1558,-5.551,9.6497,0.09,4.7379999999999995,-1.4769999999999999
1.2251,-5.6201,9.7818,0.09,4.924,-1.4769999999999999
1.2482,-5.6892,10.0462,0.09,5.11,-1.544
1.1558,-5.8505,10.1784,0.27,4.8309999999999995,-1.612
1.1095,-5.9196,10.3106,0.27,4.8309999999999995,-1.612
1.0864,-5.9426,10.4428,0.18,4.8309999999999995,-1.544
1.0171,-5.9887,10.3106,0.27,4.46,-1.4769999999999999
0.8784,-6.0347,10.3106,0.451,4.367,-1.544
0.7628,-6.0347,10.1784,0.6320000000000001,3.902,-1.41
0.6703,-6.0347,10.1784,0.6320000000000001,3.623,-1.343
0.6472,-6.0347,10.3106,0.6320000000000001,3.7159999999999997,-1.2759999999999998
0.7165,-6.0578,10.4428,0.541,3.809,-1.343
0.6934,-6.1038,10.575,0.6320000000000001,3.809,-1.343
0.6472,-6.1499,10.575,0.8119999999999999,3.53,-1.343
0.6241,-6.1499,10.575,0.722,3.53,-1.343
0.5779,-6.1038,10.3106,0.8119999999999999,3.1590000000000003,-1.2759999999999998
0.5547,-6.0578,10.1784,0.722,3.066,-1.2089999999999999
0.5085,-6.0117,10.0462,0.6320000000000001,2.88,-1.2089999999999999
0.4854,-5.8274,9.7818,0.541,2.601,-1.141
0.4854,-5.7583,9.6497,0.541,2.601,-1.007
0.416,-5.528,9.1209,0.27,2.415,-1.007
0.3698,-5.3898,8.9887,0.361,2.23,-0.806
0.3467,-5.2977,8.7243,0.27,2.137,-0.806
0.2542,-5.1134,8.3278,0.361,1.8579999999999999,-0.738
0.2773,-5.0213,8.0634,0.27,1.765,-0.604
0.2773,-4.9291,7.9312,0.361,1.672,-0.671
0.3467,-4.814,7.6668,0.09,1.672,-0.671
0.3698,-4.7909,7.5346,0.18,1.672,-0.738
0.2542,-4.6758,7.4025,0.18,1.4860000000000002,-0.738
0.1386,-4.5836,7.4025,0.09,1.115,-0.604
0.1618,-4.5145,7.4025,0.18,1.207,-0.5369999999999999
0.5316,-4.4224,6.8737,0.09,1.765,-0.604
0.6472,-4.3072,6.7415,0.0,1.951,-0.5369999999999999
0.6472,-4.192,6.7415,-0.09,1.951,-0.604
0.6472,-4.192,6.7415,-0.09,1.951,-0.604
0.5779,-4.2381,6.6093,-0.09,1.951,-0.604
0.5779,-4.2151,6.6093,-0.09,1.8579999999999999,-0.738
0.5779,-4.146,6.4771,-0.09,1.8579999999999999,-0.671
0.6241,-4.0538,6.345,-0.09,1.8579999999999999,-0.671
0.6703,-3.9617,6.2128,-0.18,1.951,-0.604
0.7859,-3.8005,6.0806,-0.361,2.23,-0.671
0.6934,-3.8005,6.2128,-0.451,2.044,-0.604
0.5779,-3.7774,6.2128,-0.27,1.765,-0.604
0.601,-3.8696,6.2128,-0.27,1.8579999999999999,-0.47
0.8784,-3.9156,6.2128,-0.27,2.508,-0.738
0.8784,-3.9156,6.2128,-0.27,2.508,-0.738
0.9477,-3.9156,6.345,-0.27,2.694,-0.806
0.8321,-3.9387,6.345,-0.18,2.508,-0.738
0.8321,-3.9387,6.345,-0.27,2.508,-0.806
0.9477,-3.9387,6.4771,-0.27,2.88,-0.806
0.9015,-4.0078,6.4771,-0.27,2.88,-0.806
0.9015,-4.0769,6.4771,-0.18,2.973,-0.873
0.9477,-4.146,6.7415,-0.451,3.1590000000000003,-0.873
1.0171,-4.192,6.8737,-0.361,3.252,-1.007
1.0171,-4.3072,7.0059,-0.18,3.252,-1.007
0.9477,-4.3994,7.2703,0.0,3.066,-1.007
0.9477,-4.4685,7.2703,0.0,3.1590000000000003,-0.94
0.9477,-4.4224,7.2703,0.0,3.252,-1.007
0.9708,-4.4454,7.4025,0.0,3.345,-1.007
1.1326,-4.6527,7.9312,0.09,3.902,-1.2089999999999999
1.1326,-4.7909,8.1956,0.09,3.902,-1.343
1.0864,-4.9291,8.46,0.18,3.995,-1.2759999999999998
1.1095,-5.0904,8.5922,0.0,4.088,-1.343
1.202,-5.1134,8.7243,0.0,4.46,-1.41
1.3176,-5.1825,8.8565,0.09,4.7379999999999995,-1.41
1.3638,-5.3437,9.2531,-0.09,5.11,-1.612
1.3869,-5.4589,9.3853,0.0,5.11,-1.612
1.3869,-5.5971,9.5175,0.27,5.202999999999999,-1.544
1.3407,-5.7123,9.7818,0.27,5.202999999999999,-1.6789999999999998
1.3869,-5.9196,10.0462,0.361,5.482,-1.746
1.3869,-6.0578,10.1784,0.541,5.482,-1.746
1.41,-6.1269,10.3106,0.6320000000000001,5.482,-1.813
1.3638,-6.1729,10.3106,0.541,5.482,-1.746
1.2713,-6.1729,10.3106,0.6320000000000001,5.017,-1.746
1.1326,-6.219,10.3106,0.6320000000000001,4.7379999999999995,-1.6789999999999998
0.9708,-6.242,10.4428,0.8119999999999999,4.274,-1.612
0.8784,-6.3111,10.4428,0.993,4.088,-1.544
0.7628,-6.3802,10.7072,0.993,3.902,-1.4769999999999999
0.7165,-6.3802,10.7072,0.993,3.902,-1.41
0.6703,-5.8505,10.575,0.18,3.7159999999999997,-1.2089999999999999
0.6934,-6.1038,10.575,0.722,3.53,-1.41
0.6934,-6.1038,10.575,0.722,3.53,-1.41
0.6703,-6.219,10.1784,1.083,3.252,-1.343
0.6703,-6.219,10.1784,1.083,3.252,-1.343
0.416,-6.1499,9.7818,1.173,2.508,-1.141
0.208,-6.1038,9.6497,1.2640000000000002,2.137,-1.007
-0.0,-5.8735,9.1209,1.173,1.393,-0.806
0.0231,-5.7353,8.8565,1.173,1.4860000000000002,-0.873
0.0462,-5.3207,7.9312,0.903,1.115,-0.806
0.0462,-5.0904,7.4025,0.903,0.9289999999999999,-0.604
-0.0693,-4.9752,7.2703,0.903,0.65,-0.47
-0.1618,-4.9522,7.2703,0.722,0.65,-0.403
-0.1618,-4.9291,7.5346,0.451,0.65,-0.403
-0.0462,-4.9061,7.6668,0.361,1.022,-0.47
0.0924,-4.4915,7.6668,-0.09,1.207,-0.403
0.2311,-4.0308,7.6668,-0.903,1.5790000000000002,-0.5369999999999999
0.1386,-4.5606,7.4025,0.09,1.115,-0.671
0.0924,-4.7679,7.0059,0.541,1.115,-0.671
0.1155,-4.7679,6.8737,0.6320000000000001,1.022,-0.604
0.208,-4.6988,6.8737,0.722,1.207,-0.604
0.0693,-4.2612,6.6093,0.18,1.022,-0.335
0.1618,-3.8696,6.6093,-0.541,1.3,-0.47
0.3698,-3.7774,6.7415,-0.8119999999999999,1.672,-0.5369999999999999
0.601,-3.6623,6.7415,-1.083,2.23,-0.671
0.8321,-3.501,6.8737,-1.3539999999999999,2.88,-0.671
0.9015,-3.3168,6.8737,-1.625,2.88,-0.873
0.9015,-3.3168,6.8737,-1.625,2.88,-0.873
0.9246,-3.0404,6.7415,-1.896,2.88,-0.873
1.0171,-2.8561,7.0059,-2.4379999999999997,3.345,-0.806
1.0402,-2.81,7.1381,-2.618,3.623,-0.873
1.0633,-2.3263,7.2703,-3.341,3.809,-0.671
1.0633,-1.8426,7.4025,-4.1530000000000005,3.902,-0.403
1.1326,-1.6123,7.4025,-4.605,4.181,-0.604
1.202,-1.5893,7.4025,-4.424,4.274,-0.738
1.0633,-1.3589,7.2703,-4.785,4.088,-0.5369999999999999
1.0402,-1.5202,7.1381,-4.515000000000001,3.902,-0.671
0.9939,-1.7735,7.1381,-3.8819999999999997,3.623,-0.671
1.0633,-1.7735,7.2703,-3.973,3.995,-0.806
1.1558,-1.6584,7.5346,-4.244,4.274,-0.738
1.0633,-0.4376,7.799,-6.05,4.6450000000000005,-0.201
1.0171,-0.4376,7.799,-5.869,4.367,-0.268
1.1326,-0.7601,7.6668,-5.507999999999999,4.553,-0.604
1.2251,-0.8983,7.799,-5.147,4.7379999999999995,-0.604
1.2251,-0.8752,7.9312,-5.237,4.924,-0.5369999999999999
1.2713,-1.0365,8.1956,-5.147,5.017,-0.604
1.2251,-0.7831,8.3278,-5.507999999999999,5.017,-0.47
1.202,-0.1842,8.5922,-6.501,5.11,-0.201
1.0402,0.3685,8.3278,-7.043,5.017,-0.067
1.0864,-0.023,8.3278,-6.321,4.8309999999999995,-0.268
0.9708,-0.2533,8.3278,-5.779,4.553,-0.268
0.9246,-0.4376,8.46,-5.417999999999999,4.367,-0.268
0.809,0.1382,8.7243,-6.321,4.367,0.201
0.8321,0.4837,8.7243,-6.862,4.46,0.335
0.8552,0.8061,8.8565,-7.314,4.7379999999999995,0.403
0.8321,0.9674,8.9887,-7.404,4.8309999999999995,0.403
0.7628,1.0134,9.1209,-7.404,4.6450000000000005,0.403
0.6934,1.1056,9.2531,-7.404,4.46,0.47
0.6472,1.2668,9.2531,-7.765,4.46,0.47
0.6241,1.4971,9.2531,-7.856,4.6450000000000005,0.5369999999999999
0.6934,1.8196,9.1209,-7.946,4.6450000000000005,0.738
0.6934,1.8196,9.1209,-7.946,4.6450000000000005,0.738
0.6472,1.9117,9.2531,-7.856,4.553,0.873
0.601,2.073,9.1209,-8.036,4.46,0.806
0.5316,2.3954,9.2531,-8.217,4.367,0.873
0.5779,2.4415,9.1209,-8.126999999999999,4.367,0.806
0.601,2.4415,9.1209,-8.036,4.46,0.806
0.6241,2.4415,9.1209,-7.946,4.367,0.738
0.4854,2.6718,8.9887,-7.856,4.088,0.94
0.4392,2.8561,8.7243,-8.036,3.902,1.2089999999999999
0.3929,2.9022,8.5922,-7.946,3.809,1.2759999999999998
0.3005,2.8561,8.3278,-7.495000000000001,3.345,1.343
0.2311,2.8561,8.1956,-7.224,3.252,1.41
0.1849,2.8791,8.0634,-7.224,3.066,1.4769999999999999
0.1618,2.9482,7.9312,-7.314,2.88,1.612
0.0924,3.1095,7.799,-7.404,2.88,1.746
0.0924,3.1786,7.6668,-7.404,2.787,2.015
0.0462,3.1555,7.5346,-7.043,2.694,2.283
-0.0,3.0864,7.5346,-6.862,2.601,2.4179999999999997
-0.0231,3.0864,7.4025,-6.862,2.415,2.4179999999999997
-0.2311,2.9482,7.2703,-6.23,1.672,2.619
-0.2542,2.81,7.1381,-5.779,1.5790000000000002,2.686
-0.1618,2.6488,7.0059,-5.417999999999999,1.672,2.686
-0.0462,2.4876,6.7415,-5.237,1.672,2.4179999999999997
0.0231,2.5106,6.6093,-5.417999999999999,1.765,2.4179999999999997
0.0693,2.5336,6.6093,-5.237,1.951,2.4179999999999997
0.1386,2.4645,6.6093,-4.966,1.8579999999999999,2.485
0.1386,2.4645,6.6093,-4.966,1.8579999999999999,2.485
0.1849,2.4185,6.4771,-4.785,2.044,2.4179999999999997
0.1386,2.4185,6.4771,-4.8759999999999994,1.951,2.283
0.2311,2.3954,6.345,-4.785,2.044,2.3499999999999996
0.3005,2.3263,6.2128,-4.694999999999999,2.137,2.283
0.3698,2.2572,6.0806,-4.605,2.23,2.3499999999999996
0.3698,2.2572,6.0806,-4.515000000000001,2.23,2.3499999999999996
0.3929,2.2342,6.2128,-4.424,2.322,2.2159999999999997
0.3929,2.2342,6.2128,-4.424,2.322,2.2159999999999997
0.416,2.3724,6.345,-4.515000000000001,2.508,2.3499999999999996
0.4623,2.4185,6.4771,-4.515000000000001,2.694,2.4179999999999997
0.4392,2.4185,6.4771,-4.515000000000001,2.787,2.4179999999999997
0.5779,2.3954,6.7415,-4.424,3.1590000000000003,2.4179999999999997
0.6241,2.5797,6.7415,-4.694999999999999,3.4379999999999997,2.3499999999999996
0.6241,2.6027,6.8737,-4.785,3.53,2.4179999999999997
0.7628,2.6718,7.1381,-4.785,3.809,2.485
0.7628,2.6718,7.1381,-4.785,3.809,2.485
0.8784,2.6949,7.2703,-4.8759999999999994,4.274,2.5519999999999996
0.8784,2.8331,7.6668,-4.966,4.553,2.686
0.8552,2.9252,7.6668,-5.327,4.553,2.686
0.8552,3.0404,7.9312,-5.327,4.553,2.686
0.8784,3.0634,7.9312,-5.327,4.553,2.753
0.9246,3.0864,7.9312,-5.327,4.553,2.821
1.0864,3.1786,8.1956,-5.507999999999999,5.202999999999999,2.821
1.202,3.3398,8.46,-5.689,5.389,2.753
1.1789,3.455,8.46,-5.779,5.482,2.821
1.1326,3.501,8.5922,-5.689,5.295999999999999,2.888
0.9477,3.5241,8.5922,-5.689,5.017,2.753
0.8552,3.5241,8.5922,-5.689,4.8309999999999995,2.888
0.809,3.5932,8.7243,-5.689,4.7379999999999995,2.888
0.7628,3.7083,8.8565,-5.779,4.7379999999999995,2.821
0.7397,3.8926,8.9887,-5.869,4.8309999999999995,2.955
0.7397,3.8465,8.9887,-5.779,4.7379999999999995,3.0220000000000002
0.6934,3.8926,9.1209,-5.779,4.7379999999999995,3.089
0.6472,3.9847,9.2531,-5.869,4.7379999999999995,3.1559999999999997
0.6472,3.9847,9.2531,-5.869,4.7379999999999995,3.1559999999999997
0.6241,4.169,9.5175,-5.779,4.6450000000000005,3.089
0.5547,4.2151,9.5175,-5.779,4.553,3.089
0.4854,4.192,9.3853,-5.689,4.46,3.1559999999999997
0.4392,4.192,9.5175,-5.598,4.274,3.1559999999999997
0.4623,4.3533,9.7818,-5.598,4.46,3.224
0.416,4.4224,9.7818,-5.598,4.367,3.224
0.4623,4.4224,9.7818,-5.598,4.46,3.291
0.4854,4.4685,9.7818,-5.327,4.46,3.224
0.4623,4.4685,9.7818,-5.327,4.274,3.224
0.2311,4.3303,9.5175,-4.966,3.902,3.224
0.1849,4.2612,9.6497,-4.8759999999999994,3.809,3.224
0.2311,4.3303,9.6497,-4.8759999999999994,3.995,3.089
0.3236,4.4454,9.7818,-4.966,4.088,3.089
0.3005,4.5606,9.7818,-5.056000000000001,4.088,3.1559999999999997
0.2311,4.5606,9.7818,-4.966,3.995,3.224
0.2542,4.5606,9.7818,-4.785,3.902,3.291
0.3005,4.5376,9.7818,-4.8759999999999994,3.995,3.291
0.3005,4.5145,9.5175,-4.785,3.995,3.3579999999999997
0.2773,4.5145,9.3853,-4.605,3.809,3.291
0.1386,4.3763,9.2531,-4.334,3.345,3.224
0.0693,4.3303,9.2531,-4.1530000000000005,3.1590000000000003,3.291
0.0231,4.2381,8.9887,-4.1530000000000005,2.88,3.224
0.0231,4.0078,8.5922,-3.702,2.508,3.1559999999999997
0.0231,3.9156,8.1956,-3.702,2.415,3.089
-0.0462,3.7774,8.0634,-3.5210000000000004,2.322,3.0220000000000002
-0.0,3.7083,7.9312,-3.5210000000000004,2.23,3.0220000000000002
0.0231,3.6392,7.799,-3.431,2.137,3.0220000000000002
0.0231,3.455,7.5346,-3.25,1.951,2.888
-0.0,3.3859,7.4025,-3.16,1.8579999999999999,2.753
-0.0,3.3859,7.4025,-3.16,1.8579999999999999,2.753
-0.1849,3.2477,7.1381,-2.979,1.3,2.619
-0.0462,3.2246,7.0059,-2.799,1.672,2.686
0.0924,3.1555,6.8737,-2.889,1.765,2.686
0.1849,2.9713,6.6093,-2.979,1.765,2.686
0.1386,2.9252,6.4771,-2.799,1.4860000000000002,2.619
-0.0,2.8791,6.4771,-2.618,1.4860000000000002,2.485
-0.0,2.8791,6.4771,-2.618,1.4860000000000002,2.485
0.1618,2.8791,6.345,-2.618,1.4860000000000002,2.5519999999999996
0.4623,2.81,6.345,-2.618,2.137,2.4179999999999997
0.4392,2.81,6.2128,-2.7089999999999996,2.137,2.485
0.3005,2.764,6.0806,-2.5280000000000005,1.765,2.485
0.3005,2.764,6.0806,-2.5280000000000005,1.765,2.485
0.208,2.6718,6.0806,-2.4379999999999997,1.5790000000000002,2.3499999999999996
0.416,2.6949,6.0806,-2.5280000000000005,2.137,2.485
0.601,2.764,6.2128,-2.5280000000000005,2.601,2.5519999999999996
0.4392,2.6718,6.0806,-2.4379999999999997,2.137,2.485
0.5085,2.6718,6.0806,-2.4379999999999997,2.322,2.5519999999999996
0.6703,2.6718,6.2128,-2.5280000000000005,2.601,2.5519999999999996
0.809,2.6949,6.345,-2.4379999999999997,3.066,2.5519999999999996
0.8321,2.7179,6.345,-2.4379999999999997,3.1590000000000003,2.619
0.809,2.7409,6.345,-2.5280000000000005,2.88,2.619
0.7628,2.764,6.345,-2.5280000000000005,3.066,2.5519999999999996
0.7628,2.787,6.345,-2.5280000000000005,2.973,2.5519999999999996
0.7859,2.8561,6.4771,-2.5280000000000005,3.1590000000000003,2.686
0.7628,2.9482,6.7415,-2.7089999999999996,3.252,2.686
0.7628,3.0173,6.8737,-2.799,3.252,2.686
0.7397,3.0634,6.8737,-2.799,3.345,2.821
0.7628,3.1095,6.8737,-2.799,3.4379999999999997,2.821
0.7859,3.0864,7.0059,-2.799,3.53,2.888
0.8321,3.1095,7.2703,-2.979,3.809,2.888
0.8552,3.1786,7.4025,-2.889,3.902,2.955
0.809,3.2937,7.5346,-2.979,4.088,3.0220000000000002
0.6703,3.478,7.799,-3.07,3.902,3.089
0.6934,3.5701,7.9312,-2.979,4.088,3.1559999999999997
0.7397,3.6623,8.1956,-2.979,4.181,3.1559999999999997
0.809,3.7544,8.46,-3.25,4.553,3.1559999999999997
0.9246,4.0999,9.1209,-3.431,5.017,3.224
1.0402,4.2612,9.5175,-3.702,5.202999999999999,3.291
1.0633,4.3994,9.6497,-3.792,5.389,3.492
1.0402,4.5376,9.914,-3.792,5.667999999999999,3.559
1.0171,4.5606,9.914,-3.8819999999999997,5.575,3.6270000000000002
0.8784,4.6988,9.914,-3.8819999999999997,5.295999999999999,3.6270000000000002
0.809,4.7449,10.0462,-3.8819999999999997,5.11,3.694
0.7859,4.837,10.1784,-3.973,5.11,3.761
0.7397,4.8831,10.3106,-3.8819999999999997,5.202999999999999,3.761
0.6703,4.9522,10.1784,-3.792,4.924,3.761
0.6703,4.9982,10.1784,-3.8819999999999997,5.017,3.694
0.6934,4.9982,10.3106,-3.8819999999999997,5.017,3.761
0.6472,5.0904,10.1784,-3.792,4.924,3.694
0.601,5.0904,10.3106,-3.8819999999999997,4.8309999999999995,3.694
0.4854,5.1595,10.1784,-3.973,4.553,3.559
0.3929,5.1364,10.1784,-3.792,4.367,3.6270000000000002
0.3929,5.1364,10.1784,-3.792,4.367,3.6270000000000002
0.1849,5.0213,9.7818,-3.5210000000000004,3.7159999999999997,3.559
0.0924,4.86,9.6497,-3.431,3.4379999999999997,3.559
0.0231,4.7679,9.6497,-3.431,3.1590000000000003,3.4250000000000003
0.0231,4.814,9.6497,-3.25,3.066,3.4250000000000003
0.0231,4.7218,9.3853,-3.07,2.88,3.4250000000000003
-0.0231,4.5145,8.8565,-2.979,2.508,3.291
-0.0231,4.4454,8.7243,-2.979,2.508,3.291
-0.0462,4.3763,8.7243,-2.889,2.23,3.1559999999999997
-0.0924,4.3072,8.46,-2.889,2.044,3.1559999999999997
-0.0924,4.169,8.1956,-2.7089999999999996,1.8579999999999999,3.1559999999999997
-0.0693,4.0769,8.0634,-2.618,1.765,3.1559999999999997
-0.0231,3.9847,7.9312,-2.618,1.951,3.089
-0.0,3.9847,7.9312,-2.4379999999999997,1.951,3.0220000000000002
-0.0924,3.9617,7.9312,-2.5280000000000005,1.765,2.955
-0.1155,3.9617,7.799,-2.4379999999999997,1.672,2.888
0.0462,3.7774,7.4025,-2.4379999999999997,1.672,2.955
0.0462,3.7774,7.4025,-2.4379999999999997,1.672,2.955
0.0231,3.6392,7.2703,-2.347,1.672,2.888
0.0693,3.5241,7.0059,-2.4379999999999997,1.5790000000000002,2.888
0.0693,3.478,7.0059,-2.347,1.672,2.821
0.4854,3.4319,6.8737,-2.257,2.415,2.888
0.5316,3.4319,6.8737,-2.257,2.601,2.821
0.4623,3.3859,6.8737,-2.257,2.23,2.821
0.3467,3.2707,6.6093,-2.167,1.8579999999999999,2.753
0.2311,3.1555,6.6093,-2.167,1.5790000000000002,2.686
0.416,3.0864,6.6093,-2.167,1.951,2.686
0.5547,3.1555,6.6093,-2.347,2.415,2.686
0.4623,3.1325,6.4771,-2.257,2.137,2.821
0.4623,3.1325,6.4771,-2.257,2.137,2.821
0.5085,3.1095,6.4771,-2.347,2.23,2.753
0.6241,3.0404,6.345,-2.347,2.415,2.619
0.6934,2.9943,6.2128,-2.257,2.508,2.686
0.6241,2.9252,6.2128,-2.167,2.23,2.686
0.5316,2.9022,6.0806,-2.167,2.137,2.5519999999999996
0.5085,2.9022,6.0806,-2.167,2.044,2.686
0.5779,2.9252,6.2128,-2.076,2.322,2.686
0.6241,2.9482,6.2128,-2.076,2.508,2.821
0.7397,3.0404,6.4771,-2.167,2.973,2.955
0.7397,3.0404,6.4771,-2.167,2.973,2.955
0.809,3.0634,6.4771,-2.257,2.973,2.888
0.809,3.0404,6.4771,-2.257,3.066,2.888
0.7165,3.0864,6.6093,-2.257,2.973,2.753
0.7165,3.0864,6.6093,-2.257,2.973,2.753
0.601,3.3398,6.7415,-2.257,3.066,2.821
0.601,3.3398,6.7415,-2.257,3.066,2.821
0.6703,3.455,7.1381,-2.4379999999999997,3.4379999999999997,2.955
0.7165,3.5241,7.2703,-2.5280000000000005,3.623,3.0220000000000002
0.7859,3.5701,7.4025,-2.4379999999999997,3.809,3.1559999999999997
0.7859,3.6392,7.5346,-2.4379999999999997,3.809,3.224
0.7628,3.7083,7.6668,-2.5280000000000005,3.809,3.291
0.7397,3.8005,7.9312,-2.618,3.995,3.291
0.7397,3.9387,7.9312,-2.7089999999999996,4.088,3.3579999999999997
0.7628,4.0769,8.3278,-2.7089999999999996,4.367,3.4250000000000003
0.7859,4.2151,8.5922,-2.799,4.367,3.492
0.9015,4.3994,8.9887,-3.07,4.7379999999999995,3.559
1.0171,4.5836,9.3853,-2.979,5.11,3.694
1.0171,4.5836,9.3853,-2.979,5.11,3.694
1.0171,4.814,9.6497,-3.07,5.482,3.895
0.9939,4.9061,9.7818,-3.07,5.389,3.895
0.9708,4.9752,9.914,-3.16,5.482,3.963
0.9708,5.0443,10.0462,-3.07,5.575,4.03
0.9246,5.2746,10.3106,-3.341,5.667999999999999,3.963
0.9246,5.3437,10.575,-3.431,5.667999999999999,3.963
0.9246,5.3437,10.575,-3.431,5.667999999999999,3.963
0.9939,5.505,10.8393,-3.431,5.853000000000001,4.03
1.0171,5.5741,10.8393,-3.5210000000000004,5.946,4.03
0.9708,5.6432,10.9715,-3.341,5.760999999999999,4.097
0.9246,5.6892,10.9715,-3.341,5.760999999999999,4.03
0.809,5.7583,10.8393,-3.341,5.575,4.03
0.6934,5.7583,10.9715,-3.25,5.202999999999999,3.963
0.6472,5.7814,10.9715,-3.431,5.295999999999999,3.963
0.601,5.8505,11.1037,-3.431,5.295999999999999,3.963
0.601,5.8735,11.1037,-3.5210000000000004,5.295999999999999,3.963
0.7628,5.8505,11.3681,-3.25,5.760999999999999,4.03
1.0171,5.7353,11.7647,-3.25,6.3180000000000005,3.694
1.595,5.9196,12.2934,-3.16,7.805,3.224
1.595,5.9196,12.2934,-3.16,7.805,3.224
1.6874,5.9426,12.5578,-3.25,8.083,3.224
1.7105,5.9887,12.5578,-3.431,8.176,3.089
1.7105,6.0808,12.4256,-3.5210000000000004,8.269,3.224
1.7568,6.0347,12.2934,-3.431,8.362,3.291
1.8492,5.8735,12.1612,-3.341,8.548,3.089
1.803,5.7583,12.029,-3.25,8.548,3.0220000000000002
1.8492,5.6662,11.8968,-3.16,8.548,3.0220000000000002
1.9186,5.6662,11.7647,-3.341,8.641,2.888
1.8955,5.6892,11.6325,-3.431,8.548,2.955
1.7337,5.7123,11.3681,-3.5210000000000004,8.083,3.291
1.6412,5.7123,11.2359,-3.5210000000000004,7.898,3.4250000000000003
1.5718,5.7353,11.2359,-3.5210000000000004,7.619,3.559
1.5487,5.7123,11.1037,-3.5210000000000004,7.433,3.761
1.4331,5.5971,10.7072,-3.431,7.154,3.761
1.3638,5.505,10.4428,-3.25,6.783,3.559
1.3638,5.505,10.4428,-3.25,6.783,3.559
1.41,5.4819,10.4428,-3.431,6.8759999999999994,3.492
1.41,5.3898,10.1784,-3.431,6.783,3.761
1.3869,5.2977,10.0462,-3.25,6.5969999999999995,3.694
1.3407,5.2977,10.0462,-3.07,6.411,3.761
1.3176,5.2977,10.1784,-3.07,6.504,3.761
1.4331,5.3668,10.1784,-3.16,6.8759999999999994,3.895
1.4794,5.3207,10.0462,-3.16,6.8759999999999994,4.03
1.5487,5.2977,10.1784,-3.07,7.061,3.963
1.595,5.2746,10.3106,-2.889,7.34,4.03
1.6643,5.2977,10.4428,-2.799,7.712,4.03
1.803,5.3898,10.7072,-2.799,8.176,4.164
1.803,5.3898,10.7072,-2.799,8.176,4.164
1.803,5.505,10.8393,-2.979,8.362,4.231
1.8261,5.4819,10.9715,-2.799,8.641,4.231
1.8261,5.505,10.9715,-2.799,8.548,4.231
1.8261,5.4359,10.8393,-2.7089999999999996,8.548,4.164
1.7799,5.505,10.9715,-2.7089999999999996,8.548,4.164
1.7105,5.6201,10.9715,-2.889,8.455,4.433
1.5487,5.6662,10.9715,-2.979,8.548,4.835999999999999
1.4563,5.6892,10.8393,-3.16,8.455,4.7010000000000005
1.3869,5.7583,10.7072,-3.07,7.9910000000000005,4.567
1.4331,5.7353,10.7072,-3.16,8.176,4.5
1.4331,5.7353,10.7072,-3.16,8.176,4.6339999999999995
1.4563,5.6892,10.8393,-2.979,8.269,4.769
1.3869,5.6201,10.8393,-2.799,8.455,4.769
1.0633,5.551,10.8393,-2.5280000000000005,7.712,4.5
0.9477,5.6432,10.9715,-2.618,7.526000000000001,4.5
0.9477,5.9887,10.8393,-3.16,7.805,4.6339999999999995
0.9939,6.0347,10.9715,-3.341,8.083,4.6339999999999995
1.0402,6.0808,10.9715,-3.341,8.083,4.769
1.0402,5.9887,10.575,-3.341,7.805,4.7010000000000005
1.0171,5.9196,10.575,-3.25,7.526000000000001,4.835999999999999
1.0171,5.9196,10.575,-3.25,7.526000000000001,4.835999999999999
0.9708,5.9426,10.7072,-3.16,7.805,5.037000000000001
0.9939,5.9887,10.8393,-2.979,7.9910000000000005,5.172
1.0171,6.0578,10.8393,-2.979,8.269,5.103999999999999
1.0171,6.0578,10.8393,-2.979,8.269,5.103999999999999
1.0171,6.0347,10.7072,-2.979,8.176,5.172
1.0633,5.9656,10.575,-2.889,8.362,5.103999999999999
1.0864,5.9656,10.7072,-2.889,8.455,5.172
1.0633,5.9887,10.8393,-2.979,8.548,5.037000000000001
1.1558,6.0808,10.9715,-3.07,9.106,5.172
1.1558,6.0808,10.9715,-3.07,9.106,5.172
1.2251,6.2881,11.5003,-3.07,9.663,5.507
1.2482,6.3111,11.5003,-3.16,9.756,5.507
1.2713,6.1499,11.3681,-2.799,9.57,5.575
1.2944,6.1269,11.2359,-2.799,9.384,5.373
1.2944,6.1038,11.1037,-2.889,9.477,5.44
1.3407,6.1499,11.2359,-2.799,9.663,5.507
1.3407,6.196,11.3681,-2.889,10.035,5.709
1.3407,6.196,11.3681,-2.889,10.035,5.709
1.4331,6.242,11.7647,-2.889,10.499,5.709
1.4794,6.242,11.6325,-2.7089999999999996,10.314,5.575
1.4794,6.242,11.6325,-2.7089999999999996,10.314,5.575
1.3638,6.2651,11.5003,-2.7089999999999996,10.128,5.776
1.3869,6.2651,11.5003,-2.618,10.128,5.776
1.4794,6.219,11.6325,-2.618,10.221,5.91
1.5718,6.242,11.6325,-2.4379999999999997,10.685,5.978
1.5718,6.242,11.6325,-2.4379999999999997,10.685,5.978
1.4563,6.3111,11.6325,-2.618,10.591999999999999,6.179
1.4794,6.3111,11.6325,-2.5280000000000005,10.685,6.112
1.5487,6.2881,11.6325,-2.4379999999999997,10.870999999999999,6.179
1.6181,6.2881,11.7647,-2.257,10.964,6.179
1.595,6.219,11.6325,-2.257,10.870999999999999,6.179
1.595,6.219,11.6325,-2.257,10.870999999999999,6.179
1.5256,6.219,11.6325,-2.257,10.685,6.179
1.4563,6.2881,11.6325,-2.257,10.499,6.179
1.3869,6.2651,11.5003,-2.257,10.405999999999999,6.246
1.3638,6.2651,11.5003,-2.167,10.314,6.179
1.3176,6.242,11.3681,-2.167,10.128,6.246
1.3176,6.219,11.3681,-2.167,10.035,6.112
1.3407,6.1729,11.2359,-2.167,10.128,6.045
1.2944,6.1729,11.2359,-2.167,10.035,6.179
1.2251,6.1499,10.8393,-2.257,9.477,6.045
1.202,6.0578,10.7072,-2.167,9.291,6.179
1.202,6.0578,10.7072,-2.167,9.291,6.179
1.1558,5.9426,10.575,-2.257,9.106,6.045
1.0633,5.8965,10.4428,-2.076,8.827,6.045
1.0633,5.8735,10.4428,-2.167,8.734,5.978
1.1326,5.8044,10.4428,-2.076,8.92,5.91
1.0864,5.7353,10.3106,-2.076,8.641,5.843
1.0171,5.6662,10.1784,-1.986,8.548,5.776
1.0171,5.6201,10.0462,-1.986,8.455,5.709
0.9939,5.5971,9.914,-1.986,8.269,5.709
0.9708,5.5741,9.914,-1.986,8.269,5.843
0.9477,5.5971,9.914,-1.986,8.269,5.776
0.9708,5.551,9.7818,-1.896,8.083,5.709
0.9246,5.505,9.5175,-1.896,7.898,5.642
0.9246,5.4589,9.5175,-1.896,7.898,5.642
0.9477,5.4589,9.5175,-1.896,7.898,5.575
0.9939,5.4359,9.3853,-1.896,7.898,5.575
0.9246,5.3437,9.2531,-1.896,7.619,5.575
0.9246,5.3437,9.2531,-1.896,7.619,5.575
0.9015,5.3207,9.2531,-1.986,7.433,5.642
0.9015,5.2977,9.1209,-1.986,7.619,5.575
0.9015,5.2746,9.1209,-2.076,7.526000000000001,5.575
0.9015,5.2516,9.1209,-1.986,7.433,5.709
0.8784,5.2286,9.1209,-1.986,7.526000000000001,5.575
0.8552,5.1595,8.9887,-1.986,7.34,5.507
0.8321,5.1364,8.8565,-1.896,7.247,5.44
0.8552,5.1134,8.8565,-1.896,7.34,5.44
0.8784,5.0673,8.9887,-1.986,7.619,5.575
0.8552,5.0904,9.1209,-1.986,7.619,5.575
0.8784,5.1134,9.2531,-1.986,7.805,5.642
0.9015,5.1134,9.2531,-1.896,7.898,5.709
0.9246,5.1364,9.2531,-1.896,8.083,5.709
0.809,5.0673,8.9887,-1.896,7.433,5.642
0.7859,5.0443,8.8565,-1.896,7.34,5.642
0.7859,4.9982,8.8565,-1.896,7.526000000000001,5.575
0.9015,5.0443,8.9887,-1.806,7.805,5.575
0.809,5.0213,8.9887,-1.896,7.619,5.642
0.8321,4.9752,8.8565,-1.986,7.712,5.709
0.7859,4.9982,8.8565,-1.986,7.526000000000001,5.709
0.7859,5.0443,8.8565,-1.986,7.712,5.709
0.7859,5.0213,8.8565,-1.986,7.712,5.709
0.809,5.0443,8.9887,-1.986,7.805,5.709
0.809,5.0673,8.9887,-1.986,7.805,5.642
0.7165,4.9522,8.8565,-1.896,7.34,5.575
0.6472,4.8831,8.5922,-1.806,7.154,5.575
0.601,4.9061,8.5922,-1.806,7.154,5.575
0.6703,4.9291,8.7243,-1.896,7.526000000000001,5.709
0.6703,4.9291,8.7243,-1.896,7.526000000000001,5.709
0.6703,4.9061,8.7243,-1.896,7.433,5.709
0.6703,4.9061,8.7243,-1.896,7.433,5.575
0.6703,4.9061,8.5922,-1.806,7.34,5.642
0.5779,4.837,8.46,-1.806,7.154,5.709
0.5779,4.837,8.46,-1.806,7.154,5.709
0.601,4.8831,8.46,-1.896,7.154,5.709
0.5547,4.9061,8.46,-1.896,7.247,5.776
0.5547,4.9061,8.46,-1.896,7.247,5.776
0.601,5.0213,9.1209,-1.806,7.9910000000000005,5.843
0.6472,5.0904,8.9887,-1.715,8.083,5.843
0.5547,5.1134,8.8565,-1.806,7.9910000000000005,5.91
0.416,5.1134,8.7243,-1.806,7.433,5.843
0.4623,5.0213,8.8565,-1.806,7.712,5.91
0.5779,5.0904,8.9887,-1.806,8.176,5.91
0.5779,5.0904,8.9887,-1.806,8.176,5.91
0.5547,5.1825,8.9887,-1.806,8.362,6.045
0.5316,5.1825,8.9887,-1.896,8.176,6.112
0.4623,5.1134,8.7243,-1.715,7.712,5.91
0.416,5.0904,8.7243,-1.806,7.619,6.045
0.416,5.0443,8.5922,-1.715,7.526000000000001,6.045
0.416,5.0443,8.5922,-1.715,7.526000000000001,6.045
0.3929,5.0673,8.5922,-1.715,7.712,6.045
0.3467,5.0443,8.5922,-1.806,7.433,5.978
0.3236,5.0213,8.5922,-1.806,7.433,5.978
0.3698,5.0443,8.5922,-1.806,7.526000000000001,5.91
0.3698,5.0904,8.5922,-1.806,7.805,5.978
0.3467,5.1134,8.8565,-1.806,7.898,6.112
0.3467,5.0443,8.5922,-1.806,7.805,6.045
0.3005,4.9522,8.5922,-1.715,7.526000000000001,5.91
0.3467,4.9522,8.5922,-1.715,7.526000000000001,5.91
0.3467,4.9291,8.5922,-1.806,7.526000000000001,5.978
0.3236,4.9061,8.46,-1.896,7.526000000000001,5.978
0.3236,4.9061,8.46,-1.896,7.526000000000001,5.91
0.3236,4.8831,8.46,-1.896,7.433,5.978
0.2311,4.8831,8.3278,-1.806,7.154,5.91
0.2311,4.9061,8.1956,-1.806,7.247,5.91
0.3005,4.8831,8.3278,-1.806,7.433,5.91
0.3467,4.8831,8.3278,-1.806,7.526000000000001,5.91
0.3698,4.86,8.46,-1.806,7.619,5.978
0.2311,4.837,8.1956,-1.806,7.247,5.978
0.1386,4.7909,8.1956,-1.715,7.061,6.045
0.1618,4.7909,8.1956,-1.715,7.061,5.843
0.208,4.814,8.1956,-1.806,7.34,5.843
0.2542,4.7909,8.0634,-1.715,7.154,5.843
0.2311,4.7909,8.1956,-1.715,7.154,5.978
0.1618,4.814,8.1956,-1.806,7.34,5.91
0.1849,4.7679,8.1956,-1.806,7.247,5.91
0.208,4.7449,8.1956,-1.806,7.247,5.91
0.2311,4.7449,8.1956,-1.806,7.247,5.978
0.2773,4.7449,8.1956,-1.715,7.34,5.978
0.2542,4.6758,7.9312,-1.715,6.968,5.978
0.208,4.6527,7.9312,-1.715,6.8759999999999994,5.843
0.1849,4.6067,7.799,-1.625,6.783,5.776
0.1386,4.5376,7.6668,-1.715,6.411,5.843
0.1386,4.4915,7.6668,-1.625,6.69,5.709
0.1849,4.5145,7.9312,-1.625,6.968,5.776
0.2311,4.5836,8.0634,-1.625,7.247,5.776
0.2311,4.5836,8.0634,-1.625,7.247,5.776
0.1849,4.6297,8.0634,-1.625,7.34,5.843
0.2773,4.6297,8.1956,-1.625,7.433,5.776
0.2773,4.6297,8.1956,-1.625,7.433,5.776
0.3005,4.6758,7.9312,-1.715,7.34,5.91
0.2311,4.6067,7.799,-1.625,6.8759999999999994,5.843
0.1618,4.5376,7.799,-1.625,6.783,5.843
0.1849,4.5376,7.6668,-1.625,6.783,5.91
0.2773,4.4685,7.6668,-1.715,6.8759999999999994,5.843
0.3005,4.4915,7.6668,-1.715,7.061,5.91
0.2773,4.4915,7.6668,-1.715,6.968,5.91
0.2542,4.4454,7.5346,-1.625,6.783,5.978
0.208,4.3763,7.4025,-1.625,6.5969999999999995,5.776
0.208,4.3763,7.4025,-1.625,6.5969999999999995,5.776
0.2311,4.3303,7.5346,-1.625,6.69,5.709
0.2773,4.3303,7.5346,-1.625,6.783,5.709
0.1618,4.2151,7.5346,-1.444,6.3180000000000005,5.642
0.1155,4.2151,7.5346,-1.444,6.504,5.642
0.1155,4.2151,7.5346,-1.444,6.504,5.642
0.0462,4.2612,7.4025,-1.444,6.2250000000000005,5.642
0.0231,4.2612,7.4025,-1.444,6.2250000000000005,5.642
-0.0231,4.2612,7.4025,-1.444,6.039,5.575
0.1618,4.2381,7.2703,-1.535,6.411,5.642
0.2311,4.192,7.1381,-1.625,6.411,5.642
0.208,4.2151,7.2703,-1.625,6.504,5.642
0.2542,4.2612,7.4025,-1.625,6.69,5.642
0.2311,4.2612,7.4025,-1.535,6.5969999999999995,5.776
0.208,4.2612,7.5346,-1.625,6.5969999999999995,5.776
0.2311,4.2381,7.2703,-1.625,6.504,5.642
0.2311,4.2381,7.2703,-1.625,6.504,5.642
0.208,4.146,7.2703,-1.625,6.3180000000000005,5.642
0.1618,4.146,7.2703,-1.535,6.132,5.709
0.1618,4.146,7.1381,-1.625,6.3180000000000005,5.575
0.1618,4.146,7.2703,-1.535,6.2250000000000005,5.575
0.208,4.0999,7.1381,-1.535,6.039,5.507
0.2311,4.0769,7.1381,-1.625,6.132,5.44
0.208,4.0769,7.2703,-1.625,6.2250000000000005,5.507
0.2542,4.0999,7.2703,-1.535,6.2250000000000005,5.507
0.2542,4.0999,7.2703,-1.535,6.2250000000000005,5.507
0.3236,4.0769,7.2703,-1.535,6.411,5.507
0.3236,4.0999,7.4025,-1.535,6.504,5.507
0.3005,4.0999,7.1381,-1.625,6.504,5.575
0.3005,4.0769,7.2703,-1.625,6.411,5.507
0.3236,4.0538,7.2703,-1.535,6.411,5.575
0.3929,4.0769,7.4025,-1.535,6.504,5.575
0.4392,4.146,7.5346,-1.535,6.69,5.642
0.4392,4.146,7.4025,-1.715,6.69,5.507
0.4392,4.192,7.4025,-1.715,6.783,5.507
0.5085,4.2151,7.5346,-1.715,7.061,5.575
0.5085,4.2151,7.5346,-1.715,7.061,5.575
0.5547,4.2381,7.6668,-1.715,7.34,5.642
0.6472,4.2612,7.6668,-1.806,7.433,5.642
0.601,4.3072,7.799,-1.806,7.433,5.709
0.6472,4.2842,7.9312,-1.625,7.526000000000001,5.709
0.6241,4.3303,7.9312,-1.625,7.526000000000001,5.776
0.6934,4.3303,7.9312,-1.625,7.619,5.776
0.7397,4.4224,8.0634,-1.715,7.9910000000000005,5.709
0.7397,4.4224,8.0634,-1.715,7.9910000000000005,5.709
0.7628,4.4454,8.0634,-1.715,7.9910000000000005,5.709
0.7628,4.5376,8.0634,-1.806,8.176,5.91
0.7628,4.5836,8.1956,-1.806,8.176,5.91
0.7859,4.5836,8.3278,-1.715,8.176,5.91
0.7859,4.5836,8.3278,-1.715,8.176,5.978
0.7165,4.6067,8.1956,-1.715,7.9910000000000005,5.776
0.6934,4.6297,8.1956,-1.715,7.898,5.843
0.6241,4.6527,8.3278,-1.806,7.805,5.91
0.601,4.6758,8.3278,-1.896,7.712,5.978
0.5316,4.6758,8.3278,-1.806,7.619,5.978
0.5547,4.6988,8.3278,-1.896,7.712,5.978
0.5547,4.7679,8.46,-1.806,7.712,6.112
0.601,4.7449,8.5922,-1.896,7.712,6.045
0.6472,4.7449,8.46,-1.806,7.805,6.045
0.5779,4.7679,8.46,-1.896,7.712,5.91
0.5779,4.7449,8.46,-1.896,7.526000000000001,5.91
0.5547,4.7218,8.3278,-1.896,7.433,5.91
0.5085,4.6988,8.3278,-1.896,7.34,5.91
0.4623,4.6988,8.46,-1.896,7.154,5.91
0.4392,4.7218,8.46,-1.806,7.061,5.91
0.4623,4.7218,8.3278,-1.896,6.968,5.843
0.4392,4.7218,8.3278,-1.806,6.8759999999999994,5.843
0.416,4.7218,8.1956,-1.806,6.8759999999999994,5.843
0.3929,4.6988,8.1956,-1.806,6.69,5.776
0.4392,4.6527,8.3278,-1.715,6.5969999999999995,5.776
0.4392,4.6527,8.3278,-1.715,6.5969999999999995,5.776
0.4392,4.6758,8.1956,-1.625,6.69,5.642
0.4623,4.7218,8.3278,-1.625,6.783,5.642
0.4392,4.7218,8.3278,-1.715,6.69,5.642
0.4392,4.7218,8.3278,-1.625,6.504,5.642
0.416,4.6527,8.1956,-1.625,6.3180000000000005,5.642
0.3698,4.6067,8.0634,-1.625,6.3180000000000005,5.575
0.4392,4.6067,8.0634,-1.625,6.411,5.575
0.4392,4.6297,8.0634,-1.535,6.3180000000000005,5.575
0.416,4.6297,8.0634,-1.535,6.3180000000000005,5.44
0.416,4.6297,7.9312,-1.535,6.2250000000000005,5.507
0.4392,4.6067,7.9312,-1.625,6.2250000000000005,5.44
0.3929,4.5836,8.0634,-1.625,6.3180000000000005,5.575
0.3929,4.5836,8.0634,-1.625,6.3180000000000005,5.575
0.6241,4.5606,7.9312,-1.806,6.504,5.507
0.6241,4.5606,7.9312,-1.715,6.504,5.44
0.5779,4.5376,7.9312,-1.625,6.3180000000000005,5.575
0.5779,4.5145,8.0634,-1.625,6.504,5.507
0.5779,4.5145,8.0634,-1.625,6.504,5.507
0.601,4.5376,8.0634,-1.625,6.411,5.44
0.601,4.5376,8.0634,-1.625,6.411,5.44
0.4854,4.5145,7.9312,-1.625,6.039,5.44
0.416,4.5376,7.9312,-1.535,6.039,5.44
0.3929,4.5376,7.9312,-1.625,6.132,5.44
0.4392,4.6067,7.9312,-1.625,6.2250000000000005,5.507
0.5547,4.5836,8.0634,-1.715,6.504,5.575
0.5779,4.6067,8.0634,-1.715,6.5969999999999995,5.507
0.5779,4.6067,8.0634,-1.715,6.5969999999999995,5.507
0.5779,4.5836,7.9312,-1.715,6.504,5.642
0.5547,4.6067,8.0634,-1.625,6.411,5.642
0.5316,4.6297,8.0634,-1.625,6.411,5.575
0.4854,4.6988,8.1956,-1.715,6.3180000000000005,5.575
0.5316,4.6988,8.1956,-1.625,6.5969999999999995,5.642
0.5779,4.7218,8.1956,-1.715,6.783,5.642
0.6472,4.7449,8.3278,-1.715,6.968,5.709
0.7397,4.6988,8.1956,-1.715,6.968,5.776
0.7397,4.6988,8.1956,-1.715,6.968,5.776
0.5779,4.6988,8.3278,-1.715,6.69,5.709
0.5316,4.7679,8.46,-1.625,6.783,5.776
0.5316,4.7909,8.46,-1.715,6.783,5.776
0.6472,4.7218,8.46,-1.625,6.968,5.776
0.6472,4.6988,8.3278,-1.625,6.8759999999999994,5.642
0.6703,4.6988,8.3278,-1.625,6.8759999999999994,5.575
0.6703,4.6297,8.3278,-1.625,6.783,5.642
0.6241,4.6527,8.1956,-1.625,6.69,5.575
0.5779,4.6758,8.1956,-1.625,6.411,5.575
0.416,4.6758,8.1956,-1.715,6.2250000000000005,5.575
0.3929,4.6758,8.0634,-1.806,6.132,5.575
0.3698,4.6297,8.0634,-1.715,6.132,5.642
0.3929,4.6527,8.0634,-1.715,6.039,5.507
0.4854,4.6067,8.0634,-1.625,6.132,5.575
0.5085,4.5836,7.9312,-1.715,6.039,5.507
0.4854,4.5145,7.9312,-1.625,6.039,5.44
0.4623,4.5145,7.799,-1.625,5.946,5.44
0.3467,4.4685,7.799,-1.535,5.667999999999999,5.507
0.3236,4.5145,7.799,-1.535,5.667999999999999,5.44
0.3467,4.4915,7.799,-1.625,5.760999999999999,5.373
0.416,4.4454,7.6668,-1.625,5.760999999999999,5.373
0.4854,4.3533,7.799,-1.625,5.667999999999999,5.373
0.4854,4.2842,7.6668,-1.625,5.760999999999999,5.373
0.5085,4.3072,7.6668,-1.625,5.760999999999999,5.373
0.4854,4.3072,7.6668,-1.715,5.667999999999999,5.373
0.416,4.3072,7.6668,-1.715,5.667999999999999,5.373
0.3467,4.3533,7.6668,-1.625,5.482,5.305999999999999
0.3236,4.3763,7.6668,-1.715,5.575,5.373
0.3467,4.4224,7.6668,-1.625,5.667999999999999,5.373
0.416,4.3994,7.6668,-1.715,5.760999999999999,5.373
0.4854,4.2842,7.5346,-1.625,5.667999999999999,5.305999999999999
0.4854,4.2842,7.5346,-1.625,5.667999999999999,5.305999999999999
0.5316,4.2381,7.5346,-1.625,5.667999999999999,5.305999999999999
0.5779,4.192,7.5346,-1.625,5.853000000000001,5.373
0.6934,4.2151,7.5346,-1.715,6.039,5.44
0.6241,4.2842,7.5346,-1.625,5.853000000000001,5.373
0.5779,4.2612,7.6668,-1.715,5.853000000000001,5.373
0.7397,4.2381,7.799,-1.625,6.2250000000000005,5.44
0.7397,4.2612,7.799,-1.715,6.2250000000000005,5.373
0.6472,4.2612,7.6668,-1.625,6.132,5.44
0.601,4.2842,7.5346,-1.625,5.853000000000001,5.44
0.5779,4.2151,7.6668,-1.715,5.946,5.44
0.6241,4.2612,7.6668,-1.625,6.039,5.373
0.6934,4.2151,7.6668,-1.896,6.2250000000000005,5.373
0.6934,4.2381,7.799,-1.715,6.2250000000000005,5.44
0.6241,4.2842,7.6668,-1.715,6.132,5.44
0.601,4.3072,7.799,-1.715,6.132,5.305999999999999
0.7397,4.2842,7.799,-1.806,6.411,5.305999999999999
0.8321,4.2612,7.9312,-1.715,6.5969999999999995,5.305999999999999
0.7859,4.3072,7.9312,-1.715,6.5969999999999995,5.507
0.7628,4.3533,8.0634,-1.715,6.69,5.575
0.7397,4.4224,8.1956,-1.715,6.5969999999999995,5.575
0.7397,4.4685,8.1956,-1.715,6.783,5.507
0.7859,4.4685,8.1956,-1.806,6.783,5.642
0.8552,4.4224,8.1956,-1.806,6.968,5.575
0.9015,4.4454,8.3278,-1.806,7.154,5.575
0.9477,4.4915,8.1956,-1.896,7.247,5.575
0.8784,4.5606,8.1956,-1.806,7.061,5.709
0.8552,4.5836,8.3278,-1.806,7.247,5.709
0.809,4.6067,8.46,-1.715,7.247,5.575
0.809,4.6527,8.46,-1.715,7.433,5.709
0.8321,4.6988,8.5922,-1.715,7.433,5.709
0.8784,4.7218,8.5922,-1.715,7.433,5.709
0.8784,4.7218,8.5922,-1.715,7.433,5.709
0.809,4.7679,8.7243,-1.715,7.433,5.776
0.809,4.7679,8.7243,-1.715,7.433,5.776
0.7628,4.86,8.9887,-1.715,7.619,5.843
0.7859,4.9291,8.9887,-1.715,7.712,5.91
0.809,4.9982,9.1209,-1.806,7.9910000000000005,6.045
0.809,4.9982,9.1209,-1.806,7.9910000000000005,6.045
0.8784,5.0443,9.2531,-1.896,8.176,6.045
0.9015,5.1134,9.3853,-1.896,8.455,6.246
0.9015,5.1595,9.3853,-1.986,8.641,6.246
0.8321,5.2055,9.5175,-2.076,8.548,6.246
0.7628,5.3437,9.6497,-1.896,8.548,6.381
0.6703,5.4359,9.7818,-1.896,8.548,6.313
0.6472,5.4128,9.7818,-1.986,8.641,6.246
0.6472,5.4359,9.914,-1.806,8.641,6.246
0.5547,5.551,10.1784,-1.806,9.013,6.381
0.6241,5.6662,10.1784,-1.986,9.199,6.582
0.6241,5.6662,10.1784,-1.986,9.199,6.582
0.601,5.7123,10.3106,-1.896,9.384,6.649000000000001
0.601,5.7583,10.3106,-2.167,9.477,6.715999999999999
0.6241,5.8044,10.4428,-2.167,9.57,6.851000000000001
0.5316,5.8735,10.4428,-2.257,9.384,6.851000000000001
0.4623,5.8044,10.3106,-2.257,9.199,6.784
0.4854,5.8044,10.4428,-1.986,9.57,6.784
0.5316,5.8505,10.575,-1.986,9.849,6.715999999999999
0.416,5.9426,10.7072,-2.076,9.57,6.917999999999999
0.416,5.9426,10.7072,-2.076,9.57,6.917999999999999
0.416,5.9656,10.4428,-2.167,9.57,6.851000000000001
0.5316,5.9656,10.575,-2.167,9.756,6.917999999999999
0.5779,5.9656,10.575,-2.257,10.035,7.0520000000000005
0.5547,5.9426,10.575,-2.167,10.128,7.187
0.5085,5.9656,10.7072,-2.257,10.128,7.187
0.416,6.0117,10.7072,-2.076,9.942,7.119
0.3005,6.0347,10.575,-2.076,9.663,7.119
0.2311,5.9887,10.4428,-2.076,9.477,7.119
0.2542,5.9887,10.575,-2.076,9.663,7.119
0.2311,5.9656,10.575,-2.076,9.756,7.119
0.1849,5.9426,10.4428,-1.986,9.57,7.0520000000000005
0.1386,5.8965,10.1784,-2.167,9.199,7.187
0.1155,5.8505,10.1784,-2.257,9.013,7.119
0.0231,5.8505,10.1784,-2.167,9.013,7.187
-0.0231,5.8505,10.0462,-2.167,9.013,7.119
-0.0693,5.7814,9.914,-2.167,8.92,7.119
-0.1618,5.7583,9.914,-2.076,8.734,7.187
-0.1386,5.8044,10.0462,-2.076,9.013,7.187
-0.0924,5.8505,10.4428,-2.167,9.57,7.321
0.0462,5.8965,10.575,-2.076,9.849,7.321
0.1386,5.8965,10.4428,-2.076,9.942,7.187
0.1155,5.9196,10.3106,-2.167,9.849,7.187
0.0231,5.9196,10.0462,-2.076,9.291,7.187
-0.0,5.8274,10.0462,-2.167,9.291,7.119
0.0231,5.7123,9.914,-2.167,9.199,7.321
-0.0,5.6892,9.7818,-2.167,9.291,7.2540000000000004
0.0231,5.6892,9.7818,-1.986,9.199,7.2540000000000004
-0.0,5.6662,9.6497,-1.986,9.106,7.187
0.0693,5.551,9.6497,-1.986,8.92,7.187
0.0924,5.5741,9.5175,-2.076,8.92,7.119
-0.0231,5.4589,9.5175,-1.986,8.641,6.917999999999999
-0.0231,5.4128,9.5175,-1.896,8.455,6.851000000000001
-0.0693,5.3668,9.2531,-1.896,8.176,6.784
-0.1618,5.2516,8.8565,-1.806,7.526000000000001,6.784
-0.1618,5.1134,8.8565,-1.986,7.526000000000001,6.515
-0.0924,5.0673,8.8565,-1.896,7.526000000000001,6.515
-0.0462,4.9752,8.7243,-1.715,7.34,6.582
-0.0693,4.9061,8.46,-1.715,7.154,6.448
-0.0693,4.9061,8.46,-1.715,7.154,6.448
-0.1849,4.837,8.3278,-1.535,6.5969999999999995,6.381
-0.1155,4.6988,8.0634,-1.625,6.411,6.112
-0.0693,4.4685,7.6668,-1.535,6.039,6.045
-0.0924,4.3994,7.5346,-1.444,5.760999999999999,5.91
-0.1155,4.3072,7.2703,-1.3539999999999999,5.575,5.91
-0.1155,4.2381,7.2703,-1.3539999999999999,5.295999999999999,5.776
-0.0924,4.0538,7.0059,-1.444,4.924,5.709
-0.0693,3.8926,6.8737,-1.3539999999999999,4.8309999999999995,5.575
0.0231,4.0078,7.1381,-1.444,5.667999999999999,5.642
0.0462,4.0308,7.0059,-1.3539999999999999,5.389,5.575
-0.0462,3.8926,6.7415,-1.2640000000000002,4.8309999999999995,5.373
0.0462,3.8465,6.8737,-1.2640000000000002,4.924,5.44
0.1618,3.7774,6.7415,-1.3539999999999999,5.202999999999999,5.305999999999999
0.3698,3.7083,6.7415,-1.444,5.389,5.172
0.3467,3.5932,6.6093,-1.3539999999999999,5.202999999999999,5.305999999999999
0.2773,3.6162,6.6093,-1.3539999999999999,5.11,5.103999999999999
0.208,3.6162,6.6093,-1.2640000000000002,4.924,5.103999999999999
0.3005,3.5701,6.4771,-1.2640000000000002,5.11,5.172
0.4623,3.5471,6.6093,-1.3539999999999999,5.389,5.103999999999999
0.5779,3.5241,6.6093,-1.3539999999999999,5.760999999999999,5.103999999999999
0.5779,3.6392,6.7415,-1.3539999999999999,5.946,5.239000000000001
0.6703,3.6392,6.7415,-1.3539999999999999,6.039,5.172
0.7397,3.5932,6.7415,-1.3539999999999999,6.132,5.172
0.8784,3.5241,6.8737,-1.3539999999999999,6.504,5.305999999999999
0.7859,3.5932,7.0059,-1.444,6.504,5.44
0.6703,3.6392,6.8737,-1.3539999999999999,6.3180000000000005,5.373
0.6241,3.7314,7.0059,-1.3539999999999999,6.504,5.305999999999999
0.6934,3.7083,7.0059,-1.3539999999999999,6.5969999999999995,5.305999999999999
0.7859,3.6853,7.0059,-1.3539999999999999,6.69,5.373
0.7859,3.6623,6.8737,-1.444,6.69,5.44
0.7859,3.6853,7.0059,-1.535,6.8759999999999994,5.373
0.7859,3.6853,7.0059,-1.535,6.8759999999999994,5.373
0.7859,3.7774,7.2703,-1.535,6.968,5.575
0.6934,3.8696,7.2703,-1.625,6.968,5.575
0.6934,3.8696,7.2703,-1.625,6.968,5.575
0.6934,3.8696,7.2703,-1.715,6.8759999999999994,5.642
0.7165,3.8926,7.4025,-1.535,7.247,5.642
0.7628,3.9617,7.5346,-1.625,7.433,5.642
0.8321,4.0538,7.6668,-1.535,7.712,5.776
0.8552,4.192,7.9312,-1.625,7.9910000000000005,5.843
0.8784,4.2381,7.9312,-1.625,8.083,5.776
0.9015,4.2612,8.1956,-1.715,8.269,5.91
0.9708,4.2612,8.3278,-1.715,8.641,5.978
1.0402,4.2842,8.3278,-1.625,8.827,5.978
1.1789,4.3763,8.5922,-1.535,9.106,5.978
1.1558,4.3763,8.7243,-1.625,9.106,6.045
1.0633,4.4454,8.8565,-1.535,9.106,6.112
1.0633,4.4915,8.8565,-1.535,9.106,6.179
1.0633,4.5836,8.7243,-1.535,9.199,6.112
0.9939,4.5836,8.7243,-1.715,9.013,6.179
0.9246,4.5606,8.5922,-1.715,8.827,6.246
0.7859,4.6527,8.46,-1.806,8.455,6.179
0.7628,4.6988,8.5922,-1.806,8.455,6.179
0.8321,4.6988,8.7243,-1.806,8.641,6.246
0.8552,4.7449,8.8565,-1.896,8.734,6.381
0.809,4.7909,8.8565,-1.896,8.734,6.448
0.7859,4.814,8.8565,-1.806,8.548,6.448
0.6934,4.814,8.8565,-1.896,8.176,6.313
0.5779,4.7218,8.5922,-1.806,7.619,6.246
0.5085,4.6988,8.5922,-1.715,7.433,6.179
0.4623,4.6527,8.46,-1.715,7.154,6.045
0.3698,4.6067,8.1956,-1.715,6.783,6.112
0.3005,4.5606,8.0634,-1.625,6.2250000000000005,5.843
0.3698,4.4685,7.9312,-1.625,6.132,5.843
0.5085,4.4454,7.799,-1.444,6.2250000000000005,5.709
0.5779,4.3303,7.6668,-1.444,6.132,5.507
0.5547,4.2381,7.5346,-1.3539999999999999,5.760999999999999,5.44
0.4623,4.0999,7.4025,-1.2640000000000002,5.389,5.44
0.4392,3.9387,7.1381,-1.2640000000000002,5.017,5.305999999999999
0.416,3.8926,6.8737,-1.173,4.8309999999999995,5.239000000000001
0.4854,3.7774,6.8737,-1.2640000000000002,4.6450000000000005,5.037000000000001
0.5085,3.5932,6.4771,-1.2640000000000002,4.367,4.9030000000000005
0.601,3.3398,5.9484,-1.083,4.088,4.7010000000000005
0.6472,3.0864,5.684,-0.8119999999999999,3.53,4.567
0.6703,2.8791,5.1553,-0.903,3.066,4.231
0.6703,2.6258,4.8909,-0.8119999999999999,2.787,3.963
0.6241,2.3724,4.23,-0.8119999999999999,2.044,3.6270000000000002
0.6703,2.0039,3.9656,-0.903,1.672,3.3579999999999997
0.6934,1.8426,3.9656,-0.903,1.393,3.089
0.7628,1.7044,3.9656,-0.903,1.393,2.888
0.7628,1.6353,3.9656,-0.6320000000000001,1.393,2.888
0.7859,1.6353,3.9656,-0.8119999999999999,1.393,2.821
0.7859,1.6353,3.9656,-0.8119999999999999,1.4860000000000002,2.753
0.7859,1.6584,3.9656,-0.8119999999999999,1.4860000000000002,2.821
0.7628,1.6123,3.9656,-0.8119999999999999,1.393,2.5519999999999996
0.7397,1.5432,3.8334,-0.8119999999999999,1.207,2.619
0.6934,1.4511,3.9656,-0.6320000000000001,1.115,2.485
0.6472,1.3359,3.9656,-0.541,1.022,2.149
0.6934,1.3359,3.9656,-0.451,1.207,2.082
0.7859,1.3589,4.0978,-0.541,1.3,2.149
0.9015,1.4511,4.0978,-0.722,1.5790000000000002,2.149
0.9015,1.5202,3.9656,-0.903,1.5790000000000002,2.3499999999999996
0.9939,1.5893,4.0978,-0.903,2.23,2.4179999999999997
1.1326,1.6584,4.23,-0.722,2.415,2.619
1.2251,1.7275,4.3621,-0.722,2.694,2.619
1.2251,1.7735,4.23,-0.722,2.88,2.753
1.202,1.8196,4.4943,-0.722,2.694,2.821
1.0171,1.8657,4.23,-0.8119999999999999,2.23,2.753
0.8321,1.5202,4.3621,-0.09,1.4860000000000002,2.753
0.6703,1.4741,4.6265,0.361,1.207,2.888
0.5547,1.6123,5.1553,0.6320000000000001,1.022,2.955
0.4854,1.9117,5.684,0.451,0.836,3.0220000000000002
0.3929,2.2572,6.2128,0.09,0.7430000000000001,3.0220000000000002
0.3005,2.5106,6.345,0.09,0.185,3.0220000000000002
0.1386,2.3263,6.7415,0.722,-0.7430000000000001,2.753
0.1386,2.3263,6.7415,0.722,-0.7430000000000001,2.753
0.1618,2.2342,7.5346,1.173,-1.3,2.686
0.0693,2.4185,7.6668,0.903,-1.672,2.5519999999999996
-0.0462,2.5106,7.5346,0.6320000000000001,-2.322,2.3499999999999996
-0.1618,2.5567,7.6668,0.27,-2.787,2.2159999999999997
-0.3236,2.5797,8.3278,0.541,-3.7159999999999997,1.947
-0.3236,2.5797,8.3278,0.541,-3.7159999999999997,1.947
-0.2311,2.4876,8.5922,1.083,-4.088,2.015
-0.208,2.6718,8.5922,0.8119999999999999,-4.181,2.082
-0.208,2.81,8.7243,0.541,-4.46,2.283
-0.3005,2.8561,8.8565,0.451,-4.8309999999999995,2.283
-0.4392,2.9022,9.3853,0.722,-5.853000000000001,2.082
-0.4623,2.8561,9.6497,0.903,-6.411,2.015
-0.5085,2.8331,9.6497,0.903,-7.061,2.082
-0.4623,2.8561,9.7818,1.083,-7.247,2.082
-0.3929,2.8561,9.914,0.993,-7.712,2.149
-0.4623,2.8561,10.0462,0.993,-7.9910000000000005,2.283
-0.5085,2.8561,10.0462,1.083,-8.455,2.283
-0.5316,2.9022,10.1784,0.8119999999999999,-8.734,2.2159999999999997
-0.4854,2.9022,10.4428,0.6320000000000001,-9.291,1.813
-0.416,2.8561,10.7072,0.451,-9.477,1.612
-0.3698,2.764,10.8393,0.541,-9.756,1.544
-0.2542,2.81,10.9715,0.361,-9.756,1.41
-0.0924,2.9252,10.9715,-0.18,-9.942,1.41
-0.0924,2.9252,10.9715,-0.18,-9.942,1.41
-0.0,2.81,11.2359,-0.27,-10.221,1.141
-0.0924,2.81,11.3681,-0.6320000000000001,-10.685,0.873
-0.1155,2.8561,11.3681,-0.903,-10.778,0.738
-0.1618,2.8561,11.3681,-1.173,-10.964,0.671
-0.1386,2.8791,11.3681,-1.444,-10.870999999999999,0.604
-0.1155,2.8791,11.3681,-1.535,-10.964,0.5369999999999999
0.0924,3.0173,11.3681,-2.076,-10.870999999999999,0.671
0.1618,3.1325,11.3681,-2.257,-10.685,0.873
0.1386,3.2246,11.2359,-2.4379999999999997,-10.405999999999999,0.806
0.1155,3.2477,11.2359,-2.7089999999999996,-10.314,1.007
0.1155,3.2246,11.1037,-2.5280000000000005,-10.221,1.2089999999999999
0.1386,3.3398,10.9715,-2.889,-10.035,1.41
0.1618,3.2477,11.1037,-2.799,-10.035,1.4769999999999999
0.208,3.0404,11.1037,-2.257,-10.314,1.612
0.2542,3.0864,11.1037,-2.5280000000000005,-10.128,1.6789999999999998
0.2542,3.0173,11.2359,-2.618,-10.128,1.88
0.2542,3.0173,11.2359,-2.618,-10.128,1.88
0.1618,3.5241,10.8393,-3.612,-9.663,1.813
0.1849,3.6392,10.8393,-3.973,-10.035,1.6789999999999998
0.208,3.2707,10.9715,-3.341,-10.591999999999999,1.947
0.1849,3.2016,11.1037,-3.16,-10.778,2.082
0.0924,3.3398,10.8393,-3.341,-10.870999999999999,2.3499999999999996
0.0924,3.3398,10.8393,-3.341,-10.870999999999999,2.3499999999999996
-0.208,3.5932,10.575,-3.792,-11.15,2.619
-0.3698,3.6392,10.4428,-3.8819999999999997,-11.521999999999998,2.686
-0.416,3.7774,10.3106,-4.063,-11.614,2.619
-0.3467,3.7544,10.575,-4.334,-11.799999999999999,2.686
-0.3236,3.7314,10.4428,-4.1530000000000005,-12.079,2.686
-0.4392,3.8005,10.1784,-4.1530000000000005,-11.986,2.619
-0.4392,3.8005,10.1784,-4.1530000000000005,-11.986,2.619
-0.5316,4.0078,10.0462,-4.785,-12.264999999999999,2.485
-0.6241,4.0078,10.0462,-4.694999999999999,-12.729,2.485
-0.9015,4.1229,10.0462,-4.785,-13.472999999999999,2.283
-1.1326,4.0308,10.0462,-4.424,-14.123000000000001,2.2159999999999997
-1.1558,4.146,10.0462,-4.605,-14.030000000000001,2.149
-0.8552,4.3763,9.6497,-5.417999999999999,-12.729,1.0739999999999998
-0.6472,4.4454,9.6497,-5.598,-12.544,0.604
-0.6703,4.3303,9.7818,-5.417999999999999,-13.193999999999999,0.5369999999999999
-1.0633,4.0308,9.6497,-4.694999999999999,-14.216,1.141
-1.0864,4.0538,9.3853,-4.785,-14.216,1.0739999999999998
-0.9015,4.146,9.3853,-4.966,-13.751999999999999,0.604
-0.9015,4.146,9.3853,-4.966,-13.751999999999999,0.604
-0.7859,4.0999,9.2531,-5.237,-13.472999999999999,-0.067
-0.7859,4.0999,9.1209,-5.327,-13.658999999999999,-0.134
-0.809,4.0999,9.1209,-5.237,-13.845,-0.134
-0.6703,4.0538,9.1209,-4.966,-13.193999999999999,-0.134
-0.601,4.0769,9.1209,-5.147,-13.193999999999999,-0.403
-0.5779,4.0308,9.2531,-4.8759999999999994,-13.845,-0.268
-0.6934,4.0078,9.5175,-4.785,-14.309000000000001,-0.0
-0.7165,3.9617,9.5175,-4.785,-14.402,0.134
-0.7165,3.9847,9.5175,-4.785,-14.495000000000001,0.201
-0.601,4.0538,9.3853,-4.8759999999999994,-13.937,0.067
-0.3467,4.169,9.2531,-5.237,-13.38,-0.335
-0.2311,4.1229,9.3853,-5.147,-13.193999999999999,-0.134
-0.208,4.0308,9.2531,-4.8759999999999994,-13.101,-0.0
-0.3467,3.9156,8.9887,-4.334,-13.38,0.201
-0.3467,3.9156,8.9887,-4.334,-13.38,0.201
-0.3005,4.0308,9.1209,-4.694999999999999,-13.566,-0.201
-0.3005,4.1229,9.3853,-4.966,-13.658999999999999,-0.335
-0.0462,4.146,9.1209,-4.8759999999999994,-13.008,-0.671
-0.0462,4.1229,9.1209,-4.694999999999999,-13.193999999999999,-0.604
-0.0462,4.0308,9.1209,-4.515000000000001,-13.008,-0.47
-0.0462,3.9617,8.9887,-4.244,-13.008,-0.268
-0.0,4.0538,8.9887,-4.605,-12.822,-0.738
0.0231,4.0999,9.3853,-4.605,-13.472999999999999,-0.873
-0.0,4.0538,9.2531,-4.515000000000001,-13.472999999999999,-0.5369999999999999
0.1849,4.169,9.1209,-4.8759999999999994,-12.822,-0.873
0.3005,4.2381,9.2531,-4.966,-12.729,-0.94
0.3236,4.2151,9.1209,-4.785,-12.822,-0.873
0.3236,4.169,9.1209,-4.605,-12.729,-0.806
0.3005,4.0538,8.9887,-4.334,-12.915000000000001,-0.604
0.208,4.0078,9.1209,-4.1530000000000005,-13.472999999999999,-0.47
0.1155,3.9847,9.2531,-4.1530000000000005,-13.937,-0.335
0.1155,4.0078,9.2531,-4.1530000000000005,-13.937,-0.403
0.1849,4.0538,9.1209,-4.244,-13.658999999999999,-0.738
0.208,4.0538,8.9887,-4.244,-13.38,-0.806
0.3236,4.0308,8.8565,-4.244,-12.915000000000001,-0.94
0.5085,4.0078,8.7243,-4.063,-12.358,-0.94
0.5779,4.0078,8.8565,-4.063,-12.172,-0.873
0.6703,3.9847,8.7243,-3.8819999999999997,-12.451,-0.806
0.7165,3.9847,8.9887,-3.973,-12.358,-0.738
0.7165,3.9847,8.9887,-3.973,-12.358,-0.738
0.6472,3.9617,8.9887,-3.792,-12.637,-0.604
0.4854,3.9847,8.9887,-3.8819999999999997,-13.193999999999999,-0.873
0.5316,4.0538,9.1209,-3.973,-13.008,-1.141
0.6241,4.146,9.2531,-4.1530000000000005,-12.822,-1.41
0.809,4.2381,9.2531,-4.424,-12.544,-1.612
1.0864,4.3072,9.3853,-4.424,-12.172,-1.746
0.9246,4.2612,9.3853,-4.1530000000000005,-12.915000000000001,-1.544
0.8552,4.2381,9.2531,-3.973,-12.915000000000001,-1.746
0.9015,4.2612,9.3853,-3.973,-12.729,-1.947
0.9708,4.3533,9.3853,-4.244,-12.822,-2.2159999999999997
1.0171,4.4454,9.6497,-4.515000000000001,-13.008,-2.3499999999999996
1.0171,4.5376,9.6497,-4.694999999999999,-13.286999999999999,-2.485
1.0864,4.5836,9.7818,-4.694999999999999,-13.286999999999999,-2.4179999999999997
1.0864,4.5836,9.7818,-4.694999999999999,-13.286999999999999,-2.4179999999999997
1.3638,4.5836,9.914,-4.605,-12.358,-2.3499999999999996
1.5256,4.6758,9.914,-4.694999999999999,-12.358,-2.5519999999999996
1.5256,4.7218,9.914,-4.785,-12.358,-2.686
1.5256,4.7218,10.1784,-4.785,-12.822,-2.619
1.4563,4.7218,10.1784,-4.605,-12.822,-2.485
1.5256,4.7449,10.1784,-4.605,-12.729,-2.686
1.6181,4.7909,10.3106,-4.694999999999999,-12.729,-2.821
1.7337,4.9061,10.575,-4.8759999999999994,-12.822,-2.955
1.6874,4.9061,10.4428,-4.785,-12.822,-2.888
1.6874,4.9061,10.4428,-4.785,-12.822,-2.888
1.6181,4.86,10.4428,-4.605,-13.008,-2.686
1.5718,4.86,10.4428,-4.605,-13.193999999999999,-2.5519999999999996
1.5718,4.8831,10.4428,-4.694999999999999,-13.101,-2.5519999999999996
1.6181,4.86,10.3106,-4.694999999999999,-12.915000000000001,-2.619
1.8723,4.9752,10.4428,-4.785,-12.637,-3.1559999999999997
1.7568,4.9522,10.8393,-4.605,-13.472999999999999,-2.753
1.7799,4.86,10.4428,-4.334,-12.729,-2.686
1.9186,4.9522,10.3106,-4.334,-12.264999999999999,-3.089
1.9648,4.9752,10.3106,-4.605,-12.172,-3.3579999999999997
2.0573,5.0904,10.4428,-4.8759999999999994,-12.264999999999999,-3.6270000000000002
2.0804,5.0904,10.575,-4.8759999999999994,-12.264999999999999,-3.492
2.011,5.0673,10.575,-4.694999999999999,-12.544,-3.1559999999999997
2.011,5.0673,10.575,-4.694999999999999,-12.264999999999999,-3.1559999999999997
2.1035,5.0443,10.4428,-4.694999999999999,-12.172,-3.4250000000000003
2.1035,5.0443,10.4428,-4.694999999999999,-12.172,-3.4250000000000003
2.2653,5.0904,10.4428,-4.694999999999999,-11.986,-3.6270000000000002
2.3116,5.0673,10.3106,-4.605,-11.893,-3.761
2.2191,5.1134,10.8393,-4.515000000000001,-12.451,-3.694
2.0573,5.1825,10.575,-4.424,-12.637,-3.3579999999999997
2.011,5.0673,10.4428,-4.334,-12.544,-3.559
2.1266,5.1825,10.7072,-4.605,-12.637,-3.895
2.1497,5.2286,10.575,-4.515000000000001,-12.637,-3.761
2.2653,5.2286,10.4428,-4.515000000000001,-11.986,-3.694
2.3578,5.1134,10.3106,-4.334,-11.614,-3.6270000000000002
2.3809,5.0904,10.3106,-4.244,-11.335999999999999,-3.694
2.4734,5.1134,10.575,-4.244,-11.707,-3.761
2.4271,5.1134,10.3106,-4.1530000000000005,-11.614,-3.761
2.4271,5.1134,10.3106,-4.1530000000000005,-11.614,-3.761
2.3116,5.0904,10.4428,-4.063,-11.799999999999999,-3.761
2.196,5.1595,10.4428,-3.973,-12.358,-3.828
2.0342,5.1364,10.4428,-3.8819999999999997,-12.451,-3.828
2.1729,5.1134,10.3106,-3.702,-12.172,-3.828
2.4965,5.0443,10.1784,-3.702,-11.15,-3.895
2.5658,4.9752,10.1784,-3.8819999999999997,-11.15,-3.828
2.5658,4.9752,10.1784,-3.8819999999999997,-11.15,-3.828
2.3116,5.1134,10.1784,-3.792,-11.799999999999999,-3.6270000000000002
2.2884,5.0213,10.4428,-3.25,-12.079,-3.761
2.2884,5.0443,10.4428,-3.25,-11.986,-3.895
2.3347,5.0443,10.1784,-3.25,-11.799999999999999,-3.828
2.4503,5.0673,10.3106,-3.16,-11.707,-3.963
2.5427,5.1134,10.3106,-3.25,-11.521999999999998,-3.828
2.5889,5.1134,10.3106,-3.25,-11.335999999999999,-3.694
2.6352,5.0673,10.1784,-3.341,-11.335999999999999,-3.694
2.6121,5.1134,10.1784,-3.25,-11.243,-3.761
2.5889,5.0673,10.3106,-3.25,-11.335999999999999,-3.895
2.5427,5.0443,10.3106,-3.16,-11.429,-3.895
2.5196,5.0673,10.1784,-3.25,-11.429,-3.963
2.5427,4.9752,10.0462,-2.979,-11.056999999999999,-3.895
2.5427,4.9752,10.0462,-2.979,-11.056999999999999,-3.895
2.6352,4.9522,9.914,-2.889,-10.870999999999999,-3.828
2.7045,4.9752,10.1784,-2.7089999999999996,-10.870999999999999,-3.963
2.6583,5.0213,10.1784,-2.799,-11.056999999999999,-3.963
2.6583,5.0213,10.1784,-2.799,-11.056999999999999,-3.963
2.5889,4.9061,9.7818,-2.4379999999999997,-10.778,-3.694
2.6583,4.9752,9.7818,-2.4379999999999997,-10.778,-3.828
2.6814,4.9982,9.914,-2.7089999999999996,-10.685,-3.828
2.6583,4.9752,9.914,-2.5280000000000005,-10.685,-3.694
2.6814,4.9522,9.914,-2.5280000000000005,-10.499,-3.492
2.7045,4.9061,9.7818,-2.4379999999999997,-10.405999999999999,-3.559
2.7045,4.8831,9.7818,-2.347,-10.405999999999999,-3.6270000000000002
2.7739,4.9982,9.914,-2.618,-10.778,-3.828
2.6814,5.0443,9.914,-2.7089999999999996,-10.870999999999999,-3.828
2.6352,5.0213,9.914,-2.618,-10.964,-3.828
2.6814,5.0213,9.914,-2.167,-10.870999999999999,-3.6270000000000002
2.6814,5.0213,9.914,-2.167,-10.870999999999999,-3.6270000000000002
2.8895,4.9522,9.914,-2.167,-10.405999999999999,-3.559
2.9819,4.9061,9.7818,-2.347,-10.128,-3.559
3.0282,4.9061,9.6497,-2.347,-9.942,-3.694
3.0282,4.9522,9.6497,-2.4379999999999997,-10.128,-3.694
2.9588,4.9752,9.7818,-2.347,-10.128,-3.559
2.8895,4.9752,9.7818,-2.347,-10.128,-3.6270000000000002
2.9126,4.9982,9.914,-2.257,-10.405999999999999,-3.828
2.9357,5.0673,9.7818,-2.4379999999999997,-10.405999999999999,-3.828
3.005,5.0213,9.7818,-2.347,-10.314,-3.828
2.9588,4.9752,9.5175,-2.347,-10.128,-3.6270000000000002
2.9588,4.9522,9.7818,-2.167,-10.405999999999999,-3.559
2.9588,4.9522,9.914,-2.076,-10.314,-3.492
2.9819,4.9752,9.7818,-1.986,-10.405999999999999,-3.4250000000000003
2.9588,5.0213,9.7818,-2.076,-10.591999999999999,-3.3579999999999997
2.8895,5.0673,9.914,-2.076,-10.870999999999999,-3.4250000000000003
2.7276,5.1134,10.0462,-2.167,-11.15,-3.6270000000000002
2.7739,5.1134,10.0462,-1.986,-11.056999999999999,-3.559
2.8895,5.0673,9.7818,-1.986,-10.685,-3.559
3.005,4.9982,9.7818,-1.896,-10.314,-3.559
3.0975,5.0673,9.914,-1.986,-10.314,-3.6270000000000002
2.8432,5.0443,9.7818,-1.896,-10.964,-3.4250000000000003
2.8201,5.0904,9.914,-1.896,-10.964,-3.694
2.8663,5.1825,10.0462,-1.715,-11.521999999999998,-3.4250000000000003
2.9588,5.1364,10.1784,-1.535,-11.335999999999999,-3.224
2.9588,5.1364,10.1784,-1.535,-11.335999999999999,-3.224
2.9819,4.9752,10.4428,-0.903,-12.172,-3.0220000000000002
2.9126,5.0213,10.575,-0.8119999999999999,-12.358,-2.821
2.8432,5.1364,10.1784,-1.083,-11.893,-3.0220000000000002
2.7508,5.1825,10.1784,-1.083,-12.079,-3.3579999999999997
2.5658,5.2286,10.0462,-1.173,-11.893,-3.761
2.6352,5.2516,9.914,-1.2640000000000002,-11.429,-3.963
3.0282,5.1825,9.914,-1.173,-10.685,-3.828
3.0744,5.2055,9.914,-0.993,-10.778,-3.6270000000000002
2.9819,5.2286,9.914,-0.993,-10.964,-3.559
2.7045,5.2746,9.914,-0.903,-11.614,-3.761
2.8201,5.2516,9.914,-0.993,-11.335999999999999,-4.097
2.8432,5.2516,9.7818,-0.903,-11.243,-4.097
2.8432,5.2055,9.7818,-0.993,-11.056999999999999,-4.097
2.8201,5.1825,9.7818,-0.903,-10.964,-4.164
2.8432,5.2286,9.7818,-0.8119999999999999,-10.964,-4.231
2.8201,5.3207,10.1784,-0.541,-11.986,-3.963
2.6583,5.3207,10.0462,-0.361,-12.264999999999999,-3.828
2.5196,5.3668,10.1784,-0.27,-12.637,-3.761
2.5196,5.3668,10.1784,-0.27,-12.637,-3.761
2.5427,5.4128,10.1784,-0.27,-12.451,-3.828
2.8201,5.3898,10.0462,-0.27,-11.986,-3.761
2.8663,5.3668,10.1784,-0.09,-11.893,-3.6270000000000002
2.8201,5.2977,10.1784,0.18,-12.079,-3.559
2.7739,5.2977,10.1784,0.27,-12.172,-3.559
2.6814,5.3207,9.914,0.0,-12.079,-3.4250000000000003
2.6814,5.3207,9.914,0.0,-12.079,-3.4250000000000003
2.7508,5.2977,9.914,-0.27,-11.521999999999998,-3.761
2.797,5.2977,9.7818,-0.361,-11.429,-3.963
2.8432,5.2746,9.7818,-0.541,-11.056999999999999,-3.895
3.005,5.3207,9.7818,-0.722,-10.591999999999999,-3.828
3.0744,5.2746,9.7818,-0.6320000000000001,-10.499,-3.828
3.1206,5.2746,9.7818,-0.6320000000000001,-10.499,-3.895
3.005,5.3898,9.914,-0.6320000000000001,-10.870999999999999,-3.828
2.9588,5.3668,9.914,-0.722,-10.964,-3.761
2.8895,5.3207,9.7818,-0.722,-11.056999999999999,-3.761
2.9588,5.2055,9.5175,-0.8119999999999999,-10.499,-4.03
3.0282,5.2286,9.6497,-0.903,-10.128,-3.963
3.0744,5.2286,9.6497,-0.903,-10.035,-3.963
3.1206,5.2286,9.5175,-0.903,-9.942,-3.895
3.0513,5.1595,9.3853,-0.722,-9.942,-3.694
2.9357,5.1364,9.5175,-0.903,-10.128,-3.6270000000000002
2.8201,5.0673,9.2531,-0.8119999999999999,-10.128,-3.559
2.6583,4.9752,8.8565,-1.083,-9.477,-3.828
2.6583,4.86,8.7243,-1.083,-9.199,-3.828
2.7508,4.7909,8.5922,-1.083,-8.734,-3.761
3.0744,4.6988,8.7243,-1.3539999999999999,-8.083,-3.694
2.9588,4.7449,8.5922,-1.444,-8.176,-3.6270000000000002
2.8895,4.7449,8.7243,-1.3539999999999999,-8.362,-3.559
2.8895,4.7449,8.7243,-1.3539999999999999,-8.362,-3.559
2.6352,4.6527,8.46,-1.535,-8.548,-3.3579999999999997
2.6352,4.6527,8.46,-1.535,-8.548,-3.3579999999999997
2.4965,4.5606,8.3278,-1.444,-8.734,-3.559
2.4734,4.4685,8.3278,-1.3539999999999999,-8.455,-3.492
2.4271,4.4224,8.1956,-1.2640000000000002,-8.362,-3.492
2.4271,4.4454,8.1956,-1.444,-8.083,-3.492
2.4734,4.4685,8.1956,-1.535,-8.083,-3.4250000000000003
2.4503,4.4915,8.1956,-1.625,-8.362,-3.3579999999999997
2.3347,4.4224,7.9312,-1.625,-8.548,-3.224
2.3347,4.4224,7.9312,-1.625,-8.548,-3.224
2.3578,4.3763,7.799,-1.715,-8.362,-3.1559999999999997
2.4271,4.3994,7.9312,-1.806,-8.362,-3.1559999999999997
2.6352,4.3533,8.0634,-1.986,-7.805,-3.0220000000000002
2.6583,4.3533,7.9312,-1.896,-7.712,-2.955
2.6352,4.3303,7.9312,-1.896,-7.898,-2.888
2.5427,4.2151,7.799,-1.806,-7.619,-2.753
2.5427,4.146,7.5346,-1.896,-7.433,-2.5519999999999996
2.4965,4.1229,7.6668,-1.896,-7.34,-2.686
2.5427,4.192,7.4025,-1.896,-7.061,-2.955
2.5658,4.169,7.4025,-2.076,-7.154,-2.955
2.4734,4.192,7.4025,-2.167,-7.433,-3.1559999999999997
2.3578,4.192,7.5346,-2.257,-7.526000000000001,-3.291
2.196,3.9387,7.0059,-2.4379999999999997,-7.061,-3.559
2.196,3.9387,7.0059,-2.4379999999999997,-7.061,-3.559
2.1729,3.6623,6.8737,-2.076,-6.69,-3.4250000000000003
2.196,3.5471,7.2703,-1.896,-7.061,-3.6270000000000002
2.2191,3.5932,7.5346,-1.986,-7.526000000000001,-3.895
2.1035,3.6853,7.1381,-2.347,-7.061,-3.6270000000000002
2.1729,3.7083,7.0059,-2.167,-6.69,-3.492
2.2653,3.7083,7.0059,-2.076,-6.504,-3.291
2.3116,3.6623,6.7415,-1.986,-6.2250000000000005,-3.089
2.3809,3.6853,6.7415,-1.896,-6.3180000000000005,-2.888
2.4271,3.7774,6.8737,-1.896,-6.3180000000000005,-2.821
2.4503,3.7544,6.7415,-1.715,-6.411,-2.753
2.5196,3.7544,6.8737,-1.535,-6.3180000000000005,-2.753
2.4965,3.7314,6.8737,-1.3539999999999999,-6.3180000000000005,-2.686
2.4734,3.7314,6.8737,-1.083,-6.5969999999999995,-2.619
2.4965,3.7544,7.0059,-0.993,-6.783,-2.5519999999999996
2.4503,3.7774,7.0059,-0.903,-6.783,-2.619
2.404,3.7544,7.0059,-0.993,-6.8759999999999994,-2.753
2.3347,3.8005,7.1381,-0.903,-7.433,-2.821
2.2884,3.8235,7.1381,-0.903,-7.433,-2.821
2.2191,3.8005,7.1381,-0.8119999999999999,-7.433,-2.888
2.2653,3.7314,7.0059,-0.993,-6.968,-2.821
2.3347,3.7314,6.7415,-0.903,-6.783,-2.888
2.404,3.7774,6.8737,-0.903,-6.8759999999999994,-2.955
2.3809,3.8696,7.1381,-0.722,-7.433,-3.089
2.2653,3.9847,7.4025,-0.722,-8.083,-3.1559999999999997
2.2191,4.0078,7.4025,-0.722,-8.269,-3.1559999999999997
2.196,3.9847,7.4025,-0.722,-8.176,-3.089
2.196,3.9387,7.2703,-0.722,-7.9910000000000005,-3.1559999999999997
2.1729,3.9847,7.2703,-0.6320000000000001,-8.176,-3.291
2.1729,4.0999,7.5346,-0.361,-8.734,-3.3579999999999997
2.1729,4.0999,7.5346,-0.361,-8.734,-3.3579999999999997
2.011,4.169,7.6668,-0.09,-9.199,-3.291
2.011,4.2151,7.799,-0.09,-9.849,-3.291
2.0573,4.2842,7.9312,-0.09,-9.756,-3.4250000000000003
2.0573,4.2842,7.9312,-0.09,-9.756,-3.4250000000000003
2.0804,4.2612,7.799,0.0,-9.477,-3.6270000000000002
2.0804,4.2381,7.799,0.09,-9.57,-3.6270000000000002
2.0573,4.2842,7.799,0.09,-9.849,-3.6270000000000002
2.0804,4.3763,8.0634,0.27,-10.221,-3.895
1.9879,4.5376,8.46,0.451,-11.335999999999999,-3.895
1.8723,4.5376,8.5922,0.541,-11.799999999999999,-3.694
1.7799,4.5836,8.5922,0.541,-11.893,-3.828
1.9186,4.5606,8.46,0.18,-11.056999999999999,-4.03
1.9879,4.6067,8.5922,0.361,-11.056999999999999,-3.963
2.0573,4.6297,8.46,0.361,-11.056999999999999,-3.963
2.1035,4.6527,8.46,0.361,-10.870999999999999,-4.03
2.1035,4.6297,8.1956,0.361,-10.685,-3.828
2.0573,4.6758,8.3278,0.361,-10.685,-4.03
2.0342,4.7218,8.46,0.451,-10.964,-4.097
2.1035,4.7449,8.5922,0.541,-11.056999999999999,-4.164
2.2191,4.837,8.5922,0.541,-10.964,-4.164
2.2653,4.86,8.5922,0.361,-10.964,-4.231
2.2653,4.814,8.5922,0.27,-10.870999999999999,-4.164
2.196,4.86,8.5922,0.361,-11.056999999999999,-4.231
2.1266,4.8831,8.8565,0.361,-11.243,-4.298
2.1266,4.8831,8.8565,0.361,-11.243,-4.298
2.1729,4.837,8.8565,0.451,-11.429,-4.298
2.1497,4.9522,8.8565,0.451,-11.429,-4.433
2.1266,4.9522,8.9887,0.541,-11.707,-4.433
2.0804,4.9522,8.8565,0.27,-11.614,-4.6339999999999995
2.1266,4.9982,8.9887,0.361,-11.614,-4.6339999999999995
2.196,4.9752,8.8565,0.27,-11.335999999999999,-4.5
2.2653,4.9752,8.8565,0.27,-10.964,-4.433
2.2422,4.9752,8.8565,0.18,-11.056999999999999,-4.433
2.1266,4.9752,8.9887,0.27,-11.243,-4.5
2.1266,4.9752,8.9887,0.27,-11.243,-4.5
2.1035,4.9061,8.9887,0.27,-11.243,-4.366
2.0573,4.9291,8.9887,0.27,-11.15,-4.433
2.011,4.86,8.8565,0.09,-11.15,-4.366
2.0342,4.837,8.7243,0.09,-10.778,-4.298
2.0573,4.837,8.7243,0.0,-10.870999999999999,-4.164
2.1497,4.8831,8.8565,0.09,-10.685,-4.231
2.1497,4.9061,8.8565,0.09,-10.685,-4.231
1.9648,4.9061,8.8565,0.09,-11.15,-4.298
1.9186,4.9061,8.7243,0.09,-11.243,-4.298
1.9186,4.837,8.7243,0.18,-11.056999999999999,-4.231
2.0804,4.8831,8.7243,0.09,-10.591999999999999,-4.298
2.196,4.86,8.7243,0.09,-10.405999999999999,-4.164
2.196,4.86,8.7243,0.09,-10.405999999999999,-4.164
2.1729,4.9522,8.7243,-0.09,-10.405999999999999,-4.164
2.1266,4.9752,8.8565,-0.09,-10.314,-4.164
2.1497,4.9291,8.7243,-0.09,-10.405999999999999,-4.231
2.011,4.9291,8.7243,0.09,-10.591999999999999,-4.298
2.0342,5.0443,8.8565,0.27,-11.335999999999999,-4.366
2.0342,5.0443,8.8565,0.27,-11.335999999999999,-4.366
2.1729,5.1595,9.1209,0.18,-11.243,-4.231
2.3578,5.1595,8.9887,0.09,-10.778,-4.03
2.4271,5.1595,9.1209,0.27,-10.685,-3.828
2.3578,5.2055,9.1209,0.27,-11.15,-3.761
2.1035,5.2516,9.3853,0.27,-11.986,-4.097
2.0804,5.3207,9.3853,0.27,-12.264999999999999,-4.164
2.1497,5.3898,9.6497,0.361,-12.544,-4.298
2.1497,5.4819,9.6497,0.361,-12.637,-4.366
2.5196,5.528,9.6497,0.09,-11.799999999999999,-4.164
2.6121,5.528,9.6497,0.18,-11.614,-4.164
2.6352,5.5741,9.7818,0.0,-11.799999999999999,-4.366
2.6121,5.6662,9.914,0.09,-12.358,-4.567
2.4734,5.6201,9.6497,-0.09,-12.079,-4.5
2.7508,5.6662,9.6497,-0.27,-11.429,-4.567
2.8201,5.7123,9.914,-0.09,-11.614,-4.5
2.8201,5.7583,10.0462,-0.09,-11.893,-4.567
2.5196,5.7583,9.914,-0.09,-12.637,-4.7010000000000005
2.3809,5.7123,9.914,-0.09,-12.729,-4.7010000000000005
2.2884,5.6662,9.914,0.09,-12.637,-4.567
2.2191,5.6892,9.914,0.09,-12.637,-4.6339999999999995
2.3116,5.6432,9.7818,-0.18,-12.264999999999999,-4.567
2.4271,5.7123,9.7818,0.0,-12.172,-4.7010000000000005
2.5427,5.6892,9.7818,-0.09,-11.893,-4.769
2.5658,5.6432,9.6497,0.0,-11.707,-4.835999999999999
2.6352,5.551,9.5175,-0.361,-11.056999999999999,-4.9030000000000005
2.6814,5.551,9.5175,-0.27,-11.15,-4.97
2.7739,5.5741,9.6497,-0.18,-10.964,-4.9030000000000005
2.8663,5.5971,9.6497,-0.27,-10.870999999999999,-4.835999999999999
2.9588,5.6432,9.5175,-0.18,-10.778,-4.769
2.9819,5.6201,9.5175,-0.27,-10.499,-4.835999999999999
3.005,5.5971,9.3853,-0.451,-10.221,-4.9030000000000005
3.0513,5.5971,9.3853,-0.451,-10.314,-4.769
2.9588,5.6892,9.5175,-0.361,-10.685,-4.9030000000000005
2.9588,5.6892,9.5175,-0.361,-10.685,-4.9030000000000005
2.9126,5.7583,9.7818,0.0,-11.335999999999999,-4.9030000000000005
2.9126,5.7583,9.7818,0.0,-11.335999999999999,-4.9030000000000005
3.0513,5.7353,9.6497,-0.18,-10.685,-4.835999999999999
3.19,5.6662,9.5175,-0.361,-10.221,-4.769
3.19,5.551,9.3853,-0.27,-9.942,-4.7010000000000005
3.0744,5.551,9.3853,-0.18,-10.314,-4.769
2.9819,5.5741,9.7818,0.0,-10.778,-4.769
2.9357,5.6201,9.914,0.09,-11.056999999999999,-4.9030000000000005
2.9357,5.5741,9.7818,0.09,-11.056999999999999,-4.769
2.9357,5.5741,9.5175,0.09,-10.591999999999999,-4.7010000000000005
3.1206,5.3898,9.2531,-0.18,-9.756,-4.433
3.2131,5.4128,9.1209,-0.09,-9.57,-4.433
3.3055,5.528,9.3853,-0.18,-9.756,-4.567
3.2593,5.5741,9.5175,-0.09,-10.221,-4.567
3.1668,5.6432,9.6497,-0.09,-10.499,-4.6339999999999995
3.0744,5.6662,9.6497,0.0,-10.685,-4.7010000000000005
3.0282,5.6432,9.5175,0.0,-10.685,-4.567
3.0282,5.6432,9.5175,0.0,-10.685,-4.567
3.0975,5.5971,9.5175,-0.09,-10.314,-4.6339999999999995
3.4442,5.528,9.5175,0.09,-9.57,-4.5
3.5136,5.505,9.5175,0.18,-9.477,-4.366
3.3055,5.5741,9.6497,0.0,-10.035,-4.567
3.2362,5.6201,9.6497,0.0,-10.221,-4.6339999999999995
3.19,5.6662,9.6497,0.09,-10.499,-4.6339999999999995
3.1668,5.6892,9.6497,0.0,-10.591999999999999,-4.7010000000000005
3.3055,5.6662,9.6497,0.09,-10.128,-4.567
3.3749,5.5741,9.5175,0.09,-9.663,-4.567
3.5367,5.4589,9.3853,0.09,-9.106,-4.298
3.5367,5.4359,9.5175,0.09,-9.106,-4.231
3.4674,5.5741,9.5175,0.27,-9.57,-4.366
3.1206,5.7814,9.7818,0.18,-10.778,-4.7010000000000005
3.1668,5.7353,9.6497,0.18,-10.685,-4.567
3.1668,5.7353,9.6497,0.18,-10.685,-4.567
3.3287,5.6432,9.5175,0.09,-10.035,-4.567
3.4211,5.6432,9.6497,0.09,-9.849,-4.433
3.2362,5.7123,9.7818,0.0,-10.405999999999999,-4.567
3.1206,5.7353,9.7818,0.18,-10.685,-4.7010000000000005
3.0282,5.7814,9.6497,0.27,-10.964,-4.769
3.0282,5.7583,9.6497,0.09,-10.778,-4.835999999999999
3.0282,5.7583,9.6497,0.09,-10.778,-4.835999999999999
3.3055,5.6432,9.5175,0.0,-9.756,-4.6339999999999995
3.398,5.4359,9.2531,-0.09,-9.106,-4.5
3.398,5.4359,9.2531,-0.09,-9.106,-4.5
3.2131,5.4819,9.2531,0.0,-9.477,-4.567
3.1206,5.4359,9.1209,0.0,-9.756,-4.6339999999999995
3.1206,5.4359,9.1209,0.0,-9.756,-4.6339999999999995
3.1206,5.4128,9.2531,0.09,-9.477,-4.5
3.1437,5.3668,9.1209,-0.09,-9.291,-4.5
3.1668,5.3437,9.1209,0.0,-9.291,-4.433
3.19,5.2977,9.1209,-0.09,-9.106,-4.366
3.2362,5.2746,8.9887,-0.18,-8.827,-4.366
3.3055,5.2286,8.7243,-0.09,-8.734,-4.231
3.2362,5.1825,8.9887,0.0,-8.827,-4.298
2.9588,5.0904,8.8565,0.0,-9.106,-4.231
2.9588,5.0443,8.7243,0.09,-8.92,-4.231
3.0282,4.9982,8.7243,0.0,-8.641,-4.164
3.0744,5.0213,8.7243,0.0,-8.362,-4.164
3.0744,5.1595,8.8565,0.0,-8.827,-4.231
3.0513,5.1825,8.8565,-0.09,-8.92,-4.231
3.1668,5.1134,8.7243,-0.09,-8.455,-4.164
3.1668,5.1134,8.7243,-0.09,-8.455,-4.164
3.1437,5.0443,8.5922,-0.09,-8.269,-4.097
3.005,5.0673,8.5922,0.0,-8.734,-4.231
3.005,5.0904,8.5922,-0.18,-8.641,-4.298
3.0282,4.9982,8.5922,-0.18,-8.362,-4.231
3.005,4.9291,8.3278,-0.27,-8.176,-4.231
3.005,4.9291,8.3278,-0.27,-8.176,-4.231
2.9588,4.9291,8.5922,-0.27,-8.269,-4.097
2.9357,4.9061,8.46,-0.361,-8.455,-4.164
2.9126,4.8831,8.3278,-0.27,-8.176,-4.164
2.7739,4.814,8.1956,-0.27,-8.362,-4.097
2.7045,4.7679,8.1956,-0.27,-8.362,-4.097
2.6352,4.7449,8.0634,-0.18,-8.176,-4.097
2.6352,4.6988,8.0634,-0.18,-8.083,-4.097
2.6352,4.6988,8.0634,-0.27,-8.083,-4.097
2.7045,4.6067,7.9312,-0.27,-7.805,-3.963
2.7045,4.6067,7.9312,-0.27,-7.805,-3.963
2.7276,4.6067,7.799,-0.361,-7.526000000000001,-3.895
2.6352,4.5606,7.6668,-0.361,-7.433,-3.895
2.5658,4.5606,7.799,-0.361,-7.712,-3.895
2.5427,4.5836,7.799,-0.361,-7.805,-3.895
2.6121,4.4915,7.799,-0.27,-7.433,-3.895
2.6352,4.4915,7.5346,-0.18,-7.433,-3.828
2.6583,4.3994,7.5346,-0.451,-7.154,-3.6270000000000002
2.6583,4.3994,7.5346,-0.451,-6.968,-3.761
2.6121,4.4224,7.5346,-0.451,-7.061,-3.694
2.5658,4.3763,7.5346,-0.541,-7.061,-3.761
2.4965,4.3303,7.5346,-0.541,-7.061,-3.694
2.3809,4.3303,7.2703,-0.541,-7.247,-3.694
2.2422,4.2612,7.4025,-0.541,-7.433,-3.694
2.1266,4.2151,7.2703,-0.451,-7.34,-3.6270000000000002
2.2191,4.2381,7.2703,-0.541,-7.247,-3.694
2.2884,4.169,7.1381,-0.541,-6.968,-3.559
2.404,4.169,7.1381,-0.541,-6.69,-3.492
2.4503,4.169,7.1381,-0.541,-6.783,-3.559
2.2653,4.169,7.1381,-0.541,-6.8759999999999994,-3.6270000000000002
2.2884,4.146,7.1381,-0.6320000000000001,-6.8759999999999994,-3.559
2.2884,4.1229,7.1381,-0.6320000000000001,-6.783,-3.492
2.2422,4.146,7.0059,-0.722,-6.783,-3.559
2.1729,4.146,7.0059,-0.6320000000000001,-6.968,-3.6270000000000002
2.0804,4.1229,7.1381,-0.541,-7.154,-3.6270000000000002
1.9879,4.0999,7.1381,-0.541,-7.247,-3.6270000000000002
2.0573,4.0538,7.0059,-0.6320000000000001,-7.154,-3.6270000000000002
2.0573,4.0538,7.0059,-0.6320000000000001,-7.154,-3.6270000000000002
2.1266,4.0769,7.0059,-0.6320000000000001,-6.8759999999999994,-3.492
2.1729,4.0999,7.1381,-0.6320000000000001,-6.783,-3.559
2.1035,4.0769,7.0059,-0.6320000000000001,-6.783,-3.4250000000000003
2.0573,4.0769,7.0059,-0.6320000000000001,-7.154,-3.559
2.011,4.0538,7.1381,-0.541,-7.154,-3.559
2.011,4.0308,7.1381,-0.451,-7.433,-3.559
1.9417,4.0538,7.2703,-0.451,-7.433,-3.559
1.9417,4.0538,7.2703,-0.451,-7.433,-3.559
1.8492,3.9847,7.1381,-0.541,-7.433,-3.492
1.8261,4.0078,7.1381,-0.541,-7.433,-3.492
1.8492,4.0078,7.1381,-0.541,-7.433,-3.6270000000000002
1.803,4.0078,7.1381,-0.541,-7.34,-3.559
1.8261,4.0078,7.1381,-0.451,-7.619,-3.6270000000000002
1.803,4.0078,7.1381,-0.451,-7.712,-3.559
1.7799,4.0308,7.1381,-0.451,-7.712,-3.6270000000000002
1.7568,4.0538,7.1381,-0.541,-7.898,-3.694
1.6874,4.0078,7.1381,-0.541,-7.805,-3.761
1.6874,3.9847,7.0059,-0.451,-7.898,-3.6270000000000002
1.7105,4.0769,7.1381,-0.541,-7.898,-3.694
1.7105,4.0769,7.2703,-0.451,-7.9910000000000005,-3.6270000000000002
1.6643,4.0999,7.2703,-0.541,-8.083,-3.761
1.6412,4.0999,7.2703,-0.541,-8.176,-3.694
1.595,4.146,7.1381,-0.6320000000000001,-8.176,-3.828
1.5718,4.1229,7.1381,-0.6320000000000001,-8.176,-3.761
1.5718,4.146,7.1381,-0.6320000000000001,-8.176,-3.761
1.5718,4.169,7.1381,-0.6320000000000001,-8.269,-3.694
1.5256,4.146,7.2703,-0.6320000000000001,-8.362,-3.761
1.5487,4.169,7.4025,-0.541,-8.548,-3.761
1.5025,4.146,7.2703,-0.451,-8.548,-3.895
1.41,4.146,7.2703,-0.451,-8.734,-3.895
1.41,4.1229,7.2703,-0.451,-8.734,-3.761
1.41,4.192,7.4025,-0.361,-9.013,-3.895
1.41,4.192,7.4025,-0.27,-9.199,-3.963
1.41,4.2842,7.4025,-0.27,-9.106,-3.963
1.4331,4.2612,7.5346,-0.361,-9.106,-3.963
1.3638,4.3303,7.6668,-0.27,-9.57,-4.097
1.2944,4.2842,7.6668,-0.18,-9.663,-4.03
1.2713,4.3072,7.799,-0.27,-9.756,-4.097
1.3407,4.3533,7.799,-0.27,-9.756,-4.03
1.4331,4.3994,7.799,-0.451,-9.384,-3.963
1.6643,4.4915,7.799,-0.6320000000000001,-9.013,-4.097
1.595,4.5606,7.9312,-0.6320000000000001,-9.199,-4.097
1.5256,4.5606,8.0634,-0.451,-9.663,-4.231
1.41,4.5145,8.0634,-0.361,-9.849,-4.231
1.3407,4.5145,8.0634,-0.27,-10.128,-4.298
1.7105,4.6988,8.1956,-0.8119999999999999,-9.106,-4.433
1.7337,4.6988,8.1956,-0.8119999999999999,-9.013,-4.366
1.6412,4.7218,8.1956,-0.722,-9.291,-4.298
1.595,4.7218,8.1956,-0.6320000000000001,-9.477,-4.366
1.6643,4.7218,8.1956,-0.722,-9.384,-4.433
1.6874,4.7218,8.1956,-0.722,-9.291,-4.298
1.6643,4.7449,8.3278,-0.6320000000000001,-9.291,-4.366
1.6181,4.7679,8.3278,-0.6320000000000001,-9.477,-4.433
1.6412,4.7679,8.3278,-0.722,-9.291,-4.433
1.7799,4.814,8.3278,-0.903,-9.013,-4.366
1.8492,4.86,8.1956,-0.993,-8.92,-4.366
1.6874,4.837,8.3278,-0.903,-9.384,-4.5
1.6874,4.837,8.3278,-0.903,-9.384,-4.5
1.41,4.7909,8.3278,-0.6320000000000001,-10.128,-4.5
1.3869,4.7909,8.3278,-0.541,-10.221,-4.366
1.4794,4.7909,8.46,-0.722,-9.663,-4.433
1.6874,4.7909,8.1956,-0.722,-9.013,-4.366
1.803,4.7909,8.3278,-0.903,-8.734,-4.298
1.7337,4.7909,8.3278,-0.8119999999999999,-9.106,-4.366
1.6643,4.814,8.46,-0.722,-9.384,-4.433
1.7337,4.837,8.3278,-0.8119999999999999,-9.106,-4.366
1.7568,4.86,8.46,-0.8119999999999999,-9.106,-4.298
1.6874,4.837,8.46,-0.8119999999999999,-9.291,-4.298
1.595,4.86,8.46,-0.6320000000000001,-9.477,-4.366
1.595,4.9291,8.5922,-0.8119999999999999,-9.663,-4.366
1.6412,4.9982,8.7243,-0.6320000000000001,-9.663,-4.567
1.6643,5.0213,8.7243,-0.722,-9.57,-4.5
1.6181,5.0213,8.7243,-0.722,-9.663,-4.6339999999999995
1.7105,5.0443,8.46,-0.8119999999999999,-9.477,-4.567
1.8261,5.0443,8.5922,-0.903,-9.106,-4.5
1.8723,5.0443,8.5922,-0.993,-8.827,-4.433
1.8261,5.0673,8.5922,-0.8119999999999999,-9.199,-4.567
1.595,5.0673,8.8565,-0.6320000000000001,-10.128,-4.567
1.595,5.0673,8.8565,-0.541,-10.128,-4.5
1.6643,5.0673,8.7243,-0.722,-9.663,-4.5
1.8723,5.0673,8.5922,-0.903,-8.734,-4.366
1.8723,5.0673,8.5922,-0.903,-8.734,-4.366
1.6874,5.0673,8.7243,-0.6320000000000001,-9.57,-4.433
1.803,5.0673,8.7243,-0.8119999999999999,-9.199,-4.5
1.9879,5.0673,8.7243,-0.993,-8.548,-4.366
2.1035,5.0904,8.7243,-0.993,-8.362,-4.366
2.1035,5.0673,8.7243,-0.993,-8.362,-4.298
1.9879,5.0673,8.5922,-1.083,-8.641,-4.366
1.9186,5.0904,8.5922,-0.903,-8.641,-4.366
1.9648,5.1134,8.5922,-0.993,-8.641,-4.366
1.9879,5.1134,8.5922,-0.8119999999999999,-8.455,-4.366
2.0573,5.1134,8.5922,-0.903,-8.362,-4.366
2.1497,5.1364,8.7243,-0.903,-8.176,-4.298
2.1729,5.1595,8.5922,-0.903,-8.083,-4.298
2.1497,5.1595,8.5922,-0.903,-8.176,-4.298
2.0573,5.1595,8.7243,-0.993,-8.362,-4.366
2.011,5.1595,8.5922,-0.903,-8.548,-4.298
1.9648,5.1364,8.7243,-0.8119999999999999,-8.641,-4.298
1.9879,5.1595,8.7243,-0.8119999999999999,-8.641,-4.298
2.0573,5.1364,8.7243,-0.903,-8.455,-4.298
2.1266,5.1364,8.7243,-0.8119999999999999,-8.269,-4.366
2.1035,5.1825,8.7243,-0.8119999999999999,-8.269,-4.433
2.0804,5.1595,8.7243,-0.722,-8.362,-4.366
2.0342,5.1595,8.5922,-0.722,-8.455,-4.433
1.9417,5.1134,8.5922,-0.6320000000000001,-8.641,-4.366
1.8955,5.1134,8.5922,-0.541,-8.734,-4.366
1.8261,5.1134,8.5922,-0.541,-8.92,-4.366
1.8492,5.1134,8.46,-0.451,-8.827,-4.433
2.0342,5.1364,8.5922,-0.722,-8.176,-4.366
2.1497,5.0673,8.46,-0.8119999999999999,-7.898,-4.231
2.1497,5.0443,8.3278,-0.903,-7.619,-4.231
2.1497,5.0213,8.3278,-0.722,-7.898,-4.164
2.1266,4.9982,8.3278,-0.8119999999999999,-7.805,-4.164
2.1266,4.9982,8.3278,-0.8119999999999999,-7.805,-4.164
1.9648,4.9752,8.1956,-0.6320000000000001,-7.9910000000000005,-4.231
1.9186,4.9522,8.1956,-0.6320000000000001,-8.083,-4.231
1.9879,4.9982,8.0634,-0.6320000000000001,-7.9910000000000005,-4.231
1.9879,4.9982,8.0634,-0.6320000000000001,-7.9910000000000005,-4.231
2.0573,4.9982,8.1956,-0.722,-7.526000000000001,-4.164
2.1266,4.9291,8.1956,-0.722,-7.526000000000001,-4.164
2.1729,4.9291,8.0634,-0.6320000000000001,-7.433,-4.03
2.1035,4.8831,8.0634,-0.6320000000000001,-7.433,-4.097
2.0573,4.8831,7.9312,-0.6320000000000001,-7.619,-4.03
1.9879,4.8831,7.9312,-0.6320000000000001,-7.712,-4.03
1.9879,4.9061,7.9312,-0.8119999999999999,-7.526000000000001,-4.097
2.0573,4.837,7.9312,-0.6320000000000001,-7.526000000000001,-4.097
2.2191,4.837,7.9312,-0.903,-6.783,-4.03
2.2884,4.7679,7.799,-0.903,-6.8759999999999994,-3.963
2.2191,4.7679,7.799,-0.903,-6.968,-3.895
1.9186,4.7909,7.6668,-0.6320000000000001,-7.619,-4.03
1.8261,4.7449,7.799,-0.722,-7.712,-3.963
1.803,4.7218,7.799,-0.6320000000000001,-7.712,-3.963
1.9648,4.7449,7.6668,-0.8119999999999999,-7.34,-3.963
2.0573,4.7449,7.799,-0.903,-7.154,-3.963
2.0573,4.7449,7.799,-0.903,-7.154,-3.963
2.1266,4.7218,7.6668,-1.083,-6.783,-3.963
2.0342,4.6988,7.6668,-0.903,-7.154,-3.963
1.9417,4.7218,7.6668,-0.8119999999999999,-7.34,-4.03
1.8723,4.6988,7.6668,-0.8119999999999999,-7.433,-4.03
1.8492,4.6527,7.6668,-0.722,-7.433,-4.03
1.8261,4.6527,7.6668,-0.8119999999999999,-7.433,-3.963
1.8723,4.5836,7.5346,-0.8119999999999999,-7.154,-3.963
1.9186,4.5836,7.5346,-0.8119999999999999,-6.968,-3.895
1.9417,4.6067,7.6668,-0.8119999999999999,-6.968,-4.03
1.7799,4.6067,7.5346,-0.8119999999999999,-7.526000000000001,-3.895
1.7337,4.6067,7.5346,-0.722,-7.619,-4.097
1.7105,4.6067,7.6668,-0.8119999999999999,-7.619,-4.03
1.7105,4.5836,7.5346,-0.6320000000000001,-7.619,-4.03
1.803,4.5376,7.4025,-0.722,-7.154,-3.963
1.9186,4.5145,7.5346,-0.722,-7.061,-3.895
1.9417,4.5376,7.4025,-0.6320000000000001,-7.061,-3.895
1.7799,4.6067,7.5346,-0.722,-7.433,-4.03
1.6412,4.6067,7.5346,-0.722,-7.805,-4.097
1.6412,4.6067,7.5346,-0.722,-7.805,-4.097
1.6412,4.5606,7.4025,-0.722,-7.619,-4.03
1.7105,4.5606,7.5346,-0.6320000000000001,-7.619,-3.963
1.7568,4.6067,7.5346,-0.541,-7.619,-4.097
1.7568,4.6297,7.5346,-0.6320000000000001,-7.526000000000001,-4.097
1.7799,4.6527,7.6668,-0.6320000000000001,-7.712,-4.164
1.7568,4.6527,7.5346,-0.722,-7.619,-4.164
1.6874,4.6297,7.6668,-0.451,-7.898,-4.097
1.6412,4.6758,7.6668,-0.27,-8.269,-4.097
1.6412,4.6067,7.6668,-0.6320000000000001,-7.898,-4.164
1.6412,4.6067,7.6668,-0.6320000000000001,-7.898,-4.164
1.6643,4.6297,7.6668,-0.6320000000000001,-7.805,-4.164
1.7105,4.6527,7.6668,-0.541,-7.805,-4.097
1.7337,4.6527,7.5346,-0.6320000000000001,-7.805,-4.164
1.7105,4.6297,7.5346,-0.6320000000000001,-7.619,-4.164
1.595,4.6067,7.5346,-0.722,-7.9910000000000005,-4.164
1.4563,4.6297,7.5346,-0.27,-8.548,-4.164
1.4563,4.6297,7.5346,-0.27,-8.548,-4.164
1.5256,4.6297,7.5346,-0.541,-8.176,-4.164
1.6412,4.6297,7.5346,-0.8119999999999999,-7.712,-4.097
1.6412,4.6067,7.4025,-0.722,-7.526000000000001,-4.164
1.595,4.5606,7.5346,-0.6320000000000001,-7.898,-4.164
1.5718,4.6527,7.5346,-0.722,-7.9910000000000005,-4.231
1.5718,4.6527,7.5346,-0.722,-7.9910000000000005,-4.231
1.6412,4.6527,7.4025,-0.722,-7.619,-4.164
1.5487,4.6297,7.5346,-0.541,-7.9910000000000005,-4.097
1.4794,4.6297,7.4025,-0.541,-8.269,-4.164
1.4794,4.6297,7.5346,-0.6320000000000001,-8.269,-4.164
1.5256,4.6758,7.5346,-0.541,-8.176,-4.164
1.6181,4.6988,7.5346,-0.6320000000000001,-7.9910000000000005,-4.164
1.6412,4.6758,7.5346,-0.8119999999999999,-7.712,-4.097
1.595,4.6988,7.6668,-0.722,-7.898,-4.231
1.4794,4.6988,7.5346,-0.361,-8.362,-4.298
1.3407,4.7449,7.6668,-0.361,-8.92,-4.366
1.41,4.7449,7.799,-0.451,-8.827,-4.298
1.41,4.7679,7.799,-0.451,-8.827,-4.366
1.41,4.7449,7.799,-0.361,-8.827,-4.231
1.4331,4.7679,7.799,-0.361,-8.641,-4.231
1.5487,4.814,7.799,-0.541,-8.269,-4.231
1.5256,4.837,7.9312,-0.541,-8.641,-4.298
1.3638,4.837,7.9312,-0.361,-9.013,-4.366
1.2251,4.7909,8.0634,-0.18,-9.663,-4.5
1.0402,4.7679,8.0634,-0.09,-9.942,-4.433
1.1789,4.86,8.0634,-0.361,-9.57,-4.5
1.3638,4.86,7.9312,-0.541,-8.827,-4.366
1.41,4.9061,7.9312,-0.541,-8.548,-4.433
1.3176,4.8831,7.9312,-0.451,-8.92,-4.433
1.1095,4.814,8.0634,-0.18,-9.942,-4.5
1.2251,4.7909,8.1956,-0.27,-9.663,-4.433
1.4331,4.7679,8.0634,-0.27,-8.92,-4.366
1.5718,4.7218,8.0634,-0.361,-8.362,-4.164
1.2251,4.7449,7.9312,-0.27,-9.199,-4.298
0.809,4.7218,7.9312,-0.09,-10.314,-4.5
1.0171,4.7909,8.0634,-0.27,-9.942,-4.5
1.41,4.8831,8.1956,-0.722,-8.734,-4.298
1.41,4.7679,8.0634,-0.361,-8.641,-3.895
1.3176,4.7909,8.0634,-0.18,-9.106,-3.963
1.2482,4.7679,8.1956,-0.27,-9.106,-3.963
1.3869,4.7909,7.9312,-0.361,-8.734,-3.895
1.5718,4.814,7.9312,-0.541,-8.083,-3.828
1.6643,4.814,7.9312,-0.722,-7.805,-3.694
1.6874,4.814,7.9312,-0.722,-7.712,-3.761
1.7105,4.7679,8.0634,-0.451,-7.712,-3.761
1.7799,4.5836,8.0634,-0.18,-7.619,-3.6270000000000002
1.7337,4.5376,8.0634,-0.18,-7.805,-3.559
1.6181,4.4915,8.0634,0.0,-8.176,-3.492
1.5256,4.5145,8.1956,0.09,-8.455,-3.4250000000000003
1.41,4.5145,8.1956,0.09,-8.641,-3.3579999999999997
1.41,4.5606,8.1956,0.0,-8.641,-3.3579999999999997
1.41,4.4685,8.0634,0.18,-8.548,-3.291
1.3407,4.3533,8.1956,0.361,-8.827,-3.1559999999999997
1.3407,4.3303,7.9312,0.27,-8.641,-3.1559999999999997
1.3638,4.169,8.1956,0.903,-9.291,-3.0220000000000002
1.3176,4.0308,8.3278,1.083,-9.477,-3.0220000000000002
1.3176,4.0078,8.1956,0.993,-9.013,-3.1559999999999997
1.3638,3.9847,8.3278,1.173,-9.106,-3.089
1.2251,3.8005,8.1956,1.444,-9.384,-3.224
1.2251,3.8005,8.1956,1.444,-9.384,-3.224
1.202,3.9847,8.1956,1.083,-9.663,-3.291
1.2251,3.8926,8.3278,1.2640000000000002,-9.477,-3.1559999999999997
1.3638,3.8005,8.3278,1.3539999999999999,-9.106,-3.224
1.7105,3.3168,8.3278,1.986,-8.455,-2.888
1.595,3.0864,8.46,2.4379999999999997,-8.734,-2.888
1.4563,2.9943,8.3278,2.5280000000000005,-9.013,-2.955
1.3407,3.2016,8.46,2.076,-9.384,-3.4250000000000003
1.3407,3.2016,8.46,2.076,-9.384,-3.4250000000000003
1.4331,3.3628,8.3278,1.625,-8.734,-3.3579999999999997
1.6181,3.2707,8.1956,1.806,-8.362,-3.224
1.7568,3.0864,8.3278,1.896,-7.805,-3.1559999999999997
1.8492,2.8561,8.1956,2.167,-7.526000000000001,-2.955
1.7799,2.5567,8.0634,2.618,-7.898,-2.955
1.6643,2.5336,8.1956,2.7089999999999996,-7.9910000000000005,-2.888
1.6412,2.5336,8.0634,2.618,-7.9910000000000005,-2.955
1.595,2.5567,8.0634,2.4379999999999997,-8.176,-3.089
1.5256,2.5567,8.0634,2.347,-8.269,-3.224
1.5718,2.4876,8.0634,2.347,-8.083,-3.224
1.6412,2.3494,7.9312,2.4379999999999997,-7.805,-3.224
1.7337,2.2342,7.9312,2.5280000000000005,-7.805,-3.224
1.8723,2.073,7.799,2.7089999999999996,-7.247,-3.089
1.8492,1.9808,7.9312,2.7089999999999996,-7.433,-3.0220000000000002
1.7105,1.8426,7.799,3.07,-7.898,-2.955
1.7105,1.8426,7.799,3.07,-7.898,-2.955
1.6412,1.6584,7.799,3.431,-8.083,-2.888
1.7105,1.4741,7.799,3.612,-7.9910000000000005,-2.686
1.7337,1.3359,7.6668,3.702,-7.805,-2.619
1.7337,1.1747,7.799,3.973,-8.083,-2.5519999999999996
1.7105,1.0595,7.799,4.1530000000000005,-8.176,-2.5519999999999996
1.6412,0.9443,7.9312,4.334,-8.362,-2.5519999999999996
1.4794,0.5528,7.6668,4.694999999999999,-8.734,-2.283
1.5487,0.1382,7.6668,5.056000000000001,-8.548,-1.947
1.5487,0.1382,7.6668,5.056000000000001,-8.548,-1.947
1.5487,-0.046,7.6668,5.327,-8.734,-1.813
1.4794,-0.1382,7.5346,5.507999999999999,-8.92,-1.6789999999999998
1.4331,-0.2073,7.4025,5.237,-8.641,-1.88
1.4794,-0.2073,7.4025,5.237,-8.641,-1.746
1.5025,-0.2533,7.5346,5.237,-8.548,-1.612
1.5025,-0.3224,7.5346,5.417999999999999,-8.641,-1.612
1.5718,-0.5758,7.2703,5.598,-8.455,-1.4769999999999999
1.5718,-0.5758,7.2703,5.598,-8.455,-1.4769999999999999
1.6412,-0.8292,7.2703,5.779,-8.362,-1.2759999999999998
1.6412,-0.8292,7.2703,5.779,-8.362,-1.2759999999999998
1.6181,-0.9213,7.2703,5.869,-8.641,-1.2759999999999998
1.5487,-1.1056,7.2703,5.959,-8.92,-1.2759999999999998
1.5487,-1.1286,7.2703,5.869,-8.92,-1.2089999999999999
1.6181,-1.3589,7.2703,5.869,-8.827,-1.0739999999999998
1.5025,-1.5202,7.1381,6.14,-9.106,-0.738
1.4331,-1.5432,7.1381,6.05,-9.384,-0.604
1.3869,-1.5893,7.1381,6.14,-9.477,-0.604
1.3407,-1.7505,7.4025,6.321,-9.57,-0.604
1.2944,-1.8657,7.2703,6.5920000000000005,-9.849,-0.335
1.3638,-2.0039,7.0059,6.682,-9.477,-0.067
1.3638,-2.0499,7.1381,6.5920000000000005,-9.57,-0.0
1.202,-2.2803,7.0059,7.043,-10.314,0.201
1.0402,-2.3263,7.0059,7.043,-10.499,0.47
0.9246,-2.3263,6.8737,6.862,-10.499,0.47
1.0633,-2.5106,7.0059,7.133000000000001,-10.499,0.738
1.1326,-2.6718,7.1381,7.224,-10.405999999999999,1.007
1.1558,-2.6949,7.0059,7.224,-10.221,1.141
1.202,-2.7179,7.0059,7.133000000000001,-10.128,1.2759999999999998
1.0171,-2.9022,7.1381,7.404,-10.964,1.4769999999999999
0.7628,-2.9482,7.1381,7.584999999999999,-11.707,1.6789999999999998
0.5779,-2.8561,7.1381,7.224,-11.707,2.015
0.7397,-2.9022,7.2703,7.133000000000001,-11.521999999999998,2.015
0.9246,-2.9713,7.2703,7.133000000000001,-11.15,1.813
1.0402,-2.9943,7.4025,6.862,-10.964,1.88
1.0402,-3.0404,7.4025,6.862,-10.964,2.015
1.0171,-3.0634,7.5346,6.862,-11.243,2.082
0.8784,-3.0634,7.5346,6.953,-11.614,2.149
0.7165,-2.9713,7.4025,6.772,-11.799999999999999,2.2159999999999997
0.7628,-2.9022,7.4025,6.411,-11.614,2.015
0.9477,-2.9943,7.5346,6.321,-11.243,1.947
1.1095,-2.9943,7.5346,6.23,-10.685,1.947
1.2713,-3.0864,7.6668,6.23,-10.405999999999999,1.88
1.1558,-3.1786,7.6668,6.321,-11.056999999999999,2.3499999999999996
0.9708,-3.1555,7.6668,6.411,-11.335999999999999,2.485
0.8321,-3.1095,7.5346,6.14,-11.521999999999998,2.485
0.8552,-2.9252,7.4025,5.689,-11.15,2.283
0.8552,-2.9252,7.4025,5.689,-11.15,2.283
1.5256,-2.9943,7.5346,5.056000000000001,-9.756,1.6789999999999998
1.5487,-3.0864,7.6668,5.237,-9.942,1.813
1.4794,-3.2246,7.6668,5.507999999999999,-10.314,1.947
1.202,-3.2016,7.5346,5.327,-10.685,2.283
1.1326,-3.1325,7.5346,5.056000000000001,-10.591999999999999,2.2159999999999997
1.2251,-3.0634,7.6668,5.056000000000001,-10.591999999999999,2.082
1.2944,-3.1325,7.9312,4.785,-10.499,1.612
1.3638,-3.1786,7.799,4.515000000000001,-10.221,1.612
1.4563,-3.2937,7.9312,4.694999999999999,-10.221,1.813
1.4794,-3.3859,7.9312,4.966,-10.405999999999999,2.015
1.41,-3.4089,8.0634,4.966,-10.685,2.2159999999999997
1.2713,-3.3628,7.799,4.8759999999999994,-10.778,2.3499999999999996
1.2713,-3.3168,7.799,4.515000000000001,-10.591999999999999,2.2159999999999997
1.3869,-3.3628,7.9312,4.605,-10.591999999999999,2.082
1.2482,-3.4319,7.9312,4.694999999999999,-10.778,2.2159999999999997
1.1558,-3.455,8.0634,4.785,-11.15,2.485
1.1095,-3.478,8.0634,4.694999999999999,-11.335999999999999,2.5519999999999996
1.1095,-3.478,8.0634,4.694999999999999,-11.335999999999999,2.5519999999999996
1.1558,-3.501,8.0634,4.515000000000001,-11.056999999999999,2.485
1.202,-3.5701,8.1956,4.515000000000001,-11.243,2.5519999999999996
1.1095,-3.5471,7.9312,4.334,-11.243,2.5519999999999996
1.1789,-3.501,8.0634,3.973,-11.056999999999999,2.3499999999999996
1.202,-3.5471,8.3278,4.1530000000000005,-11.056999999999999,2.283
1.2251,-3.5932,8.0634,4.063,-10.870999999999999,2.619
1.2251,-3.5932,8.0634,4.063,-10.870999999999999,2.619
1.3638,-3.6162,8.1956,3.792,-10.591999999999999,2.485
1.3638,-3.6162,8.1956,3.792,-10.591999999999999,2.485
1.2482,-3.6392,8.3278,3.702,-10.778,2.3499999999999996
1.2713,-3.6623,8.1956,3.702,-10.964,2.283
1.3176,-3.6853,8.1956,3.702,-10.685,2.283
1.3869,-3.7314,8.3278,3.702,-10.591999999999999,2.3499999999999996
1.3176,-3.7314,8.1956,3.702,-10.591999999999999,2.4179999999999997
1.2482,-3.7314,8.1956,3.702,-10.964,2.5519999999999996
1.2251,-3.7314,8.1956,3.612,-10.870999999999999,2.686
1.3638,-3.7774,8.1956,3.5210000000000004,-10.685,2.485
1.4794,-3.8005,8.46,3.5210000000000004,-10.499,2.485
1.4563,-3.8465,8.3278,3.431,-10.591999999999999,2.5519999999999996
1.1558,-3.8696,8.3278,3.5210000000000004,-11.243,2.686
1.1558,-3.8696,8.3278,3.5210000000000004,-11.243,2.686
1.0633,-3.8465,8.3278,3.5210000000000004,-11.335999999999999,2.686
1.202,-3.9156,8.46,3.25,-10.964,2.686
1.3176,-3.8926,8.46,3.341,-10.685,2.686
1.3869,-3.9387,8.46,3.16,-10.405999999999999,2.619
1.41,-3.9156,8.5922,3.16,-10.499,2.5519999999999996
1.3176,-3.9387,8.7243,3.07,-10.685,2.619
1.2713,-3.9617,8.5922,3.07,-10.778,2.753
1.2713,-3.9617,8.5922,3.07,-10.778,2.753
1.3869,-4.0078,8.7243,2.979,-10.405999999999999,2.619
1.3869,-4.0308,8.7243,2.889,-10.591999999999999,2.619
1.3176,-4.0769,8.5922,2.889,-10.685,2.5519999999999996
1.3638,-4.0538,8.7243,2.889,-10.499,2.619
1.2944,-4.0538,8.5922,2.799,-10.591999999999999,2.619
1.2713,-4.0538,8.5922,2.618,-10.499,2.619
1.3176,-4.0538,8.7243,2.5280000000000005,-10.405999999999999,2.5519999999999996
1.6181,-4.0538,8.7243,2.167,-9.663,2.5519999999999996
1.6181,-4.0538,8.7243,2.167,-9.663,2.5519999999999996
1.5718,-4.0308,8.7243,2.167,-9.663,2.485
1.5718,-4.0308,8.7243,2.167,-9.663,2.485
1.5718,-4.0538,8.7243,2.076,-9.756,2.3499999999999996
1.5025,-4.0769,8.5922,2.076,-9.849,2.3499999999999996
1.4794,-4.0999,8.5922,2.076,-9.942,2.485
1.4563,-4.0999,8.5922,2.076,-9.942,2.5519999999999996
1.5025,-4.1229,8.5922,2.076,-9.942,2.485
1.5256,-4.0999,8.7243,1.986,-9.849,2.5519999999999996
1.5256,-4.1229,8.5922,1.986,-9.756,2.619
1.5487,-4.0999,8.5922,1.896,-9.663,2.619
1.6181,-4.0769,8.46,1.896,-9.477,2.485
1.6412,-4.0999,8.5922,1.806,-9.57,2.5519999999999996
1.5718,-4.146,8.46,1.806,-9.663,2.686
1.41,-4.0769,8.3278,1.896,-9.942,2.619
1.3869,-4.0769,8.46,1.896,-9.849,2.686
1.4794,-4.0538,8.3278,1.625,-9.663,2.619
1.7568,-3.9847,8.3278,1.625,-9.013,2.485
1.595,-4.0078,8.46,1.535,-9.291,2.5519999999999996
1.5025,-4.0078,8.3278,1.535,-9.663,2.619
1.4563,-4.0308,8.3278,1.444,-9.663,2.619
1.4563,-4.0078,8.3278,1.625,-9.663,2.619
1.5256,-3.9847,8.3278,1.535,-9.199,2.485
1.6181,-4.0078,8.3278,1.444,-8.92,2.485
1.6874,-3.9617,8.3278,1.2640000000000002,-9.013,2.485
1.7105,-3.9617,8.1956,1.2640000000000002,-8.827,2.5519999999999996
1.6874,-3.9617,8.1956,1.2640000000000002,-8.92,2.5519999999999996
1.5487,-3.9617,8.1956,1.3539999999999999,-9.291,2.5519999999999996
1.4563,-3.9847,8.1956,1.3539999999999999,-9.384,2.619
1.41,-3.9156,8.0634,1.3539999999999999,-9.477,2.619
1.4563,-3.9617,8.1956,1.3539999999999999,-9.384,2.686
1.4563,-3.8926,8.0634,1.444,-9.199,2.686
1.5718,-3.8696,8.0634,1.173,-9.013,2.5519999999999996
1.5487,-3.8696,8.0634,1.173,-9.013,2.5519999999999996
1.5256,-3.8696,8.0634,1.173,-9.106,2.485
1.5025,-3.8696,7.9312,1.083,-9.013,2.619
1.5025,-3.8465,8.0634,1.083,-9.199,2.619
1.4794,-3.8696,7.799,1.083,-9.106,2.619
1.4794,-3.8465,7.799,1.173,-9.106,2.686
1.6181,-3.8235,7.799,0.993,-8.734,2.485
1.6181,-3.8235,7.799,0.993,-8.734,2.485
1.7337,-3.8005,7.799,0.903,-8.455,2.485
1.6643,-3.8005,7.799,0.8119999999999999,-8.641,2.4179999999999997
1.5718,-3.8235,7.799,0.993,-8.827,2.5519999999999996
1.4794,-3.8005,7.799,0.993,-9.106,2.619
1.4794,-3.7774,7.9312,1.083,-9.013,2.619
1.4794,-3.7544,7.9312,1.083,-9.013,2.686
1.5025,-3.7774,7.6668,0.993,-9.013,2.686
1.5487,-3.7314,7.5346,0.903,-8.641,2.485
1.5718,-3.7544,7.5346,0.903,-8.641,2.5519999999999996
1.595,-3.7083,7.5346,0.8119999999999999,-8.455,2.5519999999999996
1.5487,-3.7314,7.6668,0.8119999999999999,-8.734,2.619
1.41,-3.7314,7.799,0.903,-9.291,2.753
1.3638,-3.7544,7.6668,0.903,-9.291,2.753
1.3638,-3.7544,7.6668,0.903,-9.291,2.753
1.4563,-3.7314,7.6668,0.722,-8.827,2.5519999999999996
1.4794,-3.7083,7.6668,0.6320000000000001,-8.734,2.5519999999999996
1.4794,-3.6853,7.5346,0.8119999999999999,-8.641,2.619
1.4794,-3.6623,7.5346,0.722,-8.827,2.686
1.41,-3.6623,7.5346,0.6320000000000001,-8.92,2.686
1.41,-3.6853,7.6668,0.722,-8.92,2.619
1.4331,-3.7083,7.6668,0.6320000000000001,-8.92,2.686
1.3869,-3.7314,7.6668,0.6320000000000001,-9.199,2.753
1.3869,-3.7083,7.6668,0.6320000000000001,-9.199,2.753
1.4331,-3.6392,7.5346,0.451,-8.827,2.753
1.41,-3.6392,7.5346,0.451,-8.734,2.753
1.3638,-3.6392,7.5346,0.541,-8.92,2.821
1.2251,-3.6623,7.4025,0.541,-9.291,2.821
1.2251,-3.6853,7.2703,0.6320000000000001,-9.291,2.821
1.202,-3.6853,7.4025,0.541,-9.384,2.888
1.2251,-3.6853,7.4025,0.451,-9.291,2.821
1.202,-3.6853,7.4025,0.6320000000000001,-9.384,2.821
1.1558,-3.7314,7.4025,0.6320000000000001,-9.384,2.888
1.1789,-3.7083,7.4025,0.6320000000000001,-9.384,2.821
1.2482,-3.7314,7.4025,0.541,-9.199,2.888
1.3176,-3.7544,7.5346,0.541,-9.291,2.888
1.2713,-3.7314,7.5346,0.541,-9.384,2.955
1.1789,-3.6853,7.5346,0.541,-9.477,2.955
1.1326,-3.6853,7.4025,0.541,-9.57,3.0220000000000002
1.1326,-3.6853,7.4025,0.451,-9.384,3.0220000000000002
1.202,-3.7083,7.4025,0.541,-9.384,2.888
1.2482,-3.7544,7.5346,0.541,-9.384,2.888
1.2251,-3.7544,7.5346,0.451,-9.384,2.888
1.1558,-3.7544,7.5346,0.541,-9.663,2.888
1.0864,-3.7314,7.5346,0.541,-9.756,2.955
1.0864,-3.7314,7.5346,0.6320000000000001,-9.756,3.0220000000000002
1.1095,-3.7774,7.6668,0.6320000000000001,-9.849,3.0220000000000002
1.202,-3.8465,7.6668,0.6320000000000001,-9.849,3.0220000000000002
1.1558,-3.8696,7.6668,0.6320000000000001,-9.942,3.0220000000000002
0.9708,-3.8465,7.799,0.722,-10.128,3.0220000000000002
0.9939,-3.9387,7.9312,0.722,-10.128,3.089
0.9939,-3.9387,7.9312,0.722,-10.128,3.089
1.0633,-3.9847,8.0634,0.722,-10.128,3.089
1.0864,-4.0308,8.0634,0.722,-10.128,3.089
1.0633,-4.0308,8.0634,0.903,-10.314,3.089
1.0633,-4.0769,8.0634,0.903,-10.314,3.089
1.0633,-4.1229,8.1956,1.083,-10.499,3.1559999999999997
1.0864,-4.1229,8.1956,0.903,-10.221,3.089
1.1095,-4.169,8.1956,0.903,-10.128,3.089
1.1095,-4.192,8.1956,0.8119999999999999,-10.128,3.089
1.0633,-4.146,8.1956,0.8119999999999999,-10.221,3.1559999999999997
1.0402,-4.169,8.1956,0.8119999999999999,-10.405999999999999,3.1559999999999997
1.0402,-4.169,8.1956,0.903,-10.591999999999999,3.224
0.9939,-4.192,8.46,0.903,-10.778,3.1559999999999997
0.8784,-4.192,8.46,0.903,-10.964,3.3579999999999997
0.9015,-4.192,8.46,0.993,-10.870999999999999,3.224
0.9477,-4.2381,8.46,0.993,-10.778,3.291
0.9939,-4.2612,8.46,0.993,-10.685,3.224
1.1095,-4.2842,8.7243,0.993,-10.685,3.224
1.2482,-4.3533,8.7243,0.993,-10.128,3.089
1.2944,-4.3533,8.7243,0.903,-10.128,3.089
1.2944,-4.3303,8.7243,0.8119999999999999,-10.128,3.0220000000000002
1.2482,-4.3533,8.5922,0.8119999999999999,-10.221,3.089
1.2251,-4.3763,8.7243,0.722,-10.314,3.0220000000000002
1.1789,-4.3994,8.8565,0.903,-10.499,3.1559999999999997
1.202,-4.4685,8.9887,0.993,-10.778,3.224
1.2713,-4.4915,8.8565,0.903,-10.405999999999999,3.089
1.4331,-4.4915,8.8565,0.903,-9.849,2.955
1.4331,-4.4685,8.8565,0.903,-9.756,2.955
1.3869,-4.4915,8.8565,0.8119999999999999,-9.849,3.0220000000000002
1.3869,-4.5145,8.9887,0.6320000000000001,-9.942,3.0220000000000002
1.4331,-4.5376,8.9887,0.6320000000000001,-9.942,3.089
1.4331,-4.5376,8.9887,0.8119999999999999,-9.849,3.0220000000000002
1.4331,-4.5376,8.9887,0.722,-9.849,3.0220000000000002
1.4331,-4.5606,8.8565,0.6320000000000001,-9.849,2.955
1.5025,-4.5376,8.8565,0.6320000000000001,-9.384,2.888
1.5487,-4.4915,8.8565,0.6320000000000001,-9.291,2.888
1.5718,-4.5145,8.8565,0.722,-9.199,2.888
1.5718,-4.5145,8.8565,0.722,-9.199,2.888
1.41,-4.5376,8.8565,0.6320000000000001,-9.756,3.0220000000000002
1.2944,-4.5376,8.8565,0.6320000000000001,-10.035,3.1559999999999997
1.2713,-4.5376,8.8565,0.6320000000000001,-10.035,3.1559999999999997
1.2482,-4.5145,8.7243,0.541,-9.942,3.1559999999999997
1.41,-4.4915,8.7243,0.722,-9.57,3.0220000000000002
1.5025,-4.4685,8.7243,0.541,-9.291,2.888
1.5718,-4.4454,8.5922,0.361,-8.92,2.821
1.6874,-4.4454,8.7243,0.361,-8.827,2.753
1.6412,-4.4454,8.7243,0.451,-9.106,2.821
1.5256,-4.3994,8.7243,0.451,-9.291,2.888
1.4794,-4.3763,8.5922,0.451,-9.291,2.888
1.5025,-4.3763,8.5922,0.361,-9.199,2.955
1.5256,-4.3994,8.5922,0.361,-9.291,2.888
1.5256,-4.3994,8.5922,0.361,-9.291,2.888
1.5718,-4.3533,8.3278,0.361,-8.92,2.821
1.6412,-4.3303,8.3278,0.27,-8.641,2.753
1.6874,-4.2381,8.1956,0.18,-8.455,2.5519999999999996
1.6643,-4.2381,8.1956,0.18,-8.641,2.619
1.595,-4.2151,8.1956,0.18,-8.641,2.686
1.6181,-4.2151,8.1956,0.27,-8.734,2.821
1.6412,-4.2151,8.1956,0.18,-8.641,2.686
1.6412,-4.169,7.9312,0.18,-8.455,2.5519999999999996
1.6412,-4.169,7.9312,0.18,-8.455,2.5519999999999996
1.6874,-4.1229,8.0634,0.18,-8.362,2.619
1.7105,-4.0769,7.9312,0.18,-8.176,2.686
1.6412,-4.0538,7.9312,0.18,-8.269,2.619
1.5487,-4.0308,7.6668,0.18,-8.455,2.821
1.5718,-4.0078,7.6668,0.18,-8.455,2.753
1.6412,-4.0308,7.6668,0.18,-8.362,2.753
1.6643,-4.0078,7.799,0.27,-8.362,2.753
1.6412,-3.9617,7.799,0.18,-8.362,2.686
1.595,-3.9617,7.6668,0.18,-8.455,2.753
1.5487,-3.9387,7.6668,0.18,-8.548,2.821
1.5256,-3.9156,7.5346,0.09,-8.455,2.821
1.5718,-3.8696,7.5346,0.09,-8.455,2.686
1.6181,-3.8696,7.5346,0.09,-8.269,2.686
1.6181,-3.8926,7.5346,0.09,-8.362,2.753
1.595,-3.8696,7.5346,0.18,-8.455,2.753
1.5487,-3.8696,7.5346,0.18,-8.641,2.821
1.4794,-3.8235,7.5346,0.27,-8.734,2.888
1.4331,-3.7774,7.5346,0.27,-8.734,2.821
1.4794,-3.7544,7.5346,0.18,-8.641,2.821
1.5025,-3.7544,7.4025,0.18,-8.455,2.821
1.5487,-3.7774,7.2703,0.0,-8.455,2.753
1.2944,-3.8005,7.2703,0.18,-9.106,3.089
1.3176,-3.7314,7.1381,0.27,-8.827,2.955
1.3869,-3.7314,7.2703,0.27,-8.734,2.888
1.4331,-3.7544,7.2703,0.27,-8.734,2.888
1.4563,-3.7774,7.4025,0.27,-8.827,2.888
1.4563,-3.7774,7.5346,0.18,-8.827,2.888
1.2713,-3.7544,7.1381,0.27,-9.199,3.1559999999999997
1.2713,-3.7544,7.1381,0.27,-9.199,3.1559999999999997
1.2251,-3.8005,7.2703,0.361,-9.384,3.0220000000000002
1.3407,-3.8465,7.2703,0.361,-9.199,3.0220000000000002
1.3638,-3.8465,7.2703,0.361,-9.013,3.0220000000000002
1.3638,-3.8235,7.2703,0.361,-9.199,3.1559999999999997
1.3176,-3.8005,7.2703,0.361,-9.199,3.224
1.2944,-3.7544,7.2703,0.361,-9.199,3.089
1.2251,-3.7774,7.1381,0.361,-9.384,3.089
1.1558,-3.8005,7.1381,0.451,-9.756,3.224
1.0402,-3.8005,7.2703,0.451,-10.035,3.224
1.0633,-3.8005,7.2703,0.541,-9.942,3.3579999999999997
1.0633,-3.8005,7.2703,0.541,-9.942,3.3579999999999997
1.2482,-3.7774,7.1381,0.451,-9.199,3.089
1.3176,-3.8005,7.1381,0.361,-9.013,3.1559999999999997
1.202,-3.8005,7.2703,0.361,-9.663,3.1559999999999997
1.0864,-3.7774,7.2703,0.361,-9.849,3.224
1.0864,-3.7774,7.2703,0.361,-9.849,3.224
1.0633,-3.7774,7.2703,0.361,-9.849,3.291
1.1558,-3.8235,7.1381,0.361,-9.663,3.291
1.1558,-3.7774,7.2703,0.361,-9.477,3.224
1.1558,-3.7774,7.2703,0.361,-9.477,3.224
1.0633,-3.8235,7.4025,0.361,-10.035,3.291
1.1789,-3.8005,7.4025,0.18,-9.477,3.1559999999999997
1.202,-3.8005,7.2703,0.27,-9.57,3.1559999999999997
1.1326,-3.8235,7.4025,0.18,-9.663,3.224
0.8321,-3.8465,7.4025,0.18,-10.499,3.492
0.8321,-3.8696,7.5346,0.27,-10.685,3.559
0.8784,-3.9156,7.4025,0.18,-10.314,3.492
1.0633,-3.9156,7.4025,0.18,-9.756,3.291
1.0402,-3.9387,7.5346,0.27,-10.128,3.4250000000000003
0.9015,-3.9156,7.5346,0.451,-10.499,3.4250000000000003
0.9246,-3.9617,7.5346,0.361,-10.314,3.4250000000000003
1.0171,-3.9847,7.4025,0.361,-10.035,3.3579999999999997
1.1095,-3.9847,7.5346,0.361,-9.849,3.4250000000000003
1.1326,-4.0078,7.6668,0.27,-9.942,3.291
1.0402,-4.0078,7.799,0.27,-10.314,3.4250000000000003
0.8552,-3.9847,7.799,0.27,-10.685,3.492
0.7165,-4.0078,7.799,0.361,-10.870999999999999,3.694
0.809,-4.0538,7.6668,0.27,-10.778,3.6270000000000002
0.8552,-4.0538,7.799,0.27,-10.591999999999999,3.6270000000000002
0.8784,-4.0999,7.9312,0.27,-10.591999999999999,3.559
0.6472,-4.0769,8.0634,0.18,-11.056999999999999,3.559
0.5085,-4.0078,7.9312,0.27,-11.15,3.694
0.5085,-3.9847,7.799,0.361,-10.964,3.761
0.9708,-4.2381,7.9312,0.361,-10.405999999999999,3.492
1.0402,-4.2151,8.0634,0.361,-10.221,3.4250000000000003
1.0171,-4.2381,8.0634,0.27,-10.314,3.4250000000000003
0.9015,-4.192,8.0634,0.361,-10.405999999999999,3.492
0.7859,-4.192,8.0634,0.361,-10.591999999999999,3.6270000000000002
0.809,-4.2381,8.0634,0.27,-10.778,3.492
0.8552,-4.2381,8.1956,0.27,-10.685,3.6270000000000002
0.809,-4.2842,8.3278,0.18,-10.685,3.4250000000000003
0.7628,-4.2612,8.3278,0.27,-10.964,3.492
0.6703,-4.2612,8.3278,0.361,-10.964,3.694
0.6703,-4.2842,8.3278,0.27,-10.964,3.559
0.7628,-4.2842,8.3278,0.27,-10.685,3.492
0.9477,-4.3072,8.3278,0.361,-10.221,3.4250000000000003
1.0633,-4.3533,8.3278,0.27,-10.128,3.4250000000000003
0.9246,-4.3994,8.46,0.27,-10.314,3.492
0.7628,-4.3303,8.46,0.27,-10.778,3.559
0.6472,-4.3303,8.46,0.27,-10.964,3.559
0.7165,-4.3994,8.5922,0.361,-10.964,3.559
0.7628,-4.3763,8.46,0.451,-10.405999999999999,3.492
0.9015,-4.4224,8.46,0.451,-9.942,3.3579999999999997
1.0402,-4.5606,8.5922,0.361,-9.942,3.291
1.1326,-4.5145,8.5922,0.27,-9.663,3.224
1.1095,-4.5145,8.7243,0.27,-9.849,3.291
0.9246,-4.4454,8.46,0.27,-10.035,3.4250000000000003
0.9939,-4.5145,8.5922,0.361,-9.849,3.3579999999999997
1.1789,-4.5606,8.7243,0.361,-9.477,3.291
1.2713,-4.5836,8.7243,0.27,-9.291,3.1559999999999997
1.2944,-4.5836,8.7243,0.27,-9.199,3.089
1.1558,-4.5606,8.7243,0.361,-9.384,3.1559999999999997
1.0402,-4.5606,8.7243,0.361,-9.57,3.224
1.0402,-4.5376,8.5922,0.541,-9.384,3.224
1.2251,-4.5836,8.7243,0.361,-9.106,3.1559999999999997
1.2251,-4.5836,8.7243,0.361,-9.106,3.1559999999999997
1.1326,-4.6297,8.7243,0.27,-9.756,3.1559999999999997
0.8784,-4.5606,8.5922,0.361,-9.942,3.4250000000000003
0.8784,-4.5606,8.5922,0.361,-9.942,3.4250000000000003
0.9477,-4.5836,8.5922,0.451,-9.756,3.291
1.1095,-4.6067,8.5922,0.361,-9.291,3.1559999999999997
1.1095,-4.6067,8.7243,0.451,-9.291,3.224
1.0633,-4.5836,8.5922,0.451,-9.384,3.224
1.0633,-4.5606,8.46,0.451,-9.291,3.291
1.0402,-4.5606,8.46,0.361,-9.291,3.224
1.0402,-4.5836,8.46,0.451,-9.477,3.291
1.0171,-4.6067,8.5922,0.451,-9.384,3.224
1.0864,-4.5606,8.46,0.27,-9.106,3.1559999999999997
1.0864,-4.5606,8.46,0.27,-9.106,3.1559999999999997
1.1558,-4.5836,8.46,0.27,-9.013,3.089
1.202,-4.5836,8.46,0.18,-8.827,3.1559999999999997
1.1326,-4.5606,8.46,0.361,-9.013,3.1559999999999997
0.9708,-4.5606,8.3278,0.361,-9.477,3.291
0.9477,-4.5376,8.3278,0.361,-9.384,3.291
0.9477,-4.5376,8.3278,0.361,-9.384,3.291
1.1095,-4.5606,8.1956,0.541,-9.013,3.224
1.1558,-4.5145,8.1956,0.451,-8.734,3.089
1.2251,-4.5145,8.1956,0.451,-8.548,3.089
1.2944,-4.5376,8.0634,0.361,-8.548,3.0220000000000002
1.202,-4.5145,8.1956,0.27,-8.827,3.1559999999999997
0.9708,-4.4915,8.1956,0.361,-9.477,3.291
1.1326,-4.4915,8.1956,0.451,-9.013,3.1559999999999997
1.1326,-4.4915,8.1956,0.451,-9.013,3.1559999999999997
1.2251,-4.4915,8.1956,0.361,-8.548,3.0220000000000002
1.41,-4.5145,8.1956,0.27,-8.362,2.955
1.3407,-4.5145,8.1956,0.27,-8.641,3.089
1.2251,-4.5145,8.1956,0.27,-8.827,3.224
1.0864,-4.4685,8.1956,0.361,-9.106,3.1559999999999997
0.9939,-4.4685,8.0634,0.451,-9.291,3.291
0.9477,-4.4685,8.1956,0.451,-9.291,3.3579999999999997
1.0864,-4.4915,8.1956,0.451,-9.106,3.224
1.1558,-4.4915,8.0634,0.361,-8.827,3.1559999999999997
1.1789,-4.4685,7.799,0.361,-8.734,3.224
1.1558,-4.4224,7.9312,0.361,-8.641,3.224
1.1326,-4.3994,7.9312,0.361,-8.827,3.224
0.8321,-4.4224,8.0634,0.27,-9.756,3.4250000000000003
0.8552,-4.4454,7.9312,0.361,-9.663,3.3579999999999997
0.9246,-4.4224,7.9312,0.361,-9.477,3.291
1.0633,-4.4224,7.799,0.27,-9.106,3.224
1.2713,-4.3994,7.799,0.27,-8.641,3.1559999999999997
1.2713,-4.3994,7.799,0.27,-8.641,3.1559999999999997
1.2251,-4.3994,7.799,0.09,-8.734,3.1559999999999997
1.1558,-4.3763,7.799,0.09,-8.827,3.224
1.0633,-4.3994,7.799,0.18,-9.199,3.3579999999999997
1.0402,-4.3763,7.799,0.27,-9.291,3.291
1.1095,-4.3303,7.6668,0.18,-9.013,3.291
1.1789,-4.3763,7.799,0.18,-8.827,3.224
1.2251,-4.3072,7.6668,0.09,-8.827,3.1559999999999997
1.2251,-4.3072,7.6668,0.09,-8.827,3.1559999999999997
1.2251,-4.3072,7.6668,0.18,-8.734,3.224
1.1558,-4.3072,7.6668,0.09,-9.013,3.291
1.1558,-4.3072,7.6668,0.09,-9.013,3.291
1.0864,-4.3072,7.6668,0.09,-9.199,3.3579999999999997
1.0633,-4.3072,7.799,0.09,-9.291,3.4250000000000003
1.1095,-4.3072,7.6668,0.09,-9.106,3.3579999999999997
1.1558,-4.2842,7.6668,0.09,-9.013,3.291
1.0402,-4.3072,7.799,0.0,-9.384,3.4250000000000003
1.1558,-4.1229,7.799,-0.27,-9.013,3.1559999999999997
1.202,-4.2381,7.799,0.0,-9.106,3.1559999999999997
1.1326,-4.3303,7.6668,0.18,-9.199,3.1559999999999997
1.0864,-4.3533,7.799,0.27,-9.291,3.224
1.0633,-4.4224,7.799,0.361,-9.477,3.1559999999999997
1.1095,-4.4454,7.9312,0.361,-9.477,3.291
1.1326,-4.5145,7.9312,0.451,-9.57,3.4250000000000003
1.1326,-4.5145,7.9312,0.451,-9.57,3.4250000000000003
1.1095,-4.4685,8.0634,0.361,-9.663,3.492
1.0402,-4.4454,7.9312,0.361,-9.756,3.559
1.0864,-4.4454,7.799,0.18,-9.57,3.4250000000000003
1.0864,-4.4454,7.799,0.18,-9.57,3.4250000000000003
1.1095,-4.4224,7.9312,0.0,-9.477,3.4250000000000003
1.0864,-4.4454,7.9312,0.0,-9.663,3.492
1.0402,-4.3994,7.9312,0.18,-9.849,3.6270000000000002
1.0402,-4.3994,7.9312,0.18,-9.849,3.6270000000000002
1.0633,-4.3763,7.9312,0.09,-9.663,3.4250000000000003
1.0864,-4.3763,7.9312,0.09,-9.663,3.4250000000000003
1.0864,-4.3763,7.9312,0.09,-9.57,3.3579999999999997
1.0864,-4.3994,7.9312,0.0,-9.477,3.492
1.0864,-4.4454,7.9312,0.09,-9.663,3.559
1.0864,-4.4454,7.9312,0.09,-9.663,3.559
1.0171,-4.4224,7.9312,0.09,-9.756,3.559
0.9939,-4.4454,7.9312,0.09,-9.756,3.4250000000000003
0.9939,-4.4224,7.9312,0.18,-9.849,3.4250000000000003
0.9246,-4.4224,7.9312,0.27,-10.128,3.492
0.9246,-4.4224,8.0634,0.27,-10.035,3.559
1.0171,-4.4224,7.9312,0.09,-9.663,3.4250000000000003
1.1095,-4.4224,8.0634,0.09,-9.57,3.492
0.8784,-4.3763,7.9312,0.09,-10.035,3.492
0.8784,-4.3533,7.9312,0.18,-10.035,3.559
0.9708,-4.3994,7.9312,0.09,-9.663,3.492
1.0402,-4.3994,7.9312,0.18,-9.57,3.492
0.9939,-4.4224,7.9312,0.09,-9.756,3.4250000000000003
0.9708,-4.4224,7.9312,0.09,-9.756,3.492
1.0171,-4.4454,8.0634,0.18,-9.756,3.4250000000000003
1.0864,-4.4224,7.9312,0.09,-9.57,3.3579999999999997
1.1558,-4.4224,7.9312,0.09,-9.199,3.291
1.1558,-4.4685,8.0634,0.09,-9.477,3.492
1.1095,-4.4685,8.0634,0.18,-9.756,3.492
1.0402,-4.4685,8.0634,0.18,-9.756,3.492
1.0171,-4.4224,7.9312,0.18,-9.663,3.559
1.0633,-4.4454,7.9312,0.09,-9.477,3.492
1.1558,-4.4685,8.1956,0.09,-9.477,3.291
1.0171,-4.4224,8.0634,0.09,-9.756,3.492
0.9246,-4.4224,7.9312,0.09,-9.756,3.559
0.9015,-4.4224,7.9312,0.09,-9.756,3.492
0.9246,-4.4454,7.9312,0.18,-9.942,3.559
1.0402,-4.4685,8.0634,0.18,-9.663,3.4250000000000003
1.0402,-4.4685,8.0634,0.18,-9.663,3.4250000000000003
0.9708,-4.4685,7.9312,0.18,-9.663,3.492
0.9708,-4.4454,7.9312,0.09,-9.663,3.492
0.8784,-4.4224,8.0634,0.18,-9.849,3.559
0.8552,-4.4224,8.0634,0.18,-10.035,3.6270000000000002
0.8552,-4.3994,8.0634,0.18,-9.849,3.559
0.9015,-4.4224,8.0634,0.09,-9.849,3.492
0.9015,-4.4224,8.0634,0.09,-9.849,3.492
0.9246,-4.4454,8.0634,0.09,-9.57,3.492
0.9939,-4.4454,7.9312,0.0,-9.57,3.492
0.9939,-4.4224,7.9312,0.18,-9.57,3.4250000000000003
1.0402,-4.4224,7.9312,0.09,-9.477,3.559
1.0633,-4.3763,7.799,0.18,-9.199,3.492
1.1326,-4.3763,7.799,0.18,-9.013,3.4250000000000003
1.2251,-4.4454,7.799,0.09,-9.106,3.3579999999999997
1.1789,-4.4454,7.9312,0.09,-9.291,3.4250000000000003
1.0633,-4.4454,7.9312,0.0,-9.57,3.492
0.8784,-4.3994,7.9312,0.18,-9.849,3.559
0.8552,-4.3763,7.799,0.18,-9.663,3.4250000000000003
0.8552,-4.3763,7.799,0.18,-9.663,3.4250000000000003
1.0633,-4.4224,7.799,0.18,-9.199,3.4250000000000003
1.1558,-4.3994,7.799,0.18,-9.106,3.3579999999999997
1.1558,-4.3994,7.9312,0.09,-8.92,3.4250000000000003
1.0171,-4.3763,7.9312,0.0,-9.384,3.492
0.7859,-4.3303,7.799,0.0,-9.756,3.492
0.7397,-4.3303,7.799,0.09,-9.942,3.6270000000000002
0.7859,-4.3763,7.9312,0.09,-9.849,3.6270000000000002
0.9015,-4.3763,7.799,0.0,-9.384,3.4250000000000003
1.0171,-4.3994,7.799,0.09,-9.291,3.3579999999999997
1.0633,-4.3994,7.799,0.0,-9.106,3.291
1.1558,-4.4224,7.799,0.0,-8.92,3.3579999999999997
1.0864,-4.3994,7.799,0.0,-9.106,3.492
0.6241,-4.3072,7.799,0.0,-10.221,3.694
0.5316,-4.3303,7.9312,0.0,-10.499,3.761
0.6934,-4.3994,7.9312,0.0,-10.035,3.6270000000000002
0.8784,-4.4224,7.799,0.09,-9.384,3.559
0.9015,-4.4224,7.799,0.09,-9.384,3.559
0.9015,-4.4454,7.9312,0.09,-9.57,3.492
0.9015,-4.4454,7.9312,0.09,-9.57,3.492
0.9246,-4.4224,7.799,0.09,-9.384,3.492
0.7165,-4.3763,7.799,0.0,-9.849,3.6270000000000002
0.5316,-4.3533,7.799,0.09,-10.405999999999999,3.828
0.4392,-4.3072,7.9312,0.09,-10.591999999999999,3.761
0.5316,-4.3533,7.799,0.09,-10.405999999999999,3.761
1.0171,-4.3994,7.6668,0.0,-9.013,3.492
1.2251,-4.4224,7.799,0.0,-8.548,3.224
1.2251,-4.4224,7.799,0.0,-8.548,3.224
0.9939,-4.4224,7.9312,-0.18,-9.384,3.4250000000000003
0.9939,-4.4224,7.9312,-0.18,-9.384,3.4250000000000003
0.7628,-4.3763,7.9312,0.0,-9.849,3.559
0.7397,-4.3763,7.799,-0.18,-9.663,3.492
1.0402,-4.4685,7.799,0.0,-8.92,3.291
1.0402,-4.4685,7.799,0.0,-8.92,3.291
1.1095,-4.4685,7.9312,0.0,-8.92,3.4250000000000003
1.0402,-4.4685,7.9312,0.0,-9.013,3.3579999999999997
0.7628,-4.3994,7.9312,-0.09,-9.57,3.492
0.6241,-4.3763,7.9312,0.09,-10.035,3.6270000000000002
0.5547,-4.3763,7.9312,0.18,-10.221,3.694
0.6703,-4.4454,8.0634,0.09,-9.942,3.694
0.6703,-4.4685,8.0634,0.09,-9.849,3.6270000000000002
0.6934,-4.4915,8.0634,0.09,-9.849,3.559
0.7859,-4.5145,8.0634,0.09,-9.57,3.559
0.7859,-4.4685,8.0634,0.09,-9.57,3.559
0.6934,-4.4915,8.0634,0.27,-10.035,3.694
0.601,-4.4454,8.1956,0.18,-10.128,3.694
0.5316,-4.4454,8.3278,0.0,-10.314,3.694
0.5316,-4.4685,8.1956,0.09,-10.221,3.761
0.5316,-4.4685,8.0634,0.0,-10.221,3.694
0.6241,-4.4685,8.1956,0.09,-10.035,3.694
0.6703,-4.4915,8.0634,0.27,-9.942,3.694
0.6241,-4.4915,8.0634,0.27,-9.942,3.694
0.6703,-4.4915,8.0634,0.27,-9.942,3.559
0.9939,-4.5606,8.1956,0.18,-9.106,3.3579999999999997
1.1326,-4.5606,8.1956,0.09,-8.92,3.224
1.1326,-4.5836,8.1956,0.09,-8.827,3.291
0.809,-4.5836,8.1956,0.09,-9.57,3.492
0.6934,-4.5376,8.1956,0.09,-9.942,3.559
0.6241,-4.5606,8.1956,0.09,-10.035,3.761
0.8321,-4.5836,8.3278,0.27,-9.477,3.492
0.9939,-4.6297,8.3278,0.18,-9.291,3.3579999999999997
1.0864,-4.6758,8.3278,0.09,-8.92,3.291
1.0402,-4.6758,8.3278,0.18,-9.291,3.4250000000000003
1.0402,-4.6758,8.3278,0.18,-9.291,3.4250000000000003
0.7628,-4.6527,8.3278,0.0,-9.849,3.492
0.7628,-4.6527,8.3278,0.0,-9.849,3.492
0.7859,-4.6988,8.3278,0.09,-9.756,3.559
0.8552,-4.6988,8.46,0.09,-9.663,3.492
0.9015,-4.7218,8.46,0.09,-9.663,3.492
0.9246,-4.7449,8.5922,0.0,-9.663,3.492
0.9477,-4.7679,8.5922,-0.09,-9.663,3.4250000000000003
0.9246,-4.7449,8.5922,0.09,-9.57,3.4250000000000003
1.0402,-4.7449,8.7243,0.0,-9.477,3.4250000000000003
1.0402,-4.7449,8.7243,0.0,-9.477,3.4250000000000003
1.0402,-4.7449,8.5922,0.0,-9.477,3.492
0.7165,-4.6988,8.5922,0.0,-10.221,3.6270000000000002
0.6934,-4.6988,8.5922,0.09,-10.221,3.694
0.7165,-4.7218,8.5922,0.09,-10.128,3.694
0.9246,-4.7218,8.5922,0.09,-9.57,3.492
0.9246,-4.7218,8.5922,0.09,-9.57,3.492
1.0402,-4.7449,8.5922,0.09,-9.291,3.291
1.0864,-4.7679,8.7243,0.18,-9.477,3.4250000000000003
1.0864,-4.7909,8.7243,0.09,-9.57,3.4250000000000003
1.0864,-4.7909,8.7243,0.09,-9.57,3.4250000000000003
1.0171,-4.814,8.8565,0.09,-9.942,3.492
0.9477,-4.7909,8.8565,0.09,-9.942,3.492
0.9477,-4.7909,8.8565,0.09,-9.942,3.492
0.9246,-4.814,8.8565,0.18,-9.942,3.492
1.1326,-4.8831,8.8565,0.18,-9.663,3.492
1.3176,-4.8831,8.8565,0.27,-9.477,3.4250000000000003
1.3176,-4.8831,8.9887,0.09,-9.291,3.3579999999999997
1.2482,-4.86,8.8565,0.18,-9.384,3.291
1.2251,-4.86,8.8565,0.27,-9.57,3.3579999999999997
1.1558,-4.8831,8.7243,0.361,-9.849,3.4250000000000003
1.1326,-4.9291,8.8565,0.27,-9.849,3.559
1.2251,-4.9291,8.8565,0.361,-9.849,3.4250000000000003
1.5256,-4.837,8.7243,0.0,-8.827,3.224
1.5718,-4.814,8.8565,0.0,-8.92,3.224
1.5256,-4.86,8.8565,0.09,-9.291,3.291
1.3869,-4.837,8.8565,0.18,-9.663,3.492
1.202,-4.837,8.5922,0.361,-9.942,3.492
1.2482,-4.837,8.5922,0.451,-9.849,3.4250000000000003
1.2944,-4.837,8.46,0.451,-9.57,3.4250000000000003
1.4563,-4.86,8.5922,0.27,-9.106,3.291
1.5256,-4.837,8.5922,0.18,-9.013,3.291
1.4563,-4.7909,8.46,0.18,-9.013,3.291
1.3407,-4.7449,8.46,0.361,-9.384,3.4250000000000003
1.2251,-4.7218,8.46,0.27,-9.57,3.559
1.2251,-4.6758,8.46,0.18,-9.756,3.559
1.2713,-4.6527,8.46,0.18,-9.663,3.492
1.3407,-4.6297,8.3278,0.18,-9.663,3.3579999999999997
1.4331,-4.6527,8.3278,0.27,-9.291,3.3579999999999997
1.4794,-4.5836,8.3278,0.27,-9.291,3.4250000000000003
1.5025,-4.5606,8.3278,0.09,-9.106,3.291
1.5487,-4.5376,8.1956,-0.09,-8.92,3.224
1.5718,-4.5145,8.1956,-0.09,-8.827,3.291
1.3869,-4.4685,8.0634,0.09,-9.291,3.291
1.2251,-4.4685,7.9312,0.18,-9.57,3.3579999999999997
1.2713,-4.4685,8.0634,0.09,-9.477,3.492
1.3638,-4.4454,8.0634,0.09,-9.384,3.3579999999999997
1.4331,-4.3994,7.9312,-0.09,-8.92,3.291
1.5025,-4.3072,7.799,-0.27,-8.641,3.224
1.4794,-4.2612,7.799,-0.18,-8.827,3.224
1.4563,-4.2842,7.9312,-0.27,-9.013,3.224
1.3407,-4.2612,7.799,-0.27,-9.199,3.3579999999999997
1.2713,-4.2842,7.6668,-0.27,-9.384,3.4250000000000003
1.202,-4.2381,7.5346,-0.09,-9.384,3.559
1.2251,-4.2151,7.5346,0.0,-9.199,3.3579999999999997
1.2251,-4.2151,7.5346,0.0,-9.199,3.3579999999999997
1.3407,-4.146,7.4025,-0.09,-8.734,3.224
1.4794,-4.1229,7.5346,-0.18,-8.734,3.1559999999999997
1.4794,-4.1229,7.5346,-0.27,-8.641,3.1559999999999997
1.4563,-4.146,7.5346,-0.27,-9.013,3.1559999999999997
1.2482,-4.146,7.5346,-0.18,-9.477,3.492
1.1326,-4.169,7.4025,-0.09,-9.663,3.559
1.0402,-4.146,7.4025,-0.09,-9.942,3.6270000000000002
1.0171,-4.146,7.4025,0.0,-9.849,3.6270000000000002
1.2251,-4.1229,7.2703,0.0,-9.106,3.492
1.4331,-4.0538,7.4025,-0.27,-8.827,3.3579999999999997
1.4331,-4.0078,7.4025,-0.361,-8.827,3.3579999999999997
1.1789,-4.0078,7.2703,-0.27,-9.477,3.559
1.0171,-4.0078,7.2703,-0.18,-9.942,3.6270000000000002
0.9246,-4.0308,7.2703,-0.09,-10.128,3.694
0.8784,-4.0769,7.2703,-0.09,-10.221,3.694
0.9246,-4.0769,7.2703,0.0,-9.942,3.6270000000000002
1.0633,-4.0999,7.2703,0.09,-9.663,3.492
1.2713,-4.0538,7.1381,-0.09,-8.827,3.3579999999999997
1.2713,-4.0078,7.1381,-0.18,-8.92,3.3579999999999997
1.2251,-3.9847,7.1381,-0.27,-9.199,3.291
1.0633,-3.9387,7.1381,-0.27,-9.477,3.492
0.8784,-3.9156,7.1381,-0.361,-10.035,3.694
0.7628,-3.8696,7.1381,-0.27,-10.128,3.694
0.7859,-3.8926,7.0059,-0.09,-10.035,3.828
0.8784,-3.9617,7.0059,-0.09,-9.849,3.6270000000000002
1.1095,-3.9847,7.1381,-0.09,-9.199,3.492
1.1095,-3.9847,7.1381,-0.09,-9.199,3.492
1.1326,-3.9387,7.0059,-0.18,-9.106,3.4250000000000003
1.0864,-3.9156,7.0059,-0.09,-9.199,3.492
1.0171,-3.9156,7.0059,-0.09,-9.384,3.559
0.9477,-3.9156,7.1381,-0.09,-9.756,3.6270000000000002
0.7397,-3.8926,7.0059,-0.09,-10.221,3.828
0.6472,-3.8696,7.0059,-0.09,-10.405999999999999,3.895
0.601,-3.8696,7.0059,-0.09,-10.499,3.761
0.601,-3.9156,6.8737,-0.09,-10.221,3.694
0.7628,-3.9387,6.8737,0.09,-9.942,3.761
0.8784,-3.9617,6.8737,-0.09,-9.477,3.6270000000000002
0.9015,-3.9156,7.0059,0.0,-9.57,3.6270000000000002
0.7397,-3.8926,6.8737,-0.09,-9.756,3.694
0.5547,-3.8465,6.8737,-0.09,-10.314,3.761
0.4623,-3.8005,7.0059,-0.09,-10.405999999999999,3.895
0.416,-3.8696,7.0059,-0.18,-10.778,3.963
0.5085,-3.9156,7.1381,-0.09,-10.499,3.895
0.6241,-3.9617,7.1381,-0.09,-10.314,3.761
0.4392,-3.8926,7.1381,-0.18,-10.499,3.828
0.416,-3.8926,7.1381,-0.09,-10.405999999999999,3.828
0.416,-3.8926,7.1381,-0.09,-10.405999999999999,3.828
0.5779,-4.0078,7.2703,-0.27,-10.128,3.828
0.5779,-3.9847,7.2703,-0.09,-10.128,3.895
0.2773,-3.9387,7.4025,-0.27,-10.778,3.963
-0.0,-3.8235,7.4025,-0.361,-11.521999999999998,4.097
0.3698,-4.0538,7.4025,0.0,-10.499,3.895
0.5779,-4.169,7.4025,0.0,-9.942,3.761
0.6472,-4.192,7.5346,0.09,-9.756,3.761
0.6472,-4.1229,7.4025,0.09,-9.849,3.761
0.5316,-4.146,7.4025,0.0,-10.128,3.828
0.5547,-4.192,7.5346,-0.09,-10.405999999999999,3.828
0.5779,-4.2151,7.5346,0.0,-10.221,3.895
0.5547,-4.2151,7.5346,0.0,-9.942,3.895
0.3929,-4.192,7.6668,0.18,-10.499,4.03
0.2311,-4.192,7.5346,0.09,-10.685,4.097
0.1849,-4.2151,7.6668,0.09,-10.870999999999999,4.03
0.3698,-4.3072,7.799,0.09,-10.499,4.03
0.3698,-4.3072,7.799,0.09,-10.499,4.03
0.416,-4.3072,7.799,-0.09,-10.221,3.895
0.3698,-4.2842,7.9312,-0.09,-10.405999999999999,3.895
0.3467,-4.2612,7.799,0.0,-10.405999999999999,3.895
0.2773,-4.3303,7.9312,0.0,-10.499,3.963
0.3467,-4.3072,7.9312,0.09,-10.314,3.895
0.4623,-4.4685,8.0634,0.361,-10.221,3.761
0.5316,-4.4915,8.0634,0.27,-10.035,3.694
0.5779,-4.5145,8.0634,0.27,-9.942,3.761
0.5779,-4.5145,8.0634,0.27,-9.942,3.761
0.5547,-4.4454,7.799,0.361,-9.57,3.761
0.4623,-4.5376,7.9312,0.27,-9.942,3.761
0.3929,-4.5606,8.1956,0.18,-10.405999999999999,3.761
0.3005,-4.5145,8.3278,0.0,-10.591999999999999,3.895
0.3236,-4.5376,8.1956,0.0,-10.499,3.828
0.3236,-4.4454,8.0634,0.18,-10.128,3.761
0.3467,-4.4454,8.1956,0.18,-9.849,3.6270000000000002
0.4392,-4.5376,8.1956,0.361,-9.663,3.761
0.4854,-4.6527,8.1956,0.361,-9.756,3.694
0.5316,-4.6988,8.46,0.361,-9.942,3.694
0.5316,-4.6988,8.46,0.361,-9.942,3.694
0.3236,-4.5836,8.3278,0.18,-10.035,3.761
0.3005,-4.6067,8.46,0.09,-10.314,3.761
0.3005,-4.5836,8.46,0.09,-10.035,3.761
0.3467,-4.6067,8.46,0.09,-9.849,3.761
0.2311,-4.6988,8.46,0.18,-10.314,3.828
0.2311,-4.6988,8.46,0.18,-10.314,3.828
0.3236,-4.7679,8.46,0.361,-9.942,3.761
0.416,-4.814,8.46,0.361,-9.756,3.694
0.4623,-4.814,8.46,0.361,-9.57,3.6270000000000002
0.4623,-4.814,8.3278,0.361,-9.477,3.6270000000000002
0.4623,-4.7679,8.1956,0.27,-9.199,3.6270000000000002
0.4623,-4.7679,8.3278,0.27,-9.291,3.559
0.5316,-4.837,8.46,0.27,-9.291,3.559
0.6472,-4.86,8.7243,0.18,-9.106,3.4250000000000003
0.5779,-4.86,8.46,0.27,-9.106,3.559
0.4623,-4.837,8.46,0.27,-9.477,3.559
0.3698,-4.7909,8.5922,0.361,-9.57,3.559
0.416,-4.7909,8.46,0.361,-9.477,3.559
0.5085,-4.8831,8.46,0.27,-9.106,3.492
0.9477,-5.0213,8.8565,0.27,-8.455,3.291
0.8784,-4.9752,8.9887,0.27,-8.548,3.224
0.5085,-4.86,8.5922,0.361,-9.106,3.4250000000000003
0.416,-4.814,8.5922,0.361,-9.199,3.559
0.601,-4.9982,8.7243,0.27,-9.013,3.492
0.6703,-4.9982,8.7243,0.27,-8.827,3.4250000000000003
0.6703,-4.9982,8.7243,0.27,-8.827,3.4250000000000003
0.5779,-4.9522,8.7243,0.27,-8.92,3.4250000000000003
0.5779,-4.9752,8.5922,0.27,-8.734,3.3579999999999997
0.5779,-4.9752,8.5922,0.27,-8.734,3.3579999999999997
0.6934,-4.9982,8.7243,0.27,-8.548,3.4250000000000003
0.7165,-4.9982,8.5922,0.18,-8.641,3.4250000000000003
0.7165,-4.9982,8.5922,0.18,-8.641,3.4250000000000003
0.6472,-4.9982,8.7243,0.27,-8.92,3.492
0.6241,-4.9982,8.7243,0.361,-8.92,3.492
0.6241,-4.9982,8.7243,0.361,-8.92,3.492
0.8321,-5.0673,8.7243,0.27,-8.548,3.291
0.8552,-5.0673,8.7243,0.18,-8.455,3.224
0.8552,-5.0673,8.7243,0.18,-8.548,3.291
0.8321,-5.0443,8.5922,0.27,-8.455,3.291
0.7859,-5.0213,8.5922,0.18,-8.455,3.3579999999999997
0.9015,-5.0213,8.5922,0.27,-8.362,3.224
0.9246,-5.0443,8.7243,0.18,-8.455,3.224
0.8552,-5.0443,8.46,0.18,-8.641,3.3579999999999997
0.6472,-4.9522,8.5922,0.18,-9.106,3.4250000000000003
0.601,-4.9522,8.5922,0.27,-9.013,3.492
0.6241,-4.9522,8.46,0.18,-8.92,3.4250000000000003
0.809,-4.9982,8.5922,0.27,-8.548,3.3579999999999997
0.809,-4.9982,8.5922,0.27,-8.548,3.3579999999999997
0.8784,-4.9752,8.5922,0.09,-8.548,3.291
0.809,-4.9061,8.46,0.09,-8.641,3.3579999999999997
0.7165,-4.8831,8.3278,0.09,-8.827,3.4250000000000003
0.7165,-4.8831,8.3278,0.18,-9.013,3.492
0.7397,-4.9061,8.46,0.18,-8.92,3.4250000000000003
0.7859,-4.9061,8.46,0.18,-9.013,3.492
0.7628,-4.9061,8.46,0.18,-9.106,3.492
0.9708,-4.86,8.3278,0.09,-8.455,3.291
1.0171,-4.814,8.3278,0.0,-8.269,3.224
0.8552,-4.7679,8.1956,0.0,-8.641,3.4250000000000003
0.8552,-4.7679,8.1956,0.0,-8.641,3.4250000000000003
0.9246,-4.7679,8.0634,0.0,-8.641,3.4250000000000003
1.1558,-4.7679,8.0634,0.09,-8.269,3.3579999999999997
1.1558,-4.7679,8.0634,0.09,-8.269,3.3579999999999997
1.1326,-4.86,8.0634,0.18,-8.362,3.4250000000000003
0.9015,-4.814,7.9312,0.27,-8.641,3.4250000000000003
0.9015,-4.7679,7.9312,0.27,-8.641,3.492
0.8784,-4.7449,7.9312,0.18,-8.548,3.4250000000000003
0.9246,-4.7218,7.9312,0.18,-8.548,3.4250000000000003
0.9708,-4.7218,7.9312,0.09,-8.548,3.3579999999999997
0.9477,-4.6988,7.9312,0.0,-8.548,3.291
0.8784,-4.6758,7.9312,0.0,-8.734,3.492
0.8321,-4.6527,7.9312,0.09,-9.013,3.492
0.9015,-4.6297,7.6668,0.18,-8.734,3.4250000000000003
0.9477,-4.6067,7.799,0.09,-8.548,3.3579999999999997
0.9939,-4.5836,7.6668,0.18,-8.455,3.4250000000000003
1.0633,-4.5376,7.6668,0.09,-8.455,3.291
0.9939,-4.5376,7.6668,0.18,-8.548,3.3579999999999997
0.9015,-4.4915,7.6668,0.09,-8.734,3.4250000000000003
0.7859,-4.4915,7.799,0.0,-8.92,3.492
0.809,-4.4685,7.6668,0.0,-9.106,3.559
0.809,-4.4685,7.5346,0.09,-9.106,3.559
0.7859,-4.4685,7.6668,0.09,-9.106,3.559
0.809,-4.4685,7.6668,0.09,-9.106,3.559
0.7628,-4.4224,7.5346,0.09,-9.199,3.6270000000000002
0.7859,-4.4224,7.5346,0.18,-9.013,3.559
0.809,-4.4224,7.5346,0.18,-8.92,3.559
0.7397,-4.3994,7.4025,0.18,-9.106,3.492
0.7628,-4.3994,7.5346,0.09,-9.199,3.6270000000000002
0.7628,-4.4224,7.4025,0.18,-9.106,3.559
0.809,-4.4224,7.4025,0.18,-9.106,3.559
0.8552,-4.4224,7.5346,0.18,-9.013,3.559
0.7859,-4.3763,7.4025,0.09,-9.013,3.559
0.8321,-4.3533,7.4025,0.0,-8.92,3.559
0.8321,-4.3533,7.4025,0.09,-8.92,3.559
0.8321,-4.3533,7.4025,0.09,-8.92,3.492
0.8321,-4.3994,7.2703,0.09,-9.013,3.492
0.8321,-4.3763,7.4025,0.18,-9.106,3.559
0.7628,-4.3763,7.2703,0.09,-9.106,3.559
0.7165,-4.3072,7.2703,0.18,-9.199,3.6270000000000002
0.6934,-4.2842,7.2703,0.09,-9.199,3.559
0.7628,-4.2842,7.2703,0.0,-9.013,3.492
0.7628,-4.2842,7.2703,0.0,-9.013,3.492
0.7859,-4.3072,7.4025,0.0,-9.013,3.492
0.7397,-4.3533,7.4025,0.09,-9.199,3.6270000000000002
0.7165,-4.3533,7.4025,0.09,-9.199,3.6270000000000002
0.6703,-4.3303,7.4025,0.09,-9.291,3.6270000000000002
0.6934,-4.3303,7.4025,0.0,-9.291,3.6270000000000002
0.7628,-4.3303,7.5346,0.09,-9.199,3.559
0.7165,-4.3533,7.5346,0.0,-9.291,3.6270000000000002
0.5316,-4.2842,7.4025,0.0,-9.477,3.895
0.4854,-4.3072,7.4025,0.09,-9.57,3.761
0.601,-4.3533,7.5346,0.09,-9.57,3.761
0.601,-4.3533,7.5346,0.09,-9.57,3.761
0.6472,-4.3763,7.5346,0.09,-9.663,3.694
0.6241,-4.3763,7.6668,0.09,-9.57,3.828
0.5316,-4.3763,7.5346,0.09,-9.663,3.963
0.4623,-4.3533,7.5346,0.09,-9.756,3.963
0.4623,-4.3763,7.4025,0.09,-9.756,3.828
0.4623,-4.3763,7.5346,0.09,-9.756,3.761
0.4623,-4.3994,7.5346,0.09,-9.942,3.761
0.4623,-4.4224,7.5346,0.09,-9.942,3.828
0.4854,-4.3994,7.5346,0.09,-9.942,3.828
0.4854,-4.3994,7.5346,0.0,-9.756,3.828
0.5085,-4.4224,7.6668,0.0,-9.663,3.828
0.5316,-4.4454,7.6668,0.18,-9.756,3.828
0.5316,-4.4685,7.6668,0.0,-9.849,3.828
0.4854,-4.4915,7.6668,-0.09,-9.942,3.895
0.3467,-4.4224,7.6668,0.0,-9.849,3.895
0.3698,-4.4915,7.799,0.09,-9.849,3.828
0.4623,-4.5606,7.799,0.09,-9.849,3.828
0.6241,-4.6758,8.0634,0.09,-9.756,3.761
0.4854,-4.6067,8.0634,0.09,-9.849,3.828
0.208,-4.4915,7.9312,0.09,-10.221,3.895
-0.0231,-4.3763,7.9312,-0.09,-10.685,3.963
0.1155,-4.4685,7.9312,-0.27,-10.591999999999999,3.963
0.3929,-4.6758,7.9312,0.09,-10.035,3.761
0.5547,-4.6527,8.0634,0.0,-9.57,3.694
0.4854,-4.6527,7.9312,0.0,-9.663,3.694
0.416,-4.6758,8.0634,0.09,-9.849,3.828
0.4623,-4.7218,8.1956,0.09,-9.942,3.828
0.5547,-4.7679,8.0634,0.09,-9.663,3.761
0.5547,-4.7679,8.0634,0.09,-9.663,3.761
0.4623,-4.814,8.1956,0.09,-9.849,3.761
0.2773,-4.7449,8.1956,0.0,-10.314,3.963
0.3467,-4.7449,8.1956,0.18,-9.942,3.895
0.4854,-4.7909,8.0634,0.27,-9.477,3.761
0.5779,-4.837,8.1956,0.27,-9.477,3.761
0.5316,-4.9061,8.3278,0.0,-9.663,3.694
0.4623,-4.86,8.46,0.0,-9.849,3.694
0.416,-4.86,8.3278,0.0,-9.849,3.761
0.3698,-4.8831,8.3278,0.18,-9.849,3.895
0.4392,-4.9291,8.1956,0.27,-9.756,3.963
0.4392,-4.9522,8.3278,0.18,-9.756,3.828
0.3929,-4.9291,8.46,0.09,-9.663,3.828
0.4392,-4.9752,8.46,0.09,-9.849,3.828
0.416,-4.9752,8.46,0.18,-9.756,3.895
0.3467,-4.9522,8.5922,0.18,-9.849,3.895
0.3236,-4.9291,8.46,0.09,-9.942,3.828
0.3236,-4.9291,8.46,0.09,-9.942,3.828
0.3467,-4.9752,8.46,0.18,-9.756,3.895
0.3698,-5.0213,8.5922,0.09,-9.756,3.828
0.3467,-5.0213,8.5922,0.0,-9.849,3.828
0.3929,-5.0213,8.5922,0.09,-9.756,3.761
0.4854,-4.9982,8.46,0.27,-9.106,3.6270000000000002
0.4854,-4.9982,8.46,0.27,-9.106,3.6270000000000002
0.5085,-5.0443,8.5922,0.361,-9.199,3.6270000000000002
0.6472,-5.1595,8.5922,0.27,-9.013,3.6270000000000002
0.6241,-5.1134,8.5922,0.27,-9.106,3.559
0.4623,-5.0673,8.5922,0.361,-9.291,3.6270000000000002
0.4392,-5.0673,8.5922,0.361,-9.291,3.6270000000000002
0.4392,-5.0673,8.5922,0.361,-9.291,3.694
0.5779,-5.1134,8.7243,0.451,-9.013,3.6270000000000002
0.6472,-5.1595,8.5922,0.27,-9.013,3.6270000000000002
0.5779,-5.1364,8.7243,0.361,-9.291,3.6270000000000002
0.5779,-5.1364,8.7243,0.361,-9.291,3.6270000000000002
0.5779,-5.0673,8.5922,0.27,-8.641,3.492
0.5779,-5.0673,8.5922,0.27,-8.641,3.492
0.809,-5.1595,8.5922,0.361,-8.269,3.492
0.809,-5.1595,8.5922,0.27,-8.455,3.4250000000000003
0.7165,-5.1364,8.5922,0.18,-8.734,3.4250000000000003
0.6703,-5.0904,8.5922,0.27,-8.92,3.4250000000000003
0.6472,-5.0673,8.5922,0.27,-8.827,3.4250000000000003
0.7397,-5.1364,8.46,0.27,-8.455,3.4250000000000003
0.8784,-5.1134,8.5922,0.27,-8.455,3.3579999999999997
0.9246,-5.1134,8.5922,0.361,-7.9910000000000005,3.291
0.8552,-5.1134,8.5922,0.18,-8.548,3.3579999999999997
0.8552,-5.1134,8.5922,0.18,-8.548,3.3579999999999997
0.7397,-5.1595,8.46,0.18,-8.641,3.559
0.6703,-5.0443,8.3278,0.18,-8.734,3.559
0.6703,-5.0443,8.3278,0.18,-8.734,3.559
0.7165,-5.0213,8.3278,0.18,-8.734,3.3579999999999997
0.7628,-5.0443,8.3278,0.18,-8.734,3.4250000000000003
0.6703,-4.9752,8.3278,0.09,-8.827,3.4250000000000003
0.6934,-4.9752,8.1956,0.09,-8.827,3.4250000000000003
0.6934,-4.9752,8.1956,0.09,-8.827,3.4250000000000003
0.7165,-4.9522,8.1956,0.18,-8.92,3.492
0.7397,-4.9522,8.3278,0.09,-8.827,3.492
0.7397,-4.9291,8.3278,0.09,-8.827,3.492
0.6703,-4.8831,8.1956,0.09,-9.106,3.559
0.6934,-4.9061,8.1956,0.18,-9.013,3.559
0.7397,-4.9061,8.1956,0.18,-8.827,3.492
0.8321,-4.9291,8.0634,0.0,-8.734,3.4250000000000003
0.8784,-4.8831,8.1956,0.0,-8.734,3.559
0.9246,-4.9061,8.0634,-0.09,-8.641,3.4250000000000003
0.8552,-4.814,8.0634,0.0,-8.548,3.559
0.8784,-4.7909,7.9312,0.0,-8.455,3.559
0.8784,-4.7909,7.9312,-0.09,-8.548,3.492
0.8784,-4.837,7.9312,0.0,-8.827,3.6270000000000002
0.8321,-4.814,7.799,0.09,-8.734,3.6270000000000002
0.809,-4.7679,7.799,0.0,-8.734,3.559
0.8784,-4.7449,7.799,0.09,-8.641,3.492
1.0171,-4.6988,7.799,0.0,-8.269,3.4250000000000003
1.0633,-4.7218,7.799,-0.09,-8.269,3.291
1.0402,-4.7679,7.799,-0.09,-8.362,3.3579999999999997
0.7397,-4.6758,7.799,-0.09,-9.106,3.6270000000000002
0.6472,-4.6758,7.6668,0.0,-9.291,3.761
0.6703,-4.6758,7.6668,-0.09,-9.291,3.761
0.7628,-4.6758,7.5346,0.09,-9.013,3.761
0.9939,-4.6527,7.6668,0.09,-8.548,3.492
1.0402,-4.6297,7.6668,-0.09,-8.548,3.4250000000000003
1.0402,-4.6297,7.6668,0.0,-8.641,3.4250000000000003
0.7397,-4.6297,7.5346,0.0,-9.291,3.828
0.7628,-4.6527,7.5346,0.0,-9.291,3.761
0.8552,-4.6758,7.6668,-0.09,-9.199,3.694
0.8552,-4.6758,7.6668,0.0,-9.106,3.761
0.9015,-4.6527,7.5346,0.09,-8.92,3.559
0.9246,-4.6527,7.5346,0.09,-8.92,3.694
0.9477,-4.6758,7.5346,0.18,-8.92,3.6270000000000002
0.9477,-4.6988,7.6668,0.09,-9.106,3.559
0.9477,-4.7449,7.6668,0.18,-9.199,3.559
0.8321,-4.7218,7.6668,0.0,-9.477,3.828
0.6934,-4.6758,7.6668,-0.09,-9.477,3.895
0.6703,-4.6067,7.5346,0.18,-9.57,3.895
0.7165,-4.5836,7.5346,0.09,-9.384,3.761
0.8321,-4.6067,7.5346,0.09,-9.291,3.761
0.8552,-4.6067,7.6668,0.0,-9.199,3.761
0.8321,-4.6297,7.6668,-0.18,-9.477,3.828
0.6934,-4.6297,7.6668,-0.09,-9.849,3.963
0.601,-4.6297,7.6668,-0.09,-10.128,3.895
0.5779,-4.5606,7.5346,-0.09,-10.035,3.895
0.6703,-4.5836,7.5346,0.0,-9.756,3.828
0.8321,-4.5836,7.5346,0.0,-9.291,3.761
0.9246,-4.6297,7.6668,-0.09,-9.291,3.694
0.8784,-4.6067,7.6668,-0.09,-9.384,3.761
0.6703,-4.6297,7.6668,-0.18,-9.942,3.895
0.5779,-4.5606,7.6668,-0.09,-10.035,3.963
0.5547,-4.5606,7.6668,0.0,-10.035,4.03
0.7859,-4.6988,7.6668,0.0,-9.663,3.828
0.8552,-4.7218,7.799,0.0,-9.477,3.761
0.809,-4.6758,7.6668,-0.09,-9.477,3.828
0.7397,-4.6297,7.6668,-0.09,-9.756,3.895
0.5779,-4.6297,7.799,0.0,-10.128,4.03
0.5547,-4.6988,7.799,0.0,-10.128,3.963
0.5547,-4.7218,7.799,0.09,-10.314,4.03
0.5547,-4.7218,7.799,0.09,-10.221,3.963
0.5779,-4.7218,7.799,0.0,-10.035,3.963
0.6241,-4.6988,7.799,0.0,-9.942,3.963
0.6241,-4.6988,7.799,0.0,-9.942,3.963
0.601,-4.7218,7.799,0.0,-9.942,4.097
0.4854,-4.7449,7.9312,0.09,-10.314,4.03
0.4854,-4.7218,7.9312,0.09,-10.314,4.097
0.5316,-4.7218,7.9312,0.09,-10.221,4.03
0.6703,-4.7909,7.9312,0.09,-9.942,4.097
0.7165,-4.837,7.9312,0.0,-9.849,3.963
0.7397,-4.837,7.9312,0.0,-9.849,3.963
0.6703,-4.814,8.0634,0.27,-10.035,4.03
0.601,-4.814,8.0634,0.18,-10.128,4.03
0.5316,-4.814,7.799,0.18,-10.221,3.963
0.5547,-4.837,7.9312,0.18,-10.035,3.895
0.5547,-4.837,7.9312,0.18,-10.035,3.895
0.6934,-4.86,8.1956,0.0,-9.942,3.828
0.6934,-4.86,8.1956,0.18,-9.849,3.963
0.6241,-4.86,8.1956,0.18,-10.128,3.963
0.3467,-4.837,8.0634,-0.09,-10.778,4.164
0.3236,-4.814,8.0634,0.0,-10.685,4.231
0.5085,-4.86,8.0634,0.0,-10.128,4.03
0.5316,-4.8831,7.9312,0.09,-10.128,4.097
0.6241,-4.8831,8.0634,0.27,-9.849,3.963
0.6241,-4.8831,8.0634,0.27,-9.849,3.963
0.7165,-4.9061,8.1956,0.09,-9.756,3.828
0.7165,-4.9752,8.1956,0.09,-9.756,3.895
0.6703,-4.9982,8.1956,0.0,-9.942,3.963
0.6703,-4.9982,8.1956,0.0,-9.942,3.963
0.5085,-4.9061,8.1956,0.09,-10.035,3.963
0.6241,-4.9752,8.0634,0.18,-9.756,3.963
0.7628,-4.9752,8.1956,0.18,-9.57,3.895
0.7165,-4.9522,8.3278,0.0,-9.663,3.895
0.5316,-4.9522,8.1956,0.0,-10.128,4.03
0.4854,-4.9752,8.3278,0.0,-10.035,4.097
0.5547,-4.9752,8.1956,0.09,-9.942,4.03
0.5547,-4.9752,8.1956,0.09,-9.942,4.03
0.7397,-5.0443,8.3278,0.0,-9.57,3.828
0.7397,-5.0213,8.3278,0.09,-9.57,3.828
0.6934,-5.0213,8.3278,0.09,-9.477,3.828
0.7397,-5.0213,8.3278,0.09,-9.477,3.828
0.809,-5.0443,8.3278,0.09,-9.291,3.828
0.7165,-5.0673,8.3278,0.0,-9.57,3.895
0.5779,-5.0443,8.3278,-0.18,-9.942,3.963
0.4854,-5.0213,8.46,-0.09,-10.128,4.097
0.4623,-4.9291,8.1956,0.0,-9.942,4.03
0.6241,-4.9752,8.3278,0.0,-9.477,3.895
0.809,-5.0213,8.3278,0.0,-9.291,3.761
0.8552,-5.0673,8.3278,0.09,-9.291,3.828
0.7397,-5.0213,8.46,-0.09,-9.57,3.828
0.6934,-4.9982,8.46,-0.09,-9.477,3.761
0.6472,-4.9752,8.3278,0.0,-9.663,3.895
0.601,-4.9522,8.3278,0.0,-9.57,3.828
0.5779,-4.9752,8.3278,0.0,-9.57,3.828
0.601,-5.0213,8.3278,-0.09,-9.849,3.963
0.601,-5.0673,8.46,-0.18,-9.942,3.963
0.5779,-5.0443,8.46,-0.18,-9.942,3.963
0.6703,-4.9982,8.46,0.0,-9.477,3.761
0.7165,-5.0443,8.3278,0.09,-9.384,3.761
0.7165,-5.0443,8.3278,0.09,-9.384,3.761
0.8321,-5.0673,8.3278,0.0,-9.291,3.761
0.7165,-4.9982,8.3278,-0.18,-9.477,3.761
0.6703,-4.9752,8.3278,-0.09,-9.477,3.828
0.6703,-4.9291,8.3278,-0.09,-9.477,3.828
0.6934,-4.9291,8.3278,0.0,-9.384,3.828
0.8552,-4.9752,8.3278,0.0,-9.106,3.694
0.8784,-4.9752,8.46,-0.09,-9.199,3.694
0.8784,-4.9522,8.46,-0.09,-9.199,3.761
0.7859,-4.9522,8.46,-0.09,-9.199,3.694
0.7628,-4.9291,8.3278,0.0,-9.199,3.828
0.809,-4.9291,8.3278,0.09,-9.106,3.828
0.8784,-4.9522,8.3278,0.0,-9.106,3.761
0.8784,-4.9522,8.3278,0.0,-9.106,3.761
0.8321,-4.9291,8.3278,0.09,-9.199,3.828
0.8321,-4.837,8.1956,-0.09,-9.013,3.761
1.0633,-4.86,8.0634,-0.18,-8.455,3.6270000000000002
1.1558,-4.8831,8.1956,-0.18,-8.362,3.6270000000000002
1.0633,-4.8831,8.0634,-0.09,-8.827,3.694
0.8784,-4.814,8.0634,-0.09,-9.106,3.694
0.8321,-4.7909,7.9312,-0.09,-8.827,3.694
0.8552,-4.7679,7.9312,0.0,-8.92,3.761
0.9015,-4.814,7.799,0.09,-8.734,3.694
0.9708,-4.7909,7.799,-0.09,-8.734,3.6270000000000002
0.9708,-4.7679,7.9312,-0.18,-8.734,3.694
0.8784,-4.7218,7.799,-0.09,-9.013,3.761
0.8784,-4.7218,7.6668,-0.09,-9.013,3.761
0.809,-4.7218,7.799,-0.09,-9.106,3.761
0.8321,-4.6067,7.6668,0.0,-8.92,3.828
0.8784,-4.6297,7.6668,-0.09,-8.92,3.761
0.8552,-4.6297,7.6668,-0.09,-9.106,3.761
0.7859,-4.6067,7.6668,-0.18,-9.291,3.895
0.7859,-4.6067,7.6668,-0.09,-9.199,3.828
0.809,-4.6067,7.5346,-0.09,-9.106,3.828
0.8784,-4.6067,7.4025,0.0,-8.827,3.761
1.0864,-4.6758,7.5346,0.18,-8.641,3.6270000000000002
1.0864,-4.7218,7.5346,0.09,-8.734,3.694
1.0402,-4.6758,7.5346,0.09,-8.92,3.761
0.9015,-4.6297,7.5346,0.0,-9.199,3.895
0.7859,-4.5836,7.5346,-0.27,-9.384,3.828
0.7165,-4.5376,7.5346,-0.18,-9.477,3.963
0.7859,-4.5145,7.5346,-0.18,-9.199,3.895
0.8784,-4.5376,7.5346,-0.27,-9.106,3.828
0.9477,-4.5606,7.6668,-0.27,-9.199,3.761
0.7165,-4.5145,7.6668,-0.27,-9.849,3.963
0.6472,-4.4915,7.6668,-0.27,-9.942,4.03
0.6472,-4.4915,7.6668,-0.27,-9.942,4.03
0.601,-4.4454,7.5346,-0.361,-9.756,3.963
0.6472,-4.5145,7.5346,-0.361,-9.756,4.03
0.6472,-4.5145,7.6668,-0.27,-9.849,4.03
0.6703,-4.4685,7.6668,-0.27,-9.849,3.963
0.7165,-4.4685,7.5346,-0.361,-9.57,3.963
0.7628,-4.4454,7.6668,-0.361,-9.477,3.895
0.809,-4.4915,7.5346,-0.361,-9.57,3.895
0.809,-4.5376,7.6668,-0.27,-9.57,3.963
0.7628,-4.5376,7.6668,-0.27,-9.849,3.963
0.7165,-4.5145,7.6668,-0.361,-9.942,4.03
0.6934,-4.5145,7.6668,-0.361,-10.035,3.963
0.6703,-4.4915,7.5346,-0.27,-9.942,4.03
0.7165,-4.4915,7.6668,-0.27,-9.57,3.895
0.8321,-4.4915,7.6668,-0.27,-9.477,3.895
0.8321,-4.5145,7.6668,-0.27,-9.477,3.895
0.7397,-4.5606,7.799,-0.451,-9.849,3.895
0.7397,-4.5606,7.799,-0.451,-9.849,3.895
0.6703,-4.5376,7.799,-0.361,-10.128,3.963
0.7628,-4.5606,7.799,-0.27,-9.942,3.963
0.7165,-4.5836,7.799,-0.27,-10.128,4.03
0.6472,-4.5606,7.799,-0.361,-10.221,3.963
0.5547,-4.5606,7.799,-0.27,-10.314,4.097
0.4623,-4.5836,7.799,-0.27,-10.499,4.164
0.3929,-4.6527,8.0634,-0.09,-10.778,4.164
0.3929,-4.6527,7.9312,0.0,-10.870999999999999,4.231
0.5779,-4.5376,7.9312,-0.361,-10.035,4.164
0.8321,-4.5606,7.799,-0.27,-9.291,3.963
0.9939,-4.7218,7.9312,-0.27,-9.291,3.895
0.8784,-4.7679,8.0634,-0.27,-9.849,4.03
0.6472,-4.6988,8.0634,-0.361,-10.499,4.164
0.4392,-4.5606,7.9312,-0.27,-10.591999999999999,4.164
0.4392,-4.5836,7.9312,-0.27,-10.591999999999999,4.164
0.4854,-4.6067,7.9312,-0.18,-10.405999999999999,4.03
0.5547,-4.6758,8.0634,-0.18,-10.314,4.03
0.6241,-4.7218,8.1956,-0.18,-10.314,4.097
0.6703,-4.7218,8.1956,-0.09,-10.221,4.097
0.7397,-4.7218,8.1956,-0.09,-9.942,4.03
0.6472,-4.6527,8.0634,-0.18,-9.849,4.03
0.601,-4.6527,8.0634,-0.27,-9.849,3.963
0.5779,-4.6527,8.1956,-0.27,-10.128,4.03
0.4854,-4.6758,8.1956,-0.27,-10.591999999999999,4.097
0.3005,-4.6527,8.0634,-0.09,-10.778,4.231
0.3929,-4.6527,8.1956,-0.09,-10.499,4.164
0.7628,-4.7449,8.1956,0.09,-9.663,3.963
0.8784,-4.7909,8.1956,-0.09,-9.384,3.895
0.8321,-4.7909,8.1956,-0.09,-9.57,3.895
0.7165,-4.7679,8.3278,0.0,-9.849,3.963
0.4392,-4.6527,8.1956,0.0,-10.405999999999999,4.097
0.3698,-4.6988,8.0634,-0.09,-10.405999999999999,4.097
0.4392,-4.7218,8.0634,0.0,-10.314,4.03
0.601,-4.7909,8.3278,0.09,-9.942,4.03
0.6472,-4.7679,8.3278,0.0,-9.756,4.03
0.7165,-4.7909,8.3278,0.09,-9.756,3.963
0.7628,-4.7909,8.1956,0.09,-9.477,3.895
0.809,-4.7909,8.1956,0.0,-9.291,3.895
0.809,-4.7909,8.1956,0.0,-9.291,3.895
0.7628,-4.814,8.3278,0.0,-9.663,3.895
0.7628,-4.837,8.3278,-0.09,-9.663,3.963
0.6703,-4.7218,8.3278,0.09,-9.756,3.963
0.6934,-4.7218,8.1956,0.0,-9.477,3.895
0.8321,-4.7449,8.1956,0.0,-9.199,3.895
0.9939,-4.86,8.3278,-0.09,-9.013,3.761
0.9477,-4.837,8.46,0.0,-9.013,3.761
0.809,-4.814,8.3278,-0.09,-9.291,3.895
0.7165,-4.7449,8.3278,-0.09,-9.384,3.895
0.6472,-4.7218,8.1956,0.09,-9.477,3.963
0.6703,-4.7449,8.1956,0.0,-9.477,3.963
0.809,-4.814,8.3278,-0.18,-9.384,3.895
0.809,-4.814,8.1956,-0.18,-9.199,3.828
0.7859,-4.7909,8.1956,-0.18,-9.199,3.828
0.7628,-4.7679,8.1956,-0.18,-9.199,3.963
0.7628,-4.7679,8.1956,-0.18,-9.291,3.963
0.7859,-4.7909,8.1956,-0.09,-9.199,3.895
0.809,-4.7909,8.1956,-0.09,-9.106,3.895
0.809,-4.7909,8.1956,0.0,-9.291,3.828
0.7397,-4.7449,8.1956,-0.18,-9.291,3.895
0.7397,-4.7449,8.1956,-0.18,-9.291,3.895
0.7165,-4.6988,8.0634,-0.27,-9.291,3.963
0.7397,-4.7218,8.0634,-0.18,-9.291,3.895
0.7859,-4.7218,8.1956,-0.27,-9.199,3.828
0.7397,-4.6988,8.0634,-0.27,-9.291,3.895
0.7397,-4.6758,8.0634,-0.09,-9.291,3.895
0.7397,-4.6758,8.0634,-0.18,-9.199,3.895
0.7397,-4.6758,8.0634,-0.18,-9.384,3.895
0.7165,-4.6758,8.1956,-0.18,-9.291,3.895
0.6934,-4.6758,8.0634,-0.09,-9.477,3.963
0.6241,-4.6527,7.9312,-0.09,-9.57,3.963
0.6241,-4.6527,7.9312,-0.09,-9.57,3.963
0.6934,-4.6297,7.9312,-0.18,-9.199,3.963
0.8784,-4.6297,7.9312,-0.27,-9.013,3.828
0.9246,-4.6297,7.9312,-0.27,-9.013,3.828
0.8784,-4.6527,8.0634,-0.27,-9.013,3.761
0.809,-4.6297,8.0634,-0.27,-9.199,3.828
0.6472,-4.5376,7.9312,-0.18,-9.477,3.963
0.6934,-4.5376,7.799,-0.27,-9.291,3.895
0.7397,-4.5836,7.799,-0.18,-9.106,3.828
0.8321,-4.5836,7.799,-0.18,-9.013,3.828
0.8552,-4.6297,7.799,-0.27,-9.106,3.828
0.809,-4.5836,7.799,-0.27,-9.106,3.828
0.7397,-4.5836,7.799,-0.27,-9.199,3.895
0.6934,-4.5376,7.799,-0.27,-9.199,3.963
0.6241,-4.5145,7.6668,-0.18,-9.477,3.963
0.601,-4.4915,7.6668,-0.18,-9.477,3.963
0.6241,-4.4915,7.6668,-0.18,-9.477,3.963
0.6934,-4.4685,7.6668,-0.18,-9.291,3.895
0.6934,-4.4685,7.6668,-0.18,-9.291,3.895
0.7628,-4.4685,7.6668,-0.27,-9.291,3.895
0.7165,-4.4454,7.5346,-0.27,-9.199,3.828
0.6703,-4.3994,7.5346,-0.27,-9.106,3.895
0.6934,-4.3994,7.5346,-0.18,-9.291,3.895
0.6472,-4.4224,7.6668,-0.09,-9.384,3.895
0.6472,-4.4224,7.5346,-0.18,-9.477,3.963
0.6472,-4.4224,7.5346,-0.18,-9.477,3.963
0.6934,-4.3994,7.5346,-0.18,-9.384,3.963
0.6934,-4.4224,7.5346,-0.09,-9.291,3.963
0.6703,-4.3994,7.5346,-0.27,-9.106,3.963
0.6472,-4.3994,7.5346,-0.18,-9.291,3.963
0.5316,-4.4224,7.5346,-0.18,-9.663,4.097
0.4854,-4.4224,7.5346,-0.18,-9.756,4.097
0.4392,-4.3994,7.5346,-0.18,-9.756,4.097
0.4392,-4.3994,7.5346,-0.18,-9.756,4.097
0.6472,-4.4454,7.5346,-0.09,-9.477,4.03
0.6472,-4.4454,7.5346,-0.09,-9.477,4.03
0.6934,-4.4685,7.6668,-0.09,-9.291,3.895
0.601,-4.4224,7.6668,-0.27,-9.477,3.963
0.5547,-4.3994,7.6668,-0.27,-9.57,4.03
0.4623,-4.3763,7.6668,-0.27,-9.663,4.03
0.4392,-4.3994,7.6668,-0.27,-9.663,4.03
0.4854,-4.4454,7.6668,-0.27,-9.663,4.097
0.5085,-4.4685,7.6668,-0.27,-9.663,4.097
0.4392,-4.4685,7.6668,-0.27,-9.663,4.03
0.4392,-4.4224,7.6668,-0.27,-9.663,4.097
0.4623,-4.4224,7.5346,-0.27,-9.663,4.03
0.4392,-4.4454,7.5346,-0.18,-9.663,4.097
0.3467,-4.4685,7.6668,-0.361,-9.942,4.097
0.2773,-4.4915,7.6668,-0.361,-10.221,4.231
0.2542,-4.4685,7.799,-0.361,-10.128,4.231
0.4854,-4.5145,7.6668,-0.27,-9.663,4.03
0.601,-4.5606,7.799,-0.27,-9.291,3.963
0.5779,-4.5606,7.799,-0.27,-9.477,4.03
0.5316,-4.5836,7.799,-0.27,-9.663,4.03
0.3929,-4.5376,7.9312,-0.361,-9.849,4.03
0.3005,-4.5376,7.9312,-0.361,-10.035,4.097
0.3236,-4.5376,7.9312,-0.27,-9.942,4.03
0.416,-4.5836,7.9312,-0.27,-9.57,4.03
0.4623,-4.6067,7.9312,-0.18,-9.57,4.03
0.4392,-4.6297,8.0634,-0.18,-9.756,4.03
0.3929,-4.6527,8.0634,-0.18,-9.756,4.097
0.3467,-4.6067,8.1956,-0.361,-9.849,4.097
0.3698,-4.6067,8.0634,-0.18,-9.663,4.03
0.416,-4.6067,8.0634,-0.09,-9.477,3.963
0.3929,-4.6758,8.1956,0.0,-9.663,4.097
0.3005,-4.7218,8.0634,-0.18,-9.942,4.097
0.2311,-4.6988,8.3278,-0.18,-10.314,4.097
0.2542,-4.5376,8.0634,-0.18,-9.57,4.03
0.3236,-4.5836,7.9312,-0.09,-9.199,3.963
0.4854,-4.7449,8.0634,-0.09,-9.106,3.895
0.5316,-4.814,8.1956,-0.09,-9.291,3.895
0.2542,-4.6527,8.0634,-0.18,-9.756,4.097
0.3005,-4.6758,8.0634,-0.09,-9.663,4.03
0.4392,-4.7909,8.1956,0.0,-9.384,3.895
0.5779,-4.7909,8.3278,0.0,-8.92,3.828
0.5779,-4.7909,8.3278,0.0,-8.92,3.828
0.5316,-4.814,8.0634,0.0,-9.013,3.895
0.5547,-4.8831,8.1956,0.09,-9.106,3.895
0.4392,-4.86,8.1956,0.09,-9.384,3.963
0.4623,-4.837,8.0634,0.0,-9.013,3.895
0.5085,-4.8831,8.3278,0.18,-9.199,3.895
0.4392,-4.9061,8.3278,0.09,-9.384,4.03
0.3698,-4.86,8.3278,0.18,-9.663,4.097
0.3698,-4.86,8.1956,0.18,-9.384,4.03
0.416,-4.8831,8.1956,0.09,-9.106,4.03
0.5316,-4.9061,8.1956,0.09,-8.827,3.828
0.5779,-4.9522,8.3278,0.09,-8.92,3.895
0.3929,-4.9061,8.46,0.0,-9.384,3.963
0.3005,-4.837,8.46,0.0,-9.57,3.963
0.2773,-4.7909,8.46,0.09,-9.384,3.963
0.3005,-4.7909,8.3278,0.09,-9.291,3.963
0.3698,-4.86,8.3278,0.18,-9.199,3.963
0.416,-4.9291,8.46,0.0,-9.199,3.895
0.4623,-4.9061,8.5922,-0.09,-9.291,3.895
0.4392,-4.8831,8.46,0.0,-9.106,3.828
0.3929,-4.837,8.46,0.09,-9.291,3.963
0.3467,-4.8831,8.46,0.0,-9.291,3.963
0.3698,-4.8831,8.3278,0.09,-9.384,3.963
0.416,-4.9522,8.46,0.18,-9.013,3.895
0.4392,-4.9522,8.46,0.18,-9.013,3.895
0.4392,-4.8831,8.3278,0.27,-9.106,3.828
0.4854,-4.9752,8.3278,0.18,-8.92,3.895
0.5779,-5.0213,8.46,0.18,-8.827,3.761
0.5779,-5.0213,8.46,0.18,-8.827,3.761
0.4854,-4.9752,8.46,0.09,-9.106,3.828
0.3929,-4.9752,8.46,0.09,-9.291,3.963
0.416,-4.9291,8.46,0.09,-9.291,3.963
0.4392,-4.9522,8.3278,0.09,-9.013,3.895
0.5316,-4.9982,8.3278,0.18,-8.92,3.963
0.601,-4.9982,8.46,0.18,-8.827,3.895
0.5085,-4.9752,8.46,-0.09,-9.106,3.828
0.4392,-4.9522,8.46,-0.09,-9.291,3.895
0.416,-4.9752,8.46,0.0,-9.384,3.963
0.4623,-4.9291,8.3278,0.09,-9.013,3.828
0.4623,-4.9291,8.3278,0.09,-9.013,3.828
0.6472,-4.9982,8.3278,0.09,-8.827,3.828
0.6934,-4.9752,8.3278,0.09,-8.827,3.895
0.6703,-4.9522,8.3278,0.0,-8.827,3.828
0.7397,-5.0213,8.46,0.18,-8.827,3.761
0.7397,-5.0443,8.46,0.18,-8.827,3.828
0.7397,-5.0443,8.46,0.18,-8.827,3.828
0.7859,-4.9522,8.46,0.0,-8.455,3.694
0.8784,-4.9291,8.46,-0.18,-8.362,3.694
0.8321,-5.1134,8.1956,0.18,-8.455,3.761
0.8321,-5.1134,8.1956,0.18,-8.455,3.761
0.6703,-5.1595,8.3278,0.361,-8.92,3.895
0.601,-5.1595,8.3278,0.27,-9.199,3.895
0.5316,-5.0904,8.3278,0.27,-9.384,4.03
0.5547,-5.0443,8.3278,0.27,-9.291,4.03
0.7397,-4.9522,8.1956,0.0,-8.92,3.761
0.7628,-4.9522,8.46,-0.09,-8.827,3.761
0.7628,-4.9522,8.46,-0.09,-8.827,3.761
0.7628,-4.9061,8.46,-0.09,-8.92,3.761
0.7165,-4.837,8.46,-0.09,-8.92,3.828
0.7165,-4.814,8.1956,-0.18,-8.92,3.828
0.7628,-4.7909,8.0634,-0.27,-8.734,3.828
0.7859,-4.814,8.1956,-0.27,-8.92,3.963
0.7628,-4.7909,8.0634,-0.27,-8.827,3.895
0.7628,-4.7679,8.0634,-0.27,-8.734,3.828
0.8321,-4.7218,8.0634,-0.18,-8.548,3.694
0.8552,-4.7449,8.0634,-0.18,-8.548,3.761
0.8321,-4.7679,8.0634,-0.361,-8.734,3.761
0.6934,-4.6988,7.799,-0.27,-9.013,3.895
0.6472,-4.6527,7.799,-0.27,-8.92,3.963
0.7628,-4.6067,7.6668,-0.09,-8.734,3.828
0.8784,-4.6758,7.6668,0.0,-8.641,3.828
0.9939,-4.7449,7.799,-0.09,-8.548,3.761
0.809,-4.6297,7.6668,-0.18,-8.92,3.828
0.809,-4.6297,7.6668,-0.18,-8.92,3.828
0.7628,-4.5836,7.6668,-0.27,-8.827,3.828
0.8321,-4.5836,7.5346,-0.09,-8.641,3.828
0.9477,-4.6527,7.6668,-0.09,-8.548,3.694
0.9246,-4.6527,7.6668,-0.18,-8.827,3.761
0.8552,-4.6297,7.6668,-0.18,-9.013,3.828
0.809,-4.5606,7.5346,-0.27,-9.013,3.828
0.7859,-4.5145,7.5346,-0.27,-8.92,3.828
0.7859,-4.4915,7.5346,-0.18,-8.827,3.895
0.7859,-4.5376,7.4025,-0.27,-8.734,3.828
0.809,-4.5606,7.5346,-0.09,-8.92,3.895
0.809,-4.6067,7.5346,-0.27,-9.013,3.895
0.809,-4.6067,7.6668,-0.27,-9.199,3.895
0.7628,-4.5376,7.6668,-0.27,-9.199,3.895
0.7165,-4.5145,7.5346,-0.18,-9.199,3.895
0.6934,-4.4915,7.5346,-0.18,-9.199,3.895
0.6934,-4.4915,7.4025,-0.27,-9.013,3.963
0.6934,-4.4915,7.4025,-0.18,-9.106,4.03
0.7397,-4.5145,7.4025,-0.27,-9.291,3.963
0.7397,-4.5376,7.5346,-0.18,-9.384,3.963
0.6472,-4.4915,7.5346,-0.27,-9.663,4.03
0.6934,-4.4454,7.5346,-0.27,-9.291,3.963
0.6472,-4.3994,7.4025,-0.361,-9.199,4.03
0.6934,-4.4224,7.2703,-0.27,-9.106,4.03
0.7165,-4.4224,7.2703,-0.27,-9.106,3.963
0.6703,-4.4224,7.4025,-0.18,-9.291,4.03
0.6472,-4.4224,7.4025,-0.18,-9.477,4.03
0.5085,-4.4224,7.5346,-0.18,-9.849,4.164
0.5316,-4.4685,7.4025,-0.18,-9.756,4.164
0.5316,-4.4685,7.4025,-0.18,-9.756,4.164
0.601,-4.4454,7.4025,-0.18,-9.477,4.03
0.6472,-4.4454,7.4025,-0.18,-9.477,4.03
0.6472,-4.4224,7.5346,-0.18,-9.57,4.03
0.601,-4.4685,7.5346,-0.18,-9.57,4.097
0.5547,-4.4915,7.5346,-0.18,-9.849,4.164
0.4623,-4.4685,7.4025,-0.18,-10.035,4.298
0.416,-4.4915,7.5346,-0.18,-10.221,4.298
0.3698,-4.4915,7.4025,-0.09,-10.221,4.298
0.3698,-4.4685,7.5346,-0.18,-10.128,4.231
0.3929,-4.5145,7.4025,-0.18,-9.942,4.164
0.4623,-4.5145,7.5346,-0.18,-9.849,4.164
0.5085,-4.4685,7.5346,-0.18,-9.756,4.097
0.5547,-4.4685,7.5346,-0.09,-9.57,4.097
0.5547,-4.5145,7.6668,-0.18,-9.756,4.097
0.4854,-4.5145,7.6668,-0.27,-9.849,4.164
0.3698,-4.4915,7.6668,-0.18,-10.128,4.164
0.2311,-4.4685,7.6668,-0.18,-10.221,4.231
0.2311,-4.4685,7.6668,-0.18,-10.221,4.231
0.2311,-4.4685,7.6668,-0.09,-10.221,4.164
0.2773,-4.5145,7.6668,-0.18,-10.128,4.164
0.5085,-4.6758,7.6668,-0.09,-9.663,4.097
0.5085,-4.6758,7.6668,-0.09,-9.663,4.097
0.3698,-4.6067,7.799,-0.09,-10.128,4.164
0.1849,-4.4685,7.6668,-0.09,-10.128,4.231
0.1849,-4.4685,7.6668,-0.09,-10.128,4.231
0.3005,-4.6988,7.9312,0.0,-10.221,4.298
0.3929,-4.6988,8.0634,0.0,-9.942,4.231
0.3467,-4.6527,7.799,-0.09,-9.849,4.164
0.3005,-4.6297,7.9312,-0.18,-9.756,4.164
0.3005,-4.6988,7.799,-0.18,-9.942,4.097
0.3467,-4.7909,8.0634,0.09,-10.035,4.164
0.3467,-4.7909,8.0634,0.09,-10.035,4.164
0.4623,-4.86,7.9312,0.09,-9.663,4.097
0.4392,-4.837,7.9312,0.09,-9.663,4.164
0.3698,-4.814,8.0634,0.09,-9.663,4.164
0.2773,-4.814,8.0634,0.0,-9.849,4.164
0.2542,-4.7909,8.0634,-0.09,-9.942,4.231
0.2773,-4.814,8.0634,-0.09,-9.849,4.164
0.2773,-4.814,8.1956,-0.09,-10.035,4.231
0.3467,-4.8831,8.1956,0.0,-9.663,4.164
0.3698,-4.9291,8.1956,0.09,-9.663,4.097
0.3467,-4.9291,8.1956,0.09,-9.663,4.097
0.3236,-4.9522,8.3278,0.09,-9.57,4.164
0.2542,-4.9061,8.0634,0.09,-9.477,4.164
0.208,-4.9061,8.1956,0.0,-9.756,4.231
0.2773,-4.9291,8.3278,-0.09,-9.756,4.164
0.3005,-4.9752,8.46,-0.09,-9.756,4.164
0.2311,-4.9752,8.5922,-0.09,-9.849,4.164
0.1618,-4.9061,8.46,-0.18,-9.849,4.231
0.1618,-4.9752,8.46,-0.09,-9.756,4.097
0.2311,-5.0213,8.3278,0.09,-9.663,4.03
0.3236,-5.1134,8.3278,0.09,-9.384,4.164
0.5779,-5.1364,8.46,0.27,-8.827,3.963
0.5547,-5.1364,8.46,0.09,-8.827,3.895
0.4854,-5.1134,8.5922,0.0,-9.199,3.895
0.2311,-5.0673,8.8565,-0.09,-9.849,4.097
0.1618,-4.9522,8.7243,-0.09,-9.663,4.097
0.1155,-4.9291,8.46,0.0,-9.477,4.03
0.1849,-4.9752,8.3278,0.0,-9.291,3.963
0.5547,-5.2516,8.7243,0.09,-8.92,3.828
0.6703,-5.3437,8.9887,0.0,-9.013,3.761
0.6472,-5.2977,8.8565,0.09,-9.013,3.828
0.5085,-5.1364,8.5922,0.09,-8.92,3.828
0.2542,-5.0443,8.5922,0.0,-9.291,3.895
0.4623,-5.2746,8.7243,0.09,-9.013,3.963
0.4623,-5.2746,8.5922,0.0,-9.013,3.895
0.4854,-5.2746,8.7243,0.09,-8.92,3.828
0.4392,-5.2286,8.5922,0.18,-8.827,3.895
0.4623,-5.1595,8.5922,0.27,-8.641,3.761
0.6934,-5.2516,8.5922,0.18,-8.176,3.6270000000000002
0.7397,-5.3437,8.5922,0.18,-8.269,3.694
0.6703,-5.2977,8.5922,0.18,-8.548,3.6270000000000002
0.3698,-5.1595,8.46,0.09,-9.013,3.895
0.3467,-5.1364,8.46,0.09,-8.92,3.828
0.4623,-5.1825,8.46,0.18,-8.734,3.828
0.5779,-5.2055,8.46,0.09,-8.455,3.761
0.7397,-5.2516,8.46,0.18,-8.362,3.6270000000000002
0.7165,-5.2286,8.3278,0.09,-8.362,3.694
0.6472,-5.1825,8.3278,0.09,-8.362,3.6270000000000002
0.601,-5.1595,8.3278,0.0,-8.455,3.694
0.5547,-5.1825,8.3278,0.18,-8.92,3.761
0.5547,-5.1825,8.3278,0.18,-8.92,3.761
0.5547,-5.1364,8.3278,0.09,-8.827,3.828
0.6241,-5.1595,8.3278,0.09,-8.548,3.828
0.6472,-5.1825,8.3278,0.0,-8.548,3.828
0.6241,-5.2055,8.3278,0.09,-8.641,3.828
0.5779,-5.1825,8.3278,0.18,-9.013,3.828
0.4623,-5.1364,8.3278,0.18,-9.106,3.895
0.5316,-5.1134,8.0634,0.0,-9.013,3.895
0.5779,-5.1134,8.0634,-0.09,-8.827,3.895
0.6472,-5.1134,8.1956,-0.09,-8.827,3.828
0.6703,-5.0904,8.1956,-0.09,-8.92,3.895
0.6934,-5.0904,8.1956,-0.09,-8.92,3.828
0.6472,-5.0673,8.1956,-0.09,-8.92,3.828
0.601,-4.9982,8.0634,-0.18,-8.734,3.828
0.7165,-5.0443,7.9312,0.0,-8.641,3.761
0.7397,-5.0443,8.0634,-0.18,-8.734,3.828
0.6934,-4.9982,8.0634,-0.18,-8.734,3.828
0.6934,-4.9522,7.9312,-0.27,-8.734,3.761
0.7165,-4.8831,8.1956,-0.27,-8.641,3.694
0.7397,-4.9291,8.0634,-0.18,-8.641,3.694
0.7859,-4.9752,8.0634,-0.18,-8.641,3.694
0.809,-5.0443,7.9312,0.0,-8.734,3.694
0.7165,-5.0673,7.9312,0.0,-8.827,3.761
0.6934,-5.0213,7.9312,0.0,-8.92,3.895
0.6934,-4.9752,7.799,-0.09,-8.734,3.694
0.7628,-4.9291,7.9312,-0.18,-8.641,3.6270000000000002
0.7397,-4.9061,8.0634,-0.361,-8.827,3.761
0.7397,-4.9061,8.0634,-0.361,-8.827,3.761
0.601,-4.837,7.9312,-0.361,-9.106,3.895
0.6241,-4.814,7.9312,-0.361,-9.106,3.895
0.6472,-4.837,7.799,-0.27,-9.013,3.895
0.6703,-4.837,7.799,-0.18,-8.827,3.895
0.7397,-4.837,7.799,-0.18,-8.92,3.828
0.7397,-4.7679,7.6668,-0.27,-8.734,3.828
0.7397,-4.7679,7.6668,-0.27,-8.734,3.828
0.7165,-4.7679,7.6668,-0.18,-8.92,3.895
0.6934,-4.814,7.799,-0.27,-9.106,3.895
0.6703,-4.814,7.799,-0.361,-9.291,3.895
0.6472,-4.7449,7.6668,-0.18,-9.106,3.895
0.6472,-4.7218,7.6668,-0.27,-9.013,3.895
0.6934,-4.7449,7.6668,-0.18,-9.013,3.895
0.7628,-4.7679,7.6668,-0.09,-9.013,3.828
0.6241,-4.6758,7.6668,-0.18,-9.199,4.03
0.6241,-4.6758,7.6668,-0.18,-9.199,4.03
0.7397,-4.7218,7.6668,-0.09,-8.92,3.895
0.7397,-4.7218,7.6668,-0.09,-8.92,3.895
0.7628,-4.7449,7.6668,-0.09,-9.013,3.895
0.7397,-4.7449,7.6668,-0.09,-9.013,3.895
0.7628,-4.7218,7.6668,0.0,-8.92,3.895
0.7859,-4.7218,7.5346,0.0,-8.92,3.828
0.7859,-4.7218,7.5346,0.18,-8.827,3.828
0.8321,-4.837,7.6668,0.09,-8.92,3.828
0.7859,-4.8831,7.799,0.09,-9.013,3.963
0.7397,-4.8831,7.6668,0.09,-9.106,3.963
0.6934,-4.86,7.6668,0.09,-9.199,3.963
0.7165,-4.7679,7.6668,0.0,-9.013,3.963
0.7628,-4.6988,7.6668,-0.09,-8.92,3.963
0.7397,-4.6758,7.5346,0.0,-9.013,3.963
0.601,-4.6067,7.6668,-0.09,-9.384,4.03
0.5547,-4.6297,7.6668,-0.18,-9.57,4.03
0.5085,-4.5836,7.6668,-0.27,-9.663,4.03
0.4623,-4.5145,7.5346,-0.27,-9.57,4.03
0.5085,-4.5145,7.5346,-0.27,-9.291,4.097
0.601,-4.5606,7.5346,-0.27,-9.199,4.097
0.601,-4.6067,7.6668,-0.27,-9.384,3.963
0.5779,-4.5376,7.5346,-0.27,-9.199,4.03
0.5779,-4.5376,7.5346,-0.27,-9.199,4.03
0.601,-4.5376,7.6668,-0.27,-9.291,3.963
0.6241,-4.5836,7.6668,-0.361,-9.199,3.963
0.6241,-4.6067,7.6668,-0.18,-9.291,4.097
0.601,-4.6527,7.6668,-0.27,-9.384,4.03
0.5547,-4.6758,7.6668,-0.27,-9.384,3.963
0.5085,-4.6067,7.5346,-0.27,-9.57,4.03
0.4623,-4.5836,7.5346,-0.27,-9.384,4.097
0.601,-4.6758,7.6668,-0.18,-9.199,3.895
0.6241,-4.6988,7.799,-0.18,-9.199,4.03
0.6241,-4.6988,7.6668,-0.27,-9.291,3.895
0.5779,-4.6527,7.6668,-0.18,-9.477,4.03
0.4854,-4.5606,7.6668,-0.361,-9.384,3.963
0.3698,-4.5606,7.799,-0.361,-9.756,3.963
0.3929,-4.6067,7.799,-0.451,-9.849,4.03
0.3929,-4.6758,7.799,-0.27,-9.756,4.097
0.3467,-4.7679,7.9312,-0.27,-9.942,4.164
0.3467,-4.7679,7.9312,-0.27,-9.942,4.164
0.3467,-4.6527,7.799,-0.27,-9.756,4.097
0.3698,-4.6758,7.6668,-0.18,-9.477,4.097
0.416,-4.7218,7.6668,-0.27,-9.477,4.03
0.4623,-4.814,7.799,-0.09,-9.756,3.963
0.4623,-4.9291,7.9312,0.09,-9.756,4.097
0.4392,-4.9522,7.9312,0.0,-9.849,4.164
0.3467,-4.837,7.799,0.0,-9.756,4.164
0.3236,-4.7679,7.799,-0.09,-9.756,4.231
0.3236,-4.7679,7.799,-0.18,-9.756,4.231
0.3467,-4.837,7.9312,-0.18,-9.756,4.03
0.416,-4.9061,7.9312,0.0,-9.663,4.03
0.3929,-4.9291,7.9312,0.09,-9.57,4.097
0.2311,-4.8831,7.9312,0.0,-9.756,4.231
0.208,-4.8831,7.9312,0.0,-10.035,4.231
0.208,-4.8831,8.0634,0.09,-9.663,4.097
0.3005,-4.9752,8.0634,0.09,-9.663,4.164
0.2773,-4.9982,8.0634,0.18,-9.756,4.097
0.2773,-5.0673,8.1956,0.27,-9.849,4.164
0.3236,-5.0904,8.1956,0.27,-9.756,4.231
0.3698,-5.0213,8.1956,0.361,-9.57,4.298
0.3698,-5.0673,8.1956,0.18,-9.477,4.164
0.2773,-5.0904,8.3278,0.18,-9.756,4.097
0.2311,-5.1134,8.3278,0.18,-9.756,4.097
0.1849,-5.1364,8.3278,0.27,-9.849,4.097
0.1155,-5.1134,8.3278,0.27,-9.942,4.097
0.1618,-5.0213,8.46,-0.09,-9.849,4.097
0.208,-5.0213,8.46,-0.09,-9.756,4.097
0.2773,-5.1595,8.46,0.18,-9.57,4.03
0.1618,-5.0673,8.46,0.09,-9.849,4.097
0.0924,-5.0673,8.5922,0.0,-10.128,4.164
-0.0,-4.86,8.5922,-0.361,-10.128,4.164
-0.0693,-4.7679,8.46,-0.541,-10.128,3.963
-0.0462,-4.814,8.5922,-0.451,-10.035,4.03
0.1849,-4.8831,8.46,-0.361,-9.477,4.164
0.2542,-4.814,8.5922,-0.6320000000000001,-9.199,4.097
0.3467,-5.1134,8.7243,-0.27,-9.477,4.097
0.2773,-5.2286,8.5922,0.09,-9.663,4.097
0.1618,-4.86,8.46,-0.361,-9.477,4.097
0.0693,-4.7449,8.46,-0.451,-9.477,4.097
0.1155,-4.5145,8.5922,-1.083,-9.477,3.828
0.0924,-4.5376,8.7243,-0.993,-9.477,3.963
0.0693,-4.6527,8.46,-0.6320000000000001,-9.477,4.03
0.0462,-4.6297,8.3278,-0.6320000000000001,-9.291,3.963
0.208,-4.3763,8.5922,-1.173,-9.106,3.828
0.2542,-4.2381,8.7243,-1.625,-8.827,3.895
0.2773,-4.2842,8.5922,-1.625,-8.92,3.895
0.1155,-4.1229,8.7243,-1.625,-9.291,4.03
-0.2773,-3.9847,8.7243,-1.715,-10.035,4.097
-0.2311,-3.9387,8.5922,-1.625,-9.663,3.963
-0.1155,-3.8235,8.5922,-1.806,-9.013,3.895
0.1155,-3.7314,8.5922,-1.896,-8.362,3.828
0.3236,-3.7083,8.5922,-2.167,-7.898,3.761
0.416,-3.5701,8.46,-2.4379999999999997,-7.805,3.895
0.3467,-3.7083,8.5922,-2.257,-8.455,3.963
0.3005,-3.9387,8.7243,-1.806,-8.734,3.963
0.0924,-3.478,8.3278,-2.4379999999999997,-8.641,4.03
0.0924,-3.1325,8.46,-2.979,-8.548,4.03
0.0924,-3.1325,8.46,-2.979,-8.548,4.03
0.0924,-2.9482,8.5922,-3.16,-8.548,4.03
0.2542,-2.764,8.7243,-3.5210000000000004,-8.269,3.828
0.3005,-2.81,8.5922,-3.341,-7.9910000000000005,3.761
0.3929,-2.8331,8.46,-3.16,-7.712,3.761
0.416,-2.9252,8.46,-3.07,-7.526000000000001,3.895
0.416,-2.9022,8.5922,-2.979,-7.9910000000000005,3.828
0.3929,-2.8561,8.7243,-3.07,-8.176,3.895
0.3467,-2.6949,8.5922,-3.25,-8.269,3.895
0.3005,-2.4876,8.5922,-3.5210000000000004,-8.176,3.895
0.2773,-2.1421,8.5922,-3.973,-8.176,3.895
0.3236,-2.0039,8.5922,-4.063,-7.898,3.761
0.416,-1.9348,8.46,-4.063,-7.712,3.761
0.6472,-1.9578,8.3278,-3.8819999999999997,-7.247,3.828
0.6934,-1.9808,8.3278,-3.792,-7.154,3.895
0.6703,-2.0039,8.3278,-3.702,-7.34,3.895
0.601,-1.9578,8.3278,-3.702,-7.526000000000001,3.895
0.4854,-1.5202,8.3278,-4.1530000000000005,-7.619,3.761
0.601,-1.1516,8.46,-4.515000000000001,-7.433,3.6270000000000002
0.601,-1.1516,8.46,-4.515000000000001,-7.433,3.6270000000000002
0.7165,-1.2207,8.5922,-4.424,-7.34,3.6270000000000002
0.8552,-1.0365,8.46,-4.515000000000001,-6.968,3.492
0.8552,-0.8522,8.46,-4.8759999999999994,-6.968,3.492
0.809,-0.6219,8.46,-5.056000000000001,-7.061,3.492
0.7628,-0.3915,8.5922,-5.417999999999999,-7.061,3.4250000000000003
0.7397,-0.1842,8.46,-5.598,-7.061,3.4250000000000003
0.809,0.023,8.46,-5.959,-6.968,3.291
0.8784,0.046,8.5922,-5.869,-7.061,3.3579999999999997
0.8552,0.8292,8.46,-6.772,-6.8759999999999994,3.1559999999999997
0.8552,0.8292,8.46,-6.772,-6.8759999999999994,3.1559999999999997
0.8552,1.3129,8.5922,-7.404,-6.8759999999999994,2.955
0.8321,1.4971,8.46,-7.495000000000001,-6.69,2.888
0.9708,1.6123,8.46,-7.675,-6.504,2.753
0.9708,1.6123,8.46,-7.675,-6.504,2.753
0.9708,1.7275,8.46,-7.584999999999999,-6.504,2.686
0.9477,1.8657,8.46,-7.584999999999999,-6.504,2.5519999999999996
0.9246,2.1421,8.5922,-7.946,-6.504,2.5519999999999996
0.9477,2.2342,8.5922,-8.036,-6.411,2.485
0.9477,2.2803,8.46,-8.036,-6.411,2.4179999999999997
0.9939,2.3954,8.3278,-7.946,-6.2250000000000005,2.2159999999999997
1.0402,2.4415,8.3278,-8.036,-6.132,2.082
1.1095,2.4876,8.3278,-8.036,-6.039,2.082
1.1558,2.5797,8.3278,-7.946,-5.853000000000001,2.015
1.1095,2.7409,8.1956,-7.946,-5.946,1.813
1.0864,2.9482,8.46,-8.307,-6.039,1.544
1.0864,2.9482,8.46,-8.307,-6.039,1.544
1.2251,3.2477,8.3278,-8.488,-5.575,0.873
1.2251,3.2477,8.3278,-8.488,-5.575,0.873
1.2944,3.2246,8.1956,-8.488,-5.482,0.671
1.41,3.2707,8.3278,-8.488,-5.575,0.134
1.41,3.2937,8.3278,-8.398,-5.575,-0.134
1.4331,3.2477,8.3278,-8.036,-5.482,-0.201
1.4563,3.0173,8.0634,-7.495000000000001,-5.482,-0.335
1.4794,2.9713,7.9312,-7.314,-5.389,-0.403
1.5025,2.9482,8.0634,-7.314,-5.482,-0.47
1.5718,2.9252,7.9312,-7.133000000000001,-5.295999999999999,-0.604
1.5718,2.9252,7.9312,-7.133000000000001,-5.295999999999999,-0.604
1.5256,2.9252,7.9312,-6.953,-5.482,-0.403
1.41,2.9943,7.9312,-6.772,-5.760999999999999,-0.335
1.3407,3.0634,7.799,-6.772,-5.946,-0.335
1.3869,2.9252,7.799,-6.23,-5.760999999999999,-0.47
1.4331,2.8561,7.6668,-6.14,-5.575,-0.5369999999999999
1.5256,2.81,7.6668,-5.959,-5.482,-0.5369999999999999
1.5256,2.8561,7.6668,-5.869,-5.575,-0.604
1.4794,2.8331,7.6668,-5.779,-5.667999999999999,-0.604
1.41,2.8561,7.6668,-5.689,-5.853000000000001,-0.604
1.2251,2.8791,7.5346,-5.507999999999999,-6.2250000000000005,-0.604
1.2251,2.8561,7.4025,-5.417999999999999,-6.132,-0.671
1.2713,2.8561,7.4025,-5.327,-6.039,-0.5369999999999999
1.3638,2.8561,7.4025,-5.237,-5.853000000000001,-0.5369999999999999
1.3638,2.8561,7.4025,-5.237,-5.853000000000001,-0.5369999999999999
1.3869,2.8561,7.5346,-5.147,-5.946,-0.5369999999999999
1.3638,2.8561,7.5346,-5.056000000000001,-6.039,-0.604
1.3407,2.8561,7.4025,-5.056000000000001,-6.132,-0.5369999999999999
1.2944,2.8331,7.4025,-4.785,-6.2250000000000005,-0.604
1.2713,2.8331,7.2703,-4.605,-6.2250000000000005,-0.738
1.3407,2.787,7.2703,-4.515000000000001,-6.039,-0.94
1.41,2.764,7.2703,-4.424,-5.853000000000001,-0.806
1.41,2.764,7.2703,-4.334,-5.853000000000001,-0.806
1.41,2.764,7.2703,-4.244,-5.760999999999999,-0.738
1.3638,2.787,7.2703,-4.1530000000000005,-6.039,-0.738
1.2944,2.81,7.1381,-4.1530000000000005,-6.2250000000000005,-0.873
1.2713,2.787,7.1381,-4.063,-6.2250000000000005,-0.873
1.2482,2.7409,7.1381,-4.063,-6.3180000000000005,-0.806
1.2944,2.7179,7.1381,-3.8819999999999997,-6.2250000000000005,-0.873
1.3407,2.6949,7.0059,-3.8819999999999997,-6.132,-0.873
1.3407,2.6949,7.0059,-3.702,-6.039,-0.94
1.3638,2.6949,7.0059,-3.702,-6.039,-0.873
1.3638,2.6949,7.0059,-3.702,-6.039,-0.873
1.3407,2.6718,6.8737,-3.612,-5.946,-0.806
1.3407,2.6718,6.8737,-3.612,-5.946,-0.806
1.1326,2.6949,7.0059,-3.612,-6.5969999999999995,-0.806
1.0633,2.6718,7.0059,-3.5210000000000004,-6.783,-0.873
0.9939,2.6949,6.8737,-3.5210000000000004,-6.8759999999999994,-0.873
0.9939,2.6718,6.8737,-3.341,-6.69,-0.873
1.0633,2.6027,6.7415,-3.341,-6.5969999999999995,-0.873
1.1326,2.6027,6.7415,-3.431,-6.2250000000000005,-0.873
1.2251,2.6258,6.8737,-3.341,-6.2250000000000005,-0.94
1.2713,2.6949,7.0059,-3.25,-6.3180000000000005,-0.873
1.2944,2.6949,7.0059,-3.25,-6.3180000000000005,-0.873
1.2251,2.6718,7.0059,-3.16,-6.5969999999999995,-0.873
1.0402,2.6949,6.8737,-3.07,-6.8759999999999994,-0.873
0.9708,2.6949,6.8737,-3.07,-7.154,-0.873
0.9708,2.7179,6.8737,-2.979,-7.154,-0.94
0.9708,2.6718,6.8737,-2.889,-7.154,-0.873
1.0402,2.764,7.0059,-2.889,-7.154,-0.94
1.0402,2.764,7.0059,-2.889,-7.154,-0.94
1.0402,2.81,7.0059,-2.979,-7.061,-1.007
1.0171,2.8791,7.1381,-2.889,-7.154,-1.007
0.9939,2.8331,7.2703,-2.979,-7.247,-1.007
0.9939,2.8331,7.2703,-2.979,-7.247,-1.007
0.8321,2.8791,7.4025,-2.979,-7.712,-1.0739999999999998
0.7628,2.8561,7.5346,-2.889,-7.9910000000000005,-0.94
0.6703,2.8561,7.5346,-2.799,-8.176,-1.007
0.6703,2.8791,7.4025,-2.7089999999999996,-8.176,-1.0739999999999998
0.7165,2.8791,7.4025,-2.799,-7.9910000000000005,-1.0739999999999998
0.7859,2.9022,7.4025,-2.799,-7.712,-1.141
0.8321,2.9252,7.5346,-2.799,-7.805,-1.141
0.7397,2.9943,7.6668,-2.799,-7.9910000000000005,-1.141
0.7397,2.9943,7.6668,-2.799,-7.9910000000000005,-1.141
0.6703,3.0173,7.6668,-2.889,-8.176,-1.2089999999999999
0.6241,3.0404,7.799,-3.07,-8.455,-1.141
0.6241,3.0404,7.799,-3.07,-8.362,-1.2089999999999999
0.6703,3.0864,7.9312,-3.16,-8.269,-1.2089999999999999
0.809,3.1786,7.9312,-3.16,-7.9910000000000005,-1.2089999999999999
0.8784,3.2477,7.9312,-3.16,-7.9910000000000005,-1.2759999999999998
0.8552,3.2707,8.0634,-3.25,-8.176,-1.2089999999999999
0.7859,3.3168,8.1956,-3.25,-8.362,-1.2759999999999998
0.7165,3.3859,8.1956,-3.25,-8.641,-1.343
0.6934,3.4319,8.3278,-3.341,-8.827,-1.343
0.6703,3.455,8.3278,-3.25,-8.734,-1.2759999999999998
0.7628,3.501,8.1956,-3.341,-8.362,-1.4769999999999999
0.7628,3.501,8.1956,-3.341,-8.362,-1.4769999999999999
0.9708,3.5932,8.3278,-3.25,-8.176,-1.41
0.9939,3.6392,8.5922,-3.341,-8.269,-1.41
0.9015,3.6623,8.5922,-3.341,-8.548,-1.41
0.8784,3.6162,8.5922,-3.25,-8.548,-1.4769999999999999
0.8552,3.6162,8.5922,-3.25,-8.362,-1.4769999999999999
0.9015,3.6392,8.5922,-3.25,-8.455,-1.612
0.9246,3.6623,8.7243,-3.341,-8.548,-1.4769999999999999
0.9246,3.7314,8.8565,-3.341,-8.548,-1.4769999999999999
0.9939,3.8005,8.8565,-3.431,-8.362,-1.4769999999999999
1.0402,3.8235,8.7243,-3.341,-7.9910000000000005,-1.4769999999999999
1.0864,3.8235,8.7243,-3.431,-7.9910000000000005,-1.4769999999999999
1.1326,3.9156,8.9887,-3.431,-7.9910000000000005,-1.4769999999999999
1.1326,3.9156,8.9887,-3.431,-7.9910000000000005,-1.4769999999999999
1.0402,3.9387,8.9887,-3.341,-8.362,-1.544
1.0402,3.9387,8.9887,-3.341,-8.362,-1.544
1.0402,3.9156,8.8565,-3.16,-8.176,-1.6789999999999998
1.1558,3.8696,8.9887,-3.16,-7.805,-1.6789999999999998
1.2482,3.8696,8.9887,-3.16,-7.619,-1.6789999999999998
1.3176,3.8926,9.1209,-3.25,-7.526000000000001,-1.6789999999999998
1.2713,3.9847,9.1209,-3.07,-7.712,-1.544
1.2482,3.9847,8.9887,-3.07,-7.805,-1.544
1.2713,3.9387,8.9887,-2.979,-7.712,-1.544
1.2944,3.9387,9.1209,-2.979,-7.712,-1.544
1.3176,4.0078,9.1209,-2.889,-7.712,-1.612
1.3176,4.0538,9.1209,-2.979,-7.712,-1.544
1.2713,4.0308,9.1209,-2.889,-7.805,-1.612
1.2713,4.0308,9.1209,-2.7089999999999996,-7.712,-1.612
1.3176,3.9847,9.1209,-2.7089999999999996,-7.619,-1.612
1.3176,3.9847,9.1209,-2.7089999999999996,-7.619,-1.612
1.4563,3.9847,9.1209,-2.7089999999999996,-7.34,-1.612
1.4794,3.9617,9.1209,-2.618,-7.154,-1.6789999999999998
1.5025,3.9617,9.2531,-2.618,-7.34,-1.612
1.4331,4.0078,9.1209,-2.5280000000000005,-7.526000000000001,-1.544
1.3407,4.0308,8.8565,-2.618,-7.712,-1.6789999999999998
1.3407,3.9847,8.9887,-2.618,-7.619,-1.746
1.3869,3.9617,8.9887,-2.5280000000000005,-7.526000000000001,-1.813
1.4563,3.9387,8.9887,-2.4379999999999997,-7.154,-1.746
1.5487,3.9387,8.8565,-2.4379999999999997,-7.154,-1.612
1.6412,3.8465,8.7243,-2.4379999999999997,-6.69,-1.612
1.6874,3.8235,8.5922,-2.347,-6.5969999999999995,-1.612
1.7105,3.8235,8.7243,-2.347,-6.783,-1.544
1.6874,3.8926,8.8565,-2.347,-6.783,-1.746
1.6181,3.8926,8.7243,-2.347,-7.061,-1.612
1.5487,3.8005,8.7243,-2.257,-6.968,-1.6789999999999998
1.5487,3.8005,8.7243,-2.257,-6.968,-1.6789999999999998
1.6181,3.8235,8.7243,-2.167,-6.8759999999999994,-1.746
1.6412,3.8005,8.7243,-2.167,-6.8759999999999994,-1.746
1.6412,3.8005,8.7243,-2.167,-6.8759999999999994,-1.746
1.6643,3.8005,8.5922,-2.167,-6.783,-1.612
1.7105,3.7544,8.46,-2.257,-6.5969999999999995,-1.612
1.7105,3.7544,8.46,-2.257,-6.5969999999999995,-1.612
1.6181,3.7314,8.3278,-2.257,-6.783,-1.746
1.595,3.6853,8.3278,-2.076,-6.8759999999999994,-1.6789999999999998
1.595,3.6623,8.3278,-1.986,-6.968,-1.746
1.5718,3.6392,8.1956,-1.986,-7.061,-1.746
1.5718,3.6162,8.3278,-1.986,-6.968,-1.6789999999999998
1.5718,3.5701,8.1956,-1.806,-6.968,-1.544
1.6181,3.5701,8.0634,-1.986,-6.783,-1.6789999999999998
1.7337,3.501,8.0634,-1.986,-6.5969999999999995,-1.612
1.6412,3.478,7.799,-1.986,-6.5969999999999995,-1.544
1.6874,3.3398,7.799,-1.896,-6.5969999999999995,-1.544
1.7105,3.3859,7.799,-1.806,-6.69,-1.544
1.7105,3.4319,7.799,-1.806,-6.783,-1.544
1.7105,3.4319,7.799,-1.806,-6.783,-1.544
1.6874,3.4319,7.6668,-1.715,-6.5969999999999995,-1.343
1.6874,3.4089,7.6668,-1.806,-6.5969999999999995,-1.343
1.6643,3.4319,7.5346,-1.896,-6.504,-1.41
1.6412,3.455,7.6668,-1.986,-6.783,-1.612
1.6412,3.455,7.6668,-1.986,-6.69,-1.6789999999999998
1.6181,3.4319,7.6668,-1.986,-6.69,-1.6789999999999998
1.5718,3.501,7.799,-1.896,-7.154,-1.813
1.5718,3.501,7.799,-1.896,-7.154,-1.813
1.5256,3.3168,7.4025,-1.806,-6.504,-1.813
1.595,3.2707,7.2703,-1.806,-6.2250000000000005,-1.612
1.6874,3.2477,7.4025,-1.715,-6.411,-1.6789999999999998
1.7105,3.3168,7.5346,-1.715,-6.411,-1.746
1.595,3.2707,7.4025,-1.625,-6.783,-1.544
1.5256,3.2707,7.5346,-1.625,-6.783,-1.612
1.5025,3.3398,7.6668,-1.535,-7.154,-1.612
1.4331,3.3859,7.5346,-1.535,-7.061,-1.612
1.41,3.2477,7.4025,-1.625,-6.968,-1.6789999999999998
1.4794,3.1786,7.2703,-1.625,-6.5969999999999995,-1.612
1.7105,3.1555,7.2703,-1.625,-6.411,-1.612
1.7337,3.3168,7.5346,-1.535,-6.69,-1.746
1.6181,3.3398,7.4025,-1.625,-6.8759999999999994,-1.6789999999999998
1.4563,3.2707,7.4025,-1.625,-7.061,-1.746
1.4331,3.2477,7.4025,-1.715,-6.783,-1.6789999999999998
1.5025,3.2246,7.2703,-1.625,-6.69,-1.6789999999999998
1.5025,3.2246,7.4025,-1.535,-6.783,-1.746
1.5256,3.2246,7.4025,-1.535,-6.8759999999999994,-1.6789999999999998
1.5256,3.2246,7.4025,-1.535,-6.8759999999999994,-1.6789999999999998
1.5025,3.1095,7.1381,-1.535,-6.5969999999999995,-1.612
1.5025,3.1095,7.1381,-1.535,-6.5969999999999995,-1.612
1.4563,3.2707,7.4025,-1.625,-6.968,-1.6789999999999998
1.3869,3.2707,7.4025,-1.535,-7.154,-1.813
1.3176,3.2477,7.2703,-1.535,-7.34,-1.947
1.3176,3.2707,7.2703,-1.535,-7.34,-1.947
1.41,3.2707,7.1381,-1.535,-6.783,-2.015
1.5256,3.1555,7.1381,-1.535,-6.5969999999999995,-1.746
1.6181,3.1786,7.2703,-1.535,-6.504,-1.813
1.6412,3.2016,7.1381,-1.535,-6.504,-1.746
1.3869,3.2707,7.4025,-1.444,-7.34,-1.813
1.2713,3.2707,7.2703,-1.444,-7.526000000000001,-1.947
1.2713,3.2477,7.2703,-1.444,-7.526000000000001,-1.88
1.3407,3.2477,7.4025,-1.3539999999999999,-7.433,-1.88
1.3407,3.2477,7.4025,-1.444,-7.34,-1.88
1.3869,3.2477,7.4025,-1.535,-7.247,-1.88
1.4563,3.2707,7.4025,-1.535,-6.968,-1.947
1.4563,3.2937,7.4025,-1.535,-6.968,-1.88
1.4331,3.3168,7.5346,-1.444,-7.154,-1.88
1.3638,3.3398,7.5346,-1.535,-7.247,-2.015
1.3176,3.3398,7.5346,-1.535,-7.526000000000001,-2.149
1.2713,3.3398,7.5346,-1.535,-7.712,-2.149
1.2944,3.3398,7.5346,-1.444,-7.619,-2.015
1.3176,3.3398,7.5346,-1.625,-7.619,-2.082
1.3638,3.3859,7.6668,-1.535,-7.526000000000001,-2.149
1.3869,3.3628,7.6668,-1.535,-7.433,-2.149
1.3407,3.3859,7.6668,-1.535,-7.526000000000001,-2.015
1.2713,3.3859,7.6668,-1.444,-7.805,-2.082
1.2482,3.3859,7.6668,-1.3539999999999999,-7.898,-2.082
1.2251,3.4089,7.6668,-1.444,-8.176,-2.149
1.202,3.4319,7.6668,-1.444,-8.176,-2.149
1.2251,3.455,7.6668,-1.535,-7.9910000000000005,-2.149
1.2944,3.5241,7.6668,-1.535,-7.805,-2.2159999999999997
1.3638,3.5241,7.6668,-1.715,-7.805,-2.2159999999999997
1.3638,3.5471,7.799,-1.715,-7.712,-2.2159999999999997
1.2713,3.6162,7.9312,-1.535,-8.176,-2.2159999999999997
1.1789,3.6392,7.9312,-1.535,-8.455,-2.283
1.0633,3.6392,7.799,-1.444,-8.548,-2.3499999999999996
1.0633,3.6162,7.9312,-1.444,-8.548,-2.283
1.1326,3.5932,7.9312,-1.444,-8.455,-2.283
1.2944,3.6392,8.0634,-1.444,-8.083,-2.3499999999999996
1.3176,3.6853,7.9312,-1.535,-7.9910000000000005,-2.283
1.3176,3.7083,8.0634,-1.444,-8.083,-2.149
1.2251,3.7083,8.0634,-1.535,-8.269,-2.149
1.0633,3.6623,8.1956,-1.3539999999999999,-8.827,-2.2159999999999997
1.0864,3.6853,8.1956,-1.535,-8.641,-2.2159999999999997
1.1095,3.7083,8.0634,-1.535,-8.548,-2.283
1.1789,3.7544,8.1956,-1.444,-8.362,-2.283
1.2251,3.7774,8.1956,-1.444,-8.362,-2.283
1.2251,3.8465,8.1956,-1.535,-8.362,-2.3499999999999996
1.2944,3.8465,8.3278,-1.535,-8.176,-2.2159999999999997
1.3176,3.8696,8.3278,-1.444,-8.083,-2.3499999999999996
1.3176,3.8465,8.3278,-1.535,-8.176,-2.4179999999999997
1.2251,3.8926,8.46,-1.444,-8.548,-2.4179999999999997
1.2251,3.8926,8.46,-1.444,-8.548,-2.4179999999999997
1.1789,3.9387,8.46,-1.444,-8.548,-2.485
1.2251,3.9387,8.46,-1.535,-8.455,-2.485
1.2713,3.9387,8.46,-1.535,-8.176,-2.4179999999999997
1.3407,3.9617,8.46,-1.444,-8.176,-2.4179999999999997
1.2482,4.0308,8.46,-1.3539999999999999,-8.641,-2.3499999999999996
1.1789,4.0078,8.46,-1.3539999999999999,-8.734,-2.3499999999999996
1.1558,4.0078,8.46,-1.3539999999999999,-8.734,-2.283
1.2251,3.9847,8.5922,-1.2640000000000002,-8.548,-2.3499999999999996
1.2944,4.0538,8.5922,-1.2640000000000002,-8.455,-2.4179999999999997
1.2944,4.0538,8.5922,-1.2640000000000002,-8.455,-2.4179999999999997
1.3869,4.0999,8.46,-1.535,-7.9910000000000005,-2.283
1.3869,4.1229,8.3278,-1.535,-7.9910000000000005,-2.4179999999999997
1.3638,4.1229,8.46,-1.625,-7.898,-2.485
1.3638,4.0769,8.5922,-1.535,-8.083,-2.4179999999999997
1.3407,4.0769,8.5922,-1.2640000000000002,-8.083,-2.485
1.3407,4.0769,8.5922,-1.535,-8.083,-2.485
1.41,4.1229,8.7243,-1.3539999999999999,-8.176,-2.3499999999999996
1.3869,4.1229,8.7243,-1.3539999999999999,-8.176,-2.3499999999999996
1.3638,4.169,8.5922,-1.3539999999999999,-8.269,-2.3499999999999996
1.41,4.1229,8.5922,-1.3539999999999999,-7.805,-2.3499999999999996
1.4331,4.1229,8.5922,-1.3539999999999999,-7.805,-2.4179999999999997
1.4794,4.0999,8.7243,-1.173,-7.898,-2.3499999999999996
1.4331,4.1229,8.5922,-1.173,-8.176,-2.485
1.3638,4.146,8.7243,-1.2640000000000002,-8.269,-2.4179999999999997
1.3407,4.169,8.5922,-1.173,-8.176,-2.485
1.3176,4.146,8.5922,-1.173,-8.176,-2.3499999999999996
1.3407,4.0999,8.5922,-1.3539999999999999,-7.898,-2.3499999999999996
1.4563,4.1229,8.5922,-1.2640000000000002,-7.619,-2.3499999999999996
1.5025,4.169,8.7243,-1.173,-7.805,-2.3499999999999996
1.5025,4.169,8.7243,-1.173,-7.712,-2.4179999999999997
1.4331,4.146,8.5922,-1.2640000000000002,-7.619,-2.3499999999999996
1.4331,4.146,8.5922,-1.3539999999999999,-7.619,-2.3499999999999996
1.4563,4.1229,8.5922,-1.2640000000000002,-7.619,-2.283
1.4794,4.1229,8.5922,-1.2640000000000002,-7.526000000000001,-2.3499999999999996
1.5025,4.1229,8.5922,-1.3539999999999999,-7.619,-2.283
1.5025,4.1229,8.5922,-1.3539999999999999,-7.619,-2.283
1.5718,4.1229,8.46,-1.444,-7.34,-2.283
1.6181,4.1229,8.46,-1.444,-7.154,-2.283
1.6874,4.0769,8.46,-1.3539999999999999,-7.061,-2.2159999999999997
1.6874,4.0538,8.46,-1.3539999999999999,-7.154,-2.283
1.6412,4.0538,8.46,-1.173,-7.34,-2.2159999999999997
1.5487,4.0769,8.46,-1.3539999999999999,-7.34,-2.283
1.4794,4.0538,8.46,-1.3539999999999999,-7.433,-2.3499999999999996
1.4794,4.0078,8.46,-1.083,-7.526000000000001,-2.2159999999999997
1.5718,3.9847,8.3278,-1.2640000000000002,-7.247,-2.283
1.6181,4.0078,8.3278,-1.2640000000000002,-7.154,-2.283
1.6643,3.9847,8.3278,-1.173,-6.968,-2.2159999999999997
1.6643,3.9617,8.1956,-1.2640000000000002,-6.968,-2.2159999999999997
1.6643,3.9387,8.1956,-1.2640000000000002,-7.061,-2.2159999999999997
1.6643,3.9387,8.1956,-1.2640000000000002,-7.061,-2.2159999999999997
1.6412,3.9617,8.1956,-1.3539999999999999,-7.154,-2.283
1.6181,3.8696,8.0634,-1.173,-7.154,-2.2159999999999997
1.595,3.8926,8.0634,-1.2640000000000002,-7.154,-2.283
1.6181,3.9156,8.1956,-1.2640000000000002,-7.154,-2.2159999999999997
1.6412,3.8926,8.0634,-1.083,-7.061,-2.2159999999999997
1.6412,3.8696,7.9312,-1.173,-6.8759999999999994,-2.149
1.6412,3.8235,7.799,-1.083,-6.8759999999999994,-2.082
1.6874,3.8005,7.9312,-1.083,-6.968,-2.149
1.595,3.8005,8.1956,-1.083,-7.433,-2.2159999999999997
1.5487,3.8696,8.1956,-1.2640000000000002,-7.433,-2.3499999999999996
1.5487,3.8235,8.0634,-1.083,-7.34,-2.3499999999999996
1.5256,3.7774,7.9312,-1.083,-7.247,-2.283
1.5718,3.7544,7.799,-0.993,-7.061,-2.149
1.7568,3.7314,7.799,-1.2640000000000002,-6.5969999999999995,-2.2159999999999997
1.803,3.7544,7.9312,-1.083,-6.69,-2.149
1.803,3.7314,7.799,-1.2640000000000002,-6.5969999999999995,-2.149
1.7105,3.6853,7.6668,-1.173,-6.504,-2.149
1.7105,3.6392,7.799,-1.2640000000000002,-6.69,-2.2159999999999997
1.6643,3.7774,7.9312,-0.993,-7.34,-2.283
1.6412,3.8005,7.9312,-1.173,-7.247,-2.283
1.595,3.6623,7.6668,-1.083,-6.8759999999999994,-2.2159999999999997
1.595,3.6392,7.6668,-1.083,-6.8759999999999994,-2.283
1.7105,3.6853,7.799,-0.993,-6.968,-2.2159999999999997
1.7337,3.7083,7.799,-1.083,-6.783,-2.2159999999999997
1.7337,3.6853,7.6668,-1.2640000000000002,-6.783,-2.283
1.6643,3.6623,7.6668,-1.173,-6.968,-2.283
1.5718,3.6853,7.6668,-1.083,-7.061,-2.2159999999999997
1.5025,3.6623,7.6668,-0.993,-7.34,-2.2159999999999997
1.6181,3.6392,7.6668,-0.903,-7.061,-2.283
1.6643,3.6623,7.799,-0.903,-7.154,-2.2159999999999997
1.5487,3.6623,7.6668,-0.993,-7.154,-2.283
1.6874,3.5932,7.6668,-1.173,-6.8759999999999994,-2.2159999999999997
1.6181,3.6623,7.799,-0.993,-7.154,-2.3499999999999996
1.4794,3.6623,7.6668,-0.993,-7.34,-2.3499999999999996
1.4794,3.6162,7.5346,-1.083,-7.34,-2.4179999999999997
1.5718,3.5932,7.6668,-0.993,-7.247,-2.283
1.5718,3.5932,7.6668,-0.993,-7.247,-2.283
1.595,3.6392,7.6668,-0.993,-7.154,-2.4179999999999997
1.5025,3.7083,7.6668,-1.173,-7.34,-2.3499999999999996
1.4794,3.6853,7.5346,-1.083,-7.34,-2.4179999999999997
1.4563,3.7083,7.6668,-1.173,-7.34,-2.4179999999999997
1.5025,3.6853,7.6668,-1.083,-7.247,-2.3499999999999996
1.5025,3.6392,7.6668,-1.083,-7.433,-2.4179999999999997
1.4563,3.6392,7.6668,-1.083,-7.433,-2.4179999999999997
1.4563,3.6162,7.6668,-0.993,-7.433,-2.3499999999999996
1.4563,3.5932,7.5346,-0.993,-7.526000000000001,-2.4179999999999997
1.5025,3.5701,7.5346,-1.083,-7.247,-2.3499999999999996
1.5487,3.5241,7.5346,-1.083,-7.154,-2.4179999999999997
1.5487,3.5471,7.4025,-0.993,-7.061,-2.283
1.5718,3.5932,7.5346,-1.083,-7.154,-2.4179999999999997
1.5025,3.5932,7.5346,-0.993,-7.34,-2.4179999999999997
1.41,3.5932,7.4025,-1.083,-7.433,-2.4179999999999997
1.3869,3.5701,7.4025,-0.993,-7.433,-2.4179999999999997
1.3869,3.5701,7.4025,-0.993,-7.433,-2.3499999999999996
1.4563,3.5932,7.5346,-0.993,-7.526000000000001,-2.485
1.4331,3.5701,7.5346,-0.903,-7.619,-2.485
1.3869,3.5701,7.5346,-0.903,-7.619,-2.485
1.41,3.5932,7.5346,-0.903,-7.619,-2.485
1.3869,3.6162,7.5346,-0.993,-7.526000000000001,-2.4179999999999997
1.3407,3.5932,7.4025,-0.993,-7.619,-2.485
1.3407,3.5932,7.5346,-0.8119999999999999,-7.805,-2.4179999999999997
1.3638,3.6162,7.5346,-0.8119999999999999,-7.898,-2.4179999999999997
1.3407,3.5932,7.5346,-0.8119999999999999,-7.898,-2.4179999999999997
1.3176,3.6392,7.5346,-0.8119999999999999,-7.898,-2.485
1.3407,3.6392,7.5346,-0.8119999999999999,-7.898,-2.4179999999999997
1.41,3.5932,7.5346,-0.8119999999999999,-7.619,-2.4179999999999997
1.41,3.5932,7.5346,-0.8119999999999999,-7.619,-2.4179999999999997
1.41,3.6392,7.6668,-0.903,-7.712,-2.485
1.3869,3.7083,7.6668,-0.993,-7.9910000000000005,-2.5519999999999996
1.2713,3.6853,7.6668,-0.903,-8.176,-2.5519999999999996
1.2482,3.6853,7.6668,-0.993,-8.269,-2.5519999999999996
1.2713,3.6623,7.6668,-0.903,-8.176,-2.485
1.2944,3.6853,7.799,-0.993,-8.176,-2.619
1.2713,3.7083,7.799,-0.993,-8.269,-2.619
1.2251,3.7083,7.799,-0.993,-8.362,-2.619
1.202,3.7083,7.9312,-0.903,-8.455,-2.686
1.202,3.7544,7.799,-1.083,-8.362,-2.619
1.2713,3.7774,7.9312,-1.173,-8.269,-2.619
1.3638,3.8235,7.799,-1.173,-7.898,-2.619
1.3869,3.8465,7.9312,-1.173,-8.083,-2.619
1.2944,3.8465,7.9312,-1.083,-8.176,-2.619
1.202,3.8465,7.9312,-1.083,-8.641,-2.686
1.2713,3.8465,7.9312,-0.993,-8.362,-2.686
1.2944,3.8005,7.9312,-1.083,-8.176,-2.619
1.2944,3.8005,7.9312,-0.993,-8.176,-2.686
1.2713,3.8696,8.0634,-0.903,-8.362,-2.753
1.2482,3.8465,7.9312,-0.903,-8.362,-2.619
1.2251,3.9156,8.1956,-0.8119999999999999,-8.641,-2.686
1.3869,3.9156,8.0634,-0.993,-8.083,-2.619
1.41,3.9387,8.1956,-0.993,-8.176,-2.686
1.3407,3.9387,8.0634,-0.993,-8.362,-2.619
1.2944,4.0078,8.3278,-0.8119999999999999,-8.641,-2.753
1.2251,4.0308,8.1956,-0.722,-8.827,-2.821
1.2251,4.0308,8.1956,-0.722,-8.827,-2.821
1.2251,4.0078,8.1956,-0.722,-8.734,-2.753
1.2713,4.0308,8.3278,-0.6320000000000001,-8.734,-2.686
1.2944,4.0538,8.3278,-0.8119999999999999,-8.548,-2.753
1.2944,4.0769,8.3278,-0.8119999999999999,-8.548,-2.753
1.2713,4.0769,8.3278,-0.8119999999999999,-8.455,-2.888
1.2944,4.146,8.3278,-0.722,-8.641,-2.753
1.3176,4.146,8.3278,-0.722,-8.641,-2.753
1.3407,4.146,8.46,-0.722,-8.455,-2.686
1.3638,4.146,8.1956,-0.8119999999999999,-8.362,-2.686
1.41,4.0999,8.1956,-0.903,-8.083,-2.686
1.4331,4.146,8.46,-0.8119999999999999,-8.362,-2.753
1.4563,4.192,8.3278,-0.903,-8.269,-2.686
1.5025,4.169,8.46,-0.8119999999999999,-8.176,-2.753
1.4794,4.169,8.3278,-0.903,-8.176,-2.686
1.4331,4.169,8.46,-0.8119999999999999,-8.269,-2.753
1.3638,4.192,8.5922,-0.8119999999999999,-8.548,-2.753
1.2944,4.192,8.46,-0.8119999999999999,-8.641,-2.753
1.2944,4.192,8.5922,-0.903,-8.641,-2.753
1.4794,4.2612,8.46,-0.903,-8.269,-2.686
1.5487,4.2151,8.46,-0.993,-7.898,-2.686
1.595,4.192,8.3278,-1.083,-7.712,-2.619
1.6181,4.2381,8.46,-0.8119999999999999,-7.898,-2.686
1.5487,4.2381,8.5922,-0.903,-8.176,-2.753
1.5025,4.2612,8.5922,-0.903,-8.176,-2.753
1.5256,4.2612,8.46,-0.903,-8.083,-2.753
1.5256,4.2151,8.46,-0.993,-7.9910000000000005,-2.619
1.5256,4.192,8.46,-0.993,-7.898,-2.686
1.5025,4.192,8.46,-0.993,-8.083,-2.5519999999999996
1.5025,4.2842,8.46,-0.993,-8.176,-2.753
1.5025,4.2381,8.3278,-0.993,-7.9910000000000005,-2.753
1.5025,4.192,8.3278,-0.903,-8.083,-2.619
1.5025,4.169,8.3278,-0.903,-7.9910000000000005,-2.686
1.5256,4.192,8.3278,-0.8119999999999999,-8.083,-2.686
1.5718,4.2381,8.46,-0.993,-7.9910000000000005,-2.753
1.5718,4.2381,8.46,-0.993,-7.9910000000000005,-2.753
1.5025,4.2842,8.46,-0.993,-8.083,-2.686
1.5256,4.2151,8.3278,-1.173,-7.805,-2.753
1.595,4.2151,8.3278,-1.173,-7.712,-2.753
1.6643,4.2151,8.3278,-1.083,-7.712,-2.753
1.7105,4.169,8.46,-1.083,-7.619,-2.753
1.6643,4.192,8.46,-0.903,-7.712,-2.686
1.595,4.192,8.3278,-1.083,-7.805,-2.686
1.5256,4.192,8.3278,-1.083,-7.712,-2.686
1.5256,4.169,8.1956,-1.173,-7.898,-2.686
1.5487,4.169,8.1956,-1.173,-7.712,-2.686
1.595,4.2151,8.3278,-1.173,-7.805,-2.753
1.5718,4.169,8.3278,-1.173,-7.712,-2.753
1.595,4.169,8.1956,-1.173,-7.619,-2.619
1.6643,4.1229,8.0634,-1.173,-7.433,-2.5519999999999996
1.6874,4.0999,8.1956,-1.083,-7.34,-2.5519999999999996
1.6874,4.0999,8.1956,-1.083,-7.34,-2.5519999999999996
1.6412,4.0999,8.3278,-1.173,-7.619,-2.619
1.5718,4.146,8.3278,-1.083,-7.805,-2.753
1.5718,4.0769,8.0634,-1.083,-7.433,-2.686
1.6412,4.0308,8.0634,-1.083,-7.34,-2.5519999999999996
1.6643,4.0769,8.0634,-0.993,-7.247,-2.686
1.6874,4.0538,8.1956,-1.083,-7.247,-2.686
1.6643,4.0769,8.1956,-1.083,-7.433,-2.619
1.6181,4.0769,8.0634,-0.993,-7.433,-2.686
1.6181,4.0769,8.0634,-0.993,-7.526000000000001,-2.619
1.595,4.0078,7.9312,-0.993,-7.433,-2.619
1.595,4.0078,7.9312,-0.993,-7.433,-2.619
1.5718,4.0538,7.9312,-0.993,-7.712,-2.753
1.5718,4.0538,7.9312,-0.993,-7.712,-2.753
1.5487,3.9847,7.799,-0.993,-7.526000000000001,-2.619
1.6412,3.9387,7.799,-0.903,-7.247,-2.686
1.6874,3.9387,7.799,-0.8119999999999999,-7.433,-2.619
1.6874,3.9387,7.799,-0.993,-7.154,-2.619
1.6412,3.9617,7.799,-0.8119999999999999,-7.433,-2.619
1.595,4.0078,7.799,-0.8119999999999999,-7.526000000000001,-2.5519999999999996
1.5025,3.9617,7.799,-0.8119999999999999,-7.619,-2.686
1.5256,3.9387,7.799,-0.903,-7.433,-2.619
1.595,3.8926,7.6668,-0.8119999999999999,-7.247,-2.5519999999999996
1.6412,3.9156,7.6668,-0.8119999999999999,-7.247,-2.5519999999999996
1.6412,3.9617,7.799,-0.8119999999999999,-7.34,-2.5519999999999996
1.6181,3.8696,7.6668,-0.8119999999999999,-7.433,-2.5519999999999996
1.595,3.9156,7.6668,-0.8119999999999999,-7.34,-2.686
1.5487,3.8696,7.6668,-0.8119999999999999,-7.526000000000001,-2.5519999999999996
1.5025,3.8926,7.799,-0.903,-7.526000000000001,-2.821
1.4563,3.8696,7.9312,-0.722,-7.712,-2.753
1.4794,3.8696,7.799,-0.8119999999999999,-7.526000000000001,-2.619
1.4794,3.8696,7.799,-0.8119999999999999,-7.526000000000001,-2.619
1.5256,3.8696,7.6668,-0.8119999999999999,-7.34,-2.686
1.5025,3.8696,7.799,-0.8119999999999999,-7.433,-2.686
1.4331,3.8926,7.799,-0.8119999999999999,-7.805,-2.686
1.4331,3.8926,7.799,-0.8119999999999999,-7.805,-2.686
1.4563,3.8926,7.799,-0.903,-7.526000000000001,-2.821
1.595,3.8235,7.6668,-0.993,-7.154,-2.686
1.595,3.8465,7.5346,-0.903,-7.061,-2.619
1.6412,3.8465,7.6668,-0.903,-7.061,-2.619
1.595,3.8696,7.6668,-0.8119999999999999,-7.247,-2.619
1.4794,3.8926,7.6668,-0.8119999999999999,-7.712,-2.619
1.41,3.8696,7.6668,-0.903,-7.805,-2.619
1.41,3.8696,7.6668,-0.903,-7.805,-2.619
1.4794,3.8235,7.6668,-0.8119999999999999,-7.619,-2.753
1.5487,3.8235,7.6668,-0.903,-7.34,-2.686
1.6412,3.8235,7.5346,-0.993,-7.154,-2.686
1.6874,3.8465,7.6668,-0.903,-7.154,-2.686
1.41,3.8235,7.9312,-0.8119999999999999,-7.898,-2.753
1.41,3.8696,7.799,-0.903,-7.9910000000000005,-2.753
1.41,3.8465,7.799,-0.993,-7.712,-2.686
1.4563,3.8696,7.6668,-0.903,-7.433,-2.619
1.5025,3.8465,7.6668,-0.8119999999999999,-7.619,-2.5519999999999996
1.5487,3.5701,7.9312,-0.27,-7.805,-2.4179999999999997
1.4331,3.4319,7.9312,0.18,-7.9910000000000005,-2.821
1.4331,3.4319,7.9312,0.18,-7.9910000000000005,-2.821
1.3176,3.6623,7.799,-0.722,-7.805,-2.753
1.4331,3.8005,7.9312,-0.903,-7.619,-2.888
1.5487,3.9617,7.9312,-0.993,-7.712,-2.955
1.6643,3.9156,7.6668,-1.083,-7.154,-2.753
1.595,3.9156,7.6668,-1.083,-7.34,-2.753
1.5025,3.9617,7.799,-1.173,-7.619,-2.753
1.3869,3.9156,7.9312,-1.083,-8.083,-2.753
1.3407,3.8465,8.0634,-0.993,-8.176,-2.821
1.3176,3.8465,8.0634,-0.903,-8.362,-2.821
1.2944,3.8465,8.0634,-0.8119999999999999,-8.269,-2.821
1.2944,3.8465,8.0634,-0.8119999999999999,-8.269,-2.821
1.4331,3.8235,7.9312,-0.903,-7.805,-2.686
1.5487,3.8696,7.799,-0.903,-7.433,-2.686
1.6412,3.8465,7.6668,-0.993,-7.247,-2.5519999999999996
1.595,3.8926,7.6668,-0.993,-7.526000000000001,-2.619
1.1558,3.8235,8.0634,-0.722,-8.734,-2.821
1.1558,3.8235,8.0634,-0.722,-8.734,-2.821
1.1558,3.8005,7.9312,-0.6320000000000001,-8.734,-2.821
1.2251,3.8005,8.0634,-0.8119999999999999,-8.362,-2.821
1.3176,3.8465,8.0634,-0.8119999999999999,-8.083,-2.821
1.4331,3.8696,7.9312,-0.903,-7.805,-2.821
1.5025,3.8696,7.799,-0.903,-7.433,-2.753
1.5487,3.9156,7.799,-0.903,-7.619,-2.753
1.41,3.9847,8.0634,-1.083,-7.9910000000000005,-2.821
1.2944,3.9617,8.1956,-0.903,-8.269,-2.821
1.2251,3.8926,8.0634,-0.903,-8.455,-2.821
1.2251,3.8926,8.0634,-0.8119999999999999,-8.362,-2.888
1.2944,3.8926,8.0634,-0.8119999999999999,-8.269,-2.821
1.4794,3.9156,7.9312,-0.903,-7.712,-2.821
1.5025,3.9387,8.0634,-0.993,-7.619,-2.821
1.5487,3.9617,7.799,-0.903,-7.526000000000001,-2.821
1.5256,3.9617,7.9312,-0.8119999999999999,-7.619,-2.753
1.5256,3.9617,7.799,-0.993,-7.619,-2.821
1.4331,4.0078,8.0634,-0.993,-7.9910000000000005,-2.821
1.3176,4.0078,8.3278,-0.903,-8.455,-2.821
1.2482,3.9847,8.3278,-0.8119999999999999,-8.548,-2.955
1.2251,3.9847,8.1956,-0.722,-8.548,-2.955
1.2944,3.9617,8.1956,-0.722,-8.362,-2.888
1.41,3.9156,8.1956,-0.8119999999999999,-8.083,-2.753
1.595,3.9387,8.0634,-0.8119999999999999,-7.619,-2.753
1.595,3.9387,8.0634,-0.8119999999999999,-7.619,-2.753
1.5718,4.0308,8.0634,-0.903,-7.898,-2.821
1.4331,4.0308,8.1956,-0.993,-8.176,-2.888
1.2251,4.0078,8.1956,-0.722,-8.827,-2.955
1.1789,4.0078,8.1956,-0.722,-8.827,-2.888
1.1789,4.0078,8.1956,-0.722,-8.827,-2.888
1.3407,4.0308,8.3278,-0.722,-8.548,-3.0220000000000002
1.4563,4.0078,8.1956,-0.903,-7.898,-2.821
1.5025,4.0078,8.1956,-0.8119999999999999,-7.805,-2.888
1.5487,3.9617,8.0634,-0.903,-7.805,-2.821
1.4794,4.0538,8.1956,-0.8119999999999999,-8.176,-2.955
1.3869,4.0769,8.3278,-0.8119999999999999,-8.269,-2.955
1.2944,4.0538,8.3278,-0.722,-8.641,-3.0220000000000002
1.2944,4.0538,8.1956,-0.903,-8.362,-3.0220000000000002
1.2944,4.0538,8.1956,-0.903,-8.362,-3.0220000000000002
1.4563,4.0538,8.1956,-0.903,-7.898,-2.888
1.5025,4.0769,8.1956,-0.903,-7.805,-2.888
1.5256,4.0769,8.1956,-0.903,-7.898,-2.955
1.41,4.0999,8.1956,-0.8119999999999999,-8.176,-2.955
1.2713,4.0308,8.0634,-0.722,-8.548,-2.888
1.2482,4.0308,8.1956,-0.6320000000000001,-8.548,-2.955
1.2944,4.0538,8.1956,-0.8119999999999999,-8.362,-2.955
1.4331,4.0999,8.3278,-0.8119999999999999,-8.176,-2.955
1.4563,4.0538,8.1956,-0.993,-8.083,-2.955
