0,1,2,3,4,5
0.5779,0.2994,2.2471,-1.083,-0.836,0.067
0.5547,0.2764,2.2471,-1.083,-0.7430000000000001,0.067
0.601,0.2764,2.3793,-0.903,-0.9289999999999999,0.067
0.601,0.2303,2.3793,-0.993,-0.9289999999999999,0.067
0.5547,0.2764,2.2471,-0.993,-0.7430000000000001,0.067
0.5779,0.2303,2.3793,-0.993,-0.836,0.134
0.601,0.2533,2.3793,-0.993,-0.9289999999999999,0.067
0.601,0.2533,2.3793,-0.903,-0.9289999999999999,0.134
0.601,0.2533,2.3793,-0.993,-0.9289999999999999,0.067
0.6241,0.2533,2.3793,-0.993,-0.836,0.067
0.601,0.2303,2.3793,-1.083,-0.7430000000000001,0.067
0.601,0.2533,2.3793,-0.993,-0.7430000000000001,-0.0
0.5779,0.2303,2.3793,-0.993,-0.9289999999999999,0.067
0.5547,0.2533,2.2471,-1.083,-0.7430000000000001,0.067
0.5547,0.2533,2.2471,-0.993,-0.7430000000000001,0.134
0.5779,0.2764,2.2471,-0.993,-0.65,-0.0
0.5779,0.2533,2.2471,-0.993,-0.65,-0.0
0.5779,0.2303,2.2471,-0.903,-0.9289999999999999,0.067
0.601,0.2533,2.3793,-0.903,-0.9289999999999999,0.134
0.5779,0.2764,2.2471,-0.993,-0.836,0.134
0.5547,0.2533,2.2471,-0.8119999999999999,-0.836,0.134
0.5779,0.2533,2.2471,-0.993,-0.65,-0.0
0.601,0.2533,2.2471,-0.903,-0.836,0.067
0.601,0.2533,2.2471,-0.903,-0.836,0.067
0.601,0.2303,2.3793,-0.903,-0.9289999999999999,0.134
0.601,0.2303,2.2471,-0.903,-0.836,0.134
0.5779,0.2303,2.2471,-0.993,-0.7430000000000001,0.134
0.601,0.2303,2.3793,-0.903,-0.9289999999999999,0.134
0.5779,0.2303,2.2471,-0.903,-0.836,0.067
0.5779,0.2533,2.2471,-0.993,-0.65,0.067
0.601,0.2533,2.2471,-0.993,-0.65,-0.067
0.601,0.2303,2.3793,-0.993,-0.836,-0.067
0.601,0.2533,2.2471,-0.903,-0.836,0.067
0.601,0.2073,2.3793,-0.993,-0.836,-0.0
0.601,0.2303,2.3793,-0.993,-0.836,0.067
0.601,0.2073,2.3793,-0.993,-0.836,-0.0
0.601,0.2303,2.3793,-0.993,-0.9289999999999999,0.067
0.601,0.2303,2.2471,-0.903,-0.9289999999999999,-0.0
0.601,0.2303,2.2471,-0.903,-0.836,0.134
0.601,0.2303,2.2471,-0.903,-0.836,0.134
0.5779,0.2303,2.2471,-0.993,-0.65,0.067
0.601,0.2533,2.115,-0.993,-0.836,0.067
0.601,0.2533,2.115,-0.993,-0.836,0.067
0.5779,0.2073,2.115,-0.993,-0.836,0.134
0.5779,0.2073,2.115,-0.993,-0.836,0.134
0.5779,0.2303,2.2471,-0.993,-0.65,0.067
0.5779,0.2303,2.115,-0.993,-0.836,0.134
0.5779,0.2533,2.115,-0.993,-0.836,0.067
0.601,0.2073,2.115,-0.993,-0.7430000000000001,0.067
0.5779,0.2303,2.2471,-0.993,-0.7430000000000001,0.134
0.601,0.2073,2.2471,-0.993,-0.7430000000000001,0.134
0.601,0.2303,2.2471,-0.993,-0.65,0.067
0.5779,0.2073,2.2471,-0.993,-0.65,0.067
0.5779,0.2073,2.115,-0.903,-0.7430000000000001,0.134
0.5779,0.2303,2.2471,-0.903,-0.9289999999999999,0.067
0.5779,0.2303,2.115,-0.993,-0.836,0.067
0.5779,0.2303,2.115,-0.903,-0.836,0.201
0.601,0.2073,2.115,-0.903,-0.7430000000000001,0.201
0.5779,0.2073,2.115,-0.903,-0.836,0.201
0.5779,0.2073,2.2471,-0.993,-0.7430000000000001,0.201
0.601,0.2073,2.115,-0.903,-0.7430000000000001,0.134
0.5779,0.2073,2.115,-0.993,-0.836,0.134
0.601,0.2073,2.115,-0.903,-0.7430000000000001,0.134
0.5547,0.2303,2.115,-0.993,-0.7430000000000001,-0.0
0.5779,0.2303,2.115,-0.993,-0.836,0.067
0.601,0.2073,2.115,-0.903,-0.65,0.067
0.5779,0.2073,2.115,-0.903,-0.7430000000000001,0.067
0.5779,0.2073,2.115,-0.903,-0.7430000000000001,0.134
0.601,0.2303,2.115,-0.903,-0.65,-0.0
0.5779,0.1842,2.115,-0.903,-0.65,0.067
0.601,0.2303,2.115,-0.993,-0.836,0.134
0.5779,0.2073,2.2471,-0.903,-0.836,0.067
0.601,0.2303,2.2471,-0.993,-0.7430000000000001,0.134
0.601,0.1842,2.2471,-0.993,-0.65,0.134
0.5779,0.2073,2.2471,-0.993,-0.7430000000000001,0.201
0.5779,0.2073,2.2471,-0.993,-0.65,0.067
0.601,0.2073,2.2471,-0.903,-0.836,0.134
0.601,0.2073,2.2471,-0.993,-0.7430000000000001,0.201
0.601,0.2073,2.115,-0.993,-0.836,0.134
0.601,0.2073,2.115,-0.993,-0.7430000000000001,0.067
0.601,0.1842,2.115,-0.903,-0.65,0.067
0.5779,0.2073,2.115,-0.903,-0.7430000000000001,0.067
0.5779,0.1842,2.115,-0.903,-0.7430000000000001,0.134
0.5779,0.2073,2.115,-0.903,-0.7430000000000001,0.201
0.5779,0.2073,2.115,-0.903,-0.7430000000000001,0.134
0.5779,0.1842,2.115,-0.903,-0.7430000000000001,0.134
0.5779,0.2073,2.115,-0.903,-0.7430000000000001,0.067
0.601,0.2073,2.115,-0.903,-0.65,0.067
0.5779,0.2073,2.115,-0.903,-0.7430000000000001,0.067
0.601,0.1842,2.115,-0.903,-0.836,0.201
0.5779,0.2073,2.115,-0.903,-0.7430000000000001,0.134
0.5779,0.2073,2.115,-0.993,-0.836,0.134
0.5779,0.2303,2.115,-0.903,-0.836,0.201
0.601,0.2073,2.115,-0.903,-0.7430000000000001,0.201
0.601,0.2073,2.115,-0.993,-0.836,0.134
0.5779,0.2073,2.115,-0.903,-0.7430000000000001,0.067
0.601,0.1842,2.115,-0.903,-0.65,0.067
0.601,0.2073,2.2471,-0.993,-0.65,0.067
0.601,0.1842,2.115,-0.903,-0.7430000000000001,0.134
0.5547,0.1842,2.115,-0.903,-0.7430000000000001,0.134
0.5779,0.1842,2.115,-0.903,-0.7430000000000001,0.134
0.5779,0.1842,2.2471,-0.903,-0.836,0.134
0.5547,0.1842,2.115,-0.903,-0.836,0.201
0.601,0.2073,2.2471,-0.993,-0.65,0.067
0.601,0.2073,2.115,-0.8119999999999999,-0.7430000000000001,0.268
0.5779,0.2073,2.115,-0.903,-0.7430000000000001,0.201
0.601,0.1842,2.115,-0.903,-0.65,0.201
0.601,0.2073,2.2471,-0.993,-0.7430000000000001,0.134
0.5779,0.1842,2.115,-0.903,-0.7430000000000001,0.134
0.601,0.1842,2.115,-0.903,-0.7430000000000001,0.201
0.601,0.2073,2.115,-0.8119999999999999,-0.836,0.134
0.5779,0.2073,2.115,-0.903,-0.7430000000000001,0.134
0.601,0.1842,2.115,-0.8119999999999999,-0.7430000000000001,0.134
0.601,0.2073,2.115,-0.8119999999999999,-0.7430000000000001,0.134
0.5779,0.1842,2.115,-0.903,-0.7430000000000001,0.134
0.601,0.1842,2.115,-0.993,-0.836,0.134
0.5779,0.2073,2.115,-0.8119999999999999,-0.836,0.134
0.601,0.1842,2.115,-0.903,-0.7430000000000001,0.134
0.601,0.1842,2.115,-0.8119999999999999,-0.836,0.134
0.601,0.2073,2.115,-0.903,-0.836,0.134
0.5779,0.1842,2.115,-0.903,-0.65,-0.0
0.601,0.2073,1.9828,-0.8119999999999999,-0.836,0.067
0.601,0.2073,2.115,-0.903,-0.65,0.067
0.5779,0.2073,1.9828,-0.722,-0.836,0.201
0.601,0.2073,2.115,-0.8119999999999999,-0.7430000000000001,0.134
0.601,0.2073,2.115,-0.8119999999999999,-0.7430000000000001,0.201
0.601,0.2073,1.9828,-0.8119999999999999,-0.836,0.134
0.5779,0.1842,2.115,-0.903,-0.65,0.067
0.5779,0.1842,2.115,-0.903,-0.7430000000000001,0.134
0.5779,0.1842,2.115,-0.903,-0.7430000000000001,0.134
0.5779,0.2073,2.115,-0.8119999999999999,-0.7430000000000001,0.134
0.601,0.1842,2.115,-0.8119999999999999,-0.7430000000000001,0.134
0.601,0.1842,2.115,-0.903,-0.7430000000000001,0.134
0.5779,0.1612,2.115,-0.8119999999999999,-0.836,0.201
0.601,0.1151,2.2471,-0.722,-1.022,0.134
0.601,0.1151,2.2471,-0.722,-1.022,0.134
0.5779,-0.0,2.3793,-0.451,-1.3,0.268
0.5547,-0.046,2.5115,-0.361,-1.393,0.201
0.5316,-0.1151,2.5115,-0.18,-1.4860000000000002,0.201
0.5085,-0.1612,2.6437,0.0,-1.4860000000000002,0.134
0.5085,-0.2303,2.9081,0.18,-1.4860000000000002,0.134
0.4854,-0.2764,2.7759,0.27,-1.5790000000000002,0.134
0.4854,-0.3455,2.9081,0.541,-1.8579999999999999,0.201
0.4854,-0.4376,3.0403,0.6320000000000001,-1.672,0.067
0.6472,-0.6219,3.3046,0.903,-1.3,0.134
0.7397,-0.691,3.4368,0.993,-1.207,0.134
0.7628,-0.7831,3.7012,1.173,-1.022,0.134
0.7628,-0.8983,3.8334,1.444,-1.115,0.067
0.8321,-1.0365,3.9656,1.896,-1.3,0.134
0.809,-1.1977,3.9656,2.076,-1.022,0.134
0.7859,-1.3129,4.23,2.4379999999999997,-1.115,0.201
0.809,-1.382,4.3621,2.618,-1.207,-0.0
0.7859,-1.4971,4.3621,2.889,-1.207,0.067
0.7628,-1.6123,4.4943,3.25,-1.4860000000000002,0.067
0.7628,-1.7275,4.7587,3.25,-1.393,-0.0
0.6934,-1.9808,5.0231,3.792,-1.4860000000000002,-0.067
0.7165,-2.119,5.1553,4.1530000000000005,-1.5790000000000002,-0.134
0.6703,-2.2803,5.5518,4.515000000000001,-1.672,-0.0
0.6703,-2.3954,5.684,4.8759999999999994,-1.672,-0.0
0.6703,-2.6718,6.2128,5.598,-1.951,-0.067
0.7397,-2.8331,6.4771,5.869,-1.765,-0.067
0.8552,-3.2707,7.4025,7.043,-1.5790000000000002,-0.201
0.9708,-3.478,7.6668,7.495000000000001,-1.393,-0.335
1.1326,-3.6623,8.1956,8.126999999999999,-1.022,-0.201
1.2251,-3.8696,8.46,8.578,-0.7430000000000001,-0.268
1.2713,-4.192,9.1209,9.301,-0.9289999999999999,-0.201
1.202,-4.3763,9.3853,9.841999999999999,-0.836,-0.268
1.0402,-4.5606,9.7818,10.294,-1.207,-0.335
0.7628,-4.9291,10.3106,11.287,-1.672,-0.47
0.7628,-5.0673,10.575,11.829,-1.672,-0.47
0.8321,-5.2516,10.9715,12.280999999999999,-1.4860000000000002,-0.47
1.1326,-5.551,11.5003,12.912999999999998,-0.7430000000000001,-0.604
1.202,-5.7583,12.029,13.545,-0.65,-0.5369999999999999
1.1095,-5.9656,12.2934,14.177,-0.7430000000000001,-0.5369999999999999
1.0171,-5.8965,12.1612,13.995999999999999,-1.022,-0.5369999999999999
0.9015,-5.8505,12.029,13.725000000000001,-1.207,-0.5369999999999999
0.9477,-5.8965,11.8968,13.725000000000001,-1.115,-0.604
1.0402,-5.9656,12.029,13.815999999999999,-0.7430000000000001,-0.47
1.1558,-6.1499,12.5578,14.357,-0.65,-0.5369999999999999
1.0864,-6.2651,12.69,14.719,-0.65,-0.5369999999999999
1.0171,-6.3342,12.5578,14.990000000000002,-0.9289999999999999,-0.671
1.0171,-6.4263,12.69,15.08,-0.9289999999999999,-0.604
0.9477,-6.4724,12.8222,15.26,-1.115,-0.738
0.9477,-6.4724,12.69,15.08,-1.022,-0.671
0.9477,-6.4724,12.69,15.08,-1.022,-0.671
0.9246,-6.4033,12.4256,14.809000000000001,-1.022,-0.47
0.9477,-6.3342,12.1612,14.538,-0.9289999999999999,-0.5369999999999999
0.9708,-6.2651,12.029,14.267000000000001,-0.836,-0.5369999999999999
0.9708,-6.1729,11.8968,13.815999999999999,-0.836,-0.5369999999999999
0.9708,-6.1038,11.5003,13.545,-0.9289999999999999,-0.604
0.8552,-5.8274,10.9715,12.822,-1.207,-0.47
0.7628,-5.6432,10.575,12.190000000000001,-1.4860000000000002,-0.5369999999999999
0.6703,-5.4819,10.1784,11.558,-1.393,-0.47
0.6241,-5.2977,9.914,11.197,-1.672,-0.5369999999999999
0.6241,-5.2286,9.6497,10.835999999999999,-1.672,-0.5369999999999999
0.7165,-5.2055,9.6497,10.926,-1.4860000000000002,-0.335
0.7628,-5.1825,9.6497,10.655,-1.3,-0.47
0.7859,-5.1134,9.5175,10.474,-1.3,-0.47
0.7859,-4.9982,9.2531,10.023,-1.393,-0.335
0.7628,-4.837,9.1209,9.751999999999999,-1.393,-0.403
0.6934,-4.7679,8.7243,9.301,-1.393,-0.335
0.6703,-4.5606,8.46,8.939,-1.4860000000000002,-0.403
0.6472,-4.4915,8.1956,8.759,-1.5790000000000002,-0.403
0.6703,-4.4224,8.0634,8.488,-1.393,-0.335
0.7397,-4.3533,8.0634,8.488,-1.3,-0.403
0.7397,-4.3763,8.1956,8.668,-1.3,-0.47
0.7397,-4.4224,8.3278,8.849,-1.3,-0.47
0.809,-4.4685,8.3278,8.849,-1.207,-0.403
0.9246,-4.3994,8.0634,8.398,-1.022,-0.335
0.9015,-4.3303,8.0634,8.217,-1.022,-0.268
0.7628,-4.3533,8.0634,8.398,-1.393,-0.335
0.6703,-4.3994,8.1956,8.668,-1.4860000000000002,-0.268
0.6703,-4.4224,8.1956,8.759,-1.4860000000000002,-0.403
0.6703,-4.4224,8.1956,8.759,-1.4860000000000002,-0.403
0.8784,-4.3763,8.0634,8.398,-1.022,-0.268
0.8784,-4.3763,8.0634,8.398,-1.022,-0.268
0.9708,-4.2842,8.0634,8.217,-0.7430000000000001,-0.134
0.8784,-4.2151,7.9312,8.126999999999999,-1.022,-0.335
0.7397,-4.192,7.799,7.946,-1.3,-0.335
0.6472,-4.1229,7.6668,7.856,-1.5790000000000002,-0.335
0.6241,-4.0308,7.5346,7.584999999999999,-1.4860000000000002,-0.335
0.6472,-3.9847,7.4025,7.404,-1.4860000000000002,-0.403
0.6934,-3.9847,7.4025,7.224,-1.393,-0.335
0.7397,-3.9387,7.4025,7.224,-1.3,-0.403
0.7859,-4.0308,7.4025,7.495000000000001,-1.3,-0.268
0.7397,-4.0078,7.2703,7.314,-1.207,-0.335
0.6934,-3.8696,7.0059,7.043,-1.393,-0.268
0.6703,-3.7544,6.8737,6.772,-1.393,-0.201
0.6703,-3.5701,6.4771,6.411,-1.3,-0.268
0.6703,-3.5701,6.4771,6.411,-1.3,-0.268
0.6703,-3.5241,6.4771,6.23,-1.393,-0.335
0.6241,-3.5241,6.4771,6.23,-1.393,-0.335
0.5316,-3.5932,6.4771,6.321,-1.4860000000000002,-0.335
0.6241,-3.6162,6.7415,6.501,-1.3,-0.268
0.7165,-3.6853,6.8737,6.5920000000000005,-1.207,-0.335
0.8552,-3.7774,7.0059,6.953,-0.836,-0.268
0.9477,-3.8005,7.1381,6.953,-0.7430000000000001,-0.268
0.8321,-3.8005,7.1381,6.953,-1.022,-0.268
0.8321,-3.8005,7.1381,6.953,-1.022,-0.268
0.7165,-3.8465,7.2703,7.043,-1.3,-0.335
0.7165,-3.8696,7.2703,7.224,-1.3,-0.268
0.8784,-4.146,7.9312,8.217,-1.022,-0.335
0.9015,-4.146,8.1956,8.217,-0.836,-0.335
0.9015,-4.3994,8.3278,8.849,-1.022,-0.335
0.9477,-4.4915,8.5922,9.030000000000001,-0.836,-0.403
0.9477,-4.6297,8.7243,9.481,-0.9289999999999999,-0.403
0.9477,-4.7679,9.1209,9.933,-0.836,-0.403
0.9246,-4.86,9.5175,10.204,-1.022,-0.403
0.9939,-4.9752,9.6497,10.565,-0.836,-0.403
1.1326,-5.0904,9.914,10.745000000000001,-0.5569999999999999,-0.403
1.202,-5.1825,10.1784,11.107,-0.371,-0.335
0.9708,-5.2286,9.914,11.107,-0.836,-0.403
0.8552,-5.2746,10.0462,11.378,-1.022,-0.403
0.809,-5.3668,10.1784,11.558,-1.115,-0.403
0.9015,-5.4359,10.3106,12.010000000000002,-1.022,-0.47
0.9939,-5.4819,10.3106,12.010000000000002,-0.9289999999999999,-0.335
1.0171,-5.4819,10.3106,11.919,-0.836,-0.335
1.1558,-5.4589,10.3106,11.738999999999999,-0.46399999999999997,-0.335
1.0864,-5.528,10.4428,12.1,-0.836,-0.268
1.0864,-5.528,10.4428,12.1,-0.836,-0.268
0.7628,-5.3898,10.0462,11.648,-1.3,-0.47
0.601,-5.2516,9.7818,11.287,-1.672,-0.47
0.3929,-4.9982,9.2531,10.384,-1.951,-0.47
0.3698,-4.8831,9.1209,10.113000000000001,-1.8579999999999999,-0.5369999999999999
0.3929,-4.86,9.1209,9.933,-1.8579999999999999,-0.5369999999999999
0.4392,-4.9061,9.1209,10.113000000000001,-1.8579999999999999,-0.5369999999999999
0.5779,-4.9522,9.1209,10.204,-1.4860000000000002,-0.5369999999999999
0.7859,-4.9752,9.1209,10.113000000000001,-1.115,-0.47
0.9708,-4.86,8.7243,9.571,-0.65,-0.335
0.9477,-4.7218,8.5922,9.21,-0.7430000000000001,-0.403
0.809,-4.6527,8.3278,9.030000000000001,-0.9289999999999999,-0.335
0.6472,-4.5145,8.1956,8.668,-1.3,-0.335
0.4854,-4.3533,7.9312,8.398,-1.765,-0.403
0.416,-4.2381,7.6668,8.126999999999999,-1.765,-0.335
0.5085,-4.192,7.5346,7.675,-1.5790000000000002,-0.403
0.5547,-4.192,7.5346,7.946,-1.5790000000000002,-0.47
0.5547,-4.192,7.5346,7.946,-1.5790000000000002,-0.47
0.601,-4.2612,7.799,8.217,-1.4860000000000002,-0.335
0.7397,-4.2381,7.6668,7.856,-1.115,-0.403
0.809,-4.146,7.5346,7.675,-1.115,-0.335
0.6472,-4.0308,7.2703,7.404,-1.3,-0.335
0.5316,-3.9617,7.1381,7.224,-1.672,-0.268
0.5316,-3.9387,7.1381,7.224,-1.672,-0.335
0.7859,-3.8696,7.0059,7.133000000000001,-1.115,-0.268
0.7859,-3.8696,7.0059,7.133000000000001,-1.115,-0.268
0.5779,-3.7774,6.8737,7.043,-1.672,-0.335
0.6934,-3.7774,6.8737,6.862,-1.393,-0.335
0.9015,-3.7314,6.7415,6.682,-0.65,-0.201
1.0402,-3.6162,6.6093,6.501,-0.371,-0.201
1.0402,-3.5932,6.6093,6.321,-0.371,-0.201
0.809,-3.6392,6.6093,6.501,-0.9289999999999999,-0.268
0.8552,-3.7083,6.8737,6.772,-1.022,-0.268
0.8784,-3.7083,6.8737,6.953,-0.9289999999999999,-0.335
0.9015,-3.6853,6.7415,6.772,-0.9289999999999999,-0.268
0.7397,-3.6392,6.6093,6.501,-1.3,-0.335
0.6472,-3.6162,6.6093,6.501,-1.393,-0.201
0.601,-3.6623,6.7415,6.682,-1.4860000000000002,-0.268
0.5316,-3.7544,6.8737,7.043,-1.672,-0.47
0.5085,-3.7544,6.8737,7.043,-1.765,-0.403
0.6241,-3.6623,6.6093,6.5920000000000005,-1.393,-0.268
0.6241,-3.5701,6.4771,6.321,-1.3,-0.268
0.601,-3.7544,7.0059,7.043,-1.5790000000000002,-0.268
0.601,-3.7544,7.0059,7.043,-1.5790000000000002,-0.268
0.5316,-3.8005,7.2703,7.224,-1.5790000000000002,-0.403
0.6472,-3.9387,7.2703,7.495000000000001,-1.393,-0.403
0.9015,-4.0308,7.4025,7.404,-0.7430000000000001,-0.403
1.0864,-4.0538,7.5346,7.675,-0.46399999999999997,-0.335
1.202,-4.146,7.799,7.946,-0.185,-0.335
0.8552,-4.2612,8.0634,8.488,-1.115,-0.403
0.8552,-4.2612,8.0634,8.488,-1.115,-0.403
0.6934,-4.3994,8.1956,8.759,-1.393,-0.335
0.7859,-4.4915,8.46,9.030000000000001,-1.115,-0.47
0.8784,-4.5836,8.7243,9.391,-0.9289999999999999,-0.403
0.9246,-4.86,9.5175,10.565,-0.9289999999999999,-0.5369999999999999
0.9246,-4.86,9.5175,10.565,-0.9289999999999999,-0.5369999999999999
0.9708,-5.2746,9.7818,11.468,-0.9289999999999999,-0.47
1.0864,-5.2286,9.914,11.378,-0.65,-0.403
1.1326,-5.2516,9.914,11.015999999999998,-0.46399999999999997,-0.335
1.1789,-5.2516,9.914,11.015999999999998,-0.371,-0.335
1.202,-5.505,10.575,12.1,-0.371,-0.403
1.202,-5.505,10.575,12.1,-0.371,-0.403
1.1326,-5.5971,11.3681,12.822,-0.46399999999999997,-0.47
1.1326,-5.5741,11.3681,12.822,-0.371,-0.335
1.202,-5.9196,11.5003,13.453999999999999,-0.27799999999999997,-0.47
1.2944,-5.8965,11.2359,13.003,-0.092,-0.335
0.809,-6.0347,11.3681,13.364,-1.115,-0.47
0.7165,-5.9887,11.2359,13.364,-1.3,-0.5369999999999999
0.7859,-5.9196,11.2359,13.184000000000001,-1.207,-0.47
0.9015,-5.8965,11.2359,13.003,-0.9289999999999999,-0.47
1.0402,-5.9196,11.3681,13.093,-0.65,-0.403
1.0633,-5.9196,11.5003,13.274,-0.46399999999999997,-0.403
1.0171,-5.9887,11.5003,13.274,-0.65,-0.5369999999999999
0.9015,-6.0347,11.3681,13.545,-0.836,-0.47
0.9015,-6.0117,11.3681,13.364,-0.836,-0.47
0.9246,-5.9656,11.1037,13.093,-0.836,-0.5369999999999999
0.9015,-5.9196,10.8393,12.822,-0.836,-0.47
0.9246,-5.8044,10.7072,12.642,-0.836,-0.5369999999999999
0.9477,-5.7583,10.4428,12.190000000000001,-0.65,-0.47
0.9246,-5.5971,10.0462,11.738999999999999,-0.9289999999999999,-0.335
0.8552,-5.4819,9.914,11.378,-1.022,-0.47
0.7397,-5.3668,9.6497,11.107,-1.115,-0.5369999999999999
0.6703,-5.2746,9.3853,10.745000000000001,-1.393,-0.47
0.601,-5.2286,9.3853,10.835999999999999,-1.393,-0.403
0.601,-5.1595,9.2531,10.384,-1.393,-0.5369999999999999
0.6241,-5.0904,9.1209,10.113000000000001,-1.3,-0.5369999999999999
0.6472,-4.9061,8.7243,9.571,-1.3,-0.403
0.6472,-4.9061,8.7243,9.571,-1.3,-0.403
0.6934,-4.6758,8.3278,9.030000000000001,-1.115,-0.335
0.6934,-4.6297,8.1956,8.849,-1.3,-0.335
0.6934,-4.5145,8.0634,8.578,-1.207,-0.268
0.7397,-4.3994,7.799,8.307,-1.115,-0.335
0.7859,-4.3994,7.9312,8.217,-1.022,-0.403
0.6472,-4.3303,7.799,8.126999999999999,-1.3,-0.403
0.5779,-4.2842,7.6668,8.036,-1.393,-0.403
0.4623,-4.3072,7.6668,7.946,-1.672,-0.47
0.3698,-4.2612,7.5346,7.946,-1.951,-0.403
0.3929,-4.2381,7.5346,8.036,-1.8579999999999999,-0.335
0.5316,-4.2381,7.6668,7.856,-1.5790000000000002,-0.403
1.1095,-4.192,7.6668,7.675,-0.371,-0.335
1.3176,-4.1229,7.6668,7.584999999999999,0.27799999999999997,-0.268
1.1326,-4.2151,7.799,7.675,-0.371,-0.201
0.9246,-4.192,7.5346,7.765,-0.7430000000000001,-0.268
0.7859,-4.2381,7.4025,7.675,-1.022,-0.335
0.7165,-4.192,7.5346,7.675,-1.3,-0.335
0.6934,-4.1229,7.2703,7.495000000000001,-1.3,-0.335
0.601,-4.0538,7.2703,7.314,-1.393,-0.403
0.6241,-4.0308,7.1381,7.133000000000001,-1.393,-0.403
0.7165,-4.0538,7.1381,7.224,-1.207,-0.335
0.7859,-4.0538,7.1381,7.133000000000001,-1.022,-0.335
0.8552,-4.0308,7.1381,7.133000000000001,-0.7430000000000001,-0.268
0.9477,-3.9156,7.1381,6.862,-0.65,-0.268
0.8784,-3.8235,6.8737,6.772,-0.9289999999999999,-0.201
0.7165,-3.8005,6.8737,6.682,-1.207,-0.201
0.8321,-3.8235,6.8737,6.953,-1.022,-0.335
0.9477,-3.9156,7.0059,7.043,-0.5569999999999999,-0.268
0.9477,-3.9847,7.1381,7.133000000000001,-0.65,-0.335
0.8784,-4.0538,7.1381,7.224,-0.9289999999999999,-0.134
0.9477,-4.1229,7.4025,7.584999999999999,-0.836,-0.335
0.9708,-4.169,7.4025,7.675,-0.7430000000000001,-0.201
1.0402,-4.192,7.5346,7.856,-0.5569999999999999,-0.201
1.0864,-4.3072,7.799,8.307,-0.46399999999999997,-0.201
0.9708,-4.3303,7.9312,8.398,-0.7430000000000001,-0.335
0.8784,-4.3994,7.9312,8.668,-0.9289999999999999,-0.335
0.8552,-4.5145,8.1956,8.939,-0.9289999999999999,-0.335
0.8552,-4.5145,8.1956,8.939,-0.9289999999999999,-0.335
0.8784,-4.5376,8.1956,9.030000000000001,-0.9289999999999999,-0.335
0.8552,-4.5376,8.3278,9.030000000000001,-0.836,-0.403
0.9246,-4.6527,8.5922,9.301,-0.836,-0.403
0.9477,-4.7449,9.1209,9.751999999999999,-0.836,-0.403
0.9015,-4.7679,9.1209,9.933,-0.836,-0.403
0.9015,-4.8831,9.2531,10.204,-1.022,-0.403
0.8552,-4.9752,9.2531,10.384,-1.022,-0.403
0.9015,-4.9291,8.9887,9.933,-0.9289999999999999,-0.403
0.9246,-4.9291,8.9887,9.841999999999999,-0.836,-0.335
0.9939,-4.9982,9.2531,10.294,-0.7430000000000001,-0.335
1.0171,-5.0213,9.2531,10.384,-0.65,-0.335
1.0171,-5.0213,9.2531,10.384,-0.65,-0.335
0.9015,-4.9752,9.2531,10.384,-0.9289999999999999,-0.335
0.9015,-4.9291,9.2531,10.294,-0.9289999999999999,-0.403
0.9246,-5.0213,9.2531,10.294,-0.836,-0.335
0.9477,-5.1134,9.3853,10.745000000000001,-0.7430000000000001,-0.335
0.9939,-5.2286,9.5175,10.926,-0.65,-0.335
1.0633,-5.2516,9.6497,10.926,-0.65,-0.335
1.0633,-5.2516,9.6497,10.926,-0.65,-0.335
0.9015,-5.0904,9.3853,10.474,-0.9289999999999999,-0.335
0.9015,-5.1134,9.3853,10.474,-0.9289999999999999,-0.403
0.8321,-5.1595,9.5175,10.655,-1.022,-0.403
0.809,-5.2286,9.5175,10.745000000000001,-1.115,-0.335
0.8784,-5.2286,9.6497,10.835999999999999,-1.022,-0.335
0.9939,-5.1595,9.3853,10.565,-0.836,-0.201
0.9708,-5.0673,9.2531,10.294,-0.7430000000000001,-0.268
0.8552,-4.8831,8.9887,9.751999999999999,-1.022,-0.335
0.8552,-4.86,8.8565,9.571,-1.022,-0.268
0.8321,-4.837,8.7243,9.571,-1.022,-0.335
0.7628,-4.7909,8.7243,9.481,-1.022,-0.335
0.7165,-4.7449,8.5922,9.21,-1.207,-0.403
0.7165,-4.6988,8.46,9.21,-1.115,-0.268
0.7859,-4.6527,8.3278,9.030000000000001,-1.022,-0.268
0.8552,-4.6067,8.1956,8.849,-0.836,-0.335
0.8784,-4.3533,7.799,8.126999999999999,-0.836,-0.403
0.809,-4.3533,7.6668,7.946,-1.022,-0.335
0.7397,-4.2612,7.5346,7.765,-1.207,-0.268
0.6472,-4.1229,7.2703,7.675,-1.3,-0.268
0.6703,-4.0999,7.2703,7.404,-1.393,-0.335
0.809,-4.0999,7.2703,7.404,-1.115,-0.335
0.8321,-4.0538,7.2703,7.314,-0.9289999999999999,-0.403
0.8784,-3.9847,7.1381,7.133000000000001,-0.7430000000000001,-0.268
0.8552,-3.9617,7.0059,7.043,-0.9289999999999999,-0.268
0.7628,-3.9156,7.0059,6.953,-1.115,-0.268
0.5085,-3.8696,6.8737,7.043,-1.672,-0.268
0.5547,-3.8696,7.0059,7.043,-1.393,-0.335
0.6934,-3.8465,7.0059,7.043,-1.022,-0.403
1.1326,-3.7774,6.8737,6.411,-0.092,-0.201
1.1326,-3.7774,6.8737,6.411,-0.092,-0.201
0.9015,-3.7083,6.6093,6.5920000000000005,-0.7430000000000001,-0.201
0.6934,-3.7314,6.8737,6.682,-1.207,-0.268
0.5547,-3.8235,7.0059,6.862,-1.393,-0.335
0.9939,-3.8465,7.1381,6.862,-0.46399999999999997,-0.268
1.1789,-3.8465,7.0059,6.772,-0.092,-0.201
1.0402,-3.8235,7.0059,6.772,-0.371,-0.201
0.8552,-3.9387,7.2703,7.224,-0.9289999999999999,-0.201
0.809,-4.0538,7.6668,7.584999999999999,-1.022,-0.268
0.8321,-4.2381,8.0634,8.217,-0.9289999999999999,-0.335
0.9939,-4.2842,8.1956,8.217,-0.65,-0.335
1.1558,-4.2842,8.0634,8.036,-0.27799999999999997,-0.335
1.1095,-4.2612,8.0634,7.946,-0.371,-0.201
0.9708,-4.3303,8.1956,8.217,-0.65,-0.268
0.8552,-4.5376,8.5922,8.849,-0.836,-0.403
0.8784,-4.4915,8.3278,8.849,-0.836,-0.335
0.9477,-4.4685,8.3278,8.488,-0.7430000000000001,-0.335
1.0402,-4.5376,8.3278,8.849,-0.46399999999999997,-0.268
1.1789,-4.7218,8.8565,9.391,-0.27799999999999997,-0.268
1.2251,-4.8831,9.6497,10.204,-0.092,-0.268
1.2251,-5.0443,9.914,10.655,-0.185,-0.335
0.9939,-5.0443,9.6497,10.294,-0.7430000000000001,-0.403
0.9246,-4.9061,9.2531,9.841999999999999,-0.836,-0.335
0.9015,-4.9061,9.1209,9.661999999999999,-0.7430000000000001,-0.335
0.9246,-4.9522,9.3853,10.023,-0.7430000000000001,-0.335
0.9708,-5.0673,9.5175,10.294,-0.7430000000000001,-0.403
1.1789,-4.9522,9.3853,9.933,-0.27799999999999997,-0.268
1.0402,-5.2516,9.7818,10.835999999999999,-0.5569999999999999,-0.268
0.9246,-5.2977,9.914,11.107,-0.7430000000000001,-0.335
0.9015,-5.2746,9.7818,11.015999999999998,-0.836,-0.335
0.9477,-5.1825,9.6497,10.565,-0.836,-0.268
0.9939,-5.0443,9.5175,10.204,-0.65,-0.201
0.8321,-5.0213,9.2531,10.113000000000001,-0.9289999999999999,-0.335
0.9708,-5.0443,9.3853,10.113000000000001,-0.836,-0.335
0.9708,-5.0443,9.3853,10.113000000000001,-0.836,-0.335
1.0633,-4.9752,9.2531,9.751999999999999,-0.65,-0.268
0.9246,-4.86,8.8565,9.571,-0.836,-0.268
0.7628,-4.7449,8.7243,9.120000000000001,-1.022,-0.403
0.7397,-4.6297,8.5922,8.939,-1.115,-0.335
0.7165,-4.5376,8.3278,8.759,-1.207,-0.335
0.7165,-4.4454,8.1956,8.488,-1.115,-0.268
0.7397,-4.4224,8.1956,8.307,-1.115,-0.403
0.809,-4.4224,8.1956,8.398,-1.022,-0.403
0.9477,-4.5376,8.3278,8.668,-0.65,-0.335
0.9477,-4.5376,8.46,8.759,-0.5569999999999999,-0.335
0.9708,-4.5836,8.46,8.849,-0.7430000000000001,-0.335
0.9015,-4.5836,8.46,8.849,-0.7430000000000001,-0.268
0.8552,-4.5145,8.46,8.668,-0.65,-0.335
0.9246,-4.3533,8.7243,8.759,-0.65,-0.134
0.8552,-3.7083,8.5922,7.404,-0.836,-0.067
0.8321,-4.4224,8.0634,8.307,-0.836,-0.268
0.8552,-4.4454,8.0634,8.307,-0.836,-0.268
0.8784,-4.3533,8.0634,8.217,-0.7430000000000001,-0.403
0.8552,-4.2612,7.9312,7.946,-0.836,-0.335
0.8552,-4.169,7.5346,7.584999999999999,-0.836,-0.335
0.7397,-4.0078,7.1381,7.043,-1.022,-0.335
0.7397,-4.0078,7.1381,7.043,-1.022,-0.335
0.6703,-4.0538,7.2703,7.224,-1.3,-0.268
0.7397,-4.0999,7.6668,7.584999999999999,-1.022,-0.335
0.8552,-4.1229,7.799,7.675,-0.836,-0.201
0.9246,-4.169,7.9312,7.675,-0.5569999999999999,-0.201
1.0171,-4.2151,7.799,7.675,-0.46399999999999997,-0.268
1.0171,-4.146,7.5346,7.495000000000001,-0.46399999999999997,-0.268
0.9708,-4.146,7.5346,7.404,-0.46399999999999997,-0.201
0.8552,-4.146,7.4025,7.404,-0.65,-0.335
0.6934,-4.169,7.4025,7.584999999999999,-1.115,-0.335
0.6472,-4.146,7.4025,7.675,-1.3,-0.335
0.9246,-4.1229,7.4025,7.314,-0.65,-0.268
0.9246,-4.0538,7.2703,7.133000000000001,-0.7430000000000001,-0.201
0.9708,-3.9847,7.2703,7.133000000000001,-0.5569999999999999,-0.134
0.9246,-4.0308,7.4025,7.224,-0.7430000000000001,-0.201
0.9246,-4.0308,7.4025,7.224,-0.7430000000000001,-0.201
0.9939,-4.0308,7.4025,7.224,-0.65,-0.201
0.9708,-3.8926,7.1381,6.772,-0.46399999999999997,-0.201
0.7628,-3.7774,6.6093,6.501,-1.022,-0.134
0.7397,-3.8235,6.8737,6.862,-0.9289999999999999,-0.201
0.7397,-3.9387,7.2703,7.224,-1.022,-0.335
0.8784,-4.0078,7.4025,7.314,-0.7430000000000001,-0.268
0.9708,-4.0308,7.4025,7.133000000000001,-0.371,-0.268
1.0633,-4.0078,7.4025,7.133000000000001,-0.371,-0.268
1.0402,-4.0308,7.2703,7.133000000000001,-0.27799999999999997,-0.268
1.0171,-4.0538,7.2703,7.224,-0.371,-0.201
0.9477,-4.0769,7.4025,7.224,-0.7430000000000001,-0.268
0.8552,-4.0538,7.4025,7.314,-0.9289999999999999,-0.335
0.8321,-4.146,7.6668,7.675,-0.836,-0.335
0.8321,-4.146,7.6668,7.675,-0.836,-0.335
0.9708,-4.3763,8.1956,8.217,-0.65,-0.335
1.0402,-4.4915,8.3278,8.578,-0.46399999999999997,-0.268
1.0864,-4.5376,8.3278,8.578,-0.46399999999999997,-0.268
1.1326,-4.5376,8.3278,8.668,-0.27799999999999997,-0.268
1.1095,-4.5145,8.3278,8.668,-0.27799999999999997,-0.201
1.0633,-4.4915,8.3278,8.668,-0.371,-0.268
0.8552,-4.4454,8.1956,8.578,-0.9289999999999999,-0.335
0.8552,-4.4454,8.1956,8.578,-0.9289999999999999,-0.335
0.9015,-4.6067,8.3278,9.030000000000001,-0.7430000000000001,-0.335
0.9708,-4.6527,8.5922,9.030000000000001,-0.65,-0.268
1.0171,-4.6988,8.7243,9.21,-0.5569999999999999,-0.201
1.1326,-4.837,8.9887,9.481,-0.371,-0.335
1.202,-4.9982,9.6497,10.294,-0.185,-0.335
1.202,-4.9982,9.6497,10.294,-0.185,-0.335
1.0171,-4.9522,9.3853,10.023,-0.65,-0.268
1.0171,-4.9522,9.3853,10.023,-0.65,-0.268
0.9477,-4.9982,9.2531,9.933,-0.836,-0.335
0.8784,-5.0213,9.3853,10.204,-1.022,-0.403
0.8552,-5.0443,9.5175,10.204,-0.836,-0.403
1.0864,-4.9752,9.3853,9.933,-0.5569999999999999,-0.5369999999999999
1.202,-5.0673,9.6497,10.204,-0.092,-0.47
1.202,-5.0673,9.6497,10.204,-0.092,-0.47
1.1789,-5.2516,10.1784,11.015999999999998,-0.27799999999999997,-0.335
1.0633,-5.2516,9.914,10.835999999999999,-0.46399999999999997,-0.335
0.9477,-5.2055,9.6497,10.565,-0.836,-0.268
0.9015,-5.1825,9.5175,10.384,-0.9289999999999999,-0.268
0.9015,-5.2055,9.6497,10.655,-0.836,-0.268
0.7859,-5.3207,9.914,11.107,-1.022,-0.5369999999999999
1.0171,-5.3437,9.914,11.107,-0.46399999999999997,-0.335
1.1558,-5.2977,10.0462,11.015999999999998,-0.27799999999999997,-0.335
1.1789,-5.2977,9.914,11.015999999999998,-0.185,-0.335
1.1326,-5.3668,9.914,11.015999999999998,-0.371,-0.268
1.0402,-5.3898,9.914,11.287,-0.46399999999999997,-0.268
0.9246,-5.3207,9.914,11.287,-0.65,-0.335
0.8321,-5.2286,9.6497,10.745000000000001,-0.836,-0.335
0.8784,-5.0673,9.2531,10.113000000000001,-0.836,-0.268
0.9015,-4.8831,8.9887,9.571,-0.836,-0.335
0.9246,-5.0213,9.3853,10.113000000000001,-0.7430000000000001,-0.335
0.9939,-5.2286,9.7818,10.745000000000001,-0.5569999999999999,-0.403
1.0171,-5.2286,10.0462,10.926,-0.46399999999999997,-0.335
1.0402,-5.1134,10.1784,10.655,-0.46399999999999997,-0.268
1.0633,-5.2286,9.6497,10.655,-0.371,-0.335
1.0171,-5.0904,9.2531,10.023,-0.5569999999999999,-0.268
0.9708,-5.1134,9.3853,10.294,-0.65,-0.335
0.8784,-5.1595,9.3853,10.474,-0.836,-0.335
0.7859,-5.1364,9.2531,10.474,-0.9289999999999999,-0.268
0.7628,-4.837,8.7243,9.391,-0.836,-0.268
0.8321,-4.6988,8.46,8.939,-0.9289999999999999,-0.134
0.8552,-4.6297,8.3278,8.668,-0.836,-0.134
0.8321,-4.6067,8.1956,8.759,-0.65,-0.201
0.8784,-4.6527,8.1956,8.939,-0.65,-0.134
0.8784,-4.6527,8.1956,8.939,-0.65,-0.134
0.9015,-4.5836,8.3278,8.759,-0.5569999999999999,-0.268
0.7628,-4.192,7.4025,7.584999999999999,-0.9289999999999999,-0.201
0.6934,-4.146,7.2703,7.404,-1.022,-0.201
0.6934,-4.1229,7.2703,7.404,-1.022,-0.268
0.7628,-4.0999,7.4025,7.404,-1.022,-0.268
0.7859,-4.0538,7.2703,7.133000000000001,-0.836,-0.268
0.8321,-4.0078,7.1381,7.133000000000001,-0.65,-0.268
0.8552,-4.0769,7.2703,7.133000000000001,-0.5569999999999999,-0.335
0.9015,-4.1229,7.5346,7.404,-0.46399999999999997,-0.201
0.9246,-4.2151,7.6668,7.765,-0.65,-0.201
0.8552,-4.2381,7.6668,7.856,-0.7430000000000001,-0.268
0.7397,-4.2612,7.6668,7.856,-0.9289999999999999,-0.335
0.7165,-4.2151,7.6668,7.765,-1.022,-0.403
0.9246,-4.2381,7.6668,7.765,-0.5569999999999999,-0.403
1.202,-4.2612,7.9312,7.946,0.0,-0.268
1.0402,-4.3303,7.9312,8.217,-0.27799999999999997,-0.268
0.9015,-4.3994,7.9312,8.307,-0.7430000000000001,-0.268
0.7397,-4.3994,7.9312,8.398,-1.115,-0.268
0.601,-4.3994,7.9312,8.398,-1.207,-0.268
1.0633,-4.2842,7.799,8.036,-0.27799999999999997,-0.201
1.2713,-4.192,7.6668,7.675,0.092,-0.134
1.1095,-4.2842,7.9312,7.946,-0.371,-0.134
0.9246,-4.4224,8.0634,8.488,-0.65,-0.201
0.8321,-4.5145,8.3278,8.939,-0.7430000000000001,-0.268
0.8552,-4.6297,8.46,9.030000000000001,-0.7430000000000001,-0.268
1.0171,-4.4685,8.0634,8.398,-0.5569999999999999,-0.201
1.1326,-4.3763,7.9312,7.946,-0.27799999999999997,-0.134
1.0171,-4.3303,7.799,8.036,-0.371,-0.134
0.7165,-4.3763,7.9312,8.217,-1.022,-0.201
0.7165,-4.3763,7.9312,8.217,-1.022,-0.201
0.6703,-4.3533,7.9312,8.217,-1.3,-0.201
0.8552,-4.2612,7.799,7.946,-0.7430000000000001,-0.335
0.9708,-4.2612,7.799,7.675,-0.46399999999999997,-0.201
1.0864,-4.2612,7.6668,7.765,-0.371,-0.134
1.0633,-4.2842,7.799,8.036,-0.27799999999999997,-0.201
1.0171,-4.3533,7.9312,8.126999999999999,-0.5569999999999999,-0.268
0.9246,-4.3072,7.799,8.036,-0.7430000000000001,-0.268
0.8321,-4.192,7.5346,7.584999999999999,-0.836,-0.335
0.809,-4.2381,7.6668,7.765,-0.9289999999999999,-0.335
0.8552,-4.2842,7.799,7.946,-0.7430000000000001,-0.268
0.9477,-4.3303,7.9312,8.036,-0.5569999999999999,-0.268
1.0171,-4.3072,7.9312,8.126999999999999,-0.5569999999999999,-0.268
1.0633,-4.3072,7.9312,7.946,-0.46399999999999997,-0.201
1.0864,-4.3072,8.0634,8.036,-0.371,-0.134
1.0171,-4.3994,8.46,8.578,-0.5569999999999999,-0.201
1.0171,-4.3994,8.46,8.578,-0.5569999999999999,-0.201
0.9477,-4.2612,8.5922,8.307,-0.65,-0.134
0.9708,-4.5836,8.5922,8.849,-0.7430000000000001,-0.335
0.9708,-4.5836,8.5922,8.849,-0.7430000000000001,-0.335
1.0402,-4.6527,8.5922,9.030000000000001,-0.5569999999999999,-0.268
1.0633,-4.6758,8.5922,8.939,-0.65,-0.268
1.0633,-4.6527,8.46,9.030000000000001,-0.46399999999999997,-0.268
1.1095,-4.6988,8.5922,9.030000000000001,-0.46399999999999997,-0.268
1.0171,-4.814,8.9887,9.481,-0.5569999999999999,-0.268
0.9246,-4.837,8.9887,9.571,-0.7430000000000001,-0.268
0.8552,-4.86,9.1209,9.751999999999999,-0.9289999999999999,-0.335
0.8784,-4.8831,9.1209,9.751999999999999,-1.022,-0.335
0.9939,-4.837,8.8565,9.571,-0.836,-0.268
0.9708,-4.7909,8.7243,9.391,-0.7430000000000001,-0.268
0.9477,-4.7449,8.5922,9.21,-0.7430000000000001,-0.201
0.9246,-4.7218,8.7243,9.120000000000001,-0.836,-0.268
0.8552,-4.814,8.9887,9.661999999999999,-0.836,-0.201
0.9477,-4.9061,9.3853,9.933,-0.7430000000000001,-0.335
0.9477,-4.9061,9.5175,10.113000000000001,-0.65,-0.335
0.9939,-4.86,8.9887,9.391,-0.7430000000000001,-0.268
0.9939,-4.86,8.9887,9.391,-0.7430000000000001,-0.268
1.0864,-4.86,9.1209,9.571,-0.46399999999999997,-0.268
1.0633,-4.9291,9.1209,9.751999999999999,-0.5569999999999999,-0.201
0.9708,-4.9522,9.3853,9.751999999999999,-0.5569999999999999,-0.268
0.9015,-4.9291,9.2531,9.841999999999999,-0.836,-0.201
0.8552,-4.8831,8.9887,9.571,-1.022,-0.268
0.8784,-4.7679,8.8565,9.21,-0.836,-0.268
0.8552,-4.5376,8.3278,8.578,-0.9289999999999999,-0.268
0.8321,-4.4454,8.1956,8.307,-0.9289999999999999,-0.201
0.8552,-4.4224,8.0634,8.217,-0.836,-0.201
0.809,-4.3763,7.9312,8.126999999999999,-0.9289999999999999,-0.201
0.7859,-4.3303,7.799,7.946,-0.9289999999999999,-0.268
0.809,-4.2381,7.9312,7.856,-0.9289999999999999,-0.335
0.8321,-4.2381,7.9312,7.675,-0.9289999999999999,-0.335
0.8321,-4.2381,7.9312,7.675,-0.9289999999999999,-0.335
0.8321,-4.3303,8.0634,8.126999999999999,-0.836,-0.335
0.8552,-4.3303,8.0634,8.036,-0.7430000000000001,-0.268
0.9708,-4.169,7.6668,7.495000000000001,-0.5569999999999999,-0.268
0.9708,-4.169,7.6668,7.495000000000001,-0.5569999999999999,-0.268
0.809,-4.0999,7.4025,7.314,-0.9289999999999999,-0.268
0.809,-4.2151,7.9312,7.856,-0.836,-0.335
0.809,-4.2151,7.9312,7.856,-0.836,-0.335
0.8784,-4.3072,8.0634,8.126999999999999,-0.7430000000000001,-0.335
0.9246,-4.3533,8.0634,8.126999999999999,-0.7430000000000001,-0.268
0.9708,-4.3533,8.1956,8.217,-0.46399999999999997,-0.335
0.9246,-4.4224,8.3278,8.307,-0.65,-0.335
0.8321,-4.4685,8.3278,8.488,-0.836,-0.335
0.8552,-4.5145,8.46,8.668,-0.836,-0.268
0.9246,-4.6527,8.5922,9.030000000000001,-0.7430000000000001,-0.268
1.0402,-4.7218,8.9887,9.391,-0.5569999999999999,-0.335
1.1789,-4.6758,9.1209,9.391,-0.27799999999999997,-0.201
1.0864,-4.4685,8.5922,8.759,-0.371,-0.201
0.9939,-4.3994,8.46,8.398,-0.5569999999999999,-0.201
0.9246,-4.5376,8.46,8.578,-0.65,-0.201
0.9015,-4.6067,8.5922,8.849,-0.836,-0.335
0.9015,-4.6067,8.5922,8.849,-0.836,-0.335
0.9015,-4.6527,8.5922,9.030000000000001,-0.65,-0.268
0.9708,-4.6758,8.5922,9.030000000000001,-0.65,-0.335
1.0402,-4.5836,8.46,8.849,-0.27799999999999997,-0.268
1.0633,-4.4915,8.3278,8.488,-0.371,-0.268
0.9939,-4.4224,8.1956,8.307,-0.5569999999999999,-0.268
0.9246,-4.3533,7.9312,8.036,-0.65,-0.268
0.7859,-4.2842,7.799,7.765,-0.836,-0.335
0.7397,-4.192,7.6668,7.584999999999999,-1.022,-0.268
0.7397,-4.192,7.6668,7.584999999999999,-1.022,-0.268
0.7628,-4.0999,7.5346,7.224,-1.022,-0.268
0.7859,-4.0538,7.4025,7.133000000000001,-0.9289999999999999,-0.268
0.8552,-4.0308,7.4025,7.133000000000001,-0.836,-0.268
0.9477,-4.0078,7.4025,7.133000000000001,-0.65,-0.201
0.9708,-3.9617,7.4025,6.953,-0.65,-0.201
0.7859,-3.8926,7.1381,6.953,-0.836,-0.134
0.7397,-3.9156,7.1381,6.682,-0.836,-0.335
0.7628,-3.8926,7.1381,6.953,-0.9289999999999999,-0.268
0.7859,-3.9387,7.2703,6.862,-0.836,-0.268
0.9246,-3.9387,7.4025,7.043,-0.5569999999999999,-0.268
0.9246,-3.9387,7.4025,7.043,-0.5569999999999999,-0.268
0.9477,-3.8465,7.1381,6.772,-0.371,-0.268
0.9477,-3.8005,6.8737,6.5920000000000005,-0.46399999999999997,-0.201
0.9246,-3.7544,6.8737,6.501,-0.5569999999999999,-0.201
0.8784,-3.8235,6.8737,6.682,-0.65,-0.201
0.9015,-3.9156,7.2703,7.043,-0.65,-0.268
0.9015,-4.0078,7.5346,7.314,-0.65,-0.268
0.9015,-4.0538,7.6668,7.404,-0.65,-0.335
0.9246,-4.0769,7.5346,7.314,-0.5569999999999999,-0.335
0.8784,-3.9617,7.2703,6.953,-0.7430000000000001,-0.268
0.9015,-3.9617,7.2703,6.953,-0.46399999999999997,-0.201
1.0171,-4.0078,7.5346,7.133000000000001,-0.46399999999999997,-0.201
0.9708,-4.169,7.799,7.675,-0.46399999999999997,-0.201
0.9246,-4.3994,8.3278,8.398,-0.65,-0.335
0.809,-4.4685,8.46,8.488,-0.836,-0.403
0.809,-4.4685,8.46,8.488,-0.836,-0.403
1.0633,-4.6297,8.8565,8.849,-0.46399999999999997,-0.335
1.2251,-4.7449,9.2531,9.301,-0.092,-0.268
1.2251,-4.9291,9.6497,9.751999999999999,-0.092,-0.268
1.0864,-4.9522,9.6497,9.841999999999999,-0.371,-0.268
1.0633,-4.8831,9.1209,9.391,-0.46399999999999997,-0.268
1.0402,-4.7909,8.9887,9.391,-0.46399999999999997,-0.335
0.9477,-4.86,9.3853,9.661999999999999,-0.5569999999999999,-0.335
0.809,-4.9752,9.6497,10.023,-1.022,-0.268
0.8321,-5.1595,9.914,10.474,-0.9289999999999999,-0.335
0.9939,-5.2286,10.3106,11.015999999999998,-0.46399999999999997,-0.403
1.1789,-5.0213,10.575,10.565,-0.27799999999999997,-0.268
1.2944,-5.1364,10.3106,10.655,0.185,-0.268
1.202,-5.1134,10.0462,10.294,-0.092,-0.335
1.1095,-5.1134,9.914,10.294,-0.371,-0.268
1.0171,-5.1134,9.914,10.384,-0.46399999999999997,-0.268
0.9477,-5.1134,9.7818,10.384,-0.5569999999999999,-0.403
0.8321,-5.0904,9.6497,10.204,-0.836,-0.335
0.8321,-5.0443,9.5175,10.023,-0.836,-0.335
0.9708,-5.0213,9.7818,9.841999999999999,-0.46399999999999997,-0.403
1.1326,-5.0443,9.7818,10.023,-0.092,-0.268
1.202,-5.1134,9.914,10.204,0.0,-0.268
1.1789,-5.0904,9.914,10.204,0.0,-0.335
1.0633,-5.1364,9.914,10.294,-0.371,-0.268
0.9708,-5.1134,9.914,10.204,-0.65,-0.268
0.8552,-5.0213,9.5175,9.751999999999999,-0.65,-0.268
0.8321,-4.8831,9.2531,9.481,-0.836,-0.268
0.8321,-4.6988,8.7243,9.030000000000001,-0.836,-0.201
0.8321,-4.6297,8.5922,8.849,-0.9289999999999999,-0.201
0.8552,-4.5606,8.5922,8.849,-0.836,-0.268
0.8784,-4.5376,8.5922,8.578,-0.65,-0.335
0.8784,-4.4915,8.46,8.307,-0.65,-0.268
0.9015,-4.3763,8.1956,8.126999999999999,-0.5569999999999999,-0.268
0.8784,-4.3072,8.0634,7.856,-0.65,-0.335
0.7859,-4.169,7.799,7.495000000000001,-0.9289999999999999,-0.335
0.7397,-4.0538,7.5346,7.133000000000001,-0.9289999999999999,-0.335
0.6703,-3.9387,7.1381,6.953,-1.115,-0.268
0.6472,-3.9156,7.2703,6.862,-1.115,-0.268
0.6703,-3.8696,7.2703,6.862,-1.022,-0.335
0.7165,-3.8696,7.2703,6.772,-0.9289999999999999,-0.335
0.9015,-3.8005,7.1381,6.501,-0.5569999999999999,-0.201
0.9015,-3.8005,7.1381,6.501,-0.5569999999999999,-0.201
0.9246,-3.7544,6.8737,6.411,-0.371,-0.201
0.8784,-3.6392,6.7415,6.14,-0.5569999999999999,-0.134
0.7628,-3.6162,6.7415,6.14,-0.65,-0.268
0.7628,-3.6162,6.7415,6.14,-0.65,-0.268
0.6934,-3.6162,6.7415,6.05,-1.022,-0.201
0.6934,-3.5932,6.6093,6.05,-0.836,-0.201
0.809,-3.5471,6.6093,5.869,-0.5569999999999999,-0.268
0.9015,-3.5701,6.7415,6.05,-0.46399999999999997,-0.268
1.0171,-3.6853,7.0059,6.23,-0.27799999999999997,-0.268
1.0402,-3.7083,7.1381,6.501,-0.185,-0.268
0.9939,-3.7314,7.1381,6.5920000000000005,-0.185,-0.268
0.7859,-3.8005,7.1381,6.772,-0.836,-0.268
0.8552,-3.8696,7.2703,6.772,-0.5569999999999999,-0.268
0.9477,-3.9156,7.4025,7.043,-0.27799999999999997,-0.268
0.9477,-3.9847,7.6668,7.133000000000001,-0.46399999999999997,-0.335
0.9708,-4.0999,8.0634,7.404,-0.371,-0.335
1.0171,-4.192,8.1956,7.765,-0.46399999999999997,-0.268
1.0633,-4.2842,8.46,8.036,-0.371,-0.268
1.202,-4.5376,9.1209,8.849,0.0,-0.268
1.1789,-4.6988,9.3853,9.301,0.0,-0.201
1.1558,-4.814,9.6497,9.661999999999999,-0.185,-0.335
1.202,-4.9291,10.0462,9.841999999999999,-0.092,-0.335
1.2251,-4.9522,9.914,9.841999999999999,0.092,-0.201
1.2251,-4.9752,10.0462,10.023,0.0,-0.268
1.2251,-5.0213,10.1784,10.204,0.0,-0.335
1.202,-5.1134,10.3106,10.474,0.0,-0.335
1.1558,-5.2055,10.4428,10.565,-0.185,-0.335
1.1326,-5.2286,10.7072,10.835999999999999,-0.185,-0.335
1.0864,-5.1825,10.575,10.655,-0.185,-0.335
1.1326,-5.2516,10.4428,10.655,-0.185,-0.403
1.1789,-5.4128,10.8393,11.197,-0.092,-0.335
1.1558,-5.551,11.3681,11.738999999999999,0.092,-0.268
1.1326,-5.528,11.1037,11.648,0.0,-0.335
1.0171,-5.3898,10.575,11.107,-0.371,-0.403
0.9477,-5.3207,10.4428,10.835999999999999,-0.5569999999999999,-0.403
0.9246,-5.3437,10.575,11.015999999999998,-0.5569999999999999,-0.403
0.9015,-5.4819,10.8393,11.378,-0.5569999999999999,-0.335
0.809,-5.5971,11.2359,11.829,-0.836,-0.47
0.9939,-5.528,11.1037,11.558,-0.27799999999999997,-0.47
1.1558,-5.3437,10.7072,11.107,-0.092,-0.335
1.1789,-5.2055,10.4428,10.384,-0.092,-0.335
1.0864,-5.0904,10.1784,10.023,-0.185,-0.268
0.8784,-5.0673,9.914,10.023,-0.65,-0.335
0.809,-5.0904,9.914,10.113000000000001,-0.7430000000000001,-0.403
0.7859,-4.9982,9.7818,9.841999999999999,-0.7430000000000001,-0.403
0.8784,-4.837,9.5175,9.391,-0.7430000000000001,-0.335
0.9708,-4.6988,9.1209,8.939,-0.5569999999999999,-0.268
0.9939,-4.5836,8.8565,8.578,-0.46399999999999997,-0.268
0.9939,-4.5145,8.7243,8.217,-0.46399999999999997,-0.268
0.9015,-4.4224,8.46,8.036,-0.65,-0.268
0.6934,-4.0769,7.799,7.404,-1.022,-0.201
0.6934,-4.0769,7.799,7.404,-1.022,-0.201
0.601,-3.8465,7.2703,6.501,-1.207,-0.268
0.6703,-3.8696,7.5346,6.772,-1.115,-0.335
0.6703,-3.8696,7.5346,6.772,-1.115,-0.335
0.809,-4.0078,7.6668,7.133000000000001,-0.836,-0.335
1.0171,-3.9847,7.799,7.043,-0.185,-0.201
1.0402,-3.9617,7.6668,6.953,-0.185,-0.335
0.9708,-3.9847,7.6668,6.953,-0.371,-0.268
0.8321,-3.9617,7.5346,6.953,-0.7430000000000001,-0.134
0.8321,-4.169,8.5922,7.675,-0.836,-0.268
0.809,-3.9617,8.5922,7.314,-0.836,-0.335
1.0864,-3.7544,8.8565,6.953,-0.371,-0.268
1.0633,-3.6623,8.8565,6.953,-0.27799999999999997,-0.268
1.0171,-4.2612,8.9887,8.126999999999999,-0.5569999999999999,-0.335
1.0171,-4.2612,8.9887,8.126999999999999,-0.5569999999999999,-0.335
1.0402,-3.9617,9.1209,7.495000000000001,-0.46399999999999997,-0.268
0.9246,-4.169,8.3278,7.314,-0.7430000000000001,-0.268
0.9477,-4.192,8.3278,7.495000000000001,-0.5569999999999999,-0.268
0.9477,-4.192,8.3278,7.495000000000001,-0.5569999999999999,-0.268
0.9708,-4.3994,8.7243,8.126999999999999,-0.65,-0.403
1.0402,-4.3763,8.8565,8.307,-0.46399999999999997,-0.403
1.0633,-4.3533,9.1209,8.398,-0.371,-0.403
1.0402,-4.0999,9.2531,7.946,-0.371,-0.268
1.0171,-3.8696,8.9887,7.314,-0.5569999999999999,-0.268
0.9708,-3.8465,8.8565,7.224,-0.65,-0.268
0.9939,-4.0538,8.5922,7.404,-0.65,-0.268
0.9015,-4.2612,8.3278,7.495000000000001,-0.7430000000000001,-0.335
0.9015,-4.2612,8.46,7.584999999999999,-0.7430000000000001,-0.403
0.9477,-4.2381,8.46,7.765,-0.65,-0.403
0.7628,-3.501,7.1381,5.869,-0.836,-0.268
0.7397,-3.2937,7.1381,5.237,-0.7430000000000001,-0.268
0.7397,-3.2937,7.1381,5.237,-0.7430000000000001,-0.268
0.7859,-3.0404,7.2703,5.056000000000001,-0.5569999999999999,-0.134
0.8552,-3.3628,7.4025,5.779,-0.5569999999999999,-0.201
0.9015,-3.6623,7.4025,6.411,-0.5569999999999999,-0.335
0.9015,-3.6392,7.0059,6.14,-0.65,-0.335
0.9015,-3.6392,7.0059,6.14,-0.65,-0.335
0.9015,-3.5932,7.0059,6.05,-0.5569999999999999,-0.335
0.9246,-3.6162,7.0059,6.14,-0.5569999999999999,-0.335
0.8784,-3.6623,7.1381,6.23,-0.5569999999999999,-0.335
0.601,-3.4089,7.2703,5.779,-1.022,-0.335
0.601,-3.4089,7.2703,5.779,-1.022,-0.335
0.7397,-3.3168,7.1381,5.507999999999999,-0.836,-0.268
0.7397,-3.3168,7.1381,5.507999999999999,-0.836,-0.268
1.0864,-3.6162,7.2703,6.05,-0.092,-0.335
1.0864,-3.6162,7.2703,6.05,-0.092,-0.335
1.0633,-3.8465,7.799,6.682,-0.371,-0.403
1.0633,-3.8465,7.9312,6.862,-0.371,-0.403
1.0171,-3.5701,7.2703,6.05,-0.371,-0.268
0.9477,-3.5241,7.1381,5.959,-0.5569999999999999,-0.268
0.9015,-3.5241,7.0059,5.869,-0.5569999999999999,-0.335
0.7397,-3.4319,7.0059,5.598,-0.836,-0.268
0.7165,-3.455,7.2703,5.869,-0.836,-0.335
0.809,-3.3628,7.4025,5.689,-0.7430000000000001,-0.268
0.9246,-3.2016,7.799,5.507999999999999,-0.371,-0.134
1.0864,-3.9617,8.3278,7.133000000000001,-0.371,-0.403
1.0864,-4.0078,8.46,7.224,-0.371,-0.403
1.0864,-3.8235,8.8565,7.224,-0.46399999999999997,-0.201
1.0171,-3.5701,8.5922,6.682,-0.46399999999999997,-0.201
1.0171,-3.3398,8.7243,6.23,-0.371,-0.067
1.0171,-3.4319,8.8565,6.501,-0.46399999999999997,-0.134
0.9939,-4.3303,9.1209,8.217,-0.65,-0.47
1.0402,-4.3072,9.3853,8.307,-0.46399999999999997,-0.403
1.0171,-3.6853,9.2531,7.224,-0.65,-0.134
0.9939,-3.2937,9.1209,6.411,-0.371,-0.067
0.9015,-2.9482,8.8565,5.598,-0.5569999999999999,0.067
0.9015,-3.3168,8.7243,6.14,-0.65,-0.067
0.9015,-4.0538,8.5922,7.314,-0.836,-0.335
0.9015,-3.8235,8.3278,6.772,-0.7430000000000001,-0.201
0.9246,-3.6162,8.1956,6.411,-0.65,-0.201
0.9015,-3.3398,8.3278,6.05,-0.65,-0.067
0.9015,-2.8331,8.5922,5.237,-0.371,0.134
0.9015,-2.7409,8.46,5.056000000000001,-0.371,0.201
0.8784,-3.0634,8.3278,5.507999999999999,-0.5569999999999999,0.134
0.8321,-3.9156,8.1956,7.043,-0.836,-0.268
0.7859,-3.5701,8.3278,6.23,-0.65,-0.403
0.7397,-3.3628,8.1956,5.959,-0.9289999999999999,-0.335
0.7628,-3.0404,8.3278,5.327,-0.5569999999999999,-0.201
0.9246,-2.764,8.46,4.966,-0.185,-0.201
1.0171,-2.81,8.46,5.056000000000001,-0.185,-0.201
0.9015,-3.6392,8.46,6.682,-0.7430000000000001,-0.403
0.8321,-3.6392,8.46,6.682,-0.7430000000000001,-0.47
1.0402,-4.3072,9.5175,8.036,-0.5569999999999999,-0.5369999999999999
1.0864,-4.3763,9.5175,8.398,-0.46399999999999997,-0.5369999999999999
1.1326,-4.2612,9.6497,8.126999999999999,-0.27799999999999997,-0.47
1.202,-4.2151,9.6497,8.126999999999999,-0.185,-0.47
1.202,-4.192,9.6497,7.946,-0.185,-0.5369999999999999
1.1326,-4.146,9.5175,7.946,-0.27799999999999997,-0.5369999999999999
1.1095,-4.3533,9.2531,8.217,-0.371,-0.604
0.9939,-4.4915,9.1209,8.217,-0.5569999999999999,-0.671
0.9015,-3.9617,8.9887,7.314,-0.836,-0.47
0.809,-4.0769,8.9887,7.584999999999999,-0.9289999999999999,-0.335
0.809,-4.169,9.1209,7.856,-1.022,-0.47
0.9246,-4.3533,9.2531,8.307,-0.7430000000000001,-0.5369999999999999
0.9246,-4.3533,9.2531,8.307,-0.7430000000000001,-0.5369999999999999
0.9477,-4.3072,9.2531,8.126999999999999,-0.7430000000000001,-0.403
0.9708,-3.8005,9.5175,7.404,-0.5569999999999999,-0.335
0.8321,-2.3033,9.5175,4.785,-0.371,0.134
0.9015,-2.3033,9.6497,4.8759999999999994,-0.27799999999999997,0.134
0.8784,-2.1421,9.7818,4.605,-0.092,0.201
0.809,-2.0499,9.7818,4.515000000000001,-0.27799999999999997,0.201
0.8552,-2.3724,9.914,5.147,-0.27799999999999997,0.201
0.8784,-2.3033,9.914,5.056000000000001,-0.27799999999999997,0.134
0.9015,-2.2112,9.914,4.966,-0.371,0.201
0.8321,-1.5432,9.914,3.702,-0.185,0.403
0.7628,0.5297,10.0462,0.541,0.27799999999999997,1.0739999999999998
0.7628,0.5297,10.0462,0.541,0.27799999999999997,1.0739999999999998
0.6703,0.4606,9.7818,0.6320000000000001,0.0,1.007
0.6241,0.3685,9.7818,0.8119999999999999,0.0,1.0739999999999998
0.601,0.6679,9.6497,0.361,-0.092,1.141
0.601,0.9443,9.5175,-0.27,0.092,1.2089999999999999
0.6703,0.8292,9.3853,0.0,0.092,1.2089999999999999
0.7628,1.0595,9.6497,-0.361,0.46399999999999997,1.2089999999999999
0.7165,3.1325,9.3853,-2.889,0.5569999999999999,1.88
0.6703,3.1555,9.2531,-2.889,0.371,1.947
0.6241,3.455,9.2531,-3.612,0.46399999999999997,1.88
0.6241,3.455,9.2531,-3.612,0.46399999999999997,1.88
0.5779,3.455,9.1209,-3.612,0.371,1.947
0.5547,3.6392,9.1209,-3.792,0.185,1.947
0.601,3.2246,9.2531,-2.7089999999999996,0.27799999999999997,1.88
0.6241,3.2246,9.3853,-2.799,0.371,1.947
0.6934,3.1786,8.7243,-2.618,0.371,1.612
0.6934,2.9713,8.8565,-2.167,0.092,1.544
0.6472,3.0864,8.8565,-2.4379999999999997,0.092,1.4769999999999999
0.6703,3.4089,8.5922,-3.25,0.371,1.544
0.7165,3.3398,8.7243,-3.07,0.46399999999999997,1.612
0.7628,3.2246,8.8565,-2.7089999999999996,0.46399999999999997,1.6789999999999998
0.6472,3.455,8.7243,-3.16,0.371,1.6789999999999998
0.6472,3.3398,7.799,-3.25,0.27799999999999997,1.544
0.7165,2.9022,8.0634,-2.5280000000000005,0.185,1.41
0.6703,2.9252,7.9312,-2.618,0.185,1.544
0.6472,3.2477,7.9312,-3.07,0.27799999999999997,1.544
0.7165,3.6853,8.0634,-3.702,0.5569999999999999,1.612
0.7165,3.6853,8.0634,-3.702,0.5569999999999999,1.612
0.8552,3.8465,9.5175,-3.612,1.022,1.6789999999999998
0.9015,3.6392,9.3853,-3.16,0.9289999999999999,1.746
0.8321,3.7774,9.3853,-3.431,0.9289999999999999,1.6789999999999998
0.7397,4.1229,9.2531,-3.8819999999999997,0.65,1.612
0.7397,4.1229,9.2531,-3.8819999999999997,0.65,1.612
0.7628,4.0538,9.3853,-3.792,0.836,1.6789999999999998
0.601,3.5701,8.7243,-3.16,0.092,1.612
0.7397,3.1325,9.1209,-2.167,0.371,1.612
0.8552,3.2477,9.5175,-2.347,0.65,1.544
0.7859,3.5701,9.2531,-2.799,0.5569999999999999,1.544
0.7397,4.3763,9.2531,-4.244,0.65,1.746
0.7859,4.5145,9.2531,-4.605,0.7430000000000001,1.813
0.809,4.4685,9.2531,-4.515000000000001,1.022,1.746
0.8552,4.3763,9.2531,-4.424,0.836,1.746
0.6703,4.3072,8.9887,-4.244,0.46399999999999997,1.6789999999999998
0.6241,4.2151,8.8565,-4.244,0.46399999999999997,1.6789999999999998
0.5316,4.2151,8.8565,-4.1530000000000005,0.185,1.6789999999999998
0.601,4.146,8.7243,-4.1530000000000005,0.371,1.544
0.7859,4.0999,8.7243,-4.334,0.836,1.41
0.7859,4.0999,8.7243,-4.334,0.836,1.41
0.809,4.192,8.7243,-4.244,0.836,1.612
0.7628,4.169,8.7243,-4.244,0.65,1.612
0.7165,4.146,8.5922,-4.244,0.65,1.612
0.6703,4.0999,8.5922,-4.244,0.46399999999999997,1.544
0.6934,4.0538,8.46,-4.1530000000000005,0.5569999999999999,1.4769999999999999
0.809,3.9847,8.3278,-4.063,0.7430000000000001,1.4769999999999999
0.8552,3.9847,8.46,-4.063,0.836,1.4769999999999999
0.6472,3.9847,8.3278,-3.973,0.27799999999999997,1.544
0.5316,3.9156,8.1956,-3.973,0.092,1.544
0.6472,3.6623,7.9312,-3.8819999999999997,0.185,1.41
0.7165,3.501,7.6668,-3.612,0.46399999999999997,1.41
0.6703,3.501,7.799,-3.612,0.371,1.343
0.5779,3.6392,8.0634,-3.792,0.092,1.343
0.4392,3.9156,8.1956,-3.792,-0.092,1.4769999999999999
0.6934,3.9617,8.1956,-3.973,0.65,1.41
0.6934,3.9617,8.1956,-3.973,0.65,1.41
0.9477,3.8696,8.46,-3.973,0.9289999999999999,1.343
0.6703,4.1229,8.7243,-4.1530000000000005,0.5569999999999999,1.41
0.7859,4.169,8.8565,-4.244,0.7430000000000001,1.544
0.6472,4.3303,9.2531,-4.1530000000000005,0.46399999999999997,1.6789999999999998
0.5779,4.5606,9.5175,-4.334,0.5569999999999999,1.612
0.5779,4.7679,9.7818,-4.515000000000001,0.65,1.6789999999999998
0.6934,4.814,9.914,-4.605,0.836,1.746
0.8321,4.7449,9.7818,-4.424,1.022,1.746
0.8784,4.6758,9.6497,-4.424,1.207,1.746
0.8552,4.7679,9.914,-4.515000000000001,0.9289999999999999,1.612
0.6472,4.837,9.6497,-4.515000000000001,0.65,1.612
0.7628,4.7679,9.5175,-4.515000000000001,0.836,1.6789999999999998
0.7628,4.7679,9.5175,-4.515000000000001,0.836,1.6789999999999998
0.8321,4.7218,9.5175,-4.515000000000001,1.022,1.746
0.8552,4.6758,9.3853,-4.424,1.022,1.612
0.8784,4.6758,9.3853,-4.515000000000001,1.115,1.612
0.8552,4.7218,9.5175,-4.515000000000001,1.115,1.544
0.7859,4.7218,9.5175,-4.424,0.9289999999999999,1.6789999999999998
0.601,4.7679,9.5175,-4.424,0.5569999999999999,1.6789999999999998
0.5779,4.814,9.6497,-4.515000000000001,0.46399999999999997,1.6789999999999998
0.6703,4.9291,9.7818,-4.605,0.7430000000000001,1.6789999999999998
0.7628,4.9982,10.0462,-4.694999999999999,1.022,1.6789999999999998
0.809,5.0443,10.0462,-4.694999999999999,1.115,1.544
0.809,5.1595,10.1784,-4.694999999999999,1.115,1.746
0.809,5.1595,10.1784,-4.694999999999999,1.115,1.746
0.6934,5.2516,10.3106,-4.694999999999999,0.7430000000000001,1.813
0.6241,5.2746,10.3106,-4.694999999999999,0.7430000000000001,1.6789999999999998
0.5779,5.2977,10.3106,-4.605,0.7430000000000001,1.6789999999999998
0.5779,5.3437,10.4428,-4.694999999999999,0.7430000000000001,1.6789999999999998
0.6703,5.4819,10.7072,-4.605,0.836,1.813
0.7628,5.505,10.7072,-4.694999999999999,1.115,1.746
0.7628,5.505,10.7072,-4.694999999999999,1.115,1.746
0.7397,5.5971,10.8393,-4.605,1.207,1.746
0.7397,5.6201,10.9715,-4.694999999999999,1.022,1.746
0.7397,5.6432,10.9715,-4.694999999999999,1.022,1.746
0.7165,5.551,10.7072,-4.515000000000001,1.022,1.813
0.7397,5.505,10.575,-4.605,1.115,1.813
0.7628,5.4819,10.575,-4.605,1.115,1.6789999999999998
0.7397,5.528,10.575,-4.515000000000001,1.022,1.746
0.601,5.551,10.7072,-4.424,0.65,1.6789999999999998
0.4392,5.5741,10.7072,-4.515000000000001,0.46399999999999997,1.6789999999999998
0.5085,5.5741,10.7072,-4.515000000000001,0.5569999999999999,1.746
0.5085,5.5741,10.7072,-4.515000000000001,0.5569999999999999,1.746
0.809,5.6201,10.8393,-4.605,1.115,1.813
0.9246,5.6662,10.9715,-4.515000000000001,1.393,1.813
0.7165,5.6892,10.8393,-4.694999999999999,1.022,1.88
0.2773,5.505,10.575,-4.334,-0.092,1.746
0.4854,5.4819,10.575,-4.334,0.46399999999999997,1.612
0.4854,5.4819,10.575,-4.334,0.46399999999999997,1.612
0.7628,5.505,10.4428,-4.515000000000001,1.207,1.746
0.8552,5.1595,9.7818,-4.424,1.207,1.544
0.7397,5.0443,9.7818,-4.334,0.836,1.544
0.6934,5.1595,9.6497,-4.424,0.836,1.612
0.6934,5.1134,9.7818,-4.244,0.836,1.612
0.7628,5.2746,9.914,-4.244,1.022,1.746
0.7397,5.2977,9.914,-4.334,0.9289999999999999,1.6789999999999998
0.6241,5.1595,9.5175,-4.424,0.65,1.544
0.6241,4.9522,9.2531,-4.1530000000000005,0.371,1.544
0.601,4.7218,8.8565,-4.063,0.371,1.544
0.7628,4.6067,8.7243,-4.063,0.7430000000000001,1.4769999999999999
0.5316,4.5836,8.7243,-3.8819999999999997,0.27799999999999997,1.4769999999999999
0.6241,4.814,8.9887,-4.063,0.5569999999999999,1.544
0.6241,4.814,8.9887,-4.063,0.5569999999999999,1.544
0.9015,4.6067,8.5922,-3.973,1.022,1.612
0.7628,4.4224,8.3278,-3.973,0.7430000000000001,1.41
0.6703,4.192,7.9312,-3.702,0.46399999999999997,1.343
0.6241,4.0769,7.9312,-3.612,0.27799999999999997,1.41
0.7859,4.5145,8.3278,-4.063,0.7430000000000001,1.343
0.6703,4.3763,8.3278,-3.792,0.46399999999999997,1.4769999999999999
0.6472,4.169,7.9312,-3.792,0.27799999999999997,1.2759999999999998
0.6934,4.169,7.9312,-3.702,0.371,1.343
0.6934,4.169,7.9312,-3.702,0.371,1.343
0.6703,3.8005,7.5346,-3.341,0.185,1.343
0.7165,3.5932,7.4025,-3.07,0.27799999999999997,1.2759999999999998
0.7397,4.146,7.799,-3.702,0.46399999999999997,1.343
0.6241,4.169,7.9312,-3.702,0.371,1.41
0.6241,4.192,7.9312,-3.792,0.27799999999999997,1.343
0.7165,4.192,7.9312,-3.702,0.5569999999999999,1.41
0.7397,4.192,7.9312,-3.792,0.5569999999999999,1.41
0.7859,4.2842,8.1956,-3.973,0.7430000000000001,1.4769999999999999
0.7859,4.3533,8.3278,-3.8819999999999997,0.836,1.41
0.7628,4.4454,8.46,-3.973,0.65,1.4769999999999999
0.7628,4.5145,8.46,-4.063,0.7430000000000001,1.343
0.7397,4.5606,8.5922,-4.063,0.7430000000000001,1.343
0.7397,4.6527,8.8565,-4.1530000000000005,0.836,1.343
0.7397,4.6527,8.8565,-4.1530000000000005,0.836,1.343
0.7628,4.8831,9.2531,-4.244,0.836,1.4769999999999999
0.7859,5.2055,9.7818,-4.515000000000001,0.9289999999999999,1.6789999999999998
0.809,5.2055,9.6497,-4.605,1.115,1.544
0.8552,5.1134,9.6497,-4.515000000000001,1.207,1.544
0.7397,5.0904,9.5175,-4.424,0.9289999999999999,1.544
0.6703,5.1825,9.6497,-4.334,0.7430000000000001,1.544
0.601,5.2746,9.914,-4.515000000000001,0.65,1.544
0.5547,5.3898,10.0462,-4.515000000000001,0.7430000000000001,1.544
0.6472,5.3898,9.914,-4.605,0.7430000000000001,1.612
0.7397,5.3437,9.914,-4.694999999999999,0.9289999999999999,1.544
0.7397,5.2746,9.7818,-4.605,0.9289999999999999,1.612
0.7628,5.2055,9.6497,-4.515000000000001,0.9289999999999999,1.544
0.6703,5.1595,9.3853,-4.515000000000001,0.7430000000000001,1.612
0.6241,5.1134,9.3853,-4.515000000000001,0.65,1.544
0.6241,5.1134,9.3853,-4.515000000000001,0.65,1.544
0.601,5.0213,9.2531,-4.515000000000001,0.5569999999999999,1.612
0.6241,4.9752,9.2531,-4.334,0.5569999999999999,1.6789999999999998
0.6241,4.86,9.1209,-4.244,0.46399999999999997,1.544
0.6241,4.6988,8.7243,-4.244,0.5569999999999999,1.4769999999999999
0.7165,4.9291,9.2531,-4.244,0.836,1.544
0.7165,4.9291,9.2531,-4.244,0.836,1.544
0.6472,5.0673,9.2531,-4.424,0.7430000000000001,1.612
0.6472,4.9522,9.2531,-4.334,0.65,1.4769999999999999
0.6703,4.814,8.9887,-4.1530000000000005,0.65,1.4769999999999999
0.6703,4.5145,8.3278,-4.063,0.5569999999999999,1.343
0.6703,4.5145,8.3278,-4.063,0.5569999999999999,1.343
0.5779,4.3533,8.3278,-3.792,0.092,1.41
0.4392,4.3072,8.5922,-3.431,-0.092,1.41
0.4392,4.7218,8.7243,-3.973,0.185,1.343
0.601,4.6067,8.46,-3.973,0.371,1.41
0.7628,4.169,7.9312,-3.702,0.5569999999999999,1.2759999999999998
0.7397,4.0308,7.6668,-3.702,0.5569999999999999,1.2089999999999999
0.6703,4.0999,7.799,-3.702,0.27799999999999997,1.2759999999999998
0.601,4.169,7.9312,-3.702,0.27799999999999997,1.343
0.5085,4.192,8.0634,-3.702,0.092,1.41
0.4854,4.2842,8.1956,-3.612,0.0,1.41
0.601,4.3994,8.1956,-3.792,0.27799999999999997,1.41
0.6934,4.146,7.799,-3.702,0.371,1.2759999999999998
0.5316,4.0538,7.6668,-3.612,0.092,1.343
0.5316,4.0538,7.6668,-3.612,0.092,1.343
0.4392,4.0308,7.6668,-3.612,-0.27799999999999997,1.343
0.4392,4.0308,7.6668,-3.612,-0.27799999999999997,1.343
0.7628,4.0078,7.6668,-3.612,0.5569999999999999,1.2089999999999999
0.8784,3.8926,7.6668,-3.612,0.7430000000000001,1.2089999999999999
0.7397,3.9387,7.4025,-3.612,0.5569999999999999,1.2089999999999999
0.416,3.9617,7.6668,-3.5210000000000004,-0.092,1.2089999999999999
0.2311,4.0078,7.799,-3.341,-0.5569999999999999,1.343
0.3467,4.0999,7.799,-3.612,-0.371,1.343
0.6472,4.146,7.9312,-3.702,0.371,1.343
1.1095,4.1229,8.1956,-3.702,1.3,1.343
0.8552,4.3763,8.5922,-3.8819999999999997,0.9289999999999999,1.41
0.7628,4.6067,8.7243,-4.063,0.7430000000000001,1.4769999999999999
0.7165,4.7218,8.8565,-4.1530000000000005,0.7430000000000001,1.41
0.7397,4.7679,8.9887,-4.1530000000000005,0.7430000000000001,1.544
0.7628,4.7449,8.8565,-4.1530000000000005,0.836,1.41
0.7628,4.7449,8.8565,-4.1530000000000005,0.836,1.41
0.601,4.814,8.9887,-4.244,0.65,1.343
0.6472,4.8831,9.1209,-4.244,0.5569999999999999,1.41
0.7628,4.9522,9.2531,-4.424,0.836,1.4769999999999999
0.8321,4.9752,9.2531,-4.424,1.022,1.4769999999999999
0.8552,4.9522,9.2531,-4.334,1.022,1.544
0.8321,4.9522,9.2531,-4.515000000000001,0.9289999999999999,1.4769999999999999
0.7165,5.1134,9.3853,-4.515000000000001,0.836,1.4769999999999999
0.7397,5.1595,9.5175,-4.515000000000001,0.9289999999999999,1.612
0.7397,5.2055,9.5175,-4.515000000000001,1.022,1.4769999999999999
0.7628,5.1825,9.5175,-4.515000000000001,0.836,1.612
0.7628,5.1825,9.3853,-4.605,0.836,1.544
0.7397,5.1134,9.2531,-4.605,0.9289999999999999,1.4769999999999999
0.7859,5.0904,9.5175,-4.515000000000001,0.9289999999999999,1.4769999999999999
0.7859,5.0904,9.5175,-4.515000000000001,0.836,1.544
0.7628,5.1364,9.3853,-4.515000000000001,0.9289999999999999,1.544
0.7397,5.2286,9.3853,-4.605,0.9289999999999999,1.4769999999999999
0.7165,5.1595,9.3853,-4.605,0.836,1.544
0.6934,5.2055,9.3853,-4.605,0.836,1.612
0.6934,5.1825,9.5175,-4.515000000000001,0.836,1.544
0.6241,5.2746,9.6497,-4.515000000000001,0.65,1.4769999999999999
0.6703,5.3437,9.7818,-4.605,0.7430000000000001,1.4769999999999999
0.6703,5.4128,9.914,-4.605,0.836,1.4769999999999999
0.6934,5.4819,9.7818,-4.605,0.836,1.4769999999999999
0.7628,5.4819,9.914,-4.785,1.115,1.4769999999999999
0.7628,5.4819,9.914,-4.785,1.115,1.4769999999999999
0.7165,5.551,10.1784,-4.8759999999999994,1.115,1.612
0.6934,5.5971,10.1784,-4.8759999999999994,1.022,1.4769999999999999
0.6934,5.5741,10.1784,-4.785,0.836,1.6789999999999998
0.6703,5.5741,10.1784,-4.785,0.836,1.544
0.6241,5.7583,10.4428,-4.694999999999999,0.836,1.544
0.6241,5.7583,10.4428,-4.694999999999999,0.836,1.544
0.7397,5.8505,10.4428,-4.8759999999999994,1.207,1.544
0.7165,5.4128,9.7818,-4.605,0.836,1.4769999999999999
0.7165,5.4128,9.7818,-4.605,0.836,1.4769999999999999
0.7397,4.837,9.6497,-3.612,0.7430000000000001,1.4769999999999999
0.6703,4.7679,9.7818,-3.341,0.65,1.4769999999999999
0.7165,4.7218,10.1784,-2.979,0.65,1.41
0.7165,4.7218,10.1784,-2.979,0.65,1.41
0.601,5.3668,10.3106,-3.973,0.65,1.4769999999999999
0.6241,5.551,9.914,-4.694999999999999,0.9289999999999999,1.544
0.6241,5.3207,9.3853,-4.515000000000001,0.65,1.4769999999999999
0.601,5.0673,9.1209,-4.424,0.5569999999999999,1.4769999999999999
0.6472,5.0443,9.1209,-4.424,0.7430000000000001,1.544
0.6472,5.1825,9.1209,-4.515000000000001,0.7430000000000001,1.544
0.6703,5.1595,9.1209,-4.515000000000001,0.65,1.544
0.6703,5.1134,8.9887,-4.424,0.7430000000000001,1.4769999999999999
0.6472,5.1595,8.9887,-4.424,0.7430000000000001,1.41
0.6472,5.1595,8.9887,-4.424,0.7430000000000001,1.41
0.601,4.9982,8.8565,-4.244,0.46399999999999997,1.2759999999999998
0.601,4.9982,8.8565,-4.244,0.46399999999999997,1.2759999999999998
0.6472,4.9291,8.7243,-4.244,0.371,1.343
0.7397,4.837,8.7243,-4.334,0.7430000000000001,1.4769999999999999
0.7397,4.7909,8.5922,-4.1530000000000005,0.7430000000000001,1.41
0.601,4.6758,8.46,-4.1530000000000005,0.46399999999999997,1.544
0.601,4.6988,8.46,-4.063,0.46399999999999997,1.41
0.6472,4.7218,8.46,-4.063,0.5569999999999999,1.544
0.7628,4.7449,8.46,-4.1530000000000005,0.65,1.4769999999999999
0.7859,4.7449,8.46,-4.063,0.7430000000000001,1.41
0.6472,4.6527,8.0634,-3.8819999999999997,0.46399999999999997,1.2759999999999998
0.6241,4.5606,8.0634,-3.792,0.371,1.343
0.5779,4.4454,7.799,-3.973,0.27799999999999997,1.2759999999999998
0.5779,4.3303,7.799,-3.792,0.27799999999999997,1.2759999999999998
0.6472,4.3303,7.9312,-3.702,0.371,1.2759999999999998
0.6703,4.6067,8.1956,-3.8819999999999997,0.46399999999999997,1.343
0.6472,4.6297,8.1956,-3.973,0.371,1.343
0.6703,4.6067,8.0634,-3.8819999999999997,0.5569999999999999,1.2759999999999998
0.6703,4.5145,7.9312,-3.973,0.46399999999999997,1.2759999999999998
0.6472,4.4685,7.9312,-3.792,0.46399999999999997,1.343
0.601,4.5145,8.0634,-3.792,0.27799999999999997,1.343
0.601,4.5606,8.0634,-3.792,0.371,1.343
0.6241,4.5376,8.1956,-3.8819999999999997,0.46399999999999997,1.2759999999999998
0.6241,4.5376,8.0634,-3.792,0.371,1.2759999999999998
0.601,4.4915,7.9312,-3.792,0.27799999999999997,1.343
0.6472,4.4685,7.9312,-3.792,0.46399999999999997,1.343
0.6703,4.4685,8.0634,-3.8819999999999997,0.5569999999999999,1.343
0.6703,4.5145,8.0634,-3.8819999999999997,0.5569999999999999,1.2759999999999998
0.6703,4.5376,8.0634,-3.8819999999999997,0.46399999999999997,1.2759999999999998
0.7859,4.4915,8.1956,-3.8819999999999997,0.836,1.41
0.7397,4.5145,8.0634,-3.792,0.65,1.41
0.6934,4.5376,8.0634,-3.792,0.46399999999999997,1.41
0.6703,4.5836,8.1956,-3.8819999999999997,0.46399999999999997,1.41
0.6472,4.6758,8.3278,-3.973,0.46399999999999997,1.343
0.6241,4.6527,8.1956,-3.973,0.371,1.343
0.7859,4.5145,8.0634,-3.973,0.7430000000000001,1.343
0.809,4.4685,8.1956,-3.973,0.7430000000000001,1.343
0.7859,4.4454,8.0634,-3.8819999999999997,0.65,1.343
0.7397,4.5376,8.0634,-3.792,0.5569999999999999,1.41
0.7165,4.5836,8.0634,-3.792,0.46399999999999997,1.343
0.6934,4.5836,8.1956,-3.8819999999999997,0.5569999999999999,1.343
0.6934,4.5145,8.1956,-3.8819999999999997,0.65,1.343
0.6934,4.4454,8.0634,-3.973,0.5569999999999999,1.343
0.6934,4.4224,7.9312,-3.8819999999999997,0.46399999999999997,1.343
0.7165,4.4224,7.9312,-3.792,0.5569999999999999,1.343
0.6934,4.4685,8.0634,-3.973,0.46399999999999997,1.2759999999999998
0.6703,4.4224,7.9312,-3.792,0.371,1.343
0.6472,4.3303,7.6668,-3.792,0.371,1.2759999999999998
0.601,4.1229,7.4025,-3.702,0.092,1.2759999999999998
0.601,4.0078,7.2703,-3.612,0.092,1.141
0.6934,3.9617,7.5346,-3.341,0.27799999999999997,1.2089999999999999
0.7859,3.9387,7.799,-3.07,0.46399999999999997,1.2759999999999998
0.7165,4.3763,8.0634,-3.702,0.65,1.2759999999999998
0.6703,4.4454,8.0634,-3.8819999999999997,0.46399999999999997,1.2759999999999998
0.6472,4.3994,7.9312,-3.792,0.27799999999999997,1.343
0.6703,4.4224,7.9312,-3.8819999999999997,0.46399999999999997,1.343
0.6472,4.5145,8.0634,-3.8819999999999997,0.27799999999999997,1.343
0.6241,4.6297,8.3278,-3.973,0.46399999999999997,1.343
0.7397,4.86,8.5922,-4.334,0.5569999999999999,1.343
0.8321,4.8831,8.7243,-4.334,0.9289999999999999,1.343
0.8321,4.9291,8.9887,-4.244,0.7430000000000001,1.41
0.7628,5.0904,9.3853,-4.244,0.836,1.4769999999999999
0.6241,5.2977,9.6497,-4.334,0.5569999999999999,1.41
0.5779,5.551,9.914,-4.515000000000001,0.65,1.41
0.8552,5.5971,10.0462,-4.694999999999999,1.207,1.612
0.7628,5.8965,10.4428,-4.785,0.836,1.4769999999999999
0.7165,5.8965,10.4428,-4.785,0.836,1.544
0.7397,5.8735,10.3106,-4.785,0.9289999999999999,1.544
0.7397,5.8044,10.3106,-4.694999999999999,0.9289999999999999,1.4769999999999999
0.7397,5.8044,10.3106,-4.694999999999999,0.9289999999999999,1.4769999999999999
0.7165,5.8505,10.575,-4.515000000000001,0.836,1.612
0.7628,5.9426,10.575,-4.694999999999999,1.022,1.544
0.7859,6.1038,10.575,-4.966,1.022,1.544
0.7165,6.1038,10.575,-5.056000000000001,0.9289999999999999,1.4769999999999999
0.6472,6.0808,10.7072,-4.8759999999999994,0.836,1.612
0.5779,6.1038,10.8393,-4.966,0.7430000000000001,1.612
0.6241,6.1729,10.8393,-4.966,0.836,1.544
0.7165,6.196,10.8393,-5.056000000000001,0.9289999999999999,1.4769999999999999
0.809,6.1729,10.7072,-4.966,1.115,1.4769999999999999
0.7397,6.1499,10.7072,-4.966,1.115,1.544
0.6934,6.1499,10.8393,-4.966,0.836,1.4769999999999999
0.6241,6.1499,10.7072,-4.966,0.7430000000000001,1.4769999999999999
0.6241,6.1269,10.575,-4.8759999999999994,0.7430000000000001,1.4769999999999999
0.6472,5.6432,9.914,-4.605,0.65,1.343
0.6472,5.6432,9.914,-4.605,0.65,1.343
0.7397,5.4819,9.6497,-4.515000000000001,0.7430000000000001,1.41
0.7859,5.4589,9.5175,-4.424,0.7430000000000001,1.41
0.7165,5.528,9.5175,-4.334,0.7430000000000001,1.41
0.6241,5.6892,9.7818,-4.424,0.65,1.343
0.6472,5.7353,9.7818,-4.515000000000001,0.65,1.343
0.6241,5.6662,9.7818,-4.515000000000001,0.7430000000000001,1.41
0.6241,5.5741,9.5175,-4.424,0.5569999999999999,1.41
0.6472,5.551,9.6497,-4.424,0.5569999999999999,1.41
0.6703,5.551,9.5175,-4.424,0.65,1.343
0.6703,5.4359,9.2531,-4.424,0.65,1.343
0.6934,5.3437,9.1209,-4.424,0.836,1.41
0.7165,5.2516,8.8565,-4.244,0.65,1.41
0.7165,5.1825,8.7243,-4.1530000000000005,0.46399999999999997,1.41
0.6703,5.0904,8.5922,-4.244,0.5569999999999999,1.41
0.6934,5.2055,8.8565,-4.063,0.5569999999999999,1.343
0.7397,5.2055,8.9887,-4.1530000000000005,0.5569999999999999,1.343
0.7397,5.1825,8.8565,-4.1530000000000005,0.7430000000000001,1.41
0.7628,5.1134,8.7243,-4.244,0.7430000000000001,1.343
0.7628,4.9522,8.5922,-4.063,0.7430000000000001,1.2759999999999998
0.7165,4.9291,8.46,-3.973,0.65,1.2759999999999998
0.7165,4.9291,8.46,-3.973,0.65,1.2759999999999998
0.601,4.8831,8.3278,-3.792,0.185,1.343
0.6241,4.9061,8.46,-3.973,0.27799999999999997,1.2759999999999998
0.6472,4.9061,8.46,-3.8819999999999997,0.371,1.2759999999999998
0.6703,4.9291,8.46,-3.973,0.371,1.343
0.7165,4.8831,8.46,-3.973,0.5569999999999999,1.2759999999999998
0.6934,4.8831,8.46,-3.973,0.5569999999999999,1.343
0.7165,4.837,8.46,-3.973,0.5569999999999999,1.2759999999999998
0.7165,4.837,8.46,-3.973,0.5569999999999999,1.2759999999999998
0.7397,4.86,8.46,-3.973,0.5569999999999999,1.2759999999999998
0.7165,4.86,8.46,-3.973,0.5569999999999999,1.343
0.6934,4.86,8.46,-3.973,0.5569999999999999,1.2759999999999998
0.6934,4.9752,8.5922,-3.8819999999999997,0.46399999999999997,1.343
0.6934,4.9752,8.5922,-3.8819999999999997,0.46399999999999997,1.343
0.6934,5.0213,8.7243,-3.973,0.5569999999999999,1.2759999999999998
0.7397,4.9982,8.7243,-4.063,0.65,1.343
0.7397,4.9752,8.7243,-4.063,0.65,1.343
0.7628,4.9522,8.5922,-3.973,0.5569999999999999,1.2759999999999998
0.7165,4.9291,8.5922,-3.973,0.5569999999999999,1.2759999999999998
0.7165,5.0213,8.7243,-3.973,0.65,1.41
0.6934,5.0904,8.7243,-4.063,0.65,1.343
0.7165,5.1134,8.7243,-4.1530000000000005,0.65,1.41
0.7397,5.1134,8.8565,-4.063,0.5569999999999999,1.41
0.7165,5.0904,8.5922,-4.1530000000000005,0.5569999999999999,1.2759999999999998
0.7397,5.0673,8.7243,-4.1530000000000005,0.5569999999999999,1.343
0.7397,5.0673,8.7243,-4.1530000000000005,0.5569999999999999,1.343
0.7165,5.0213,8.5922,-4.244,0.5569999999999999,1.343
0.6934,5.0213,8.5922,-4.063,0.5569999999999999,1.2759999999999998
0.6934,5.0673,8.7243,-4.1530000000000005,0.46399999999999997,1.343
0.6472,5.1595,8.8565,-4.063,0.371,1.41
0.6703,5.2516,8.9887,-4.1530000000000005,0.46399999999999997,1.41
0.7165,5.3437,9.1209,-4.244,0.65,1.343
0.7165,5.4359,9.2531,-4.334,0.65,1.41
0.7397,5.505,9.2531,-4.334,0.7430000000000001,1.343
0.7859,5.528,9.3853,-4.424,0.836,1.41
0.7165,5.6201,9.5175,-4.334,0.7430000000000001,1.41
0.6934,5.6892,9.5175,-4.424,0.7430000000000001,1.41
0.7165,5.7583,9.7818,-4.605,0.836,1.41
0.7165,5.8044,9.914,-4.605,0.836,1.41
0.7165,5.8044,9.914,-4.605,0.836,1.41
0.6934,5.8274,9.7818,-4.605,0.7430000000000001,1.4769999999999999
0.6934,5.8274,9.7818,-4.605,0.7430000000000001,1.4769999999999999
0.6703,5.8044,9.7818,-4.515000000000001,0.5569999999999999,1.41
0.6472,5.7583,9.6497,-4.515000000000001,0.7430000000000001,1.41
0.6472,5.6892,9.5175,-4.424,0.65,1.41
0.6934,5.2746,8.7243,-4.244,0.46399999999999997,1.343
0.6934,5.0673,8.5922,-4.1530000000000005,0.5569999999999999,1.343
0.6934,4.9522,8.46,-4.063,0.371,1.2089999999999999
0.6472,4.9522,8.46,-4.063,0.371,1.343
0.6241,5.2516,8.7243,-4.1530000000000005,0.46399999999999997,1.343
0.6241,5.2977,8.7243,-4.334,0.371,1.343
0.601,5.1825,8.46,-4.1530000000000005,0.27799999999999997,1.2759999999999998
0.6703,5.0443,8.46,-4.063,0.46399999999999997,1.2759999999999998
0.6934,4.9291,8.3278,-4.063,0.5569999999999999,1.2759999999999998
0.601,4.9061,8.1956,-3.973,0.371,1.343
0.6703,4.6527,7.799,-3.792,0.371,1.2089999999999999
0.6934,4.6988,7.9312,-3.702,0.371,1.2089999999999999
0.6472,4.7909,8.1956,-3.8819999999999997,0.371,1.141
0.6472,4.9291,8.3278,-3.8819999999999997,0.46399999999999997,1.343
0.6703,5.0213,8.46,-4.063,0.5569999999999999,1.343
0.7628,5.0213,8.46,-4.063,0.7430000000000001,1.343
0.7859,4.9522,8.3278,-3.973,0.7430000000000001,1.2759999999999998
0.809,4.9291,8.1956,-3.973,0.836,1.2759999999999998
0.7859,4.9752,8.46,-4.063,0.65,1.2759999999999998
0.7165,5.0673,8.5922,-4.063,0.65,1.2759999999999998
0.7165,5.2516,8.7243,-4.244,0.5569999999999999,1.41
0.7165,5.2977,8.7243,-4.244,0.5569999999999999,1.41
0.7628,5.3207,8.8565,-4.334,0.65,1.41
0.7628,5.3207,8.8565,-4.244,0.7430000000000001,1.41
0.8321,5.2977,8.7243,-4.334,0.9289999999999999,1.41
0.8321,5.2746,8.7243,-4.334,0.9289999999999999,1.2759999999999998
0.7859,5.2746,8.7243,-4.334,0.836,1.2759999999999998
0.7165,5.2746,8.7243,-4.244,0.65,1.343
0.6703,5.3437,8.8565,-4.244,0.5569999999999999,1.2759999999999998
0.6703,5.4128,8.9887,-4.244,0.5569999999999999,1.2089999999999999
0.6934,5.4128,9.1209,-4.244,0.65,1.2759999999999998
0.7397,5.4359,8.9887,-4.334,0.7430000000000001,1.4769999999999999
0.809,5.4819,9.1209,-4.334,0.9289999999999999,1.343
0.809,5.4819,9.1209,-4.334,0.9289999999999999,1.343
0.809,5.505,9.1209,-4.424,1.022,1.343
0.601,5.6662,9.3853,-4.334,0.7430000000000001,1.343
0.601,5.7583,9.5175,-4.515000000000001,0.5569999999999999,1.41
0.601,5.7583,9.5175,-4.515000000000001,0.5569999999999999,1.41
0.6703,5.8274,9.6497,-4.515000000000001,0.7430000000000001,1.4769999999999999
0.7859,5.8735,9.7818,-4.515000000000001,1.115,1.41
0.8552,5.9887,10.0462,-4.694999999999999,1.3,1.4769999999999999
0.8552,5.9887,10.0462,-4.694999999999999,1.3,1.4769999999999999
0.7165,5.9426,9.914,-4.605,0.836,1.4769999999999999
0.7165,5.9426,9.914,-4.605,0.836,1.4769999999999999
0.601,5.9887,9.914,-4.694999999999999,0.65,1.41
0.6472,6.0578,10.0462,-4.694999999999999,0.836,1.4769999999999999
0.6934,6.1499,10.4428,-4.605,0.9289999999999999,1.544
0.7165,6.2651,10.575,-4.785,1.115,1.612
0.7628,6.3342,10.7072,-4.785,1.115,1.544
0.7628,6.4263,10.7072,-4.785,1.022,1.544
0.7628,6.3802,10.575,-4.785,1.022,1.4769999999999999
0.7165,6.2651,10.3106,-4.694999999999999,0.9289999999999999,1.4769999999999999
0.6703,6.219,10.1784,-4.785,0.9289999999999999,1.612
0.6703,6.219,10.1784,-4.785,0.9289999999999999,1.612
0.6703,6.2651,10.1784,-4.785,0.9289999999999999,1.4769999999999999
0.6472,6.2881,10.3106,-4.694999999999999,0.836,1.41
0.6241,6.219,10.1784,-4.785,0.836,1.4769999999999999
0.6703,6.1038,9.914,-4.785,0.836,1.4769999999999999
0.7165,5.9656,9.6497,-4.605,1.022,1.41
0.6934,5.528,9.1209,-4.334,0.65,1.343
0.6703,5.4819,8.9887,-4.1530000000000005,0.5569999999999999,1.2759999999999998
0.6241,5.6662,9.3853,-4.334,0.5569999999999999,1.343
0.601,5.6892,9.2531,-4.244,0.46399999999999997,1.343
0.6472,5.5741,9.1209,-4.424,0.5569999999999999,1.343
0.7397,5.4589,8.8565,-4.244,0.65,1.343
0.809,5.4128,8.8565,-4.244,0.7430000000000001,1.343
0.7859,5.3898,8.8565,-4.244,0.836,1.2759999999999998
0.6934,5.4359,8.9887,-4.1530000000000005,0.5569999999999999,1.2759999999999998
0.5085,5.4819,9.1209,-4.244,0.371,1.343
0.4854,5.551,9.1209,-4.063,0.185,1.343
0.6472,5.3437,8.7243,-4.244,0.46399999999999997,1.2759999999999998
0.7165,5.2286,8.5922,-4.1530000000000005,0.5569999999999999,1.2759999999999998
0.7165,5.2286,8.5922,-4.1530000000000005,0.46399999999999997,1.41
0.6472,5.2516,8.5922,-4.1530000000000005,0.46399999999999997,1.343
0.6241,4.9982,8.1956,-3.973,0.46399999999999997,1.2089999999999999
0.5779,4.86,7.9312,-3.792,0.27799999999999997,1.2089999999999999
0.5085,4.7449,7.799,-3.792,0.0,1.141
0.7397,4.9061,8.1956,-3.792,0.65,1.2089999999999999
0.8552,4.9752,8.3278,-3.8819999999999997,0.836,1.2759999999999998
0.7397,4.9522,8.3278,-3.8819999999999997,0.65,1.343
0.7397,4.9061,8.1956,-3.792,0.65,1.2759999999999998
0.7165,4.86,8.1956,-3.792,0.46399999999999997,1.2759999999999998
0.7397,4.8831,8.3278,-3.792,0.65,1.2759999999999998
0.809,4.9982,8.46,-3.8819999999999997,0.836,1.343
0.6703,5.0904,8.3278,-3.973,0.65,1.2759999999999998
0.6241,4.9982,8.46,-3.973,0.27799999999999997,1.2089999999999999
0.5779,4.9522,8.3278,-3.973,0.27799999999999997,1.2759999999999998
0.601,4.9522,8.3278,-3.8819999999999997,0.371,1.41
0.6703,5.0213,8.46,-3.8819999999999997,0.65,1.41
0.7628,5.2286,8.7243,-4.1530000000000005,0.836,1.343
0.7859,5.2977,8.8565,-4.244,0.9289999999999999,1.343
0.7859,5.3437,8.8565,-4.244,0.9289999999999999,1.343
0.6472,5.505,9.1209,-4.334,0.65,1.2759999999999998
0.4854,5.505,9.1209,-4.1530000000000005,0.185,1.343
0.4854,5.505,9.1209,-4.1530000000000005,0.185,1.343
0.5085,5.528,9.1209,-4.1530000000000005,0.46399999999999997,1.343
0.9477,5.3898,8.8565,-4.334,1.3,1.343
0.8552,5.3668,8.9887,-4.244,1.115,1.343
0.6241,5.3668,8.9887,-4.1530000000000005,0.5569999999999999,1.2759999999999998
0.4392,5.4128,9.1209,-4.1530000000000005,0.185,1.2089999999999999
0.4392,5.551,9.2531,-4.244,0.185,1.41
0.7165,5.5741,9.2531,-4.334,0.836,1.41
1.0633,5.4819,9.1209,-4.334,1.5790000000000002,1.41
1.0633,5.4819,9.1209,-4.334,1.5790000000000002,1.41
0.8552,5.2977,8.8565,-4.244,1.022,1.2759999999999998
0.601,5.2516,8.7243,-4.1530000000000005,0.46399999999999997,1.2759999999999998
0.6241,5.2977,8.7243,-4.1530000000000005,0.5569999999999999,1.2759999999999998
0.7397,5.3207,8.7243,-4.244,0.65,1.2759999999999998
0.8321,5.2746,8.5922,-4.334,0.836,1.343
0.4854,5.2516,8.5922,-4.1530000000000005,0.27799999999999997,1.2759999999999998
0.4854,5.2746,8.5922,-4.063,0.185,1.2759999999999998
0.601,5.2746,8.5922,-4.1530000000000005,0.371,1.2759999999999998
0.6241,5.2055,8.46,-4.244,0.5569999999999999,1.2759999999999998
0.6703,5.0673,8.46,-4.1530000000000005,0.5569999999999999,1.343
0.7165,4.9522,8.3278,-3.973,0.46399999999999997,1.2759999999999998
0.6934,4.8831,8.0634,-3.792,0.5569999999999999,1.2759999999999998
0.3236,4.3533,7.5346,-3.341,-0.27799999999999997,1.0739999999999998
0.3467,4.3763,7.5346,-3.341,-0.27799999999999997,1.141
0.2773,4.6297,7.799,-3.431,-0.46399999999999997,1.141
0.2773,4.6297,7.799,-3.431,-0.46399999999999997,1.141
0.6703,4.6067,7.799,-3.792,0.5569999999999999,1.141
0.7397,4.6297,7.9312,-3.702,0.65,1.141
0.809,4.7679,8.0634,-3.792,0.836,1.2759999999999998
0.8552,4.9982,8.5922,-3.8819999999999997,1.022,1.2089999999999999
0.7397,5.1825,8.7243,-4.1530000000000005,0.7430000000000001,1.2759999999999998
0.6703,5.2746,8.7243,-4.1530000000000005,0.7430000000000001,1.141
0.7859,5.1825,8.5922,-4.1530000000000005,0.9289999999999999,1.343
0.5547,4.837,8.0634,-3.702,0.27799999999999997,1.2089999999999999
0.3236,4.7679,7.9312,-3.5210000000000004,-0.371,1.2089999999999999
0.3236,4.7909,8.0634,-3.612,-0.27799999999999997,1.141
0.4854,4.9291,8.3278,-3.792,0.092,1.2089999999999999
1.0402,5.0904,8.5922,-4.063,1.4860000000000002,1.2759999999999998
1.0633,5.1825,8.8565,-4.1530000000000005,1.393,1.343
0.9015,5.2977,8.9887,-4.244,1.207,1.2759999999999998
0.7859,5.4128,9.2531,-4.244,0.9289999999999999,1.343
0.809,5.7353,9.6497,-4.334,1.207,1.544
0.8552,5.8735,9.914,-4.424,1.3,1.544
0.8784,5.9196,9.914,-4.515000000000001,1.3,1.4769999999999999
0.7859,5.8505,9.6497,-4.424,1.022,1.41
0.5547,5.6892,9.3853,-4.424,0.46399999999999997,1.343
0.601,5.6892,9.3853,-4.334,0.5569999999999999,1.41
0.601,5.6892,9.3853,-4.334,0.5569999999999999,1.41
0.7859,5.7814,9.6497,-4.334,1.115,1.41
0.809,5.8274,9.6497,-4.424,1.022,1.343
0.7397,5.8044,9.6497,-4.424,0.9289999999999999,1.343
0.6934,5.7583,9.5175,-4.334,0.7430000000000001,1.41
0.6241,5.7123,9.3853,-4.334,0.5569999999999999,1.41
0.6703,5.6432,9.3853,-4.334,0.7430000000000001,1.41
0.6934,5.6201,9.2531,-4.334,0.7430000000000001,1.41
0.7165,5.6201,9.2531,-4.334,0.7430000000000001,1.41
0.7165,5.5971,9.2531,-4.424,0.65,1.343
0.7628,5.5741,9.1209,-4.334,0.7430000000000001,1.41
0.7859,5.4819,9.1209,-4.334,0.836,1.41
0.7859,5.3207,8.7243,-4.244,0.836,1.41
0.7859,5.3207,8.7243,-4.244,0.836,1.41
0.6934,5.3207,8.7243,-4.1530000000000005,0.65,1.2759999999999998
0.6934,5.3207,8.7243,-4.1530000000000005,0.65,1.2759999999999998
0.601,5.4589,8.9887,-4.1530000000000005,0.46399999999999997,1.343
0.5779,5.528,9.1209,-4.244,0.5569999999999999,1.343
0.6241,5.528,9.1209,-4.244,0.5569999999999999,1.41
0.6703,5.4589,8.8565,-4.244,0.65,1.2759999999999998
0.7397,5.3668,8.7243,-4.244,0.836,1.343
0.8552,5.3437,8.8565,-4.1530000000000005,1.022,1.343
0.809,5.4359,8.9887,-4.1530000000000005,0.9289999999999999,1.41
0.6934,5.528,9.1209,-4.244,0.65,1.343
0.6241,5.5741,9.1209,-4.1530000000000005,0.65,1.41
0.6472,5.5741,9.2531,-4.244,0.7430000000000001,1.41
0.6934,5.5741,9.2531,-4.334,0.7430000000000001,1.343
0.7165,5.528,9.2531,-4.244,0.836,1.343
0.7397,5.4819,9.1209,-4.244,0.7430000000000001,1.41
0.7165,5.3668,8.8565,-4.1530000000000005,0.65,1.343
0.7397,5.2516,8.7243,-4.063,0.5569999999999999,1.343
0.7628,5.2286,8.5922,-4.063,0.7430000000000001,1.2759999999999998
0.7628,5.2055,8.5922,-4.063,0.7430000000000001,1.343
0.7397,5.2746,8.7243,-4.063,0.65,1.343
0.6934,5.2977,8.7243,-4.063,0.5569999999999999,1.343
0.6934,5.3207,8.5922,-4.1530000000000005,0.5569999999999999,1.343
0.6934,5.2286,8.46,-4.1530000000000005,0.7430000000000001,1.2759999999999998
0.6934,5.2286,8.46,-4.1530000000000005,0.7430000000000001,1.2759999999999998
0.7165,5.0673,8.3278,-3.8819999999999997,0.5569999999999999,1.2759999999999998
0.601,5.1134,8.3278,-3.8819999999999997,0.371,1.2089999999999999
0.5779,5.1825,8.46,-3.973,0.371,1.2759999999999998
0.5779,5.2516,8.5922,-4.063,0.46399999999999997,1.2759999999999998
0.601,5.2516,8.46,-4.063,0.46399999999999997,1.2759999999999998
0.6934,5.1825,8.3278,-3.973,0.65,1.2759999999999998
0.7165,4.9752,8.0634,-3.792,0.5569999999999999,1.2089999999999999
0.7397,4.7449,7.799,-3.792,0.46399999999999997,1.141
0.7628,4.3533,7.9312,-3.16,0.46399999999999997,1.2089999999999999
0.7165,4.3994,8.3278,-2.799,0.46399999999999997,1.2089999999999999
0.5316,4.86,8.46,-3.431,0.185,1.2089999999999999
0.9015,5.2055,8.7243,-4.1530000000000005,1.115,1.343
0.9246,5.2977,8.7243,-4.063,1.115,1.343
0.7165,5.551,9.3853,-4.244,0.65,1.2759999999999998
0.6472,5.7583,9.5175,-4.244,0.5569999999999999,1.343
0.6934,5.8505,9.6497,-4.334,0.7430000000000001,1.343
0.8321,5.8735,9.7818,-4.515000000000001,1.207,1.41
0.9477,5.8735,9.6497,-4.424,1.3,1.41
0.9015,5.8044,9.6497,-4.424,1.207,1.4769999999999999
0.6934,5.7353,9.6497,-4.334,0.65,1.41
0.5547,5.7583,9.5175,-4.244,0.371,1.343
0.6934,5.8274,9.6497,-4.424,0.836,1.343
0.7628,5.7583,9.5175,-4.424,0.9289999999999999,1.2759999999999998
0.7628,5.6892,9.3853,-4.424,0.9289999999999999,1.2759999999999998
0.7397,5.6432,9.3853,-4.334,0.836,1.343
0.6472,5.6201,9.2531,-4.334,0.65,1.343
0.601,5.5971,9.1209,-4.424,0.5569999999999999,1.2759999999999998
0.6472,5.528,9.1209,-4.334,0.5569999999999999,1.343
0.6241,5.4819,9.1209,-4.244,0.5569999999999999,1.343
0.6241,5.4819,9.1209,-4.244,0.5569999999999999,1.343
0.7165,5.7123,9.3853,-4.424,0.836,1.41
0.7859,5.7583,9.3853,-4.515000000000001,0.9289999999999999,1.41
0.7628,5.7353,9.5175,-4.334,0.836,1.343
0.7165,5.7814,9.6497,-4.334,0.65,1.343
0.7165,5.8505,9.7818,-4.424,0.7430000000000001,1.343
0.7397,5.9426,10.0462,-4.515000000000001,0.9289999999999999,1.41
0.7165,5.9887,9.914,-4.605,0.9289999999999999,1.41
0.7165,5.9656,9.914,-4.515000000000001,0.836,1.41
0.6934,5.8965,9.7818,-4.515000000000001,0.65,1.41
0.6934,6.0117,10.1784,-4.605,0.836,1.41
0.7859,6.1499,10.575,-4.515000000000001,1.022,1.41
0.809,6.2651,10.7072,-4.605,1.207,1.4769999999999999
0.8784,6.4033,10.7072,-4.694999999999999,1.3,1.544
0.8784,6.4033,10.7072,-4.694999999999999,1.3,1.544
0.8552,6.3342,10.575,-4.694999999999999,1.115,1.544
0.7165,6.1269,10.1784,-4.605,0.836,1.4769999999999999
0.6934,6.0117,9.914,-4.515000000000001,0.7430000000000001,1.343
0.7165,5.9887,9.914,-4.515000000000001,0.7430000000000001,1.41
0.7165,5.9196,9.6497,-4.334,0.7430000000000001,1.41
0.6934,5.8735,9.6497,-4.424,0.65,1.41
0.6472,5.8044,9.5175,-4.334,0.46399999999999997,1.41
0.5547,5.7583,9.3853,-4.424,0.371,1.41
0.5316,5.7123,9.3853,-4.244,0.185,1.343
0.5547,5.6201,9.2531,-4.244,0.371,1.2759999999999998
0.6703,5.6201,9.2531,-4.334,0.65,1.343
0.6934,5.8044,9.6497,-4.334,0.5569999999999999,1.343
0.6934,5.8044,9.6497,-4.334,0.5569999999999999,1.343
0.6703,5.9196,9.7818,-4.334,0.65,1.41
0.6472,5.9887,9.7818,-4.424,0.65,1.41
0.7397,5.8274,9.5175,-4.334,0.836,1.2759999999999998
0.7397,5.8274,9.5175,-4.334,0.836,1.2759999999999998
0.7628,5.7123,9.3853,-4.244,0.836,1.41
0.7628,5.6432,9.3853,-4.244,0.836,1.41
0.7397,5.6662,9.3853,-4.1530000000000005,0.5569999999999999,1.343
0.6934,5.9656,9.914,-4.334,0.65,1.4769999999999999
0.809,6.242,10.4428,-4.515000000000001,1.022,1.544
0.809,6.242,10.4428,-4.515000000000001,1.022,1.544
0.8784,6.3111,10.7072,-4.605,1.115,1.612
0.8784,6.3572,10.7072,-4.605,1.207,1.4769999999999999
0.7859,6.0578,9.914,-4.694999999999999,0.9289999999999999,1.41
0.7397,5.7814,9.2531,-4.334,0.836,1.41
0.6934,5.6201,9.2531,-4.334,0.65,1.2759999999999998
0.7397,5.6662,9.3853,-4.334,0.7430000000000001,1.2759999999999998
0.7397,5.9887,9.7818,-4.424,0.7430000000000001,1.41
0.6703,5.9196,9.6497,-4.424,0.65,1.41
0.6703,5.9196,9.6497,-4.424,0.65,1.41
0.6472,5.7814,9.3853,-4.334,0.5569999999999999,1.41
0.7165,5.8044,9.5175,-4.334,0.7430000000000001,1.41
0.7859,5.8505,9.6497,-4.244,0.9289999999999999,1.343
0.7397,5.9196,9.7818,-4.424,0.836,1.41
0.6934,5.9656,9.7818,-4.424,0.65,1.343
0.7859,5.7583,9.3853,-4.244,0.9289999999999999,1.4769999999999999
0.7859,5.7583,9.3853,-4.244,0.9289999999999999,1.4769999999999999
0.601,5.7353,9.3853,-4.244,0.65,1.343
0.601,5.7123,9.3853,-4.1530000000000005,0.46399999999999997,1.343
0.601,5.6201,9.2531,-4.063,0.46399999999999997,1.41
0.7165,5.528,9.1209,-4.063,0.7430000000000001,1.343
0.7628,5.4128,8.8565,-4.063,0.65,1.41
0.7628,5.3437,8.8565,-4.063,0.65,1.343
0.6472,5.3898,8.9887,-3.8819999999999997,0.5569999999999999,1.2759999999999998
0.5779,5.551,9.1209,-3.973,0.371,1.343
0.5779,5.6201,9.3853,-4.1530000000000005,0.27799999999999997,1.343
0.5316,5.5971,9.2531,-4.244,0.27799999999999997,1.343
0.6472,5.528,9.2531,-4.063,0.46399999999999997,1.41
0.7859,5.4589,8.9887,-4.1530000000000005,0.7430000000000001,1.343
0.809,5.4819,9.1209,-4.063,0.9289999999999999,1.4769999999999999
0.7628,5.5741,9.2531,-4.1530000000000005,0.836,1.41
0.6703,5.505,8.9887,-4.063,0.65,1.41
0.6703,5.4128,8.8565,-4.063,0.46399999999999997,1.2759999999999998
0.7397,5.2977,8.7243,-4.063,0.5569999999999999,1.41
0.7628,5.2286,8.46,-3.973,0.5569999999999999,1.343
0.809,5.1595,8.46,-3.973,0.836,1.2089999999999999
0.8321,5.1595,8.5922,-3.973,0.7430000000000001,1.2759999999999998
0.7397,5.2055,8.5922,-3.973,0.65,1.2759999999999998
0.7397,5.2055,8.5922,-3.973,0.65,1.2759999999999998
0.5547,5.2516,8.5922,-3.8819999999999997,0.185,1.2759999999999998
0.5547,5.2286,8.5922,-3.973,0.092,1.2759999999999998
0.5085,5.1595,8.46,-3.8819999999999997,0.185,1.343
0.5779,5.1825,8.46,-3.973,0.371,1.343
0.7859,5.1134,8.3278,-3.792,0.65,1.2759999999999998
0.809,5.0904,8.46,-3.8819999999999997,0.7430000000000001,1.2759999999999998
0.7628,5.1134,8.46,-3.8819999999999997,0.65,1.2759999999999998
0.6934,5.1595,8.46,-3.8819999999999997,0.371,1.2759999999999998
0.6241,5.2746,8.7243,-4.063,0.371,1.2759999999999998
0.6703,5.3668,8.8565,-3.973,0.46399999999999997,1.2089999999999999
0.6703,5.3668,8.8565,-3.973,0.46399999999999997,1.2089999999999999
0.809,5.3898,8.9887,-3.973,0.7430000000000001,1.343
0.809,5.4359,8.9887,-4.063,0.7430000000000001,1.2759999999999998
0.809,5.4589,9.1209,-4.1530000000000005,0.836,1.2089999999999999
0.7628,5.4819,9.2531,-4.063,0.65,1.343
0.6934,5.528,9.2531,-4.1530000000000005,0.65,1.343
0.6703,5.528,9.2531,-4.244,0.46399999999999997,1.2759999999999998
0.7165,5.505,9.3853,-4.1530000000000005,0.5569999999999999,1.41
0.7628,5.5971,9.2531,-4.334,0.7430000000000001,1.343
0.7628,5.5971,9.2531,-4.334,0.7430000000000001,1.343
0.8552,5.6892,9.5175,-4.334,1.022,1.41
0.7397,5.9656,9.914,-4.424,0.836,1.41
0.7397,5.9656,9.914,-4.424,0.836,1.41
0.6934,6.1038,10.0462,-4.515000000000001,0.7430000000000001,1.41
0.6703,6.1499,10.1784,-4.515000000000001,0.836,1.41
0.7859,5.8735,9.6497,-4.334,1.022,1.343
0.8321,5.7123,9.5175,-4.334,0.9289999999999999,1.41
0.7859,5.6432,9.2531,-4.244,0.836,1.41
0.7628,5.5741,9.1209,-4.244,0.7430000000000001,1.343
0.6241,5.5971,9.2531,-4.1530000000000005,0.5569999999999999,1.2759999999999998
0.6241,5.6662,9.3853,-4.244,0.5569999999999999,1.2759999999999998
0.6472,5.8044,9.3853,-4.334,0.65,1.2759999999999998
0.7397,5.8274,9.6497,-4.244,0.7430000000000001,1.41
0.7859,5.8735,9.6497,-4.334,0.9289999999999999,1.41
0.8552,5.8044,9.5175,-4.334,1.022,1.4769999999999999
0.809,5.7583,9.3853,-4.334,0.836,1.41
0.7165,5.7353,9.2531,-4.244,0.7430000000000001,1.343
0.6934,5.6892,9.2531,-4.1530000000000005,0.46399999999999997,1.343
0.6703,5.6201,9.2531,-4.1530000000000005,0.5569999999999999,1.343
0.6472,5.6201,9.3853,-4.1530000000000005,0.46399999999999997,1.343
0.6934,5.7583,9.5175,-4.244,0.5569999999999999,1.343
0.6934,5.9196,9.7818,-4.244,0.7430000000000001,1.41
0.6934,6.0578,10.0462,-4.334,0.836,1.41
0.7165,6.1729,10.3106,-4.424,0.7430000000000001,1.343
0.7628,6.2881,10.575,-4.515000000000001,1.022,1.41
0.8552,6.2881,10.4428,-4.605,1.207,1.41
0.9015,6.3111,10.575,-4.515000000000001,1.207,1.41
0.9015,6.3342,10.7072,-4.515000000000001,1.207,1.41
0.7628,6.4493,10.7072,-4.515000000000001,0.9289999999999999,1.4769999999999999
0.7165,6.4493,10.7072,-4.515000000000001,0.9289999999999999,1.4769999999999999
0.7165,6.4724,10.7072,-4.515000000000001,0.9289999999999999,1.41
0.8321,6.3342,10.575,-4.515000000000001,1.022,1.544
0.7859,6.3111,10.4428,-4.515000000000001,0.836,1.4769999999999999
0.7628,6.2651,10.3106,-4.424,0.7430000000000001,1.4769999999999999
0.6472,6.1729,10.0462,-4.334,0.5569999999999999,1.41
0.5779,6.0808,9.7818,-4.334,0.46399999999999997,1.343
0.601,5.9887,9.6497,-4.244,0.5569999999999999,1.41
0.6934,5.8965,9.5175,-4.244,0.65,1.2759999999999998
0.8552,5.8044,9.3853,-4.244,1.022,1.41
0.8321,5.6892,9.2531,-4.1530000000000005,0.9289999999999999,1.343
0.7628,5.528,9.1209,-4.063,0.7430000000000001,1.41
0.6703,5.4589,8.9887,-3.8819999999999997,0.5569999999999999,1.2089999999999999
0.6241,5.5971,9.2531,-3.973,0.27799999999999997,1.2759999999999998
0.5547,5.6201,9.2531,-4.063,0.371,1.41
0.5547,5.6201,9.2531,-4.063,0.371,1.41
0.6703,5.505,8.8565,-3.973,0.46399999999999997,1.2759999999999998
0.8552,5.4359,8.8565,-3.973,0.7430000000000001,1.2759999999999998
0.8321,5.3898,8.8565,-3.973,0.65,1.41
0.7397,5.3437,8.7243,-3.973,0.46399999999999997,1.41
0.6934,5.1364,8.46,-3.702,0.27799999999999997,1.2759999999999998
0.7165,5.0213,8.3278,-3.702,0.46399999999999997,1.2089999999999999
0.7859,4.9752,8.3278,-3.612,0.5569999999999999,1.2089999999999999
0.809,4.9982,8.46,-3.702,0.65,1.141
0.7165,5.0673,8.46,-3.702,0.371,1.2759999999999998
0.5547,5.1595,8.46,-3.792,0.092,1.2089999999999999
0.6472,5.1364,8.3278,-3.792,0.27799999999999997,1.2759999999999998
0.6472,5.1364,8.3278,-3.792,0.27799999999999997,1.2759999999999998
0.7859,4.86,8.0634,-3.702,0.46399999999999997,1.0739999999999998
0.7628,4.814,7.9312,-3.5210000000000004,0.46399999999999997,1.2089999999999999
0.7165,4.7909,7.9312,-3.5210000000000004,0.371,1.2089999999999999
0.6703,4.814,8.0634,-3.5210000000000004,0.185,1.141
0.6472,4.86,7.9312,-3.612,0.27799999999999997,1.2089999999999999
0.809,4.7909,7.799,-3.5210000000000004,0.65,1.2089999999999999
0.7859,4.6988,7.799,-3.5210000000000004,0.5569999999999999,1.2089999999999999
0.7397,4.6297,7.6668,-3.5210000000000004,0.46399999999999997,1.2089999999999999
0.6934,4.5376,7.5346,-3.431,0.185,1.141
0.6703,4.4915,7.4025,-3.341,0.185,1.141
0.6703,4.4454,7.5346,-3.341,0.092,1.141
0.7165,4.4685,7.5346,-3.341,0.27799999999999997,1.0739999999999998
0.6703,4.814,7.9312,-3.612,0.27799999999999997,1.2089999999999999
0.6934,4.7679,8.0634,-3.612,0.371,1.2089999999999999
0.6934,4.7679,8.0634,-3.612,0.371,1.2089999999999999
0.7165,4.7218,7.9312,-3.702,0.371,1.141
0.7859,4.7218,7.799,-3.612,0.371,1.141
0.809,4.7449,7.9312,-3.702,0.46399999999999997,1.0739999999999998
0.7397,4.7679,7.9312,-3.612,0.371,1.2759999999999998
0.7165,4.7218,7.799,-3.702,0.27799999999999997,1.141
0.6703,4.6988,7.799,-3.612,0.27799999999999997,1.2089999999999999
0.6934,4.7218,7.799,-3.702,0.27799999999999997,1.141
0.7397,4.7679,7.9312,-3.612,0.371,1.2089999999999999
0.7165,4.7679,7.9312,-3.792,0.371,1.141
0.7628,4.7449,7.9312,-3.612,0.371,1.2759999999999998
0.7628,4.7679,7.9312,-3.702,0.46399999999999997,1.2089999999999999
0.7859,4.7909,7.9312,-3.702,0.65,1.2089999999999999
0.8321,4.7449,8.0634,-3.792,0.46399999999999997,1.141
0.8321,4.7679,7.9312,-3.792,0.65,1.141
0.809,4.7679,7.9312,-3.702,0.5569999999999999,1.141
0.7628,4.7218,7.9312,-3.612,0.371,1.2089999999999999
0.6934,4.7909,7.9312,-3.612,0.27799999999999997,1.141
0.601,4.9522,8.3278,-3.702,0.185,1.2759999999999998
0.601,5.0443,8.5922,-3.702,0.27799999999999997,1.2089999999999999
0.6472,5.0673,8.46,-3.792,0.27799999999999997,1.2759999999999998
0.7628,5.0443,8.5922,-3.792,0.65,1.2089999999999999
0.9015,5.0213,8.5922,-3.702,0.836,1.2089999999999999
0.7859,5.0904,8.7243,-3.792,0.46399999999999997,1.2759999999999998
0.7165,5.1364,8.5922,-3.792,0.46399999999999997,1.343
0.7165,5.1595,8.5922,-3.8819999999999997,0.371,1.41
0.7165,5.1134,8.46,-3.792,0.27799999999999997,1.2759999999999998
0.7165,5.0673,8.46,-3.792,0.371,1.2759999999999998
0.7165,4.9982,8.46,-3.702,0.371,1.2759999999999998
0.6934,5.0213,8.46,-3.612,0.185,1.2759999999999998
0.601,5.1134,8.46,-3.792,0.27799999999999997,1.2089999999999999
0.6472,5.1595,8.5922,-3.702,0.27799999999999997,1.141
0.6703,5.1134,8.46,-3.792,0.27799999999999997,1.141
0.6703,5.1134,8.46,-3.792,0.27799999999999997,1.141
0.7165,5.0213,8.46,-3.8819999999999997,0.46399999999999997,1.141
0.7628,5.0213,8.46,-3.792,0.46399999999999997,1.0739999999999998
0.7397,5.0443,8.5922,-3.792,0.5569999999999999,1.2089999999999999
0.7397,5.1134,8.46,-3.8819999999999997,0.5569999999999999,1.141
0.7859,5.0904,8.5922,-3.8819999999999997,0.65,1.141
0.809,4.9982,8.46,-3.792,0.46399999999999997,1.141
0.7628,4.8831,8.1956,-3.792,0.46399999999999997,1.141
0.7165,4.7909,8.1956,-3.612,0.185,1.2089999999999999
0.6934,4.8831,8.3278,-3.612,0.371,1.2759999999999998
0.6934,4.8831,8.3278,-3.612,0.371,1.2759999999999998
0.7628,5.2286,8.8565,-3.8819999999999997,0.5569999999999999,1.2759999999999998
0.7628,5.2286,8.8565,-3.8819999999999997,0.5569999999999999,1.2759999999999998
0.8552,5.4359,9.2531,-4.063,0.7430000000000001,1.343
0.8552,5.4128,9.1209,-4.063,0.836,1.343
0.8321,5.3898,9.1209,-4.063,0.7430000000000001,1.41
0.6934,5.2977,8.8565,-4.063,0.371,1.41
0.6703,5.2516,8.7243,-3.973,0.371,1.2089999999999999
0.6703,5.2746,8.7243,-3.973,0.371,1.2089999999999999
0.6703,5.2516,8.7243,-4.063,0.27799999999999997,1.2089999999999999
0.6934,5.2977,8.8565,-3.973,0.46399999999999997,1.343
0.7397,5.2977,8.8565,-3.973,0.46399999999999997,1.2759999999999998
0.809,5.3898,8.9887,-3.973,0.7430000000000001,1.343
0.809,5.3898,8.9887,-3.973,0.65,1.343
0.809,5.3668,8.8565,-4.1530000000000005,0.836,1.2759999999999998
0.6934,5.1134,8.3278,-3.973,0.371,1.2759999999999998
0.6934,5.1134,8.3278,-3.973,0.371,1.2759999999999998
0.6934,5.0443,8.46,-3.8819999999999997,0.371,1.2089999999999999
0.7165,5.1595,8.5922,-3.973,0.46399999999999997,1.343
0.7165,5.1595,8.5922,-3.973,0.46399999999999997,1.343
0.7397,5.1134,8.46,-3.792,0.46399999999999997,1.2759999999999998
0.7397,4.86,8.0634,-3.792,0.27799999999999997,1.2089999999999999
0.7397,4.86,8.0634,-3.792,0.27799999999999997,1.2089999999999999
0.7165,4.7909,7.9312,-3.612,0.27799999999999997,1.141
0.6472,4.7909,8.0634,-3.612,0.27799999999999997,1.141
0.6703,4.8831,8.1956,-3.5210000000000004,0.185,1.141
0.6703,4.86,8.1956,-3.612,0.185,1.2089999999999999
0.6934,4.86,8.0634,-3.702,0.27799999999999997,1.2089999999999999
0.7397,4.7218,7.799,-3.702,0.27799999999999997,1.2089999999999999
0.7165,4.7218,7.799,-3.702,0.27799999999999997,1.2089999999999999
0.6934,5.0213,8.46,-3.8819999999999997,0.371,1.2089999999999999
0.6934,5.0213,8.46,-3.8819999999999997,0.371,1.2089999999999999
0.6703,5.1134,8.46,-3.973,0.46399999999999997,1.2089999999999999
0.7165,5.1134,8.46,-3.8819999999999997,0.371,1.343
0.7165,5.1134,8.46,-3.8819999999999997,0.371,1.343
0.7859,5.0904,8.7243,-3.973,0.65,1.2759999999999998
0.7859,5.1595,8.5922,-3.8819999999999997,0.65,1.2089999999999999
0.8552,5.2055,8.7243,-3.973,0.5569999999999999,1.343
0.8552,5.2977,8.8565,-3.973,0.65,1.343
0.7859,5.4359,9.1209,-3.973,0.5569999999999999,1.343
0.7859,5.4359,9.1209,-3.973,0.5569999999999999,1.343
0.6934,5.5741,9.5175,-4.1530000000000005,0.65,1.2759999999999998
0.6934,5.5741,9.5175,-4.1530000000000005,0.65,1.2759999999999998
0.809,5.8274,9.7818,-4.244,0.836,1.41
0.8784,5.8505,9.7818,-4.334,0.9289999999999999,1.343
0.8321,5.8965,9.914,-4.244,0.836,1.41
0.7628,5.8965,9.914,-4.334,0.5569999999999999,1.343
0.6934,5.9196,9.914,-4.244,0.5569999999999999,1.41
0.6703,5.9426,10.0462,-4.244,0.46399999999999997,1.343
0.6934,5.9656,9.914,-4.244,0.5569999999999999,1.343
0.7859,5.8735,9.7818,-4.244,0.65,1.343
0.7859,5.8505,9.6497,-4.244,0.65,1.343
0.7165,5.7814,9.5175,-4.1530000000000005,0.5569999999999999,1.343
0.6934,5.8044,9.5175,-4.1530000000000005,0.5569999999999999,1.343
0.6934,5.8044,9.5175,-4.1530000000000005,0.5569999999999999,1.343
0.7165,5.8044,9.6497,-4.1530000000000005,0.46399999999999997,1.343
0.7628,5.9196,10.1784,-4.1530000000000005,0.65,1.343
0.7397,6.0578,10.3106,-4.244,0.5569999999999999,1.4769999999999999
0.7397,6.2651,10.7072,-4.334,0.65,1.4769999999999999
0.7165,6.2881,10.575,-4.424,0.65,1.41
0.7165,6.2881,10.575,-4.424,0.65,1.41
0.7628,6.0808,10.1784,-4.334,0.65,1.343
0.7165,6.0347,10.1784,-4.424,0.7430000000000001,1.41
0.6934,6.0578,10.1784,-4.334,0.65,1.41
0.6703,6.0578,10.0462,-4.424,0.65,1.343
0.6934,5.6662,9.3853,-4.334,0.5569999999999999,1.2089999999999999
0.6934,5.3668,8.9887,-4.063,0.46399999999999997,1.0739999999999998
0.7397,5.2055,8.5922,-3.973,0.27799999999999997,1.2759999999999998
0.6934,5.2286,8.5922,-3.8819999999999997,0.27799999999999997,1.2759999999999998
0.6934,5.2286,8.5922,-3.8819999999999997,0.27799999999999997,1.2759999999999998
0.5316,5.3207,8.8565,-3.792,0.0,1.2089999999999999
0.5547,5.3898,8.8565,-3.8819999999999997,0.0,1.2089999999999999
0.6241,5.3437,8.7243,-3.973,0.27799999999999997,1.2759999999999998
0.6934,5.2746,8.7243,-3.8819999999999997,0.27799999999999997,1.2089999999999999
0.7628,5.3668,8.9887,-3.8819999999999997,0.5569999999999999,1.343
0.8321,5.528,9.3853,-4.1530000000000005,0.836,1.343
0.7628,5.8044,9.6497,-4.334,0.836,1.2759999999999998
0.7165,5.7583,9.5175,-4.1530000000000005,0.5569999999999999,1.343
0.601,5.6432,9.5175,-4.063,0.185,1.2759999999999998
0.5085,5.6201,9.5175,-4.063,0.0,1.2759999999999998
0.5085,5.6432,9.5175,-3.973,0.092,1.343
1.0402,5.6892,9.6497,-4.334,1.207,1.343
0.9477,5.5741,9.5175,-4.1530000000000005,1.022,1.343
0.9246,5.4819,9.3853,-4.1530000000000005,0.836,1.343
0.8784,5.4819,9.2531,-4.063,0.7430000000000001,1.343
0.809,5.3437,8.9887,-3.973,0.5569999999999999,1.2759999999999998
0.6703,5.2516,8.7243,-3.973,0.27799999999999997,1.2089999999999999
0.5316,5.0904,8.46,-3.702,-0.185,1.141
0.4623,5.0443,8.46,-3.702,-0.092,1.2089999999999999
0.4623,5.0443,8.46,-3.702,-0.092,1.2089999999999999
0.601,5.1595,8.5922,-3.8819999999999997,0.092,1.2089999999999999
0.6934,5.1595,8.5922,-3.973,0.185,1.2759999999999998
0.6472,5.0213,8.3278,-3.8819999999999997,0.185,1.2759999999999998
0.7397,4.837,8.0634,-3.702,0.27799999999999997,1.141
0.7397,4.837,8.0634,-3.702,0.27799999999999997,1.141
0.6934,4.837,8.1956,-3.612,0.185,1.2089999999999999
0.5779,4.9061,8.1956,-3.612,0.0,1.141
0.5547,4.8831,8.0634,-3.702,-0.092,1.2089999999999999
0.601,4.814,7.9312,-3.792,0.092,1.2089999999999999
0.7628,4.6988,7.6668,-3.792,0.27799999999999997,1.141
0.8552,4.5836,7.6668,-3.702,0.65,1.007
0.7628,4.6758,7.9312,-3.702,0.185,1.007
0.6703,4.7218,8.0634,-3.702,0.27799999999999997,1.141
0.6472,4.837,8.0634,-3.792,0.185,1.2089999999999999
0.6703,4.86,8.1956,-3.702,0.185,1.141
0.7628,4.837,8.1956,-3.702,0.371,1.2089999999999999
0.809,4.9061,8.1956,-3.702,0.5569999999999999,1.2089999999999999
0.8321,4.9522,8.3278,-3.702,0.5569999999999999,1.2089999999999999
0.809,5.0213,8.5922,-3.8819999999999997,0.5569999999999999,1.2089999999999999
0.7397,5.1595,8.5922,-3.702,0.371,1.2089999999999999
0.6241,5.2055,8.7243,-3.792,0.092,1.2089999999999999
0.601,5.2055,8.7243,-3.8819999999999997,0.185,1.2759999999999998
0.8321,5.2286,8.7243,-3.973,0.65,1.2089999999999999
0.9477,5.2516,8.8565,-3.973,0.9289999999999999,1.2759999999999998
0.7165,5.3668,8.9887,-3.8819999999999997,0.371,1.141
0.7165,5.3668,8.9887,-3.8819999999999997,0.371,1.141
0.601,5.3207,8.8565,-3.8819999999999997,0.185,1.2089999999999999
0.5779,5.3668,9.1209,-3.973,0.092,1.141
0.7859,5.4589,9.1209,-3.973,0.7430000000000001,1.2759999999999998
0.8552,5.4819,9.3853,-4.063,0.836,1.2759999999999998
0.7859,5.551,9.3853,-4.063,0.65,1.2759999999999998
0.6934,5.5971,9.5175,-4.063,0.27799999999999997,1.2089999999999999
0.7859,5.7123,9.6497,-4.1530000000000005,0.836,1.2089999999999999
0.8784,5.6662,9.6497,-4.244,0.9289999999999999,1.343
0.8552,5.6892,9.7818,-4.244,0.836,1.2089999999999999
0.7628,5.6432,9.6497,-4.1530000000000005,0.46399999999999997,1.343
0.6703,5.8044,9.914,-4.063,0.46399999999999997,1.343
0.6703,5.8044,9.914,-4.063,0.46399999999999997,1.343
0.7397,6.0808,10.4428,-4.244,0.7430000000000001,1.343
0.7397,6.1729,10.575,-4.334,0.836,1.2759999999999998
0.7165,6.196,10.575,-4.334,0.65,1.41
0.7859,6.1729,10.4428,-4.244,0.65,1.343
0.8321,6.0347,10.3106,-4.1530000000000005,0.9289999999999999,1.41
0.809,5.9426,10.0462,-4.1530000000000005,0.9289999999999999,1.2759999999999998
0.6703,5.8965,9.7818,-3.973,0.46399999999999997,1.343
0.7165,5.8965,9.7818,-4.063,0.5569999999999999,1.2759999999999998
0.7397,5.8044,9.5175,-4.1530000000000005,0.65,1.343
0.7397,5.6432,9.3853,-4.063,0.65,1.2089999999999999
0.809,5.4359,8.9887,-3.8819999999999997,0.5569999999999999,1.2089999999999999
0.8321,5.2516,8.8565,-3.702,0.65,1.343
0.809,5.1364,9.1209,-3.341,0.5569999999999999,1.141
0.809,5.1364,9.1209,-3.341,0.5569999999999999,1.141
0.6241,5.5971,9.5175,-3.8819999999999997,0.27799999999999997,1.2089999999999999
0.6241,5.5971,9.3853,-3.8819999999999997,0.185,1.2759999999999998
0.6703,5.528,9.3853,-4.063,0.27799999999999997,1.2759999999999998
0.7859,5.505,9.2531,-3.8819999999999997,0.65,1.343
0.8552,5.505,9.2531,-3.973,0.836,1.343
0.8784,5.551,9.3853,-3.973,0.7430000000000001,1.343
0.7397,5.6662,9.5175,-3.973,0.46399999999999997,1.343
0.7628,5.6201,9.3853,-4.063,0.5569999999999999,1.41
0.7859,5.505,8.9887,-4.063,0.65,1.2759999999999998
0.8552,5.2746,8.7243,-4.063,0.65,1.2089999999999999
0.7397,4.9982,8.3278,-3.612,0.27799999999999997,1.2089999999999999
0.6241,4.9522,8.1956,-3.612,0.092,1.2089999999999999
0.5547,4.9291,8.1956,-3.5210000000000004,0.0,1.0739999999999998
0.6472,4.814,7.9312,-3.612,0.185,1.141
0.7628,4.7909,8.1956,-3.612,0.46399999999999997,1.141
0.7397,5.2516,8.8565,-3.792,0.46399999999999997,1.2089999999999999
0.7165,5.4819,9.2531,-3.8819999999999997,0.5569999999999999,1.2759999999999998
0.6934,5.551,9.2531,-3.973,0.5569999999999999,1.2089999999999999
0.809,5.3898,8.9887,-3.8819999999999997,0.5569999999999999,1.2759999999999998
0.8552,5.3207,8.8565,-3.8819999999999997,0.7430000000000001,1.2759999999999998
0.8784,5.3437,8.9887,-3.792,0.65,1.2089999999999999
0.7165,5.4819,9.2531,-3.8819999999999997,0.5569999999999999,1.343
0.601,5.5741,9.2531,-3.973,0.27799999999999997,1.2759999999999998
0.601,5.5741,9.2531,-3.973,0.27799999999999997,1.2759999999999998
0.5547,5.551,9.2531,-3.8819999999999997,0.185,1.2759999999999998
0.6472,5.551,9.2531,-3.8819999999999997,0.27799999999999997,1.2759999999999998
0.7165,5.505,9.2531,-3.973,0.46399999999999997,1.2759999999999998
0.7859,5.505,9.2531,-3.8819999999999997,0.65,1.343
0.809,5.4819,9.1209,-3.973,0.7430000000000001,1.2759999999999998
0.7859,5.3898,8.8565,-3.973,0.65,1.2759999999999998
0.7397,5.2746,8.7243,-3.8819999999999997,0.371,1.2089999999999999
0.6703,5.1595,8.46,-3.8819999999999997,0.185,1.2089999999999999
0.6241,5.1825,8.7243,-3.792,0.092,1.141
0.8321,5.6432,9.5175,-4.063,0.836,1.343
0.8321,5.528,9.1209,-3.973,0.7430000000000001,1.2089999999999999
0.8321,5.3207,8.8565,-3.8819999999999997,0.65,1.2089999999999999
0.809,5.1825,8.5922,-3.792,0.46399999999999997,1.2089999999999999
0.7397,5.1364,8.5922,-3.702,0.371,1.141
0.6472,5.3207,8.8565,-3.8819999999999997,0.371,1.141
0.6472,5.3207,8.8565,-3.8819999999999997,0.371,1.141
0.7397,5.4819,9.1209,-3.8819999999999997,0.5569999999999999,1.2759999999999998
0.8321,5.3898,8.8565,-3.973,0.65,1.2759999999999998
0.8784,5.2286,8.7243,-3.792,0.65,1.2089999999999999
0.9477,5.1134,8.5922,-3.612,0.5569999999999999,1.2089999999999999
0.6934,5.1595,8.3278,-3.792,0.371,1.2759999999999998
0.601,5.1825,8.3278,-3.792,0.0,1.141
0.6241,5.1595,8.3278,-3.702,0.185,1.2089999999999999
0.7397,5.1825,8.46,-3.8819999999999997,0.371,1.141
0.7397,5.1825,8.46,-3.8819999999999997,0.371,1.141
0.8321,5.2055,8.5922,-3.792,0.46399999999999997,1.2759999999999998
0.8552,5.2286,8.5922,-3.792,0.46399999999999997,1.2759999999999998
0.809,5.1595,8.5922,-3.702,0.5569999999999999,1.2759999999999998
0.7859,5.1134,8.3278,-3.702,0.5569999999999999,1.2089999999999999
0.7397,5.0443,8.3278,-3.612,0.371,1.2759999999999998
0.6241,5.0443,8.46,-3.612,0.092,1.141
0.5779,5.1364,8.3278,-3.612,0.092,1.141
0.601,5.2055,8.46,-3.702,0.185,1.2759999999999998
0.6703,5.2746,8.5922,-3.702,0.371,1.2089999999999999
0.7859,5.2055,8.46,-3.702,0.371,1.2089999999999999
0.7628,5.1134,8.1956,-3.702,0.5569999999999999,1.2089999999999999
0.7859,4.9291,8.0634,-3.702,0.46399999999999997,1.141
0.7165,4.814,7.799,-3.612,0.27799999999999997,1.0739999999999998
0.6703,4.814,7.9312,-3.5210000000000004,0.092,1.2089999999999999
0.6703,4.86,8.0634,-3.612,0.092,1.0739999999999998
0.6241,4.9061,8.1956,-3.5210000000000004,0.092,1.141
0.7165,4.9752,8.3278,-3.5210000000000004,0.185,1.141
0.7628,4.9752,8.3278,-3.612,0.46399999999999997,1.141
0.8321,4.9982,8.46,-3.5210000000000004,0.46399999999999997,1.141
0.7628,4.9752,8.3278,-3.612,0.46399999999999997,1.141
0.6934,4.9752,8.3278,-3.431,0.185,1.141
0.5779,4.9752,8.3278,-3.5210000000000004,0.0,1.141
0.601,4.9291,8.1956,-3.5210000000000004,0.092,1.2089999999999999
0.6703,4.9522,8.1956,-3.5210000000000004,0.185,1.2089999999999999
0.7859,5.0673,8.5922,-3.5210000000000004,0.371,1.2089999999999999
0.8321,5.1825,8.7243,-3.612,0.46399999999999997,1.2759999999999998
0.809,5.2977,8.8565,-3.702,0.65,1.2759999999999998
0.809,5.3437,8.8565,-3.702,0.65,1.2759999999999998
0.7859,5.1825,8.5922,-3.612,0.5569999999999999,1.2759999999999998
0.809,5.0904,8.5922,-3.5210000000000004,0.46399999999999997,1.2089999999999999
0.7165,5.2516,8.8565,-3.612,0.371,1.141
0.7397,5.4128,9.1209,-3.792,0.371,1.141
0.809,5.528,9.3853,-3.702,0.5569999999999999,1.2759999999999998
0.809,5.528,9.3853,-3.702,0.5569999999999999,1.2759999999999998
0.9477,5.6432,9.6497,-3.8819999999999997,0.836,1.343
0.9477,5.6432,9.6497,-3.8819999999999997,0.836,1.343
0.8784,5.6662,9.6497,-3.8819999999999997,0.7430000000000001,1.2759999999999998
0.809,5.6892,9.6497,-3.8819999999999997,0.65,1.2759999999999998
0.7859,5.6432,9.5175,-4.063,0.5569999999999999,1.343
0.6934,5.4819,9.1209,-3.792,0.371,1.141
0.7397,5.3207,8.9887,-3.792,0.371,1.2759999999999998
0.6472,5.2977,8.9887,-3.612,0.185,1.2089999999999999
0.5779,5.3898,9.1209,-3.702,0.092,1.2089999999999999
0.5779,5.3898,9.1209,-3.702,0.092,1.2089999999999999
0.601,5.4589,9.2531,-3.702,0.092,1.2089999999999999
0.6703,5.3437,8.9887,-3.792,0.27799999999999997,1.0739999999999998
0.7165,5.2055,8.5922,-3.612,0.185,1.141
0.7397,5.0213,8.46,-3.5210000000000004,0.27799999999999997,1.2089999999999999
0.6934,4.9982,8.3278,-3.5210000000000004,0.185,1.0739999999999998
0.6703,4.9522,8.1956,-3.431,0.0,1.141
0.6472,4.8831,8.1956,-3.431,-0.092,1.0739999999999998
0.6703,4.814,7.9312,-3.341,0.092,1.0739999999999998
0.6703,4.7449,7.799,-3.431,0.0,1.0739999999999998
0.6703,4.6758,7.9312,-3.431,0.092,1.0739999999999998
0.6934,4.6297,7.9312,-3.431,0.092,1.0739999999999998
0.7165,4.6758,7.9312,-3.16,-0.092,1.141
0.6934,4.6297,7.6668,-3.341,0.0,1.0739999999999998
0.7628,4.5145,7.5346,-3.341,0.0,1.007
0.7165,4.3763,7.4025,-3.341,0.092,1.007
0.7165,4.3072,7.5346,-3.25,0.185,1.007
0.6472,4.2381,7.4025,-3.16,0.0,0.94
0.601,4.2842,7.4025,-3.16,-0.092,1.0739999999999998
0.6241,4.2842,7.5346,-3.25,0.0,1.007
0.6472,4.3303,7.5346,-3.25,0.092,0.94
0.7628,4.3533,7.6668,-3.341,0.092,0.94
0.7628,4.4454,7.6668,-3.341,0.27799999999999997,1.007
0.7628,4.4915,7.799,-3.341,0.185,1.0739999999999998
0.7397,4.5836,7.799,-3.341,0.092,1.141
0.7165,4.6297,7.799,-3.431,0.092,1.0739999999999998
0.7165,4.6527,7.9312,-3.431,0.185,1.0739999999999998
0.7165,4.6297,7.9312,-3.431,0.185,1.0739999999999998
0.7165,4.6758,7.9312,-3.431,0.185,1.141
0.7165,4.6988,8.0634,-3.431,0.27799999999999997,1.141
0.6934,4.7449,8.0634,-3.341,0.092,1.0739999999999998
0.6934,4.7679,8.1956,-3.431,0.185,1.0739999999999998
0.6703,4.7449,8.1956,-3.431,0.092,1.0739999999999998
0.6703,4.7449,8.1956,-3.431,0.092,1.0739999999999998
0.7165,4.7449,8.0634,-3.612,0.185,1.007
0.8321,4.7909,8.3278,-3.5210000000000004,0.371,1.0739999999999998
0.6934,4.9982,8.5922,-3.5210000000000004,0.092,1.141
0.7165,5.0904,8.7243,-3.612,0.27799999999999997,1.2089999999999999
0.8321,5.3207,9.1209,-3.702,0.65,1.343
0.9015,5.4589,9.3853,-3.792,0.836,1.2759999999999998
0.8321,5.4128,9.3853,-3.792,0.7430000000000001,1.2759999999999998
0.7628,5.3898,9.2531,-3.792,0.46399999999999997,1.2089999999999999
0.7628,5.3207,9.1209,-3.702,0.46399999999999997,1.2089999999999999
0.8321,5.2746,9.1209,-3.792,0.46399999999999997,1.2089999999999999
0.7397,5.2746,8.9887,-3.792,0.46399999999999997,1.2089999999999999
0.7397,5.2746,8.9887,-3.792,0.46399999999999997,1.2089999999999999
0.7165,5.2746,8.9887,-3.702,0.27799999999999997,1.141
0.7165,5.1825,8.8565,-3.702,0.185,1.2089999999999999
0.7397,5.0904,8.8565,-3.702,0.185,1.141
0.7165,4.9982,8.5922,-3.431,0.185,1.141
0.6703,4.9061,8.3278,-3.431,0.092,1.0739999999999998
0.6934,4.837,8.3278,-3.431,0.092,1.141
0.7165,4.86,8.46,-3.431,0.27799999999999997,1.0739999999999998
0.6934,4.8831,8.3278,-3.431,0.092,1.141
0.7165,4.837,8.3278,-3.341,0.092,1.141
0.7165,4.837,8.3278,-3.341,0.092,1.2089999999999999
0.7165,4.837,8.3278,-3.341,0.185,1.141
0.7859,4.7449,8.3278,-3.431,0.185,1.2089999999999999
0.7859,4.7449,8.3278,-3.431,0.185,1.2089999999999999
0.7397,4.6067,7.9312,-3.431,0.185,1.007
0.7397,4.5836,7.9312,-3.5210000000000004,-0.092,1.0739999999999998
0.6934,4.6527,8.0634,-3.25,0.0,1.141
0.7165,4.7909,8.46,-3.25,0.0,1.0739999999999998
0.7165,4.9752,8.5922,-3.431,0.185,1.0739999999999998
0.7628,5.0673,8.7243,-3.5210000000000004,0.371,1.141
0.7397,5.0904,8.8565,-3.612,0.27799999999999997,1.141
0.7397,5.0213,8.7243,-3.5210000000000004,0.27799999999999997,1.2759999999999998
0.7165,4.9522,8.5922,-3.431,0.185,1.141
0.7165,4.9061,8.46,-3.5210000000000004,0.092,1.141
0.7165,4.86,8.46,-3.431,0.185,1.141
0.6934,4.837,8.3278,-3.431,0.092,1.141
0.7859,4.6527,8.0634,-3.612,0.185,1.141
0.809,4.5836,7.9312,-3.5210000000000004,0.27799999999999997,1.2089999999999999
0.7628,4.5836,7.799,-3.431,0.092,1.141
0.6934,4.6297,8.0634,-3.431,0.092,1.007
0.6934,4.6297,7.9312,-3.431,0.092,1.0739999999999998
0.6934,4.6297,7.9312,-3.431,0.092,1.0739999999999998
0.7859,4.6067,7.9312,-3.431,0.185,1.0739999999999998
0.809,4.6067,7.9312,-3.341,0.27799999999999997,1.0739999999999998
0.7628,4.6527,8.0634,-3.431,0.27799999999999997,1.007
0.6472,4.814,8.5922,-3.341,0.0,1.0739999999999998
0.6703,4.9291,8.5922,-3.431,0.0,1.2089999999999999
0.7165,4.9291,8.7243,-3.5210000000000004,0.185,1.2089999999999999
0.7628,5.1134,8.8565,-3.5210000000000004,0.371,1.2089999999999999
0.7628,5.2055,8.9887,-3.612,0.46399999999999997,1.141
0.8321,5.2286,9.1209,-3.702,0.65,1.2089999999999999
0.8784,5.2516,9.1209,-3.612,0.5569999999999999,1.141
0.8784,5.2516,9.1209,-3.612,0.5569999999999999,1.141
0.7859,5.2055,8.9887,-3.612,0.46399999999999997,1.2089999999999999
0.6934,5.1595,8.8565,-3.612,0.185,1.141
0.6934,5.1364,8.8565,-3.612,0.092,1.2759999999999998
0.7165,5.1595,8.7243,-3.612,0.185,1.2089999999999999
0.7628,5.1595,8.8565,-3.612,0.371,1.141
0.809,5.0904,8.9887,-3.612,0.27799999999999997,1.141
0.7628,5.1364,8.9887,-3.702,0.371,1.2089999999999999
0.7628,5.2286,9.1209,-3.702,0.46399999999999997,1.2089999999999999
0.7628,5.2977,9.2531,-3.5210000000000004,0.27799999999999997,1.343
0.7165,5.3668,9.5175,-3.612,0.27799999999999997,1.2089999999999999
0.7628,5.505,9.5175,-3.8819999999999997,0.46399999999999997,1.2089999999999999
0.8321,5.4128,9.5175,-3.702,0.5569999999999999,1.2759999999999998
0.809,5.4128,9.3853,-3.702,0.5569999999999999,1.2759999999999998
0.809,5.4359,9.2531,-3.702,0.371,1.2759999999999998
0.6934,5.528,9.5175,-3.612,0.27799999999999997,1.2759999999999998
0.6703,5.5971,9.7818,-3.702,0.371,1.2759999999999998
0.6703,5.5971,9.7818,-3.702,0.371,1.2759999999999998
0.7628,5.5971,9.5175,-3.792,0.5569999999999999,1.343
0.7165,5.505,9.5175,-3.792,0.371,1.343
0.6703,5.4589,9.5175,-3.702,0.185,1.141
0.6934,5.4359,9.2531,-3.702,0.27799999999999997,1.2089999999999999
0.7397,5.0673,8.5922,-3.5210000000000004,0.185,1.007
0.7397,4.7909,8.1956,-3.431,0.185,1.0739999999999998
0.7859,4.3533,8.46,-2.5280000000000005,0.092,0.94
0.7628,4.0999,8.7243,-1.806,0.0,0.94
0.7628,4.0999,8.7243,-1.806,0.0,0.94
0.4854,4.9061,8.9887,-2.799,-0.371,1.141
0.3698,5.0443,8.8565,-3.25,-0.5569999999999999,1.0739999999999998
0.3698,5.0443,8.8565,-3.25,-0.5569999999999999,1.0739999999999998
0.7165,5.1595,8.8565,-3.5210000000000004,0.371,1.2089999999999999
0.7165,5.1595,8.8565,-3.5210000000000004,0.371,1.2089999999999999
0.9708,5.3898,9.3853,-3.702,1.022,1.2089999999999999
0.7628,5.3898,9.2531,-3.612,0.5569999999999999,1.2759999999999998
0.5085,5.3207,8.9887,-3.5210000000000004,0.0,1.2759999999999998
0.8552,4.9752,8.5922,-3.431,0.5569999999999999,1.141
1.0633,4.86,8.46,-3.5210000000000004,0.9289999999999999,1.141
1.1789,4.86,8.5922,-3.431,1.022,1.0739999999999998
0.7628,5.2286,8.9887,-3.431,0.371,1.141
0.5547,5.3437,9.1209,-3.431,0.0,1.2089999999999999
0.7628,5.3668,9.2531,-3.5210000000000004,0.371,1.0739999999999998
0.9708,5.3668,9.3853,-3.612,0.7430000000000001,1.141
0.9708,5.3668,9.3853,-3.612,0.7430000000000001,1.141
0.9246,5.6201,9.7818,-3.702,0.7430000000000001,1.2759999999999998
0.7165,5.7353,9.7818,-3.702,0.371,1.2089999999999999
0.7165,5.7583,9.914,-3.702,0.46399999999999997,1.2089999999999999
0.7628,5.7123,9.7818,-3.792,0.65,1.343
0.8321,5.6662,9.7818,-3.702,0.5569999999999999,1.2089999999999999
0.7859,5.6662,9.7818,-3.792,0.5569999999999999,1.2759999999999998
0.7628,5.6892,9.7818,-3.612,0.46399999999999997,1.343
0.7397,5.7123,9.6497,-3.8819999999999997,0.46399999999999997,1.2089999999999999
0.7859,5.6662,9.6497,-3.792,0.371,1.2759999999999998
0.7628,5.5741,9.3853,-3.792,0.371,1.2089999999999999
0.8321,5.3898,9.1209,-3.702,0.46399999999999997,1.2089999999999999
0.809,5.4819,9.2531,-3.702,0.46399999999999997,1.141
0.809,5.4819,9.2531,-3.612,0.27799999999999997,1.2089999999999999
0.7628,5.3898,9.1209,-3.702,0.371,1.2089999999999999
0.7628,5.2977,8.9887,-3.702,0.27799999999999997,1.2089999999999999
0.7165,5.2977,8.9887,-3.612,0.092,1.2759999999999998
0.7165,5.2977,8.9887,-3.612,0.092,1.2759999999999998
0.6472,5.4359,9.2531,-3.612,0.092,1.0739999999999998
0.7859,5.3437,8.9887,-3.792,0.27799999999999997,1.141
0.809,5.2286,8.7243,-3.612,0.371,1.141
0.809,5.2286,8.7243,-3.612,0.371,1.141
0.7628,5.2516,8.8565,-3.612,0.371,1.0739999999999998
0.7165,5.4359,9.2531,-3.702,0.185,1.2089999999999999
0.6703,5.4128,9.1209,-3.702,0.185,1.0739999999999998
0.6934,5.3437,8.9887,-3.702,0.27799999999999997,1.007
0.7165,5.1364,8.7243,-3.702,0.185,1.0739999999999998
0.7397,5.0213,8.5922,-3.5210000000000004,0.092,1.0739999999999998
0.7165,4.9522,8.46,-3.431,-0.092,1.141
0.6703,4.9752,8.5922,-3.431,-0.092,1.007
0.6241,4.9982,8.5922,-3.5210000000000004,-0.092,1.141
0.601,4.9982,8.5922,-3.5210000000000004,-0.092,1.141
0.7628,4.86,8.3278,-3.341,0.0,1.141
0.809,4.7909,8.3278,-3.341,0.27799999999999997,1.141
0.809,4.837,8.3278,-3.341,0.371,1.141
0.8321,4.9522,8.5922,-3.431,0.185,1.141
0.7859,4.9982,8.5922,-3.431,0.185,1.141
0.7397,4.9752,8.46,-3.341,0.092,1.141
0.6703,4.9061,8.3278,-3.431,0.092,1.007
0.6703,4.7909,8.1956,-3.341,0.092,1.0739999999999998
0.6934,4.7449,8.1956,-3.431,0.0,0.94
0.7397,4.7909,8.46,-3.341,0.092,1.007
0.7165,4.9982,8.5922,-3.431,0.092,1.007
0.7165,4.9982,8.5922,-3.341,0.092,1.007
0.7397,4.86,8.3278,-3.341,0.0,1.0739999999999998
0.7397,4.7218,8.1956,-3.341,0.092,0.94
0.6934,4.6067,7.9312,-3.25,0.0,1.007
0.6472,4.6297,7.9312,-3.25,-0.185,1.0739999999999998
0.6472,4.6297,7.9312,-3.25,-0.185,1.0739999999999998
0.6703,4.7218,8.1956,-3.16,-0.092,1.0739999999999998
0.8784,4.7909,8.3278,-3.431,0.371,1.0739999999999998
0.8784,4.7679,8.1956,-3.431,0.27799999999999997,1.007
0.8552,4.7218,8.1956,-3.341,0.371,1.0739999999999998
0.809,4.7218,8.1956,-3.341,0.185,1.0739999999999998
0.7628,4.7218,8.3278,-3.341,0.092,1.007
0.7165,4.7449,8.1956,-3.25,0.0,1.141
0.7628,4.7909,8.1956,-3.25,0.185,1.0739999999999998
0.7859,4.7679,8.1956,-3.431,0.185,1.0739999999999998
0.7859,4.7909,8.1956,-3.341,0.185,1.0739999999999998
0.7859,4.837,8.3278,-3.25,0.092,1.141
0.7397,4.9752,8.5922,-3.341,0.185,1.141
0.7397,4.9982,8.5922,-3.25,0.092,1.2089999999999999
0.7397,4.9982,8.46,-3.341,0.092,1.0739999999999998
0.7859,4.9291,8.3278,-3.25,0.185,1.141
0.7397,4.86,8.1956,-3.341,0.185,1.0739999999999998
0.6934,4.9061,8.3278,-3.25,0.0,1.141
0.7397,5.0213,8.7243,-3.341,0.092,1.141
0.7397,5.0213,8.7243,-3.341,0.092,1.141
0.7628,5.0673,8.7243,-3.431,0.185,1.141
0.8321,5.1134,8.7243,-3.431,0.46399999999999997,1.141
0.8784,5.1134,8.7243,-3.341,0.46399999999999997,1.0739999999999998
0.8552,5.0673,8.7243,-3.431,0.27799999999999997,1.0739999999999998
0.7859,5.0904,8.5922,-3.431,0.185,1.141
0.7397,5.0904,8.5922,-3.341,0.0,1.141
0.7628,5.0904,8.5922,-3.431,0.185,1.141
0.7628,5.0904,8.5922,-3.431,0.185,1.141
0.809,5.0673,8.5922,-3.431,0.27799999999999997,1.0739999999999998
0.8552,4.9752,8.3278,-3.341,0.46399999999999997,1.0739999999999998
0.8552,4.9752,8.3278,-3.341,0.46399999999999997,1.0739999999999998
0.7859,4.9061,8.3278,-3.341,0.371,1.0739999999999998
0.7165,4.7679,8.0634,-3.25,-0.092,1.0739999999999998
0.6472,4.7218,8.1956,-3.16,-0.092,1.0739999999999998
0.6241,4.7679,8.0634,-3.16,-0.185,1.007
0.6472,4.7909,8.1956,-3.07,-0.185,1.007
0.6934,4.7909,8.1956,-3.341,0.0,0.94
0.7628,4.7909,8.0634,-3.25,0.185,1.0739999999999998
0.809,4.7218,8.0634,-3.25,0.092,1.007
0.809,4.6527,7.9312,-3.16,0.185,1.007
0.7165,4.4915,7.6668,-3.16,-0.092,1.007
0.6934,4.4454,7.799,-3.16,-0.185,0.873
0.6934,4.3994,7.6668,-3.16,-0.185,0.873
0.6934,4.4224,7.6668,-3.16,-0.185,0.94
0.7628,4.5376,7.799,-3.16,0.092,1.007
0.7628,4.5376,7.799,-3.16,0.092,1.007
0.7628,4.6067,7.9312,-3.16,0.092,0.873
0.7628,4.5145,7.6668,-3.16,0.0,1.007
0.7397,4.3994,7.6668,-3.16,0.0,1.007
0.6934,4.2842,7.4025,-3.16,-0.092,0.94
0.6934,4.2612,7.4025,-3.07,0.0,0.94
0.7165,4.2151,7.4025,-3.07,0.0,0.873
0.7397,4.169,7.2703,-2.979,0.0,0.94
0.7165,4.192,7.2703,-2.979,0.0,0.873
0.7165,4.3533,7.6668,-3.07,-0.092,1.007
0.6703,4.5376,7.9312,-3.07,-0.092,1.007
0.6472,4.7449,8.1956,-3.07,-0.092,1.0739999999999998
0.5547,4.9752,8.46,-3.431,-0.371,1.0739999999999998
0.6472,4.9291,8.46,-3.341,-0.092,1.007
0.9015,4.8831,8.3278,-3.431,0.46399999999999997,1.007
1.1095,4.837,8.3278,-3.431,0.9289999999999999,1.007
0.9246,5.0213,8.7243,-3.341,0.46399999999999997,1.0739999999999998
0.7165,5.1134,8.8565,-3.431,0.0,1.007
0.6241,5.1825,8.8565,-3.431,0.0,1.0739999999999998
0.6241,5.1825,8.8565,-3.431,0.0,1.0739999999999998
0.7859,5.3207,8.9887,-3.5210000000000004,0.27799999999999997,1.141
0.8321,5.3668,9.1209,-3.5210000000000004,0.46399999999999997,1.0739999999999998
0.8321,5.3898,9.2531,-3.5210000000000004,0.46399999999999997,1.2089999999999999
0.6934,5.3437,9.1209,-3.5210000000000004,0.092,1.141
0.6241,5.2516,8.8565,-3.5210000000000004,-0.185,1.0739999999999998
0.7397,5.2516,8.8565,-3.5210000000000004,0.27799999999999997,1.0739999999999998
0.8552,5.2977,8.8565,-3.612,0.46399999999999997,1.141
0.8552,5.3668,9.2531,-3.612,0.371,1.141
0.7165,5.5971,9.6497,-3.5210000000000004,0.185,1.007
0.6472,5.6662,9.6497,-3.702,0.092,1.0739999999999998
0.7165,5.6432,9.6497,-3.612,0.092,1.141
0.7859,5.4589,9.2531,-3.702,0.371,1.141
0.7859,5.4589,9.2531,-3.702,0.371,1.141
0.809,5.3898,9.1209,-3.702,0.46399999999999997,1.0739999999999998
0.8784,5.4589,9.3853,-3.702,0.5569999999999999,1.141
0.9015,5.551,9.5175,-3.702,0.65,1.141
0.7397,5.505,9.3853,-3.702,0.185,1.141
0.7397,5.2516,8.7243,-3.702,0.27799999999999997,1.141
0.7628,5.1364,8.5922,-3.5210000000000004,0.185,1.141
0.7397,5.0673,8.5922,-3.431,0.0,0.94
0.7397,5.0213,8.5922,-3.431,0.0,0.94
0.7397,5.1364,8.7243,-3.431,0.185,1.2089999999999999
0.7165,5.3437,8.9887,-3.612,0.092,1.2089999999999999
0.7397,5.505,9.3853,-3.5210000000000004,0.27799999999999997,1.141
0.7628,5.6201,9.5175,-3.702,0.371,1.141
0.809,5.4819,9.2531,-3.702,0.371,1.141
0.7628,5.3437,8.9887,-3.792,0.27799999999999997,1.141
0.7397,5.1825,8.5922,-3.612,0.185,1.007
0.7397,5.0673,8.46,-3.5210000000000004,0.092,1.007
0.7165,4.9752,8.46,-3.5210000000000004,0.0,1.007
0.7397,5.0904,8.5922,-3.431,0.092,1.0739999999999998
0.7397,5.0904,8.5922,-3.431,0.092,1.0739999999999998
0.7397,5.1825,8.5922,-3.612,0.185,1.007
0.7859,5.2977,8.8565,-3.612,0.185,1.141
0.7397,5.3437,8.9887,-3.702,0.27799999999999997,1.0739999999999998
0.7165,5.3668,9.1209,-3.612,0.27799999999999997,1.0739999999999998
0.7165,5.4589,9.1209,-3.612,0.092,1.0739999999999998
0.7859,5.4589,9.3853,-3.702,0.371,1.141
0.7859,5.6201,9.5175,-3.8819999999999997,0.371,1.141
0.7859,5.5741,9.3853,-3.792,0.27799999999999997,1.2089999999999999
0.7628,5.5971,9.2531,-3.792,0.185,1.141
0.7397,5.551,9.2531,-3.792,0.185,1.0739999999999998
0.7165,5.4819,9.2531,-3.612,0.092,1.007
0.7165,5.4819,9.2531,-3.612,0.092,1.007
0.6472,5.4359,9.2531,-3.5210000000000004,-0.092,0.94
0.6934,5.3898,8.9887,-3.612,-0.092,1.141
0.6934,5.3668,8.9887,-3.702,0.27799999999999997,1.007
0.7165,5.3437,8.9887,-3.702,0.185,1.0739999999999998
0.7397,5.2977,8.7243,-3.612,0.092,1.0739999999999998
0.7165,5.1825,8.5922,-3.702,0.0,1.007
0.6934,5.1595,8.5922,-3.612,0.0,1.007
0.6934,5.1364,8.5922,-3.5210000000000004,0.092,0.873
0.7165,5.1825,8.5922,-3.5210000000000004,0.0,1.0739999999999998
0.7397,5.2286,8.7243,-3.5210000000000004,0.092,1.141
0.7397,5.2286,8.7243,-3.5210000000000004,0.092,1.141
0.6934,5.2516,8.7243,-3.612,0.092,1.2089999999999999
0.7397,5.1595,8.5922,-3.612,0.0,1.0739999999999998
0.6934,5.0904,8.3278,-3.431,0.0,1.007
0.6703,5.0673,8.46,-3.431,-0.185,1.0739999999999998
0.5316,5.0673,8.3278,-3.431,-0.371,1.0739999999999998
0.5085,5.0443,8.3278,-3.431,-0.371,1.0739999999999998
0.7165,5.0904,8.46,-3.431,0.0,1.141
0.9015,5.0443,8.5922,-3.431,0.5569999999999999,1.0739999999999998
0.7859,4.9522,8.3278,-3.341,0.185,1.0739999999999998
0.601,4.9291,8.3278,-3.25,-0.27799999999999997,1.0739999999999998
0.416,4.814,8.1956,-3.25,-0.65,0.94
0.4392,4.814,8.1956,-3.25,-0.65,0.94
0.7165,4.7909,8.0634,-3.25,-0.185,1.0739999999999998
0.9477,4.7679,8.1956,-3.431,0.5569999999999999,1.007
0.7859,4.9061,8.3278,-3.25,0.185,1.0739999999999998
0.5779,4.9291,8.5922,-3.25,-0.27799999999999997,0.94
0.5316,4.9061,8.46,-3.25,-0.46399999999999997,1.007
0.8552,4.86,8.1956,-3.431,0.371,1.0739999999999998
1.0633,4.814,8.1956,-3.341,0.7430000000000001,1.007
1.0171,4.7909,8.0634,-3.341,0.5569999999999999,0.94
0.5779,4.7679,8.1956,-3.16,-0.371,1.0739999999999998
0.5316,4.814,8.1956,-3.25,-0.371,0.94
0.6472,4.9061,8.46,-3.341,-0.185,1.007
0.8321,5.0213,8.5922,-3.341,0.27799999999999997,1.0739999999999998
0.9477,5.1134,8.8565,-3.431,0.5569999999999999,1.141
0.9246,5.2286,8.8565,-3.431,0.5569999999999999,1.141
0.809,5.2977,8.9887,-3.431,0.371,1.141
0.7859,5.3437,8.9887,-3.612,0.371,1.141
0.8552,5.3437,8.9887,-3.702,0.371,1.007
0.8552,5.3437,8.9887,-3.702,0.371,1.007
0.809,5.4128,9.1209,-3.5210000000000004,0.371,1.0739999999999998
0.7859,5.528,9.2531,-3.431,0.185,1.141
0.809,5.7583,9.7818,-3.702,0.5569999999999999,1.2089999999999999
0.9015,5.8735,10.0462,-3.702,0.5569999999999999,1.2089999999999999
0.9015,5.9656,10.3106,-3.612,0.65,1.2759999999999998
0.9015,6.0347,10.3106,-3.792,0.65,1.2089999999999999
0.8784,6.1038,10.4428,-3.792,0.5569999999999999,1.2759999999999998
0.8552,6.1729,10.575,-3.612,0.65,1.2759999999999998
0.8552,6.219,10.7072,-3.792,0.7430000000000001,1.2759999999999998
0.9246,6.2881,10.8393,-3.792,0.836,1.2759999999999998
0.9015,6.2881,10.8393,-3.792,0.836,1.343
0.8784,6.3342,10.7072,-3.792,0.7430000000000001,1.2759999999999998
0.8784,6.3342,10.7072,-3.792,0.7430000000000001,1.2759999999999998
0.8321,6.4033,10.9715,-3.792,0.5569999999999999,1.2759999999999998
0.809,6.4954,10.9715,-3.792,0.65,1.2759999999999998
0.7628,6.5184,10.9715,-3.8819999999999997,0.46399999999999997,1.2759999999999998
0.7628,6.5184,11.1037,-3.973,0.371,1.2759999999999998
0.809,6.5415,10.9715,-3.8819999999999997,0.65,1.2089999999999999
0.8321,6.5415,10.9715,-3.8819999999999997,0.65,1.2759999999999998
0.8321,6.3342,10.575,-3.973,0.5569999999999999,1.141
0.809,6.219,10.3106,-3.973,0.46399999999999997,1.2089999999999999
0.7859,6.1038,10.1784,-3.973,0.46399999999999997,1.141
0.7397,6.0117,9.914,-3.792,0.185,1.141
0.6934,5.9887,9.914,-3.792,0.27799999999999997,1.0739999999999998
0.6241,5.9656,9.914,-3.792,0.092,1.2089999999999999
0.6241,5.9656,9.914,-3.792,0.092,1.2089999999999999
0.6472,5.7814,9.5175,-3.8819999999999997,0.0,1.141
0.6703,5.5971,9.1209,-3.702,0.0,1.0739999999999998
0.6934,5.3437,8.5922,-3.702,0.092,1.007
0.6934,5.0213,8.46,-3.341,-0.092,1.007
0.6703,5.0904,8.46,-3.431,-0.092,1.007
0.6472,5.1825,8.3278,-3.5210000000000004,-0.092,0.94
0.5779,5.1364,8.46,-3.5210000000000004,-0.185,0.94
0.5779,5.1364,8.46,-3.5210000000000004,-0.185,0.94
0.6703,5.1595,8.7243,-3.431,0.0,1.007
0.7859,5.6201,9.5175,-3.5210000000000004,0.27799999999999997,1.0739999999999998
0.7628,5.8505,9.7818,-3.792,0.371,1.0739999999999998
0.5316,5.9887,10.0462,-3.702,0.0,1.2089999999999999
0.5547,5.8044,9.6497,-3.702,-0.185,1.141
0.7397,5.8274,9.6497,-3.792,0.185,1.0739999999999998
0.9246,5.9656,10.0462,-3.792,0.836,1.2089999999999999
0.9708,6.1729,10.4428,-3.792,0.836,1.2089999999999999
0.8321,6.219,10.4428,-3.792,0.5569999999999999,1.141
0.8321,6.196,10.4428,-3.973,0.5569999999999999,1.141
0.9246,6.219,10.575,-3.973,0.9289999999999999,1.0739999999999998
0.9477,6.2651,10.7072,-3.8819999999999997,0.7430000000000001,1.2089999999999999
0.9246,6.4263,10.7072,-3.8819999999999997,0.836,1.141
0.8321,6.3802,10.7072,-3.8819999999999997,0.65,1.2089999999999999
0.7397,6.3572,10.575,-3.8819999999999997,0.371,1.2089999999999999
0.7165,6.3342,10.575,-3.8819999999999997,0.371,1.2759999999999998
0.7859,6.4493,10.7072,-3.792,0.46399999999999997,1.2089999999999999
0.8784,6.5875,10.9715,-3.792,0.7430000000000001,1.2759999999999998
0.9015,6.8179,11.5003,-3.8819999999999997,0.836,1.2089999999999999
0.9246,6.8179,11.3681,-3.973,0.9289999999999999,1.2089999999999999
0.9246,6.7948,11.3681,-3.8819999999999997,0.836,1.141
0.8552,6.7718,11.3681,-3.792,0.65,1.2089999999999999
0.8321,6.8409,11.3681,-3.8819999999999997,0.7430000000000001,1.2089999999999999
0.809,6.91,11.3681,-3.8819999999999997,0.7430000000000001,1.2759999999999998
0.8321,6.887,11.3681,-3.8819999999999997,0.7430000000000001,1.2089999999999999
0.8784,6.8639,11.3681,-3.8819999999999997,0.836,1.2089999999999999
0.9708,6.6106,10.9715,-3.792,0.9289999999999999,1.343
0.9708,6.5184,10.7072,-3.792,0.9289999999999999,1.2089999999999999
0.6934,6.0808,9.7818,-3.702,0.185,1.0739999999999998
0.6703,5.8505,9.5175,-3.5210000000000004,0.092,1.0739999999999998
0.809,5.7123,9.3853,-3.5210000000000004,0.27799999999999997,1.2089999999999999
0.809,5.7583,9.3853,-3.431,0.371,1.141
0.809,5.7583,9.3853,-3.431,0.371,1.141
0.7628,5.7353,9.2531,-3.431,0.185,1.007
0.8552,5.505,8.8565,-3.431,0.371,1.007
0.8552,5.3437,8.5922,-3.25,0.371,1.007
0.7859,5.2516,8.5922,-3.25,0.092,1.007
0.6934,5.1825,8.46,-3.25,0.0,0.94
0.6703,5.1134,8.3278,-3.25,0.0,1.007
0.7628,4.9752,8.0634,-3.25,0.0,0.94
0.7859,4.9522,8.0634,-3.07,0.092,1.0739999999999998
0.7628,4.9982,8.3278,-3.07,0.0,1.007
0.6934,5.1364,8.46,-3.07,-0.092,1.007
0.6934,5.3668,8.8565,-3.16,0.0,1.007
0.6934,5.3668,8.8565,-3.16,0.0,1.007
0.7397,5.3207,8.8565,-3.341,0.185,1.007
0.7628,5.0673,8.46,-3.25,0.092,1.007
0.7628,5.0213,8.3278,-3.16,0.0,1.0739999999999998
0.7397,5.0443,8.46,-3.25,0.092,1.007
0.7165,5.1595,8.46,-3.16,0.0,1.007
0.6934,5.2055,8.5922,-3.07,-0.185,1.007
0.6703,5.0904,8.46,-3.16,-0.092,1.007
0.6472,5.0443,8.46,-3.16,-0.27799999999999997,0.94
0.5547,5.0213,8.46,-3.07,-0.46399999999999997,0.873
0.5085,5.0213,8.46,-3.07,-0.5569999999999999,0.873
0.5316,5.0673,8.3278,-3.07,-0.371,0.873
0.809,5.0904,8.5922,-3.25,0.092,0.94
1.0402,5.0443,8.46,-3.341,0.65,0.94
1.0633,5.0213,8.3278,-3.25,0.65,0.94
0.7397,4.814,8.0634,-3.07,0.0,0.94
0.7397,4.814,8.0634,-3.07,0.0,0.94
0.5779,4.6297,7.799,-2.979,-0.46399999999999997,0.94
0.6472,4.6067,7.6668,-2.979,-0.27799999999999997,0.873
0.7628,4.5376,7.6668,-3.07,-0.092,0.873
0.601,4.5836,7.799,-2.889,-0.371,0.94
0.5316,4.814,8.3278,-3.07,-0.46399999999999997,0.873
0.5316,4.814,8.3278,-3.07,-0.46399999999999997,0.873
0.6241,5.0904,8.5922,-3.16,-0.092,0.873
0.6241,5.0904,8.7243,-3.16,-0.185,0.873
1.0171,5.1134,8.7243,-3.25,0.5569999999999999,1.007
1.0402,5.1595,8.8565,-3.341,0.7430000000000001,1.007
0.9708,5.2746,8.8565,-3.341,0.65,1.007
0.6703,5.3668,9.1209,-3.25,-0.185,0.873
0.7397,5.3668,9.1209,-3.341,0.185,1.007
0.9246,5.3207,8.9887,-3.341,0.5569999999999999,1.007
1.0633,5.2977,8.9887,-3.25,0.7430000000000001,1.007
0.6703,5.2746,8.8565,-3.25,-0.092,0.873
0.6934,5.2055,8.7243,-3.341,0.092,1.007
0.7628,5.1364,8.5922,-3.341,0.0,1.007
0.7859,5.0443,8.5922,-3.25,0.092,0.94
0.7165,4.9522,8.46,-3.25,0.0,1.007
0.6934,4.8831,8.3278,-3.16,-0.185,1.007
0.6703,4.837,8.1956,-3.16,-0.185,0.94
0.7165,4.8831,8.3278,-3.16,0.0,0.873
0.7859,4.9522,8.46,-3.341,0.185,0.873
0.7628,5.0673,8.8565,-3.16,0.185,0.94
0.7397,5.2286,8.9887,-3.16,0.27799999999999997,1.007
0.7628,5.3898,9.2531,-3.25,0.185,1.007
0.7859,5.4359,9.1209,-3.341,0.185,1.0739999999999998
0.7859,5.4128,8.9887,-3.431,0.371,1.0739999999999998
0.809,5.2286,8.7243,-3.341,0.27799999999999997,0.94
0.7397,4.86,8.0634,-3.341,0.0,0.873
0.6934,4.7218,7.9312,-3.16,-0.092,0.873
0.6934,4.6527,7.799,-3.07,-0.185,0.873
0.6934,4.6527,7.799,-3.07,-0.185,0.806
0.6934,4.7909,8.1956,-3.07,-0.185,0.873
0.6934,4.7909,8.1956,-3.07,-0.185,0.873
0.7628,4.9522,8.5922,-3.16,0.092,0.94
0.7628,4.9522,8.5922,-3.16,0.092,0.94
0.809,5.1595,8.7243,-3.25,0.27799999999999997,1.0739999999999998
0.8321,5.2746,8.8565,-3.25,0.46399999999999997,1.0739999999999998
0.8552,5.3898,9.1209,-3.341,0.5569999999999999,1.007
0.8552,5.4589,9.2531,-3.341,0.5569999999999999,0.94
0.9015,5.4819,9.2531,-3.431,0.5569999999999999,0.94
0.8321,5.3668,9.1209,-3.341,0.371,0.94
0.8321,5.3668,9.1209,-3.341,0.371,0.94
0.7628,5.2286,8.8565,-3.431,0.092,0.873
0.7165,5.0443,8.5922,-3.25,-0.092,0.94
0.6934,5.0443,8.5922,-3.25,-0.092,0.94
0.6934,5.0443,8.5922,-3.25,-0.092,0.94
0.7397,5.1595,8.7243,-3.25,0.092,0.873
0.6934,5.3437,9.1209,-3.341,0.185,0.873
0.7397,5.4128,9.2531,-3.431,0.185,0.94
0.7628,5.4819,9.5175,-3.341,0.185,1.007
0.809,5.551,9.5175,-3.341,0.371,1.007
0.9477,5.505,9.3853,-3.5210000000000004,0.7430000000000001,0.873
0.9246,5.4359,9.2531,-3.431,0.5569999999999999,0.94
0.8784,5.3207,8.9887,-3.431,0.371,0.873
0.8321,5.1825,8.7243,-3.431,0.185,0.873
0.6472,5.1595,8.8565,-3.341,-0.185,0.94
0.6472,5.4128,9.3853,-3.25,-0.092,0.873
0.7165,5.551,9.6497,-3.341,0.092,0.94
0.7859,5.7123,9.7818,-3.5210000000000004,0.371,1.141
0.8321,5.6662,9.6497,-3.5210000000000004,0.371,1.141
0.7165,5.5971,9.6497,-3.431,0.092,1.0739999999999998
0.7165,5.5971,9.6497,-3.431,0.092,1.0739999999999998
0.6703,5.6892,9.7818,-3.341,0.185,1.007
0.6703,5.8505,9.6497,-3.702,0.27799999999999997,1.0739999999999998
0.6703,5.6201,9.2531,-3.612,0.185,0.94
0.6934,5.3437,8.8565,-3.5210000000000004,0.092,0.873
0.6934,5.1364,8.7243,-3.341,0.0,0.94
0.6703,4.9522,8.7243,-2.979,-0.185,1.007
0.6472,4.8831,8.7243,-2.618,-0.185,1.007
0.601,4.814,8.7243,-2.5280000000000005,-0.371,0.94
0.5547,4.837,8.5922,-2.7089999999999996,-0.46399999999999997,0.873
0.5779,4.8831,8.0634,-3.25,-0.371,0.806
0.6472,4.6988,7.9312,-3.16,-0.185,0.806
0.6934,4.6297,7.799,-3.07,-0.185,0.738
0.6472,4.6297,7.9312,-2.979,-0.185,0.806
0.6241,4.5606,8.0634,-2.7089999999999996,-0.371,0.873
0.6241,4.5376,8.3278,-2.4379999999999997,-0.371,0.738
0.6703,4.6527,8.46,-2.7089999999999996,-0.185,0.873
0.8321,4.86,8.3278,-3.16,0.27799999999999997,0.873
0.8321,4.6297,8.3278,-2.799,0.185,0.873
0.8321,4.4224,8.46,-2.347,0.092,0.806
0.8321,4.2381,8.5922,-1.806,-0.092,0.738
0.6703,4.3763,8.7243,-1.986,-0.27799999999999997,0.806
0.5547,4.6758,8.3278,-2.7089999999999996,-0.371,0.806
0.5547,4.6758,8.3278,-2.7089999999999996,-0.371,0.806
0.7165,4.6988,8.1956,-3.07,0.0,0.94
0.7628,4.3763,8.3278,-2.347,-0.092,0.873
0.7859,4.146,8.1956,-1.806,0.0,0.873
0.8321,4.0308,8.1956,-1.625,-0.092,0.873
0.7859,3.9617,8.0634,-1.535,-0.092,0.806
0.7859,3.6853,8.0634,-1.3539999999999999,-0.27799999999999997,0.738
0.9477,3.5932,8.0634,-1.2640000000000002,0.092,0.738
0.9708,3.455,8.0634,-0.993,0.185,0.806
0.8552,3.2477,8.3278,-0.541,-0.27799999999999997,0.873
0.7397,3.0634,8.1956,-0.09,-0.46399999999999997,0.604
0.6934,2.9482,8.3278,0.18,-0.5569999999999999,0.671
0.7165,2.9252,8.1956,0.18,-0.46399999999999997,0.806
0.809,2.8791,7.799,-0.27,-0.27799999999999997,0.738
0.809,2.8561,7.6668,-0.18,-0.185,0.738
0.7628,2.6488,7.5346,-0.09,-0.46399999999999997,0.604
0.6934,2.3263,7.4025,0.361,-0.7430000000000001,0.5369999999999999
0.6934,2.0269,7.1381,0.722,-0.836,0.47
0.7628,1.7966,7.1381,1.083,-0.7430000000000001,0.403
0.809,1.4971,7.1381,1.444,-0.7430000000000001,0.403
0.7859,1.382,7.0059,1.444,-0.5569999999999999,0.335
0.7859,1.382,7.0059,1.444,-0.5569999999999999,0.335
0.6934,1.1516,6.7415,1.625,-1.022,0.268
0.6472,1.0825,6.4771,1.715,-1.115,0.268
0.601,0.8752,6.2128,1.986,-1.3,0.201
0.601,0.6219,6.0806,1.986,-1.393,0.268
0.7628,0.1382,6.345,2.889,-0.9289999999999999,-0.0
0.9246,0.0921,7.0059,3.341,-0.7430000000000001,0.067
0.9246,0.0921,7.0059,3.341,-0.7430000000000001,0.067
0.9246,0.2533,7.2703,3.16,-0.65,0.134
0.8784,0.2303,7.2703,3.25,-0.7430000000000001,0.134
0.9708,-0.5758,7.4025,4.605,-0.7430000000000001,-0.067
1.0402,-0.9674,7.6668,5.327,-0.836,-0.268
1.0171,-1.2668,7.6668,6.05,-1.022,-0.268
0.9477,-1.4741,7.9312,6.501,-1.207,-0.403
0.9477,-1.5893,8.1956,6.772,-1.3,-0.403
0.9939,-1.6353,8.1956,6.862,-1.115,-0.47
1.0171,-1.6814,8.1956,6.772,-1.115,-0.47
1.0402,-2.096,8.3278,7.584999999999999,-1.207,-0.604
1.1095,-2.5567,8.5922,8.488,-0.9289999999999999,-0.806
1.1326,-2.8331,8.8565,8.939,-1.022,-0.806
1.2251,-3.4089,9.6497,10.204,-0.836,-1.007
1.2251,-3.4089,9.914,10.113000000000001,-0.65,-1.007
1.2944,-3.2937,10.3106,10.204,-0.5569999999999999,-0.94
1.2251,-3.6392,10.4428,10.926,-0.65,-1.141
1.1789,-3.5241,9.914,10.023,-0.7430000000000001,-1.343
1.1789,-3.5241,9.914,10.023,-0.7430000000000001,-1.343
1.4331,-3.6623,9.2531,9.21,-0.092,-1.6789999999999998
1.6643,-3.478,9.2531,8.849,0.371,-1.947
1.7337,-3.5701,9.6497,9.120000000000001,0.65,-2.149
1.5256,-4.0078,10.4428,11.015999999999998,0.092,-2.015
1.5487,-4.0538,10.7072,11.197,0.092,-2.015
1.7105,-4.0999,10.9715,11.378,0.5569999999999999,-1.947
2.0342,-4.6758,10.9715,12.371,1.207,-1.88
1.7568,-4.9061,11.2359,13.093,0.46399999999999997,-1.2089999999999999
1.6181,-4.86,10.9715,12.822,0.185,-0.94
1.6643,-4.6758,10.575,12.010000000000002,0.371,-1.007
1.6874,-4.4685,9.914,11.107,0.27799999999999997,-1.007
1.5256,-4.2612,9.1209,10.023,-0.092,-0.873
1.5025,-4.2151,8.9887,9.933,-0.27799999999999997,-0.671
1.5025,-4.2151,8.9887,9.933,-0.27799999999999997,-0.604
1.5487,-4.2381,9.1209,10.204,0.0,-0.47
1.6412,-4.2381,9.2531,10.294,0.092,-0.335
1.6181,-4.2612,9.2531,10.384,0.092,-0.268
1.5025,-4.2381,8.9887,10.294,-0.092,-0.134
1.3176,-4.2151,8.8565,10.204,-0.7430000000000001,-0.067
1.0171,-4.0999,8.5922,9.841999999999999,-1.207,-0.134
0.9015,-4.0308,8.3278,9.481,-1.5790000000000002,-0.134
0.6934,-3.7544,7.799,8.668,-1.8579999999999999,-0.134
0.6241,-3.5471,7.4025,8.126999999999999,-1.8579999999999999,-0.067
0.6241,-3.5471,7.4025,8.126999999999999,-1.8579999999999999,-0.067
0.6934,-3.455,7.1381,7.856,-1.765,-0.134
0.7628,-3.3628,7.0059,7.495000000000001,-1.5790000000000002,-0.134
0.8784,-3.3168,7.0059,7.314,-1.393,-0.134
0.9939,-3.2477,6.7415,7.133000000000001,-1.207,-0.0
0.9939,-3.2477,6.7415,7.133000000000001,-1.207,-0.0
1.0171,-3.4089,7.2703,7.584999999999999,-1.207,-0.067
0.9708,-3.5471,7.4025,7.946,-1.115,-0.134
0.9246,-3.5932,7.5346,8.398,-1.207,-0.134
0.9477,-3.6853,7.6668,8.668,-1.115,-0.067
1.0171,-3.6392,7.5346,8.488,-1.022,-0.0
1.0864,-3.5701,7.4025,8.036,-1.022,-0.0
1.0633,-3.501,7.2703,7.856,-1.115,0.067
0.8784,-3.455,7.2703,7.765,-1.4860000000000002,-0.0
0.8784,-3.455,7.2703,7.765,-1.4860000000000002,-0.0
0.7397,-3.5701,7.4025,8.307,-1.765,-0.067
0.7628,-3.6853,7.6668,8.668,-1.765,-0.134
0.8552,-3.8465,8.0634,9.120000000000001,-1.5790000000000002,-0.134
0.9477,-3.9387,8.1956,9.571,-1.3,-0.201
1.0171,-4.0078,8.3278,9.841999999999999,-1.115,-0.201
1.0633,-4.0538,8.3278,9.841999999999999,-1.022,-0.067
1.0402,-4.0538,8.46,9.841999999999999,-1.022,-0.067
1.0171,-4.0769,8.3278,9.841999999999999,-1.115,-0.067
0.9246,-4.0999,8.46,9.841999999999999,-1.393,-0.067
0.8321,-4.169,8.7243,10.294,-1.765,-0.067
0.8784,-4.2842,8.9887,10.565,-1.4860000000000002,-0.134
1.0171,-4.4224,9.3853,11.015999999999998,-1.3,-0.067
1.3869,-4.6758,9.914,11.919,-0.5569999999999999,-0.0
1.202,-4.5606,9.3853,11.378,-1.115,-0.0
1.0171,-4.4685,9.1209,11.015999999999998,-1.207,-0.0
0.8552,-4.3763,8.9887,10.655,-1.5790000000000002,-0.067
0.8552,-4.3763,8.9887,10.655,-1.5790000000000002,-0.067
0.9939,-4.4454,9.2531,11.015999999999998,-1.393,-0.067
1.1326,-4.4224,9.3853,11.107,-1.022,-0.134
1.3176,-4.6758,9.5175,11.648,-0.65,-0.134
1.2251,-4.7449,9.2531,11.648,-0.836,-0.134
1.0864,-4.6067,9.1209,11.197,-1.115,-0.134
0.9477,-4.4915,8.9887,10.926,-1.3,-0.134
0.9015,-4.3994,8.7243,10.565,-1.4860000000000002,-0.067
0.9015,-4.3072,8.46,10.204,-1.4860000000000002,-0.134
0.9477,-4.3303,8.3278,10.204,-1.393,-0.067
1.0633,-4.2842,8.46,10.113000000000001,-1.207,-0.067
1.1326,-4.2612,8.46,10.023,-0.9289999999999999,-0.067
1.1326,-4.1229,8.0634,9.571,-0.9289999999999999,0.067
1.1326,-4.1229,8.0634,9.571,-0.9289999999999999,0.067
0.9477,-3.9847,7.6668,9.030000000000001,-1.3,-0.0
0.9477,-3.9847,7.6668,9.030000000000001,-1.3,-0.0
0.809,-3.9156,7.5346,9.030000000000001,-1.5790000000000002,-0.0
0.7397,-3.8465,7.2703,8.668,-1.765,-0.067
0.8321,-3.6853,7.0059,8.036,-1.4860000000000002,-0.067
0.9015,-3.5701,6.8737,7.675,-1.5790000000000002,-0.067
0.9015,-3.478,6.6093,7.404,-1.393,-0.0
0.9015,-3.4089,6.345,7.314,-1.393,-0.0
0.8552,-3.3628,6.345,7.133000000000001,-1.393,-0.0
0.7859,-3.3168,6.2128,7.043,-1.5790000000000002,-0.0
0.7397,-3.3168,6.2128,7.224,-1.765,0.067
0.7165,-3.3398,6.2128,7.224,-1.765,0.067
0.8321,-3.3859,6.4771,7.224,-1.5790000000000002,-0.134
0.8552,-3.4089,6.6093,7.404,-1.4860000000000002,-0.134
0.8552,-3.478,6.7415,7.584999999999999,-1.3,-0.067
0.809,-3.5241,6.7415,7.765,-1.5790000000000002,-0.067
0.7859,-3.5241,6.7415,7.946,-1.672,-0.0
0.7165,-3.5471,6.7415,7.765,-1.8579999999999999,-0.0
0.601,-3.455,6.6093,7.584999999999999,-2.044,-0.067
0.4854,-3.4319,6.7415,7.495000000000001,-2.322,-0.134
0.4854,-3.4319,6.7415,7.495000000000001,-2.322,-0.134
0.601,-3.5471,6.8737,7.856,-1.8579999999999999,-0.067
1.3407,-3.6853,7.6668,8.398,-0.371,-0.0
1.4563,-3.6853,7.6668,8.307,0.0,0.134
1.41,-3.7544,7.6668,8.488,-0.27799999999999997,0.134
1.0864,-3.7774,7.4025,8.668,-1.022,0.134
0.6472,-3.7544,7.4025,8.578,-2.044,-0.067
0.5085,-3.7774,7.5346,8.849,-2.322,-0.0
0.7397,-3.8926,7.799,9.030000000000001,-1.5790000000000002,-0.067
1.2251,-3.9847,8.0634,9.301,-0.7430000000000001,0.067
1.4563,-4.169,8.46,9.841999999999999,-0.27799999999999997,0.067
1.1789,-4.2842,8.5922,10.294,-0.9289999999999999,-0.067
0.7628,-4.3533,8.8565,10.474,-1.8579999999999999,-0.067
0.6472,-4.3763,8.8565,10.474,-2.044,-0.268
0.809,-4.3994,8.7243,10.565,-1.765,-0.134
1.1789,-4.3994,8.8565,10.474,-0.9289999999999999,-0.134
1.5025,-4.3763,8.8565,10.384,-0.185,0.134
1.3407,-4.5606,9.3853,11.015999999999998,-0.5569999999999999,0.134
1.1326,-4.7449,9.7818,11.648,-1.115,0.067
1.1326,-4.837,10.0462,12.010000000000002,-1.022,-0.067
1.5487,-5.1134,10.8393,13.003,0.0,-0.201
1.5256,-5.2746,10.8393,13.274,-0.185,-0.268
1.4563,-5.3668,10.8393,13.364,-0.27799999999999997,-0.134
1.3407,-5.3898,10.8393,13.453999999999999,-0.371,-0.0
1.1789,-5.3898,10.7072,13.635,-0.7430000000000001,-0.067
1.1095,-5.5741,11.1037,14.177,-0.9289999999999999,-0.134
1.1789,-5.6432,11.5003,14.448,-0.836,-0.134
1.1789,-5.6432,11.5003,14.448,-0.836,-0.134
1.1789,-5.8735,12.029,15.08,-0.65,-0.268
1.3638,-6.0347,12.2934,15.530999999999999,-0.27799999999999997,-0.268
1.5718,-6.1729,12.5578,15.712,0.27799999999999997,-0.134
1.5718,-6.1729,12.5578,15.712,0.27799999999999997,-0.134
1.4331,-6.219,12.4256,15.892999999999999,-0.092,-0.268
1.2713,-6.1499,12.1612,15.530999999999999,-0.5569999999999999,-0.134
1.0402,-5.9656,11.5003,14.628,-0.9289999999999999,-0.134
0.8784,-5.7353,10.9715,13.906,-1.3,-0.201
0.8321,-5.551,10.4428,13.093,-1.4860000000000002,-0.067
0.7628,-5.3898,10.0462,12.461,-1.4860000000000002,-0.201
0.6934,-5.0904,9.5175,11.558,-1.672,-0.268
0.6934,-5.0904,9.5175,11.558,-1.672,-0.268
0.8321,-4.86,9.1209,10.655,-1.3,-0.201
0.8784,-4.7679,8.9887,10.384,-1.115,-0.134
0.9477,-4.6527,8.5922,10.023,-1.022,-0.134
0.9477,-4.5836,8.46,9.841999999999999,-1.022,-0.134
0.7165,-4.4685,8.1956,9.481,-1.4860000000000002,-0.134
0.6472,-4.3533,8.0634,9.301,-1.765,-0.268
0.6472,-4.3533,8.0634,9.301,-1.765,-0.268
0.6703,-4.2842,8.0634,9.120000000000001,-1.4860000000000002,-0.268
0.7628,-4.3072,8.0634,9.030000000000001,-1.393,-0.268
0.8552,-4.3303,8.0634,9.120000000000001,-1.115,-0.067
0.9708,-4.3072,8.0634,9.030000000000001,-0.9289999999999999,-0.0
1.0402,-4.2842,8.0634,9.030000000000001,-0.836,-0.067
1.0402,-4.2381,7.9312,8.849,-0.836,-0.067
1.0171,-4.169,7.9312,8.668,-0.9289999999999999,-0.067
0.8552,-4.1229,7.9312,8.668,-1.3,-0.134
0.7397,-4.146,7.799,8.759,-1.4860000000000002,-0.268
0.7397,-4.2151,7.9312,9.030000000000001,-1.4860000000000002,-0.335
0.8321,-4.3072,8.0634,9.120000000000001,-1.3,-0.268
0.9477,-4.3072,7.9312,9.21,-1.022,-0.201
0.9939,-4.2381,7.9312,9.030000000000001,-1.115,-0.134
0.9708,-4.2151,7.799,8.939,-1.022,-0.067
0.9246,-4.192,7.6668,8.578,-1.115,-0.134
0.7628,-4.146,7.6668,8.668,-1.4860000000000002,-0.134
0.7628,-4.146,7.6668,8.668,-1.4860000000000002,-0.134
0.8321,-4.1229,7.5346,8.578,-1.393,-0.134
0.8784,-4.1229,7.5346,8.578,-1.207,-0.067
0.9015,-4.0078,7.4025,8.126999999999999,-1.115,-0.201
0.9015,-3.9156,7.2703,8.036,-1.115,-0.201
0.8321,-3.8926,7.1381,7.856,-1.207,-0.134
0.7165,-3.8465,7.1381,7.675,-1.4860000000000002,-0.201
0.601,-3.8005,6.8737,7.584999999999999,-1.8579999999999999,-0.201
0.7628,-3.7774,7.0059,7.584999999999999,-1.5790000000000002,-0.134
0.9708,-3.7544,7.0059,7.584999999999999,-0.836,-0.134
1.2251,-3.7314,7.1381,7.495000000000001,-0.5569999999999999,-0.0
1.2251,-3.7314,7.0059,7.495000000000001,-0.371,-0.0
1.0864,-3.7314,7.0059,7.495000000000001,-0.836,-0.067
0.8784,-3.7314,7.0059,7.314,-1.3,-0.0
0.809,-3.6853,6.8737,7.224,-1.393,-0.067
0.9015,-3.6623,6.8737,7.224,-1.3,-0.201
0.9708,-3.6392,6.6093,7.224,-1.022,-0.067
0.8321,-3.6623,6.7415,7.224,-1.393,-0.067
0.6934,-3.6623,6.7415,7.224,-1.672,-0.067
0.6934,-3.6623,6.7415,7.224,-1.672,-0.134
0.7628,-3.6853,6.8737,7.224,-1.393,-0.201
0.9246,-3.7544,7.0059,7.495000000000001,-1.022,-0.134
0.9477,-3.8005,7.1381,7.584999999999999,-1.022,-0.134
0.9477,-3.8005,7.1381,7.584999999999999,-1.022,-0.134
0.9708,-3.8696,7.1381,7.946,-0.9289999999999999,-0.067
0.9477,-3.9156,7.2703,8.126999999999999,-1.022,-0.067
0.9015,-4.0078,7.5346,8.488,-1.115,-0.067
0.9015,-4.0308,7.5346,8.759,-1.115,-0.134
0.9246,-4.0538,7.5346,8.668,-1.115,-0.134
0.9708,-4.0078,7.5346,8.668,-0.9289999999999999,-0.067
1.0633,-3.9847,7.5346,8.578,-0.836,-0.067
1.0633,-4.0769,7.799,8.849,-0.836,-0.0
1.0402,-4.192,7.9312,9.21,-0.836,-0.067
0.9939,-4.3303,8.3278,9.571,-0.836,-0.134
1.0171,-4.5606,8.8565,10.384,-0.9289999999999999,-0.201
1.0633,-4.6067,8.9887,10.655,-1.022,-0.134
1.0633,-4.6527,8.9887,10.655,-0.836,-0.201
1.0864,-4.6527,8.9887,10.745000000000001,-0.7430000000000001,-0.134
1.0864,-4.7679,9.1209,11.015999999999998,-0.836,-0.201
1.0864,-4.7679,9.1209,11.015999999999998,-0.836,-0.201
1.0633,-4.7909,9.3853,11.287,-0.9289999999999999,-0.201
1.1326,-5.3668,10.4428,13.093,-0.7430000000000001,-0.201
1.2482,-5.6432,11.1037,13.906,-0.27799999999999997,-0.134
1.2482,-5.6432,11.1037,13.906,-0.27799999999999997,-0.134
1.3176,-5.6892,11.2359,13.995999999999999,-0.185,-0.067
1.2251,-5.6201,11.1037,13.815999999999999,-0.5569999999999999,-0.134
1.1095,-5.6201,10.9715,13.815999999999999,-0.836,-0.134
0.9939,-5.6892,11.1037,13.906,-1.022,-0.201
0.9477,-5.8735,11.6325,14.719,-1.022,-0.268
0.9708,-6.0347,11.7647,15.08,-0.836,-0.268
0.9939,-6.1038,11.8968,15.350999999999999,-0.9289999999999999,-0.201
1.0864,-6.1729,11.8968,15.350999999999999,-0.7430000000000001,-0.201
1.1558,-6.1269,11.7647,15.169999999999998,-0.46399999999999997,-0.201
1.202,-6.0578,11.5003,14.719,-0.5569999999999999,-0.134
0.8784,-5.7814,10.8393,13.725000000000001,-1.115,-0.201
0.7628,-5.6892,10.575,13.364,-1.3,-0.268
0.7397,-5.6432,10.4428,13.184000000000001,-1.393,-0.335
0.7628,-5.6201,10.4428,13.093,-1.4860000000000002,-0.268
0.9015,-5.4819,9.914,12.551000000000002,-1.115,-0.201
0.9939,-5.3668,9.7818,12.190000000000001,-0.9289999999999999,-0.268
1.0171,-5.2746,9.6497,12.010000000000002,-0.836,-0.134
0.9939,-5.0443,9.2531,11.287,-0.9289999999999999,-0.134
0.9246,-4.9522,8.9887,10.926,-0.9289999999999999,-0.067
0.8321,-4.86,8.8565,10.474,-1.207,-0.134
0.7397,-4.7218,8.5922,10.204,-1.393,-0.134
0.6934,-4.6297,8.3278,9.841999999999999,-1.4860000000000002,-0.134
0.7859,-4.3763,7.799,9.21,-1.3,-0.134
0.8784,-4.2612,7.6668,8.759,-1.115,-0.0
0.809,-4.2842,7.6668,8.939,-1.3,-0.201
0.7628,-4.3533,7.9312,9.301,-1.3,-0.201
0.7397,-4.4454,8.0634,9.571,-1.393,-0.201
0.6934,-4.4685,8.0634,9.571,-1.393,-0.201
0.6241,-4.4685,8.0634,9.571,-1.5790000000000002,-0.201
0.5779,-4.3763,7.9312,9.21,-1.765,-0.268
0.7397,-4.3763,7.799,9.21,-1.393,-0.268
1.0402,-4.3994,7.9312,9.120000000000001,-0.7430000000000001,-0.067
1.2251,-4.3303,7.9312,9.21,-0.371,-0.067
1.202,-4.3303,7.9312,9.030000000000001,-0.371,-0.067
0.9708,-4.3072,7.6668,8.939,-0.9289999999999999,-0.0
0.7628,-4.192,7.5346,8.668,-1.393,-0.134
0.9246,-4.169,7.4025,8.578,-1.022,-0.067
1.0402,-4.0999,7.4025,8.398,-0.65,-0.067
0.6241,-3.9156,7.0059,7.946,-1.672,-0.134
0.5316,-3.8696,6.8737,7.765,-1.951,-0.134
0.5779,-3.8465,6.8737,7.675,-1.765,-0.201
0.8321,-3.8005,6.8737,7.675,-1.115,-0.067
0.809,-3.7774,6.7415,7.584999999999999,-1.207,-0.067
0.7165,-3.7544,6.7415,7.495000000000001,-1.4860000000000002,-0.067
0.6472,-3.7083,6.6093,7.314,-1.5790000000000002,-0.067
0.6472,-3.6853,6.6093,7.224,-1.393,-0.067
0.7397,-3.6853,6.4771,7.224,-1.393,-0.067
0.7628,-3.6853,6.6093,7.224,-1.3,-0.134
0.7859,-3.6853,6.4771,7.224,-1.393,-0.067
0.8321,-3.6392,6.4771,7.133000000000001,-1.207,-0.067
0.8321,-3.6392,6.4771,7.133000000000001,-1.207,-0.067
1.1558,-3.6853,6.6093,7.224,-0.46399999999999997,-0.0
1.1558,-3.8005,7.0059,7.675,-0.5569999999999999,-0.067
1.0864,-3.9387,7.2703,8.307,-0.5569999999999999,-0.067
1.0402,-4.0999,7.5346,8.759,-0.836,-0.0
0.9477,-4.2842,7.799,9.301,-1.022,-0.067
0.9708,-4.2842,7.9312,9.301,-0.836,-0.067
0.9708,-4.3303,7.9312,9.391,-0.9289999999999999,-0.067
0.8321,-4.5145,8.3278,9.933,-1.115,-0.201
0.8321,-4.814,9.2531,11.287,-1.022,-0.201
0.8321,-4.814,9.2531,11.287,-1.022,-0.201
1.0402,-5.2516,10.0462,12.732000000000001,-0.7430000000000001,-0.201
1.1558,-5.3437,10.3106,13.003,-0.371,-0.201
1.2251,-5.4128,10.4428,13.093,-0.371,-0.201
1.2482,-5.4589,10.3106,13.003,-0.371,-0.201
1.2944,-5.4819,10.4428,13.093,-0.185,-0.134
1.3407,-5.551,10.575,13.453999999999999,-0.092,-0.067
1.2944,-5.6662,10.8393,13.725000000000001,-0.092,-0.268
1.2251,-5.7353,10.9715,13.995999999999999,-0.371,-0.201
1.0633,-5.7353,10.8393,13.815999999999999,-0.836,-0.067
0.9939,-5.6662,10.7072,13.635,-0.9289999999999999,-0.134
1.0633,-5.4359,10.1784,12.822,-0.7430000000000001,-0.134
1.1095,-5.3668,9.914,12.642,-0.7430000000000001,-0.067
1.0633,-5.2977,9.7818,12.371,-0.7430000000000001,-0.067
1.0171,-5.2746,9.7818,12.280999999999999,-0.836,-0.134
0.9015,-5.2977,9.7818,12.461,-1.115,-0.201
0.7859,-5.3207,9.7818,12.551000000000002,-1.207,-0.134
0.9477,-5.2746,9.6497,12.190000000000001,-0.9289999999999999,-0.134
0.9477,-5.2746,9.6497,12.190000000000001,-0.9289999999999999,-0.134
1.1095,-5.2055,9.6497,11.919,-0.65,-0.134
1.1558,-5.1364,9.5175,11.648,-0.5569999999999999,-0.134
1.1789,-5.0443,9.3853,11.468,-0.371,-0.0
1.1326,-4.9291,9.1209,11.107,-0.7430000000000001,0.134
1.0171,-4.814,8.8565,10.565,-0.7430000000000001,-0.067
0.9477,-4.7218,8.5922,10.204,-0.9289999999999999,-0.067
0.9939,-4.6758,8.46,10.023,-0.836,-0.134
1.0633,-4.6758,8.7243,10.294,-0.65,-0.0
1.1326,-4.7218,8.8565,10.474,-0.5569999999999999,-0.067
1.202,-4.6988,8.8565,10.384,-0.46399999999999997,-0.0
1.2251,-4.6527,8.46,10.113000000000001,-0.46399999999999997,0.067
1.2251,-4.5836,8.3278,9.751999999999999,-0.46399999999999997,-0.0
1.2482,-4.4685,8.1956,9.481,-0.371,-0.0
1.2482,-4.4685,8.1956,9.391,-0.27799999999999997,-0.0
1.1558,-4.4454,8.1956,9.391,-0.46399999999999997,0.067
0.9708,-4.5836,8.46,9.841999999999999,-0.9289999999999999,-0.0
0.9708,-4.5606,8.46,9.933,-0.9289999999999999,0.067
0.9708,-4.5606,8.46,9.933,-0.9289999999999999,0.067
0.7859,-4.4915,8.1956,9.751999999999999,-1.393,-0.067
0.6703,-4.3533,8.0634,9.301,-1.5790000000000002,-0.067
0.6472,-4.2612,7.799,9.030000000000001,-1.5790000000000002,-0.134
0.8321,-4.0769,7.4025,8.398,-1.207,-0.0
0.8784,-3.9847,7.2703,8.036,-1.115,-0.067
0.8784,-3.8926,7.1381,7.946,-1.022,-0.067
0.9477,-3.9387,7.1381,8.036,-0.9289999999999999,-0.067
1.0633,-3.9617,7.1381,8.126999999999999,-0.836,-0.0
1.1095,-3.9387,7.1381,7.765,-0.65,0.134
1.1095,-3.8235,6.8737,7.675,-0.7430000000000001,0.067
0.9015,-3.6392,6.4771,7.224,-1.022,0.067
0.8321,-3.5932,6.345,7.043,-1.207,-0.0
0.8321,-3.5932,6.345,7.043,-1.207,-0.0
0.6934,-3.501,6.2128,6.862,-1.5790000000000002,-0.0
0.7397,-3.478,6.0806,6.772,-1.4860000000000002,-0.0
0.8321,-3.478,6.2128,6.682,-1.115,-0.067
0.9477,-3.478,6.2128,6.772,-0.836,-0.0
1.0864,-3.455,6.4771,6.862,-0.5569999999999999,0.134
1.1558,-3.455,6.6093,7.043,-0.27799999999999997,0.134
1.1326,-3.5241,6.6093,6.953,-0.5569999999999999,0.134
0.9939,-3.6392,6.7415,7.314,-0.9289999999999999,-0.067
0.9246,-3.7314,6.8737,7.675,-0.9289999999999999,-0.0
0.9477,-3.8235,7.1381,8.126999999999999,-1.022,-0.0
0.9939,-3.9387,7.2703,8.307,-0.836,-0.0
1.0864,-4.0078,7.4025,8.488,-0.7430000000000001,-0.0
1.0864,-3.9847,7.4025,8.398,-0.836,0.067
1.0171,-3.9847,7.5346,8.307,-0.836,-0.0
0.9708,-4.0308,7.5346,8.578,-1.022,-0.0
0.9015,-4.2151,7.799,9.030000000000001,-1.115,0.067
1.0402,-4.3072,8.0634,9.301,-0.9289999999999999,-0.067
1.2251,-4.837,9.5175,11.287,-0.46399999999999997,-0.067
1.2251,-4.837,9.5175,11.287,-0.46399999999999997,-0.067
1.2944,-5.0443,9.914,12.010000000000002,-0.27799999999999997,-0.0
1.2482,-5.0673,10.3106,12.280999999999999,-0.27799999999999997,-0.067
1.2251,-4.9752,10.4428,12.1,-0.5569999999999999,0.067
1.0633,-4.6988,10.3106,11.648,-0.7430000000000001,0.134
0.9246,-4.3303,9.5175,10.113000000000001,-1.115,0.201
1.0402,-4.6527,9.3853,10.565,-1.022,0.134
1.1326,-4.9061,9.2531,10.835999999999999,-0.7430000000000001,0.067
1.202,-4.9061,9.3853,11.015999999999998,-0.65,0.067
1.0171,-4.9982,9.6497,11.558,-0.836,-0.067
1.0171,-4.9982,9.6497,11.558,-0.836,-0.067
1.0864,-4.9982,9.3853,11.287,-0.7430000000000001,-0.0
0.9939,-5.0443,9.5175,11.648,-0.9289999999999999,-0.134
0.9939,-5.0443,9.5175,11.648,-0.9289999999999999,-0.134
0.9246,-5.0904,9.6497,11.829,-1.115,-0.134
0.809,-4.9522,9.3853,11.378,-1.3,-0.067
0.8552,-4.9061,9.2531,11.107,-1.207,-0.134
0.8321,-4.9291,9.2531,11.107,-1.3,-0.067
0.8321,-4.9291,9.2531,11.197,-1.393,-0.067
0.8784,-4.9752,9.5175,11.378,-1.207,-0.067
0.8784,-4.8831,9.2531,11.107,-1.3,-0.067
0.8784,-4.7909,8.9887,10.565,-1.022,-0.0
0.9246,-4.7449,8.8565,10.204,-1.022,-0.067
0.9246,-4.6988,8.9887,10.294,-1.022,-0.134
0.9477,-4.7449,8.8565,10.384,-0.9289999999999999,-0.067
0.9939,-4.6988,8.7243,10.204,-0.836,0.134
0.9939,-4.5836,8.46,9.841999999999999,-0.9289999999999999,-0.0
0.9246,-4.4454,8.1956,9.481,-1.022,0.067
0.8321,-4.2151,7.6668,8.668,-1.115,-0.067
0.809,-4.169,7.5346,8.668,-1.207,0.067
0.7628,-4.169,7.6668,8.668,-1.3,-0.067
0.7397,-4.192,7.6668,8.849,-1.393,-0.0
0.7165,-4.2381,7.799,8.939,-1.393,-0.0
0.7397,-4.2151,7.6668,8.849,-1.393,-0.067
0.7859,-4.169,7.6668,8.668,-1.115,-0.067
0.9246,-4.0769,7.4025,8.488,-0.9289999999999999,-0.067
0.9246,-4.0538,7.2703,8.126999999999999,-1.022,-0.067
0.8784,-3.8926,7.1381,7.856,-1.115,-0.0
0.8552,-3.6623,6.4771,7.133000000000001,-1.022,0.134
0.809,-3.5701,6.4771,6.862,-1.207,0.067
0.7628,-3.5932,6.4771,7.133000000000001,-1.393,-0.0
0.7397,-3.6853,6.8737,7.224,-1.393,-0.0
0.7859,-3.8005,7.0059,7.584999999999999,-1.393,-0.0
0.8784,-3.8696,7.1381,7.856,-1.115,-0.0
1.0171,-3.8235,7.0059,7.584999999999999,-0.7430000000000001,-0.0
1.0402,-3.7083,6.7415,7.404,-0.7430000000000001,0.067
0.9477,-3.6162,6.4771,7.043,-0.836,0.067
0.8784,-3.5471,6.345,6.862,-1.022,0.134
0.8321,-3.478,6.2128,6.5920000000000005,-1.022,0.134
0.7628,-3.4319,6.0806,6.5920000000000005,-1.207,0.067
0.7628,-3.478,6.345,6.682,-1.207,0.067
0.7628,-3.478,6.345,6.682,-1.207,0.067
0.7859,-3.6853,6.8737,7.314,-1.115,-0.0
0.809,-3.7774,7.0059,7.675,-1.3,-0.0
0.9015,-3.8005,7.1381,7.765,-0.9289999999999999,-0.067
1.2251,-3.7544,7.0059,7.495000000000001,-0.27799999999999997,0.268
1.1326,-3.7774,6.8737,7.404,-0.5569999999999999,0.067
0.8552,-3.7774,7.0059,7.675,-1.207,0.067
0.601,-3.8926,7.4025,8.036,-1.672,-0.134
0.6472,-4.0078,7.5346,8.398,-1.4860000000000002,-0.067
0.6472,-4.0078,7.5346,8.398,-1.4860000000000002,-0.067
1.0402,-4.146,7.799,8.849,-0.5569999999999999,-0.067
1.0864,-4.2381,7.9312,9.030000000000001,-0.5569999999999999,-0.134
0.9708,-4.2842,8.0634,9.301,-0.9289999999999999,-0.067
1.0171,-4.5606,8.5922,10.023,-0.7430000000000001,-0.0
1.0402,-4.6297,8.8565,10.294,-0.7430000000000001,-0.0
1.0633,-4.7909,9.2531,10.745000000000001,-0.7430000000000001,0.067
1.1789,-5.0904,10.3106,12.190000000000001,-0.371,-0.0
1.2482,-5.0904,10.575,12.461,-0.27799999999999997,-0.067
1.3638,-5.0673,10.7072,12.280999999999999,-0.092,-0.067
1.3638,-4.9752,10.4428,11.738999999999999,0.092,0.067
1.3638,-5.1364,9.7818,11.378,-0.092,-0.067
1.3638,-5.1134,9.7818,11.648,-0.185,0.067
1.2251,-5.2286,10.0462,12.010000000000002,-0.46399999999999997,0.067
1.0864,-5.3207,10.0462,12.461,-0.7430000000000001,-0.0
0.9939,-5.4128,10.1784,12.822,-0.836,-0.0
1.1095,-5.4128,10.4428,12.822,-0.5569999999999999,-0.134
1.1095,-5.4128,10.4428,12.822,-0.5569999999999999,-0.134
1.2482,-5.4359,10.4428,12.912999999999998,-0.371,-0.134
1.2713,-5.6201,10.9715,13.453999999999999,-0.27799999999999997,-0.067
1.0864,-5.7353,11.1037,13.906,-0.65,-0.134
1.0171,-5.6662,10.8393,13.545,-0.836,-0.067
1.0633,-5.551,10.4428,13.093,-0.65,-0.067
1.0633,-5.4128,10.1784,12.371,-0.65,-0.067
1.0633,-5.4128,10.1784,12.371,-0.65,-0.067
1.1558,-5.4128,10.1784,12.371,-0.46399999999999997,-0.0
1.2482,-5.4819,10.3106,12.822,-0.185,0.067
1.2944,-5.4359,10.3106,12.642,-0.185,0.067
1.2482,-5.3437,10.1784,12.1,-0.185,0.134
1.1558,-5.2746,9.7818,11.648,-0.5569999999999999,0.067
1.0171,-5.0904,9.5175,11.197,-0.836,-0.0
0.9939,-5.0443,9.3853,11.287,-0.9289999999999999,-0.0
0.9246,-5.0213,9.3853,11.197,-1.022,-0.0
0.8321,-4.9752,9.2531,11.015999999999998,-1.207,0.067
0.9477,-4.6988,8.5922,10.023,-0.9289999999999999,-0.0
0.9477,-4.6988,8.5922,10.023,-0.9289999999999999,-0.0
1.0633,-4.6527,8.46,9.751999999999999,-0.65,0.067
1.1095,-4.5836,8.46,9.661999999999999,-0.65,0.067
0.8552,-4.5606,8.46,9.661999999999999,-1.207,-0.067
0.6703,-4.4915,8.3278,9.571,-1.393,-0.0
0.6703,-4.4915,8.3278,9.571,-1.393,-0.0
0.7859,-4.5145,8.1956,9.391,-1.3,-0.0
0.9015,-4.4685,8.1956,9.21,-0.9289999999999999,-0.067
1.0171,-4.4685,8.1956,9.301,-0.5569999999999999,-0.0
1.0633,-4.4915,8.1956,9.301,-0.65,-0.0
0.9939,-4.4685,8.1956,9.301,-0.9289999999999999,0.067
0.8321,-4.4224,8.0634,9.301,-1.207,0.067
0.8321,-4.4224,8.0634,9.301,-1.207,0.067
0.601,-4.3303,7.799,9.030000000000001,-1.672,0.134
0.7397,-4.3303,7.799,8.939,-1.207,-0.067
0.809,-4.2842,7.799,8.849,-1.022,-0.067
0.9015,-4.2612,7.799,8.759,-0.9289999999999999,-0.0
0.9246,-4.2381,7.5346,8.668,-0.9289999999999999,0.067
0.9477,-4.169,7.5346,8.488,-0.836,0.067
0.9708,-4.1229,7.5346,8.398,-0.9289999999999999,0.067
0.8784,-4.1229,7.5346,8.307,-1.115,0.067
0.9708,-4.1229,7.4025,8.398,-0.836,-0.0
1.1558,-4.0078,7.4025,8.217,-0.65,0.134
0.8784,-4.0308,7.4025,8.217,-1.207,0.134
0.6934,-4.0308,7.4025,8.126999999999999,-1.393,-0.0
0.8321,-4.0769,7.4025,8.307,-1.115,-0.0
1.0633,-4.0538,7.4025,8.307,-0.836,0.134
1.2482,-3.9156,7.4025,8.036,-0.371,0.268
1.0864,-3.9156,7.2703,8.036,-0.65,0.134
0.9015,-3.9387,7.2703,7.946,-1.022,0.067
0.9015,-3.9387,7.1381,7.946,-1.207,0.134
0.9246,-3.9617,7.0059,7.856,-1.022,0.201
0.9246,-3.9617,7.0059,7.856,-0.9289999999999999,0.134
1.0171,-3.9156,7.1381,7.675,-0.9289999999999999,0.067
1.0402,-3.9156,7.1381,7.856,-0.7430000000000001,0.067
1.0402,-3.9617,7.2703,8.036,-0.7430000000000001,-0.0
1.0402,-3.9617,7.2703,8.036,-0.7430000000000001,-0.0
1.1558,-4.0999,7.5346,8.578,-0.46399999999999997,0.134
1.1789,-4.146,7.6668,8.759,-0.5569999999999999,0.067
1.1558,-4.169,7.6668,8.668,-0.5569999999999999,0.067
1.2251,-4.1229,7.6668,8.488,-0.371,0.067
1.2251,-4.0769,7.5346,8.398,-0.27799999999999997,0.067
1.202,-4.1229,7.6668,8.668,-0.46399999999999997,0.134
1.0864,-4.146,7.6668,8.849,-0.65,0.201
0.9939,-4.2151,7.799,9.030000000000001,-0.836,0.067
0.9477,-4.3072,7.9312,9.391,-1.115,-0.0
0.9246,-4.3533,8.0634,9.481,-1.115,-0.0
0.9246,-4.4224,8.1956,9.571,-1.115,0.067
1.0171,-4.4224,8.0634,9.481,-0.836,0.067
1.0171,-4.4915,8.1956,9.661999999999999,-0.836,-0.0
1.0171,-4.4915,8.1956,9.661999999999999,-0.836,-0.0
1.0402,-4.5606,8.3278,10.023,-0.836,0.134
1.0402,-4.5836,8.46,10.113000000000001,-0.9289999999999999,0.067
1.0402,-4.5836,8.46,10.113000000000001,-0.9289999999999999,0.067
1.0402,-4.6527,8.5922,10.204,-0.836,0.067
1.0864,-4.6527,8.5922,10.294,-0.836,0.067
1.1558,-4.6758,8.7243,10.384,-0.7430000000000001,0.067
1.202,-4.7218,8.8565,10.565,-0.7430000000000001,0.134
1.0402,-4.7909,8.9887,10.835999999999999,-0.9289999999999999,-0.0
0.9708,-4.814,9.1209,10.835999999999999,-1.115,-0.0
0.9246,-4.7909,8.9887,10.655,-1.207,-0.0
0.9708,-4.7679,8.9887,10.655,-1.115,-0.0
1.0633,-4.7679,8.9887,10.655,-1.022,0.067
1.3407,-4.6527,8.7243,10.294,-0.5569999999999999,0.067
1.41,-4.5836,8.7243,10.113000000000001,-0.27799999999999997,0.134
1.3869,-4.6067,8.7243,9.933,-0.371,0.134
1.1095,-4.7218,8.9887,10.655,-0.9289999999999999,0.201
0.9939,-4.814,9.2531,10.926,-1.207,-0.067
0.9015,-4.9061,9.3853,11.287,-1.393,-0.067
0.9939,-4.9522,9.3853,11.287,-1.115,-0.0
1.0171,-4.9522,9.1209,11.107,-0.9289999999999999,0.067
1.0864,-4.9061,8.9887,10.926,-0.9289999999999999,0.067
1.0864,-4.86,8.9887,10.926,-0.9289999999999999,-0.0
1.0864,-4.86,8.9887,10.926,-0.9289999999999999,-0.0
0.9477,-4.9522,9.2531,11.287,-1.207,-0.0
0.9246,-4.9982,9.3853,11.468,-1.3,-0.067
0.9015,-4.9522,9.2531,11.197,-1.393,0.134
0.9246,-4.9061,8.9887,10.926,-1.393,0.067
1.0402,-4.7218,8.46,10.204,-0.9289999999999999,0.134
1.0402,-4.6758,8.46,10.113000000000001,-1.022,0.134
0.9246,-4.6527,8.3278,10.023,-1.207,-0.0
0.8552,-4.6527,8.46,10.023,-1.4860000000000002,-0.0
0.7165,-4.5836,8.3278,10.023,-1.672,0.067
0.8321,-4.5836,8.3278,9.933,-1.4860000000000002,0.067
0.9477,-4.6067,8.3278,9.933,-1.3,0.134
1.0633,-4.6067,8.3278,9.841999999999999,-0.836,0.134
1.1326,-4.5836,8.46,9.751999999999999,-0.836,0.134
0.9939,-4.4454,7.9312,9.391,-1.207,0.201
0.809,-4.3533,7.799,9.120000000000001,-1.4860000000000002,0.134
0.416,-4.0999,7.4025,8.578,-2.322,-0.0
0.4854,-4.1229,7.4025,8.488,-2.23,-0.134
0.7397,-4.146,7.5346,8.759,-1.4860000000000002,-0.067
1.0171,-4.169,7.6668,8.759,-0.9289999999999999,0.067
1.1095,-4.169,7.6668,8.849,-0.7430000000000001,0.067
1.0864,-4.0999,7.5346,8.578,-0.9289999999999999,0.134
1.0633,-4.0308,7.2703,8.217,-0.9289999999999999,0.134
0.9708,-3.9617,7.1381,8.036,-1.022,0.134
0.9246,-3.9617,7.0059,7.946,-1.115,0.134
1.0171,-4.0078,7.2703,8.217,-1.022,0.067
0.9477,-4.0769,7.4025,8.488,-1.207,0.134
0.8552,-4.1229,7.2703,8.578,-1.393,-0.0
0.9477,-4.0769,7.4025,8.307,-1.115,0.134
1.0633,-4.0308,7.2703,8.217,-1.022,0.134
1.0633,-4.0078,7.1381,8.217,-1.022,0.201
1.0171,-4.0308,7.2703,8.217,-1.022,0.134
0.8784,-4.0308,7.2703,8.217,-1.3,0.134
0.5779,-4.0078,7.1381,8.126999999999999,-1.951,-0.0
0.6472,-4.0308,7.1381,8.126999999999999,-1.8579999999999999,-0.0
0.6472,-4.0308,7.1381,8.126999999999999,-1.8579999999999999,-0.0
1.0864,-4.0538,7.5346,8.398,-0.9289999999999999,0.067
1.2251,-4.1229,7.6668,8.759,-0.46399999999999997,0.134
1.0864,-4.2151,7.799,9.030000000000001,-0.836,0.067
0.8552,-4.3072,7.9312,9.301,-1.4860000000000002,0.067
0.8784,-4.3303,8.0634,9.391,-1.393,0.134
1.0864,-4.3994,8.1956,9.391,-0.9289999999999999,-0.0
1.1789,-4.4454,8.3278,9.481,-0.7430000000000001,0.067
1.1095,-4.5606,8.46,9.841999999999999,-0.9289999999999999,0.134
1.0171,-4.6527,8.7243,10.384,-1.022,0.134
0.7397,-4.837,9.2531,11.107,-1.672,-0.0
0.7628,-4.8831,9.2531,11.107,-1.672,-0.067
1.1789,-4.9291,9.2531,11.197,-0.836,0.067
1.1095,-4.9291,9.2531,11.287,-0.9289999999999999,-0.0
0.9708,-4.9752,9.3853,11.378,-1.115,-0.0
0.9015,-5.0213,9.5175,11.558,-1.393,-0.067
0.9246,-5.0443,9.5175,11.648,-1.207,-0.0
0.9477,-5.0904,9.5175,11.648,-1.207,-0.0
1.0171,-5.0904,9.5175,11.829,-1.115,-0.067
1.0402,-5.1134,9.6497,12.010000000000002,-1.022,-0.0
0.9939,-5.1595,9.6497,12.010000000000002,-1.207,-0.0
0.9939,-5.1595,9.6497,12.010000000000002,-1.207,-0.0
0.8321,-5.2055,9.5175,12.1,-1.393,-0.067
0.8552,-5.1825,9.6497,12.010000000000002,-1.393,-0.067
0.8552,-5.1825,9.5175,12.010000000000002,-1.3,-0.0
1.0633,-5.1825,9.5175,11.738999999999999,-0.836,-0.0
1.0402,-5.0904,9.3853,11.738999999999999,-0.9289999999999999,-0.0
0.9708,-5.0213,9.2531,11.287,-1.115,-0.0
0.7628,-4.9291,9.1209,11.015999999999998,-1.393,-0.067
0.6934,-4.8831,8.9887,10.835999999999999,-1.4860000000000002,-0.134
0.8321,-4.9291,9.1209,11.015999999999998,-1.3,-0.067
0.9477,-4.9522,9.2531,11.197,-1.022,-0.067
0.9477,-4.9752,9.2531,11.287,-0.9289999999999999,-0.0
0.9477,-4.9752,9.3853,11.378,-1.022,-0.134
0.9477,-4.9982,9.2531,11.378,-1.022,-0.067
0.9246,-4.9982,9.2531,11.287,-1.115,-0.067
0.7397,-4.9522,9.1209,11.197,-1.4860000000000002,-0.134
0.7397,-4.9982,9.1209,11.197,-1.3,-0.067
0.809,-4.9982,9.1209,11.197,-1.207,-0.134
1.0171,-4.8831,8.9887,10.926,-0.836,-0.067
1.0633,-4.837,8.9887,10.745000000000001,-0.7430000000000001,0.067
0.5085,-4.6067,8.46,10.023,-1.765,-0.134
0.4623,-4.5145,8.0634,9.751999999999999,-1.8579999999999999,-0.134
0.6472,-4.4685,8.0634,9.481,-1.5790000000000002,-0.134
0.9708,-4.3763,7.9312,9.120000000000001,-0.836,-0.0
1.0864,-4.2612,7.6668,8.759,-0.65,0.067
1.0864,-4.2612,7.6668,8.759,-0.65,0.067
0.9939,-4.2151,7.5346,8.849,-0.836,0.067
0.7397,-4.146,7.4025,8.488,-1.3,-0.134
0.9015,-4.146,7.4025,8.488,-1.115,0.067
1.0171,-4.1229,7.2703,8.398,-0.7430000000000001,0.067
0.9246,-4.1229,7.4025,8.578,-0.836,0.067
0.7628,-4.169,7.4025,8.759,-1.393,-0.067
0.6703,-4.192,7.5346,8.849,-1.5790000000000002,-0.134
0.7165,-4.2842,7.6668,9.030000000000001,-1.3,-0.134
0.8784,-4.3072,7.6668,9.030000000000001,-1.115,-0.134
0.7859,-4.192,7.5346,8.759,-1.3,-0.0
0.7859,-4.0999,7.2703,8.398,-1.3,-0.067
0.9015,-3.9617,7.0059,7.765,-1.022,-0.0
1.1095,-3.7774,6.6093,7.495000000000001,-0.65,0.067
1.0633,-3.6392,6.4771,7.224,-0.836,0.134
1.0633,-3.6392,6.4771,7.224,-0.836,0.134
0.8321,-3.6162,6.345,7.224,-1.3,0.134
0.6934,-3.6392,6.4771,7.224,-1.5790000000000002,0.067
0.8784,-3.5932,6.2128,7.043,-1.207,0.067
1.1558,-3.501,6.345,6.862,-0.7430000000000001,0.134
1.2713,-3.4089,6.2128,6.5920000000000005,-0.27799999999999997,0.201
1.0402,-3.5241,6.2128,6.953,-0.9289999999999999,0.268
0.9477,-3.6162,6.345,7.224,-1.393,0.201
0.9246,-3.7083,6.7415,7.495000000000001,-1.393,0.134
0.9939,-3.478,6.6093,7.224,-1.207,0.201
1.1558,-3.5932,6.4771,7.133000000000001,-1.022,0.268
1.2482,-3.5932,6.6093,7.133000000000001,-0.65,0.268
1.3176,-3.6392,6.7415,7.404,-0.65,0.201
0.9939,-3.9156,7.0059,8.217,-1.4860000000000002,0.201
0.5316,-3.8696,7.0059,8.217,-2.322,0.067
0.5085,-3.9387,7.0059,8.398,-2.415,-0.0
0.6472,-4.0078,7.2703,8.578,-2.137,-0.067
0.809,-4.146,7.6668,9.030000000000001,-1.765,0.067
1.2251,-4.5376,8.1956,10.023,-0.836,-0.0
1.41,-4.6297,8.46,10.384,-0.5569999999999999,0.067
1.4794,-4.6527,8.5922,10.474,-0.65,0.134
1.5256,-4.6988,8.7243,10.655,-0.5569999999999999,0.335
1.2944,-4.9522,9.2531,11.378,-1.022,0.201
1.2944,-4.9522,9.2531,11.378,-1.022,0.201
1.1326,-5.3207,9.7818,12.642,-1.4860000000000002,0.067
1.2251,-5.4359,10.1784,12.912999999999998,-1.207,-0.0
1.41,-5.528,10.4428,13.453999999999999,-0.65,0.201
1.5718,-5.6892,10.9715,13.906,-0.371,0.201
1.595,-5.9196,11.5003,14.538,-0.371,0.268
1.4563,-6.1499,12.029,15.350999999999999,-0.65,0.067
1.3407,-6.4033,12.4256,16.073,-0.65,0.134
1.3407,-6.4493,12.5578,16.253999999999998,-0.65,0.067
1.2944,-6.4493,12.1612,15.892999999999999,-0.65,0.067
1.2251,-6.5645,12.2934,16.163,-0.836,-0.0
1.1558,-6.6797,12.8222,16.796,-1.022,-0.0
1.0864,-6.8179,13.2187,17.247,-1.022,-0.134
1.0402,-6.933,13.4831,17.608,-1.207,-0.067
1.0864,-6.933,13.4831,17.518,-1.022,-0.134
1.2944,-6.8179,13.0865,16.796,-0.5569999999999999,0.067
1.3176,-6.7027,12.8222,16.615,-0.371,0.067
1.2482,-6.6336,12.4256,16.163,-0.7430000000000001,-0.0
0.9477,-6.4263,11.8968,15.530999999999999,-1.393,-0.0
0.8552,-6.3111,11.6325,15.08,-1.5790000000000002,-0.134
0.7628,-6.219,11.3681,14.809000000000001,-1.765,-0.067
0.7397,-5.9426,10.8393,13.635,-1.8579999999999999,-0.134
0.7397,-5.9426,10.8393,13.635,-1.8579999999999999,-0.134
0.809,-5.8735,10.7072,13.545,-1.4860000000000002,-0.134
0.8552,-5.8274,10.575,13.545,-1.4860000000000002,-0.134
0.9246,-5.8044,10.575,13.274,-1.4860000000000002,-0.067
0.9015,-5.6892,10.1784,13.003,-1.4860000000000002,-0.067
0.8321,-5.5741,9.7818,12.551000000000002,-1.5790000000000002,-0.067
0.8321,-5.4589,9.5175,12.1,-1.672,-0.067
0.7628,-5.4359,9.5175,12.010000000000002,-1.672,-0.201
0.5547,-5.3668,9.5175,11.919,-2.044,-0.201
0.4392,-5.2746,9.3853,11.738999999999999,-2.322,-0.201
0.5547,-5.3207,9.3853,11.648,-2.044,-0.268
0.809,-5.2977,9.3853,11.648,-1.4860000000000002,-0.067
1.0633,-5.1825,9.2531,11.197,-1.022,-0.0
0.9015,-5.0904,8.8565,10.926,-1.393,0.067
0.601,-4.9291,8.5922,10.565,-2.044,0.067
0.3467,-4.7679,8.3278,10.204,-2.415,-0.134
0.8552,-4.6758,8.1956,9.661999999999999,-1.393,-0.0
1.0864,-4.5606,7.9312,9.391,-1.022,0.134
0.809,-4.4454,7.6668,9.120000000000001,-1.4860000000000002,-0.0
0.4623,-4.3533,7.5346,8.939,-2.23,-0.0
0.2773,-4.2381,7.5346,8.759,-2.694,-0.0
0.9477,-4.2381,7.5346,8.759,-1.115,-0.0
1.3176,-4.0999,7.5346,8.217,-0.27799999999999997,0.268
1.3176,-3.9617,7.2703,7.946,-0.371,0.268
1.1095,-3.9617,7.0059,7.675,-0.836,0.201
0.5779,-3.7314,6.4771,7.314,-2.23,0.067
0.5779,-3.7314,6.4771,7.314,-2.23,0.067
0.3698,-3.5471,6.2128,7.043,-2.508,0.067
0.8784,-3.4319,5.9484,6.501,-1.393,0.201
1.0633,-3.3859,5.9484,6.321,-0.836,0.268
1.1326,-3.3859,5.9484,6.501,-0.836,0.268
1.0633,-3.5471,6.2128,6.953,-1.207,0.201
1.0402,-3.6853,6.345,7.314,-1.207,0.201
1.0402,-3.7774,6.4771,7.584999999999999,-1.3,0.268
1.1558,-3.8235,6.7415,7.675,-1.207,0.201
1.0402,-3.8465,6.7415,7.856,-1.3,0.067
0.9015,-3.8926,6.8737,8.036,-1.672,0.134
0.809,-3.9617,7.0059,8.217,-1.8579999999999999,0.067
0.9246,-4.2612,7.5346,9.120000000000001,-1.4860000000000002,0.067
1.0633,-4.3533,8.0634,9.481,-1.207,0.067
1.1326,-4.5145,8.1956,9.841999999999999,-1.115,0.201
1.2251,-4.6067,8.46,10.113000000000001,-1.022,0.201
1.0864,-4.6527,8.3278,10.113000000000001,-1.3,0.201
1.0864,-4.6527,8.3278,10.113000000000001,-1.3,0.201
0.9477,-4.7218,8.3278,10.204,-1.4860000000000002,-0.0
1.0864,-4.814,8.7243,10.474,-1.3,0.134
1.1095,-4.9982,9.1209,11.107,-1.115,-0.0
1.0402,-5.0443,9.2531,11.378,-1.3,-0.067
1.0633,-5.1134,9.3853,11.648,-1.393,-0.067
1.1558,-5.2055,9.6497,12.010000000000002,-1.207,-0.0
1.3176,-5.3898,10.0462,12.461,-0.836,0.134
1.3176,-5.3898,10.0462,12.461,-0.836,0.134
1.2251,-5.528,9.914,12.822,-0.9289999999999999,0.134
1.2251,-5.528,9.914,12.822,-0.9289999999999999,0.134
0.9708,-5.4819,9.7818,12.642,-1.4860000000000002,-0.067
0.9015,-5.4359,9.7818,12.551000000000002,-1.672,-0.134
0.8784,-5.4819,9.914,12.551000000000002,-1.765,-0.0
0.8552,-5.551,10.0462,12.912999999999998,-1.765,-0.0
0.9477,-5.6432,10.3106,13.274,-1.4860000000000002,-0.0
1.0402,-5.7123,10.4428,13.274,-1.393,-0.0
1.1326,-5.7123,10.4428,13.274,-1.207,0.067
1.1558,-5.7123,10.3106,13.453999999999999,-1.022,0.134
1.1095,-5.7123,10.3106,13.364,-1.207,0.134
1.0402,-5.6662,10.1784,13.274,-1.3,0.067
0.9708,-5.6432,10.0462,13.184000000000001,-1.4860000000000002,0.134
0.9477,-5.5741,10.0462,12.912999999999998,-1.5790000000000002,0.067
0.9477,-5.5971,10.0462,13.003,-1.4860000000000002,-0.0
0.9477,-5.5741,10.0462,12.912999999999998,-1.5790000000000002,-0.0
0.9246,-5.551,9.914,12.732000000000001,-1.5790000000000002,0.067
0.9477,-5.4819,9.7818,12.551000000000002,-1.672,0.067
0.9246,-5.3437,9.3853,11.919,-1.4860000000000002,-0.0
0.809,-4.9522,8.8565,10.474,-1.672,-0.0
0.6934,-4.837,8.5922,10.204,-1.951,0.067
0.6703,-4.7218,8.3278,9.933,-2.044,-0.0
0.6703,-4.6758,8.1956,9.751999999999999,-1.8579999999999999,0.067
0.6703,-4.6758,8.1956,9.751999999999999,-1.8579999999999999,0.067
0.8784,-4.5145,8.0634,9.301,-1.4860000000000002,-0.0
1.0171,-4.4915,8.0634,9.301,-1.207,0.201
0.9477,-4.4224,7.9312,9.120000000000001,-1.3,0.134
0.9015,-4.3994,7.799,9.030000000000001,-1.4860000000000002,0.201
0.9015,-4.3994,7.799,9.030000000000001,-1.4860000000000002,0.201
0.6703,-4.3072,7.6668,8.849,-1.8579999999999999,0.067
0.5547,-4.2612,7.5346,8.578,-2.23,-0.0
0.601,-4.3072,7.6668,8.759,-2.137,-0.0
0.8552,-4.3303,7.799,8.849,-1.5790000000000002,0.067
1.0633,-4.3072,7.799,8.849,-1.022,0.134
0.9477,-4.1229,7.4025,8.307,-1.3,0.067
0.6472,-4.0078,7.1381,7.856,-1.951,0.067
0.4854,-3.8696,6.8737,7.675,-2.322,0.067
0.4854,-3.8696,6.8737,7.675,-2.322,0.067
0.809,-3.9847,7.1381,7.765,-1.5790000000000002,0.067
1.2713,-4.0999,7.6668,8.217,-0.65,0.201
1.0171,-4.192,7.5346,8.488,-1.3,0.201
0.5779,-4.0999,7.5346,8.307,-2.23,0.134
0.3698,-4.0308,7.2703,8.217,-2.694,0.067
1.0864,-3.9617,7.4025,7.765,-1.022,0.134
1.3638,-3.8926,7.2703,7.765,-0.371,0.268
1.2944,-3.8926,7.2703,7.765,-0.5569999999999999,0.268
0.5316,-3.9387,7.2703,7.856,-2.322,0.134
0.208,-3.8696,7.2703,7.856,-2.973,0.067
0.3929,-3.9617,7.5346,8.126999999999999,-2.694,-0.067
0.9246,-4.0538,7.5346,8.217,-1.393,0.067
1.5025,-4.0078,7.799,8.126999999999999,-0.185,0.403
1.5025,-4.0078,7.799,8.126999999999999,-0.185,0.403
1.0633,-4.0078,7.4025,8.036,-1.207,0.134
0.9015,-3.9387,7.1381,7.675,-1.4860000000000002,0.134
0.809,-3.8465,7.0059,7.404,-1.765,0.067
0.7859,-3.8926,7.0059,7.495000000000001,-1.765,0.067
0.9246,-3.8926,7.1381,7.495000000000001,-1.393,0.134
0.9939,-4.0078,7.2703,7.856,-1.3,0.134
0.9015,-4.146,7.5346,8.398,-1.4860000000000002,0.134
0.9477,-4.2842,7.9312,9.030000000000001,-1.5790000000000002,0.134
1.1095,-4.4915,8.1956,9.391,-1.022,0.201
1.1789,-4.6297,8.5922,9.933,-1.115,0.201
1.1558,-4.7218,8.8565,10.294,-1.022,0.134
1.0864,-4.7218,8.7243,10.204,-1.115,0.134
1.0171,-4.7218,8.7243,10.113000000000001,-1.3,0.067
1.0402,-4.7679,8.8565,10.204,-1.3,0.134
1.0402,-4.7679,8.8565,10.204,-1.3,0.134
0.9708,-5.1134,9.5175,11.378,-1.672,0.067
0.9708,-5.1134,9.5175,11.378,-1.672,0.067
0.9708,-5.2286,9.5175,11.648,-1.393,0.067
1.2251,-5.1825,9.6497,11.468,-0.9289999999999999,0.268
0.9015,-5.2516,9.7818,12.010000000000002,-1.672,-0.0
0.9477,-5.1825,9.5175,11.558,-1.672,-0.0
0.9246,-5.1595,9.5175,11.648,-1.672,0.067
0.9246,-5.1595,9.6497,11.648,-1.765,-0.0
0.9708,-5.2516,9.914,12.1,-1.5790000000000002,0.067
1.0402,-5.0904,10.3106,11.919,-1.5790000000000002,0.134
1.0633,-4.7449,10.1784,11.197,-1.4860000000000002,0.268
1.0864,-4.4685,9.914,10.474,-1.3,0.335
0.9246,-4.2612,9.6497,9.933,-1.672,0.335
0.9015,-5.0673,9.2531,11.107,-1.672,0.067
0.9477,-5.1134,9.2531,11.197,-1.393,-0.0
0.9477,-5.1595,9.2531,11.378,-1.4860000000000002,0.067
0.8784,-5.1134,9.2531,11.287,-1.765,-0.0
0.809,-5.0443,9.2531,11.107,-1.765,-0.0
0.7859,-4.9982,8.8565,10.835999999999999,-1.765,0.067
0.8321,-4.837,8.7243,10.384,-1.765,0.134
0.8784,-4.7679,8.46,10.113000000000001,-1.765,0.067
0.8321,-4.6988,8.3278,9.841999999999999,-1.672,0.067
0.8321,-4.6988,8.3278,9.841999999999999,-1.672,0.067
0.7628,-4.4915,8.0634,9.21,-1.8579999999999999,0.067
0.8552,-4.3994,7.799,9.030000000000001,-1.672,0.134
0.8552,-4.2612,7.6668,8.578,-1.5790000000000002,0.134
0.7859,-4.0769,7.2703,8.126999999999999,-1.765,0.268
0.7859,-4.0308,7.1381,7.856,-1.765,0.201
0.809,-3.9847,7.1381,7.765,-1.672,0.268
0.7859,-3.8926,7.0059,7.584999999999999,-1.672,0.201
0.6472,-3.7774,6.7415,7.224,-2.044,0.067
0.4854,-3.7083,6.6093,7.224,-2.322,0.134
0.416,-3.6392,6.4771,7.043,-2.415,0.067
0.5779,-3.6162,6.4771,7.133000000000001,-2.137,0.067
0.8321,-3.5701,6.345,6.682,-1.4860000000000002,0.067
0.9939,-3.5471,6.2128,6.772,-1.207,0.201
0.9939,-3.5471,6.2128,6.772,-1.207,0.201
0.809,-3.478,6.345,6.772,-1.4860000000000002,0.067
0.809,-3.5471,6.345,6.772,-1.5790000000000002,0.067
0.7859,-3.5932,6.345,6.772,-1.5790000000000002,0.067
0.8784,-3.5932,6.345,6.772,-1.4860000000000002,0.067
0.8784,-3.6853,6.4771,6.862,-1.393,0.201
0.7165,-3.7544,6.8737,7.404,-1.951,0.134
0.7397,-3.8926,7.1381,7.765,-1.8579999999999999,-0.0
0.7397,-3.8926,7.1381,7.765,-1.8579999999999999,-0.0
0.9939,-4.1229,7.6668,8.578,-1.393,0.134
1.0171,-4.192,7.799,8.759,-1.393,0.067
0.9708,-4.3533,7.9312,9.120000000000001,-1.393,0.201
0.8321,-4.4224,8.0634,9.481,-1.765,0.134
0.809,-4.6067,8.5922,10.023,-1.765,0.067
0.8784,-4.7218,8.8565,10.474,-1.765,0.067
1.3176,-4.86,9.3853,10.655,-0.836,0.201
1.5256,-4.86,9.5175,10.835999999999999,-0.27799999999999997,0.201
1.4794,-4.9982,9.7818,11.107,-0.46399999999999997,0.201
1.3176,-5.1825,9.914,11.738999999999999,-0.9289999999999999,0.134
1.0633,-5.3668,10.0462,12.371,-1.393,0.067
1.0864,-5.4128,10.1784,12.280999999999999,-1.393,-0.0
1.1789,-5.4589,10.1784,12.461,-1.022,-0.0
1.1095,-5.4819,10.3106,12.551000000000002,-1.207,0.134
0.9246,-5.4819,10.3106,12.732000000000001,-1.765,-0.0
0.7859,-5.505,10.4428,12.732000000000001,-2.044,-0.067
1.0402,-5.5971,10.575,13.003,-1.393,-0.067
1.1326,-5.5971,10.7072,13.003,-1.207,-0.0
1.2482,-5.7583,10.7072,13.364,-0.836,0.134
1.202,-5.8274,10.9715,13.725000000000001,-1.022,0.201
1.202,-5.8274,10.9715,13.725000000000001,-1.022,0.201
1.0171,-5.8505,10.8393,13.545,-1.4860000000000002,0.067
1.0171,-5.6201,10.1784,12.732000000000001,-1.4860000000000002,0.134
1.0171,-5.6201,10.1784,12.732000000000001,-1.4860000000000002,0.134
0.9246,-5.551,10.0462,12.280999999999999,-1.672,0.134
0.8784,-5.4819,9.914,12.1,-1.765,0.067
0.8784,-5.3898,9.7818,11.829,-1.765,0.067
0.8784,-5.2746,9.5175,11.648,-1.672,-0.0
0.8321,-4.9522,8.9887,10.565,-1.5790000000000002,0.067
0.7628,-4.837,8.5922,10.113000000000001,-1.765,0.134
0.7165,-4.7449,8.46,9.751999999999999,-1.951,-0.0
0.6934,-4.5836,8.1956,9.301,-1.951,0.067
0.6934,-4.4685,7.9312,9.030000000000001,-1.951,0.067
0.6934,-4.3303,7.799,8.849,-1.8579999999999999,0.134
0.6934,-4.3303,7.799,8.849,-1.8579999999999999,0.134
0.7397,-4.3072,7.799,8.668,-1.8579999999999999,0.067
0.7628,-4.3072,7.799,8.759,-1.672,0.067
0.8321,-4.3763,8.0634,9.030000000000001,-1.5790000000000002,-0.0
0.8552,-4.4224,8.0634,9.030000000000001,-1.5790000000000002,0.067
0.8321,-4.3763,7.799,8.849,-1.5790000000000002,0.134
0.7165,-4.2842,7.6668,8.578,-1.8579999999999999,0.134
0.5085,-4.192,7.5346,8.398,-2.23,-0.0
0.4623,-4.2151,7.5346,8.398,-2.415,-0.067
0.809,-4.2381,7.6668,8.488,-1.672,0.067
1.1326,-4.169,7.6668,8.398,-0.7430000000000001,0.067
1.2944,-4.0999,7.6668,8.307,-0.7430000000000001,0.335
1.0402,-4.0999,7.5346,8.126999999999999,-1.3,0.134
0.9477,-4.146,7.5346,8.307,-1.393,0.067
0.9015,-4.192,7.5346,8.398,-1.4860000000000002,0.134
0.9246,-4.192,7.5346,8.578,-1.393,0.201
0.9939,-4.2151,7.6668,8.488,-1.3,0.201
0.9015,-4.2151,7.5346,8.488,-1.4860000000000002,0.268
0.7397,-4.146,7.5346,8.217,-1.951,0.067
0.6703,-4.0769,7.4025,8.036,-2.137,-0.0
0.8784,-3.9847,7.1381,7.675,-1.5790000000000002,0.134
0.9708,-3.9387,7.1381,7.584999999999999,-1.3,0.134
1.0402,-3.9156,7.0059,7.404,-1.207,0.134
0.9477,-3.8696,7.0059,7.314,-1.207,0.201
0.8552,-3.9387,7.1381,7.675,-1.5790000000000002,0.134
0.809,-3.9617,7.2703,7.765,-1.672,0.134
0.8784,-4.0769,7.4025,8.036,-1.5790000000000002,0.067
0.8784,-4.0769,7.4025,8.036,-1.5790000000000002,0.067
0.9477,-4.0308,7.2703,7.946,-1.672,0.134
1.0171,-3.8696,7.1381,7.404,-1.3,0.134
0.9939,-3.7774,6.7415,7.224,-1.3,0.268
0.9246,-3.7314,6.7415,7.224,-1.4860000000000002,0.201
0.8321,-3.7774,6.7415,7.224,-1.672,0.134
0.7859,-3.8465,7.0059,7.495000000000001,-1.672,0.201
0.7859,-3.9617,7.4025,7.856,-1.8579999999999999,0.134
0.809,-4.0538,7.5346,8.126999999999999,-1.765,0.134
1.0171,-4.0769,7.5346,8.217,-1.207,0.134
1.0633,-4.0308,7.2703,7.946,-1.115,0.201
1.0171,-3.9847,7.2703,7.856,-1.115,0.134
1.0171,-3.9847,7.2703,7.856,-1.115,0.134
0.9708,-4.2151,7.799,8.578,-1.393,0.134
0.9246,-4.2842,8.0634,9.030000000000001,-1.4860000000000002,0.134
0.8552,-4.4685,8.3278,9.481,-1.765,0.134
0.9939,-4.7449,8.7243,10.204,-1.393,-0.0
1.0633,-4.7449,8.9887,10.384,-1.207,0.067
1.1095,-4.7679,8.8565,10.294,-1.115,0.134
1.0864,-4.7909,8.7243,10.204,-1.115,0.201
0.9477,-4.837,8.9887,10.384,-1.5790000000000002,0.134
0.9477,-4.8831,9.1209,10.655,-1.4860000000000002,0.134
0.9477,-4.8831,9.1209,10.655,-1.4860000000000002,0.134
0.9477,-5.1134,9.914,11.648,-1.4860000000000002,-0.0
0.9477,-5.1134,9.914,11.648,-1.4860000000000002,-0.0
1.0864,-5.0673,10.3106,11.829,-1.207,0.134
1.2713,-5.528,10.4428,12.732000000000001,-0.836,0.067
1.2713,-5.5971,10.4428,12.912999999999998,-0.836,-0.0
1.2713,-5.5971,10.4428,12.822,-1.022,-0.0
1.1789,-5.5971,10.3106,12.642,-1.3,0.134
0.9939,-5.6201,10.3106,12.732000000000001,-1.4860000000000002,0.067
0.9246,-5.6662,10.4428,13.003,-1.672,-0.0
0.9246,-5.7814,10.8393,13.453999999999999,-1.765,-0.0
0.9246,-5.8274,11.1037,13.545,-1.672,-0.0
0.9939,-5.8965,11.1037,13.545,-1.5790000000000002,-0.0
1.0864,-5.9196,11.1037,13.725000000000001,-1.393,0.134
1.2482,-5.8505,10.7072,13.274,-1.022,0.134
1.202,-5.7583,10.7072,13.003,-1.022,0.134
1.1095,-5.6662,10.3106,12.822,-1.207,0.134
0.9477,-5.6201,10.0462,12.371,-1.5790000000000002,0.067
0.6934,-5.3668,9.7818,11.919,-2.044,0.067
0.6934,-5.3668,9.7818,11.919,-2.044,0.067
0.6703,-5.2055,9.5175,11.378,-1.951,0.067
0.6934,-5.1364,9.2531,11.107,-2.044,0.067
0.8552,-5.0673,9.1209,10.926,-1.672,-0.0
0.9477,-4.86,8.5922,10.023,-1.4860000000000002,0.134
0.9246,-4.7449,8.3278,9.571,-1.393,0.134
0.9015,-4.6527,8.1956,9.21,-1.4860000000000002,0.201
0.7859,-4.4685,8.0634,9.030000000000001,-1.8579999999999999,0.201
0.6472,-4.3763,7.9312,8.759,-1.951,0.134
0.5779,-4.3303,7.799,8.668,-2.322,0.067
0.5779,-4.3303,7.799,8.668,-2.23,0.067
0.6241,-4.3303,7.799,8.759,-2.044,-0.0
0.8321,-4.3072,7.5346,8.488,-1.672,0.067
0.9246,-4.2381,7.5346,8.217,-1.4860000000000002,0.067
0.9246,-4.169,7.4025,7.946,-1.393,0.067
0.9015,-4.0999,7.2703,7.765,-1.5790000000000002,0.201
0.8552,-4.0078,7.0059,7.495000000000001,-1.5790000000000002,0.134
0.7397,-3.8465,6.8737,7.314,-1.8579999999999999,0.134
0.7165,-3.8465,6.8737,7.314,-1.765,0.134
0.7165,-3.8465,6.8737,7.314,-1.765,0.134
0.7859,-3.7544,6.7415,7.224,-1.765,0.067
0.7859,-3.7083,6.4771,6.953,-1.5790000000000002,0.067
0.8552,-3.6162,6.345,6.682,-1.4860000000000002,0.134
0.8784,-3.5241,6.2128,6.682,-1.393,0.134
0.8321,-3.5241,6.2128,6.5920000000000005,-1.4860000000000002,0.134
0.7628,-3.6162,6.4771,6.862,-1.672,0.134
0.7628,-3.6162,6.4771,6.862,-1.672,0.134
0.8552,-3.6623,6.6093,7.043,-1.5790000000000002,0.067
0.9246,-3.7083,6.6093,7.043,-1.3,0.134
0.9246,-3.7083,6.6093,7.043,-1.3,0.134
0.8552,-3.6853,6.4771,7.043,-1.4860000000000002,0.134
0.8784,-3.7314,7.4025,7.584999999999999,-1.4860000000000002,0.134
0.9246,-3.8235,7.4025,7.765,-1.4860000000000002,0.201
1.0171,-4.0769,7.4025,8.126999999999999,-1.207,0.067
1.1095,-4.0769,7.4025,7.946,-1.022,0.134
1.1095,-4.0769,7.4025,7.946,-1.022,0.134
1.0633,-4.0538,7.4025,7.946,-1.115,0.201
0.9246,-4.0769,7.2703,7.856,-1.5790000000000002,0.201
0.8552,-4.0769,7.2703,7.856,-1.765,0.067
0.8552,-4.169,7.6668,8.398,-1.672,0.067
0.9477,-4.2612,7.799,8.759,-1.4860000000000002,0.067
1.0402,-4.3763,8.0634,9.030000000000001,-1.4860000000000002,0.134
1.2251,-4.7218,8.7243,10.023,-0.836,0.201
1.2251,-4.7218,8.7243,10.023,-0.836,0.201
1.2251,-4.7449,8.8565,10.113000000000001,-0.836,0.201
1.2251,-4.7909,8.8565,10.294,-1.022,0.201
1.0633,-4.9291,9.2531,10.655,-1.207,0.201
1.0633,-4.9291,9.2531,10.655,-1.207,0.201
0.9708,-4.9522,9.2531,10.835999999999999,-1.393,0.134
0.9477,-4.9752,9.3853,10.835999999999999,-1.5790000000000002,-0.0
1.0171,-5.1825,9.5175,11.378,-1.393,0.067
1.1326,-5.2746,9.7818,11.648,-1.3,0.067
1.1558,-5.3668,9.914,11.919,-1.207,0.067
1.1095,-5.4128,10.0462,12.190000000000001,-1.3,0.067
1.0864,-5.4359,10.1784,12.280999999999999,-1.3,0.067
1.1095,-5.528,10.3106,12.642,-1.393,0.067
1.0402,-5.6201,10.4428,12.822,-1.393,0.134
0.9708,-5.8044,10.8393,13.274,-1.672,-0.0
0.9708,-5.7814,10.8393,13.274,-1.5790000000000002,-0.0
0.9708,-5.7353,10.575,13.184000000000001,-1.4860000000000002,-0.0
0.9939,-5.6432,10.1784,12.822,-1.393,0.134
0.9939,-5.6432,10.1784,12.822,-1.393,0.134
0.9246,-5.5741,10.3106,12.642,-1.5790000000000002,-0.0
0.9246,-5.5741,10.3106,12.642,-1.5790000000000002,-0.0
0.9015,-5.6201,10.1784,12.732000000000001,-1.5790000000000002,-0.0
0.9477,-5.5971,10.1784,12.642,-1.672,-0.0
0.9477,-5.551,10.0462,12.371,-1.5790000000000002,0.134
0.8784,-5.1364,9.2531,11.107,-1.672,0.067
0.7628,-4.9752,8.8565,10.565,-1.765,0.067
0.7628,-4.9291,8.9887,10.294,-1.8579999999999999,-0.0
0.7397,-4.9061,8.8565,10.294,-1.8579999999999999,-0.0
0.809,-4.86,8.8565,10.113000000000001,-1.672,0.067
0.8784,-4.7909,8.46,9.841999999999999,-1.5790000000000002,0.134
0.8552,-4.6988,8.3278,9.661999999999999,-1.4860000000000002,0.134
0.809,-4.6067,8.0634,9.120000000000001,-1.672,0.201
0.7859,-4.4685,7.799,9.030000000000001,-1.765,0.134
0.6934,-4.3303,7.6668,8.578,-1.8579999999999999,0.067
0.5779,-4.2612,7.5346,8.307,-2.137,-0.0
0.416,-4.0538,7.1381,8.036,-2.508,-0.0
0.6472,-4.0308,7.1381,7.765,-1.951,-0.0
0.9015,-3.9847,7.1381,7.584999999999999,-1.393,0.134
1.0171,-3.9156,6.8737,7.404,-1.207,0.201
0.8784,-3.8465,6.7415,7.224,-1.5790000000000002,0.134
0.8784,-3.8465,6.7415,7.224,-1.5790000000000002,0.134
0.8552,-3.8235,6.7415,7.224,-1.4860000000000002,0.134
0.8552,-3.7774,6.6093,7.224,-1.672,0.335
0.8321,-3.7083,6.4771,6.862,-1.4860000000000002,0.201
0.5779,-3.3859,5.9484,6.321,-1.951,0.134
0.5779,-3.3859,5.9484,6.321,-1.951,0.134
0.809,-3.501,6.2128,6.411,-1.3,-0.0
0.9015,-3.6853,6.6093,7.043,-1.393,0.134
0.9246,-3.7314,6.6093,7.224,-1.393,0.067
0.9939,-3.7544,6.7415,7.224,-1.3,0.067
1.0171,-3.7774,6.7415,7.224,-1.207,0.201
1.0171,-3.7544,6.6093,7.224,-1.207,0.201
0.8321,-3.7774,6.7415,7.224,-1.4860000000000002,0.134
0.8321,-3.7774,6.7415,7.224,-1.4860000000000002,0.134
0.7628,-3.8005,6.8737,7.314,-1.672,0.067
0.8321,-3.8926,7.0059,7.404,-1.5790000000000002,0.134
1.0171,-3.9847,7.2703,7.856,-1.4860000000000002,0.134
1.0864,-4.0538,7.5346,8.217,-1.115,0.134
1.1095,-4.0769,7.6668,8.398,-1.115,0.067
1.0864,-4.2612,7.799,8.759,-1.3,0.134
1.1558,-4.4685,8.3278,9.301,-1.022,0.134
1.1326,-4.6067,8.5922,9.661999999999999,-1.115,0.134
1.0864,-4.7679,8.9887,10.294,-1.115,0.067
1.0633,-5.0673,9.6497,11.197,-1.3,0.067
1.0633,-5.0673,9.6497,11.197,-1.3,0.067
1.202,-5.2055,9.914,11.558,-1.115,0.067
1.3638,-5.528,10.4428,12.371,-0.7430000000000001,0.134
1.3869,-5.7353,10.8393,13.003,-0.5569999999999999,0.067
1.3869,-5.8735,11.1037,13.545,-0.65,0.067
1.2713,-5.8274,10.8393,13.184000000000001,-0.7430000000000001,0.134
1.2482,-5.8274,10.8393,13.003,-1.022,0.134
1.2251,-5.9887,11.2359,13.545,-1.022,0.067
1.2251,-6.1729,11.7647,14.448,-1.115,0.134
0.9939,-6.4724,12.4256,15.530999999999999,-1.3,-0.067
1.0171,-6.5184,12.4256,15.350999999999999,-1.393,-0.0
1.1095,-6.4263,12.029,14.809000000000001,-1.115,-0.0
1.2482,-6.4493,12.029,14.899000000000001,-0.7430000000000001,0.134
1.2482,-6.4493,12.029,14.899000000000001,-0.7430000000000001,0.134
1.202,-6.6797,12.5578,15.802,-0.9289999999999999,-0.067
1.0171,-6.7257,12.4256,15.802,-1.3,-0.067
0.9246,-6.6566,12.4256,15.622,-1.393,0.067
0.9246,-6.5184,12.1612,15.169999999999998,-1.4860000000000002,-0.0
0.9708,-6.3342,11.6325,14.357,-1.3,0.067
0.9246,-6.2651,11.3681,14.177,-1.4860000000000002,-0.0
0.8552,-6.219,11.3681,13.906,-1.5790000000000002,-0.067
0.9015,-6.1038,11.1037,13.635,-1.3,-0.0
0.9015,-5.8044,10.3106,12.642,-1.393,0.134
0.9015,-5.7123,10.1784,12.190000000000001,-1.5790000000000002,0.268
0.8321,-5.6892,10.1784,12.190000000000001,-1.5790000000000002,0.067
0.7628,-5.7814,10.3106,12.551000000000002,-1.672,-0.0
0.6934,-5.8044,10.3106,12.822,-1.765,-0.0
0.7628,-5.7814,10.3106,12.642,-1.765,-0.067
0.8552,-5.6892,10.0462,12.280999999999999,-1.5790000000000002,0.067
0.9246,-5.3668,9.2531,11.107,-1.393,0.134
0.8784,-5.2746,9.1209,10.745000000000001,-1.393,0.134
0.809,-5.1595,8.9887,10.474,-1.5790000000000002,-0.0
0.7628,-5.0904,8.8565,10.204,-1.4860000000000002,0.067
0.7397,-4.9522,8.46,9.841999999999999,-1.5790000000000002,0.134
0.7397,-4.8831,8.5922,9.661999999999999,-1.672,0.134
0.7628,-4.837,8.46,9.571,-1.672,0.067
0.809,-4.837,8.46,9.571,-1.5790000000000002,0.134
0.809,-4.837,8.5922,9.571,-1.4860000000000002,0.067
0.8321,-4.7679,8.1956,9.301,-1.393,0.134
0.8321,-4.6527,8.0634,9.120000000000001,-1.4860000000000002,0.134
0.809,-4.5606,7.799,8.849,-1.672,0.134
0.5779,-4.4685,7.6668,8.668,-1.8579999999999999,0.134
0.3929,-4.2842,7.5346,8.398,-2.415,-0.067
0.4854,-4.3072,7.5346,8.307,-2.23,-0.067
0.7397,-4.3303,7.5346,8.307,-1.5790000000000002,-0.0
1.1095,-4.2842,7.6668,8.217,-0.836,0.201
1.1789,-4.3303,7.799,8.488,-0.7430000000000001,0.201
1.0633,-4.3533,7.799,8.398,-1.022,0.067
0.9708,-4.3533,7.799,8.488,-1.207,0.067
0.9477,-4.3072,7.6668,8.217,-1.207,0.201
0.9477,-4.3072,7.6668,8.217,-1.207,0.201
0.9015,-4.169,7.4025,7.856,-1.3,0.134
0.7859,-4.169,7.4025,7.856,-1.672,0.067
0.7165,-4.192,7.4025,7.946,-1.672,-0.067
0.7859,-4.2381,7.5346,8.217,-1.672,-0.067
0.9246,-4.2842,7.6668,8.217,-1.3,0.067
1.1095,-4.192,7.4025,7.946,-0.9289999999999999,0.134
1.1095,-4.192,7.4025,7.946,-0.9289999999999999,0.134
0.9708,-4.0999,7.1381,7.495000000000001,-1.115,0.134
0.8784,-4.0538,7.1381,7.404,-1.393,0.201
0.8321,-4.0308,7.1381,7.404,-1.393,0.201
0.7628,-3.9617,6.8737,7.224,-1.672,0.134
0.7165,-3.8465,6.6093,7.224,-1.8579999999999999,0.268
0.7628,-3.8235,6.4771,6.953,-1.5790000000000002,0.134
0.7628,-3.8235,6.4771,6.953,-1.5790000000000002,0.134
0.9246,-3.8005,6.6093,6.953,-1.3,0.134
0.9708,-3.8465,6.6093,6.953,-1.022,0.134
1.0171,-3.8465,6.7415,7.043,-1.115,0.201
0.9708,-3.8235,6.7415,7.133000000000001,-1.115,0.134
0.7397,-3.8235,6.4771,7.043,-1.672,0.134
0.7397,-3.8235,6.4771,7.043,-1.672,0.134
0.7165,-3.8005,6.6093,7.133000000000001,-1.672,0.201
0.809,-3.8235,6.6093,7.133000000000001,-1.4860000000000002,0.134
0.8784,-3.8005,6.6093,7.043,-1.393,0.201
0.8784,-3.8005,6.6093,7.043,-1.393,0.201
1.0402,-3.9387,7.0059,7.404,-1.115,0.134
1.0633,-4.0078,7.2703,7.675,-1.115,0.134
0.9708,-4.0078,7.4025,7.765,-1.207,0.134
0.7859,-4.1229,7.4025,8.036,-1.765,0.067
0.6703,-4.2151,7.4025,8.217,-2.044,-0.0
0.9708,-4.3072,7.6668,8.398,-1.207,0.134
0.9708,-4.3072,7.6668,8.398,-1.207,0.134
1.202,-4.4224,8.0634,8.849,-0.65,0.201
0.9708,-4.6758,8.3278,9.571,-1.3,0.067
0.9708,-4.6758,8.3278,9.571,-1.3,0.067
0.9477,-4.9752,9.3853,10.655,-1.393,0.067
0.9477,-5.2516,9.6497,11.378,-1.4860000000000002,-0.0
0.9477,-5.4819,10.1784,12.1,-1.393,-0.0
1.0402,-5.8735,11.1037,13.184000000000001,-1.3,-0.0
1.2251,-5.9196,10.9715,13.364,-0.7430000000000001,0.067
1.5256,-5.7814,10.9715,12.912999999999998,-0.092,0.201
1.4794,-5.7123,10.575,12.551000000000002,-0.185,0.268
0.9939,-6.1038,11.6325,13.815999999999999,-1.4860000000000002,-0.067
1.3176,-6.2881,12.2934,14.719,-0.65,0.067
1.0864,-6.3111,11.6325,14.177,-1.115,-0.067
1.1095,-6.3342,11.7647,14.357,-1.115,-0.0
1.1326,-6.4033,12.029,14.719,-1.115,-0.0
1.0864,-6.4033,12.1612,14.719,-1.022,-0.067
1.0633,-6.3572,12.2934,14.719,-1.207,-0.067
1.1326,-6.2881,12.4256,14.719,-0.9289999999999999,0.067
1.1326,-6.2881,12.4256,14.719,-0.9289999999999999,0.067
1.2251,-6.5645,12.4256,15.26,-0.7430000000000001,-0.0
1.202,-6.5184,12.029,15.08,-1.022,-0.0
1.1789,-6.3572,11.6325,14.357,-0.836,0.201
1.1326,-6.0578,10.8393,13.274,-1.022,0.201
1.0402,-5.9426,10.575,12.732000000000001,-1.3,0.201
0.9015,-5.8735,10.4428,12.732000000000001,-1.4860000000000002,0.067
0.7859,-5.8274,10.3106,12.642,-1.8579999999999999,0.067
0.7397,-5.7814,10.1784,12.461,-1.951,0.067
0.7165,-5.4819,9.7818,11.468,-1.951,-0.0
0.7165,-5.4819,9.7818,11.468,-1.951,-0.0
0.9015,-5.2286,9.1209,10.565,-1.393,0.134
0.8784,-5.1134,8.9887,10.294,-1.393,0.067
0.809,-4.86,8.5922,9.571,-1.4860000000000002,0.067
0.7165,-4.7449,8.3278,9.301,-1.8579999999999999,0.134
0.6472,-4.6527,8.1956,9.030000000000001,-1.8579999999999999,0.134
0.6472,-4.5606,8.0634,8.939,-1.8579999999999999,0.134
0.6934,-4.5376,8.0634,8.849,-1.8579999999999999,-0.0
0.6703,-4.5145,8.0634,8.849,-1.765,-0.0
0.7628,-4.4915,7.9312,8.849,-1.5790000000000002,0.134
0.7628,-4.4915,7.9312,8.849,-1.5790000000000002,0.134
0.8321,-4.4454,7.799,8.578,-1.5790000000000002,-0.0
0.8321,-4.4224,7.9312,8.398,-1.393,0.134
0.6934,-4.3533,7.6668,8.307,-1.672,-0.0
0.7397,-4.3763,7.6668,8.307,-1.672,0.067
0.7397,-4.3763,7.6668,8.307,-1.672,0.067
0.9477,-4.3763,7.799,8.307,-1.207,0.067
0.9477,-4.3994,7.799,8.398,-1.207,0.201
0.9477,-4.3763,7.799,8.398,-1.207,0.201
0.9939,-4.4224,7.9312,8.398,-1.207,0.201
0.9477,-4.4685,7.9312,8.578,-1.115,0.067
0.9939,-4.4915,8.0634,8.849,-1.207,0.268
1.0171,-4.5145,8.1956,8.939,-1.022,0.268
0.8784,-4.4224,7.799,8.398,-1.393,0.067
0.9246,-4.3303,7.6668,8.217,-1.207,0.201
0.9246,-4.3303,7.6668,8.217,-1.207,0.201
0.8784,-4.2151,7.5346,7.856,-1.3,0.067
0.8784,-4.192,7.5346,7.765,-1.3,0.134
0.8552,-4.192,7.4025,7.856,-1.4860000000000002,0.201
0.8552,-4.2381,7.5346,7.946,-1.3,0.201
0.8784,-4.192,7.5346,7.856,-1.3,0.201
0.9015,-4.1229,7.2703,7.675,-1.207,0.134
0.8784,-3.8926,6.7415,7.133000000000001,-1.3,0.201
0.8321,-3.8005,6.4771,6.862,-1.393,0.201
0.7859,-3.6853,6.345,6.5920000000000005,-1.4860000000000002,0.201
0.6472,-3.6162,6.345,6.5920000000000005,-1.8579999999999999,0.201
0.5085,-3.6392,6.4771,6.5920000000000005,-2.137,0.201
0.8552,-3.8696,7.2703,7.314,-1.393,0.067
1.1326,-3.8696,7.5346,7.495000000000001,-0.7430000000000001,0.134
1.2251,-4.0538,7.5346,7.765,-0.5569999999999999,0.134
1.0171,-4.0769,7.4025,7.765,-1.115,0.201
0.809,-4.0308,7.1381,7.584999999999999,-1.672,0.134
0.809,-4.0769,7.2703,7.765,-1.672,0.134
0.9246,-4.2381,7.6668,8.307,-1.393,0.134
1.2482,-4.2842,8.0634,8.668,-0.5569999999999999,0.201
1.0864,-4.4915,8.46,9.030000000000001,-1.022,0.201
0.9246,-4.6067,8.5922,9.301,-1.393,-0.0
0.9708,-4.7218,8.7243,9.661999999999999,-1.207,-0.0
1.3176,-4.9291,9.1209,10.474,-0.5569999999999999,0.201
1.2482,-4.9291,8.9887,10.384,-0.836,0.134
1.0864,-4.9522,8.9887,10.294,-1.115,0.134
0.9015,-4.9522,9.1209,10.294,-1.393,0.067
0.8552,-4.9752,9.2531,10.384,-1.4860000000000002,0.067
0.8784,-5.1825,9.5175,11.107,-1.5790000000000002,-0.0
0.9477,-5.2746,9.7818,11.468,-1.4860000000000002,0.067
1.0402,-5.3207,9.914,11.558,-1.207,0.067
1.202,-5.2746,10.0462,11.558,-0.9289999999999999,0.134
1.202,-5.2746,10.0462,11.558,-0.9289999999999999,0.134
1.202,-5.4819,9.914,11.829,-0.836,0.134
1.1789,-5.5971,10.1784,12.280999999999999,-0.9289999999999999,0.134
0.9939,-5.551,10.1784,12.280999999999999,-1.207,0.067
0.8321,-5.4819,9.914,11.919,-1.672,0.134
0.9015,-5.3437,9.5175,11.197,-1.4860000000000002,-0.0
0.9939,-5.3898,9.6497,11.468,-1.3,0.067
1.0864,-5.505,9.914,11.829,-1.3,0.067
1.0633,-5.6432,10.0462,12.190000000000001,-1.115,0.134
1.0171,-5.5971,10.1784,12.280999999999999,-1.207,0.067
0.9939,-5.551,10.0462,12.010000000000002,-1.4860000000000002,0.134
1.0633,-5.4589,9.7818,11.648,-1.207,0.134
0.9477,-5.4128,9.6497,11.558,-1.4860000000000002,0.134
0.8552,-5.4359,9.7818,11.648,-1.5790000000000002,0.067
0.809,-5.4819,9.7818,11.829,-1.672,0.067
0.8552,-5.4128,9.6497,11.648,-1.5790000000000002,-0.0
0.9477,-5.3668,9.5175,11.378,-1.393,0.067
1.0402,-5.2286,9.3853,10.926,-1.3,0.134
0.9708,-5.1595,9.2531,10.835999999999999,-1.4860000000000002,0.134
0.9246,-5.1364,9.1209,10.655,-1.4860000000000002,-0.0
0.8321,-5.0443,8.9887,10.294,-1.393,0.067
0.7628,-4.9061,8.7243,9.841999999999999,-1.672,0.067
0.7165,-4.837,8.5922,9.391,-1.765,0.067
0.7165,-4.814,8.46,9.481,-1.8579999999999999,0.067
0.6934,-4.814,8.5922,9.571,-1.8579999999999999,0.134
0.7165,-4.814,8.5922,9.571,-1.765,-0.0
0.8321,-4.7449,8.46,9.481,-1.5790000000000002,-0.0
0.9015,-4.6067,8.1956,9.030000000000001,-1.3,0.134
0.8784,-4.2612,7.5346,7.946,-1.3,0.201
0.8784,-4.2612,7.5346,7.946,-1.3,0.201
0.7397,-4.169,7.2703,7.765,-1.765,0.134
0.6703,-4.169,7.4025,7.765,-1.8579999999999999,0.134
0.6472,-4.169,7.4025,7.856,-1.8579999999999999,-0.0
0.7165,-4.169,7.4025,7.856,-1.765,-0.0
0.7165,-4.169,7.4025,7.856,-1.765,-0.0
0.7859,-4.2151,7.5346,7.946,-1.4860000000000002,0.067
1.0171,-4.2842,7.6668,8.126999999999999,-1.115,0.134
1.0171,-4.2842,7.6668,8.217,-1.115,0.134
1.0171,-4.2381,7.6668,8.126999999999999,-1.115,0.067
0.809,-4.1229,7.2703,7.675,-1.4860000000000002,0.268
0.7859,-4.2151,7.5346,8.036,-1.5790000000000002,0.067
0.7859,-4.3072,7.799,8.307,-1.5790000000000002,-0.0
0.8784,-4.3763,7.9312,8.488,-1.393,-0.067
0.9708,-4.4224,8.0634,8.668,-1.207,0.134
1.0171,-4.4224,7.9312,8.398,-1.022,0.134
1.0402,-4.3994,7.9312,8.578,-1.022,0.268
1.0171,-4.3994,7.9312,8.488,-1.115,0.201
1.0402,-4.3994,8.0634,8.578,-1.115,0.268
0.9939,-4.4685,8.0634,8.668,-1.207,0.201
0.9477,-4.4454,8.0634,8.668,-1.3,0.201
0.9477,-4.3994,7.9312,8.578,-1.3,0.268
1.0171,-4.4454,8.1956,8.578,-1.115,0.268
1.0633,-4.5606,8.3278,8.939,-0.9289999999999999,0.201
1.0402,-4.6067,8.46,9.030000000000001,-0.9289999999999999,0.268
0.9246,-4.5145,8.3278,9.030000000000001,-1.3,0.201
0.8784,-4.5145,8.1956,8.849,-1.4860000000000002,0.134
0.9015,-4.4915,8.0634,8.668,-1.4860000000000002,0.134
0.9246,-4.4915,8.0634,8.668,-1.3,0.201
0.9939,-4.4915,8.0634,8.759,-1.115,0.134
0.809,-4.192,7.5346,7.675,-1.4860000000000002,0.067
0.7628,-4.0999,7.2703,7.495000000000001,-1.4860000000000002,0.067
0.7628,-4.0769,7.4025,7.495000000000001,-1.672,0.134
0.7859,-4.2151,7.5346,7.856,-1.4860000000000002,0.067
0.7859,-4.2151,7.5346,7.856,-1.4860000000000002,0.067
0.9477,-4.146,7.5346,7.765,-1.115,0.134
0.9708,-4.0538,7.4025,7.495000000000001,-1.115,0.201
0.9708,-4.0538,7.4025,7.495000000000001,-1.115,0.201
0.8784,-3.9387,7.0059,7.133000000000001,-1.207,0.134
0.7397,-3.9617,7.2703,7.224,-1.5790000000000002,0.067
0.809,-4.0999,7.6668,7.675,-1.5790000000000002,0.134
0.8552,-4.146,7.799,7.946,-1.207,0.134
0.9015,-4.0769,7.9312,7.946,-1.3,0.201
0.9246,-4.2612,7.9312,8.036,-1.115,0.201
0.7628,-4.2612,7.799,8.126999999999999,-1.5790000000000002,0.067
0.7628,-4.2612,7.799,8.126999999999999,-1.5790000000000002,0.067
1.0633,-4.2381,7.799,7.946,-0.9289999999999999,0.134
1.1326,-4.3303,8.0634,8.307,-0.9289999999999999,0.201
0.7859,-4.5606,8.5922,9.21,-1.5790000000000002,0.134
0.5547,-4.5145,8.5922,9.030000000000001,-2.044,-0.0
0.5316,-4.4915,8.46,8.849,-2.044,0.067
0.8552,-4.5376,8.46,8.849,-1.3,-0.0
1.2482,-4.5145,8.5922,8.759,-0.5569999999999999,0.201
1.3176,-4.6067,8.8565,9.030000000000001,-0.5569999999999999,0.201
1.3176,-4.6067,8.8565,9.030000000000001,-0.5569999999999999,0.201
0.6241,-4.837,9.2531,9.933,-1.951,-0.0
0.9015,-4.86,9.1209,9.841999999999999,-1.393,-0.0
1.4794,-4.7218,9.2531,9.391,-0.185,0.268
1.2251,-4.814,9.2531,9.571,-0.836,0.268
0.7859,-4.837,9.2531,10.023,-1.672,0.134
0.4854,-4.86,9.3853,10.204,-2.23,-0.0
0.8321,-5.0673,9.6497,10.474,-1.4860000000000002,0.134
1.2713,-5.0443,9.6497,10.384,-0.65,0.201
1.2713,-5.0443,9.6497,10.384,-0.65,0.201
0.809,-4.7909,9.1209,9.661999999999999,-1.5790000000000002,0.134
0.8321,-4.7679,8.8565,9.481,-1.4860000000000002,0.201
0.8552,-4.7449,8.7243,9.21,-1.3,0.134
0.9015,-4.6758,8.7243,9.120000000000001,-1.393,0.067
0.8784,-4.6758,8.7243,9.120000000000001,-1.393,0.067
0.7165,-4.5376,8.5922,9.030000000000001,-1.765,0.067
0.8321,-4.5145,8.46,8.849,-1.393,0.134
0.8321,-4.5145,8.3278,8.668,-1.5790000000000002,-0.0
0.7628,-4.4915,8.3278,8.759,-1.4860000000000002,-0.0
0.9477,-4.5606,8.46,8.849,-1.207,-0.0
0.6703,-4.5145,8.1956,8.849,-1.765,0.067
0.6703,-4.5145,8.1956,8.849,-1.765,0.067
0.9015,-4.3533,8.0634,8.217,-1.3,0.134
1.0633,-4.2612,7.9312,7.946,-1.022,0.201
1.0171,-4.192,7.6668,7.765,-1.022,0.268
0.8552,-4.0999,7.5346,7.584999999999999,-1.4860000000000002,0.134
0.3467,-4.0078,7.5346,7.404,-2.508,0.067
0.4854,-4.169,7.799,7.856,-2.23,-0.067
0.9246,-4.0999,7.5346,7.495000000000001,-1.3,0.201
0.9477,-4.169,7.6668,7.765,-1.115,0.201
1.0171,-4.2842,8.0634,8.126999999999999,-1.022,0.268
1.0171,-4.2842,8.0634,8.126999999999999,-1.022,0.268
0.9015,-4.146,8.46,8.126999999999999,-1.3,0.201
0.809,-3.8465,8.46,7.675,-1.393,0.201
0.809,-3.8465,8.46,7.675,-1.393,0.201
0.9477,-3.9156,8.46,7.584999999999999,-1.115,0.335
0.9939,-4.0769,8.46,7.765,-1.115,0.268
1.0402,-4.4224,8.1956,8.307,-1.115,0.134
1.0402,-4.3994,8.1956,8.217,-1.022,0.134
1.0633,-4.3994,8.1956,8.307,-1.022,0.134
1.0402,-4.3994,8.1956,8.398,-1.022,0.201
0.9477,-4.4224,8.1956,8.578,-1.207,0.201
0.9246,-4.4454,8.1956,8.578,-1.3,0.134
0.9708,-4.2612,7.799,7.856,-1.022,0.201
0.9708,-4.2612,7.799,7.856,-1.022,0.201
0.9015,-4.192,7.5346,7.584999999999999,-1.393,0.201
0.8552,-4.1229,7.5346,7.584999999999999,-1.4860000000000002,0.268
0.8552,-4.1229,7.5346,7.584999999999999,-1.4860000000000002,0.268
0.8552,-4.1229,7.5346,7.404,-1.393,0.067
0.8321,-4.146,7.6668,7.495000000000001,-1.393,0.134
0.8321,-4.192,7.799,7.675,-1.393,-0.0
0.8321,-4.2381,7.799,7.765,-1.393,-0.0
0.9246,-4.1229,7.5346,7.495000000000001,-1.115,0.134
0.9246,-4.1229,7.5346,7.495000000000001,-1.115,0.134
0.9708,-3.9617,7.1381,6.953,-1.115,0.268
0.8552,-3.9387,7.0059,6.953,-1.3,0.201
0.809,-3.9387,7.1381,7.133000000000001,-1.393,0.134
0.7859,-3.9617,7.1381,6.953,-1.4860000000000002,0.201
0.7859,-3.9617,7.0059,7.043,-1.4860000000000002,0.201
0.9015,-4.0078,7.2703,7.043,-1.3,0.134
0.9477,-4.0769,7.5346,7.314,-1.207,0.134
0.9708,-4.1229,7.799,7.495000000000001,-1.207,0.134
0.9015,-4.1229,7.4025,7.314,-1.3,0.268
0.8784,-4.0538,7.4025,7.224,-1.3,0.134
0.8784,-4.0308,7.2703,7.224,-1.393,0.201
0.8552,-4.0999,7.5346,7.314,-1.4860000000000002,0.201
0.809,-4.2842,7.9312,7.856,-1.3,0.134
0.8552,-4.3303,8.0634,8.126999999999999,-1.393,0.067
0.9246,-4.3303,8.1956,8.126999999999999,-1.207,0.201
1.0402,-4.3072,8.0634,8.036,-1.022,0.201
1.0864,-4.2612,8.0634,7.856,-0.9289999999999999,0.201
1.0402,-4.2381,7.799,7.765,-0.9289999999999999,0.201
0.9477,-4.3303,7.9312,8.217,-1.207,0.134
0.8784,-4.3763,8.0634,8.307,-1.3,0.067
0.8784,-4.3763,8.0634,8.307,-1.3,0.067
0.9015,-4.3533,8.0634,8.126999999999999,-1.3,0.067
0.9477,-4.3072,8.0634,8.036,-1.207,0.134
0.9477,-4.3072,8.0634,8.036,-1.207,0.134
0.9477,-4.3533,8.1956,8.126999999999999,-1.207,0.134
0.9015,-4.3533,8.0634,8.126999999999999,-1.3,0.134
0.8784,-4.4454,8.3278,8.488,-1.393,0.067
0.8552,-4.4685,8.3278,8.578,-1.3,0.134
0.8784,-4.4454,8.1956,8.578,-1.393,0.067
0.9015,-4.3533,8.0634,8.126999999999999,-1.3,0.067
0.8784,-4.3072,7.9312,8.036,-1.3,0.134
0.8784,-4.3072,7.9312,8.036,-1.3,0.134
0.8552,-4.4454,8.1956,8.488,-1.3,0.134
0.8784,-4.4915,8.46,8.759,-1.3,0.134
0.809,-4.3994,8.46,8.488,-1.3,0.268
0.7859,-4.4685,8.3278,8.488,-1.4860000000000002,0.134
0.8552,-4.4224,8.0634,8.307,-1.3,0.067
0.9939,-4.3763,8.0634,8.217,-1.115,0.134
0.9939,-4.3533,8.0634,8.217,-1.022,0.201
0.9015,-4.3072,7.9312,8.036,-1.3,0.067
0.8321,-4.2612,7.9312,7.946,-1.3,0.067
0.9015,-4.6527,8.9887,9.21,-1.207,0.067
0.9477,-4.7679,8.9887,9.301,-1.3,-0.0
0.9708,-4.7909,8.9887,9.391,-1.207,-0.0
1.0171,-4.7909,8.9887,9.391,-1.207,0.134
1.0864,-4.7449,8.9887,9.301,-1.022,0.134
0.9708,-4.7449,8.9887,9.21,-1.207,0.134
0.7397,-4.6758,8.7243,9.030000000000001,-1.672,0.134
0.7628,-4.6758,8.7243,9.030000000000001,-1.5790000000000002,0.067
0.7628,-4.6758,8.7243,9.030000000000001,-1.5790000000000002,0.067
0.9477,-4.7218,8.8565,9.120000000000001,-1.115,0.134
0.9939,-4.7449,8.7243,9.120000000000001,-1.115,0.134
0.9939,-4.6527,8.5922,8.939,-1.022,0.134
0.7628,-4.6758,8.5922,9.120000000000001,-1.5790000000000002,0.134
0.7628,-4.7218,8.8565,9.301,-1.4860000000000002,0.134
0.8321,-4.7449,8.9887,9.301,-1.393,-0.0
1.0864,-4.6758,8.8565,9.030000000000001,-0.9289999999999999,0.201
1.0864,-4.6527,8.5922,8.939,-0.836,0.134
1.0171,-4.6067,8.5922,8.849,-1.115,0.067
0.809,-4.4685,8.3278,8.488,-1.4860000000000002,0.134
0.809,-4.5376,8.5922,8.849,-1.393,0.067
0.7859,-4.5376,8.7243,9.030000000000001,-1.4860000000000002,-0.0
0.809,-4.6527,8.5922,9.030000000000001,-1.393,-0.0
0.8552,-4.6297,8.3278,8.849,-1.3,0.067
1.0171,-4.5376,8.3278,8.578,-1.115,0.067
0.9939,-4.5836,8.3278,8.668,-1.022,-0.0
0.9477,-4.6067,8.5922,8.849,-1.115,0.067
0.8784,-4.6527,8.5922,9.030000000000001,-1.393,-0.0
0.8784,-4.5606,8.3278,8.759,-1.393,0.067
0.8784,-4.5606,8.3278,8.759,-1.393,0.067
0.8784,-4.4685,8.1956,8.488,-1.207,0.067
0.8552,-4.5836,8.3278,8.849,-1.3,0.134
0.8784,-4.6297,8.46,8.939,-1.207,0.134
0.9246,-4.6067,8.46,8.939,-1.393,0.134
0.9708,-4.5606,8.46,8.578,-1.022,0.134
0.9246,-4.5606,8.46,8.759,-1.207,0.134
0.9015,-4.5836,8.46,8.849,-1.393,0.067
0.8552,-4.6527,8.5922,9.030000000000001,-1.3,0.067
0.9708,-4.6758,8.7243,9.030000000000001,-1.115,0.134
0.9708,-4.6758,8.7243,9.030000000000001,-1.115,0.134
0.9939,-4.5606,8.46,8.759,-1.022,0.134
0.9477,-4.5606,8.3278,8.759,-1.115,0.201
0.8552,-4.5376,8.3278,8.578,-1.393,0.134
0.8552,-4.5376,8.3278,8.578,-1.393,0.134
0.8552,-4.4454,8.1956,8.398,-1.393,0.067
0.8321,-4.3533,7.9312,8.036,-1.4860000000000002,0.067
0.809,-4.2842,7.799,7.946,-1.393,0.067
0.8784,-4.3763,8.0634,8.126999999999999,-1.3,0.067
0.9477,-4.4224,8.1956,8.307,-1.207,-0.0
0.9015,-4.2842,8.1956,8.126999999999999,-1.207,0.134
0.809,-4.2381,7.9312,7.765,-1.393,0.134
0.7859,-4.2612,7.6668,7.765,-1.4860000000000002,0.201
0.8784,-4.3072,7.799,7.856,-1.3,-0.0
0.8784,-4.3303,7.9312,7.946,-1.3,0.067
0.7859,-4.2842,7.6668,7.765,-1.4860000000000002,-0.0
0.7628,-4.0538,7.2703,7.133000000000001,-1.4860000000000002,0.067
0.7859,-3.9847,7.0059,6.953,-1.393,0.201
0.7859,-3.9387,7.0059,6.862,-1.4860000000000002,0.134
0.7628,-4.0308,7.1381,6.953,-1.5790000000000002,0.201
0.8321,-4.0769,7.5346,7.314,-1.4860000000000002,0.201
0.8321,-4.0769,7.5346,7.314,-1.4860000000000002,0.201
0.8552,-4.0308,7.4025,7.133000000000001,-1.4860000000000002,0.134
0.9246,-3.8926,6.8737,6.772,-1.115,0.201
0.8321,-3.6623,6.6093,6.23,-1.207,0.067
0.6472,-3.7083,6.7415,6.501,-1.672,0.134
0.5779,-3.8465,7.2703,6.953,-1.765,-0.0
0.6934,-3.9156,7.4025,7.224,-1.765,0.067
1.1789,-3.8235,7.2703,6.862,-0.46399999999999997,0.201
1.1558,-3.8465,7.0059,6.5920000000000005,-0.65,0.201
1.0633,-3.7774,6.7415,6.411,-0.836,0.134
1.0402,-3.8696,7.0059,6.772,-0.9289999999999999,0.134
0.9015,-4.169,7.799,7.765,-1.3,0.134
0.9477,-4.2842,8.1956,8.036,-1.3,0.201
0.9939,-4.3072,8.1956,8.217,-1.115,0.201
0.9939,-4.3303,8.1956,8.126999999999999,-1.207,0.201
0.9708,-4.4915,8.5922,8.759,-1.207,0.067
1.0171,-4.6988,9.1209,9.120000000000001,-1.207,0.067
1.0171,-4.6988,9.1209,9.120000000000001,-1.207,0.067
1.0864,-4.86,9.5175,9.933,-1.022,0.067
1.202,-5.0673,9.914,10.294,-0.7430000000000001,0.067
1.2251,-5.1134,9.914,10.294,-0.836,0.201
1.2251,-5.0673,9.914,10.204,-0.7430000000000001,0.268
1.1558,-4.9522,9.5175,9.933,-0.9289999999999999,0.201
0.9939,-4.9982,9.5175,9.841999999999999,-1.3,0.201
0.9477,-5.0673,9.6497,10.023,-1.5790000000000002,0.134
0.9246,-5.2055,9.914,10.745000000000001,-1.4860000000000002,0.134
0.9939,-5.2516,10.0462,10.745000000000001,-1.3,0.067
1.0864,-5.2746,10.0462,10.835999999999999,-1.022,0.067
1.1326,-5.2746,10.0462,10.655,-0.836,0.067
1.1789,-5.2746,10.1784,10.745000000000001,-1.022,0.134
1.1789,-5.2746,10.1784,10.745000000000001,-1.022,0.134
1.0864,-5.2286,9.914,10.655,-1.022,0.134
0.9015,-5.2516,9.914,10.745000000000001,-1.5790000000000002,0.134
0.8552,-5.2516,9.914,10.835999999999999,-1.5790000000000002,0.067
0.809,-5.2286,9.914,10.745000000000001,-1.672,-0.0
0.8321,-5.1595,9.6497,10.474,-1.4860000000000002,-0.0
0.8784,-4.7218,8.7243,9.030000000000001,-1.207,0.201
0.8321,-4.6527,8.5922,8.939,-1.5790000000000002,0.134
0.7628,-4.5836,8.5922,8.668,-1.5790000000000002,0.134
0.7397,-4.5606,8.46,8.668,-1.5790000000000002,0.201
0.7397,-4.4915,8.3278,8.488,-1.4860000000000002,0.201
0.8321,-4.4224,8.3278,8.307,-1.393,0.067
0.9015,-4.3994,8.1956,8.126999999999999,-1.3,0.067
0.9246,-4.3763,8.0634,8.126999999999999,-1.207,0.201
0.9246,-4.3072,7.9312,7.765,-1.3,0.067
0.9015,-4.2151,7.6668,7.495000000000001,-1.207,0.134
0.8552,-4.1229,7.6668,7.314,-1.3,0.268
0.809,-4.0538,7.4025,7.224,-1.4860000000000002,0.201
0.7397,-4.0078,7.4025,7.133000000000001,-1.5790000000000002,0.067
0.6703,-3.9617,7.4025,7.043,-1.765,-0.0
0.6472,-3.9847,7.4025,7.043,-1.765,0.067
0.6472,-3.9387,7.4025,6.953,-1.8579999999999999,0.067
0.7397,-3.9387,7.1381,6.772,-1.393,0.067
0.9015,-3.8926,7.1381,6.682,-1.115,0.067
0.9708,-3.8235,7.0059,6.501,-0.9289999999999999,0.067
0.9246,-3.7774,7.0059,6.411,-1.022,0.134
0.7397,-3.6623,6.7415,6.23,-1.4860000000000002,0.201
0.5085,-3.5701,6.4771,6.14,-1.8579999999999999,0.201
0.5547,-3.5471,6.6093,6.05,-1.8579999999999999,0.201
0.809,-3.5241,6.6093,5.869,-1.207,0.067
1.0402,-3.4319,6.6093,5.779,-0.5569999999999999,0.268
0.8552,-3.478,6.4771,5.598,-1.022,0.134
0.601,-3.3859,6.345,5.689,-1.672,0.201
0.5316,-3.3628,6.345,5.598,-1.8579999999999999,0.134
0.6472,-3.3859,6.345,5.598,-1.5790000000000002,0.067
0.9477,-3.3398,6.6093,5.507999999999999,-0.7430000000000001,0.201
0.8552,-3.6162,7.0059,6.321,-1.207,0.067
0.8321,-3.7083,7.1381,6.501,-1.393,0.134
0.8784,-3.7544,7.2703,6.5920000000000005,-1.207,0.134
1.0633,-3.7774,7.4025,6.682,-0.836,0.134
1.1558,-3.8465,7.6668,6.862,-0.65,0.134
1.0402,-3.9156,7.799,7.224,-1.022,0.067
0.8552,-4.0078,8.0634,7.314,-1.4860000000000002,-0.0
0.809,-4.192,8.3278,7.765,-1.5790000000000002,-0.067
0.9939,-4.3303,8.7243,8.217,-1.207,-0.0
1.0864,-4.3994,8.7243,8.398,-1.115,0.067
1.0864,-4.3994,8.7243,8.398,-1.115,0.067
1.1095,-4.4915,8.9887,8.578,-1.115,0.134
1.1095,-4.5376,9.1209,8.668,-0.9289999999999999,0.134
1.1326,-4.5836,9.1209,8.939,-1.022,0.067
1.0633,-4.6758,9.2531,9.030000000000001,-1.115,0.134
1.0171,-4.7218,9.3853,9.301,-1.3,0.067
0.9939,-4.814,9.6497,9.571,-1.3,-0.0
1.1095,-5.1134,10.575,10.384,-0.9289999999999999,-0.067
1.2251,-5.2746,10.8393,10.926,-0.7430000000000001,-0.0
1.3176,-5.4359,11.2359,11.468,-0.65,-0.0
1.3407,-5.551,11.3681,11.829,-0.46399999999999997,0.067
1.2713,-5.7814,11.8968,12.371,-0.5569999999999999,0.067
1.2713,-5.7814,11.8968,12.371,-0.5569999999999999,0.067
1.1558,-5.8965,12.1612,12.912999999999998,-0.7430000000000001,-0.067
1.0864,-5.9887,12.4256,13.093,-0.836,-0.0
1.0402,-5.9887,12.4256,13.184000000000001,-0.9289999999999999,-0.067
0.9939,-5.9426,12.029,12.642,-1.115,-0.067
1.1326,-5.9656,12.1612,12.912999999999998,-0.836,0.067
1.0864,-5.9656,12.4256,13.003,-0.9289999999999999,-0.0
1.1095,-5.9656,12.1612,13.003,-0.836,0.134
1.0171,-5.9196,12.029,12.642,-1.022,-0.0
0.9708,-5.9196,12.029,12.642,-1.115,-0.134
1.0171,-5.8965,12.029,12.732000000000001,-1.207,-0.0
1.0402,-5.9426,12.029,12.822,-1.022,-0.0
0.8784,-5.9656,12.1612,12.912999999999998,-1.3,-0.067
0.9708,-5.9196,11.8968,12.642,-1.115,-0.134
0.9708,-5.8274,11.6325,12.280999999999999,-1.022,-0.0
0.9015,-5.4589,10.575,11.107,-1.3,-0.067
0.8321,-5.2746,10.1784,10.474,-1.3,-0.0
0.7628,-5.0904,9.7818,9.841999999999999,-1.4860000000000002,-0.067
0.6472,-4.7449,9.2531,8.939,-1.672,0.067
0.6703,-4.5606,8.8565,8.578,-1.672,0.067
0.6241,-4.3533,8.46,7.856,-1.765,0.067
0.6241,-4.3533,8.46,7.856,-1.765,0.067
0.6241,-4.0308,7.6668,7.043,-1.672,0.067
0.6472,-3.9156,7.4025,6.772,-1.5790000000000002,0.067
0.6472,-3.8696,7.2703,6.5920000000000005,-1.5790000000000002,-0.0
0.6472,-3.8926,7.4025,6.772,-1.5790000000000002,0.067
0.7859,-4.146,8.3278,7.584999999999999,-1.393,-0.0
0.9246,-4.169,8.3278,7.495000000000001,-1.207,0.067
0.9015,-4.0308,7.9312,7.133000000000001,-1.022,-0.0
0.9477,-3.9387,7.5346,6.682,-1.022,0.134
0.9708,-3.8465,7.4025,6.5920000000000005,-0.9289999999999999,0.134
0.809,-3.9156,7.5346,6.862,-1.393,0.134
0.6934,-3.8926,7.5346,6.862,-1.5790000000000002,0.134
0.7165,-3.9156,7.6668,6.862,-1.5790000000000002,0.067
0.8321,-3.8696,7.4025,6.5920000000000005,-1.207,0.067
0.9015,-3.8005,7.4025,6.501,-1.022,-0.0
0.9015,-3.8235,7.2703,6.501,-0.9289999999999999,-0.0
0.8784,-3.8235,7.4025,6.5920000000000005,-1.115,0.067
0.9015,-3.7774,7.4025,6.501,-1.022,0.067
0.9015,-3.7774,7.2703,6.321,-0.9289999999999999,0.067
0.8784,-3.6853,7.1381,6.14,-1.022,0.134
0.8321,-3.6392,7.0059,5.959,-1.115,0.134
0.7628,-3.7544,7.2703,6.411,-1.3,0.067
0.809,-3.8465,7.5346,6.772,-1.3,0.067
0.9015,-3.8696,7.6668,6.772,-1.115,0.067
0.9939,-3.8465,7.6668,6.682,-0.9289999999999999,0.067
1.0633,-3.8005,7.5346,6.501,-0.7430000000000001,0.134
1.0633,-3.7544,7.4025,6.321,-0.7430000000000001,0.067
0.9708,-3.8005,7.4025,6.501,-0.9289999999999999,0.067
0.7165,-3.8235,7.5346,6.501,-1.4860000000000002,-0.0
1.0402,-3.9156,8.0634,7.043,-0.9289999999999999,0.067
1.1095,-3.9387,8.0634,7.224,-0.836,0.067
1.1095,-3.9387,8.0634,7.224,-0.836,0.067
0.9477,-3.9156,7.6668,6.5920000000000005,-1.115,0.067
0.9477,-3.8926,7.6668,6.5920000000000005,-1.022,0.067
0.9477,-3.8926,7.6668,6.682,-0.9289999999999999,-0.0
1.0171,-4.0769,8.3278,7.224,-1.022,0.067
0.8552,-4.0999,8.46,7.584999999999999,-1.3,0.134
0.7165,-4.146,8.5922,7.584999999999999,-1.672,-0.0
0.8552,-4.169,8.5922,7.495000000000001,-1.3,-0.0
0.9708,-4.2381,8.5922,7.675,-1.022,0.067
1.0402,-4.3072,8.8565,7.946,-1.022,0.067
1.0402,-4.3533,8.9887,8.126999999999999,-1.022,0.067
1.0171,-4.3763,8.8565,8.217,-1.115,0.067
0.9939,-4.2612,8.7243,7.856,-1.115,0.067
0.9015,-4.2151,8.46,7.584999999999999,-1.3,0.067
0.9015,-4.192,8.46,7.584999999999999,-1.207,-0.0
0.8784,-4.3533,8.8565,8.217,-1.3,-0.0
0.8784,-4.3533,8.8565,8.217,-1.3,-0.0
0.9477,-4.3994,8.9887,8.307,-1.207,-0.0
1.0402,-4.3994,8.9887,8.217,-1.115,0.067
1.1326,-4.3533,8.9887,8.036,-0.836,0.067
1.0171,-4.3763,8.9887,8.217,-1.022,0.067
0.9246,-4.3763,8.9887,8.307,-1.3,-0.0
0.8552,-4.3533,8.8565,8.126999999999999,-1.393,-0.067
0.8321,-4.2612,8.7243,7.856,-1.393,-0.067
0.809,-4.169,8.46,7.584999999999999,-1.4860000000000002,-0.067
0.7859,-4.146,8.46,7.495000000000001,-1.393,-0.134
0.809,-4.146,8.46,7.404,-1.393,-0.067
0.8321,-4.169,8.46,7.584999999999999,-1.3,0.067
0.9015,-4.1229,8.46,7.404,-1.115,0.067
0.9477,-4.0999,8.1956,7.224,-1.207,0.067
0.9246,-4.0078,7.799,6.953,-1.115,0.067
0.8784,-3.8926,7.6668,6.682,-1.115,0.067
0.7859,-3.8235,7.4025,6.501,-1.3,0.067
0.7165,-3.7083,7.1381,6.14,-1.393,0.067
0.6703,-3.3398,6.4771,5.327,-1.4860000000000002,0.134
0.7165,-3.3168,6.4771,5.147,-1.207,0.067
0.7628,-3.2937,6.6093,5.327,-1.115,0.067
0.809,-3.3398,6.6093,5.417999999999999,-1.022,-0.0
0.8552,-3.3859,6.7415,5.507999999999999,-1.022,-0.0
0.9246,-3.4089,6.8737,5.507999999999999,-0.9289999999999999,-0.0
0.9477,-3.4319,7.0059,5.507999999999999,-0.836,-0.0
0.9708,-3.501,7.0059,5.869,-0.9289999999999999,0.067
0.9015,-3.5932,7.2703,6.05,-0.836,-0.0
0.8552,-3.6623,7.4025,6.321,-1.3,0.067
0.7859,-3.6392,7.2703,6.05,-1.207,0.067
0.7859,-3.5241,7.0059,5.869,-1.207,0.067
0.7859,-3.5471,7.0059,5.869,-1.3,0.067
0.809,-3.5932,7.1381,5.869,-1.207,-0.0
0.7397,-3.6853,7.5346,6.321,-1.3,0.067
0.601,-3.7544,7.799,6.682,-1.672,0.067
0.6472,-3.8005,7.799,6.501,-1.5790000000000002,-0.0
1.1326,-3.7544,7.9312,6.321,-0.5569999999999999,0.134
1.2251,-3.7544,7.799,6.501,-0.27799999999999997,0.201
1.1095,-3.8235,8.0634,6.772,-0.65,0.067
0.7859,-3.8926,8.3278,7.133000000000001,-1.4860000000000002,-0.0
0.5547,-3.9387,8.46,7.224,-1.951,-0.067
0.601,-4.0078,8.5922,7.404,-1.951,-0.067
1.2251,-3.8696,8.3278,7.043,-0.5569999999999999,0.067
1.41,-3.7544,8.3278,6.411,0.0,0.134
1.2944,-3.9156,8.3278,6.953,-0.46399999999999997,0.134
1.202,-3.9156,9.7818,7.765,-0.65,0.067
1.0171,-3.7314,9.6497,7.314,-1.115,-0.0
1.0171,-3.7314,9.6497,7.314,-1.115,-0.0
1.0864,-4.0769,9.6497,7.856,-0.9289999999999999,-0.0
1.0171,-4.3072,9.914,8.398,-1.022,-0.067
0.8552,-4.7909,10.575,9.571,-1.4860000000000002,-0.134
1.1558,-4.7909,10.575,9.571,-0.836,-0.067
1.3638,-4.7909,10.575,9.391,-0.27799999999999997,-0.0
1.3869,-4.837,10.7072,9.661999999999999,-0.27799999999999997,0.067
0.6934,-4.7679,10.3106,9.481,-1.8579999999999999,-0.201
0.8321,-4.7218,10.3106,9.21,-1.4860000000000002,-0.134
0.8552,-4.6758,10.1784,9.120000000000001,-1.393,-0.201
0.8552,-4.6758,10.1784,9.030000000000001,-1.3,-0.268
0.8784,-4.6527,10.1784,9.030000000000001,-1.393,-0.134
1.1326,-4.6527,10.1784,9.030000000000001,-0.7430000000000001,-0.067
1.0864,-4.4685,10.1784,8.578,-0.836,-0.0
0.9708,-4.6988,10.0462,9.21,-1.115,-0.067
0.8552,-4.6988,10.0462,9.030000000000001,-1.393,-0.134
0.8552,-4.6988,10.0462,9.030000000000001,-1.393,-0.134
0.8552,-4.5606,9.7818,8.668,-1.3,-0.201
0.9015,-4.5606,9.5175,8.578,-1.3,-0.201
0.8552,-4.4915,9.5175,8.488,-1.393,-0.201
0.8552,-4.4915,9.5175,8.488,-1.393,-0.201
0.9477,-4.3763,9.5175,8.126999999999999,-1.207,-0.134
0.9708,-4.146,9.2531,7.675,-0.9289999999999999,-0.0
0.7859,-4.4915,9.3853,8.578,-1.5790000000000002,-0.201
0.809,-4.4915,9.7818,8.668,-1.4860000000000002,-0.201
0.809,-4.4915,9.7818,8.668,-1.4860000000000002,-0.201
0.8321,-3.3628,9.7818,6.772,-1.207,0.201
0.8321,-3.3628,9.7818,6.772,-1.207,0.201
0.9246,-3.6162,9.914,7.314,-1.115,-0.0
0.9939,-3.6853,9.6497,7.133000000000001,-1.115,-0.067
0.9708,-4.0769,9.1209,7.495000000000001,-1.115,-0.067
0.9708,-4.0769,9.1209,7.495000000000001,-1.115,-0.067
0.7859,-4.0078,8.9887,7.224,-1.393,-0.0
0.6703,-3.7544,8.7243,6.862,-1.5790000000000002,0.067
0.6241,-3.478,8.3278,6.23,-1.5790000000000002,0.268
0.601,-3.0634,8.1956,5.417999999999999,-1.4860000000000002,0.268
0.6472,-3.3628,8.1956,5.869,-1.4860000000000002,0.335
0.6472,-3.3628,8.1956,5.869,-1.4860000000000002,0.335
0.8552,-3.7083,8.7243,6.953,-1.3,0.067
0.8784,-2.7409,9.3853,5.327,-0.836,0.335
0.8784,-2.7409,9.3853,5.327,-0.836,0.335
0.5085,-2.1881,9.6497,4.785,-1.5790000000000002,0.268
0.6472,-2.0269,9.7818,4.424,-1.207,0.47
0.8321,-1.7505,9.7818,3.792,-0.7430000000000001,0.5369999999999999
0.8552,-1.8657,9.1209,3.8819999999999997,-0.5569999999999999,0.604
0.9015,-2.2112,8.9887,4.244,-0.7430000000000001,0.5369999999999999
0.6241,-1.6814,8.7243,3.25,-1.022,0.671
0.3929,-1.405,8.9887,2.979,-1.393,0.671
0.4854,-1.1286,9.1209,2.7089999999999996,-1.207,0.738
0.8552,-0.8983,9.3853,2.347,-0.371,0.806
1.0402,-0.3685,9.914,1.535,0.27799999999999997,1.141
0.9477,0.1382,9.914,0.903,0.185,1.343
0.8321,0.1382,9.6497,0.8119999999999999,-0.092,1.2759999999999998
0.1849,0.1612,9.3853,0.903,-1.672,1.0739999999999998
0.1386,0.023,9.2531,1.083,-1.672,1.007
0.4623,0.1151,9.3853,0.903,-0.9289999999999999,1.007
1.0402,1.2438,9.5175,-0.903,0.5569999999999999,1.544
0.8552,1.3129,9.3853,-0.903,0.0,1.6789999999999998
0.6703,1.405,9.3853,-1.083,-0.185,1.6789999999999998
0.5779,1.6123,9.5175,-1.173,-0.46399999999999997,1.746
0.5779,1.8426,9.5175,-1.2640000000000002,-0.371,1.746
0.601,2.0269,9.2531,-1.806,-0.371,1.88
0.7628,2.3033,8.9887,-2.4379999999999997,0.185,1.88
0.7628,2.3033,8.9887,-2.4379999999999997,0.185,1.88
0.6472,2.3033,8.9887,-2.257,-0.092,1.947
0.5085,2.7409,8.9887,-2.7089999999999996,-0.27799999999999997,2.082
0.4392,3.478,8.9887,-3.8819999999999997,-0.371,2.149
0.416,3.7083,8.8565,-4.1530000000000005,-0.185,2.082
0.5779,3.7314,8.7243,-4.334,0.185,2.082
0.7165,3.6623,8.5922,-4.244,0.371,2.015
0.7165,3.3859,8.46,-3.612,0.185,1.813
0.3698,3.1095,8.0634,-3.431,-0.46399999999999997,1.612
0.3929,3.0404,8.1956,-3.25,-0.46399999999999997,1.544
0.3929,3.0404,8.1956,-3.25,-0.46399999999999997,1.544
0.5085,3.2707,8.1956,-3.5210000000000004,-0.27799999999999997,1.612
1.0171,3.2477,8.46,-3.612,0.9289999999999999,1.544
0.9708,3.1786,8.3278,-3.612,0.7430000000000001,1.4769999999999999
0.9477,3.1325,8.1956,-3.612,0.5569999999999999,1.4769999999999999
0.9015,3.1325,8.1956,-3.702,0.5569999999999999,1.4769999999999999
0.809,3.1555,8.1956,-3.612,0.371,1.4769999999999999
0.7165,3.2246,8.1956,-3.792,0.092,1.4769999999999999
0.6934,2.9252,7.6668,-3.341,0.185,1.41
0.7397,2.9482,7.6668,-3.431,0.27799999999999997,1.41
0.7628,2.9713,7.9312,-3.431,0.092,1.4769999999999999
0.7628,2.9713,7.9312,-3.431,0.092,1.4769999999999999
0.809,3.0173,8.1956,-3.341,0.185,1.41
0.8784,3.2707,8.1956,-3.792,0.371,1.41
0.8321,3.1095,7.9312,-3.612,0.27799999999999997,1.41
0.7628,3.0404,7.799,-3.431,0.092,1.4769999999999999
0.7397,3.2707,7.9312,-3.792,0.185,1.41
0.7397,3.2937,8.0634,-3.8819999999999997,0.092,1.343
0.7628,3.2937,8.0634,-3.8819999999999997,0.185,1.41
0.8321,3.2477,8.0634,-3.8819999999999997,0.27799999999999997,1.41
0.9015,3.2246,8.0634,-3.792,0.46399999999999997,1.41
0.9015,3.2937,8.0634,-3.8819999999999997,0.371,1.41
0.9015,3.2937,8.0634,-3.8819999999999997,0.371,1.41
0.7628,3.0173,7.6668,-3.612,0.27799999999999997,1.343
0.7859,3.0404,7.6668,-3.431,0.185,1.343
0.7165,3.0864,7.6668,-3.612,0.092,1.2759999999999998
0.5547,3.0404,7.5346,-3.431,-0.371,1.41
0.5547,3.0404,7.5346,-3.431,-0.371,1.41
0.4854,3.0173,7.4025,-3.431,-0.46399999999999997,1.343
0.5547,2.9713,7.4025,-3.5210000000000004,-0.27799999999999997,1.343
0.6241,2.8791,7.1381,-3.341,-0.092,1.2089999999999999
0.6703,2.5567,7.5346,-2.7089999999999996,-0.185,1.2089999999999999
0.7165,2.4415,7.5346,-2.4379999999999997,-0.092,1.2089999999999999
0.6934,2.9252,7.6668,-3.341,0.0,1.2759999999999998
0.6472,3.0864,7.6668,-3.5210000000000004,-0.092,1.2759999999999998
0.6472,3.2016,7.9312,-3.792,0.0,1.343
0.6703,3.3168,8.0634,-3.8819999999999997,-0.092,1.343
0.6703,3.5241,8.46,-3.973,0.092,1.343
0.5316,3.6623,8.7243,-4.1530000000000005,-0.092,1.343
0.6472,3.8465,8.7243,-4.334,0.185,1.41
0.9015,3.7774,8.8565,-4.424,0.7430000000000001,1.2759999999999998
0.9708,3.7544,8.7243,-4.334,0.836,1.343
0.9015,3.7774,8.8565,-4.334,0.65,1.41
0.7397,3.8696,8.8565,-4.334,0.371,1.41
0.4854,3.9617,9.1209,-4.244,-0.27799999999999997,1.544
0.416,4.0769,9.2531,-4.244,-0.46399999999999997,1.4769999999999999
0.9939,4.146,9.5175,-4.424,0.9289999999999999,1.41
0.9939,4.146,9.3853,-4.424,0.9289999999999999,1.4769999999999999
0.5316,3.8696,8.7243,-4.063,-0.27799999999999997,1.41
0.2311,3.6853,8.46,-3.792,-1.022,1.343
0.9708,3.8465,8.9887,-4.1530000000000005,0.7430000000000001,1.41
0.9246,4.0308,9.2531,-4.1530000000000005,0.836,1.343
0.6472,4.2612,9.5175,-4.424,0.27799999999999997,1.41
0.5547,4.2612,9.3853,-4.424,0.0,1.4769999999999999
0.601,4.0538,9.2531,-4.1530000000000005,0.092,1.4769999999999999
0.9477,4.0999,9.1209,-4.334,0.836,1.4769999999999999
0.9477,4.0999,9.1209,-4.334,0.836,1.4769999999999999
0.6934,4.0769,8.8565,-4.244,0.27799999999999997,1.4769999999999999
0.7397,4.0308,8.8565,-4.334,0.185,1.4769999999999999
0.7165,4.0078,8.8565,-4.244,0.27799999999999997,1.4769999999999999
0.7165,4.0078,8.7243,-4.334,0.092,1.343
0.6934,3.9387,8.46,-4.424,0.185,1.343
0.7628,3.8696,8.3278,-4.244,0.27799999999999997,1.343
0.6703,3.7314,8.1956,-4.063,0.0,1.41
0.601,3.6853,8.1956,-4.063,-0.092,1.343
0.601,3.6853,8.1956,-4.063,-0.092,1.343
0.7165,3.6392,8.1956,-3.973,0.185,1.41
0.7165,3.6392,8.1956,-3.973,0.185,1.41
0.9015,3.6392,8.46,-3.8819999999999997,0.5569999999999999,1.4769999999999999
0.8552,3.9156,8.5922,-4.334,0.5569999999999999,1.41
0.7628,3.8235,8.46,-4.1530000000000005,0.27799999999999997,1.343
0.7165,3.7544,8.1956,-4.063,0.185,1.343
0.6934,3.6853,8.1956,-3.973,0.185,1.343
0.6472,3.6623,8.0634,-3.973,-0.092,1.343
0.6472,3.6623,8.0634,-3.973,-0.092,1.343
0.7165,3.7314,8.0634,-4.063,0.185,1.2759999999999998
0.7165,3.7314,8.0634,-4.063,0.185,1.2759999999999998
0.7628,3.3628,7.5346,-3.792,0.27799999999999997,1.141
0.7859,3.2246,7.5346,-3.612,0.185,1.2089999999999999
0.7165,3.2477,7.5346,-3.5210000000000004,0.185,1.141
0.3467,3.4319,7.799,-3.612,-0.7430000000000001,1.2759999999999998
0.3467,3.4319,7.799,-3.612,-0.7430000000000001,1.2759999999999998
0.5316,3.7083,8.0634,-3.973,-0.185,1.2759999999999998
0.5316,3.7083,8.0634,-3.973,-0.185,1.2759999999999998
0.6934,3.6162,8.0634,-3.973,0.092,1.2759999999999998
0.4392,3.5471,7.9312,-3.792,-0.371,1.2089999999999999
0.3698,3.6853,8.1956,-3.973,-0.65,1.2089999999999999
0.3698,3.6853,8.1956,-3.973,-0.65,1.2089999999999999
0.6703,3.7314,8.1956,-4.063,0.0,1.2089999999999999
0.9015,3.6392,8.0634,-4.063,0.7430000000000001,1.0739999999999998
0.7397,3.5932,8.0634,-3.8819999999999997,0.092,1.2089999999999999
0.7397,3.5932,8.0634,-3.8819999999999997,0.092,1.2089999999999999
0.7165,3.7774,8.3278,-4.1530000000000005,0.092,1.2759999999999998
0.7165,3.8696,8.3278,-4.244,0.092,1.2759999999999998
0.8321,3.7083,7.9312,-4.1530000000000005,0.27799999999999997,1.2759999999999998
0.7165,3.478,7.5346,-4.063,0.185,1.141
0.601,3.2707,7.4025,-3.702,-0.092,1.141
0.5779,3.2246,7.6668,-3.431,-0.27799999999999997,1.0739999999999998
0.6241,3.1786,8.0634,-3.16,-0.185,1.2089999999999999
0.6472,3.478,8.1956,-3.5210000000000004,0.0,1.2089999999999999
0.6934,3.8465,8.3278,-4.1530000000000005,0.27799999999999997,1.2759999999999998
0.7397,3.7774,8.1956,-4.1530000000000005,0.185,1.141
0.7397,3.7774,8.1956,-4.1530000000000005,0.185,1.141
0.8784,3.8696,8.46,-4.1530000000000005,0.5569999999999999,1.2759999999999998
0.6934,4.1229,8.7243,-4.424,0.27799999999999997,1.343
0.6241,4.192,8.8565,-4.424,0.0,1.343
0.6241,4.169,8.7243,-4.334,0.092,1.343
0.7165,4.1229,8.5922,-4.515000000000001,0.27799999999999997,1.2759999999999998
0.7397,4.0769,8.5922,-4.515000000000001,0.46399999999999997,1.2759999999999998
0.7859,4.0769,8.5922,-4.515000000000001,0.46399999999999997,1.343
0.7859,4.192,8.7243,-4.605,0.46399999999999997,1.2759999999999998
0.7397,4.2612,8.9887,-4.515000000000001,0.27799999999999997,1.343
0.6934,4.3072,8.8565,-4.515000000000001,0.27799999999999997,1.2759999999999998
0.7628,4.0308,8.3278,-4.515000000000001,0.27799999999999997,1.2089999999999999
0.7397,3.9387,8.3278,-4.244,0.27799999999999997,1.2759999999999998
0.6934,4.0308,8.5922,-4.334,0.27799999999999997,1.2759999999999998
0.6472,4.3072,8.8565,-4.605,0.27799999999999997,1.2759999999999998
0.6934,4.3072,8.8565,-4.605,0.371,1.2759999999999998
0.8321,4.2612,8.8565,-4.605,0.65,1.2089999999999999
0.7165,4.6527,9.5175,-4.694999999999999,0.46399999999999997,1.343
0.7397,4.4915,9.1209,-4.785,0.371,1.2759999999999998
0.7397,4.3994,9.1209,-4.605,0.27799999999999997,1.2759999999999998
0.7628,4.3072,9.1209,-4.424,0.371,1.2759999999999998
0.7397,4.2612,9.2531,-4.1530000000000005,0.27799999999999997,1.343
0.7397,4.2612,9.5175,-4.063,0.371,1.343
0.7859,4.4224,9.914,-4.063,0.46399999999999997,1.41
0.8784,4.7679,10.0462,-4.694999999999999,0.7430000000000001,1.41
0.9015,4.9522,9.914,-4.8759999999999994,0.7430000000000001,1.343
0.8784,4.9522,10.0462,-4.8759999999999994,0.65,1.41
0.7628,4.9522,9.7818,-4.785,0.46399999999999997,1.41
0.6703,4.9291,9.7818,-4.785,0.27799999999999997,1.41
0.6472,4.9982,9.914,-4.8759999999999994,0.185,1.41
0.6472,4.9752,9.7818,-4.8759999999999994,0.27799999999999997,1.41
0.6934,4.9522,9.7818,-4.8759999999999994,0.27799999999999997,1.2759999999999998
0.7397,4.9982,10.0462,-4.966,0.5569999999999999,1.4769999999999999
0.7397,4.9982,10.0462,-4.966,0.5569999999999999,1.4769999999999999
0.7397,5.0904,9.914,-5.056000000000001,0.5569999999999999,1.41
0.7859,5.1134,9.914,-5.056000000000001,0.5569999999999999,1.41
0.7397,4.8831,9.5175,-4.694999999999999,0.371,1.2759999999999998
0.7397,4.8831,9.5175,-4.694999999999999,0.371,1.2759999999999998
0.6934,4.5836,9.1209,-4.515000000000001,0.27799999999999997,1.343
0.6472,4.6297,8.9887,-4.424,0.092,1.343
0.6472,4.6527,8.9887,-4.605,0.27799999999999997,1.343
0.6241,4.5606,8.8565,-4.424,0.185,1.2759999999999998
0.6241,4.5606,8.8565,-4.424,0.185,1.2759999999999998
0.6703,4.4915,8.8565,-4.424,0.27799999999999997,1.141
0.7859,4.5836,9.1209,-4.334,0.46399999999999997,1.2089999999999999
0.7628,4.6758,9.1209,-4.424,0.27799999999999997,1.343
0.6934,4.6067,8.9887,-4.424,0.371,1.2759999999999998
0.6703,4.4915,8.7243,-4.334,0.185,1.2089999999999999
0.6472,4.2842,8.46,-4.334,0.0,1.2759999999999998
0.6472,4.146,8.1956,-4.1530000000000005,0.092,1.2759999999999998
0.6241,4.0078,7.9312,-3.973,-0.092,1.141
0.3698,4.0308,8.1956,-3.792,-0.7430000000000001,1.141
0.4623,4.2151,8.46,-4.1530000000000005,-0.27799999999999997,1.2089999999999999
0.6241,4.2151,8.3278,-4.244,0.0,1.2759999999999998
0.6472,4.0769,8.0634,-4.063,-0.092,1.2089999999999999
0.6703,3.9156,7.9312,-3.8819999999999997,0.092,1.141
0.7859,3.9847,8.1956,-3.792,0.27799999999999997,1.141
0.7397,4.2151,8.46,-4.1530000000000005,0.185,1.141
0.4854,4.169,8.3278,-4.063,-0.27799999999999997,1.2089999999999999
0.5316,4.146,8.1956,-3.973,-0.185,1.2759999999999998
0.5316,4.146,8.1956,-3.973,-0.185,1.2759999999999998
0.8552,4.0308,7.9312,-4.063,0.46399999999999997,1.141
0.6472,3.8465,7.6668,-3.8819999999999997,-0.092,1.141
0.3467,3.7083,7.799,-3.702,-0.7430000000000001,1.0739999999999998
0.2311,3.6623,7.6668,-3.5210000000000004,-1.022,1.007
0.416,3.6392,7.9312,-3.5210000000000004,-0.5569999999999999,1.141
0.416,3.6392,7.9312,-3.5210000000000004,-0.5569999999999999,1.141
0.5316,3.8235,8.0634,-3.612,-0.371,1.2759999999999998
0.7397,4.192,8.1956,-4.244,0.371,1.141
0.8784,4.2381,8.46,-4.334,0.65,1.2089999999999999
0.809,4.3763,8.7243,-4.424,0.371,1.2089999999999999
0.7628,4.4454,8.8565,-4.244,0.27799999999999997,1.2089999999999999
0.8321,4.4454,8.8565,-4.334,0.46399999999999997,1.2759999999999998
0.8321,4.4454,8.7243,-4.515000000000001,0.46399999999999997,1.2089999999999999
0.7165,4.4224,8.8565,-4.334,0.27799999999999997,1.2759999999999998
0.601,4.5836,8.8565,-4.334,0.092,1.2089999999999999
0.601,4.6758,8.9887,-4.515000000000001,0.0,1.343
0.601,4.6758,8.9887,-4.515000000000001,0.0,1.343
0.7859,4.6067,8.8565,-4.605,0.46399999999999997,1.2759999999999998
0.8552,4.4915,8.8565,-4.605,0.46399999999999997,1.2089999999999999
0.809,4.4454,8.7243,-4.424,0.27799999999999997,1.2759999999999998
0.6934,4.5145,8.7243,-4.424,0.185,1.0739999999999998
0.6934,4.5836,8.8565,-4.424,0.27799999999999997,1.2089999999999999
0.6472,4.6988,9.1209,-4.694999999999999,0.185,1.2759999999999998
0.6472,4.6988,9.1209,-4.694999999999999,0.185,1.2759999999999998
0.7397,4.6758,8.9887,-4.694999999999999,0.371,1.141
0.7628,4.6527,8.9887,-4.605,0.371,1.2759999999999998
0.7859,4.6527,8.9887,-4.605,0.46399999999999997,1.343
0.8321,4.7218,8.9887,-4.694999999999999,0.5569999999999999,1.2089999999999999
0.7859,4.4685,8.7243,-4.515000000000001,0.27799999999999997,1.0739999999999998
0.7859,4.3994,8.7243,-4.424,0.371,1.141
0.7165,4.5376,8.7243,-4.424,0.371,1.2759999999999998
0.601,4.6297,8.8565,-4.515000000000001,0.092,1.2759999999999998
0.5547,4.5836,8.8565,-4.424,0.092,1.2089999999999999
0.6241,4.5376,8.5922,-4.515000000000001,0.092,1.2759999999999998
0.7165,4.5376,8.7243,-4.515000000000001,0.371,1.141
0.8552,4.4685,8.7243,-4.515000000000001,0.5569999999999999,1.141
0.8552,4.4915,8.7243,-4.515000000000001,0.65,1.141
0.8321,4.5376,8.8565,-4.605,0.46399999999999997,1.141
0.7397,4.6988,8.9887,-4.694999999999999,0.27799999999999997,1.2089999999999999
0.6934,4.7218,8.9887,-4.785,0.185,1.2089999999999999
0.6472,4.7218,8.9887,-4.605,0.27799999999999997,1.141
0.6703,4.7449,8.9887,-4.694999999999999,0.27799999999999997,1.2089999999999999
0.6934,4.9061,9.3853,-4.694999999999999,0.185,1.2759999999999998
0.7628,4.9752,9.3853,-4.8759999999999994,0.5569999999999999,1.2759999999999998
0.809,4.9291,9.2531,-4.785,0.5569999999999999,1.141
0.809,4.814,9.1209,-4.785,0.65,1.2759999999999998
0.7397,4.6758,8.8565,-4.694999999999999,0.371,1.2759999999999998
0.6241,4.6988,8.8565,-4.605,0.185,1.2759999999999998
0.6241,4.7679,8.9887,-4.785,0.092,1.2759999999999998
0.6472,4.6527,8.8565,-4.694999999999999,0.185,1.343
0.6703,4.5145,8.46,-4.515000000000001,0.185,1.2759999999999998
0.6703,4.2842,8.1956,-4.424,0.185,1.141
0.6703,4.2381,8.1956,-4.424,0.0,1.2089999999999999
0.601,4.2842,8.1956,-4.424,0.0,1.2089999999999999
0.5547,4.3303,8.1956,-4.244,-0.092,1.2089999999999999
0.6241,4.3303,8.3278,-4.424,-0.092,1.141
0.6934,4.4685,8.46,-4.424,0.185,1.2759999999999998
0.7397,4.6297,8.5922,-4.515000000000001,0.371,1.2089999999999999
0.7628,4.5606,8.46,-4.515000000000001,0.27799999999999997,1.141
0.7165,4.3994,8.3278,-4.515000000000001,0.185,1.0739999999999998
0.6934,4.169,7.799,-4.334,0.0,1.141
0.601,3.8235,7.4025,-3.8819999999999997,-0.092,0.94
0.601,3.8235,7.4025,-3.8819999999999997,-0.092,0.94
0.5085,3.8465,7.4025,-3.973,-0.185,1.0739999999999998
0.5085,3.9847,7.6668,-3.973,-0.27799999999999997,1.0739999999999998
0.601,4.146,7.9312,-4.244,-0.092,1.141
0.6934,4.0538,7.6668,-4.1530000000000005,0.0,1.0739999999999998
0.7397,3.9156,7.5346,-3.973,0.092,1.0739999999999998
0.7165,3.9387,7.5346,-4.1530000000000005,0.092,1.007
0.6934,4.0078,7.5346,-4.063,0.185,1.007
0.6472,4.0078,7.5346,-4.1530000000000005,0.092,1.007
0.6241,3.8926,7.2703,-4.063,0.0,1.007
0.6241,3.8926,7.2703,-4.063,0.0,1.007
0.6934,3.9387,7.5346,-4.1530000000000005,0.092,1.0739999999999998
0.6934,4.192,7.9312,-4.244,0.185,1.0739999999999998
0.7397,4.2381,8.0634,-4.244,0.27799999999999997,1.007
0.7628,4.0769,7.6668,-4.244,0.371,1.007
0.7859,3.9847,7.5346,-4.063,0.27799999999999997,1.0739999999999998
0.6934,4.0078,7.5346,-4.1530000000000005,0.092,1.141
0.6241,4.0999,7.6668,-4.1530000000000005,0.0,1.141
0.6241,4.0999,7.6668,-4.1530000000000005,0.0,1.141
0.5547,4.3303,8.1956,-4.334,0.0,1.141
0.6241,4.4454,8.3278,-4.334,0.0,1.2089999999999999
0.6472,4.4915,8.3278,-4.424,0.185,1.2089999999999999
0.7397,4.4915,8.46,-4.515000000000001,0.27799999999999997,1.141
0.7859,4.5606,8.5922,-4.424,0.46399999999999997,1.2089999999999999
0.809,4.6297,8.7243,-4.515000000000001,0.46399999999999997,1.2089999999999999
0.7165,4.7679,8.8565,-4.605,0.371,1.2759999999999998
0.6472,4.837,8.8565,-4.694999999999999,0.185,1.141
0.6241,4.8831,8.9887,-4.785,0.185,1.141
0.601,4.9522,9.1209,-4.694999999999999,0.185,1.141
0.6472,4.9982,9.1209,-4.785,0.185,1.2089999999999999
0.7397,4.9982,9.2531,-4.785,0.5569999999999999,1.2089999999999999
0.809,4.9982,9.2531,-4.785,0.65,1.2089999999999999
0.7859,5.0673,9.3853,-4.8759999999999994,0.5569999999999999,1.2089999999999999
0.7397,5.0443,9.3853,-4.785,0.46399999999999997,1.2759999999999998
0.6934,5.0673,9.3853,-4.8759999999999994,0.371,1.2759999999999998
0.6703,5.0443,9.1209,-4.785,0.27799999999999997,1.2759999999999998
0.6934,4.9291,8.8565,-4.8759999999999994,0.371,1.2759999999999998
0.6703,4.7449,8.5922,-4.605,0.27799999999999997,1.2759999999999998
0.6934,4.5836,8.1956,-4.515000000000001,0.185,1.0739999999999998
0.6934,4.5376,8.1956,-4.424,0.185,1.0739999999999998
0.6934,4.5376,8.1956,-4.424,0.185,1.0739999999999998
0.6241,4.4685,8.1956,-4.334,0.092,1.0739999999999998
0.5547,4.3763,8.0634,-4.244,-0.27799999999999997,1.141
0.601,4.3072,8.0634,-4.244,-0.092,1.141
0.6241,4.2842,7.9312,-4.244,0.0,1.141
0.6241,4.2842,7.9312,-4.1530000000000005,0.092,1.0739999999999998
0.6934,4.2381,7.9312,-4.063,0.092,1.0739999999999998
0.7859,4.3763,8.1956,-4.244,0.27799999999999997,1.141
0.809,4.4224,8.1956,-4.334,0.5569999999999999,1.141
0.7397,4.2381,7.799,-4.244,0.185,1.0739999999999998
0.6934,4.192,7.6668,-4.1530000000000005,0.0,1.007
0.601,4.3303,7.9312,-4.1530000000000005,-0.092,1.007
0.601,4.3763,8.1956,-4.244,-0.092,1.0739999999999998
0.601,4.4224,8.1956,-4.244,0.0,1.141
0.6472,4.4915,8.0634,-4.424,0.092,1.141
0.7628,4.4454,8.1956,-4.334,0.46399999999999997,1.0739999999999998
0.7859,4.4224,8.0634,-4.424,0.46399999999999997,1.0739999999999998
0.7859,4.3763,8.0634,-4.334,0.371,1.141
0.7165,4.3303,7.9312,-4.244,0.185,1.141
0.6703,4.2612,7.6668,-4.1530000000000005,0.0,1.141
0.6472,4.1229,7.5346,-4.063,0.0,1.007
0.7628,4.2381,7.6668,-4.244,0.27799999999999997,1.0739999999999998
0.7628,4.2612,7.799,-4.244,0.27799999999999997,1.0739999999999998
0.7628,4.192,7.6668,-4.1530000000000005,0.27799999999999997,1.0739999999999998
0.7628,4.192,7.6668,-4.1530000000000005,0.27799999999999997,1.007
0.6703,4.2612,7.799,-4.063,0.0,1.007
0.6703,4.3303,8.0634,-4.1530000000000005,0.0,1.0739999999999998
0.6934,4.3994,8.1956,-4.244,0.185,1.141
0.7628,4.3763,8.0634,-4.244,0.371,1.0739999999999998
0.7628,4.3763,8.0634,-4.244,0.371,1.0739999999999998
0.7628,4.3533,8.0634,-4.1530000000000005,0.46399999999999997,1.0739999999999998
0.6934,4.4224,8.3278,-4.244,0.092,1.007
0.6472,4.6758,8.46,-4.424,0.185,1.0739999999999998
0.6703,4.6988,8.46,-4.424,0.185,1.141
0.6472,4.6988,8.46,-4.424,0.27799999999999997,1.2089999999999999
0.6934,4.814,8.5922,-4.515000000000001,0.371,1.2089999999999999
0.6934,4.7909,8.5922,-4.515000000000001,0.371,1.141
0.6934,4.7909,8.5922,-4.515000000000001,0.371,1.141
0.7628,4.6988,8.5922,-4.424,0.27799999999999997,1.141
0.7628,4.7218,8.5922,-4.515000000000001,0.371,1.141
0.7397,4.86,8.7243,-4.605,0.27799999999999997,1.2089999999999999
0.7397,4.86,8.7243,-4.605,0.27799999999999997,1.2089999999999999
0.6703,4.7218,8.1956,-4.605,0.27799999999999997,1.0739999999999998
0.6703,4.5145,7.9312,-4.424,0.092,1.0739999999999998
0.7165,4.3763,8.1956,-4.063,0.185,1.007
0.7165,4.3763,8.1956,-4.063,0.185,1.007
0.6472,4.814,8.5922,-4.515000000000001,0.27799999999999997,1.141
0.6472,4.814,8.5922,-4.515000000000001,0.27799999999999997,1.141
0.6241,4.8831,8.7243,-4.694999999999999,0.185,1.0739999999999998
0.7859,4.9752,8.8565,-4.785,0.46399999999999997,1.2089999999999999
0.7859,4.9752,8.8565,-4.785,0.46399999999999997,1.2089999999999999
0.7859,5.0443,8.9887,-4.8759999999999994,0.5569999999999999,1.141
0.7628,5.1825,9.1209,-4.8759999999999994,0.371,1.2089999999999999
0.809,5.2746,9.3853,-5.056000000000001,0.5569999999999999,1.2089999999999999
0.8321,5.3207,9.5175,-4.966,0.65,1.2089999999999999
0.809,5.3437,9.5175,-5.056000000000001,0.65,1.343
0.7165,5.3898,9.5175,-4.966,0.46399999999999997,1.2089999999999999
0.6934,5.4589,9.6497,-5.147,0.371,1.2089999999999999
0.6934,5.4589,9.6497,-5.147,0.371,1.2089999999999999
0.6934,5.5971,9.7818,-5.147,0.5569999999999999,1.2089999999999999
0.7628,5.6432,9.914,-5.147,0.65,1.2089999999999999
0.7397,5.6432,9.914,-4.966,0.46399999999999997,1.2089999999999999
0.7397,5.6892,10.0462,-4.966,0.46399999999999997,1.2089999999999999
0.6934,5.6892,9.7818,-5.056000000000001,0.371,1.141
0.6934,5.6892,9.7818,-5.056000000000001,0.371,1.141
0.6934,5.6662,9.914,-4.966,0.371,1.2089999999999999
0.7165,5.6432,9.7818,-5.056000000000001,0.27799999999999997,1.141
0.7165,5.7123,9.7818,-4.966,0.371,1.2759999999999998
0.6934,5.8274,10.0462,-5.056000000000001,0.371,1.2759999999999998
0.7165,5.9656,10.1784,-5.147,0.46399999999999997,1.2089999999999999
0.7397,6.0347,10.3106,-5.147,0.5569999999999999,1.2089999999999999
0.7397,6.0117,10.3106,-5.147,0.65,1.2089999999999999
0.7397,5.9887,10.3106,-5.056000000000001,0.5569999999999999,1.2089999999999999
0.6934,6.0578,10.4428,-5.147,0.46399999999999997,1.2759999999999998
0.6934,6.0578,10.4428,-5.147,0.46399999999999997,1.2759999999999998
0.6934,6.0347,10.1784,-4.966,0.46399999999999997,1.2089999999999999
0.6934,5.9196,9.914,-5.056000000000001,0.371,1.0739999999999998
0.7397,5.7583,9.6497,-5.056000000000001,0.46399999999999997,1.141
0.7397,5.7583,9.6497,-5.056000000000001,0.46399999999999997,1.141
0.7859,5.6662,9.7818,-4.8759999999999994,0.371,1.2089999999999999
0.7628,5.7814,9.7818,-4.966,0.46399999999999997,1.141
0.6703,5.8505,9.914,-4.8759999999999994,0.371,1.2089999999999999
0.6241,5.8505,9.914,-4.8759999999999994,0.185,1.2089999999999999
0.5779,5.8274,9.7818,-4.8759999999999994,0.185,1.2089999999999999
0.5779,5.7814,9.7818,-4.8759999999999994,0.092,1.141
0.6472,5.7353,9.6497,-4.966,0.27799999999999997,1.0739999999999998
0.6703,5.7583,9.7818,-4.785,0.27799999999999997,1.141
0.6934,5.8044,9.7818,-4.966,0.371,1.141
0.809,5.8044,9.7818,-4.966,0.5569999999999999,1.0739999999999998
0.8552,5.7814,9.7818,-4.966,0.65,1.2089999999999999
0.8321,5.8965,10.1784,-4.8759999999999994,0.65,1.2089999999999999
0.7628,6.0578,10.4428,-4.966,0.65,1.2089999999999999
0.7628,6.1729,10.575,-4.8759999999999994,0.5569999999999999,1.2089999999999999
0.809,6.1499,10.575,-5.056000000000001,0.5569999999999999,1.2759999999999998
0.7859,6.0578,10.3106,-4.966,0.5569999999999999,1.2089999999999999
0.7628,6.0347,10.3106,-4.8759999999999994,0.5569999999999999,1.2089999999999999
0.7397,6.0808,10.3106,-4.966,0.5569999999999999,1.141
0.7165,6.1269,10.575,-5.056000000000001,0.5569999999999999,1.0739999999999998
0.7165,6.1729,10.575,-4.966,0.46399999999999997,1.2089999999999999
0.7628,6.3111,10.8393,-5.056000000000001,0.5569999999999999,1.2089999999999999
0.809,6.3572,10.8393,-5.056000000000001,0.7430000000000001,1.2759999999999998
