0,1,2,3,4,5
138.3739578888889,-602.06662,10.121337133333332,-179.49074833333333,0.2627881111111111,179.60624988888887
138.3904487562469,-602.0623533333334,10.058605044444443,-179.49436105748148,0.26033441116049383,179.60831650261727
138.40729108251855,-602.0572940148149,9.81795741185185,-179.49909065691682,0.25705216416456517,179.61102201090466
138.42355349859932,-602.0478814540115,9.739448728790121,-179.50447509414101,0.25316523355496007,179.61407452586127
138.43987931161314,-602.0377321122827,9.467557680704525,-179.5103349595773,0.24867299001142304,179.61725968791757
138.4555749480063,-602.0233130938956,9.373444410396706,-179.51669826359986,0.24390617675504128,179.62053929325847
138.47092132224665,-602.0082452106606,9.119238561190011,-179.52326509964874,0.2387769162099124,179.62400435291448
138.4863902511783,-601.988995186573,9.042810489761095,-179.52997535532936,0.23338642032907575,179.6274832212374
138.50125302183676,-601.9691825124354,8.763860970713868,-179.53678482073485,0.2281398100872808,179.6312073458109
138.51578317921346,-601.9452724218754,8.662689229444416,-179.54382098708044,0.22283804630099802,179.6349889035241
138.53004016280664,-601.9208829026524,8.416953025105348,-179.55085714641203,0.21750054926101198,179.6389283285995
138.54403974565426,-601.8924777041922,8.329886056689624,-179.55804704623617,0.21214159227679022,179.64298002136272
138.55778874317448,-601.8636733549295,8.068164443116332,-179.5651832980661,0.2066063281841149,179.64699133114786
138.57129208233115,-601.8309321706956,7.984220607320819,-179.57227386469867,0.20111202577998932,179.6508503500293
138.58496490899157,-601.7978692718656,7.718489399000178,-179.57932462612726,0.1954873124384928,179.65471336978675
138.59806650850686,-601.7609455913442,7.630535968457315,-179.58649992972946,0.1899372974881167,179.65857588972463
138.61127819540008,-601.7237748912742,7.369819011961449,-179.5936001862113,0.1844469947045181,179.6624346097771
138.62391333355524,-601.6828167705842,7.28687983324336,-179.6007990967991,0.17917069444569736,179.66628711327357
138.63296635110902,-601.6416836812646,7.0406880580127496,-179.6080639546997,0.17488268608305485,179.67036985573694
138.63911907940403,-601.5968339354894,6.972274060559917,-179.6156924940893,0.17165390334059874,179.67473869989388
138.64460424437817,-601.5518787214739,6.707740591006461,-179.6237409523136,0.1692047560820504,179.6794325796535
138.6515205521196,-601.5032751101877,6.620984899230782,-179.63193019683158,0.1669988518648198,179.68424153540641
138.65985850092662,-601.4546330708079,6.3678413499098845,-179.64005540530312,0.16464262001497085,179.68900971670487
138.6691835271193,-601.4024084770358,6.292475578366765,-179.647804653822,0.16184757566284608,179.69362464724222
138.6793946795277,-601.3502101221636,6.017022563893412,-179.65543131015465,0.1585678866262543,179.6981230917276
138.69005027634498,-601.2944927250072,5.919347327197837,-179.66296128630069,0.15493570676686363,179.7025321144909
138.7006432157782,-601.2345972779314,5.6691783732306,-179.67041367033107,0.15104826224173995,179.70687164219333
138.71066052415156,-601.1747180672301,5.591835632171247,-179.67780252913528,0.14697707913465657,179.71127546060427
138.72083268237165,-601.1114270525782,5.318623183149625,-179.68497823489912,0.14260943989689798,179.71560339991842
138.73089113986637,-601.0483538160111,5.223188511905781,-179.69199125002825,0.1380282818426333,179.71987184750444
138.74078380359833,-600.9862211766476,4.970480250426582,-179.6990387249007,0.13345994879675688,179.7240928736475
138.75091327958245,-600.9208936542627,4.895549766725161,-179.7059452058295,0.1285744148308504,179.7282753720425
138.76012294324744,-600.855856257814,4.619603426031216,-179.71274215210542,0.12362594288711376,179.73254501009035
138.7694301070098,-600.7875351961909,4.52143486311505,-179.71961273123924,0.1188010484013628,179.73687475531648
138.77903506890704,-600.7195290788537,4.267124567753372,-179.7263712006207,0.11407106617989976,179.74112561936647
138.78815231986204,-600.6482864818205,4.190592050169472,-179.73304144865543,0.10908422404755586,179.74519574756368
138.79704236105945,-600.5774098168946,3.9164613478756687,-179.73980107192654,0.10424411739579471,179.7491297182438
138.80576052416384,-600.5033476954025,3.8201084233596436,-179.74646022848364,0.09935058574681806,179.75307945432635
138.81432031999663,-600.4297018105473,3.563740404477805,-179.7530397902002,0.09458755890579357,179.7570372408275
138.82272670305656,-600.3529199144928,3.4851501633737443,-179.75955513386774,0.08975913605890379,179.76087830182536
138.83098284611398,-600.2766028253869,3.2133515477361243,-179.7660175928827,0.0848870480724656,179.7646303498444
138.83950218713628,-600.1971974296048,3.119330709876282,-179.7724355254111,0.07998726972856872,179.76843289763627
138.849595670457,-600.1183036936717,2.875361081672992,-179.7791368781316,0.07672131825884118,179.7721499874413
138.86109420825244,-600.0363676672862,2.80916923124748,-179.7870036711238,0.07729996512036645,179.77580110397616
138.87271022218303,-599.9549884951855,2.5609191061741714,-179.79571812761046,0.08069746973871132,179.77940059467596
138.89199252580923,-599.8748780866116,2.4904467588786408,-179.8056882355872,0.09160978337461871,179.78224258243833
138.91294451683405,-599.7918941121094,2.279947419146909,-179.81640851456078,0.10686770156684003,179.784288319613
138.93311112813294,-599.7095156409479,2.2187444486206496,-179.8273493897951,0.12414327828418736,179.78598654347923
138.95201073834818,-599.624163208711,1.9836384818837436,-179.83844231039825,0.1425524485184339,179.78766663694248
138.97121126500136,-599.5394298855175,1.9263102929246156,-179.84995687056463,0.1622725569581983,179.78921283024934
138.99019890078532,-599.4517588136182,1.6966838404116276,-179.8617703979128,0.18359604665228493,179.79065945571415
139.00722946757537,-599.3647470694447,1.644835165676417,-179.87283088917,0.20607639505314643,179.7911980010944
139.02239440806122,-599.2748380245112,1.4183994859318778,-179.8828475446349,0.2297157906403976,179.79047280903893
139.03902387746595,-599.1856282258425,1.3697415839651161,-179.89208981682503,0.2563316969238126,179.7883432985902
139.05570974464516,-599.0935603713414,1.1495606284163349,-179.90075599259396,0.2857680524677179,179.78482851421796
139.0725820257127,-599.0022303151597,1.1071574506453312,-179.90915199438663,0.3175772384866105,179.78030098655458
139.08966229489386,-598.90808006833,0.8836446076746908,-179.91734240548402,0.35142711424403256,179.7749156938356
139.10695190898048,-598.8147048091034,0.8379095424818281,-179.9256965474839,0.38690874036459183,179.76914438255827
139.1232161619812,-598.7185458844176,0.6233433274781837,-179.9340015551305,0.4235554441949001,179.76333334328152
139.13904402894428,-598.6231978202354,0.586554890252317,-179.94242492646677,0.4623466301645085,179.75714100217343
139.15497017792524,-598.5251013228445,0.3858214302194103,-179.95076583262318,0.5031701775376306,179.75055543291444
139.17068947807985,-598.427850288997,0.36286574796428145,-179.95839707239776,0.5459438356756645,179.74320912796193
139.18655451175584,-598.3278848070063,0.1605525878534274,-179.96518110683476,0.590936220678511,179.73447592466079
139.20345505610163,-598.2287981666863,0.13601720552035115,-179.9714978271047,0.6381752343733287,179.7246143143069
139.22073478372846,-598.1270298602517,-0.05557442783549576,-179.97746623545638,0.6876811188745298,179.71381486021247
139.2382552585519,-598.0261725920634,-0.06938828341356487,-179.98301390981607,0.7393013700697443,179.70221636466746
139.25557470272832,-597.9226652793386,-0.2538591582028643,-179.98824811464888,0.7929222721728396,179.68980399294364
139.27260761979147,-597.8201000617097,-0.26055225521438596,-179.99340778920217,0.8482915441398448,179.67704403413023
139.28975165216707,-597.7149153017508,-0.44933652304577254,-179.99834822183973,0.9052244035430798,179.66428052030338
139.30544030358914,-597.6107025943563,-0.4603430130993813,-180.00280170779897,0.9630879534134138,179.65152574481232
139.31814897355582,-597.5038997670911,-0.6390682799275136,-180.00593058531769,1.0210883531375134,179.63819138167904
139.32884890170303,-597.3980978893949,-0.6400157689778682,-180.00776530208893,1.0789722201768421,179.62408472926424
139.336118460286,-597.2897342727621,-0.8306112813874663,-180.00832933678598,1.136057844254415,179.60930515951182
139.34095411123408,-597.1823994797785,-0.8434290160192869,-180.00796103659778,1.1921766807164087,179.5941643655516
139.34482354028614,-597.072530324136,-1.0201015389921124,-180.00674935153833,1.2475366561834562,179.57889302121137
139.3480340264125,-596.9594502128421,-1.0189962841871605,-180.00475848351562,1.3022909247204613,179.56318040334304
139.35106706370655,-596.8473361608894,-1.2119182396327728,-180.0021979843136,1.3565523377145134,179.54715815165883
139.35196636359265,-596.7327431650997,-1.2270624173006073,-179.9990620315794,1.409742757609961,179.53092307717785
139.3507816815099,-596.6192841475937,-1.3963978603881726,-179.9953468671018,1.462265835526525,179.5147845860454
139.3467330518452,-596.5033988984378,-1.3879555256979599,-179.99104847193635,1.514087508811537,179.49849304580513
139.34052476873046,-596.3886765487177,-1.5797919494579786,-179.9861661950622,1.5651851994349357,179.48222286203267
139.33315151717446,-596.2715517189697,-1.5938505954402196,-179.98086007806998,1.6155412159370415,179.46622280205548
139.326060802619,-596.1556121685726,-1.7550154188825688,-179.97508786153963,1.6656374660688638,179.45031416624818
139.32035944118175,-596.0372919254291,-1.7395889745367952,-179.96881719176267,1.7164906908623612,179.4343676047306
139.31378503639752,-595.9159116538609,-1.9149023225731165,-179.96202656353356,1.7678538275412705,179.41793096130237
139.3071295255897,-595.7956456738035,-1.9124378928316599,-179.95486066855352,1.8195452434813228,179.40114953482276
139.3009631163975,-595.6730463348757,-2.0688302020941998,-179.94726594764055,1.8715967829542668,179.3838901842623
139.29374844979253,-595.5517239592164,-2.0474447335789616,-179.9392035052398,1.9237008116495775,179.36629569768752
139.28601607363004,-595.4281157833312,-2.2257509312295647,-179.93064345591904,1.9757970177491169,179.34835197313473
139.27829012712814,-595.3058084303468,-2.22627935110239,-179.92172610378967,2.028006512873002,179.33028720181989
139.2714984577975,-595.1812340576296,-2.3595378974687433,-179.91223465613587,2.0812429003968527,179.31203060934294
139.2649902365316,-595.0579780053777,-2.3423881671424316,-179.90265064193986,2.135515687780657,179.29341135387378
139.26150771069217,-594.9324719255175,-2.4839692392900297,-179.89284726473662,2.19083092591742,179.27442358488184
139.25909051986113,-594.8083008154937,-2.4477725336598497,-179.88273173544113,2.2471921255057863,179.25494245065676
139.25651010719022,-594.6818960218908,-2.600167555596276,-179.87239628619292,2.3044355979812496,179.23511683182443
139.25352308268714,-594.5568422486367,-2.5747847997549242,-179.86190874937876,2.362440520820606,179.2150562137191
139.25049721794383,-594.4295705553386,-2.6909944119306783,-179.8514790039378,2.4211176139954045,179.194721983363
139.2466835085622,-594.3036653643364,-2.6406420070203795,-179.84094090972206,2.4802354746667055,179.17432429000553
139.24358958078633,-594.1755574587321,-2.766858643696496,-179.8300109491552,2.5396240156259555,179.1538981883967
139.24191561185998,-594.0488309893093,-2.7152975025948347,-179.81880333545135,2.5993235989821826,179.13323118838278
139.24013877559491,-593.9199164724656,-2.821771862510051,-179.80740207177035,2.6593635471332093,179.11252501131622
139.23918796975565,-593.7923977970441,-2.750468444647489,-179.7960289325627,2.7192690606242884,179.0915702876796
139.23677322590683,-593.6627052221796,-2.866666007113948,-179.78452652742595,2.77869207268608,179.07057103409034
139.23040048192416,-593.5344223840469,-2.8050857918026293,-179.77261777385684,2.8375430965778956,179.04943868009457
139.22209477249584,-593.4039792936251,-2.8717599024887903,-179.76042161699604,2.8962530171238243,179.0282275034487
139.2131081511791,-593.2749593433647,-2.7766513770444745,-179.7480255387497,2.954972608620062,179.00709648901645
139.2053469349879,-593.1437923048737,-2.8526956169924773,-179.73549387022348,3.013647096954085,178.98616215444255
139.20040695934094,-593.0140613355062,-2.7509620791627025,-179.72303568586406,3.072567021201743,178.96527154895108
139.1977459336787,-592.8821959759721,-2.804003022036447,-179.71064246383528,3.131778114075624,178.9443124697694
139.19434476593392,-592.7517791568515,-2.679266187132414,-179.69830789704633,3.190821209637291,178.9230818068408
139.18878883082502,-592.61924019613,-2.7372667778014295,-179.68602730815928,3.2493579577517253,178.90179174308707
139.17959384887595,-592.4881618056407,-2.6174895906926667,-179.67395721914596,3.3066446850731976,178.8803561543405
139.1673360528577,-592.3549730885294,-2.6496946694159313,-179.66189222567473,3.3619735867222125,178.85907290112246
139.1521760271245,-592.2232565456258,-2.504121970361418,-179.650001693373,3.4151562349655147,178.83827761240602
139.13418538692542,-592.0937077395073,-2.546800362623199,-179.63792789084653,3.4657256905795224,178.81797776013627
139.11547382404936,-591.9621682859885,-2.4117009771072033,-179.62589220020192,3.514004965415946,178.79805927224055
139.09647352997652,-591.8321014863285,-2.4256278362475543,-179.61405515666235,3.5602311927711763,178.77867815687503
139.08015149384676,-591.6999123897021,-2.265507706999601,-179.60253430948296,3.604745428660326,178.75982745346755
139.0658292449305,-591.56917885639,-2.2984303423695036,-179.5915773581652,3.647799302598005,178.7415015861212
139.05211064766382,-591.4363290904366,-2.1535751999616286,-179.5812036699916,3.6885884187722153,178.72381511043508
139.03829722299926,-591.3049454968486,-2.1748739613572203,-179.57126692917984,3.7271844555943945,178.70685324327823
139.0242506237837,-591.1714570377314,-2.018394944975034,-179.56182122686974,3.763972593303464,178.69055694403585
139.00912338573568,-591.0394461080381,-2.0388087635415117,-179.55274401564066,3.7992369044294008,178.67500143575228
138.99399516286226,-590.9053415063406,-1.8814448043302112,-179.54394509983655,3.833021730006706,178.66000300129033
138.97908189997133,-590.7727254356888,-1.8986663581030183,-179.53551808860257,3.86536090189228,178.64554553068376
138.9660681732602,-590.6380264998064,-1.7417228193827259,-179.52704952028557,3.8954556262511297,178.63185672910055
138.9548514378983,-590.5048267090772,-1.7854758965990576,-179.5187197821684,3.924043004890952,178.61886289706922
138.9441536277091,-590.3695544777356,-1.651451196037611,-179.5106592570761,3.9506729190002514,178.60639025944886
138.93330108252164,-590.2357916300062,-1.6767887011183613,-179.5031233197799,3.975678354752404,178.5943109178522
138.92380393764384,-590.0999663972781,-1.5243484284213338,-179.49614055658955,3.999635612655314,178.58264984164322
138.91635560999956,-589.9656604241935,-1.5903332708112983,-179.48972966131078,4.022637578128421,178.5715458587863
138.90983542201738,-589.8293017657659,-1.478540335423485,-179.48406561218516,4.044422549628141,178.56086028126117
138.90277048241893,-589.6944718934118,-1.5234078844185623,-179.47911428494888,4.0648014722393775,178.55072925482608
138.89569707163815,-589.5575986920124,-1.402966528890808,-179.4745300216112,4.0838005110678495,178.5411330156583
138.8911883440187,-589.4222634658906,-1.4783545540444851,-179.4705390133666,4.102266747087779,178.5319374838102
138.8913668993799,-589.2848939358181,-1.3759648014203845,-179.46666660641978,4.121150735504983,178.52280575558044
138.89371237188317,-589.1490712449387,-1.4487930099499207,-179.46304461589753,4.140489623246039,178.51384804487364
138.8952258699837,-589.0112229557236,-1.3438434407016793,-179.45960948363373,4.159483580368818,178.50514502053767
138.8953176701196,-588.8749300558437,-1.4374714414052419,-179.45663621198815,4.1777134826318605,178.4966365022286
138.89676826950506,-588.7366199550736,-1.3533216643310266,-179.45384250325964,4.195697540306863,178.48827818479995
138.90052510910476,-588.5998734911141,-1.4520862561262482,-179.45118295730026,4.213485326121592,178.48003744429911
138.90181332169522,-588.4611179264487,-1.3730730701436922,-179.44878593919023,4.230617367873619,178.47200936309247
138.9034108209714,-588.3239339541173,-1.4876748587017001,-179.44642179440805,4.247253302164774,178.46438436810706
138.9058687909284,-588.1847486945258,-1.4244988694819303,-179.44424563597275,4.263841303487474,178.45682174745724
138.90969767500437,-588.0471427011742,-1.538110057264336,-179.44220926855488,4.2805447424099095,178.4494307014274
138.9141569533306,-587.9118096240871,-1.473943467268964,-179.44027722465418,4.297481543626442,178.44229293549313
138.9195002229929,-587.7745892006828,-1.6197333359303856,-179.4385834020384,4.314739755590898,178.43534725297644
138.92535496442056,-587.63894288737,-1.5877454268140296,-179.4372257806517,4.332052994804307,178.42866771668378
138.930818066101,-587.5012739214205,-1.7149676349236775,-179.43595591360753,4.349391197787648,178.42207018054322
138.93448247571925,-587.3651583835704,-1.6678804212882987,-179.4350715285186,4.36673229579962,178.41565775343523
138.93609058643267,-587.2270227301008,-1.8183623745195059,-179.4349506163169,4.383896546967689,178.40914677288632
138.93685389979052,-587.0904476494676,-1.7910665499729352,-179.43522969171008,4.401079408893635,178.4024501962412
138.93743739766506,-586.9518604178819,-1.941247328903493,-179.43532184327242,4.417931756164756,178.39538524608258
138.94085307825097,-586.8148417745105,-1.913650330056273,-179.43511683544634,4.434692079491432,178.38817554641417
138.94643106125523,-586.6758188917098,-2.0820711065275668,-179.4345340929646,4.451864242749225,178.3808661057272
138.94989639565156,-586.5383723753565,-2.0727141052210825,-179.43335308528427,4.469323157811385,178.3733709077961
138.951245471126,-586.3989292605253,-2.222380040035098,-179.4318943995762,4.486646171827802,178.36586526139527
138.95092010796486,-586.2610700169649,-2.198419091690325,-179.430073379924,4.503525237953773,178.35847773558007
138.95108581779715,-586.125488212456,-2.377364344258846,-179.42766648961913,4.520229072012414,178.3510642871062
138.95134738546602,-585.9880235036437,-2.3785318190495883,-179.42483210029366,4.537118443591408,178.3435193073035
138.9520350712954,-585.8521372676073,-2.520108236508969,-179.42152673114362,4.5542941965772545,178.33588457784168
138.95403197811396,-585.7142326637053,-2.501163230055004,-179.4178789148948,4.572491361925474,178.32807170727827
138.9579049953445,-585.5778856961522,-2.6608713929250527,-179.41398321327685,4.591752054414679,178.31989514468086
138.96168748507904,-585.4395227460741,-2.642801778017324,-179.40974919190077,4.612106212858394,178.31122092042526
138.96539807390482,-585.3027244281144,-2.7813443193571947,-179.40494905516553,4.633244153750133,178.30230856581966
138.96698639861887,-585.1639179459893,-2.742109082919287,-179.3997380339551,4.654772745822964,178.29334861549484
138.96730634767022,-585.0266839676658,-2.8990371953266934,-179.39455210725947,4.676734012235642,178.28424261493174
138.9686000712025,-584.8874495955721,-2.8781875299563215,-179.38938919292067,4.699487274260729,178.2747993828611
138.97007015000742,-584.7497953669052,-3.002095906264965,-179.3842477435674,4.7228011079464505,178.26511724166895
138.97566481430164,-584.6144149159537,-2.948226504795831,-179.37928660538074,4.747662637442249,178.25490939569102
138.9807710493571,-584.4771479647364,-3.0842175153497386,-179.3744621052835,4.7733063780614415,178.244325106511
138.9832429765551,-584.3371892878835,-3.042430748125869,-179.36958209489637,4.798674279068351,178.233833278351
138.98391910810594,-584.1986827893074,-3.151136639868477,-179.36450393697257,4.82348845955869,178.22353769211958
138.98546024221193,-584.0624365965888,-3.0820647538333077,-179.35944676255116,4.848534076843109,178.21303783493465
138.98797379181056,-583.9243135220047,-3.197291291339833,-179.35408769351986,4.8737271516722664,178.20251662336798
138.98941229846898,-583.7835128214416,-3.1347400510685803,-179.34835199872487,4.899832634856606,178.19162999299832
138.990615337778,-583.6441790945352,-3.191385767820444,-179.34266521009857,4.926914679294139,178.18048506584458
138.99093284039137,-583.5028537309205,-3.1190688888349984,-179.3366993409192,4.953366129055624,178.16940062765107
138.98983672007296,-583.3631400006911,-3.1647311294629477,-179.3303741156624,4.979166296988219,178.15837040086237
138.98806101999045,-583.221468970191,-3.059312323417938,-179.32395098503795,5.004796591430354,178.1471497337499
138.98658710280077,-583.081421356515,-3.1058675036022825,-179.31730176659332,5.030610196162204,178.1357993843263
138.98396072678963,-582.9394235478205,-2.974644906008849,-179.31049266083028,5.056369949680083,178.12460402374072
138.97990921191752,-582.7947885578459,-3.0255732721702957,-179.30341057912776,5.0810770925268125,178.11377049529017
138.97727295748473,-582.6516831625839,-2.8987238605539645,-179.29629638803112,5.105649914532168,178.1030928290973
138.97495724853616,-582.5109189629972,-2.915594438163584,-179.2891649737709,5.130102392078733,178.09253895315223
138.97232791654505,-582.3683583156061,-2.7550316057615705,-179.28186549044784,5.153950659264367,178.08208523794525
138.96802881044485,-582.2274659078614,-2.7861797047060746,-179.2746110226861,5.1766733070589295,178.07171426613752
138.9626355590318,-582.0846442845119,-2.639550025872801,-179.26707423697397,5.197723636057557,178.06153230257527
138.9571001825763,-581.9434680589068,-2.638492639661622,-179.25933711746333,5.21752888653561,178.051497995694
138.95038310646635,-581.8003620858368,-2.471063099589847,-179.2517817417178,5.236238141431484,178.0417000008738
138.94188077773018,-581.6589054482245,-2.481397556115637,-179.24468636062286,5.253467480229408,178.03208401089375
138.93642943158855,-581.5155238387717,-2.313954234863649,-179.2380946159438,5.269430898921015,178.0230882608987
138.93207647888875,-581.3695297733964,-2.3366883100603464,-179.23187806396498,5.284286453162486,178.01455534978155
138.92759444687124,-581.2250895768776,-2.181644607479266,-179.22610395690143,5.297820368536754,178.00636943865138
138.9215076767789,-581.0830144147027,-2.1992530704044904,-179.22065944198204,5.309877051928073,177.9985643816549
138.91313141535736,-580.9391662172586,-2.039083755551937,-179.21578146753717,5.32018015925777,177.99116466662932
138.90482705138797,-580.7970092537911,-2.071902134607053,-179.211485069862,5.329188152491319,177.98418789101802
138.89706584008545,-580.652945658377,-1.9269427358843916,-179.2077789808381,5.3372383882825964,177.97776747255548
138.88911297432153,-580.5105496410417,-1.9467536099922973,-179.20466907912652,5.34457911285106,177.97187986748514
138.88164555175618,-580.3662456604577,-1.788786706322425,-179.201999145801,5.351227670767621,177.96626911455135
138.8764365322848,-580.2236124105034,-1.8336995971482801,-179.1994942292327,5.357197396643528,177.96086637385363
138.8729852772647,-580.0790752017854,-1.7008347101963575,-179.19663077376774,5.362333339266621,177.95574008900965
138.86993465965068,-579.9362128416165,-1.7309683376307587,-179.1935069350723,5.366853275555319,177.95082109515607
138.86618622274617,-579.7957172713908,-1.5848464043162152,-179.19019492542003,5.370586789477648,177.94605848713442
138.86070708864176,-579.6534265517082,-1.6526009509615867,-179.1872296455191,5.373078941652265,177.94177212881885
138.85537218500465,-579.5128004923696,-1.5425777198291803,-179.18452126990684,5.374823879965516,177.93783883038404
138.85137400164604,-579.3702407134994,-1.5807384484459073,-179.18216369821795,5.376349977057486,177.93404882768263
138.8509871365065,-579.2250550409111,-1.467427400458061,-179.18022725613656,5.378375567389768,177.9303672774103
138.85256181487046,-579.0814090524784,-1.5380240103998422,-179.17860136371587,5.380765652240207,177.92688764251957
138.85450640650953,-578.9401139660455,-1.4308428425638458,-179.17720465295073,5.383420908550759,177.92355917191747
138.85608665772256,-578.7970319234641,-1.5119208772224195,-179.17613725025367,5.385937597037564,177.92034451376756
138.85962667727756,-578.6513607675919,-1.4152211341032153,-179.17547228894227,5.388350432063853,177.9172161755565
138.86350830355616,-578.5072435566118,-1.5131299096383133,-179.17510304239042,5.39068496314352,177.9142730304901
138.86699060138352,-578.3654868016106,-1.4332609073956335,-179.17479098154803,5.392794662856926,177.91158919874766
138.86993284084042,-578.2219515672098,-1.5337535099373372,-179.17484113428003,5.394902944279774,177.90897702684876
138.87272522343986,-578.0801020269294,-1.4564683347012632,-179.17515686571969,5.397008311594946,177.90641972743236
138.8779136985597,-577.9363403744903,-1.5709908221910363,-179.17582707422812,5.40010167046021,177.9037858298804
138.8855627116486,-577.7942409097876,-1.5077355319030312,-179.1767566368461,5.404245695698773,177.9009789904935
138.89482704636737,-577.6502281861301,-1.6317768608961034,-179.17787556619987,5.409156526033097,177.8979287109516
138.90469513042947,-577.5078809916404,-1.578040412111398,-179.17913236988935,5.414625314921795,177.89458350887776
138.91372050716467,-577.3636247297503,-1.7124826985118422,-179.18048916426616,5.420169523382465,177.89126322601572
138.91916187040982,-577.2210382989938,-1.6691472071345086,-179.1819180791076,5.42526811134395,177.8882023908271
138.9221645982352,-577.0765470637012,-1.818627341806598,-179.1833986121432,5.429870045527844,177.88533453800807
138.92546000462542,-576.9294631872924,-1.7903296987009096,-179.18491568249186,5.434269009666675,177.88261075479588
138.92958841205987,-576.7839526422359,-1.9401987608873565,-179.18629819836312,5.438515218915447,177.87987593265822
138.93505670457526,-576.6408262467572,-1.9122900452960256,-179.18774081204793,5.442810966836622,177.87713544626158
138.94112764727993,-576.4959455899299,-2.0725663229662006,-179.18922621513943,5.447469891341629,177.87427413095182
138.9484647777262,-576.3527746057299,-2.055064822858598,-179.19074167677084,5.452885226297441,177.8712076400527
138.95718457319893,-576.2119817656084,-2.221444922980548,-179.19243783425452,5.459015781952773,177.8679934128244
138.96523377569687,-576.0694002746956,-2.21004724532472,-179.19410499433434,5.465500050071613,177.86467370271225
138.97056860427543,-575.928488879273,-2.382237857779103,-179.19590940773122,5.471743721314255,177.86163692267203
138.97446335161922,-575.7856489094611,-2.376650692455708,-179.19733286963762,5.477640071584357,177.8585721018224
138.9784253574205,-575.6401880598975,-2.5328960576,-179.19847570181818,5.484266700829913,177.85525121977548
138.98234446638634,-575.4962718109107,-2.511363644966514,-179.19941172301566,5.491422977653694,177.8517455114124
138.9907201464353,-575.3547112909138,-2.6786676681733534,-179.20035525080667,5.500118634899885,177.84762915771375
138.99986801991804,-575.2113685552215,-2.668193913602415,-179.20114344474158,5.510098997204959,177.8430686564168
139.00739578455355,-575.069708028631,-2.8144108354494786,-179.2016570265652,5.5208490495644975,177.83818650066
139.01243735476697,-574.9261320046836,-2.7828499795187644,-179.20180876965668,5.531657985695213,177.83319191577107
139.01526731709743,-574.7842148513831,-2.945013260684685,-179.20169502946186,5.542004495314897,177.82800021137186
139.01802537616481,-574.6403811828367,-2.929398764072828,-179.20138670262614,5.552333361929052,177.82254945640233
139.02278493996172,-574.4982098456383,-3.0584864824551548,-179.2010959529887,5.563301442457718,177.81679446501897
139.02787711313056,-574.354126300394,-3.0203072460662956,-179.20081835174082,5.57472853045211,177.81082148248007
139.03214027504424,-574.2117095017395,-3.162319447307003,-179.20055063940194,5.586482066509818,177.80481306018933
139.03946589195968,-574.067384869095,-3.126553870769932,-179.2004504168962,5.59978543911524,177.79830576734483
139.0481211466571,-573.9247312866502,-3.2339070352897235,-179.20047310935473,5.614378866635558,177.79131930924345
139.0573298986219,-573.7844407651957,-3.1706180710561824,-179.20042591928268,5.629740029157893,177.783987673472
139.0648757144567,-573.6423514322441,-3.2969830749653064,-179.20048752396826,5.645154542981687,177.77676853552987
139.0703371803514,-573.5019231630621,-3.245570301096653,-179.2003088567164,5.660098479303152,177.76951742411848
139.07530410207644,-573.3595576420176,-3.3307828225922385,-179.19995414885904,5.674684041957291,177.7622493109287
139.0817459187475,-573.2145627580112,-3.2382175663100456,-179.19914888207578,5.690151165644141,177.75473696809092
139.08797865301506,-573.0711041508738,-3.3278096567631974,-179.1980139212062,5.706251018867259,177.74705220114936
139.09325959413678,-572.9299930993006,-3.239623969438571,-179.19647819352744,5.7224698961029965,177.73936693188008
139.09786440324453,-572.787091804907,-3.297501259517592,-179.1948099352799,5.738430974168224,177.7315690144765
139.10226849533106,-572.6458648359142,-3.1776007718188346,-179.19288597084477,5.754354145216796,177.7235763088121
139.10698047470365,-572.5027146266716,-3.233389146766315,-179.19077619872937,5.770566030523335,177.7153287519393
139.11127635004905,-572.361215683466,-3.1113997439360173,-179.18853204300143,5.786975229054331,177.70702074645305
139.1133727965841,-572.2177927562157,-3.13246328936591,-179.18586955631827,5.803183871329013,177.6986757968774
139.11458887456192,-572.0760248248995,-2.975749057018025,-179.1829026602561,5.81923103133371,177.69031117270248
139.11561158349704,-571.9323374811266,-3.008005987012295,-179.1795551678903,5.834814840198191,177.6820586668207
139.11699174009652,-571.790309808196,-2.862485139228787,-179.17609154711724,5.8500450059519675,177.67401482769242
139.11719175733506,-571.6463673518934,-2.8454340111612075,-179.17254584428622,5.864506295499447,177.6660120498182
139.11591912423398,-571.5040891205172,-2.6719934674155756,-179.1686213219041,5.877896665793821,177.6581656082217
139.11395939406913,-571.3641672467502,-2.659833372549514,-179.16458426475998,5.8903244594178785,177.65055989895475
139.11230078287608,-571.2224399778208,-2.4698954999056744,-179.16062827061896,5.901869983222705,177.6433774873599
139.11031531794765,-571.0823673065727,-2.475352911124248,-179.15673523911943,5.912427579805602,177.6363927673127
139.10747138666227,-570.9403510328519,-2.303032544565044,-179.15305184069612,5.921920645228788,177.62967834081826
139.10161976468376,-570.7999658256405,-2.3030909155543644,-179.14936544732728,5.929634393965587,177.62328720908604
139.09442671652366,-570.6619034213447,-2.1253715087659066,-179.14568013445918,5.935871120466826,177.61737706340767
139.0874783509233,-570.5220024651599,-2.1555214142372696,-179.14215888979194,5.940853820238432,177.61182489429828
139.08150085414567,-570.3837235010851,-2.007893541930855,-179.13908286957837,5.944581804675174,177.60665928771203
139.0753918777534,-570.2434689029214,-2.017567086100347,-179.13633608153768,5.947221017435741,177.6020217519597
139.0685203775469,-570.1048139100028,-1.8635374249304781,-179.13399317201313,5.94856345166688,177.59801381262847
139.06200476724715,-569.964184153588,-1.8987984187007738,-179.13227030043112,5.948788388368234,177.5944711399521
139.05483166805303,-569.8251595121206,-1.7562816346932917,-179.13100365478172,5.947699404715122,177.59139192297616
139.0484504218241,-569.6841664663216,-1.7954547010128825,-179.12991270072345,5.9454825141208705,177.58877442170672
139.04231830169013,-569.5447849740852,-1.6568499895546953,-179.12878977912453,5.942109795672534,177.58673783862315
139.03837833026154,-569.403441440451,-1.713715595873974,-179.12796619059276,5.9382231347698236,177.5851290725053
139.0357559348343,-569.2637157176823,-1.592803424415475,-179.1276828450556,5.934128370876929,177.58383546884335
139.03384501756454,-569.1220341006994,-1.6465760631795519,-179.1276359295772,5.929884637914693,177.5827741341856
139.032514240083,-568.9819763323152,-1.5225709241658512,-179.12792243784452,5.925535433175352,177.58188407353953
139.0325504171722,-568.8399685996899,-1.599627770603601,-179.1282932021847,5.921278081759234,177.58112040500038
139.0340932484347,-568.6995905397471,-1.4989068392635734,-179.1290454247433,5.9174207626480735,177.58033099171166
139.0359154680428,-568.5572682356377,-1.5707638947822715,-179.13023671468653,5.91402556262198,177.57952340064065
139.03776764930777,-568.4165812221312,-1.4648431725231918,-179.13174892845407,5.910972267880513,177.57870319705466
139.03918881410397,-568.2739554820487,-1.5703629244168156,-179.13333514216941,5.907678195498655,177.57823180669422
139.0409142301515,-568.1329704516208,-1.4981048985326613,-179.1351342125454,5.904539369800405,177.57789752060174
139.04267595719884,-567.9943186835567,-1.586662216756925,-179.1370877786322,5.901351848404088,177.57742585256005
139.0444198907726,-567.8538388375556,-1.5042613449916484,-179.1389929050704,5.897802561292652,177.5770920792383
139.0481905741519,-567.7149913115546,-1.6367796663256287,-179.14102081565392,5.894320023134227,177.5769788365097
139.0531343133287,-567.5741783032569,-1.591520209881831,-179.1431369653568,5.8913855297974855,177.57678919465405
139.0578316860412,-567.4349748723955,-1.7064231494070239,-179.14515594272527,5.888690211101832,177.57654369534245
139.06200231171553,-567.2938064724825,-1.6473471957229164,-179.14726186573526,5.886338016315152,177.57625745211809
139.06765093908376,-567.1499861404469,-1.792519676564905,-179.14958967695082,5.884735536568195,177.57570158446276
139.07145971964601,-567.0034142000422,-1.759914379629116,-179.1519181370183,5.8831882722768105,177.57518848632935
139.0769014726346,-566.8541098500053,-1.8864044717118993,-179.1544050031682,5.8826748746655495,177.5743480974881
139.0825924262882,-566.7063824576868,-1.8420058340180783,-179.15700582323086,5.882920102306477,177.57326844247342
139.09154117095613,-566.5568048020472,-2.0002304234044086,-179.16000967543394,5.884711659374441,177.57189517418047
139.10142486945833,-566.4089844204013,-1.9806772350129616,-179.16298463667138,5.8874702655270585,177.57030781016636
139.1105318794598,-566.2636178278709,-2.123001781856602,-179.16593576679068,5.8906067000251765,177.56868396472476
139.11771136317446,-566.1165427624796,-2.0898741398782543,-179.16886679752992,5.893852087368218,177.5671539207656
139.1244032334189,-565.9712177367796,-2.263601556342604,-179.17162048336309,5.897174488675455,177.5654558023771
139.13090240770362,-565.8283095638277,-2.259551195029176,-179.17392166854444,5.900385080310829,177.56363593884564
139.1368599434288,-565.6836505665518,-2.4055318267399497,-179.1758889744165,5.903841490994271,177.56172841319915
139.1413906442673,-565.5406987768168,-2.3880764441344056,-179.1774496867454,5.907144429947911,177.55963918646887
139.1455715414943,-565.3958548540439,-2.5619776110873556,-179.17855084317617,5.910166553687294,177.55729945825647
139.15208879412734,-565.2526925071209,-2.558101000262528,-179.17979401314258,5.913970282159563,177.5547781087156
139.15980196135968,-565.1076358954128,-2.7128934258639994,-179.1809802213285,5.918343806343975,177.5521258114001
139.16723394646684,-564.9642634581143,-2.6899080736876937,-179.18196360313476,5.9232966264735705,177.54926073220304
139.1728613291385,-564.8190002636948,-2.8522937839319518,-179.1824773714788,5.928669861122853,177.54624215969656
139.17845842410287,-564.675424883283,-2.8369017163984322,-179.18264629993422,5.934511956877996,177.54299281971655
139.1847911917307,-564.5299623599717,-2.9742685484919766,-179.18256219564603,5.9413540244700975,177.539458027447
139.19241480564057,-564.3861912084121,-2.933857602807743,-179.18245260877188,5.948923322904776,177.53571704553605
139.19895438629786,-564.2405364098029,-3.077529385694319,-179.1824844320786,5.95701919569207,177.53194729431644
139.20477348626864,-564.0965764166972,-3.0434233908031167,-179.18261992789724,5.9656593600065815,177.52792157427155
139.20995506290254,-563.9507361490387,-3.174348496124257,-179.1826713297839,5.9743603246283286,177.5235926110615
139.21575677466805,-563.8065939991651,-3.1274958236676196,-179.1826610170965,5.983759475284606,177.51892600638652
139.21954488911476,-563.660574827869,-3.2249624524518086,-179.1821236784439,5.993662274232291,177.51413505717474
139.22287640869223,-563.5162569693913,-3.149016184274172,-179.18136033171783,6.004089168327941,177.50937629170195
139.22647989435077,-563.3700652274645,-3.2527067548754935,-179.18027192426828,6.015221797181794,177.50476446876263
139.2313203014295,-563.2255778802886,-3.178619547699037,-179.17878610642816,6.027027402521568,177.5001453919682
139.2367499181138,-563.079219676556,-3.2609679824990208,-179.17717017502858,6.03898536341294,177.49528687930388
139.2405757110597,-562.9345688404097,-3.1655386395212273,-179.1753002634022,6.050879089076912,177.490376210124
139.24238366131382,-562.7923167341169,-3.242976161562727,-179.17308398397537,6.062220914484645,177.48543165787197
139.24252855218154,-562.6483008481954,-3.142635905826449,-179.17061567152106,6.072982598081886,177.48046665319126
139.24398321494627,-562.5059804322813,-3.189016906772008,-179.1679647289021,6.0838052784104555,177.47537195228924
139.24567914355333,-562.3617565562838,-3.0576201299397905,-179.16518221388915,6.094826625070597,177.46994666944795
139.2486312054553,-562.2149365056173,-3.0992859881274155,-179.16214568580065,6.105983863621305,177.46416467121372
139.25138184246921,-562.069685327404,-2.963174068537263,-179.15892558059284,6.117067283124161,177.4583662212453
139.25323174100131,-561.9268137182163,-2.9881329107394357,-179.1555737144799,6.127590716730145,177.4525608608496
139.2536414043913,-561.782183307942,-2.835313975163831,-179.1522882031398,6.137528806515218,177.44699381534974
139.25129319442905,-561.6349914366186,-2.8491658354828497,-179.1488942724209,6.146202143640702,177.44160648259177
139.24760369544916,-561.4893806685888,-2.685239918024091,-179.1455838509849,6.153940285849488,177.4364748390292
139.2441090782068,-561.3418903632519,-2.677407691144018,-179.14233761228652,6.160985740104064,177.4316543734486
139.24111558297938,-561.1961217903516,-2.491797686486167,-179.13914132647457,6.16768229389955,177.42694727880198
139.2382648863093,-561.0527707169756,-2.4975206695428427,-179.13598451392227,6.173951701532774,177.4223275069244
139.2346601814811,-560.9076752476591,-2.3254658748217403,-179.13253945448264,6.179077406951331,177.41801410043027
139.2301346086011,-560.7600278124958,-2.3440253977278784,-179.12888607626738,6.183029174563204,177.41392919602308
139.22343411470274,-560.6139698587966,-2.184807142856239,-179.12524317839728,6.185620541767856,177.41025549083912
139.21680459918065,-560.470307070065,-2.192578942821875,-179.1214512042451,6.187046645236362,177.40700570837902
139.20946223244343,-560.3248998517668,-2.022572965009733,-179.1177132781297,6.187286287650834,177.4039505801675
139.20331372023458,-560.1812117613265,-2.0580784065301603,-179.11417830984232,6.186820978943535,177.40116002518556
139.19790386888278,-560.0356443937441,-1.9158060702728101,-179.11111709726725,6.185673786354677,177.39880419328753
139.19354002314387,-559.8917714621834,-1.9433826291422516,-179.10856602662574,6.183862231979421,177.3967692523905
139.1894474421114,-559.7460169439647,-1.7931814102339152,-179.1063913276872,6.181565089231363,177.39497144039723
139.18423354183932,-559.6019590615625,-1.8467001249966963,-179.10433456772986,6.178419668025692,177.39370823209958
139.1780481976343,-559.4560226628732,-1.7224410619816997,-179.10236612458985,6.1741589718810665,177.392957300475
139.17134586731584,-559.311786100819,-1.758817155620918,-179.10094597462086,6.168753528066669,177.39246359479432
139.1646354618059,-559.1656742038632,-1.617859005052026,-179.09976916866617,6.162513407466719,177.3922780714331
139.1588402114693,-559.021265275795,-1.683068642363437,-179.09861008326058,6.155997403997896,177.3924378244603
139.15413352461667,-558.8749840907035,-1.5705005018970701,-179.09762680100025,6.149615545094983,177.3927315270585
139.1521772677849,-558.7304088977285,-1.6190832388700638,-179.09693331507512,6.14350306497054,177.39288497605088
139.15203091927674,-558.5839644170326,-1.4958578258562267,-179.0966129628944,6.137922451488197,177.39281454711104
139.1497828560565,-558.4392288447402,-1.5894588939385754,-179.09640652688375,6.131911945199822,177.39305822584663
139.14673575568187,-558.2926268489343,-1.5052821842431465,-179.0962838128965,6.125260860192614,177.39377025582974
139.1460379621928,-558.1477365745884,-1.5786372996757438,-179.09654260413882,6.11897259620049,177.3945868882566
139.14664128758824,-558.0009826395474,-1.4894524355188001,-179.09708093584618,6.113121323854088,177.39547950324675
139.1487300339105,-557.8559431394434,-1.5854416815633363,-179.0978237853775,6.107924602067745,177.39642704534774
139.1502630466927,-557.7090426436617,-1.5036531498300947,-179.0987159543357,6.103212503333699,177.3974140250704
139.15084177658505,-557.5638592002401,-1.611978463572213,-179.09955683116783,6.098531094481325,177.39842904840026
139.15368719685208,-557.4168173318192,-1.5425259995365532,-179.10051934632816,6.094205241683379,177.39922551257692
139.15776682032805,-557.2714950405269,-1.6674563921103007,-179.1017302073601,6.090309308527833,177.39974188096195
139.1612139298008,-557.1243168039146,-1.6146090069062704,-179.10296211237699,6.086566779495074,177.40029060899457
139.16243039980486,-556.9788605798252,-1.7545994212486158,-179.1042083546228,6.082611184622611,177.40098169078829
139.16318344100844,-556.8358174689834,-1.7168120578131834,-179.10546400306563,6.07850285755203,177.4017765510452
139.16465441986594,-556.691024705034,-1.8613920474844512,-179.10688543325432,6.074449734271335,177.402646808966
139.1683031767771,-556.5479412853282,-1.8281942593779412,-179.10858717322978,6.071267363212806,177.40333336272218
139.17480137364518,-556.4029680319958,-1.9826536192319857,-179.1106529610578,6.069387705891474,177.40364458982094
139.1842428174825,-556.2596786537631,-1.9593352013082521,-179.11298388105521,6.068795709450593,177.40368030072466
139.194549299068,-556.1144972772631,-2.1251963416218165,-179.11550715938125,6.069313857207769,177.40351393467563
139.20241642935392,-555.9710023029088,-2.113279704157603,-179.11784925756757,6.070149650134402,177.40332041563107
139.20804113463805,-555.8298854263967,-2.2775365155059335,-179.11989640845303,6.071052306591591,177.40322626751782
139.21231424800226,-555.6869844983632,-2.264015549076487,-179.12156544496153,6.071837860609893,177.4032050751081
139.21584560314795,-555.54575912878,-2.432477799918749,-179.12311571400556,6.072371507902773,177.4027591801631
139.2191783829323,-555.4068774094764,-2.4231622729832334,-179.1245775088921,6.07271994924386,177.40200223304328
139.22530049255417,-555.2661729602365,-2.589715603510151,-179.1261331233565,6.074087818716884,177.40101785383715
139.23189339814,-555.1271050949541,-2.5784911562592905,-179.12775615607632,6.07620205293602,177.3998675661048
139.24177558603918,-554.9903424005472,-2.7443417964769323,-179.12926718615435,6.079853741982999,177.39835841237564
139.2509413059509,-554.8517191430803,-2.7324146589167957,-179.13053473782387,6.084298985291244,177.39670654282995
139.2577782642486,-554.7146953037744,-2.8906005259293948,-179.1313026119479,6.08899155039703,177.39507059445836
139.26035445570548,-554.5756734649262,-2.871008615164216,-179.13154159553935,6.093201758096477,177.3935668869019
139.26204185462683,-554.4382292256554,-3.032729936253641,-179.1313925136437,6.097054494624429,177.39216149257214
139.26517194092307,-554.3030552688143,-3.0166734795652883,-179.13144076068588,6.101631883194151,177.3904721105147
139.26936738124473,-554.1659911758452,-3.151864219367644,-179.13179367272954,6.107067281137996,177.388097750241
139.27371622388694,-554.0304984116394,-3.1123703587027522,-179.1323696920747,6.11312705449136,177.3852231831512
139.28296545234232,-553.8929802547217,-3.2407926452340736,-179.13310881142374,6.121125538902057,177.3818652417892
139.2934738800445,-553.7527461663822,-3.191437153987618,-179.13380688044734,6.130703968324211,177.3780366996866
139.3040846944021,-553.6139633321258,-3.2939458218447126,-179.13447422539312,6.14176317659528,177.37374734241163
139.313333076731,-553.4731778823287,-3.218676711924029,-179.134958446153,6.153898458948201,177.3691238667723
139.32176499566103,-553.3339941913763,-3.303590592056359,-179.1351479454248,6.1666467420435005,177.3642594807552
139.330326145731,-553.1928436869085,-3.2107266944109107,-179.1351211471615,6.179667893876015,177.35934186213757
139.33755760567234,-553.053307293579,-3.287889956186863,-179.13477397674873,6.1927122417586355,177.35427046638495
139.34318828015773,-552.9118115734045,-3.187275440185037,-179.13403217535557,6.205431338435439,177.34909080864068
139.34882938351478,-552.7719363714368,-3.2309599805426616,-179.13284163728918,6.217900611697596,177.34359636290944
139.353981676954,-552.6301079426497,-3.0968667431225088,-179.13164308391845,6.230340930657224,177.33787595660615
139.35813982023626,-552.4899059839303,-3.133410812198682,-179.13011971803866,6.242583625067034,177.3321140418001
139.35998488433825,-552.3477566359704,-2.992177103497078,-179.1281977326441,6.254341623523057,177.3263268091274
139.36051975835915,-552.2072394897781,-2.9936147733588965,-179.12582513470355,6.265733726725454,177.32064704311486
139.35996365393333,-552.0647805833519,-2.8172746654429366,-179.1231241965385,6.2768473804279,177.31517024577846
139.36042926285887,-551.9239594071034,-2.8185881210810244,-179.1201848763761,6.287746959027091,177.30984716040217
139.3610925924611,-551.7812019002862,-2.642123798941334,-179.117073355478,6.298479860702918,177.30464152876144
139.36055403217765,-551.640087456341,-2.608363452921872,-179.11383831983676,6.3085849922779,177.2994075459771
139.35813830899664,-551.497041919284,-2.4184879339661514,-179.11035558230444,6.317394110106417,177.29427653589437
139.35291573241028,-551.3556445890207,-2.414943833227079,-179.10653251470757,6.324420098638346,177.28946382224626
139.34679539512095,-551.2123212177021,-2.233621954710229,-179.10278504779012,6.329801547029638,177.2848888039512
139.33770610604358,-551.0663843483424,-2.2391815948071034,-179.09909635245262,6.333145549141448,177.28085127337573
139.32815229649773,-550.9220003259608,-2.0669634571262003,-179.09561403511407,6.334992451535316,177.27709060048852
139.31946279259392,-550.7799803346264,-2.0711367242756684,-179.09212615703458,6.335574505778344,177.273776299393
139.30983773387405,-550.6361863227116,-1.897532213647359,-179.08895907919225,6.33456893177365,177.27091139476795
139.30016245391496,-550.4940825770724,-1.9216084368038875,-179.08603007003748,6.33239999089752,177.26837859413646
139.28938095591192,-550.3543379157373,-1.7679068821826385,-179.0832782481506,6.328883842263116,177.26632981003414
139.27853155116057,-550.2127858842244,-1.799035666308943,-179.08081880965744,6.3240522000714305,177.26499690363906
139.2678228677049,-550.072885563124,-1.65238667265747,-179.07873597182055,6.318425490730798,177.2643092701461
139.25852840756195,-549.9310386108953,-1.6793021099069174,-179.0770929369874,6.312220733667017,177.26397633690001
139.25088097995913,-549.7908197113168,-1.528439769378587,-179.07577388483247,6.3060935902792075,177.26390381310898
139.24449483339026,-549.6529206466181,-1.5662793108662503,-179.07469359246565,6.299863476603455,177.26390320960613
139.2396837682238,-549.5131801133709,-1.4263410745761358,-179.07394935087,6.293563389262033,177.2640744592955
139.23484547670915,-549.3750587073314,-1.4649996090382655,-179.07329220805465,6.287052254643424,177.2642524713261
139.22924921784858,-549.2349588533971,-1.3258803657226175,-179.07253774402736,6.279896139696761,177.26467350639626
139.2231685123115,-549.0964558411399,-1.3857369303692408,-179.07171258174597,6.272273400167255,177.2653914952198
139.21666673191788,-548.95597535117,-1.2678157172380864,-179.07115808533362,6.264315245045469,177.26644572302797
139.20935187298522,-548.8170973104039,-1.336587936564506,-179.07080257011094,6.256118192405008,177.26798558900018
139.20156776522734,-548.6762482471695,-1.2275823781131474,-179.07075329044088,6.247091901186532,177.26999933196734
139.1954431816814,-548.5327414994518,-1.3158960554691315,-179.07108862731354,6.2381268583808165,177.27223968362597
139.19343716372165,-548.390744199694,-1.2264319550473377,-179.07186571824033,6.230041366671398,177.27416600134572
139.1968042778012,-548.2510683066803,-1.3151970466364817,-179.07328607139266,6.223432955091894,177.2757412041168
139.20243013044396,-548.1095765299381,-1.226184360447848,-179.0748568876409,6.217748276417955,177.27717663352303
139.20596194089507,-547.9697339039418,-1.3487870047949662,-179.0766966472117,6.212415388255805,177.2787465087467
139.20614826827034,-547.8279433143309,-1.2936118713643068,-179.07857199654387,6.206685664591779,177.28065358212518
139.20730729348557,-547.6877797092717,-1.4051634225857208,-179.08047177805722,6.201000687980745,177.28256623897417
139.2086443743546,-547.5499349390615,-1.3414071312014513,-179.08238778780873,6.195353579187781,177.2844812902288
139.21164071675977,-547.4102477281084,-1.500323105881401,-179.08447399514844,6.190233482002553,177.2863963951131
139.2136942968247,-547.2721786915627,-1.481461302783573,-179.08684315964632,6.185010188971605,177.28842894812146
139.2147070068384,-547.1321302717513,-1.619615257405556,-179.0892577201362,6.179715861914268,177.2905458230404
139.21837536207724,-546.9894111083687,-1.590176775500642,-179.09186342474422,6.174868371528297,177.29248443013824
139.22498845197546,-546.8481875799288,-1.7657355883262111,-179.09476876330143,6.171179536915004,177.29393325096098
139.2341497693048,-546.7050050242152,-1.7635166233740025,-179.09805125089824,6.168674328832443,177.29514071845236
139.23999266005166,-546.5592003705061,-1.9054458503198388,-179.10112561891287,6.16687400705738,177.29605100908518
139.24549943325806,-546.4149449633838,-1.8896657931145575,-179.104044633129,6.1659228688605054,177.29674256087452
139.25373710884855,-546.2687843713692,-2.055931724613876,-179.1078106821025,6.166585532966033,177.29739220057704
139.2636375846408,-546.120054804129,-2.0444198783354173,-179.11299632007675,6.1690923963918936,177.2978914161806
139.27455114703994,-545.9729267068002,-2.209645837451004,-179.11938015830668,6.173280110996288,177.29803987703104
139.28592277831743,-545.8239447252823,-2.197094018788813,-179.12615522442348,6.178862060718624,177.2976927635418
139.29558162683682,-545.6767108217748,-2.373876568828185,-179.13208761315408,6.184469487794366,177.2971016485265
139.30311610407014,-545.527653860497,-2.3728813410897795,-179.13723498745594,6.189594613882981,177.2964512356055
139.30970788337,-545.3803522088923,-2.5421763769710837,-179.14164210906623,6.1943614969134035,177.29563880458736
139.31766003999985,-545.2312299093784,-2.53369363507461,-179.14534246126127,6.199192097805123,177.29458917134772
139.32659428586805,-545.0838643307645,-2.6917362092239467,-179.14836122668316,6.204726464594335,177.2932474117086
139.33559788475378,-544.934679295671,-2.6720010055955057,-179.15087747845774,6.210937340271229,177.29169261871837
139.34366419194777,-544.7872521120029,-2.8338847252632946,-179.15286298355602,6.217473468354044,177.2899829833089
139.34855187554555,-544.6422732407875,-2.817990667153306,-179.1542975095316,6.223415638309571,177.28828042757902
139.35396809847956,-544.49557928712,-2.959107933011293,-179.15548670901634,6.229412957042904,177.28634635477482
139.36064499855465,-544.3506286309698,-2.9224474210915026,-179.15649494534156,6.236106720596644,177.28412333306972
139.36788974036799,-544.2080881547661,-3.071160801267265,-179.15752957913978,6.243635927006634,177.28157128041212
139.37021345864542,-544.0637902902132,-3.04209640366525,-179.15810265141033,6.250944432216621,177.27889931799174
139.36987725711128,-543.9211931842865,-3.1559178320586447,-179.15833673582972,6.257753926764197,177.2762626857119
139.37024585314776,-543.7766976111469,-3.095130702101686,-179.1584820210832,6.2646874272752955,177.27353341698608
139.37444972199916,-543.633877392716,-3.213451404941795,-179.15872205780587,6.272532369048078,177.27073864088314
139.38059285705657,-543.4891567994448,-3.153994330004126,-179.15903136557336,6.281367616686743,177.2676600880602
139.38580447632324,-543.3461143796429,-3.2290174149334843,-179.158749419389,6.290921235073598,177.26413794657844
139.38746678273554,-543.20117530895,-3.143659163124656,-179.15803413759213,6.300002944348337,177.26077008198374
139.38839558488576,-543.0536515970844,-3.23115620406355,-179.15700171215212,6.308565180977059,177.2575183474303
139.39080892099742,-542.9077090719971,-3.140875467224666,-179.15589763241866,6.317234860121697,177.25399733200453
139.39348484089888,-542.7641584112893,-3.19685905786429,-179.15442198760752,6.326140957396547,177.25040108484163
139.3945307755864,-542.6188610661872,-3.0750648707261363,-179.1526751734237,6.334881844769305,177.24651464218007
139.39359317104888,-542.4752808353367,-3.1212106383715996,-179.15040927664583,6.343163141869534,177.2426570663241
139.39391486015313,-542.3340860572864,-2.989578628239285,-179.1479247334295,6.351596044950261,177.2387049773041
139.39694961062958,-542.1911098066395,-3.001790906389241,-179.14544383575225,6.360626852058394,177.23480620270962
139.40171759026256,-542.0498107014824,-2.83622540676142,-179.14280603893494,6.370418761402529,177.23059265760457
139.40594307112767,-541.9065899460301,-2.848863284117395,-179.13989552745653,6.380265886244759,177.22627113727634
139.40547906762242,-541.7650217779294,-2.6837233836955927,-179.13646583457017,6.389318082785732,177.22199338758028
139.403260655293,-541.6215308745789,-2.6569068263958577,-179.13249845726722,6.397613952175526,177.2178706499031
139.39990157861848,-541.4796961836927,-2.458773413557779,-179.12830030461637,6.405017140881663,177.21386525236213
139.3963621426099,-541.3359432731252,-2.4547173258853787,-179.12409842617944,6.411593783140935,177.20994946460777
139.3920156400466,-541.1938512044608,-2.2728834604352013,-179.1198975505024,6.4173931121016095,177.20622198250825
139.38633576331998,-541.0541121691533,-2.2597554412787364,-179.11553936651657,6.42212303412868,177.20275501565084
139.37923799222966,-540.912564473464,-2.0688496443444935,-179.11090969704563,6.425568520029307,177.19960306394148
139.37195758834432,-540.7726681684815,-2.0805745253144132,-179.10624505348068,6.427738356783074,177.19680403618668
139.3647442014219,-540.6308251113111,-1.9145216285065547,-179.1017206863744,6.428805455418695,177.19426630735654
139.3572361416172,-540.4863433605162,-1.9272190893332384,-179.0976232103308,6.428732264235557,177.192160675719
139.34525503964213,-540.3391220558967,-1.7621387723821444,-179.09400420771186,6.426667370021935,177.19073289813974
139.3321390604611,-540.1934466546224,-1.8005229538156065,-179.09073930249556,6.422813062380815,177.18992259378325
139.31898264420946,-540.0501522619464,-1.6611293574712906,-179.08773697084584,6.417649944277433,177.18956582339402
139.30806036513036,-539.9051053690191,-1.6854433444392931,-179.08508986188417,6.411696954606707,177.18954196171
139.29815091923268,-539.7575041985189,-1.5397488258755572,-179.08286560254618,6.404839350666301,177.1900004765091
139.28940630764626,-539.6114913891511,-1.5947402135811246,-179.0807934100516,6.397324458576078,177.1909314376049
139.281429697398,-539.4636062119653,-1.4719538235089142,-179.0786745751911,6.389334235080069,177.19220803179726
139.27536457698537,-539.3174498170692,-1.516061065590753,-179.07700519711543,6.381167870974036,177.19373695551008
139.26976801403015,-539.1694511806918,-1.3823905298948136,-179.0756669045736,6.3728795960776345,177.1954495618279
139.26352342479512,-539.0231889655132,-1.455791714794656,-179.07457259768333,6.364343953957094,177.1974144575171
139.2543598200177,-538.8750875416348,-1.3514151219167203,-179.0736581863214,6.354973163109624,177.19992172994918
139.2447427389553,-538.7287246073782,-1.4048147271783806,-179.07303651115706,6.345163592787604,177.20282451663942
139.23846062778878,-538.584790977222,-1.291170907881832,-179.0727900618044,6.335536970468978,177.2057765446419
139.2374539672936,-538.4391235972927,-1.3795526586401425,-179.07297899711307,6.326879733683792,177.20840294780405
139.24080560277082,-538.2951811812566,-1.290156631620675,-179.0738070465642,6.319600630500269,177.21078822483602
139.2416923408491,-538.1493642723603,-1.3844637733538494,-179.07478304367586,6.312679073383019,177.21311366690406
139.24207348806155,-538.0052463053744,-1.3009931373092458,-179.0758666681856,6.306025869209584,177.21539316293894
139.24070542967385,-537.8592511378564,-1.4163533692709076,-179.07702825623213,6.299079371154212,177.21775605010856
139.2402389869965,-537.7149569059478,-1.3539358234547916,-179.07840598501627,6.291923965583691,177.22017799043286
139.23954883464597,-537.5687883791261,-1.4703837976019454,-179.07994099236018,6.2852830548625676,177.22252197245695
139.24046820030537,-537.4243238345922,-1.4090539939713214,-179.0815899728636,6.279188898951644,177.22480670152132
139.242928394144,-537.2779880267045,-1.5548576380860286,-179.0836410679236,6.27366644692901,177.22704594754495
139.2473062086395,-537.1333591865251,-1.5228835044229583,-179.0859852237961,6.268898819937363,177.2292498488978
139.25200528501568,-536.9868620167255,-1.6570749892411047,-179.08822220723698,6.2646889691924335,177.23130676069087
139.2567017824596,-536.837808029639,-1.616124462002761,-179.09037860913165,6.260891896451314,177.23325405177405
139.2617416361534,-536.6903625580225,-1.786377192872884,-179.09279400109074,6.257896902755426,177.23500011230016
139.26431270540022,-536.5410691250963,-1.7788521459652291,-179.095237172082,6.254666095909324,177.23671616280836
139.2659427847728,-536.389262717621,-1.9258335102383488,-179.09753854265594,6.2514305645813755,177.23840868059187
139.26818281615274,-536.2391127396976,-1.9090068085065908,-179.09989388059446,6.248359777994585,177.24008243658372
139.27338942415457,-536.0871628473707,-2.08348827046925,-179.10244670096665,6.2464045338060545,177.241502723923
139.27911529794474,-535.9370140372984,-2.0801919546541314,-179.1051420726165,6.245269092037749,177.24273587177274
139.28568670135422,-535.7893608934202,-2.254417379244599,-179.10793958598407,6.245231847992514,177.24359068786544
139.29151063961686,-535.6400401719384,-2.2508650260572893,-179.1106495165994,6.245503982050015,177.24428818972197
139.29833603328373,-535.4925096074189,-2.4216572485584633,-179.1134528110359,6.246662307041471,177.2447488189148
139.3060859790993,-535.3431686200986,-2.414671693281859,-179.11648385823509,6.248800142428946,177.24503533203938
139.31473372500412,-535.1955895089266,-2.580888744817566,-179.11951745208495,6.251985051808713,177.24507479425782
139.32261492965168,-535.046195009232,-2.5693280185754954,-179.12239021695078,6.255604317752268,177.24493305073423
139.3294094044706,-534.8985621536063,-2.7360294638720646,-179.12498248699288,6.259373561383984,177.24465854899407
139.33424545634855,-534.7491146274078,-2.7249531313908557,-179.12736675659085,6.2630841048815675,177.24428693522995
139.3382103775672,-534.6014296430229,-2.8765342193140038,-179.12911637317907,6.266748303353234,177.24372532519382
139.34235534932998,-534.4561975756675,-2.850337529459374,-179.1303990223454,6.270540591740587,177.24290577265606
139.34647738049208,-534.309254947787,-3.00828240018351,-179.13133808860303,6.274588775143099,177.24213601299712
139.35300197686863,-534.1640600585092,-2.988449493129868,-179.13250435933543,6.27964768317148,177.24092700790234
139.35950362536178,-534.017013044266,-3.1180727433462176,-179.13399620999758,6.285939292451696,177.23951607527025
139.36672954972192,-533.8716869403436,-3.0699182157847895,-179.13524549318538,6.293294623441675,177.23783920549536
139.37276556055346,-533.7245052119632,-3.1837345914655195,-179.13615578308472,6.301752367835711,177.2357288057
139.37806707652524,-533.5747789432727,-3.1197731893684715,-179.13681666875925,6.310516808508817,177.23330235980058
139.38273562752013,-533.426673206786,-3.224755222856237,-179.13713407054834,6.319663702505976,177.23064630359895
139.38679874390547,-533.27673130277,-3.1519594785662246,-179.1370375242421,6.329246487257221,177.22758600522567
139.39068298682477,-533.1285546723276,-3.231271277650461,-179.13663750181817,6.338976851641682,177.22423198285838
139.3944762124849,-532.9828384975661,-3.1328052989569195,-179.1360152858168,6.348806791877717,177.22066554424873
139.39778661992827,-532.835420155093,-3.2074080748096,-179.1353924587173,6.358701016680251,177.21718472611786
139.3993107157113,-532.6897579955039,-3.1042330728845027,-179.13460795932545,6.367806921965061,177.2137697903987
139.4000434286889,-532.542252045428,-3.1541311417329463,-179.13338559758537,6.376491965465507,177.2105253150576
139.3993754442986,-532.3964751996556,-3.0262514328036123,-179.13184322333368,6.384860656952088,177.20728961686075
139.3984368206572,-532.2488507787729,-3.0628255029235243,-179.1297457664617,6.392824584791623,177.2039441203014
139.39663608514624,-532.0986897235205,-2.9216217952656587,-179.12724311340762,6.400484606909689,177.20052107871763
139.39468853772198,-531.9501569652912,-2.9390243972779064,-179.12444554106716,6.407914955923463,177.1970442134862
139.39438199303393,-531.7997956656945,-2.7786492215123766,-179.1214341813143,6.415004939906076,177.19365007923784
139.39523111975097,-531.6512071296411,-2.7769268651577548,-179.11826872088994,6.42216968732452,177.19031963138528
139.39629930428012,-531.5008197388089,-2.597426731025356,-179.11499306704906,6.429217559264869,177.1870388472877
139.3949303306362,-531.3522114199128,-2.5906280385976306,-179.11163951639503,6.435677457746222,177.18379739952968
139.3893938396495,-531.2018057892728,-2.4060515683921273,-179.10791004456752,6.440214211336774,177.18094679081867
139.38310258639936,-531.0531797985864,-2.400262234625031,-179.10390821229882,6.443336626004212,177.17838533128318
139.37592852296498,-530.9027568610916,-2.216695123080157,-179.09987198400196,6.44508841664833,177.17615730244046
139.3658034841737,-530.7541138826795,-2.2299698494976807,-179.0959741197096,6.44533752586144,177.17465399213143
139.35523225086277,-530.6036742628879,-2.065466798137427,-179.09218118712212,6.443990225039177,177.17356258946734
139.34595412507718,-530.4507482338576,-2.075937723012381,-179.0884685759472,6.441308087791705,177.17277422254526
139.33788968747453,-530.2994998709478,-1.9125432081540998,-179.08529994501808,6.437649454621077,177.1724487826046
139.32935957062102,-530.1507381290903,-1.9490168138823742,-179.0825330494967,6.433112643225176,177.17258222284133
139.3204469684682,-530.0003227673275,-1.8077126418328708,-179.08038499718148,6.427935867185314,177.17281383437242
139.31076329293052,-529.851715922284,-1.8285514146000859,-179.07869267259727,6.422129051985252,177.17347456564244
139.30065245943462,-529.7055843001585,-1.671612409589523,-179.07733605263766,6.415700036347886,177.17456850851545
139.2901875484235,-529.5577593723536,-1.7158495930459388,-179.0763868219538,6.4086551217370635,177.17586005639254
139.2777473228659,-529.411698182386,-1.5823089987245764,-179.07557718716615,6.400668810025361,177.17765447767448
139.26632096205142,-529.2638003880209,-1.6240347389554535,-179.07470886459993,6.392164572716757,177.17981607774553
139.25854699353934,-529.117638708074,-1.487982701408553,-179.07379827617171,6.383453415959143,177.18224502083964
139.2536691777066,-528.9696363282364,-1.547163455072818,-179.07301927996778,6.374763594856041,177.18486785642347
139.24902929912378,-528.8233707311564,-1.4285664309593054,-179.07249747716935,6.365931810851671,177.18774965953477
139.2424478862641,-528.6795327124529,-1.490563947176842,-179.07216474669303,6.3570037711943765,177.19081881056348
139.23516110219865,-528.5339592390242,-1.3747836856166005,-179.07213096501334,6.347847746760188,177.1940226219307
139.23030265593206,-528.390109052939,-1.449137315384874,-179.07231644247932,6.3388633388446625,177.1972032252694
139.23134119734993,-528.2443827269693,-1.3457131673753695,-179.07298254511662,6.331168324738749,177.2003639821842
139.23354436593786,-528.0960870585474,-1.4328927128972522,-179.07384051412166,6.324260372772422,177.2035073754931
139.23471712600656,-527.949386615586,-1.342294480641357,-179.07515842249057,6.317606851221318,177.20639524136365
139.23525468067263,-527.8050916240167,-1.4450538994202604,-179.07681244825224,6.311145826216089,177.20921226456528
139.23442554903627,-527.6590632514947,-1.3700355404213862,-179.07855148985678,6.304335708477841,177.21209572134464
139.23292420556714,-527.5147650507469,-1.4890168806201105,-179.08051133059803,6.2971103095067,177.2150253330083
139.23213110550526,-527.3728651254313,-1.4302204430410572,-179.08247134862552,6.289917460208303,177.21786529859898
139.23108026710347,-527.2291963208066,-1.5576450278528733,-179.08458975442468,6.283085540980403,177.22075788821118
139.2308141596243,-527.0872170299859,-1.5072918348869115,-179.08682242822903,6.276689709954628,177.22368649758172
139.23276389408048,-526.9433282362843,-1.646805009137224,-179.08929691397157,6.270782917682433,177.22639891823337
139.2355397340337,-526.801103960406,-1.6085404056097583,-179.0917865289259,6.265570670978216,177.2289503894506
139.23926442758474,-526.661235333349,-1.764941622940886,-179.09444502564446,6.260872390798699,177.23126245199705
139.24600236288043,-526.5238270787524,-1.743565062494236,-179.09738678365974,6.257216528986343,177.23327778190713
139.25447911811193,-526.3845984827133,-1.9020140532226615,-179.1005336517299,6.2546590236315165,177.2350737164795
139.26195107903396,-526.246985958418,-1.8826852661733093,-179.10382813662426,6.252743919683638,177.23670716475124
139.267471368761,-526.107387137706,-2.0585908692736865,-179.10706616764756,6.251301612415475,177.23833911555963
139.27252281346182,-525.9693764631608,-2.0567186945962854,-179.11025992091564,6.250207304763342,177.2399685176053
139.2749428686105,-525.8293795696646,-2.220870359230673,-179.11325836493808,6.249038502880877,177.24135637997867
139.27762356062001,-525.6909764993081,-2.2072442460872828,-179.11611091689682,6.247816110831175,177.2425658796036
139.2823733657153,-525.5505939261358,-2.387573929872014,-179.11885394574043,6.2472168392295435,177.24364350476893
139.29199032953306,-525.4075453378853,-2.390125835878967,-179.12135421938507,6.248726610864588,177.24414524188592
139.30244395049883,-525.2659980154299,-2.5413030090710866,-179.12367425008503,6.251781672187296,177.24422421511227
139.31291622917377,-525.1267640636083,-2.5147024044854285,-179.12586004037604,6.256132563670894,177.24387398017592
139.3142015225383,-524.9857063354506,-2.679177223015841,-179.1276254447758,6.259612974257824,177.2434475261291
139.31486491689066,-524.8462900063818,-2.6658742637684756,-179.12924099694024,6.2629479384888995,177.2429655571382
139.3153944964987,-524.709184767144,-2.807796106471045,-179.13074522141912,6.266173277646365,177.2424433056052
139.32164267024785,-524.570225020386,-2.771940171395837,-179.1321664685068,6.270801580337265,177.2418919777649
139.33182214435416,-524.4328706885225,-2.918312364481073,-179.13432737995464,6.277279497794736,177.24108159514623
139.34551954823348,-524.2935242568021,-2.8869067797885313,-179.1368687911231,6.285769374598842,177.23996284825242
139.3593150638789,-524.155761221028,-3.018403775773412,-179.1390451986101,6.295561808366654,177.2387380731096
139.36964688787728,-524.0160074942854,-2.9721229939805145,-179.14095200214624,6.305639412855612,177.23719841038434
139.3787283653827,-523.8778432379072,-3.0993663689013538,-179.14249940118194,6.316082518002754,177.23554830979882
139.38619683702055,-523.7376952116925,-3.048831966044415,-179.14378186145152,6.326290151983545,177.23381868820516
139.39159382255494,-523.5991436478835,-3.1517931781711677,-179.1447088933279,6.336481366989918,177.23179228864697
139.39649975374104,-523.4586152210186,-3.0769766125201428,-179.14537445368762,6.346651482557267,177.22955005315882
139.40082703414728,-523.3196900480579,-3.18399520914686,-179.14600767665925,6.356466418433271,177.22739153108694
139.40620904085398,-523.1787946838936,-3.1132360279958,-179.14645662268143,6.366012164814845,177.2251772064288
139.41131478205872,-523.0395091266677,-3.183736966633668,-179.14693003321085,6.375517353792608,177.22316215038492
139.41464821073262,-522.89825981431,-3.0871087917329727,-179.14677918579181,6.384157684950708,177.22105679359683
139.4138819903592,-522.7586266300351,-3.1625261455093163,-179.14617068329713,6.391825440080025,177.21900619880236
139.4127174041994,-522.6170358988865,-3.0601657215078824,-179.14522710797144,6.398773157005897,177.21699758555414
139.4106683745522,-522.477067393206,-3.106397135376174,-179.1441986513033,6.405186670167532,177.21478154420717
139.40723782018466,-522.3351473291444,-2.9748507714666883,-179.14278886250105,6.410872066334804,177.21265535873567
139.40440108431298,-522.1948553720955,-3.0147170950085496,-179.14093890550163,6.416183789687395,177.21035695751547
139.40336790127287,-522.0526176331716,-2.8768056407726332,-179.13892958067493,6.421547431444017,177.20817430776953
139.40394390073564,-521.9120136746042,-2.8914939111288938,-179.13696517217474,6.427109712348701,177.20595937146004
139.4048335447066,-521.7694695061853,-2.7284044037073767,-179.1348754484549,6.43281271771227,177.20372272716958
139.4033074870872,-521.6242979239693,-2.7491069121184295,-179.1325339066617,6.437623629452032,177.2015912629324
139.40049688196922,-521.4806655214965,-2.5920316427517047,-179.1301715574297,6.4416107295016785,177.1995388253692
139.39623734040205,-521.3393837269184,-2.5758764147006596,-179.12763427149739,6.444659490222973,177.1977843873114
139.3917485916918,-521.1963147283312,-2.385461050936288,-179.1249709540168,6.44701742542728,177.19625004172474
139.38727784153457,-521.0549230480333,-2.391459618758131,-179.1222175807941,6.448535992643391,177.19487846114632
139.38205294175685,-520.911611068624,-2.2196804088021964,-179.11972239191456,6.449272340163968,177.1938656829789
139.37633907729634,-520.7699532442107,-2.219125468974478,-179.11725875616563,6.449269072043356,177.1932378157157
139.37143179486046,-520.6263742731884,-2.0407927513689814,-179.1149804492776,6.448558088690869,177.19265277455315
139.3667556212908,-520.4844530848765,-2.061766809099655,-179.1125182976048,6.447328746153542,177.19245877034547
139.3597263972963,-520.3406152211182,-1.9049630890525506,-179.1102452927802,6.445059032962922,177.19267081013064
139.35068208995807,-520.1984397163329,-1.9198654384392688,-179.10827301609302,6.441699509927166,177.19318042703077
139.34177406276658,-520.0543520682993,-1.7569900100482092,-179.10636302650812,6.43721311258101,177.19414603637793
139.33301998354668,-519.9119312381658,-1.798045806669188,-179.10482218967786,6.4319043286493125,177.19556429297796
139.32442119638117,-519.7718693123076,-1.6613238255123888,-179.10355343450038,6.425997180140602,177.19731323022424
139.3159757614884,-519.6300044924722,-1.6769694486012057,-179.10264533365068,6.4196564817407555,177.1991840008891
139.30727044323535,-519.4897967268345,-1.5302919646561022,-179.1021625198421,6.413168816263766,177.20126156426474
139.29945829061427,-519.3476477713699,-1.574180490904997,-179.10183201236484,6.40608314174396,177.2034889289053
139.29152521062355,-519.2071322519731,-1.4402912393761143,-179.10129171220385,6.398234558970109,177.20606416792714
139.2836807711854,-519.0689418627326,-1.481471679997737,-179.1005980443416,6.389833486661311,177.20889222572723
139.27349984744092,-518.933181873948,-1.344874342841582,-179.10027430120323,6.380704056313382,177.21214139235775
139.26423019997287,-518.7955721073173,-1.4192437693963353,-179.10006212396735,6.371048611785956,177.2158155950936
139.25527464274631,-518.6595495017983,-1.3158354181733112,-179.09993195032862,6.361016006144256,177.21979822501535
139.25185149371526,-518.5257788722247,-1.3780100384482943,-179.10050202837104,6.351707733557103,177.22352705031352
139.25204928888735,-518.390094486794,-1.2666437799144243,-179.10158511757692,6.343434912563363,177.22706643770968
139.25255779314645,-518.2559570836737,-1.3623166506972546,-179.10304345222337,6.335763443023453,177.23046375785557
139.25312120716242,-518.1197701423041,-1.2802117437023073,-179.10461567056214,6.32853978363372,177.23387298662223
139.25450892346376,-517.980843507562,-1.370017038296581,-179.10643000608118,6.321816272718019,177.2371688068408
139.25727376381252,-517.8433447796174,-1.282044555113077,-179.1082602814564,6.315629069359645,177.24037853117278
139.25945337346363,-517.7038205038295,-1.407678080498826,-179.11026061914805,6.309677102390739,177.24364137654408
139.25819782697124,-517.5658754637287,-1.3555338281067972,-179.11238389112714,6.303241599411417,177.24705938814833
139.25668377257807,-517.4259414891135,-1.4716205141510965,-179.11443542756413,6.296622557138215,177.25058815009086
139.25760532760057,-517.2875998996788,-1.410694536634224,-179.116752534349,6.290534358531522,177.25395677004863
139.26023289794583,-517.147277645441,-1.5640319778200131,-179.11942411084956,6.28517152367903,177.2570840693332
139.26357674591077,-517.0085549525251,-1.5395916412280244,-179.1221914792959,6.280180055877266,177.25991250919134
139.26742695911747,-516.8678584501728,-1.6737063338100562,-179.12486663528605,6.27596136077297,177.26251927130136
139.27420013122915,-516.7287682028556,-1.6361338599948645,-179.1277935686697,6.272974448931355,177.26484204149645
139.2810508988962,-516.587710712285,-1.8053791080965262,-179.1307407593122,6.27072816651512,177.2669544862693
139.28535397475645,-516.4439992573741,-1.7968465784204102,-179.13338018555288,6.268696342372979,177.26902992578158
139.2886756462875,-516.3018009058428,-1.9515510898311195,-179.13595157174223,6.266823593697744,177.27095727215658
139.29298579540205,-516.1576608848758,-1.928477823464051,-179.1386307762173,6.265565165030396,177.27265519258964
139.29907678457926,-516.0151825214309,-2.1053389920133956,-179.14138666592015,6.265419689638758,177.27406424695826
139.30666931436735,-515.8750628484373,-2.104422382784962,-179.14435811955477,6.26641939818299,177.27526021372017
139.31486483629843,-515.7331410599943,-2.26138013991052,-179.1474850121139,6.2684233529837075,177.2762988531556
139.32306439812396,-515.5928772916749,-2.2405601192583005,-179.15072311375758,6.271161973746026,177.27734030709433
139.33032681860465,-515.4506733231963,-2.4163556093308163,-179.1537181126396,6.274271581883952,177.2780237881542
139.33688785639174,-515.3101037711263,-2.414373321625554,-179.15621217394187,6.277321594445646,177.27868414823087
139.34239397176935,-515.1675936470787,-2.575389692135962,-179.15833666407556,6.280325192462492,177.2794460770442
139.34678768235747,-515.022455552622,-2.558628284868592,-179.16002824691665,6.283455638837101,177.27992270121663
139.3525408681038,-514.8788560503157,-2.7063114797716112,-179.16140086078065,6.28733765805507,177.28007056720867
139.3584841257956,-514.7333399038057,-2.676216896896853,-179.16253834396022,6.291767380007754,177.27997721243196
139.36438087154488,-514.5895099914275,-2.82072160193269,-179.16382238687504,6.297090813101938,177.27958793429576
139.3710057834105,-514.443796240185,-2.7874485291907503,-179.16537276555758,6.30323023575936,177.27886288060984
139.3789158853085,-514.2997780945207,-2.910682633853838,-179.16695707902207,6.310622149054128,177.27777312490184
139.38655985931925,-514.1581473280437,-2.856138960739148,-179.16808486971468,6.318431762671131,177.27641688971607
139.39404189345552,-514.0147416749718,-2.977667123602463,-179.1687168745606,6.32687141464567,177.2749855529001
139.40138512846477,-513.8687539249801,-2.921417508688001,-179.1689847413369,6.33560025950287,177.2736195249658
139.40613038875065,-513.7243260258266,-3.025647072257725,-179.16898533542502,6.344202753500814,177.27194527112513
139.41069923261227,-513.5779975158509,-2.952098858049671,-179.16894992901368,6.352704943540639,177.27016558428986
139.41475714740966,-513.4333700002973,-3.045420434152132,-179.16888815370848,6.361126019842252,177.26819105075796
139.41742138605042,-513.2911396082935,-2.9609642324768153,-179.1686470961258,6.369314794001353,177.26619449590055
139.41976899806585,-513.1471448065749,-3.0328490832643964,-179.16811300136862,6.377160601012248,177.26418356678656
139.4228412298298,-513.0048450489824,-2.9269561562742,-179.16736448743436,6.385078591397115,177.2621638840436
139.42601469158055,-512.8606414523229,-2.9959146290853114,-179.16629939811597,6.393042478042554,177.26013957724626
139.4275205989838,-512.718107983447,-2.8870953241186452,-179.16484310026192,6.400702276268727,177.25823278997066
139.42743780038998,-512.5779356827964,-2.9420160475253114,-179.1629394328576,6.407470934277904,177.25653298971082
139.42621710484346,-512.4359625107332,-2.8191589931542,-179.16070938659857,6.413580072876386,177.25486737975163
139.42560752424305,-512.2956483383903,-2.8439692547747932,-179.1585637558872,6.419530800228272,177.25310921211067
139.42512883622263,-512.1533948786647,-2.691001738617609,-179.15632193713807,6.42536006979723,177.25116562054097
139.42345113472558,-512.0127767217788,-2.714255056929084,-179.15401157322236,6.4307644220857565,177.2490877790605
139.4211468245101,-511.87021886146977,-2.5597305974627824,-179.1514912187302,6.435687031166601,177.24703244572675
139.41957129829618,-511.72930055004497,-2.562697607080147,-179.14898088924153,6.440086652909294,177.24523366755247
139.41775326969986,-511.5864476532707,-2.3878868389197336,-179.14631836504827,6.443769950940238,177.2436246287424
139.4142681525893,-511.44097285840274,-2.3894439317237577,-179.1435465980932,6.446428670873206,177.24227527350058
139.41008851721926,-511.2970426587765,-2.213223246750004,-179.14069718357226,6.448333670227718,177.24123666341347
139.40582942190036,-511.1554683854822,-2.212531489720258,-179.13779336031595,6.449353581158602,177.24030774520432
139.4012043417251,-511.0121121315633,-2.0340619549127346,-179.13517399627437,6.449558187324664,177.23957920452187
139.39575051016328,-510.87043832601967,-2.045320138805706,-179.13260556398055,6.44916472145771,177.23911914383962
139.38979604948415,-510.7268492598299,-1.878800544920899,-179.13007676468598,6.448002352513981,177.23909459965589
139.38259414864453,-510.58491929711903,-1.88591635132368,-179.12773927741247,6.4459464878641235,177.2395085671659
139.37442385347367,-510.4453397145735,-1.7152543799486832,-179.12554416338753,6.442742998242793,177.24024374194687
139.36453163474565,-510.303948673235,-1.7515032808403463,-179.123455407624,6.438535431188713,177.24133292634897
139.35484638730588,-510.16420623494815,-1.6099744039542316,-179.12144650459064,6.4332646140768865,177.24268074964263
139.3445189465318,-510.0225142986161,-1.6268374422029395,-179.11965794591765,6.427218765426812,177.24433615450275
139.3346206129152,-509.8824476368806,-1.4684200432988486,-179.11819434071666,6.420444601069711,177.2462156477073
139.32535954369706,-509.74043142258694,-1.5138434953901516,-179.11729033571083,6.413142360006886,177.24837869059266
139.31800208478754,-509.60004508394053,-1.3814891697036769,-179.11647750774148,6.405294020240809,177.25086685831695
139.31112998735532,-509.457714659462,-1.405403627703904,-179.11573226544596,6.39705218439436,177.25359123921848
139.30527403204871,-509.317019672743,-1.2649199530814246,-179.11503724841552,6.38869444416528,177.25636731033364
139.29970458986492,-509.17438610227595,-1.3140633176535679,-179.11469968103904,6.380424469824697,177.2592979310978
139.29427166015006,-509.0333933813948,-1.1854289044479334,-179.1144645434687,6.372060874890647,177.26257750549718
139.28688819015164,-508.8904673935721,-1.251262928303208,-179.1144647301007,6.362974725827997,177.26611006405184
139.27798762144758,-508.7491874775214,-1.1393191743807047,-179.11431748764852,6.353532113647985,177.27006322649055
139.27055288553507,-508.60597942352,-1.2064860066039862,-179.1145422614168,6.344167155281622,177.27396398452206
139.26680594353604,-508.4644224786965,-1.0958750610494898,-179.11503964728115,6.335363467452705,177.27758462309225
139.2663156279393,-508.32094234336824,-1.1893009771223637,-179.11605650656188,6.327475203518208,177.28111573348988
139.2673049443337,-508.1748515096415,-1.1049491154174598,-179.1176134091397,6.320265262229784,177.28457805112947
139.26693167240424,-508.03031627253694,-1.1949699364607953,-179.11972673733308,6.313063166385179,177.28798684313085
139.26423785823306,-507.88814776701787,-1.1072129797263532,-179.12208445468616,6.305377225729015,177.2914724640713
139.26152891430394,-507.7442078932277,-1.2302712195809433,-179.1246192950076,6.297508630824958,177.295011327904
139.2600874716258,-507.601960890655,-1.1755516816577556,-179.1272817723144,6.290009083779028,177.2984669797565
139.26138580749372,-507.45780886414013,-1.2865854690818126,-179.1297154834307,6.283117504759764,177.3018585377997
139.26526874496074,-507.31532599499184,-1.22247446555677,-179.13229926937512,6.277172117030295,177.30508096788662
139.26920271208135,-507.170936713678,-1.3747403584407074,-179.1351525912727,6.272091221035769,177.30805561753448
139.27350160204477,-507.02821968637636,-1.349228473546867,-179.13820103658315,6.267814135332196,177.31072680628287
139.27699100347505,-506.8836001964877,-1.484576787537664,-179.14138986266718,6.264130312362614,177.31329219375945
139.279445769045,-506.74065702460456,-1.4421473237506834,-179.14451702236198,6.260719489907264,177.31577771329228
139.28124802855478,-506.5958154192115,-1.6075193827092615,-179.1475961803405,6.257511899671202,177.31820245364898
139.28289415471733,-506.45265409661533,-1.595113663890062,-179.15047740003112,6.25445619758727,177.32058046728508
139.28613008708274,-506.3075982360555,-1.7485875229962662,-179.1533709038931,6.252010596327866,177.3226838786473
139.29169306965065,-506.1642264845865,-1.7242836043246923,-179.15627084414396,6.250510576207566,177.32458404530968
139.2992850109514,-506.0189639531787,-1.9072605788191426,-179.15949470446648,6.250035982273829,177.3262143657107
139.3079978808336,-505.87538922178544,-1.912459775535815,-179.16279324052124,6.250642678293733,177.32752623856862
139.31598790894927,-505.72992733546374,-2.070967708145808,-179.1661436067476,6.252041780994291,177.328603417119
139.32248773275623,-505.58615680942853,-2.0693755178544824,-179.16952900366314,6.253691849391593,177.32950752901854
139.32777396265178,-505.4405026251542,-2.257709422406874,-179.1727753027313,6.255193825905712,177.33040303283016
139.32863384738428,-505.2965432354084,-2.268265549181488,-179.1755967111122,6.255924533281927,177.33141053915173
139.32941756694575,-505.1507035603336,-2.4141319832813704,-179.17810402507052,6.256750327106013,177.33238017397497
139.33223001835037,-505.0065619924607,-2.3972454913015033,-179.18053877439544,6.257975783619581,177.33320206335736
139.3370526612592,-504.8605433927713,-2.5605819155453524,-179.18275814543426,6.260152792366314,177.3337957644037
139.3426194204364,-504.716226095692,-2.546140562011423,-179.18481759962233,6.263191004298481,177.33398159960265
139.34948783118116,-504.56576823847087,-2.6606645849054313,-179.18659795082726,6.268015397933804,177.33362994577112
139.35651888817554,-504.41622211430195,-2.624817003403333,-179.1881720439768,6.274145369801545,177.33288444589843
139.3634824771648,-504.26471854828714,-2.751419729105711,-179.18959348202517,6.281227316842509,177.3318507882621
139.37115664595413,-504.1149782112865,-2.7002446770303115,-179.19058170949884,6.289495306168689,177.330368511517
139.38050645363617,-503.9634534937705,-2.8066548027157645,-179.1915713707933,6.299121710513516,177.32843767611593
139.39005841405418,-503.813726918356,-2.73528715062344,-179.19256120385742,6.309735729068155,177.3261796139986
139.3995149549157,-503.66222274932335,-2.836893334105852,-179.19387028303436,6.3213952300268295,177.323923592789
139.4075859188403,-503.5125177875266,-2.760721739810487,-179.19653586795695,6.3331497207476115,177.32202840693057
139.41526498033505,-503.36103513774475,-2.853707680011901,-179.19971207657312,6.344963422191076,177.32004218493935
139.42234578135813,-503.211351370274,-2.768915842435537,-179.20197814149026,6.356315821541002,177.31811007975918
139.42756178111676,-503.05988954840274,-2.844918680577638,-179.2035747534148,6.366989175000689,177.31598115544506
139.4315093041815,-502.9102262393402,-2.743143740941962,-179.20403723615647,6.37698974071557,177.31382890058762
139.4339132115794,-502.75878451101283,-2.8163418280846173,-179.2036676130682,6.3863227060258465,177.31166144978053
139.43432976249431,-502.6091409367465,-2.7117621374494947,-179.20268810759185,6.394827135070249,177.30948478189998
139.4335215844996,-502.4577185907929,-2.7656166312804116,-179.20126222570246,6.402385744693859,177.3074224007592
139.43165862147666,-502.30809405275556,-2.64169334733355,-179.19951026856072,6.409244034644779,177.3055647742331
139.4292005302555,-502.1609570697313,-2.688841958028882,-179.1976807468625,6.415417327244658,177.3038589523146
139.42542459513655,-502.01214354591264,-2.5582127909464356,-179.19563597073102,6.420588578860351,177.30238508117233
139.420617460093,-501.86511117294054,-2.592786824750986,-179.1935951589273,6.424689737086206,177.30084439515142
139.4148511198741,-501.71625949055334,-2.4495830807777583,-179.1915590683522,6.427671848018868,177.2993751921626
139.4089749487921,-501.5691609479882,-2.474476212836305,-179.1895282498697,6.429830673504581,177.2980788271333
139.40110527263732,-501.4202384348817,-2.321591567117075,-179.18734310276042,6.431053170706544,177.2970294733766
139.3929488197511,-501.2730691367422,-2.3278876767099805,-179.18488494590005,6.431422607169578,177.2961621939787
139.38608301440405,-501.12407688939186,-2.1564060085251087,-179.18239054469498,6.4314968040360965,177.29542920669223
139.3812174300187,-500.9768390530506,-2.1687742991346304,-179.1798717815493,6.431189092579067,177.29479535183177
139.3759997559147,-500.82777948147236,-2.003364811966374,-179.1774973918811,6.430436255206064,177.29423475751025
139.36996275967644,-500.6804755211982,-2.0139229418681754,-179.17523098666499,6.428861661350123,177.29408749700113
139.36302642518007,-500.5313510061754,-1.8467032939921995,-179.17320578462946,6.42652051237901,177.29424347885265
139.35436442867822,-500.38398326219425,-1.8743504504738613,-179.17152104288374,6.422959748455858,177.29485992200702
139.34548049261443,-500.23479610255805,-1.7242198291777453,-179.16992569178765,6.418673098691363,177.2956943777229
139.3370891846178,-500.0831001660613,-1.7409605777577877,-179.16823731192449,6.413857942998563,177.29668796757878
139.32932818972614,-499.9330599275114,-1.5799235485600525,-179.16664221174756,6.408659496430067,177.29791648372412
139.32015919160503,-499.7854847341659,-1.6231262260952637,-179.16527871231847,6.402688590727454,177.29931618713408
139.31453677414464,-499.6362347303888,-1.488551125852697,-179.1640862654373,6.396652522464891,177.3010801836906
139.30929296942028,-499.4845057645791,-1.513553128349828,-179.16302031704407,6.390243367052377,177.30310976055765
139.30255679913256,-499.3344389294322,-1.365240992186413,-179.16188630394055,6.383070311423597,177.30545140336187
139.292329070154,-499.1868388042955,-1.4213575909493947,-179.16086516250556,6.374516771685671,177.3083771463931
139.28278226824943,-499.0375645562739,-1.2996964119345986,-179.1602477013088,6.365289146747471,177.31184774004143
139.2800816507201,-498.8900784952027,-1.366539792595812,-179.16024682114113,6.356732728329016,177.3153574725035
139.2800224566262,-498.7450476510569,-1.2556053954792479,-179.16069810117716,6.348841467063634,177.31889278700012
139.2792586113132,-498.5983038445239,-1.3286604677669096,-179.16132056422475,6.341279668831631,177.32232460804255
139.27713269933412,-498.4533044685398,-1.2239377622767935,-179.16206800818034,6.333635531755867,177.3255583722665
139.27681972032553,-498.3064495253461,-1.3144322062767027,-179.16306644040716,6.32659914098319,177.32876313147761
139.27769511250142,-498.1613120723471,-1.227148872498834,-179.16424804320425,6.320178240957909,177.33182466056002
139.2771512844477,-498.0143156278296,-1.3242342507804183,-179.1657229207726,6.313554852725185,177.3348975439666
139.27468868012483,-497.8690380011082,-1.2435418512842251,-179.16709155550424,6.306458193929876,177.3382142446479
139.273109344254,-497.7219036419705,-1.3670366151576887,-179.16854106225813,6.299351444863156,177.34170679648562
139.27172912373936,-497.5764905139018,-1.3127536012533747,-179.1702085867112,6.29224361337435,177.34508697912528
139.26917635609882,-497.42922306320156,-1.4331458170115976,-179.17187450856636,6.284810639515114,177.34861997530183
139.26601471839507,-497.2836792183851,-1.3757602549920425,-179.17353777436364,6.277145835005439,177.3522618942977
139.2660633833038,-497.1405500516493,-1.5269668252808715,-179.17535761392665,6.270308056733895,177.35562311943306
139.26921919438968,-496.99567276867884,-1.5003956177919227,-179.17729065661604,6.26441350906211,177.35877551464839
139.27171777428663,-496.85250633937477,-1.6435073418349535,-179.17946499667127,6.259050570094746,177.36189107690439
139.27199426147615,-496.70745155890967,-1.6088412881002065,-179.1814943553814,6.253588022345261,177.36497685893488
139.27182239786197,-496.5640821095345,-1.7879552601106976,-179.18341559056404,6.248057283753555,177.36815717032707
139.27361841948064,-496.4188220918796,-1.7892914543434109,-179.18541582739525,6.243141010311856,177.3711657540855
139.27865891917176,-496.27098321415315,-1.9389234119907803,-179.18779399855822,6.239671714667666,177.37368661883804
139.28427662737067,-496.12473116178444,-1.9322560822126507,-179.19044720763458,6.237266619893333,177.3758475822176
139.2886978809767,-495.9808765036766,-2.1083869670723088,-179.1928179749949,6.2351480769522505,177.37786180817844
139.2932276302796,-495.8352805906696,-2.1067400741541893,-179.19497951108139,6.233737555171499,177.37964752516467
139.29976976673174,-495.69140712411206,-2.2866189972391697,-179.19730568953494,6.233343502705462,177.38126408159886
139.307032003562,-495.54565768059115,-2.2887201425463717,-179.1995905380102,6.233860544672408,177.38251692780028
139.31351364198852,-495.40160592265204,-2.468607288975987,-179.20152304685826,6.234714596297348,177.3836210506344
139.3189238663211,-495.2599424379422,-2.4707166576278246,-179.2031954555274,6.235980362514484,177.3846151282233
139.32445530686658,-495.11650471077184,-2.625686039822409,-179.20467563747988,6.23787581652926,177.38540851123005
139.33198565461134,-494.9747521383403,-2.6028776442392147,-179.20601353745616,6.240727356747626,177.3859349018695
139.33980868551697,-494.8310859667755,-2.77809604812239,-179.20724590807214,6.244277492146207,177.38626503020342
139.34757899217072,-494.6890803276019,-2.775536674227787,-179.20823979505002,6.248667441667703,177.3860918282881
139.35440690961283,-494.54942643066363,-2.907143431308337,-179.20889791057152,6.253669352701984,177.38566878259172
139.3613599077201,-494.40796240426226,-2.8796637732837143,-179.2094692087001,6.258950256035834,177.38494378305208
139.36947281265398,-494.2681482847882,-3.0245104968227317,-179.21013633292003,6.264927059586403,177.38399799513806
139.3785236487497,-494.13065261417654,-2.991579442583971,-179.2110331366076,6.271904877248298,177.38277202533877
139.38598890363107,-493.9913094606527,-3.113034281832344,-179.21177757474592,6.279775902753912,177.38122256746342
139.3930308697557,-493.85357857984104,-3.0567113433029394,-179.21240961642536,6.288294950877804,177.37943726229489
139.40030047016631,-493.7138623260989,-3.1689934291918203,-179.21295867222014,6.297610531990099,177.37748058938257
139.40874420756163,-493.5757360733794,-3.1034977373029236,-179.21344638364988,6.307832623444013,177.37539998605632
139.41771335031095,-493.4356256164587,-3.1886161436658953,-179.21388867569067,6.3190410695116,177.37311123874056
139.42501734632305,-493.2971110007517,-3.0959567722510895,-179.21397726703108,6.330466879232709,177.37055099805235
139.43106132282222,-493.15661887226645,-3.172888237632314,-179.21380639911,6.342041932691093,177.36779393799384
139.43635666997523,-493.01772935149734,-3.0720419252357605,-179.21360541294646,6.353716142620405,177.36501588333937
139.44019497965508,-492.8811356699002,-3.1253900570629654,-179.21322251872613,6.364793134664016,177.3623440131409
139.4412215147693,-492.74267715516453,-3.000960411112392,-179.2123847878368,6.375256987376296,177.35963327542814
139.43961598424875,-492.6058148615663,-3.052874898745264,-179.2108924769288,6.384435236709855,177.3571346666384
139.43586243036864,-492.4669516314823,-2.927011608600358,-179.2089214671723,6.392166551788502,177.35491295115557
139.4313219890274,-492.3296631578179,-2.943928670764585,-179.20660116360227,6.398995242800141,177.3530153767338
139.42792074535961,-492.19037551595176,-2.783067955151034,-179.2041885515055,6.405321272881744,177.3512380813785
139.42438504780316,-492.05266902024067,-2.7964459217352804,-179.2015486132554,6.411273061810135,177.34955057049007
139.420051411612,-491.9172372461441,-2.6320461105417494,-179.19842431577132,6.416449116747124,177.34793040155367
139.4152091549642,-491.7799198904909,-2.6132828743388625,-179.19510759866898,6.421051699152696,177.3463610568656
139.4095127085418,-491.6441783764734,-2.421494719813245,-179.19149272203956,6.424570088295313,177.34494948937711
139.40331399584693,-491.50641591009355,-2.4196482282756113,-179.18782240831393,6.427124941588081,177.34377399100612
139.3962816560337,-491.37020854165195,-2.2400239589602,-179.18427470321888,6.428640264276922,177.34277265487538
139.38877193962966,-491.2319826975936,-2.2389631086287776,-179.18098184241296,6.428895917569381,177.34202081668627
139.38127355276302,-491.09531903708296,-2.060124480519577,-179.1778787944065,6.4282275860571225,177.34169083417723
139.3726502977504,-490.95664480756466,-2.082611992376671,-179.17539947849562,6.42655159309386,177.34167050581797
139.3631033776243,-490.8195407199536,-1.9273217264559872,-179.1732179921801,6.423809249282495,177.34223460857157
139.35309683622842,-490.68043391885885,-1.9362823389438735,-179.1714186311112,6.420122019154799,177.3432267927166
139.34149624138956,-490.54290498290516,-1.7736594225687135,-179.16973931687747,6.415249149933017,177.34465291016275
139.33015248876646,-490.4033809204021,-1.814429038905006,-179.16831130749108,6.409345810148214,177.34663419992535
139.31902143795716,-490.2654421748115,-1.6774208774635206,-179.16690707988994,6.402526706030338,177.34890174379575
139.30932501356656,-490.12551562142954,-1.7037510159860927,-179.16600331824478,6.395042102827424,177.3513771917507
139.30046408582885,-489.9871815730263,-1.5523033767308871,-179.16530736831098,6.387076119942774,177.35388379119163
139.28984116839396,-489.8468667765294,-1.6096041234423424,-179.16476443225437,6.378433539498526,177.35641100696728
139.27696182340094,-489.7081514186306,-1.48912709237602,-179.16449418898418,6.3686429142487455,177.35918931719655
139.2642268102473,-489.56746212243047,-1.5193559053622967,-179.16426416064027,6.358182647808463,177.36226840486052
139.25827600587084,-489.4283789530049,-1.403715606200072,-179.16422382771196,6.348232609176426,177.3654462145653
139.25582178802318,-489.2873284140105,-1.4646931896950377,-179.16448264060656,6.33899624874922,177.36881270682477
139.25410179191286,-489.1478904532125,-1.3478929954122256,-179.16512059704874,6.330291462437048,177.3721954627423
139.25255310231694,-489.0064914590518,-1.427613748932746,-179.16603602502008,6.321984234730399,177.37558713844828
139.24982869983145,-488.8667112661355,-1.3295567246754887,-179.16715411839903,6.313975934203541,177.3789823405096
139.24690790182564,-488.72497615176735,-1.4115744188337136,-179.1684198392161,6.306028632097886,177.3821388883852
139.24398936495407,-488.58486584140206,-1.315814335214161,-179.16979269506936,6.298133126436319,177.3852367284821
139.24193412172264,-488.44280650514025,-1.425814785538543,-179.17124289629945,6.290282623061004,177.3882887625723
139.2409021006785,-488.3023777631483,-1.358037458085147,-179.1729085284048,6.28263743292083,177.3914236037828
139.2421445128156,-488.1600056821186,-1.4702032291989957,-179.17505244036792,6.275645601544328,177.39449727257826
139.24217969728298,-488.01500311398934,-1.4045912225350665,-179.17770518519387,6.268808448222409,177.39764246056376
139.23991960248176,-487.87153670718686,-1.5354905189764085,-179.18040693834607,6.261594802943471,177.4008373002326
139.23764326206398,-487.73041794376877,-1.4886120376399727,-179.18314222937914,6.254276809025189,177.40430393350067
139.24032760269773,-487.5960423981072,-1.6236979609323778,-179.1858996834884,6.248044353210426,177.40749035617858
139.24396590225277,-487.4649266148686,-1.5810061064470051,-179.18867093944988,6.242613498632302,177.41046845871466
139.2489752488873,-487.34059420858733,-1.7315946526415387,-179.191449853431,6.238105979054005,177.4131702570556
139.25213244978556,-487.2193867608091,-1.7044054210582944,-179.19407191314744,6.2339489118263165,177.41578791961047
139.25487431912384,-487.1047948106554,-1.8614321501859712,-179.19673661568336,6.230052538159944,177.41822066688883
139.25954923778616,-486.9931557122066,-1.8406811015358702,-179.19943022099577,6.227012136548462,177.42051564718906
139.26372294524788,-486.8879616068322,-2.0083127344504295,-179.20214262736175,6.224602150356443,177.4227075583895
139.26773705107448,-486.7855525940159,-1.9981665895872103,-179.20470641013915,6.222821944348645,177.42470282610682
139.27248348040231,-486.6894237501156,-2.1650973759877474,-179.20764070114467,6.221835826214617,177.42655211503188
139.27854264743547,-486.59591810577854,-2.1542503846105063,-179.21068408992548,6.221598249070806,177.428054486808
139.2847781871897,-486.50426695940683,-2.3300031970602686,-179.21348300072924,6.22190981316617,177.42930111723334
139.28972654047828,-486.4185568622655,-2.3279782317322524,-179.21578013976247,6.2222931372244,177.43035909588548
139.29434707989364,-486.33525396301854,-2.4970600368817815,-179.21770727092928,6.222894077856236,177.4313969005896
139.298836342196,-486.2578839223619,-2.4883640642535334,-179.21936134998856,6.223819403139267,177.43229987746096
139.30364616845637,-486.1828008273349,-2.661216122121104,-179.22081372054316,6.225147121321809,177.43310317794223
139.31132814553482,-486.1135096365631,-2.656290402210897,-179.2219568805316,6.227758969658943,177.4334735572481
139.3194752979918,-486.0463623013555,-2.796200351442465,-179.22287226996264,6.231310191799811,177.43328790957707
139.3267782815784,-485.9805987215837,-2.7611713867577987,-179.2234598139721,6.235712464754848,177.4328137849209
139.33421923340217,-485.9203138638115,-2.9169050134004206,-179.22412641574442,6.240900261842093,177.4320094208087
139.34322639644742,-485.86198213508294,-2.8948608622652645,-179.22485040067457,6.247320831917769,177.43084448497459
139.35447381097364,-485.8048706389717,-3.0171192557739968,-179.22545582304497,6.255133950567115,177.42941616537624
139.36683064590062,-485.7530821084398,-2.9615998715049514,-179.226293761385,6.264622659842797,177.42743685619047
139.37964428992208,-485.7030947190135,-3.0879934847876473,-179.227141466602,6.2753317011695495,177.42505524735984
139.3923670572697,-485.65844515623576,-3.0366093202925657,-179.22751558067972,6.287091466852573,177.42250162466416
139.4040693699247,-485.61549817479164,-3.1231067511647694,-179.22754206204277,6.299611310605143,177.4195841283543
139.41622249208348,-485.5735025111282,-3.031826404259195,-179.22715181143164,6.313173416192045,177.41628327361298
139.42829293173892,-485.53656104934845,-3.122686530752179,-179.2261363042622,6.327487791919158,177.41270422344834
139.44058583308527,-485.5011558176242,-3.035768879467385,-179.22450140051194,6.342341108526225,177.40880523357345
139.45192706106178,-485.47082803965105,-3.085532439812374,-179.22257550362795,6.357576445497161,177.40479419812422
139.4612722124553,-485.44194708082597,-2.963959693643609,-179.2202761459098,6.372251721546516,177.40070456128535
139.46761946193465,-485.4180329039116,-3.020137161523764,-179.2177049607868,6.386007241563558,177.39668002977126
139.4704004145941,-485.3954521961176,-2.8985368516261425,-179.21461672106477,6.398251157805777,177.39282593063447
139.47078588989623,-485.3777259966586,-2.916243158399003,-179.21083027529434,6.409045014465354,177.3892211299958
139.46863167630036,-485.3612228048145,-2.7561716873940854,-179.20653517748465,6.418435232891742,177.38592146363413
139.46517705151825,-485.3494655932218,-2.7714555323107697,-179.20187088604422,6.426787769752967,177.38296760655678
139.4606901436069,-485.3388247913553,-2.608961599449676,-179.1983853319781,6.434041248989196,177.38062730193866
139.45647125953778,-485.33282527394954,-2.5941290344700265,-179.19480372803451,6.440151638429996,177.3783816827281
139.45236598214387,-485.3278393399057,-2.401518691712599,-179.19115487116207,6.445418330563534,177.37620749558906
139.4479311455857,-485.3231270335962,-2.401544102393239,-179.1868181611257,6.449567407612072,177.374206735691
139.44349347042575,-485.31853647230105,-2.223791735296101,-179.18198088028913,6.4528932121964555,177.37233493422292
139.4345974522588,-485.31830221465833,-2.2210794402284133,-179.17662081400428,6.454289660703051,177.3709184772048
139.42123850885994,-485.31894254941034,-2.0405893673829474,-179.1707203584496,6.453610451242818,177.3700754207451
139.4034791964986,-485.3240153623248,-2.0649485166078088,-179.16459064005755,6.4500870296819866,177.37001094074512
139.3855030538984,-485.32990252419927,-1.911529888054892,-179.15829824422335,6.4446463178443265,177.37039836302003
139.36814987261178,-485.3401354940079,-1.948918289303753,-179.15237214483895,6.4371448737697365,177.37123594703226
139.35116808438843,-485.3510920898328,-1.8085289127748363,-179.14671993049498,6.427808227338353,177.37276201624388
139.33244876021024,-485.366304250387,-1.8565677172853867,-179.1412735893712,6.416638065086594,177.37502984031795
139.31200371478496,-485.38215117315906,-1.7268287440181593,-179.1363048409121,6.404133253599671,177.37795871322533
139.29150429908964,-485.4021663365843,-1.7623679359432394,-179.13217252151682,6.3906608147282835,177.38136975183454
139.27334066769683,-485.42273048803804,-1.6201293500905416,-179.12881725660782,6.377152091276174,177.38501223547965
139.2583665203666,-485.44737863583237,-1.67175299183471,-179.1268365918909,6.363957655774604,177.3889403188323
139.24670901327758,-485.4724930314596,-1.5455988558011011,-179.12731106123906,6.351666759823875,177.39283612811863
139.2342361854487,-485.5016101608044,-1.5940693655280802,-179.12782020715105,6.339224495895719,177.3964665845925
139.22095635146763,-485.53111372660874,-1.4647620974772817,-179.12755255219125,6.3266822885742755,177.3998992219315
139.2081146516728,-485.56454164010245,-1.5464562901570755,-179.12655370339655,6.313912604726484,177.4033028517828
139.1971876606678,-485.5982790039199,-1.4503727050590915,-179.1248595336552,6.301316344478347,177.40668218402772
139.1843332397373,-485.6358651041833,-1.5203028126145843,-179.12362052337053,6.28852956932351,177.4105189163993
139.17292059569715,-485.6736863938655,-1.4124551423922995,-179.12399817580766,6.276108671481675,177.41444766510168
139.16565639797255,-485.7152834853116,-1.5093861464220002,-179.12604282299418,6.264628457800791,177.41832128911443
139.16343542476756,-485.75704413403207,-1.4285393726739228,-179.12978989331052,6.2548402838056525,177.42191282291125
139.1663631280854,-485.8025102316479,-1.5080675829217438,-179.135263854304,6.2474571950680575,177.42529429807522
139.17151270603844,-485.84807079009886,-1.4143167668631023,-179.14248111382872,6.241844398264871,177.42815961337493
139.1770334204765,-485.8972689349967,-1.5249580917295626,-179.15097037693457,6.237534804699632,177.43064386449396
139.18296051205067,-485.94649489023425,-1.4578216388182452,-179.1608666744327,6.234184724258724,177.4328464603239
139.19052902708302,-485.9992929717319,-1.5496180632288494,-179.17274955599848,6.2323679312916065,177.43495966219
139.19872885237098,-486.05205457243363,-1.4641293155634978,-179.18639870331918,6.232171386287905,177.4368863189699
139.2073489866393,-486.10832515643284,-1.5809923851397851,-179.20261631295142,6.233493864497379,177.43903357454715
139.2159305852385,-486.1644972443413,-1.5200776769382947,-179.22214660151465,6.236094450860329,177.44181713834865
139.22561442730165,-486.2241174077814,-1.614297635122206,-179.24489238325967,6.240126004903505,177.444707520569
139.23661477008153,-486.2835792551145,-1.5369471936248842,-179.26965419708756,6.245368684975253,177.44743544484567
139.24525618590746,-486.3464304262863,-1.6634625828774046,-179.2965142017195,6.251164197307891,177.45039914180867
139.25289224953974,-486.4090655789025,-1.6122001943521473,-179.32440900404805,6.257029301731996,177.45329488212215
139.2593955298283,-486.4750333834149,-1.7246975680141057,-179.3519125293076,6.262444226930356,177.45613821356793
139.26681354012845,-486.54072950953116,-1.6594171638982862,-179.3792664482497,6.2681855407629925,177.45870058443833
139.27595344028444,-486.6097036217301,-1.7840821552295483,-179.40696811907543,6.274657102870693,177.46117552877934
139.28366328427603,-486.67835236599433,-1.7309693687830323,-179.43811085090846,6.28231798343601,177.46453882704827
139.29015613258684,-486.7502263656421,-1.8381220823113058,-179.4714275672741,6.29034999897641,177.4684314841548
139.29836657236336,-486.8217232083715,-1.7702403847570403,-179.50566714632689,6.298977707262503,177.4721115442692
139.30844820417838,-486.8963944423985,-1.8974599086518744,-179.5399112783911,6.3083634767102925,177.47563242875822
139.31876069119306,-486.97063856380106,-1.846901654768931,-179.57428831010182,6.318627481437152,177.47915256589124
139.32979401609902,-487.0480080129521,-1.9418351425029337,-179.60857224419183,6.329691735142237,177.48254991484134
139.33999325685124,-487.1291688288205,-1.8662566564043972,-179.643399209863,6.341333003205841,177.48609242148044
139.3494699582376,-487.20993363087337,-1.9717231184271828,-179.6803587747242,6.353552400671855,177.4902164504189
139.35579092755327,-487.2937372418672,-1.899411802672191,-179.7198129482671,6.366019564679669,177.4950014854623
139.36221218555787,-487.37695674107067,-2.004974227194515,-179.7597778755779,6.378326675561239,177.49990967161816
139.36650706563083,-487.46314251837185,-1.9327588739390618,-179.7991182757164,6.390011252273892,177.5049038057577
139.36949425404535,-487.5486957980154,-2.0283800076285754,-179.83732394223955,6.4008982509722605,177.50995652918823
139.37012230855962,-487.63717248703915,-1.9462233635403114,-179.87626884351897,6.411190681794644,177.5158815045669
139.3706802706296,-487.7249755228061,-2.035762315729233,-179.9166830103741,6.421203280680575,177.52267908695163
139.37162694541686,-487.815661740302,-1.9475234901403766,-179.9589422705031,6.431495991614097,177.53023142773426
139.37222723226174,-487.9056348346059,-2.022843403585525,-180.0026770352461,6.442150302306134,177.5383305448169
139.3715177041052,-487.9941856869303,-1.9203855392528957,-180.04745496135968,6.452729648989355,177.54682343197095
139.3693225262377,-488.0854593676256,-1.9874178743854312,-180.0929580698773,6.462915729313505,177.55571664572219
139.36604010540216,-488.17597949942524,-1.876672431740189,-180.1395943093948,6.472804360014048,177.56489552723244
139.36217625262486,-488.2650615240157,-1.9357455334047968,-180.18718183498814,6.482794959985545,177.57439485053797
139.35948306603208,-488.3568556494813,-1.817040857291627,-180.23558467034772,6.492851456889099,177.5844780539838
139.35706231577439,-488.44788667867084,-1.8729530902198863,-180.28454237479332,6.502947339101137,177.59498047335163
139.3539091478985,-488.5417370917456,-1.7510875453703676,-180.33370346527585,6.512899574199653,177.60602098224504
139.3498330082199,-488.634816620167,-1.7941703628664887,-180.38329000677166,6.522572288317054,177.61732716522712
139.34439646816725,-488.73068484058683,-1.659475402584832,-180.43346624652924,6.5318660890802,177.62893723704488
139.33958827883166,-488.8257473402715,-1.7002164464595986,-180.48387033057676,6.540873758893991,177.64064072950055
139.33538480944338,-488.9192966958136,-1.5631797125565874,-180.53423491902888,6.549828925860643,177.65240232731958
139.33177273338697,-489.0154796094706,-1.5901630332022223,-180.5843657755213,6.558572297257645,177.6640751920959
139.32586452996753,-489.11082129997857,-1.4393685760700796,-180.63412066781527,6.566656580017884,177.6760317212056
139.3187597955241,-489.20890544181395,-1.481983805264286,-180.68387562645947,6.573919678415377,177.68866386502273
139.31069368887685,-489.30614309945315,-1.3468212566807145,-180.73342640713057,6.580408785526059,177.70189934216415
139.30090735908337,-489.4060951913445,-1.3764563228532065,-180.78198163437193,6.585499642042313,177.71568460998594
139.28968239023996,-489.50516862922376,-1.2283136112479207,-180.82928185111837,6.589395256250195,177.7299799151797
139.2775080042545,-489.60265729185085,-1.2778684177339112,-180.8756196821981,6.592080229997086,177.74475565195277
139.2649062149969,-489.70270916067005,-1.149645446442124,-180.92137057460573,6.593544347429254,177.76011057122906
139.2511643927543,-489.8018507108156,-1.1860638361283715,-180.96681037786055,6.594111868792906,177.77611479774612
139.2373900031644,-489.9036668507355,-1.0447044480368417,-181.01198165813378,6.593856048576213,177.79305917914954
139.2229836692014,-490.00456985684247,-1.1092104212072422,-181.05627409152692,6.592831338596348,177.81115439024168
139.2078345031135,-490.10812183787783,-0.9959386165998652,-181.0995608883783,6.591078353643472,177.83031745847347
139.19234155874054,-490.21073087461303,-1.0399275507104482,-181.14207174127966,6.588462191919236,177.8502465881026
139.1733024250305,-490.31595866063236,-0.9146373364962319,-181.1828522256373,6.583894470484201,177.8710771146412
139.15341416557698,-490.4202136235519,-0.9910862459390102,-181.22152574596566,6.577734332124745,177.8926692606676
139.13528160288695,-490.52705795126764,-0.8897573776040107,-181.25797800509895,6.570577230365922,177.91480073463302
139.11981317599674,-490.6329005881707,-0.9668196950503434,-181.29244715956992,6.56269538398246,177.936831598888
139.1063295716712,-490.7370375694086,-0.8661042347188983,-181.3257531758179,6.554454397626603,177.9587690996982
139.094256032009,-490.84361902689136,-0.9650704675389805,-181.35785484091016,6.54628803394553,177.9806186339815
139.08386821784356,-490.9491735544501,-0.8862589225812848,-181.38856300256367,6.538018319215902,178.00250334878126
139.0739652865789,-491.0572881427432,-0.9801795624222289,-181.41822196555174,6.529680164574872,178.02439440954663
139.0651232846946,-491.16437711348294,-0.896322424485395,-181.4467633748847,6.521629899025161,178.0461515541883
139.05579611049097,-491.27400458423926,-1.0213807808138067,-181.47462165250678,6.513632574600684,178.06755115398846
139.04814899941218,-491.3825806087482,-0.9686613593644406,-181.50179242618296,6.5058465157342,178.08878864348281
139.04218043764922,-491.49366881832566,-1.0908960814515,-181.52827487849999,6.498387639218127,178.1097692632067
139.03786447196117,-491.603679543714,-1.0353530257607817,-181.5540690218627,6.4913406598714785,178.1306619734369
139.03394040811122,-491.7161768419479,-1.1913763110991515,-181.57917547719813,6.484602002430718,178.1514716454071
139.03056120020366,-491.82757149317604,-1.1696218186597436,-181.6035935333533,6.478258993194221,178.17196370294488
139.02733902333037,-491.94142800218555,-1.3090089989799614,-181.62748505850408,6.4722117642046175,178.19220462807
139.02460474584612,-492.0541575901787,-1.2733074390614922,-181.65113100178488,6.4667174827107266,178.21248161971457
139.02283004685282,-492.16932519538386,-1.4431121403024239,-181.6745758330781,6.4619642465194636,178.23288792503638
139.02086183705447,-492.28334246475737,-1.4351390637655776,-181.69785234239708,6.457924001982298,178.25337092145014
139.02134869519003,-492.39977475468896,-1.58530588384067,-181.7208229475933,6.455071542653281,178.27389195089003
139.0231409760411,-492.51503412283097,-1.5661369099777878,-181.74403058256155,6.453588661329643,178.29430174141183
139.02516885121875,-492.6326863289349,-1.742660680355721,-181.76755141035378,6.453275010882239,178.3147327035799
139.02968078214803,-492.74914382681095,-1.7414066729558766,-181.7912810054811,6.454315075211135,178.33528014187775
139.03462535454332,-492.8679727652939,-1.902834281342367,-181.8151426036807,6.456346939207694,178.35589473161448
139.04164124353554,-492.9855859803287,-1.8864841119510798,-181.83924157160158,6.459930983525874,178.3766593527711
139.0489716143148,-493.10554999606006,-2.0561307483723166,-181.86365318934656,6.465146107596072,178.39775376175015
139.05584818284487,-493.22427801704026,-2.0479996070157758,-181.88891416219127,6.471552721151911,178.41907126454657
139.0625361908393,-493.34533692943853,-2.2009432561087445,-181.91477554124432,6.478827398896279,178.44053342058436
139.06950381283514,-493.46514029336635,-2.1761091274239353,-181.941054230291,6.486732190665352,178.4622016893049
139.0772495958962,-493.587255344202,-2.3489229177111635,-181.96761558783166,6.49509203957097,178.48412273553166
139.0879172933668,-493.7080959850295,-2.3439589302206136,-181.9946824032834,6.504933721622138,178.50620966655526
139.10107276646636,-493.8312297880748,-2.473120427154348,-182.0224176062562,6.516183999818219,178.5282777247134
139.1141280279632,-493.95307098725357,-2.4479420195183383,-182.050778306564,6.528622581606618,178.55043321560743
139.12615446119818,-494.07292081304854,-2.589240570394705,-182.07941249540613,6.541590862845571,178.57275224118249
139.13451697506372,-494.1949344999777,-2.552761343493294,-182.10822178989443,6.5544400629871635,178.5949313530565
139.14038332708034,-494.315645653364,-2.69891513398156,-182.13713388692818,6.566859848812787,178.6172281467836
139.14484568083185,-494.43864618586025,-2.667291146692048,-182.16609567285343,6.578788357663744,178.6395914211641
139.1481424370103,-494.56035525327184,-2.7887131767312723,-182.1952281534894,6.5903459936143,178.66186445844656
139.15074851980853,-494.68434172093004,-2.7323574289927195,-182.22461991470826,6.601786715983717,178.68428974582395
139.15317940364199,-494.8070203055419,-2.8644569653186354,-182.25401568901123,6.612966198862638,178.70692586079332
139.15471756400132,-494.93195921811895,-2.8187787238667736,-182.2833882766654,6.623944168797079,178.72981557278348
139.15523397027408,-495.05557328731015,-2.913904553067772,-182.3128777518103,6.634764604376739,178.7529900206227
139.15553868128472,-495.1771643210623,-2.8410115466399732,-182.34242673158164,6.645459896597933,178.77635267524198
139.1553860529086,-495.3008881196912,-2.9392879761470345,-182.3718330823192,6.655888576763165,178.79971347025148
139.153910349592,-495.42327884393706,-2.8597866278763178,-182.40110869945357,6.665948915927213,178.823052136396
139.15095901906778,-495.5479289518948,-2.9500808670275744,-182.43010242250816,6.675564862500024,178.8464729403363
139.14693320424732,-495.6712581350596,-2.8625973284010535,-182.4587018732615,6.684515706997863,178.86993316016776
139.14316041526726,-495.79683578488294,-2.925788361066666,-182.48698676925994,6.6933015203345025,178.89352232034625
139.13866877778744,-495.92534380146276,-2.8112016159545012,-182.51501584964169,6.701793167874407,178.91718506863683
139.13492036278515,-496.05261022182475,-2.8807081937482883,-182.54283241716638,6.710226879032227,178.94099985910003
139.1317845697362,-496.1778183116313,-2.7724369937642974,-182.56998663831368,6.718610606877711,178.96478586734273
139.12840523235684,-496.3051006647163,-2.809444798190598,-182.59663100169877,6.726619561424952,178.9885296255053
139.12091502557632,-496.43098763254636,-2.679469553174124,-182.6222360077352,6.733685229816107,179.01222129471296
139.1118878389676,-496.55907179756076,-2.7218404308594613,-182.64689605837728,6.739887541098673,179.03585370609215
139.10350297638053,-496.68577376055407,-2.5864335307670205,-182.67084122168512,6.7457818773360225,179.0591816551426
139.09701027442125,-496.8146639663361,-2.6068013508717867,-182.6944008496916,6.751610459130225,179.0822655958639
139.09057767857098,-496.942158715527,-2.4493913931987747,-182.71781680991884,6.757385640037858,179.10526918919655
139.08301481197236,-497.0718277814112,-2.4698245452281884,-182.74094659958777,6.762951193467865,179.1283143023612
139.07574411866014,-497.20008752836367,-2.312479919479824,-182.76352419325647,6.7681927395890105,179.15148848996873
139.0694583765323,-497.3305079395731,-2.307497873105748,-182.7858385519973,6.773357354531549,179.17473673288984
139.06345902186274,-497.45950561556344,-2.1275047256630337,-182.80777825902769,6.778460962507605,179.1981377290472
139.05718982439566,-497.59065077756253,-2.140489670542554,-182.8291037195086,6.7831846288344835,179.2215108322479
139.04849004251085,-497.720360261126,-1.9756968376442963,-182.84947799877727,6.786800583581897,179.24472359341084
139.03819587397373,-497.8522045185695,-1.9756851593734324,-182.86881485690873,6.789270335655705,179.26791724795842
139.02690790072532,-497.98260061246094,-1.7992624836359667,-182.8873737512212,6.7904013437670265,179.29095716329513
139.01558170659868,-498.1151192180844,-1.8373397383606502,-182.90454386416036,6.78988826763198,179.31374296773024
139.00440895194615,-498.2461776169965,-1.697639215307556,-182.92068027510317,6.788004652450606,179.33620305901132
138.99219378658796,-498.3793466995595,-1.7119600747677297,-182.93572251666114,6.784952316293198,179.3582852183428
138.9807651992182,-498.5110439585674,-1.5564238118239773,-182.9499489964555,6.780882075718838,179.38007059899178
138.97006713402206,-498.6405738251807,-1.5985819764935634,-182.96340460519676,6.775903656563669,179.40161897715748
138.95966732352116,-498.7720946774342,-1.4629623633853714,-182.97596117018017,6.769932998377377,179.42273617716597
138.9490644057087,-498.90640987469493,-1.5013845915746555,-182.98768727501673,6.763074672153317,179.4432784090147
138.93857166348724,-499.0393736803738,-1.3620290419861618,-182.9987939525413,6.755571485658202,179.46338073778466
138.92496307538445,-499.1701761669444,-1.4230543981864547,-183.00911473299038,6.746610071130089,179.48290438000458
138.91339064024731,-499.30295275432877,-1.3063019766089699,-183.0185300148904,6.737248588412912,179.5021054088503
138.9048540214475,-499.4342357837442,-1.3638395210634526,-183.0274328953816,6.7277673770083934,179.52105278697374
138.89869042004918,-499.56761963181424,-1.2435992877401578,-183.03611210116816,6.718206792309961,179.53979731245363
138.8922659711288,-499.699526628887,-1.3370896855065588,-183.04429956398837,6.708100498826835,179.5582573064167
138.88341672264423,-499.833528911802,-1.2528023054951822,-183.05179735977742,6.697603002273586,179.57625401282834
138.87420837022526,-499.9660444416395,-1.3267351139525203,-183.05878273503626,6.68682795457696,179.59389497796326
138.86793560469826,-500.10064462221493,-1.2373477977008704,-183.06538612601716,6.6758589471953655,179.6113784964151
138.86768139143715,-500.23374741925863,-1.3443558227860737,-183.07170352551336,6.665914786273579,179.62849279083855
138.86822383744004,-500.3646577220381,-1.2735860700934991,-183.07796736023232,6.656731018676469,179.64544021937945
138.86645212273035,-500.497534357214,-1.3938429898117504,-183.08386456848382,6.647451702866432,179.66225021522555
138.86424277359848,-500.62891445783566,-1.3363221317522238,-183.08948767536293,6.638110566647635,179.67894448487692
138.86033287499205,-500.7623934012264,-1.4683917264419095,-183.09474477625173,6.628401732027941,179.69529904930138
138.85983625171534,-500.89439374597623,-1.4226835433538174,-183.09988879976908,6.619423881989474,179.71162995916882
138.86331823548005,-501.0242210327613,-1.5634930841869885,-183.10494532741532,6.6118149565106075,179.7280481171079
138.8646699746617,-501.15603394209705,-1.5265248472423818,-183.10977319673154,6.604391783642541,179.74439655193692
138.86680844019176,-501.2863693034545,-1.688957649112936,-183.11442909183302,6.5974403166204985,179.76079843565424
138.87195028170393,-501.4145554967436,-1.6736126732057128,-183.1191147339369,6.591336946300672,179.77722493577082
138.8800854477777,-501.54048876389237,-1.8280262236783438,-183.12365802549402,6.586687605447198,179.79365488658007
138.8891142452907,-501.6684470615691,-1.804661996373197,-183.12809288816882,6.583274018949808,179.81019187460768
138.8977826928603,-501.79499051400677,-1.992171853985697,-183.13260429422974,6.5802736866126565,179.8267926570505
138.9054344525202,-501.9237179349619,-2.0019039338204188,-183.13716782196843,6.577909740955089,179.8433063547023
138.91277404957188,-502.0510513596337,-2.175442421118845,-183.14176551580172,6.575849246814246,179.85974151133166
138.92035749538832,-502.17629502078677,-2.1712031306394937,-183.14638417793208,6.574343782002682,179.87634268440533
138.92747119083938,-502.30360615272184,-2.362036459849425,-183.15133588911397,6.5734120102235325,179.8930508462732
138.9343897636599,-502.4295201316037,-2.375092011281579,-183.15668743474592,6.572901774909735,179.90982261489077
138.94076024780753,-502.55763056995295,-2.5425641641029157,-183.16232743537847,6.572866453213031,179.9268661202193
138.947341178446,-502.6843582850725,-2.5350308353498456,-183.16817395634422,6.573344766232592,179.94409374935336
138.95428126959135,-502.80900710582,-2.7206665634922143,-183.1741667286468,6.574362875099174,179.96156020027445
138.96201582265292,-502.93573403113135,-2.7285245138568053,-183.18058142502102,6.5762719292679135,179.97918626143857
138.97020993223194,-503.06107423886215,-2.8826154589991577,-183.18713983042875,6.578997979721195,179.99703281361542
138.97755808133377,-503.18862115345576,-2.8662791433933803,-183.19395779276738,6.582651404293849,180.0151443067108
138.98216675355297,-503.3147954088588,-3.0332224344132612,-183.20112181422212,6.586650989065535,180.03355310181922
138.98657265150183,-503.43890065412467,-3.0223879476553646,-183.20837146656518,6.591231536130046,180.05228266614156
138.991698444048,-503.5650937116527,-3.1689944993143144,-183.21567747075758,6.596399383945238,180.07123081271914
138.99812731535303,-503.6899095859261,-3.1378232731954863,-183.22350008319134,6.602654658668428,180.09032241015362
139.00678048068454,-503.8169415311143,-3.2685067516857136,-183.23201636601326,6.610526708435506,180.10962312346322
139.0178105486922,-503.9426100139318,-3.221412452398163,-183.24151554820176,6.619908062523865,180.12917914333607
139.02956979182346,-504.0662185191862,-3.334458169368498,-183.2518870795416,6.630718567466419,180.14926233822652
139.0408969607438,-504.1919237079644,-3.269726108561055,-183.26288911445346,6.643063507030988,180.1698333875122
139.05156595064173,-504.3162604263181,-3.3684921330317126,-183.27450373906484,6.656357392038755,180.19086480019948
139.0594857902122,-504.4428217728146,-3.2894803797245924,-183.2865572720118,6.6698393535848615,180.21221511812553
139.06550938422106,-504.56802806134516,-3.372038233472662,-183.29892195682,6.683116587293264,180.23389943294407
139.07065739355835,-504.69544929329004,-3.276818309442954,-183.31166560660662,6.6962318852684986,180.25592851498172
139.0747357364952,-504.82150130084125,-3.3383029344544006,-183.32451405857762,6.7093821056634315,180.27819084490713
139.07730836527466,-504.9497533905174,-3.2220097816880697,-183.3372679446376,6.722050246748015,180.30060443454585
139.07954326272443,-505.0766214668988,-3.2806261103788,-183.35010114557525,6.734518935768489,180.32298991367242
139.08208949536674,-505.201408394646,-3.161464661291753,-183.36298110346678,6.74683027666282,180.34545399133086
139.08384044862777,-505.3282710119161,-3.1918799924792953,-183.3757239009397,6.758849952183851,180.36783662873253
139.0845861102328,-505.45374449875635,-3.04451754588906,-183.38851478717459,6.770479722275111,180.39013964760156
139.0830649974305,-505.58142231436443,-3.074972229802438,-183.40149134660268,6.781319001922235,180.41212445464097
139.07946771890659,-505.70772513345963,-2.927649135938038,-183.4142707538752,6.791238286995084,180.43397725317686
139.07550636853293,-505.8362233131585,-2.9266074867621357,-183.42689422342715,6.8004740922378435,180.45571382076702
139.0678307652168,-505.9633330353113,-2.7598008224948245,-183.4389103400111,6.808043136000545,180.477224942048
139.05787703100384,-506.0926239499064,-2.771947041997777,-183.45031038342597,6.813888937750081,180.4985516150389
139.0463772348314,-506.2205122988713,-2.6063154837229514,-183.46124850647828,6.81796983242174,180.51948584668554
139.03473177892374,-506.3505679448583,-2.5931978275455316,-183.47151638737756,6.820587501107694,180.54011367980712
139.02322281533085,-506.48347403661785,-2.417527260102163,-183.48096363035935,6.8217991439208525,180.56049848482533
139.01108349990534,-506.6150599975602,-2.445825192093536,-183.48963889687457,6.821317290744795,180.5804487271855
138.9989907621549,-506.7487771542279,-2.2963453463071315,-183.49774033596628,6.819593968823913,180.60006255671436
138.9866686588764,-506.88101879492376,-2.2977807270872788,-183.50525376700156,6.816467546109645,180.6191722489851
138.97365459685003,-507.0153512290908,-2.138515917758667,-183.51232931352345,6.811984295189307,180.6378952542068
138.9606872319562,-507.1481913162217,-2.1707792349977604,-183.5187574553608,6.8061793553631125,180.6563180462545
138.94832429790074,-507.2831103193729,-2.025264774459076,-183.52454334208122,6.799245003619136,180.6745043061595
138.9370794117417,-507.4165262576833,-2.0508752075140295,-183.52985309870544,6.791819247003669,180.69238183248433
138.92662872909847,-507.54774411190294,-1.8987078627912053,-183.53448897347548,6.784039727488324,180.70989795193813
138.91484285242265,-507.67665613982217,-1.9323666756992952,-183.53878654744153,6.775677030308192,180.7270143586914
138.9025468916308,-507.80754025363984,-1.788247710829607,-183.54267221408557,6.766728769682489,180.74370331710276
138.89319845656925,-507.94122398835174,-1.834911604348587,-183.54625236143423,6.757359049872811,180.7601830898781
138.8845724821746,-508.07356636745993,-1.7037977200897887,-183.54960527894642,6.747688588634715,180.7764948111668
138.87580301377142,-508.2080249393889,-1.747981011138649,-183.5526268030963,6.737806179647992,180.7925496842797
138.86795090122826,-508.34099445019245,-1.614386524409731,-183.55556439742568,6.727611793342486,180.80840193106533
138.8603939343466,-508.47604169350615,-1.6825701427025048,-183.5582760542473,6.717363018679921,180.82397238321386
138.8604008067929,-508.60958381141694,-1.5729759832175003,-183.5606596132016,6.7084043581329915,180.83944145667104
138.86274168269665,-508.74519230523686,-1.633738075078283,-183.56280044833414,6.700730411191347,180.85470332435594
138.8642840668346,-508.8792854201043,-1.516722389161288,-183.56476138303282,6.69334585329086,180.86979967503655
138.86358970537836,-509.0154350237698,-1.612255010978327,-183.56642864769358,6.685518744738689,180.8846403387134
138.86040275905503,-509.15005957527603,-1.530009855017588,-183.56787907231353,6.676878056471773,180.89916119577535
138.86004973232826,-509.28673112272907,-1.604974631773092,-183.5691691916372,6.668309757025838,180.91343462055787
138.86273428812314,-509.421868296252,-1.5116575736724098,-183.5706606069709,6.660627047870352,180.92751390751343
138.86434551340656,-509.55904331074345,-1.6241198395198497,-183.57213831367608,6.65310637844711,180.9416783118075
138.8657191573837,-509.6946749598891,-1.558804327589512,-183.57360465386995,6.645711223200336,180.95589254490153
138.867847082163,-509.83233561917774,-1.6607204855550057,-183.57522135520867,6.638580018487635,180.9700097953528
138.87215071039475,-509.96844424000733,-1.589103506527446,-183.5769468843191,6.631977605237442,180.9838051543101
138.87806027215993,-510.10230668609324,-1.7306271049809026,-183.5785906866585,6.625934174538202,180.99747130807495
138.88297497353113,-510.23808274244163,-1.6943729256565816,-183.58001309487477,6.619811814092502,181.0110305636731
138.88597636040404,-510.3723104835968,-1.825937084446368,-183.58127188303794,6.6134716805975735,181.02426115238848
138.88814173131954,-510.5085862116168,-1.7804861489290547,-183.58240956423933,6.606812149207428,181.0374771804221
138.89134288043496,-510.647600059989,-1.9441308980708987,-183.5832956446188,6.600418534499804,181.0506707830419
138.89552699106966,-510.7851844465882,-1.929997869434965,-183.58399643010188,6.594556275239102,181.0640762127115
138.90190329776806,-510.9247928517788,-2.0736999241112453,-183.58472248751826,6.589915554203263,181.07786328850239
138.9086273584284,-511.06282051892515,-2.0502914621447945,-183.58546643230136,6.586174752951023,181.09191798293702
138.91655733879614,-511.1985689783076,-2.227104430151217,-183.5863828332025,6.58309721803009,181.1060373268709
138.92461572116235,-511.3361976180483,-2.2261396203798616,-183.58742488734492,6.580674147338713,181.12019152990965
138.93094073137908,-511.4722449087621,-2.3940049825651752,-183.58855816092728,6.578567837589624,181.13411871477814
138.93682911146502,-511.61030770153593,-2.3840925669727113,-183.5897573214113,6.576695691473546,181.14786703993522
138.94049308634138,-511.74681003500234,-2.577176949088615,-183.5910037330361,6.575162262818223,181.16159286945938
138.9436600703109,-511.8853255767535,-2.5924835534267405,-183.59228368757604,6.5738785900151475,181.17529000144867
138.9479146145493,-512.0222737613456,-2.7465934907324203,-183.59390888029415,6.573440545879546,181.18919213557288
138.95314749510115,-512.1612274336584,-2.7396326284526498,-183.5959458030605,6.5739519076948785,181.20335135825457
138.9597353975034,-512.298605973509,-2.9105182279252784,-183.59812285059755,6.575489712663726,181.21792474879157
138.96650060966383,-512.4379823254114,-2.9036260496201294,-183.6004007211464,6.57777887567407,181.23290979718647
138.97279440075846,-512.5800426649419,-3.065036473921521,-183.60291050379678,6.580616999769944,181.24830251907855
138.97849372927772,-512.7206193882799,-3.048669120445134,-183.60574812440368,6.584185839218234,181.2639805191158
138.9839931081652,-512.8589000749811,-3.211887232162817,-183.60898541496036,6.588452697623231,181.27997289823722
138.98978495040436,-512.9990215623661,-3.1973275661027216,-183.61251291922198,6.593723643833453,181.29630071768338
138.9959635791131,-513.1375183709562,-3.3317236320819412,-183.61641011130786,6.599726235815319,181.31297912419484
139.00418680239633,-513.2779871780652,-3.2883419202833823,-183.62105672140524,6.606919587947963,181.3300189137484
139.0147571031967,-513.416852606288,-3.415491860321749,-183.62608699661317,6.615641103433726,181.34754857105324
139.0256464863335,-513.557689050421,-3.3648640225823376,-183.63139415487979,6.6254755195868995,181.3654218827914
139.0364448147108,-513.6969166905307,-3.471593349798115,-183.63706142102652,6.636778654526261,181.3838886537258
139.04665891146593,-513.8381091100651,-3.400544899236114,-183.64298772871544,6.6489834693444365,181.40277421316327
139.0562002280761,-513.9776864155178,-3.497088520984159,-183.64925873237289,6.662004000682792,181.4220709858946
139.06547128993216,-514.114955598699,-3.415854364954426,-183.65561693884845,6.675776483663646,181.4417712734657
139.07373511240212,-514.2540775512649,-3.4812089862325677,-183.66251522009603,6.690253488975237,181.4616308494414
139.0816799570753,-514.3915914343825,-3.368785829732931,-183.66996342437082,6.7052342755468715,181.48158958395743
139.0894480128426,-514.5310946172727,-3.426285140432519,-183.67780828490623,6.720571185454473,181.501603293639
139.09830223181345,-514.6690116148496,-3.306006673354329,-183.68593705349005,6.736484508555198,181.5217586395889
139.10766020119956,-514.808916555843,-3.3245096471540556,-183.69442679573731,6.752971722821458,181.54199993627253
139.11616271843752,-514.9472293263586,-3.165234843176004,-183.70285370556687,6.769536246418653,181.5624053823416
139.1235518872229,-515.0875232144871,-3.181911976573351,-183.7112270477036,6.786142739504223,181.58279395534132
139.12855818480614,-515.2262180352845,-3.020811332192921,-183.7195536638948,6.802434582220749,181.60315203158078
139.1309615963611,-515.3668871607201,-2.997766462490742,-183.72767683517822,6.817819866362004,181.62335053635053
139.13198891552383,-515.5059505195215,-2.797597759264322,-183.73596537071035,6.832691998406603,181.64341406781605
139.13190507211337,-515.646981601671,-2.7718682451431533,-183.74436780577105,6.847174599240725,181.66336078460827
139.13160018862789,-515.7906671197662,-2.568360953244207,-183.75300629832154,6.861358670430868,181.6832041068918
139.1341318776925,-515.932839997682,-2.536085572951902,-183.76132844326006,6.876137878485479,181.70307307913802
139.1417157639116,-516.0726883332982,-2.326032414881819,-183.76941120248762,6.892330605389095,181.7223458667149
139.16047600762423,-516.2143494730147,-2.267336394027913,-183.77715122751897,6.912189074802511,181.74032876527866
139.18120471048056,-516.354358437342,-2.0389821065512286,-183.7846330341175,6.93471810341697,181.75734976043407
139.20367496361388,-516.4963123946541,-1.9925662101359154,-183.79207883003718,6.959679738531203,181.7736502299832
139.2265846165358,-516.6366364498372,-1.7683725359428244,-183.79981337741827,6.986568430291834,181.78916782478146
139.2492563232406,-516.7789054713651,-1.7233518555838834,-183.80791280071782,7.0150117292004825,181.8043375180115
139.2723811097621,-516.9195401045224,-1.5005533974471645,-183.8161126002035,7.0447351237519795,181.81935771036416
139.2969102930609,-517.0578477230009,-1.4633523611132238,-183.8242187201817,7.075701500979743,181.8338958063469
139.32055016288604,-517.1979895635251,-1.2483735470015052,-183.83208715863668,7.10755187316812,181.8479483311286
139.34449729186778,-517.33650512006,-1.2117111363281194,-183.83961430314042,7.14002219688567,181.86163227922975
139.3693990690687,-517.4769920874373,-0.9972709478769559,-183.84720625239592,7.173083622547974,181.8747955520335
139.39372695063767,-517.6158753001139,-0.9693954281216078,-183.8549989767367,7.20638380170251,181.88768440671
139.41471761209795,-517.7567292006032,-0.7637421305884821,-183.86309200927397,7.2390027999254345,181.90095789800014
139.43309785124018,-517.8959739831815,-0.7400094677926913,-183.87139807401527,7.270764381911201,181.91473987970357
139.4494608202954,-518.0371832386031,-0.5384990272191228,-183.87985297920423,7.301372959472397,181.92912072594856
139.4647769508845,-518.176777079183,-0.5147715709802783,-183.8884095185835,7.33077812616441,181.94428706766072
139.4776107732564,-518.3183291688396,-0.31326633696365597,-183.89687298388955,7.358778653626407,181.9600159581895
139.48853360851112,-518.462526389703,-0.3135016910713834,-183.9049388940172,7.385064667406426,181.97578429216998
139.49891889935213,-518.605201831889,-0.1359592674013331,-183.9127060939828,7.410070005807412,181.9915675350515
139.50987031272956,-518.745543756495,-0.10809668089405682,-183.92056911342956,7.434279288629639,182.0072285704668
139.52077919717956,-518.8876896702128,0.07906207661991901,-183.92849541114526,7.457717944664935,182.02326428837537
139.53111376059857,-519.0281747509802,0.08145477365963538,-183.9361392895491,7.480239973362228,182.0394414083631
139.54036514602052,-519.1705963217865,0.26162524847712954,-183.94324926589897,7.501739122430587,182.0558269546578
139.54885765391708,-519.3113796393714,0.27757853257285836,-183.94996139409696,7.522634382749668,182.07235078198087
139.55913093730734,-519.4540997213508,0.471309594446365,-183.9565358006474,7.543729551087883,182.08919954976716
139.57043737798813,-519.5951773594875,0.4662536798786131,-183.96300336740603,7.564952567379384,182.10651163054396
139.58302164741514,-519.7339200713355,0.638975543088639,-183.96922683603577,7.586579362822149,182.12402897455314
139.59650561742617,-519.874489234913,0.6680710314506098,-183.97494398962112,7.608979039157667,182.14180038507138
139.6112097555361,-520.0134244829543,0.864643522418154,-183.98012476359293,7.6325869173244625,182.15974231422024
139.6284145795238,-520.1543236465828,0.8812796770993816,-183.9849075873824,7.657884714275824,182.17803156420567
139.645874849857,-520.2936116941128,1.0756936095583869,-183.98939432963923,7.684399298071911,182.1965592590268
139.66313788561456,-520.4305965328582,1.0990026194381806,-183.99397995722344,7.712113290368533,182.21536445544317
139.68052662239288,-520.5694391676956,1.3000894070957523,-183.998314024601,7.741178214239062,182.2343564372992
139.69769319289674,-520.7066787109449,1.32006660330606,-184.00245976198934,7.77104265244257,182.2534685133827
139.7145711833652,-520.8459124512615,1.5178215772941455,-184.00630370561902,7.801466854989638,182.27253255894314
139.73033008196214,-520.9835648177958,1.5420448734409822,-184.0099229169869,7.832274507653053,182.29154443630173
139.74440725784916,-521.1189431870275,1.7440459473655965,-184.01369410761936,7.863170639154976,182.31097937975466
139.75507143602607,-521.2562080422141,1.762986952473256,-184.01773339754305,7.894269525243804,182.33142374061592
139.7632586796824,-521.3918979833178,1.959705735358693,-184.0222874809115,7.925324121242062,182.35235016814474
139.7696003178582,-521.5296097957759,1.9747663147551973,-184.02705503139867,7.955493744866347,182.37337328773864
139.7763039760838,-521.6657674145055,2.1676046719294795,-184.03213488661692,7.985316460195386,182.3943295165184
139.78298469740238,-521.7996777305784,2.1875327560208486,-184.03743924987774,8.014858267027618,182.41545628649777
139.78997826108082,-521.9355007505138,2.3852386178899954,-184.04258175960246,8.04433314824501,182.4369293406724
139.7957011514367,-522.0697746060494,2.4043470855494067,-184.04728100561425,8.074063417450434,182.45863724943098
139.79533562602074,-522.2060956227593,2.601233330986596,-184.0511692366846,8.102633655385567,182.48001986674333
139.79170250492305,-522.3408872839111,2.6264411861577814,-184.0546192672591,8.129997141288767,182.50114493022417
139.7874675357446,-522.4777227036593,2.829426819106745,-184.05870843966508,8.1569473526033,182.52230056528325
139.7839937609561,-522.6130207713793,2.8477220350979198,-184.06358445903865,8.184064762364978,182.54345981449077
139.7815447409537,-522.7503537961749,3.0437950288668727,-184.06903316528235,8.211280679956994,182.5648429058523
139.7793355024152,-522.8861406315884,3.0539469692620598,-184.07489699860304,8.238050422475622,182.58625025204555
139.77679497378426,-523.0239537052443,3.241876687435024,-184.08089826837278,8.26397317461375,182.60789635636323
139.77422431909758,-523.1602120183898,3.262667451283442,-184.0869949904098,8.289251758026497,182.62969830899053
139.77086108851086,-523.2984881500909,3.4612359929096375,-184.0929962914677,8.31453148118871,182.6519525041981
139.76779784202358,-523.4352012516299,3.4798364457332824,-184.0986005048733,8.340120235968833,182.67475856245773
139.7652506029729,-523.5739240496924,3.676214676334705,-184.1039085391442,8.36640709059784,182.69782815934815
139.76284279280938,-523.7110758405983,3.6968277927642035,-184.10899465713027,8.393182519023023,182.7210705115928
139.76049711283449,-523.850229493491,3.89521868697148,-184.11391351551373,8.420127101184582,182.7445397801175
139.7590185530125,-523.9878044446067,3.9036834068699,-184.1185453445367,8.44750244534645,182.76803370345326
139.7581451122942,-524.1273737005066,4.0899259045460985,-184.1229625681806,8.475334681335957,182.7916457123853
139.75699445099787,-524.2653568323906,4.122495873846407,-184.12737848812554,8.503642564900407,182.8150833289689
139.7574491549911,-524.4053269793735,4.332843620924494,-184.13195130454017,8.533266094123315,182.83861222439336
139.75821846514097,-524.5437038428413,4.342325063124884,-184.13663511364018,8.56382809813645,182.8621871430607
139.76027175522228,-524.6840606897701,4.529584283103052,-184.14139615399029,8.596041372992183,182.8863704121785
139.7629633056087,-524.8228173471238,4.5840345004611285,-184.1463695985546,8.629602279110394,182.91097830872073
139.7661548948951,-524.9635472052133,4.783831098566419,-184.15085260759193,8.663790949571206,182.9359966139106
139.7698117671361,-525.102670212135,4.814201354047089,-184.15497197901257,8.698078923953961,182.96093453583745
139.77350968711835,-525.243759877169,5.022349387305536,-184.15898102118413,8.732574576346689,182.98591045410754
139.77798633512023,-525.3832362652563,5.044194771834851,-184.16274559164668,8.76752252981127,183.0110111466575
139.78255506084332,-525.5246730004346,5.243817934141945,-184.16648753657108,8.803432439214353,183.03654013973045
139.78707722467817,-525.6644902603531,5.279555239082795,-184.1702095632609,8.840015863052868,183.06236052741528
139.79316842758305,-525.8062617797452,5.493070321801422,-184.1739136747772,8.877885567767287,183.08837165302646
139.80030991897175,-525.9464078449785,5.521994294720312,-184.177281355956,8.916335994275402,183.11426130989418
139.80755990017965,-526.0842356308967,5.728696045416978,-184.18039932805962,8.95517810527533,183.14003887665504
139.81267335739645,-526.2239062102187,5.760641350182977,-184.183331408644,8.993942258581699,183.16606866394488
139.81769745175686,-526.3619589222046,5.970364432726756,-184.1859627847093,9.03261478588763,183.19226027536726
139.82427666420395,-526.5019913110417,6.004526094732696,-184.18837130512634,9.071351078546746,183.21878549861
139.83271599591356,-526.6446947301633,6.216465534516415,-184.19029425716096,9.110924589093612,183.2456526814337
139.8414073254247,-526.7859027956031,6.247645280539312,-184.19185941642442,9.151076882971008,183.27274675267648
139.84797211114315,-526.9290701644871,6.456602804339987,-184.1934808030697,9.191452593696235,183.30034045847435
139.85442888892834,-527.0705932359247,6.491162055143667,-184.19498198189572,9.232121587255895,183.32815692409636
139.86200423539842,-527.214041341968,6.703499083725124,-184.1962336739398,9.273300171344307,183.35623113228664
139.8709293351223,-527.3558343040911,6.739398717999472,-184.1969795186175,9.31498118530128,183.38446939684192
139.87958678407867,-527.4995462930798,6.953076130051598,-184.1973537455868,9.356828264705015,183.41280286871861
139.8880675747186,-527.6415981835984,6.9822861741703,-184.19745512025713,9.398759928032462,183.44118097398933
139.8951586402284,-527.7812977608688,7.189273996066779,-184.19735631313068,9.440385680314337,183.4695665854332
139.90063891000264,-527.922806703724,7.2260655756952135,-184.1971107938485,9.4814194304941,183.49793246974943
139.9044853012375,-528.0626649480643,7.440634933101426,-184.1967579038915,9.521817238021042,183.5263777844971
139.90753954586685,-528.2044706243379,7.464133661374385,-184.19616658911957,9.56154922288478,183.55473695239252
139.90957058969593,-528.3446489951576,7.665410167425122,-184.1954009550965,9.600426953808958,183.58312684889148
139.91136810740832,-528.4867749236129,7.699273682789842,-184.19450816751947,9.638478340527747,183.6112758220139
139.91350402186765,-528.6315356837237,7.91091497593234,-184.19352292759186,9.67605525137439,183.63910398557303
139.91485412711515,-528.7747645904664,7.92833128814862,-184.19247076504266,9.71308547821626,183.66691037486254
139.91479586902346,-528.9199167598617,8.123525378142679,-184.19153046115986,9.748689887697441,183.69443785734163
139.9140461001568,-529.0633891953785,8.140313942816078,-184.19051302279144,9.782886382750132,183.72197456150866
139.91316869251457,-529.2044851872587,8.334880285267257,-184.18943992352322,9.816020010337438,183.74949355117647
139.91145690247038,-529.3473658585272,8.347679497155921,-184.18848696012785,9.848015860781162,183.77673686666515
139.9079581369597,-529.4885713850152,8.538256486822362,-184.18730116567335,9.878652900563644,183.8037538048087
139.90415173657638,-529.6317002928372,8.551346565200395,-184.18610746025945,9.908100912936963,183.83046160673192
139.90156994469064,-529.7731782657925,8.742214421356206,-184.18474723676903,9.936981462532563,183.85679807960295
139.898448459989,-529.9165805872702,8.749804362157398,-184.18326610911004,9.964924201158196,183.8827197231932
139.89403143117326,-530.0583282787691,8.935172080736368,-184.181537634952,9.991989040415964,183.90819500607208
139.8894181135001,-530.1977290771043,8.939594621902424,-184.17962930978283,10.018220695835735,183.93320120195565
139.88441870524017,-530.3389445743416,9.121794940846257,-184.1775907901612,10.043487366080603,183.95784117297964
139.8790025148914,-530.4785146131762,9.125576801598802,-184.17545860662517,10.0680239212681,183.98242889913237
139.873169331721,-530.6200372308891,9.307136440129124,-184.17325963149287,10.092003248475583,184.0068373455118
139.8677463774802,-530.7599375982592,9.306473916461426,-184.1708536305012,10.11522196020687,184.0309735125496
139.86166126215232,-530.8975238214468,9.483589170571506,-184.16829794921352,10.137533359511853,184.05476944258837
139.85553025846949,-531.0369571006239,9.479036327024527,-184.16563477409215,10.15915956401594,184.07829471355672
139.8498879402791,-531.1747767399172,9.652261261255328,-184.16289513742618,10.180264069039813,184.1014814787437
139.84524493882375,-531.3145802163638,9.646946958015977,-184.16010186419342,10.200967234884839,184.1243993958997
139.83963583451384,-531.4527921441315,9.819410432554404,-184.1572717403879,10.220861682517961,184.14709978635108
139.83391328356097,-531.5887200814132,9.810728716966409,-184.1544171084946,10.240145386175568,184.16962047909422
139.8278387640042,-531.7265246899339,9.979824779156191,-184.15170704145422,10.258633403181213,184.19210848623555
139.8217802438937,-531.8627447449369,9.969788975341105,-184.14910539758773,10.276852149515857,184.21443342348476
139.81581108929174,-532.0009772040096,10.137530949303796,-184.14674557662113,10.294691902917249,184.23661893175776
139.80994470243476,-532.137646171145,10.12949982325719,-184.1444051900664,10.312072537275677,184.25892069388527
139.80377163551762,-532.2763253701381,10.299246474988363,-184.14208113575734,10.329266368216501,184.28104966282868
139.7972125828735,-532.4177009557837,10.283772891915257,-184.13977112425445,10.345977259912468,184.30291135768687
139.79025895072158,-532.557605143764,10.44607708661993,-184.13731346415298,10.362153808702923,184.3244385078205
139.7837359654365,-532.6994919704266,10.434807888176858,-184.13474971299934,10.378089460208185,184.34570118991155
139.77780432531551,-532.8440240455133,10.601316467511563,-184.13227044063066,10.394330288680749,184.3669910286095
139.77166287088681,-532.9870296029945,10.595153233154452,-184.12985532316864,10.410780477304023,184.38828185785147
139.7659792431707,-533.1276960001371,10.76676777657512,-184.12748939940923,10.427700240981265,184.40967359942192
139.76087868128016,-533.2701606431193,10.759048182920585,-184.12500165407508,10.445114653241482,184.4312394395963
139.75637794054603,-533.4109587714581,10.929106367043829,-184.12242678424863,10.463205217207205,184.45291378244457
139.75000606346703,-533.5536878012654,10.91280966948193,-184.119790311901,10.480619989700106,184.47452931672666
139.74293991470412,-533.6947730873867,11.07429074969781,-184.11711100790217,10.4973583686485,184.49608251091865
139.73583540794243,-533.837789745146,11.063954414342035,-184.11440267562932,10.513916513771857,184.51745171953866
139.730879382566,-533.9834253292114,11.231395856764038,-184.11151546336203,10.530823769072299,184.53866701055372
139.72477909471644,-534.127513436898,11.219004888685769,-184.10865963884302,10.547641343164559,184.55986968173318
139.71894738068835,-534.2692427962218,11.384391698385276,-184.10598937051677,10.56454353541607,184.5811633626588
139.71243098802404,-534.4127513660959,11.369628869614722,-184.10345755030372,10.581162090146808,184.60250485634856
139.70587033721708,-534.5588414339752,11.532643818621947,-184.10102950921387,10.597888538646997,184.6238624425154
139.69939414181525,-534.7033700760458,11.520569098635981,-184.09867973107313,10.61467924129056,184.64521284531105
139.6934376100513,-534.8455309144895,11.686272156427794,-184.0963894344534,10.631667471903581,184.66653900216536
139.68766972613332,-534.9851963491723,11.675851357597073,-184.094144793435,10.648785455711439,184.68770931096773
139.68037715946696,-535.1266430169208,11.84320833654413,-184.0917756284273,10.665156709209901,184.70862740203526
139.6716513727546,-535.2707009120076,11.815875582626353,-184.08915725175197,10.680635141589477,184.72934193957187
139.66194170877742,-535.4132322291654,11.966320606486354,-184.0863584472996,10.695445079875308,184.74988879159687
139.65340536234604,-535.5576977853378,11.964261046111686,-184.08358981697026,10.710412958102806,184.77053263260046
139.64522508523973,-535.7004955680698,12.134570325647422,-184.0808457753359,10.725483354173546,184.7912292487741
139.6372323637173,-535.8451955609814,12.109528253284699,-184.07812220455926,10.740450200755046,184.811946169747
139.62939082757325,-535.9882180404744,12.262263958699753,-184.07541606669682,10.755327807180807,184.8324213436429
139.62169105257453,-536.133137586464,12.251972025896025,-184.0725651184273,10.769961412953316,184.85282014730552
139.61248647104927,-536.2806421344324,12.419457870870072,-184.0696105100355,10.784072410597197,184.87326392497164
139.6031118378226,-536.4265658403365,12.388218357677262,-184.06658251053923,10.797787619171068,184.8937225113268
139.59424718903938,-536.5743646851214,12.53475662226223,-184.06366338245485,10.811200391130422,184.9141737719772
139.58478750103862,-536.720436529668,12.527257700177044,-184.06082668818632,10.824544787108499,184.93472059265684
139.57534334297924,-536.8640855079332,12.694334256318033,-184.0580529668888,10.837827179014992,184.95531922685066
139.5668597189339,-537.0137402385847,12.689407137136024,-184.05516789130004,10.852374961365074,184.9760566588356
139.5595101910111,-537.1624676968773,12.862257795731793,-184.05204194263158,10.868001320900587,184.99687744259447
139.55084756448773,-537.3131611324027,12.8385658937677,-184.04890391010346,10.88424119138583,185.01785995473534
139.5395797422659,-537.462104567847,12.992651769581384,-184.04575980544055,10.899924534460443,185.03882330545665
139.52877424548706,-537.6085796966377,12.991166710325874,-184.04261404263846,10.915681816684527,185.05987308149187
139.52027000308436,-537.7567446289327,13.167459428848144,-184.03946986010126,10.932304203367359,185.0809675251786
139.5123469607822,-537.9031402873358,13.145037014522906,-184.0363296312539,10.949546224531774,185.10207597452649
139.50424039732394,-538.051366686041,13.300392377975445,-184.03319509309358,10.967557984741651,185.12341593162645
139.49580175631482,-538.1978511240252,13.301698966062567,-184.03022751435995,10.985787543131346,185.14502580333834
139.48618471602316,-538.3461705023026,13.467253188452718,-184.02706323260918,11.00333572724545,185.16645529254632
139.47564566044807,-538.492747437481,13.447600180854991,-184.02391929245186,11.020203305171574,185.18797345281655
139.4650720906067,-538.6411579009615,13.605724951035043,-184.02063128629877,11.036391445157246,185.20953751127888
139.454641997572,-538.7878243435106,13.58979510038654,-184.01724055442088,11.052066941195488,185.23111606036346
139.4439782723329,-538.932056059135,13.751643027515815,-184.01377750432874,11.067683231231358,185.25268605497183
139.4325981491897,-539.07801620053,13.731493598991525,-184.010426276924,11.082746222385458,185.274111491858
139.42082593043924,-539.2222461495127,13.889121948245014,-184.00716003169214,11.097390071700788,185.2954118749151
139.40996405301178,-539.3640787896273,13.87375470797995,-184.0039590100495,11.111878866912742,185.31648072926814
139.39943872388346,-539.507681459309,14.036165245492663,-184.0008086643915,11.12673707685314,185.33748195692326
139.38871973131813,-539.6495957858241,14.02571525853381,-183.99769828142954,11.14201831696334,185.35865314613085
139.37811445395965,-539.7934207732843,14.193043049352736,-183.9946199692295,11.157430862540185,185.3798110438643
139.36686141692053,-539.9398490486675,14.166683108646843,-183.9914061340879,11.172429998752058,185.4007003874965
139.35646020447206,-540.0847154461632,14.318100945718728,-183.98809577219822,11.187112635530763,185.421374223149
139.34637728529657,-540.2272091459837,14.309772285926147,-183.9848793443483,11.201550121492453,185.44199253176248
139.33609075962613,-540.3714683958716,14.477319167024405,-183.9818946605078,11.215794996867476,185.4625517931619
139.32590980991068,-540.5140290686635,14.446010479557492,-183.97908257532654,11.2298859623675,185.48292858948312
139.31589477111552,-540.6584891631343,14.592479569868354,-183.97639956212666,11.243686201989858,185.50327435426138
139.3044109061673,-540.8012745983751,14.579888556404931,-183.97365358661375,11.256764975755596,185.52345838856164
139.29279660206774,-540.9459610422465,14.742865216107923,-183.97086387960508,11.269468382316466,185.54350587914755
139.28255516912952,-541.0889699250866,14.712505712888978,-183.9680445825724,11.282215894343489,185.56343541768464
139.27355529969205,-541.2338760582757,14.85992398744781,-183.96520609223057,11.295149752590556,185.58326074290724
139.26534240776448,-541.377100754307,14.851897765170023,-183.96235604989792,11.30837410130277,185.6031129114101
139.2549379391352,-541.5179521894521,15.009230950418184,-183.9595000694763,11.321138388046123,185.6229671186132
139.2425986853861,-541.6605924186757,14.980096896025824,-183.95648049532755,11.333223283312986,185.64292428379002
139.23046041066632,-541.8015617456771,15.128740619411241,-183.95334363651153,11.344799216034628,185.66258010066744
139.21935629832623,-541.9444586618056,15.109454621796655,-183.95028533503623,11.35648761983847,185.68199745695472
139.2094382769487,-542.0857087840635,15.267946401959849,-183.94712558298986,11.367917446076985,185.70122268227033
139.19948786340103,-542.2288873235862,15.237969317774898,-183.9438942425265,11.379147488922051,185.72052992245085
139.188440488412,-542.3704152295554,15.385770011367724,-183.94077505397115,11.390551708351612,185.73975925598552
139.17774150602344,-542.5138668341513,15.367439447518077,-183.93774088276035,11.4019081868592,185.75891436523895
139.16767503212674,-542.6556629778737,15.526886661446207,-183.93477175464332,11.413219560709779,185.77799801658904
139.15828889422383,-542.7993780398218,15.495356707883214,-183.93185296402004,11.42448780325735,185.7971331911199
139.14999364859207,-542.9414329378674,15.641604532097997,-183.9288119042616,11.435879733300451,185.81628914027266
139.14162389157465,-543.0854021334713,15.61469290909902,-183.92568388363497,11.44669090801357,185.83544329663778
139.132536935491,-543.2277066266939,15.765559063877818,-183.92249487216776,11.456903029996067,185.8543391123752
139.12302510963616,-543.3676542933144,15.728204444017402,-183.919103968761,11.466501435867679,185.87290957092716
139.11274047801706,-543.509406894467,15.868627601934762,-183.91572802540156,11.474979918008312,185.89134403824667
139.1024475555614,-543.6495044455319,15.835079222961753,-183.91220605358208,11.483125586317659,185.90942417024698
139.0931224742801,-543.7915451547418,15.97930862176652,-183.90858012486683,11.491514172778897,185.9273474962292
139.0849449179452,-543.9319543610497,15.953159214232228,-183.90488118414243,11.500569442696891,185.9451398992862
139.07711316962298,-544.07430700251,16.104787584475712,-183.9011319892253,11.51010556468769,185.96282047672864
139.068640634435,-544.2150237600997,16.070684320421986,-183.8973492738512,11.52015116831233,185.98052244376265
139.0618031068188,-544.3576787025851,16.214358834146037,-183.89354533922233,11.530726795709677,185.99810525030426
139.05538982555413,-544.4986924117567,16.195812163036557,-183.88972922508185,11.541681706649324,186.0155850433234
139.04956504911553,-544.6373723459571,16.3521661236273,-183.886067571401,11.552739687821378,186.03321197772115
139.04270703712928,-544.7736131883214,16.30557972384668,-183.88236244352711,11.563038535625042,186.0508120362993
139.03450791420397,-544.9116952314494,16.43677110184384,-183.87862872802535,11.572606197760507,186.06837674144657
139.02656784550575,-545.0481816812277,16.41114318455817,-183.87487736712137,11.58162915248406,186.08601901878438
139.02043517974116,-545.1866745383837,16.561344424148594,-183.8712764007988,11.590409968034681,186.10358338925985
139.01516365914304,-545.3235990008247,16.509903197057223,-183.86778892469485,11.599334298577993,186.12119412637364
139.00972689587115,-545.4625290808568,16.636239747743634,-183.86438777473,11.608190607377686,186.1388232117003
139.00392374025327,-545.5998843899356,16.601935834743482,-183.8608929538449,11.616660272402015,186.1565709709739
138.99730850660166,-545.7392379137613,16.74168506947699,-183.8573325474591,11.624508203399943,186.17403087091145
138.99062494066632,-545.877009163753,16.680394870112348,-183.8537272098451,11.631893220173179,186.19126415409153
138.9844334301009,-546.0125045456447,16.796882448525484,-183.8500921274083,11.639097535388954,186.2081968220644
138.97924972098193,-546.1498843751517,16.759093948546152,-183.84643846328584,11.646328265626844,186.22489398762488
138.97228796268195,-546.2856872477176,16.89284215963384,-183.84245264251754,11.652745272898516,186.24128449838022
138.96424649510826,-546.4235099769301,16.828872587067792,-183.8382267831608,11.658890512655166,186.25743555960224
138.95610345321862,-546.5597765319897,16.942680792279525,-183.83382865182526,11.664830993798793,186.27339666800097
138.94682390861715,-546.693793838991,16.88952429303956,-183.82930809715535,11.67012003819852,186.2892042900107
138.93703837255208,-546.8297219391259,17.014145571577377,-183.8247017836444,11.67492666094659,186.3048853041156
138.92646947692944,-546.9640989982408,16.9407061670123,-183.82003667481757,11.679044568596554,186.3203404226333
138.91918133368858,-547.1005213754223,17.045044540225,-183.81549437396694,11.683315091478887,186.33573525761508
138.91388499451685,-547.2354125868527,16.97528362836172,-183.81120616989963,11.68769373617795,186.35107220037273
138.9086516752049,-547.368079112348,17.083300494276212,-183.80710811521035,11.692313111413993,186.36635305599467
138.9043267226285,-547.502680554516,17.008393557350896,-183.80315314611357,11.697435582932501,186.38157919806764
138.89983428716917,-547.6357546483965,17.111264398203353,-183.7991466219794,11.702757105083467,186.3969899047451
138.894961580882,-547.7708973299511,17.038388378570566,-183.79526585217258,11.708219867456323,186.41252226039325
138.8904927878076,-547.9087983664583,17.143290136715557,-183.79148075177898,11.713616016869791,186.42789179652598
138.88616833354388,-548.0452898147702,17.04974689970679,-183.78776917348875,11.718958520202449,186.44312826987084
138.8815235837252,-548.1795581337336,17.1339814404758,-183.7841148105884,11.72392626751733,186.45825362030607
138.87605950012625,-548.3157388996245,17.053483094270923,-183.78034565396314,11.72828411131045,186.47340314696274
138.87050926118243,-548.4503653617858,17.149322553303115,-183.77665566563445,11.732521485548682,186.48831871438034
138.8650207279013,-548.587032942406,17.04482396639996,-183.77286701404617,11.736501415558456,186.50304945340713
138.86044392822603,-548.7221650300161,17.118103157274586,-183.76900937709118,11.739958348751793,186.51751066873487
138.85652523420063,-548.8593348071112,17.02268434095001,-183.76526457987788,11.743194011450239,186.53164226782522
138.85238322717584,-548.999227929718,17.105043302403217,-183.7616058605171,11.74642986630781,186.54563869803118
138.84907679942881,-549.1376761303501,16.992716479422917,-183.75785351710988,11.749662985766644,186.5595235631173
138.84598451228752,-549.2781329721784,17.058167434220394,-183.75403585148493,11.752891225382442,186.57331427167992
138.84421281024007,-549.4169939338286,16.9546250632277,-183.75017367638085,11.756443683567019,186.58702367371768
138.8427304227516,-549.5578274746554,17.028860470012777,-183.74628229403663,11.760396077628094,186.6006612648354
138.84091631435254,-549.6970525654036,16.900283986767466,-183.74253295205617,11.764638244759436,186.61435496119742
138.83906166242417,-549.8339758759564,16.94948528129993,-183.73889110575757,11.768923807993744,186.62795674034183
138.8376359457285,-549.9727581433867,16.843603280829804,-183.73517132682238,11.773237385647354,186.6415999119452
138.83754829293898,-550.1099384099447,16.91346385914039,-183.73139770375715,11.777733006250537,186.65526131075484
138.83855261065926,-550.2491139347594,16.78459715927728,-183.7275879493282,11.782688795576204,186.6690430438279
138.83976103885172,-550.3867091259837,16.833508237191946,-183.72407508501425,11.787977636818958,186.68266077159808
138.84099310260433,-550.52629800777,16.715659326666433,-183.720783062664,11.793671348275362,186.6961461241659
138.8434443707845,-550.6685670302392,16.7755881939187,-183.7176559173292,11.800151125700479,186.70964330349415
138.84610461736938,-550.8093486991919,16.642390944366134,-183.71465246149052,11.807201591700498,186.72313715828733
138.84959015835045,-550.9478306692606,16.686971472591342,-183.71174238102083,11.815160295574556,186.7367356916616
138.8548356305168,-551.0881498448671,16.57019051838055,-183.7090651403377,11.823943299486132,186.7503989017435
138.85953715331604,-551.2268408110837,16.631187341947534,-183.7065610286009,11.8333229829773,186.76421650744643
138.86488435347317,-551.3675003083472,16.501873430793843,-183.7038643261907,11.8432972273304,186.77813505428864
138.8698739733663,-551.510819687859,16.550337297417926,-183.70102878768884,11.853698616987268,186.79223436370245
138.8759531137237,-551.6526327237563,16.433778870799518,-183.69809395653175,11.864569334187205,186.80645369961596
138.8829868104,-551.7963942610868,16.494998221958888,-183.69524891949962,11.876435895392326,186.82062930444175
138.89011138354292,-551.9385008901731,16.36864562397827,-183.6924722604143,11.889022194146843,186.83476023926562
138.89756347138334,-552.0782554655525,16.420070803775427,-183.689748213298,11.90212511261647,186.8488458552571
138.90497507691396,-552.2198186762294,16.30571995556087,-183.68722694744537,11.915924127394094,186.86324305022396
138.91227317648176,-552.3597302705251,16.369146885124092,-183.6848566289779,11.930221347006666,186.87785593893278
138.9198554463298,-552.4973216877592,16.252906764952442,-183.68243733443157,11.94487120819188,186.892614013818
138.92738671350716,-552.6367588805357,16.31444442255857,-183.6799842745781,11.959766651098201,186.90758632916598
138.9335668910172,-552.7745821216789,16.199366988382735,-183.67750863399704,11.974500057984082,186.92234333435078
138.93897828806917,-552.9143890863993,16.262067331984685,-183.67501863478515,11.988936208759965,186.9370484391891
138.94292696693813,-553.0526044301147,16.154094587013592,-183.67268209702107,12.002976206254491,186.95182152368017
138.94611627651548,-553.1928023869629,16.223899619820276,-183.6706201745745,12.016547878011584,186.9667522171748
138.94787457538717,-553.3314029399402,16.112066893750477,-183.66860146951407,12.029598713852998,186.9817852188778
138.94973233186712,-553.4677128042789,16.17801194545846,-183.66677625160796,12.04242133594661,186.9968798839321
138.95158355844322,-553.6058925683747,16.080386397967192,-183.6649345466976,12.055065203405528,187.01224457351955
138.95423026159392,-553.746747755777,16.1605386282537,-183.66324238838848,12.067566745139041,187.027674512485
138.95781975139252,-553.8861347540643,16.05335383392899,-183.6615014017277,12.080118135525716,187.04313858549298
138.9603147479991,-554.023245721664,16.12394681738206,-183.6598861551527,12.092529591466588,187.0583739442895
138.96255536157108,-554.1579514604759,16.034608102801915,-183.65836455374867,12.104496729741925,187.07342803678984
138.96430078758758,-554.294527005245,16.12304716599955,-183.6569129780046,12.115962064272956,187.08833581925737
138.96510101892295,-554.4295341034575,16.014384583264455,-183.65551404470074,12.126883884649692,187.10312305633866
138.9648794969209,-554.5623074114064,16.083499778307132,-183.65415495934928,12.137066753028499,187.1178087492593
138.96404610811985,-554.6970122964785,16.00704015725876,-183.65266630390545,12.146533338503598,187.13240692251287
138.96351286526638,-554.8301876941653,16.093665950002467,-183.65124395364316,12.155300901773336,187.14680882741214
138.9626365688341,-554.9654298109413,15.998262673781822,-183.64971149149204,12.163384499814011,187.1610540004917
138.96129168012425,-555.0991618280964,16.08063717533895,-183.648099642811,12.170959337932894,187.17517157452738
138.95946153359827,-555.2349565255279,15.989073540240868,-183.64643101009574,12.177823685586356,187.18906391586506
138.95838347537082,-555.3692324566512,16.075287682920564,-183.6445604412067,12.183995571922818,187.20277873780972
138.9574711671867,-555.505561599048,15.987794854550243,-183.6425434485181,12.189654167172293,187.2163511879133
138.95660498406102,-555.6403624803409,16.0780798039577,-183.64026087125887,12.195096652428866,187.22956894537776
138.95617101166255,-555.7772072079903,15.99016539462925,-183.63778556093877,12.200541152592638,187.24251484578915
138.95541898679477,-555.9125144687844,16.08002876307858,-183.63533111331654,12.20581695746599,187.25524987689457
138.95461404689794,-556.0498565329427,15.996784145502673,-183.63273414673728,12.2106336961887,187.2678189504813
138.9533975275849,-556.185652248417,16.091317305704546,-183.63003497467093,12.21477883818874,187.28025514937784
138.9512946606633,-556.3234740439789,15.996631279697981,-183.62726325117814,12.218427791354825,187.29246374132472
138.95027820943844,-556.4597409233547,16.079723031469193,-183.62444078706014,12.22187496252875,187.30449456942682
138.94949349754813,-556.5980254683201,15.999375668350709,-183.62142362200734,12.225005762756268,187.31638434330665
138.94835384942718,-556.7347468328749,16.09680608301,-183.6182663581935,12.227901774689554,187.32792010873558
138.9471594223889,-556.873477746385,15.995939435285024,-183.61500916174495,12.23045770097424,187.33930512506458
138.9463834714184,-557.0106375078051,16.072850565337824,-183.61184157665002,12.232761959182143,187.35045036092802
138.94487914029745,-557.149798988867,15.999901151277983,-183.60874252217894,12.235044945904223,187.36164985090704
138.9432505280779,-557.2873816283491,16.09677448721247,-183.60569647821376,12.237310304215166,187.3728791721353
138.94573044434577,-557.426958435309,15.996462395375607,-183.603013793992,12.239891388039444,187.38399949910524
138.94899679639087,-557.5649489833988,16.07392808131652,-183.6004381804125,12.242701709610103,187.39491090110621
138.95155264747345,-557.7049264141418,15.995102881694596,-183.59778337473827,12.245346974131154,187.40589939243927
138.95393004848145,-557.8433104312893,16.09405545985045,-183.5950728546885,12.248199512136253,187.41681375951245
138.95623794754908,-557.9836743041405,15.995540493496039,-183.5923238867812,12.251201515106983,187.42766406713545
138.95890978944192,-558.1224378619409,16.074803304919406,-183.58954916730536,12.254145123938756,187.4383386419993
138.96161642037063,-558.2631744972423,15.999505096417368,-183.58675802976325,12.257043293860777,187.44887485766213
138.96223640368888,-558.4065708270085,16.094656399386345,-183.58395733331702,12.259244232431271,187.45930024438584
138.96119646216673,-558.5484596811999,15.996612389354837,-183.58099211651572,12.260931911620807,187.46963508954377
138.95942865928924,-558.6880290654613,16.07634615710111,-183.5780688872023,12.26240703377169,187.47989435102443
138.9583635373372,-558.8294162356048,15.994796864766448,-183.57517904713941,12.263890302874543,187.49020817624267
138.95950743330465,-558.9691561231716,16.091025350209563,-183.5724762612736,12.265874227947412,187.50067373591273
138.96148930855782,-559.1108458091555,15.995444088929586,-183.569913050962,12.268388870576008,187.5111203759055
138.96361059299784,-559.2509103126221,16.07764060542739,-183.56745447446596,12.27129047084091,187.52154385556608
138.96572958989654,-559.3929244177581,15.993693442285437,-183.565074814836,12.274307927505536,187.53218108566776
138.96740554799774,-559.5333086870662,16.08752405692126,-183.56259514282752,12.277242330012923,187.5429656107773
138.96855839582426,-559.671370412934,15.995523671445106,-183.560044332561,12.280113217780551,187.55372945487025
138.9687688922045,-559.8112707522348,16.081301063746725,-183.5576036216255,12.282769642838785,187.564468565023
138.96960925790253,-559.9495491205076,16.00496988580489,-183.55508581972026,12.285762433976744,187.57529910218832
138.97138675670755,-560.0898031355595,16.106416485640832,-183.55267372248332,12.289329899981047,187.5861870586854
138.97455840215093,-560.2327242228641,16.020279228048988,-183.55034128608958,12.293644512028662,187.59722655561998
138.97960821352012,-560.3741460691556,16.11191974823492,-183.54806934092431,12.298503195963999,187.60848648043367
138.984961838535,-560.5132567343193,16.035447514246417,-183.5458437755001,12.303756547120168,187.61989804353666
138.98742364138994,-560.649926700464,16.136753058035694,-183.54365420016632,12.308800429037252,187.63129155332905
138.98844895639448,-560.788431442842,16.06292001951896,-183.54133296385473,12.313851550061747,187.64278080757384
138.98917239157112,-560.9295999619083,16.166864758780005,-183.53907723948058,12.318903489879654,187.65433006174663
138.99188027303742,-561.0692935062633,16.096112809839713,-183.53671156228222,12.324280428421782,187.6659130498629
138.99494653166968,-561.2109719697121,16.203138638677196,-183.53426735583696,12.329727364305189,187.6772722579927
138.9984515233902,-561.3510324343881,16.129796477105824,-183.53176773390524,12.335220789851416,187.68833815261414
139.00199441295717,-561.4930439949231,16.23423209331223,-183.52922969583628,12.340578091438783,187.6992982254231
139.0046731609974,-561.633426054658,16.163317061611636,-183.52666574196718,12.345665473410461,187.7100518421715
139.00631964964904,-561.7757523360499,16.27017980768882,-183.5240850622481,12.350054392213327,187.7206444990384
139.00485804747325,-561.9164432657711,16.19976593991246,-183.52165441084324,12.353596536764572,187.73110970296386
139.00238494769627,-562.0548061874912,16.30712984991387,-183.5194977185589,12.356349231625028,187.74147213899548
138.99933405470696,-562.190735679391,16.23328932969005,-183.51738206891167,12.358520549872363,187.75186911196175
138.99662166021994,-562.3285119325529,16.337226587244,-183.51529839777578,12.360098261876077,187.76204217025972
138.99565998615498,-562.464698053478,16.26817129534952,-183.51308002970032,12.361404593557133,187.772162870638
138.99547279998333,-562.602895945347,16.37689378123282,-183.5109248557519,12.362345418484523,187.78211529014152
138.99503250692703,-562.7395307102759,16.297676386120635,-183.50865793987353,12.363017368837067,187.79181634596398
138.9941371877728,-562.8781762664933,16.39623676878623,-183.5063110949495,12.363326213878855,187.80132444525958
138.99110848571584,-563.0152521330579,16.32191740176522,-183.50374772147637,12.362874284941608,187.81080170256945
138.98728551528535,-563.1543312049229,16.425375812521988,-183.50102783895477,12.361864856801011,187.8201288070833
138.9837687289819,-563.2918329043814,16.342646680330986,-183.4983556008043,12.360612826514084,187.82921839767604
138.9815951960201,-563.4313302162998,16.43769532591776,-183.49572067718213,12.359184000902324,187.83812573175723
138.98095500397324,-563.5692426889406,16.3611685498083,-183.4931154597017,12.357461462119566,187.846891493433
138.9806305850629,-563.7091434385594,16.462419551476625,-183.4905343424741,12.355690398156993,187.8555456435566
138.9807846014044,-563.8474521440237,16.3698941940303,-183.48797319309165,12.353885323341633,187.86411025263075
138.98062144767496,-563.9877420501793,16.455146614361755,-183.4855889633729,12.351891578411843,187.8726015852828
138.97916340256214,-564.1264329622524,16.376014137986107,-183.48333659405614,12.349761247615852,187.8810316340407
138.97623511581426,-564.2628315825372,16.474659439388233,-183.4810229244736,12.347201980812024,187.88929013678847
138.97264376081753,-564.4010985196426,16.375609520021374,-183.47882635795796,12.344495769172939,187.89753460934858
138.96938153588655,-564.5377726570066,16.4543373784323,-183.4765576195283,12.341849536842789,187.90576146468436
138.96746353305664,-564.6764510911353,16.373121716677698,-183.47439797168477,12.339414974879041,187.913968087962
138.96707543068717,-564.8135580691094,16.465635466666242,-183.47216024329134,12.3369724685724,187.92203346850962
138.96699882808798,-564.9526674566102,16.358416416679223,-183.4698672449199,12.334526307531021,187.9299881018281
138.96780694823534,-565.0901988813943,16.428975144469984,-183.467535753452,12.332079640716206,187.93785444972667
138.96960363077878,-565.2297253778157,16.340019430751568,-183.4651781061503,12.329963666704703,187.94576817378586
138.9736258063164,-565.3719331783933,16.42853723963244,-183.4629633735902,12.32842274828142,187.95382871705257
138.97680387617854,-565.5126547288606,16.31260887845634,-183.4606954138252,12.326974240328095,187.96187065169968
138.9789465923564,-565.6510776561437,16.37445829505802,-183.45855043674078,12.325594787615366,187.96989179163938
138.98372820805625,-565.7913388438241,16.29294611179834,-183.45633755360177,12.324928534925927,187.97800966333594
138.98896959845942,-565.9299728578036,16.37201103060376,-183.45423683969662,12.324785887811517,187.9860721446571
138.9925839551397,-566.0705764199552,16.262488744846507,-183.4520602505309,12.324862011582894,187.99420595083072
138.99500016755826,-566.2095741966351,16.330744236867034,-183.44982995425335,12.324602499671608,188.00238483184617
138.9967317205478,-566.3505406256189,16.22873379035488,-183.44772225524602,12.324262418936957,188.0105894976292
138.99912304845347,-566.4898959291847,16.304501121620508,-183.44554633441376,12.324028890025824,188.01868666809443
139.0028443213455,-566.6312137322385,16.188768368408354,-183.44380409617284,12.324204373366525,188.02669781117507
139.00677865846475,-566.7709141819907,16.250813392973978,-183.44205966271068,12.324679643040048,188.03475785760205
139.00946765341266,-566.9125709769085,16.14636378735516,-183.44031517002713,12.325209000229039,188.0428466019973
139.01145866977595,-567.0526043664428,16.21969195951412,-183.43857218457472,12.32577755105632,188.05071097935203
139.01574755152288,-567.1945881555824,16.103826519956186,-183.43699363152334,12.326870338506497,188.0584038303194
139.02207767558394,-567.3349426996422,16.165738858176034,-183.4353752876132,12.328677261446844,188.06596405717966
139.02790468634342,-567.477241907837,16.06559323041576,-183.43372920226787,12.331006277592923,188.07377763949302
139.03313753473398,-567.6179062378978,16.143225380433268,-183.4320642363904,12.333881425186632,188.0818909592877
139.03776646125144,-567.7605096996377,16.035096499302316,-183.43038690475902,12.336989180155186,188.0902168747289
139.04220876977269,-567.901472849591,16.10474539594914,-183.42870199586955,12.3405954180831,188.09857040394155
139.04737190852907,-568.040103127943,16.00797602419385,-183.42717480579873,12.344564004636384,188.107176757894
139.0538377820257,-568.1805618680161,16.08898443021634,-183.42576463369718,12.349123674771338,188.1158417554521
139.06129535449176,-568.3193886650189,15.987293303390853,-183.42444152825945,12.354443419826064,188.12454205610098
139.06966653683222,-568.4601813145171,16.063379954343144,-183.4233434478022,12.36048115782635,188.1332605120825
139.07686938433204,-568.5993647501658,15.96581828326388,-183.4222513617355,12.366709390441825,188.14222275445823
139.08332367992148,-568.7405135119599,16.046034389962394,-183.42116464229838,12.373402449568337,188.15135580708534
139.0887151373694,-568.8800478899265,15.9573855579263,-183.41992104658468,12.380430432083719,188.16036778007225
139.09381734868307,-569.021541568863,16.046514503667986,-183.41856351368654,12.388028444655369,188.1695211729026
139.0991998126534,-569.1656814201153,15.959007120716299,-183.41712363354907,12.39603772547933,188.17877013726894
139.10538488766753,-569.3083005168353,16.049277515542386,-183.41562464532956,12.40434148366092,188.18808096612668
139.11164251937907,-569.4528537688288,15.968428845850598,-183.41408364361718,12.412853810786387,188.1974288859858
139.11659188722356,-569.5957379834042,16.065357953936584,-183.41251320178932,12.421511521957697,188.20691480776162
139.12120921128528,-569.7362562594442,15.991021409216911,-183.41092256649176,12.430268152352696,188.21649349901253
139.12487312464822,-569.8743028656291,16.094462642275015,-183.40931853654777,12.439420206506936,188.22625081793075
139.12870491354803,-570.0141584749994,16.034327911475835,-183.40770610966746,12.449019436258707,188.2362495684104
139.13292644766864,-570.1566534941179,16.151970958454427,-183.40625073607998,12.459434062133331,188.24665648092355
139.13716589123703,-570.2976497993587,16.095442882989797,-183.40491182857264,12.470437387719493,188.25735346167238
139.14258240016423,-570.4406077477049,16.216692585302948,-183.40381951966407,12.482191534582482,188.26825365070002
139.14856795403622,-570.5819248449624,16.182829678236935,-183.4029090206692,12.494981835584602,188.27965050340856
139.1545821890199,-570.7209039288412,16.3267445489487,-183.40229265827682,12.508851280465636,188.291401445614
139.15928284666165,-570.8617054852956,16.29159693991981,-183.40205254393726,12.523334435795759,188.30340160816857
139.16242193503751,-571.0051356919068,16.434227108668697,-183.4017685582714,12.538254771539364,188.31581386550133
139.16355962030323,-571.1470517322775,16.432454784086623,-183.40145265273134,12.553482443732195,188.3283964036649
139.16387017786764,-571.2866465779372,16.606539507501864,-183.4012736200884,12.569087293612508,188.34097351884827
139.16401089307305,-571.4280585024051,16.599160643186814,-183.4008751200435,12.584954869485971,188.35353547752155
139.16247119407936,-571.5678226508201,16.769559556649547,-183.40031603145943,12.60166233990919,188.36631515523527
139.1618510879648,-571.7095361539136,16.796117232502898,-183.39995967491424,12.619301548584076,188.37960046719846
139.16142371971307,-571.84962404701,16.98569497764688,-183.3997523052923,12.637608352680251,188.39324476844504
139.16063031049347,-571.9873944569608,16.99568713315037,-183.39949437707597,12.656717342926175,188.4072593113428
139.15977497712254,-572.1270086355631,17.183457066431632,-183.39968137960435,12.676562950579473,188.42165201852444
139.15933009032926,-572.269272610689,17.200198519823974,-183.4001944984544,12.69709643712471,188.43654925266338
139.15732917568593,-572.410043235251,17.394717750994094,-183.40110631316804,12.717785449535995,188.4518032312518
139.1538135129253,-572.5485131185955,17.39816946677907,-183.40230969434634,12.738241235126905,188.4671861522333
139.1504555677449,-572.6888201709111,17.579398960341823,-183.40324404348212,12.759167360351238,188.4826499572622
139.14799825685645,-572.8274991789435,17.60825335652626,-183.4039802719208,12.780915800306548,188.49803844276582
139.1437009101368,-572.9681469211162,17.8144999741839,-183.40473055742302,12.802751939117947,188.51371712640824
139.13909667407094,-573.1071880866727,17.81923202972746,-183.40549048451805,12.824632980522646,188.52959468541144
139.1344965426043,-573.248197129218,18.0017418630488,-183.4064185844015,12.846527500681182,188.54548486184896
139.13201776726058,-573.3875942852227,18.029145207506833,-183.4074691860188,12.86874311013017,188.5614892775815
139.13082162794635,-573.528953193256,18.231865861565506,-183.4087686883728,12.891670437850424,188.57780146487195
139.12948658315273,-573.6686940138919,18.235893564743456,-183.4100895628205,12.91526464578941,188.59456485158285
139.1273214112336,-573.8061237920439,18.417699045699184,-183.41158493602632,12.939326926592853,188.61164421708054
139.1233765630011,-573.9454034715208,18.45013105617158,-183.41288516798966,12.963380405469518,188.6288192298081
139.11707855068082,-574.0830722647102,18.64668251096953,-183.41404114061345,12.986910048729767,188.6460491171596
139.10916569949597,-574.2227275911388,18.652531484420738,-183.4150902955237,13.009703963966189,188.66330393044657
139.10145308553285,-574.3607940151284,18.83615823564973,-183.41606018486186,13.03226875072715,188.68056168514104
139.0934795428571,-574.5008457139335,18.861825695367987,-183.41697108398998,13.054810785684543,188.69780625664131
139.0847458826013,-574.6393026213186,19.06134319657619,-183.41767791394258,13.076985431954911,188.71490672084673
139.07516129977537,-574.7797380721813,19.05395971742912,-183.418556242651,13.098211393502554,188.7321263059566
139.0651321798356,-574.9185719275495,19.224354016059827,-183.41971955637703,13.118392118732157,188.74929705120965
139.05351412217885,-575.0593776045424,19.250916922056135,-183.42093082505934,13.137788398906103,188.76653760657194
139.04092217824322,-575.1985750762319,19.435318250815875,-183.4221761840263,13.156592178234636,188.78369314218733
139.0274932091433,-575.3397378761523,19.436135589332615,-183.42344543554964,13.17477940913935,188.80077108062335
139.01244338034883,-575.4835527596757,19.614730705627135,-183.4245693022796,13.19216767143913,188.8178978229603
138.99769586606942,-575.6258526926872,19.62776895160446,-183.42558555450174,13.209450567195466,188.83504513105368
138.98403989045167,-575.7700924809935,19.81858497535956,-183.42668376386064,13.227631053801495,188.85243050087232
138.97326044088612,-575.9126688300362,19.836574637326,-183.42767932115595,13.246949613264759,188.86997499562744
138.96485227092487,-576.0571514053731,20.03234207707022,-183.4285987153315,13.267250920770472,188.88738236467398
138.95662727307945,-576.1999603626753,20.034379156471218,-183.42962321709106,13.288089531233977,188.9046737016506
138.94691322073768,-576.344670202311,20.21419401364999,-183.43056210929953,13.308311640657228,188.92186457836533
138.93662884624106,-576.4877021229164,20.225379842180715,-183.43159916437747,13.32806367410925,188.93884561455314
138.92678734063963,-576.6326308946228,20.414343448489216,-183.43270728373298,13.347289872263747,188.9560167845446
138.91676371023024,-576.7758778273517,20.40528976133958,-183.43386653189702,13.366276923468366,188.97319301161875
138.90725687982507,-576.9210177692418,20.574013851967727,-183.43474046630007,13.38490816730867,188.9903576794628
138.89757795100877,-577.0644721004574,20.58320174925583,-183.43540439378117,13.403096591309508,189.00737950194446
138.8892342583867,-577.2098157368273,20.77016742432171,-183.4359137260284,13.420613446606735,189.0242814406515
138.88168694552078,-577.353470124733,20.753980725913713,-183.43646923569764,13.43762224764994,189.0409595517561
138.87235291483353,-577.4990102449848,20.915571805283495,-183.43689811502338,13.45374735663927,189.0571013642979
138.86279429124065,-577.6428576077731,20.928613026442186,-183.43707375087112,13.468879424692208,189.07271643183807
138.8525053606022,-577.7843205899092,21.099669775795668,-183.43706351871424,13.482773811997971,189.08781222853924
138.84057225556816,-577.9275614446132,21.077070882083948,-183.43675699244923,13.494592660633755,189.10251380813915
138.8284800309266,-578.0691206705641,21.23224976615,-183.43655345630606,13.504878941934988,189.11643500490518
138.81776173844736,-578.2125969506617,21.22905591976403,-183.4362656271732,13.514032197163061,189.12977154652927
138.80829200367137,-578.3544160900497,21.40018067900147,-183.43559446125164,13.522015763710614,189.14278659745668
138.79879599444172,-578.4938868179798,21.363877329643483,-183.43464277827692,13.528803795388855,189.1553160973835
138.78942978467484,-578.6351709465991,21.505351758063277,-183.433486228737,13.534709067690331,189.16747838924326
138.7781676320061,-578.7790750477492,21.498421361409733,-183.43186047175996,13.538971511762355,189.17924147314997
138.76792024137268,-578.9214565073,21.64981216650597,-183.43005207444634,13.541694759626939,189.19022312626097
138.7588428771465,-579.0657751244398,21.60720089850801,-183.42795134835018,13.542625509607966,189.20050285754127
138.74971795182628,-579.2084286416535,21.74236740828783,-183.4254763373478,13.541746711585512,189.21001870860678
138.74030262433627,-579.3529869555261,21.6988373638707,-183.4225690507573,13.53921102618097,189.21896592231383
138.73096312329213,-579.4958702882666,21.833085097231354,-183.41934734632358,13.534966543972144,189.22724995999027
138.72218228266317,-579.6406531729372,21.77081713275595,-183.41605793254212,13.528811383646586,189.23492119387745
138.7140487238506,-579.7837568336339,21.886326946058322,-183.41256178916234,13.521095197289046,189.2418979972224
138.70780296534886,-579.9287560641394,21.836797513204523,-183.40907715176013,13.513729117340372,189.24847846101116
138.70243426214134,-580.076338863995,21.962072914883276,-183.40544404953027,13.506130329718152,189.25464331537978
138.69567465821606,-580.2223394223449,21.872296081869578,-183.4015453025177,13.497375644279886,189.26013879852533
138.69037567740304,-580.3659470800083,21.96029702663366,-183.39745521488402,13.487946415719131,189.2652576356778
138.68749929560624,-580.5113004041807,21.896276044789925,-183.3933884464283,13.478526903738382,189.26985749346903
138.6888461199316,-580.6549356143781,21.99606729087949,-183.3895023936084,13.469453556815845,189.27383445541062
138.69060776397987,-580.8004510565686,21.896084856422426,-183.38559231985727,13.460311462799924,189.27758931420743
138.6911935397018,-580.9442729922022,21.97388019974314,-183.38166810637767,13.450961747221315,189.28081884860134
138.69030381072596,-581.0857107589954,21.879517655090773,-183.37757701195363,13.441137420021695,189.28366027440256
138.69077607917825,-581.2289267993373,21.96293288821619,-183.3733671746987,13.431304443701954,189.28633545041288
138.69439047485375,-581.3704616440373,21.841952246229607,-183.36923400144536,13.42196986511752,189.28876544308673
138.70063700234647,-581.5139139762621,21.898749382020807,-183.36516072239164,13.413670408942163,189.2910134746537
138.70732111670054,-581.6557095950446,21.792857517013005,-183.36113498644343,13.406466308716732,189.29336606982537
138.71564035213382,-581.799423889005,21.861927141799622,-183.35714769387124,13.400237206499224,189.29567414266697
138.7254020715457,-581.9457446480423,21.723757744819235,-183.3531921373682,13.39489397313394,189.29794751417953
138.7377792321883,-582.0905056937444,21.76336612561662,-183.34926337003276,13.390866459801057,189.30043163949836
138.74885900590348,-582.2371626396848,21.65149849404625,-183.3455177403245,13.38780738783712,189.30330633171928
138.7574666121181,-582.3821129779975,21.698593987603783,-183.3417497409915,13.38513055871882,189.30634577327532
138.7646360322109,-582.5289271455285,21.56316256157191,-183.33796868659977,13.383067087090986,189.3093842181735
138.77264784999358,-582.678292721854,21.60550891331782,-183.3341814194355,13.381620578486492,189.31241923134937
138.78235864590576,-582.8260442695193,21.460851492450235,-183.33039296269777,13.38079312855121,189.31556814125045
138.79227112834644,-582.9756383227749,21.49397184936043,-183.32676700112324,13.380420390484401,189.3189168874968
138.80208297056475,-583.1234733172798,21.345162200417768,-183.32342520352316,13.3807121057772,189.32229009262193
138.81173513853818,-583.2731206245574,21.37413032925288,-183.3202947633244,13.38149082756456,189.32567823585356
138.82121809638477,-583.4210020771303,21.22575916101753,-183.3173221011668,13.382789550806345,189.32943343312488
138.82888789902773,-583.570693822548,21.255165770559955,-183.31462778527242,13.384468454027383,189.3334544654055
138.83608598899235,-583.7186186772664,21.09497961307854,-183.31213998491853,13.386424663541453,189.33766686910874
138.84308736358628,-583.8640863336889,21.1125712333749,-183.30996584067242,13.38841893659529,189.34213497860745
138.85036048666737,-584.0112603437833,20.960567930372356,-183.307703643478,13.39109890578002,189.34678663403662
138.85840763058434,-584.1609491498017,20.986342405147592,-183.30553888496343,13.394610003265905,189.35156875501
138.8677271303994,-584.3090120075415,20.82690413373566,-183.30328750571056,13.399223473863762,189.3566805221638
138.8775792240634,-584.4589105594266,20.845243640101504,-183.30113460580893,13.405137250547645,189.362148597168
138.8878101622762,-584.6070443596252,20.70030384399799,-183.29905583778702,13.412162883893117,189.36775399297358
138.89838202938859,-584.7569850843281,20.733141825672252,-183.29719328093736,13.42032830044967,189.37369333034837
138.91010372683755,-584.9051547036248,20.587243490885864,-183.29549093455344,13.429983633212965,189.37999316768514
138.92312245954562,-585.0508628005881,20.619122933877254,-183.2937475890412,13.441053655343191,189.38655177180527
138.93868122177372,-585.198272966817,20.488843920709233,-183.29181572714197,13.45364727632283,189.39329430836287
138.9541160430652,-585.3439270467569,20.536342685318992,-183.28990733710285,13.467347008795612,189.40028484645322
138.9676621142666,-585.4914250514132,20.406650840983485,-183.28785785610785,13.481845712156721,189.40757014963376
138.9806377802151,-585.6371940916132,20.45473677442576,-183.28570673017273,13.496917439766285,189.41518424916646
138.9933148223084,-585.7848108459058,20.33092027208007,-183.28348297672684,13.512561321400174,189.42291358682454
139.0045180661431,-585.9306977047337,20.384881547512162,-183.2815279397761,13.52828021031267,189.43083967302994
139.0140352153027,-586.0784304158097,20.260010946466902,-183.2797716993991,13.543709465550444,189.43902210720455
139.02061401273917,-586.224431209889,20.312918123199424,-183.27832458205648,13.558251274533212,189.44726614550396
139.02610090804532,-586.3722758314975,20.19766421179145,-183.27710544126563,13.572129363543212,189.45554803212752
139.032523387081,-586.518386539549,20.260188078161264,-183.2760545669601,13.58583905516073,189.46396942362293
139.0394523076052,-586.6620724459301,20.152794362942146,-183.27528802218765,13.599578402297876,189.47272563300967
139.04556263844634,-586.8074965257531,20.223178425500805,-183.27473066711258,13.613327284063075,189.4818387033306
139.0510116822011,-586.9511999866849,20.118587776823215,-183.2741672132423,13.626740269993943,189.49120537116298
139.05460652658297,-587.0925155412829,20.191774905923403,-183.2737597877701,13.639233676325475,189.5005096845768
139.05572607108127,-587.2356103600598,20.08585171516541,-183.27330714527915,13.650051396811863,189.5096408898051
139.05510085541445,-587.377025905361,20.1577063021852,-183.2726599682122,13.659299998593603,189.5185179212927
139.0533142463374,-587.5203610193228,20.05748497022944,-183.27187070772467,13.666893692345909,189.5269624457869
139.0496763236852,-587.6620415031737,20.135041416051457,-183.27097795429364,13.672607481371069,189.53520140335306
139.04448787766236,-587.8056427163432,20.01891868856428,-183.26985009959594,13.675945594672745,189.5428040660986
139.04029511819772,-587.9475857470113,20.080573738854884,-183.26855083984023,13.677373245232044,189.5499333547199
139.0388269041793,-588.0914450625208,19.973033304081092,-183.26680526016173,13.677563954090878,189.55647094294912
139.03915825829392,-588.2336416358447,20.043270647085073,-183.2647339308329,13.676682069517055,189.5622096952568
139.03943236899892,-588.377749976133,19.91280396945834,-183.2622655596088,13.674354844767791,189.5672384223311
139.0380484658919,-588.5201911289746,19.96011506960938,-183.25934821843592,13.67030843920076,189.5717419942546
139.03594197553338,-588.6645396812642,19.833505244993756,-183.25610422582608,13.664343564505646,189.57561822700364
139.03330848225409,-588.8072167562552,19.88467319815591,-183.25246179460035,13.656646447894115,189.57891185437336
139.03184082029506,-588.9517970173868,19.731093162349918,-183.24869219055074,13.64735519575864,189.58141619901838
139.0310378646813,-589.0947016631436,19.7552909043217,-183.2448326771894,13.636408947574175,189.5831012880256
139.0320237145942,-589.2395054308636,19.578658974531457,-183.2405888832336,13.623762765618833,189.5838249805971
139.03417463796922,-589.3826295916131,19.579804822518994,-183.23558527799204,13.608889206615478,189.5836047836112
139.0369386517931,-589.5233822873489,19.370040772577564,-183.23019070323446,13.59157056982936,189.58209526334724
139.03978597328793,-589.6659255406315,19.33805450041391,-183.22435243489824,13.571978270346357,189.57916513669736
139.04178812774455,-589.8067996235992,19.09803894219938,-183.21819398084287,13.549415144707403,189.57459850325483
139.0444141070413,-589.949602996657,19.03580116176263,-183.21196797588595,13.524032135999096,189.56835760183853
139.04753817071162,-590.0907612464272,18.82066975736873,-183.2056979678279,13.49610777571434,189.56041622915382
139.05195119790667,-590.2338495542099,18.7788177934596,-183.19940126416947,13.466344579260438,189.55087756987024
139.05655925475324,-590.3752888398843,18.540582463667725,-183.19260880302957,13.43525935912379,189.54017604588907
139.0615514473883,-590.5143867401853,18.48012491165363,-183.18577882414652,13.403232286259916,189.52851215581762
139.066549467108,-590.6553047488295,18.26297591504738,-183.17892740334415,13.370708323238622,189.51603200962674
139.0714775692975,-590.7945826119085,18.22341055564557,-183.17206634861944,13.337848884291239,189.5030852579671
139.07591093274988,-590.9358182718215,17.982583740745397,-183.16520432773365,13.304607304721566,189.48932961496516
139.07977162950792,-591.0754368061605,17.919534703623007,-183.15834769790388,13.270784370099609,189.47511212332822
139.08263977412875,-591.2170128962296,17.705792767917274,-183.15118111629724,13.23640161771453,189.46033035824038
139.08444728359865,-591.3569669708303,17.662366072828213,-183.14363182923788,13.20147356141639,189.44455059863532
139.08683829257032,-591.4988728510542,17.42591543837359,-183.13564860199057,13.166505551632053,189.42793389172616
139.09095644042588,-591.6391508754396,17.367242581696743,-183.12751424814078,13.131704658633199,189.4108373049779
139.09741655795537,-591.7813749300881,17.15277137481939,-183.11959807643038,13.09755325207081,189.39340400331363
139.10425319219257,-591.9219654486789,17.110171187058167,-183.11217071933035,13.063908492367661,189.37609660697913
139.1127105643066,-592.0644964171269,16.877954333187553,-183.10510842837314,13.031822513481025,189.35901781446094
139.12383757914816,-592.2096550351063,16.82351525709472,-183.09799835240153,13.001237050285509,189.34247917922363
139.13698471610192,-592.3532747048696,16.61411278777771,-183.09085955415355,12.972275152341878,189.32635136033474
139.1503488959748,-592.4988106607974,16.575168919670322,-183.08370603850133,12.944860279492243,189.31077736482925
139.1631557494288,-592.6469266959182,16.353375703525362,-183.0765480887666,12.918273593820741,189.29574423891205
139.1723818845722,-592.7934522077117,16.309360265158187,-183.06955324999333,12.891492989133798,189.2810002245826
139.17747177102027,-592.9418423631162,16.088144339752102,-183.06140068800406,12.863271315484143,189.26648133120807
139.1787855737887,-593.0884950094772,16.04470619212379,-183.0516045979337,12.833521943860633,189.25238043221677
139.1772703635152,-593.2369810941702,15.852449159435876,-183.04013018379504,12.802349815386627,189.2387177076834
139.17397890029048,-593.3837220644361,15.837969904525735,-183.02775697593,12.769831373780901,189.225507566841
139.1687345539525,-593.5280270291285,15.650492793423895,-183.01537742885037,12.736189207826675,189.2126410630527
139.16153155058424,-593.674059122097,15.64079346009983,-183.00300423705522,12.700760881497729,189.200037996663
139.15116103630228,-593.8183597398432,15.466226926755992,-182.98952314863917,12.662404418295171,189.18716109820244
139.14030451159627,-593.9645284537592,15.46943817118993,-182.9752415858908,12.621934749352588,189.1740948356885
139.1299176331568,-594.1089919429777,15.309848894164798,-182.9595839255768,12.578961147017493,189.16078220954654
139.11812796401958,-594.2553264620769,15.328037394917445,-182.94341104496823,12.533528192285518,189.1470625279673
139.10417207870384,-594.3999539851027,15.148653982953334,-182.9273564898153,12.485176541755594,189.1326974232288
139.08792632274358,-594.5464498508086,15.147048348767001,-182.91204653293445,12.433900826885422,189.11763355493324
139.0685771989614,-594.6955025549605,15.020651178622623,-182.8968144458592,12.378874821023398,189.1015924279121
139.04888258915307,-594.8429467661203,15.035665215897362,-182.88165300294105,12.32114751377256,189.0848489032718
139.03104342770123,-594.9922389610119,14.9030852180971,-182.86559328702066,12.260829231998592,189.067726059066
139.01423973510578,-595.1397774858781,14.941049571159619,-182.84937089064613,12.198499185158127,189.0504593785959
138.99788212213184,-595.2848669510522,14.795108104355432,-182.83352539295757,12.134253248421645,189.03345989969242
138.98020192224453,-595.4316697763388,14.826944415329022,-182.81813037252556,12.067999877705184,189.01667147925235
138.96004287892848,-595.5767274112437,14.72410201844784,-182.8025976087665,11.99851639173293,188.99969542472587
138.93926410665384,-595.7236396328203,14.792207312690959,-182.7866558623576,11.925733917671735,188.98247775058448
138.91783557557093,-595.8688333534689,14.67736300143765,-182.7704283657801,11.849441325655597,188.9652173044358
138.8974031873907,-596.0158850632381,14.740296467962118,-182.75368574352035,11.770311796109846,188.94794083476728
138.87869439953397,-596.161216968737,14.665582717012164,-182.73674024475784,11.688345516401975,188.93078708249058
138.8593626345026,-596.304137970726,14.765180256977668,-182.7196610325589,11.60387581215718,188.9139767929699
138.83935988136113,-596.448810804429,14.68130571168343,-182.70233894536182,11.516820458544634,188.89743331861652
138.8190967475313,-596.5917764352843,14.775208944166971,-182.68533592502143,11.42745034459895,188.8809811029186
138.7998910576893,-596.7366340032646,14.742870969574515,-182.66890200083847,11.33547195762136,188.863893989982
138.78240378201156,-596.8798097621476,14.880378274112633,-182.653221799548,11.241331928986575,188.8459991409485
138.76633023042072,-597.0248795484181,14.848871951191654,-182.63794826633537,11.1451943764953,188.8274069697542
138.752823136381,-597.168264925428,14.995143406048452,-182.62330653285383,11.047677428778147,188.8080817331275
138.74289787918897,-597.3092741618906,14.99925637943297,-182.61010291182706,10.948904939626654,188.7882360931718
138.73383014857987,-597.4520693722139,15.181147130595264,-182.59796564315246,10.849299517858114,188.76802646467704
138.72670555323378,-597.593190912096,15.197493879277998,-182.58678115488607,10.748675816989754,188.7470896531456
138.71842824585192,-597.736237322656,15.391618405738509,-182.57694886957526,10.646569932515634,188.72516174010863
138.70962745110123,-597.8819009361791,15.433587497972152,-182.56859871735216,10.543302540850153,188.7022865107792
138.70002401462432,-598.0260163300136,15.647999415662909,-182.56182288508424,10.438944503814712,188.67861780526138
138.69080907645426,-598.1720391054203,15.666976131168939,-182.5566893548566,10.334044756207554,188.65426914494364
138.68221356151068,-598.31636658878,15.863730624452746,-182.5529265203742,10.228675665067897,188.62932438324844
138.67756017853603,-598.4583023561894,15.902719087619987,-182.55113398529124,10.123221383418755,188.60420287588687
138.6749951811797,-598.6020078050498,16.11948532856501,-182.5511097075768,10.018129032535235,188.57933319637647
138.672471896465,-598.7440233793723,16.130623322160652,-182.5527039512906,9.91389151296951,188.5545511858943
138.6695821743279,-598.8879478683969,16.319539093534075,-182.55596547139066,9.810537080832006,188.5302128278199
138.6666602629767,-599.0302072142957,16.35754050819975,-182.56012498393392,9.70808745008154,188.50658056005173
138.6641841365219,-599.1743769542054,16.561877749356427,-182.56558110470215,9.60672307335335,188.48384443163502
138.66224482751153,-599.3168783588386,16.58334158715664,-182.57182322161688,9.50624465124303,188.4619047930791
138.66126179660708,-599.4570194097729,16.782583202734624,-182.5776726316018,9.4060092433388,188.44080874898867
138.6613053355411,-599.5989619394653,16.809352038412904,-182.58371063480712,9.306371810659398,188.42046920398994
138.66155356922243,-599.7392460267091,17.013898651868963,-182.5900415725934,9.207261459751694,188.40105983792066
138.66183921141865,-599.881469940667,17.03935560106321,-182.59658170157215,9.108625733566265,188.38234985583614
138.66048560618438,-600.0220590798579,17.242590328035234,-182.6050365350885,9.011252408378226,188.36405027532453
138.65923406940513,-600.1645884407825,17.255432748578052,-182.61552974763595,8.914230064655106,188.34582970003794
138.65843141261774,-600.3097454284763,17.446052946898646,-182.6263848886173,8.81656112720068,188.32815970242774
138.65731928072526,-600.4533634865878,17.48306276657975,-182.63717401699154,8.718174171176589,188.31114916844479
138.65451662635422,-600.5946311908453,17.68335332649672,-182.64822692356196,8.619182789940098,188.2951138060409
138.65141572746074,-600.7376863503159,17.69953246970193,-182.65946344267044,8.519836155886724,188.2798078231171
138.64295883689152,-600.879064438561,17.893489390684913,-182.67162640073428,8.41982131122013,188.2655285460191
138.63067457931965,-601.0223630686394,17.902278835793084,-182.68461793584711,8.318744014187986,188.25213399032856
138.61697822445495,-601.1640077821233,18.088846058679035,-182.69852732387577,8.216813876351804,188.23928102549743
138.60442624273423,-601.3075738763632,18.112121072741626,-182.71357921792,8.11401825982629,188.22695576326527
138.59269231938228,-601.4494824178585,18.313173864581994,-182.72913379246984,8.010183332809957,188.21502843872767
138.57923377905846,-601.593307860659,18.304050389385132,-182.74504317310198,7.905843875813259,188.20328442612123
138.56562172569153,-601.735471166312,18.47270469196605,-182.76119860318946,7.801227176348291,188.1916852813866
138.55052989669718,-601.8795468330773,18.496069104596568,-182.77864366471744,7.696004158361672,188.17996446122
138.53371230747862,-602.026222562582,18.68456543694865,-182.79685894924708,7.589605149475163,188.1681648309101
138.51185719415076,-602.1713322498151,18.685912260282958,-182.81578287261394,7.4811156574921895,188.15595878394421
138.48519695983504,-602.3183316130421,18.865036861395044,-182.83456786541842,7.370034024120238,188.14334643680573
138.45754242465424,-602.4636182538576,18.877004980134682,-182.8535560558169,7.257315559626033,188.13032823607145
138.43542633824524,-602.6107627179658,19.062909556674207,-182.87412171272618,7.145809835388393,188.11511286998982
138.41843025926394,-602.7561860254654,19.053095925484968,-182.8961458978261,7.035621459093779,188.0974642185344
138.40228923711373,-602.8991968590475,19.22106007207351,-182.91890009321241,6.925341527625201,188.07792773438396
138.37956212086698,-603.0439579326575,19.231109239273163,-182.94088407019063,6.813275593412577,188.05809798313197
138.35543034923194,-603.1870102301149,19.410257427558,-182.96244367902338,6.699999538018063,188.0379516846733
138.33464796504921,-603.3319529174448,19.398700147501852,-182.98399469823048,6.586761639139404,188.01675560386164
138.31483103004308,-603.4752122756404,19.56492064522348,-183.00552026191727,6.473652377615818,187.99480852361856
138.2975441368368,-603.6203641682481,19.562844258916744,-183.0274898021659,6.36123399171842,187.97113733008598
138.28100911002718,-603.7638301852656,19.738545650387785,-183.04992539674626,6.249091508734355,187.94610371675756
138.26444895465602,-603.9091852882566,19.72149385116505,-183.07252282175256,6.136920370093833,187.9200932476796
138.25058507356,-604.0528509358661,19.882219829720093,-183.0947370580267,6.025985258317366,187.8933895381356
138.23868962251683,-604.1984021143002,19.882140165135493,-183.11697232102063,5.916055175229453,187.86572296665832
138.22776770389908,-604.3422603376947,20.059838278328666,-183.13872146115304,5.8058024954758904,187.83761488893796
138.21514249238672,-604.4837339864597,20.05556495004307,-183.15993300084023,5.6945863583272995,187.8096844693751
138.20194551419254,-604.6269853172942,20.229069399535252,-183.18073144549896,5.582597211210931,187.78214738172287
138.1888218730185,-604.7685548322818,20.22860880122189,-183.20120846629715,5.469975402693406,187.75504232599414
138.177952879923,-604.9077745509978,20.40592598068631,-183.22159335224578,5.357981750755939,187.72803996483665
138.1722102865672,-605.0530776300158,20.391273355071082,-183.24253433051723,5.2475385191122355,187.70042224846352
138.16962975670933,-605.1975308484147,20.554398507233632,-183.2637044956225,5.138661100778753,187.67273515401348
138.16812900708678,-605.3440263155836,20.555830179227186,-183.28454213537026,5.031194058800174,187.6452600152799
138.16439977972814,-605.4931134080847,20.730643528745603,-183.30415384528717,4.924360819074726,187.61832206641722
138.1602778947225,-605.640598475892,20.709897732624732,-183.32284910736377,4.818087330547999,187.59180200163667
138.1569574338853,-605.7856655733519,20.86692971428164,-183.34149746745783,4.711988124890134,187.56489729190724
138.15384448221374,-605.9324525669117,20.8813775572927,-183.3605766342224,4.60594570374113,187.53749620229064
138.1553381943546,-606.0774959024499,21.046139690769056,-183.37979476661934,4.501196517828536,187.50915812394754
138.15773199535195,-606.2243943345004,21.04148571727363,-183.39877594658455,4.397158148143452,187.48027722105243
138.16027176895085,-606.3738412303753,21.21460952155599,-183.41724648927317,4.294064188909375,187.4512621409551
138.16280461584554,-606.5216723520516,21.195308498924874,-183.4348443685877,4.191754436414243,187.42253356653617
138.16612138802134,-606.671344498491,21.35378525407154,-183.45242842997962,4.090441377529889,187.3932050772365
138.1699584400491,-606.8192561793559,21.367065731571984,-183.4699867279515,3.988791950012448,187.36322272012586
138.17343430997394,-606.968978800978,21.538321368182586,-183.48735052537268,3.8869862072107573,187.33338484427128
138.18007561999485,-607.1169342223551,21.52583804669057,-183.5051980323479,3.7863136605275525,187.30308211056078
138.1893106749591,-607.2666986154682,21.69113250297633,-183.52354439521207,3.6867269443727335,187.27234630574148
138.19934380257476,-607.4146948204485,21.685405185852467,-183.54191850007228,3.587859692130868,187.24143934726888
138.20939385135017,-607.5644992195538,21.857455646506384,-183.55997661652526,3.4897732620938284,187.2105534600803
138.21889368366382,-607.71253470603,21.8393710799875,-183.57730517870942,3.3920159562781382,187.1800695903997
138.22650391951447,-607.8623776830617,21.9990642912464,-183.59376155348562,3.293594903607718,187.15014585255358
138.2319835571626,-608.0104510580867,22.005325585152985,-183.60956369627397,3.193949699735092,187.12089947693082
138.2369591425459,-608.1560645802656,22.18500634094774,-183.62487202258873,3.0934953584954017,187.09205494149464
138.24299693137303,-608.3033818506709,22.162974551047014,-183.63996638719948,2.993031164823188,187.06293517289345
138.24957195678118,-608.4489446917646,22.31872053892407,-183.65489042934763,2.893145047539278,187.03351856198776
138.2582160291441,-608.5963530865894,22.314413930441187,-183.6696763025413,2.7945983072665976,187.00367219260184
138.27043808409113,-608.7420341172116,22.48679982005512,-183.68402593105884,2.6981115961268394,186.97353719710318
138.28443568855124,-608.8895644336691,22.464574745159332,-183.69804289158853,2.603552005650015,186.94333644022896
138.3002319925394,-609.0353663983483,22.62012744804132,-183.71148165829555,2.5099936899619886,186.91323341457434
138.31698471122093,-609.1830157313965,22.622150473663957,-183.72464624840669,2.417418138733025,186.88334970561465
138.3336904519532,-609.3289346364929,22.797233711291636,-183.7375980738229,2.325645570819578,186.8536533921948
138.34891720433856,-609.4724321649044,22.776182041980267,-183.75006058128474,2.2340474329534326,186.82435912111603
138.36075515635395,-609.617671230908,22.932908150446675,-183.76231317779562,2.1416684088000784,186.7949074982173
138.37256831964442,-609.7611929821579,22.93783171640697,-183.77456272619,2.049129516057574,186.7648902187598
138.38585296020094,-609.9065967388839,23.119498608318633,-183.7871191508115,1.956886309809909,186.73400658429654
138.40253007021158,-610.050308932165,23.100386353040967,-183.80037123451098,1.8654361565084567,186.7021559638374
138.42458004410403,-610.1959055726747,23.25905187554108,-183.81412168857102,1.7753101977260508,186.66938630975508
138.44451454669974,-610.3440750615209,23.270708283374287,-183.82774361382522,1.6849145379987522,186.63633093737494
138.46250866433246,-610.4906518206374,23.443804532274427,-183.84093917624378,1.5944014492760676,186.60273630968516
138.48068189974404,-610.6390920532338,23.43957616129871,-183.85381034319406,1.504213368702298,186.5684187566596
138.4998644949189,-610.7857938305515,23.61312556810077,-183.86691395687475,1.4141784612871315,186.53312334065717
138.51979925402614,-610.9343281582027,23.61825455150288,-183.88065816161227,1.3240052452170876,186.49690397661925
138.53960092934585,-611.0811165077051,23.801161312682765,-183.8951799160539,1.2333147567699736,186.45979924567888
138.56032636408133,-611.2297346717182,23.79991178334556,-183.91025896538574,1.14232554901385,186.4221973387709
138.5809417889615,-611.3766051180787,23.976440031786133,-183.92573329403763,1.0511981597269024,186.38426426007058
138.6061735702723,-611.5253038634492,23.987120283553484,-183.94132373923208,0.961701994996717,186.34624292923695
138.6348462153128,-611.6765201086876,24.17557831309861,-183.95714547838423,0.873481613754584,186.30783156579963
138.66379924436978,-611.8260892228561,24.172268101836355,-183.97328276933726,0.7862752251870158,186.26893009966489
138.6923965738168,-611.9774683722981,24.346735668351876,-183.98963712068561,0.6990650591484106,186.22982291507748
138.71928404576747,-612.1270565808915,24.36868220407873,-184.00581611245602,0.6119296431119682,186.19083785445554
138.74667914661782,-612.2741591245708,24.56348590803274,-184.0218521258766,0.5250918307802553,186.15161967146216
138.77543059848043,-612.4229390768683,24.567555310218193,-184.0379290342731,0.43854945033186127,186.11202539267015
138.806099522119,-612.5742051960123,24.749402490181428,-184.0543434195112,0.3521353131582995,186.07195228298474
138.83589264875437,-612.7238172081644,24.77191630844532,-184.07082891942403,0.26589203361932456,186.03168276229724
138.86508689152137,-612.8709705836343,24.97220790448699,-184.0873519163206,0.17985071037197023,185.99130500200437
138.89251415050649,-613.0198060504276,24.974288095639764,-184.10356772389693,0.09370330291469085,185.95124286845447
138.91837482505187,-613.1668611644025,25.154146064570316,-184.11954384525387,0.007224009176761803,185.9116860275237
138.94355438644908,-613.3157354239703,25.179384366449025,-184.13548999571987,-0.07925646401698773,185.87253489615
138.96906272701014,-613.462856189854,25.3746878020976,-184.1513999931765,-0.16533026394661118,185.8335969750127
138.9987931492271,-613.6118005394418,25.382891286140325,-184.16742933620634,-0.2505351045492714,185.79389535286757
139.0268918217704,-613.7632579527983,25.568872547960826,-184.18321195101825,-0.3365131928982895,185.7543854180919
139.05467518548053,-613.9130639179186,25.585761340119813,-184.19831782503496,-0.42165923796054877,185.71517028510704
139.08446612402906,-614.0646756863323,25.780427910056577,-184.21291399502496,-0.505294543683574,185.67548975355356
139.11505621753034,-614.2144923591427,25.784182686350466,-184.2276051854665,-0.5875822980638514,185.63502497907785
139.14701552735906,-614.3660859534858,25.965715240422135,-184.24283477651431,-0.6689740367888871,185.59354283959206
139.17920481471347,-614.5158789343493,25.9942261680298,-184.25844565725916,-0.7496363491545454,185.55159150544506
139.2097485165973,-614.6674480701224,26.195691561185555,-184.27400049633226,-0.8301880490234462,185.50993071862132
139.23952870207137,-614.8172167869463,26.20114189338681,-184.28950041165578,-0.9100910315503972,185.4685200316451
139.2703770882923,-614.9644953760078,26.384370003365838,-184.30494627186044,-0.9892819298198942,185.4268513385011
139.30100038205853,-615.1134479773614,26.405788812056272,-184.3203387619911,-1.0678802410576853,185.3850304796724
139.33401957048915,-615.2606169441763,26.60498539852448,-184.33567843185403,-1.1456434566400142,185.34277609566053
139.36787144272833,-615.4096027809998,26.60313611163829,-184.35080573159186,-1.222559812550042,185.30000313041123
139.39976395843516,-615.5610997488125,26.779064602529875,-184.3656038467493,-1.2997787679395736,185.25700700377917
139.42793457594544,-615.7109443192808,26.812517023963856,-184.3799856282232,-1.3774816572092838,185.21448277757895
139.45413705392292,-615.8625939541669,27.0032115685609,-184.39388931452342,-1.4553050287562186,185.1719850776743
139.4816283576404,-616.0167144737959,27.02650939579536,-184.40791181664179,-1.5333129109761874,185.12894727278626
139.50939710574193,-616.1691372340944,27.227585000807604,-184.42184898591378,-1.6113867606832968,185.08578986895924
139.53888152052502,-616.3233193188247,27.228306604015952,-184.43571118917023,-1.688282254236792,185.04270223249145
139.56993417918972,-616.4756604565697,27.406805985002084,-184.44918431761235,-1.7635839350611444,184.9998231699862
139.60126951548528,-616.625466775403,27.428883575440025,-184.4622001484098,-1.8371556628345043,184.95701606533126
139.63386017363527,-616.776902218364,27.628738943655748,-184.4748690579738,-1.9100529168346707,184.91418066941512
139.66541527346246,-616.9265097376282,27.625672993011264,-184.4871105196025,-1.9822254258420509,184.87136260248158
139.69631447798312,-617.0778905874348,27.800384820144558,-184.4990276381128,-2.0538023018467144,184.82859530397255
139.72458971475592,-617.2274731312637,27.831925460504603,-184.51053631200872,-2.1252094230929375,184.78590325101794
139.7498829101673,-617.3788352843848,28.02525673476322,-184.52157522992172,-2.1974205845196404,184.743185215517
139.77134352741606,-617.5284006531866,28.035225290603456,-184.53209806996466,-2.2703225210463165,184.70048609773585
139.79419818914258,-617.6797461798794,28.22297162422147,-184.54191309926728,-2.343170224258282,184.65783880772057
139.82275950457563,-617.8335619351041,28.229398846121054,-184.55120034288984,-2.4140965139699384,184.61514832232473
139.85328794537494,-617.9856841341831,28.413603845798416,-184.56041228835272,-2.4835507215238466,184.57258321852572
139.88377562897836,-618.1353041063127,28.42451462394185,-184.5695608267692,-2.5518636650886912,184.53014789687887
139.90930244742023,-618.2865623712266,28.613203179863063,-184.5784947346508,-2.6204345146672763,184.4882028024295
139.93306160030085,-618.4402637327074,28.629373572041246,-184.58629974999985,-2.689629543456312,184.44641627023114
139.95612931211713,-618.5922677385829,28.82332174199721,-184.59326997303359,-2.759055463640755,184.4045449383788
139.97955377270804,-618.741770438587,28.822250171602672,-184.5996218192823,-2.8282583255861105,184.3627677501863
140.00477154628103,-618.8929132834612,28.99895637898592,-184.60535454313646,-2.897070764501072,184.32085673595608
140.0316319963374,-619.0422345701824,29.023066232840467,-184.6107881481467,-2.9652068376924876,184.2791248368664
140.05926029973412,-619.1933345314173,29.220118620694205,-184.61599756946697,-3.0324556772882434,184.23779960612342
140.08747234903944,-619.3426412503286,29.215998981126635,-184.62119973659566,-3.0989941021675413,184.19680933237314
140.1149892428253,-619.4937325141061,29.389657119336846,-184.6262301820575,-3.1647870776548777,184.15598201843858
140.1415633096845,-619.6472984999943,29.417691496031942,-184.6311302267899,-3.230140240943231,184.11507227709242
140.16674953554082,-619.7991753807275,29.610296091333055,-184.6357702887254,-3.2952781169182965,184.07413845319226
140.19088932242883,-619.9485544136817,29.611217283325125,-184.64037557211037,-3.3602002151960835,184.03310246548486
140.21488716677632,-620.0995760419446,29.789916253094976,-184.6444694798619,-3.4242450346307307,183.99214892297456
140.23851531994055,-620.2487783261117,29.80236675402248,-184.64818473978647,-3.487589587518689,183.95129224342438
140.26337793446757,-620.3997614200848,29.992595032727763,-184.6514590221847,-3.550033638669842,183.9106620248712
140.28936583963832,-620.5489533609049,29.997619516861775,-184.65408701059033,-3.611761816057425,183.86999399346564
140.31438786384206,-620.6999318968249,30.180421778773567,-184.6563987140784,-3.6732408165273798,183.82933438199626
140.33886084306374,-620.8491205014761,30.19292232638465,-184.658476420446,-3.734482439257322,183.7887170870236
140.36164217536228,-621.000095993052,30.38292001686987,-184.6597389042974,-3.79499954797994,183.74864515063297
140.38499495488352,-621.1492816550216,30.373164412097733,-184.66040243609572,-3.8549315534449886,183.70877054114595
140.40854056209608,-621.3002542660996,30.54118658510337,-184.66110792436018,-3.91421587696074,183.66907608215223
140.43137919732212,-621.4494371009752,30.561037011252537,-184.66152177582137,-3.9729725365372146,183.62978723970602
140.45416228867208,-621.6004069358474,30.748815417172374,-184.6617213924255,-4.030959347749707,183.5911898839213
140.4770209117254,-621.7495870441786,30.74110495712989,-184.66160372603082,-4.088164726329758,183.55301481600455
140.49956954070265,-621.8962875345499,30.911172274865187,-184.6610917122516,-4.14474620508728,183.5150624703625
140.5229692570303,-622.0446723610215,30.929174914765184,-184.6607727432915,-4.201481195993829,183.47694985647357
140.54456195041809,-622.1912836927369,31.119047478434076,-184.66075740183783,-4.258443664706638,183.43875359041593
140.5646648098008,-622.3397218532277,31.114134128498222,-184.6608029564146,-4.315687650505181,183.40052993167106
140.5850051283824,-622.4906809256355,31.286998556340144,-184.66009134980968,-4.37292186529033,183.36267749487445
140.60510365427285,-622.6399972069524,31.30136109367486,-184.65882512421067,-4.43009803980807,183.32513093411706
140.62856753147904,-622.7911279873836,31.493501408787353,-184.65715330354988,-4.486354161530139,183.28796294606462
140.65401343713924,-622.9404722520936,31.480847451659862,-184.65550553257324,-4.541391350204963,183.25110561620747
140.6803169622764,-623.0916018730059,31.64597127231015,-184.65387686271697,-4.5951550660329845,183.21426886443115
140.7064179167292,-623.2409391661055,31.659709164462043,-184.6524254258333,-4.648267778470394,183.1774799470268
140.730873365693,-623.3920607521408,31.850184353356564,-184.6509434721845,-4.700855877121409,183.1409988094218
140.7534199027292,-623.541389911984,31.839887583720547,-184.6494404568668,-4.753012514019157,183.104654915792
140.77567466218653,-623.6925034607599,32.00736859186232,-184.64776333233883,-4.805300606398377,183.06808664009387
140.79796522066025,-623.8418247168509,32.02266184930165,-184.64628179627846,-4.857638621159673,183.0313863226796
140.82117791766115,-623.9886638343182,32.21090460198152,-184.64478323090415,-4.909803167432481,182.99462179717787
140.84342357289904,-624.137184812168,32.19280086005544,-184.64327350942443,-4.961463468328157,182.9582001986569
140.86515943713204,-624.2839298637427,32.35247489590714,-184.64143694877535,-5.01320229123536,182.92218334356494
140.88648421087277,-624.4324993559954,32.38225658860855,-184.63920056078933,-5.064789151330656,182.88661442641433
140.90783414751073,-624.5793207480496,32.553609070213625,-184.63651295399,-5.116382272599356,182.85152472501372
140.92847480651818,-624.7279710602659,32.56498470217231,-184.63365684237806,-5.168264791509649,182.81693675045327
140.9474480539603,-624.8748730187409,32.75413811190877,-184.63067969933607,-5.220809417562521,182.78262834266408
140.96293975512575,-625.023602700836,32.75521029198523,-184.62777822403922,-5.2742888825190155,182.74819633575854
140.97833793173038,-625.1705826610653,32.934060249839455,-184.62461303973348,-5.3282410253693175,182.71382518461823
140.99555351824446,-625.3193889619315,32.93599865316022,-184.6212572823184,-5.381830507881433,182.67952921317345
141.0149410761767,-625.4664441746461,33.11571483425876,-184.61760475418527,-5.434446848827756,182.64531885881337
141.03613173867976,-625.615324384483,33.122782095680414,-184.61389784088394,-5.486302782544991,182.61108081063034
141.05286075489693,-625.7667188529821,33.307627134879844,-184.60999434015994,-5.538710545686478,182.57721199857556
141.06804885140403,-625.920729674106,33.30888169045382,-184.60595014510443,-5.591476399060737,182.54316584307
141.08353408881882,-626.0773400562991,33.48791402380558,-184.60148459126808,-5.64544994895825,182.50949812117207
141.1005029643719,-626.232243003048,33.505157201562476,-184.59639401037361,-5.699930499817352,182.47649517745035
141.11752723243367,-626.3888680652433,33.70017815709715,-184.590849601264,-5.754734424225301,182.44400907367444
141.1347311227403,-626.5436099940878,33.70917182971341,-184.58385375760474,-5.811212996858486,182.41228997350663
141.15049425994488,-626.7000411888296,33.895943280107446,-184.57563796935895,-5.869200108347836,182.38151887074045
141.16451128191105,-626.8545854375368,33.902535280771986,-184.56701663578372,-5.927415270899272,182.3511129848268
141.17633706096152,-627.0108210010554,34.0869050592143,-184.55810556570785,-5.986076590751748,182.32040461872586
141.1842675136824,-627.165172810633,34.092458599201905,-184.54914994314936,-6.044682282562896,182.28878528570183
141.1925398902542,-627.3212193103528,34.275789916967284,-184.54033138710145,-6.102370197639903,182.25616690523026
141.20774966668495,-627.4753854201051,34.27828997905541,-184.53145940743335,-6.158011131631807,182.22308488407978
141.22495193960046,-627.6312495338584,34.45856781892132,-184.5222361366479,-6.212266820886641,182.19004959933915
141.24066361282036,-627.7852365143497,34.46452848929551,-184.51276345083934,-6.265789103388287,182.15719884155214
141.25092215563757,-627.9409246977993,34.64826693744749,-184.50295628084564,-6.31988153446426,182.12415349309364
141.2619992842097,-628.0947388898983,34.65030558509747,-184.49307253993396,-6.373849770111561,182.0903974851191
141.27349325521539,-628.2502573707728,34.83012201052523,-184.48298143256324,-6.427513624012816,182.05615033217322
141.2849071248979,-628.4039048910078,34.83190517281822,-184.47290722632908,-6.4805758967635025,182.0215734481621
141.29573197705804,-628.5592596766047,35.011466112888975,-184.46269436911174,-6.532984510205772,181.98666638526666
141.3066957389275,-628.7127464249902,35.01353882525322,-184.45222713482426,-6.584867188054364,181.95142910857868
141.3171206870144,-628.8679433099562,35.19338931539526,-184.4411008837825,-6.63813495075395,181.91645744157765
141.32441316197202,-629.0212749776523,35.20406471545651,-184.4291812437885,-6.6928670932218655,181.88195164093992
141.3285096493266,-629.1763195515092,35.39251789329555,-184.4165286026873,-6.749285796726584,181.8479372585692
141.3319086780071,-629.3295016282146,35.398614069522424,-184.4033496742329,-6.80689116169962,181.81431348460083
141.33553053987822,-629.4801326159544,35.58248802352708,-184.3897965163226,-6.864984873647225,181.78088693348215
141.3440770130186,-629.6323777451864,35.58860349787736,-184.37598097072944,-6.922558401187783,181.74775383605424
141.35430819190597,-629.7827804386568,35.772496750005416,-184.36166528798714,-6.9795339503609135,181.71510361186395
141.3639094685097,-629.9349422511121,35.78376084203806,-184.34651556305346,-7.036351003798666,181.68295740602497
141.37242687983385,-630.085291808254,35.97280271184848,-184.3306076736016,-7.093166656316308,181.6512093880488
141.37896193714104,-630.2374072761871,35.96789072606334,-184.3146379371826,-7.149765445356964,181.62001981718802
141.38500758060758,-630.3877125062902,36.140756518055966,-184.29863704164228,-7.206154891146461,181.58926749827484
141.39210313659888,-630.5355180144435,36.155117509353204,-184.2831075190979,-7.261350472377741,181.55826583285113
141.40012909385442,-630.684988122091,36.343946785883006,-184.26809925188172,-7.315456156860788,181.52674975924455
141.40904831774847,-630.8326653525506,36.33551538359367,-184.25380657925484,-7.368053156453368,181.49500535614706
141.4208957882304,-630.9821503758507,36.504861759082125,-184.24037315836912,-7.41867036757108,181.4632408397812
141.43439418844974,-631.1298709484986,36.518510977972994,-184.2274217962455,-7.467625407397338,181.4314898088109
141.44885213070233,-631.2794043828717,36.70861697434112,-184.21483545620262,-7.515318006018908,181.3996577791582
141.46124124618285,-631.4271736918565,36.70390911179058,-184.2025279868768,-7.5627037543360425,181.36791375672027
141.47221906222214,-631.5724885678137,36.87697902701781,-184.19059596271617,-7.609987691764753,181.3363816009265
141.48152648943395,-631.7195125233739,36.885938189760274,-184.17894987125374,-7.657320271042017,181.30503284258802
141.49159946658213,-631.8647872874867,37.07102251642992,-184.1676838158513,-7.703654447604417,181.2733682190575
141.50291607137595,-632.0119127499984,37.06260854620432,-184.15686824560873,-7.74855572068564,181.24161921849594
141.51514178776404,-632.1573159011673,37.2319723537565,-184.14639264499033,-7.792200952304594,181.2098365627788
141.528196782949,-632.3045733008067,37.2357344385307,-184.1361756670746,-7.834720957756445,181.17817836675266
141.53999996285071,-632.4501072226785,37.41727430108267,-184.12583564978792,-7.876378001792019,181.1469969151186
141.5493298011372,-632.5974932998859,37.40817694574599,-184.1157363725334,-7.917695845638736,181.11631190399572
141.55597716895608,-632.7431536506178,37.576857368187085,-184.10566083732675,-7.958728215707983,181.08613911370207
141.5591170578947,-632.8906639088443,37.55695164497607,-184.09609344676423,-7.998357431789246,181.05589055005234
141.56151079485903,-633.0364462248971,37.714823699542826,-184.0869071999546,-8.036428220087249,181.02561330688692
141.5653657016139,-633.1840762706869,37.698710571033835,-184.07800862411645,-8.072495653976818,180.99546105629284
141.57521090587528,-633.3342429017728,37.860375220302615,-184.06981069461372,-8.105904568025633,180.96554638002937
141.58405903784399,-633.4827811467202,37.839963817798,-184.06229385947205,-8.13749953737874,180.93595162687612
141.59134991525508,-633.6331478371785,37.99733019307116,-184.05512317515974,-8.168066862871129,180.90673867933984
141.5982256492759,-633.7817416682524,37.98695674553935,-184.04821270873057,-8.19785341190966,180.87783168965382
141.60039967751257,-633.9321342596298,38.154361075785324,-184.04182098916365,-8.227371581282886,180.84953209749327
141.60160244507972,-634.0807476862127,38.123213945951,-184.03581536549086,-8.256666700528779,180.82170308537775
141.60012807670756,-634.2268916666587,38.269844593894454,-184.0299364393615,-8.286102876241964,180.7938865688616
141.5977285832755,-634.3747299323776,38.257540526225206,-184.0239956504761,-8.315120327874972,180.76622305268856
141.59435507984918,-634.520804466483,38.420191980694796,-184.01785477627084,-8.343639588558846,180.73869632655925
141.5908347531394,-634.6687154164473,38.38503055451815,-184.01189263138585,-8.371272158759412,180.7112943813297
141.5881582397528,-634.814890027184,38.52764690611929,-184.00622863213118,-8.398229926987597,180.68412741048908
141.58527788833234,-634.9629051089446,38.51519192986023,-184.00094830767142,-8.425164877975387,180.65727601372998
141.58034262319197,-635.1091831815249,38.66814348073161,-183.99595403834965,-8.452389820808234,180.63091812809444
141.57506656574517,-635.2573001196815,38.6340851452996,-183.99117398214628,-8.47980322437827,180.60494557984782
141.5702080537652,-635.403678278944,38.77780458764536,-183.9867152645019,-8.506999798352403,180.57939958795157
141.56673414971567,-635.5476268597181,38.752760775209055,-183.98265793621647,-8.534013189223788,180.5541891115939
141.56728612944318,-635.6933089227568,38.90549474055052,-183.97921856664163,-8.559878011694606,180.5294853114991
141.56904610221434,-635.8372657595742,38.86925597983019,-183.97607542400527,-8.584712226385031,180.50529414404156
141.57061197620376,-635.9830968316903,39.01079499688764,-183.97315230836173,-8.609099253845669,180.48161952155579
141.57047231578454,-636.1272287089516,38.9815649108892,-183.97023314417126,-8.632640666646717,180.45858474282483
141.5699935347651,-636.273237538321,39.13011260266853,-183.96747947252564,-8.6552103696638,180.43639699153962
141.5686324056223,-636.4175451880942,39.08444015198529,-183.96484960978773,-8.676882090214404,180.414611893938
141.56793549846935,-636.5637268931514,39.21654547907983,-183.96231287790457,-8.69738002653799,180.3926632180133
141.56779201394943,-636.7082043805713,39.173022019483795,-183.96016669685432,-8.717164300707253,180.37061409458585
141.56611858795816,-636.8545529001982,39.30727633766555,-183.9584706052425,-8.736903636608528,180.34815357554385
141.56210786239782,-636.9991942250984,39.25798615483734,-183.95726608685584,-8.756757805036921,180.32517133129033
141.55481027390942,-637.1414369899882,39.3864737497869,-183.95674490396175,-8.775851869168822,180.3013504727655
141.5469591007606,-637.2854437013307,39.314072608844064,-183.9567252970359,-8.794371550981843,180.27693580453817
141.53869820514223,-637.4277551065135,39.419449245679,-183.95642997435957,-8.811794001599408,180.25234560001186
141.53088351998986,-637.5677034660351,39.368973146154964,-183.95561272264194,-8.829055884939756,180.22728941571478
141.52367988578618,-637.7094555064225,39.49627482440871,-183.95457344940667,-8.847011341713843,180.2014373406385
141.5146458023476,-637.8495522539641,39.40493150016558,-183.954014061968,-8.864632791933317,180.1755010363909
141.50660789158206,-637.9915921225271,39.49136595370023,-183.95348708801345,-8.88133408494588,180.14976601857697
141.5005261989709,-638.1320004927193,39.42984992858319,-183.95282257459075,-8.897015083746252,180.12455881971914
141.49574535628554,-638.2743523108611,39.5186009792714,-183.95189778957004,-8.911437928125418,180.10012020560586
141.49252467779237,-638.4150682594017,39.42904009960253,-183.9506229607419,-8.925090638956249,180.07662427685113
141.49048317067627,-638.5534557405316,39.51725699771145,-183.94909256630282,-8.938166449442008,180.0539596470738
141.4891189770479,-638.6936760173367,39.41087286874356,-183.94705433965524,-8.950972910065394,180.03204567177303
141.48914164798197,-638.8322686093398,39.482266517553455,-183.94432551447844,-8.963405130602485,180.0107016555109
141.48903070273082,-638.9728312364076,39.38316064890225,-183.9407708982248,-8.975551857546929,179.98991369278042
141.48848394546397,-639.1117887575699,39.46183255802881,-183.93613208372926,-8.987974425432812,179.96967109194006
141.488268468564,-639.2527156394724,39.343629994352035,-183.93054231391366,-9.000918901059853,179.94996552768652
141.4873009789644,-639.3920321000915,39.40320520845304,-183.92410014554764,-9.014234602829852,179.9305521952093
141.4853737355659,-639.5333117534583,39.29203721024968,-183.91719861128317,-9.02797603425867,179.91113220010803
141.48204995109148,-639.672974734749,39.3586469898241,-183.9098063433903,-9.043007675053794,179.89160369241145
141.47767101889218,-639.8145947303352,39.231008706306426,-183.90206077507474,-9.058972107925726,179.87201296748515
141.47191133529475,-639.9588586443987,39.281148200566534,-183.89390122695437,-9.075606397713655,179.852274919457
141.46677875025108,-640.1015995887133,39.15474761818285,-183.88576712435326,-9.091890463204612,179.83256549053016
141.46307835946098,-640.2462725123144,39.20612481357696,-183.87749891211303,-9.107574333930687,179.81277545732556
141.46094903530172,-640.3892742613039,39.05854265879697,-183.8691397023261,-9.122969453944092,179.79282479434679
141.45875354152338,-640.5299079727187,39.08873828179477,-183.86039941363583,-9.139129361105972,179.7725358479007
141.4545209275105,-640.6723346193895,38.97029542017505,-183.85138743622863,-9.156991303370368,179.75189775041991
141.4491197532944,-640.8130942296923,39.01512053001073,-183.84218423107558,-9.176416194094596,179.7310219538225
141.443151017071,-640.9557851849306,38.8706597166414,-183.83284897286904,-9.196804647119835,179.71010951191434
141.43715365713908,-641.0968330266813,38.90397668104985,-183.82342517376392,-9.217552700540903,179.68906967450442
141.43082520158447,-641.239812898652,38.75842012138693,-183.81378482137683,-9.238874907093651,179.66771511580427
141.4245205316066,-641.3854123518207,38.7906413395018,-183.80351245467395,-9.261591206203805,179.64602963221012
141.4183102851615,-641.5294649734507,38.64722547008273,-183.7927857417988,-9.28530964759018,179.62412074634577
141.40932902470573,-641.6711594803763,38.681587378441435,-183.78125359880877,-9.31056857692011,179.60218661782628
141.39992129492987,-641.8146338202628,38.53993739341268,-183.7691410578616,-9.338090300582573,179.58025347502945
141.39138518122456,-641.9564236027961,38.576065186161706,-183.75661365844888,-9.367081609667862,179.55810232900066
141.38314479323944,-642.095859908063,38.43472568771281,-183.74379316496095,-9.397124844677368,179.53581100384264
141.3754914136941,-642.2371090904237,38.4711639670417,-183.73060913181206,-9.427416786933515,179.51307758405667
141.3680642839014,-642.3809786376098,38.32285356158007,-183.71701022205238,-9.458029521666305,179.49004016902782
141.36037736768293,-642.5233261130899,38.352320933896216,-183.70311915736457,-9.489346292895537,179.4668003018564
141.35315848587663,-642.6633446767995,38.2193932008268,-183.6887061933425,-9.521812853758844,179.44295618299572
141.34449143504958,-642.8051727496936,38.26424324553516,-183.67360153688782,-9.55707595674415,179.4186901410019
141.33360290403013,-642.9453456140545,38.135935505976796,-183.65784306567713,-9.595183401194046,179.39449359185886
141.32078226941337,-643.0874605337489,38.18540554419621,-183.641619137842,-9.635508156100686,179.3701312899612
141.31022332976946,-643.2322093412077,38.05464367865865,-183.62571007419598,-9.6759368722268,179.34530998031184
141.30149890070618,-643.37969294318,38.10165959089887,-183.60972427456738,-9.71640588994397,179.32029323947538
141.2944992323057,-643.5256259594936,37.98116137924884,-183.59369641148456,-9.756868489701056,179.295155419538
141.28876540021056,-643.6691733668879,38.03844094537659,-183.57765194885806,-9.796959749532073,179.26983204187763
141.28336628321077,-643.8144687560376,37.902981881542914,-183.5616095749774,-9.836412390075235,179.24475420933393
141.27728956333848,-643.958047318226,37.94530059548702,-183.54558299273162,-9.875361640793487,179.2195196235047
141.27075308068544,-644.103507175471,37.84133014190592,-183.52942223686895,-9.914403117417278,179.19407340489795
141.26544960878508,-644.2515411959799,37.91112563374228,-183.5130174521369,-9.953642856170353,179.16837549667085
141.26252327730228,-644.3979846764055,37.7877275429944,-183.49644829493147,-9.992827774050456,179.1425158586406
141.26093532617296,-644.5420272970928,37.84210723002431,-183.480093326052,-10.031937658918931,179.1164414939885
141.2596376353082,-644.6878078063381,37.74460278472375,-183.46407174413946,-10.070792421903441,179.0903519514712
141.25718445254418,-644.831862570497,37.82344488939772,-183.44814710963104,-10.109756224605945,179.06415535811277
141.25330128333297,-644.9735234067706,37.716975837433885,-183.4323077251163,-10.149096021943688,179.03778443555382
141.2491873441278,-645.11695739224,37.78828456324783,-183.4165449367165,-10.18867657997186,179.0113091124012
141.2459088713925,-645.2587060575331,37.70159494065869,-183.40069233016845,-10.2287291797881,178.98478076243381
141.24243167467452,-645.4023683444401,37.79268309584733,-183.38478794818417,-10.269092341271309,178.95799710689113
141.23855351995775,-645.5443701587005,37.70092860885576,-183.3686997347751,-10.310141591833421,178.9310500349537
141.23382899628612,-645.6882869637398,37.78695189964196,-183.35297279006642,-10.351492152830673,178.9036497439463
141.2298237253824,-645.8305399501521,37.71405901452871,-183.33736297746665,-10.393026918759475,178.8759414481018
141.2272530466629,-645.9704370192546,37.81894390719322,-183.32201471491354,-10.434165626290588,178.84827013386197
141.22623784714423,-646.1121399243567,37.73262547328455,-183.30687189862797,-10.474315989923367,178.82076964730044
141.22513751519222,-646.2521886664529,37.824084817153654,-183.29205320321978,-10.513871212151919,178.79341887924662
141.221980694808,-646.3941814382824,37.77033382743534,-183.2773253686287,-10.553285503819833,178.76608310544782
141.2184574737383,-646.5345435633037,37.8877152602272,-183.262677256712,-10.592561411484018,178.73878262590162
141.2145004138979,-646.6768499642965,37.81817736972975,-183.2481006286338,-10.631700925627547,178.7117705181225
141.20969153115436,-646.817521307225,37.92641725701009,-183.2335893790399,-10.670540293843354,178.68487478262392
141.20395756571813,-646.9601316461079,37.876130806981266,-183.21945897255634,-10.70912503116264,178.6582074052293
141.19853257791846,-647.1011015482509,38.00362213473023,-183.20562041138166,-10.746827408280195,178.63185208366858
141.19365720769477,-647.239738457771,37.938528229948076,-183.19216817104345,-10.784014541359042,178.60598725222746
141.19060376625174,-647.3802037104977,38.051212102943694,-183.17885119019894,-10.820460106913433,178.5803859933909
141.18795813728755,-647.519036903827,38.01884166910421,-183.16564523696613,-10.856329460224952,178.5550007778055
141.18214458643106,-647.6598358354161,38.15695678301118,-183.152532442607,-10.892571040688756,178.5296774474626
141.17495879947495,-647.7990254409634,38.10277512058328,-183.13949962057242,-10.929218706326044,178.50442200925784
141.16760076315788,-647.9401802624681,38.226371235933165,-183.12637702963988,-10.965800925387764,178.47935791901057
141.16318936904065,-648.0797205919249,38.199415638536635,-183.11336027270747,-11.001475966099349,178.454337318679
141.16148515430197,-648.2212201160643,38.348235893363814,-183.10043269782574,-11.036123364873534,178.42960907370812
141.1603466131597,-648.3610990414637,38.30299409344857,-183.08758201429217,-11.069986361872493,178.40511720333063
141.1589267326552,-648.5029311246204,38.4355300713111,-183.07511914057707,-11.103244030461177,178.38082044487308
141.1566476670232,-648.6431366719238,38.42421542973356,-183.06295173883882,-11.135864673621358,178.35668836560876
141.15463984441027,-648.7852895442725,38.576381623521435,-183.05101183201847,-11.168152724228937,178.33257939071217
141.1502490483227,-648.9258101518903,38.548890159450735,-183.03892936805508,-11.200498839808514,178.30838967810737
141.14585654886238,-649.0682724579202,38.699176473157806,-183.02643310215478,-11.234181450931485,178.28404137092775
141.14152617983095,-649.209096973058,38.68975722873423,-183.01364448929263,-11.268814218687503,178.25959840399966
141.13973560213373,-649.3518577591353,38.85811576208843,-183.00081285631435,-11.303947649958637,178.2353477470044
141.14176555980836,-649.4929754237762,38.84421537984255,-182.9881210811469,-11.338590338090839,178.2116170067661
141.14576275404823,-649.6360241240106,39.00809277537446,-182.97522314995194,-11.372677021087263,178.18864774391864
141.14886454661644,-649.7774245609604,39.00444150488275,-182.96218550249793,-11.407152334377008,178.16637642605815
141.14722225557819,-649.9207509834833,39.17856801216881,-182.94905698547387,-11.443368220714484,178.14403939791507
141.14424383818007,-650.0624241828893,39.17270197057793,-182.93587350055805,-11.481324335387999,178.12155492625644
141.14227255522414,-650.2060184966139,39.34461370676484,-182.9224996467304,-11.521018878739342,178.09874409332787
141.14053073518087,-650.3479548029624,39.350658627975236,-182.9089980769041,-11.56211831908256,178.0755933162084
141.14543558027188,-650.4918075248121,39.53448132696341,-182.89589662785204,-11.602723484383956,178.05257293626195
141.15324444503733,-650.6339976243846,39.52702715699903,-182.88294024643355,-11.642599421174417,178.029668643469
141.16193372099434,-650.7780996069744,39.697350764812434,-182.87042176472983,-11.68223581177971,178.00651072951553
141.17026483170937,-650.9205345157486,39.71506294262391,-182.8580755370229,-11.722653302835344,177.98283007819006
141.1759400446903,-651.0691436021683,39.89492762999313,-182.84618660333823,-11.763111674229178,177.95890624670412
141.1859349195398,-651.2168739726657,39.891959206530245,-182.8349635865443,-11.80240850598534,177.93470623761735
141.19788357743178,-651.3665942124873,40.066768560845134,-182.82391888481848,-11.841147500378984,177.91044432052027
141.2100530554645,-651.5145830716516,40.084097337066034,-182.8130147649886,-11.87993897937843,177.88603945925308
141.2167513982822,-651.6601209242431,40.27426356846012,-182.80222343110003,-11.920057132440798,177.8613132432489
141.21979447095907,-651.8073653705054,40.26901739510238,-182.79152439919855,-11.961276074791032,177.83637334596295
141.22041876590748,-651.9528569922661,40.44154899952241,-182.7805825656715,-12.003102068003612,177.8115371400902
141.21931842644872,-652.100195501617,40.45628873673526,-182.7694724036933,-12.045336053187945,177.78667994010343
141.21953325382523,-652.2458079074642,40.644688767894024,-182.75872867655045,-12.0871703578314,177.76194855083304
141.2220613925795,-652.3932708272828,40.63674384369187,-182.74794321826653,-12.12850904402964,177.73709318398957
141.2270713489692,-652.5390065994807,40.80657669726749,-182.73729674421986,-12.168951531202545,177.7120481050297
141.23291708283958,-652.6865909222831,40.81450799654846,-182.72660165547967,-12.208370190212717,177.68676705503245
141.2400806106577,-652.8367126448377,41.000217073607196,-182.71652220048753,-12.245847447539987,177.6612163205411
141.2482271493142,-652.9852067828441,40.985924564051736,-182.70674139198175,-12.282033030515505,177.63537141807362
141.2580988726997,-653.1355301539782,41.14940983227405,-182.6970282849513,-12.31690855400376,177.6094528767814
141.26981790185394,-653.2840814393484,41.16500475051098,-182.68753345954235,-12.350627033402699,177.58362248349886
141.28338416596952,-653.4301655781738,41.34303824317579,-182.67804714716732,-12.383301708487785,177.55799880355076
141.29753760132107,-653.5736786466048,41.33744472926678,-182.66873550996146,-12.414685882920415,177.53243037887455
141.3120178442837,-653.7189030928726,41.50962899313554,-182.6598820226683,-12.444601570941748,177.50680609110856
141.32718061864642,-653.8624044003607,41.50596416075095,-182.6513723817443,-12.473579110538777,177.48140183644364
141.34061980649824,-654.0077868392752,41.680077106144125,-182.64296245894957,-12.502502472367231,177.45594329872364
141.35352314193173,-654.1514778431218,41.67892687914296,-182.63463313826995,-12.531360394177105,177.4304675832412
141.36531445944428,-654.2927869545666,41.855554429919586,-182.62572855187088,-12.561302008487297,177.40500191581344
141.37671567463468,-654.4358766246128,41.86095165015053,-182.6164100191321,-12.592011715862784,177.3795662531079
141.3903424965224,-654.5772873532941,42.04412664815925,-182.60711620888443,-12.622100060635152,177.35429431445442
141.4066864138383,-654.7206177855612,42.03223605041603,-182.59817056740604,-12.650881105414323,177.32928401516236
141.42334130341578,-654.8622936812866,42.19812323045059,-182.5893264235953,-12.678181880380903,177.30460870500136
141.4377664067938,-655.0058903902976,42.20159509307809,-182.58040457286867,-12.705034190129389,177.28008009825663
141.44989595146166,-655.14782899766,42.38284473348336,-182.57111366760438,-12.73235864555372,177.25568087722314
141.46057254197444,-655.2916839689434,42.38817407435738,-182.56140038092823,-12.760501052735515,177.23116000501884
141.47080669681336,-655.4338762756418,42.571281193009185,-182.551385981916,-12.789218275733067,177.206809940509
141.48080681209314,-655.5779804255055,42.55899783631492,-182.5411596688787,-12.81750483724173,177.18272766836577
141.4939050067104,-655.7204174627599,42.72449225739843,-182.53126704227898,-12.843964214492757,177.15933962819997
141.5090809762051,-655.8647619729625,42.718538313503785,-182.52146791251272,-12.868729470508406,177.13648148085332
141.52609933133135,-656.0074350780542,42.89036214738692,-182.51190605742858,-12.892561024057207,177.113794017705
141.5424227914221,-656.1520114401845,42.89227629120826,-182.5023667032047,-12.916513345527166,177.09125188960274
141.55673067218447,-656.2949122565723,43.07196821280738,-182.49285232903767,-12.941027161409112,177.06871726687032
141.56878928055477,-656.4354455966452,43.0691955905506,-182.48320473080048,-12.966261616467953,177.04608906774044
141.5794052009054,-656.5777734117296,43.2442007460716,-182.4734680105547,-12.992002109629798,177.02365058209608
141.58958160167376,-656.7184359040018,43.24203934759224,-182.46367458903177,-13.018090816962147,177.00137116499502
141.6007573674925,-656.8610314651547,43.417655726890665,-182.4540082918358,-13.043752135835236,176.97910909097425
141.6181376176519,-657.0019856143252,43.41480160813023,-182.44412381141046,-13.067754559776981,176.95711774594483
141.6377453566772,-657.1448734665332,43.58972526714757,-182.43392811615507,-13.090353791947793,176.9355827055935
141.65382017229842,-657.2903825432286,43.59282672026125,-182.4238332595312,-13.112895928613545,176.91404409759758
141.66772778363884,-657.4343464023972,43.77370595115271,-182.413821324443,-13.135706824454108,176.89240290764715
141.68018282365074,-657.5759537320633,43.769587711697945,-182.40371909797884,-13.15918875622656,176.87070572754337
141.69175776660563,-657.7193424515849,43.94324725002095,-182.39371963759578,-13.183307241520826,176.848867663265
141.705457846516,-657.8610481428444,43.94731132881043,-182.3836444274148,-13.2070462051886,176.82718391776018
141.72062188601427,-658.0046685252868,44.129153185377675,-182.37352262312436,-13.229659085029246,176.8056326137964
141.73873949553507,-658.1466292449711,44.11407303682368,-182.3633756469797,-13.250435847503471,176.78467581256626
141.7571901463916,-658.2905057018683,44.27677066604746,-182.35321923100966,-13.269847655675678,176.76429271938633
141.77421299625868,-658.4327190632655,44.28855779737162,-182.34274492042627,-13.289066131308028,176.74410846374826
141.78454284984085,-658.5768438822006,44.478122706473556,-182.33220679762474,-13.31027330221059,176.72349240831255
141.7942085240262,-658.7235678841073,44.463691009491356,-182.32163124641684,-13.332754665492725,176.70281624729677
141.80360389496602,-658.868724981248,44.62703709028695,-182.3110376482009,-13.356150453085853,176.68211438766537
141.81568980442557,-659.0157709076093,44.63761926538529,-182.30060023204416,-13.379040466695848,176.66141208403553
141.82978459976567,-659.1611032799732,44.8259792182614,-182.29028662710073,-13.401208566039449,176.64096607907672
141.84079360185925,-659.3082926589086,44.81854940500181,-182.28023298469589,-13.42381777883272,176.6204879784811
141.84897376171818,-659.4537600791022,44.98889736951999,-182.27005891805706,-13.44722637774438,176.59976632161897
141.85482914641221,-659.601080904238,44.99624487639939,-182.2596455839281,-13.47169638549938,176.57876358718977
141.86013629949093,-659.7466771808492,45.18137016105656,-182.24938604327002,-13.496592341954825,176.55745428719752
141.86525832673613,-659.8898578451549,45.17243972733399,-182.2392484040823,-13.521778531051524,176.535939114059
141.8752002599827,-660.0347857064404,45.34128707138919,-182.22936917054102,-13.545338280805947,176.5146512029894
141.88760922249006,-660.1780018108724,45.33576354812662,-182.2198482160147,-13.566528810820696,176.49378709558013
141.9003351078272,-660.3231053793373,45.50801780264183,-182.21059846250338,-13.585963076999672,176.47325232339503
141.90965627625,-660.466522745413,45.499573203080146,-182.20139581173953,-13.604751697018033,176.45285820572738
141.91651948911675,-660.6118298240267,45.66890638129623,-182.19223588312448,-13.623546142189703,176.43246625169937
141.9227935007338,-660.7554482555853,45.65907189042911,-182.183115426244,-13.64232815296698,176.41209401052174
141.92886044171343,-660.8966863844842,45.82701517733976,-182.173872022375,-13.66058835006768,176.39199255631547
141.93521034984943,-661.0397063994623,45.818285852174355,-182.16486667374008,-13.678118985852578,176.3721075471808
141.94193720827877,-661.1810487292211,45.98733430478672,-182.1558839036978,-13.695099027218523,176.35251805110678
141.9490562303358,-661.3243119865792,45.977822502937144,-182.1470856759746,-13.71133131708491,176.33328178860708
141.95697377013798,-661.4659219075751,46.146088478865344,-182.1385905999323,-13.726504827149519,176.31432166296187
141.96617040847866,-661.6094538201996,46.122422061702274,-182.13016538630131,-13.740723077794987,176.29582089112165
141.9742600698929,-661.7513287883927,46.27653342231697,-182.12163889418412,-13.754393499754736,176.27755431275781
141.9770817274039,-661.8951212570407,46.27407939139808,-182.1130457102811,-13.768146029192103,176.25959482434632
141.97880965389416,-662.0415188440035,46.44436569310616,-182.10425125745422,-13.781615879642445,176.2418764992229
141.9815280370035,-662.1863553556144,46.41934966228145,-182.09547702470786,-13.794370458968569,176.22446988791089
141.9852271833213,-662.3288197551011,46.57211140923452,-182.08672541933856,-13.806093168733089,176.20730733927059
141.98906987219988,-662.4730502384814,46.57212702935437,-182.0779981865839,-13.81787542063264,176.19021991441056
141.99247595134872,-662.6155826606545,46.744784882107425,-182.06945658462018,-13.829856196985082,176.17320276914486
141.99779959987043,-662.7600150094707,46.716611048987296,-182.06105870443824,-13.841145241690663,176.15637139971076
142.0034310481544,-662.9027731946549,46.866214993644945,-182.05277368501197,-13.851916981815476,176.1396912271038
142.0086332980152,-663.0474328751453,46.85947238969961,-182.0445787946016,-13.861969123700947,176.12325587010127
142.01120994286006,-663.1946821392413,47.030392229726544,-182.03629728314988,-13.872311291640337,176.106776431526
142.01322482108614,-663.3403551083022,46.99996129991824,-182.0282796109447,-13.882691618981097,176.09016020374276
142.01551113438703,-663.4836410250184,47.14730814788771,-182.02046254767342,-13.892594702925226,176.07357754496505
142.01740677380255,-663.6286783537836,47.133252297966756,-182.01295954612098,-13.901808338970543,176.05703424359922
142.01919731823602,-663.7720032118383,47.296974225823575,-182.00569352583042,-13.910508189991358,176.04053450949218
142.02012004481892,-663.9129471777696,47.27564101869696,-181.99860775048327,-13.918988865459962,176.0243196133608
142.02044541794254,-664.0556770955386,47.43208558934813,-181.99182223100604,-13.927631940478753,176.00820890054146
142.02023602617874,-664.2010009337334,47.40818903149903,-181.98510115296185,-13.935890425767662,175.99218890945124
142.01745688167588,-664.3447767280926,47.56207025142771,-181.97843330626014,-13.944190204378847,175.97636879873224
142.01296953445814,-664.4904647690536,47.53684842439743,-181.9718104228511,-13.952512887178713,175.96070932927276
142.00697236674674,-664.6344632516415,47.68940437514492,-181.96506639953083,-13.960514301776678,175.945181582932
142.0007585279885,-664.7803425108023,47.66098407540887,-181.95823953496304,-13.968107673991383,175.9297642359862
141.99458972961656,-664.9245231980362,47.8103415534506,-181.95151798847115,-13.975395065460843,175.91444155290506
141.9897496733432,-665.0705802677775,47.780375700558864,-181.9448796499429,-13.981957371146924,175.8994401323763
141.9852442018454,-665.2149353579172,47.9281876254449,-181.93830823133334,-13.987982114097921,175.884687638982
141.9812803917863,-665.3611636686325,47.89429446612961,-181.93195350636958,-13.993111289049454,175.8702516943693
141.97583862153573,-665.5056869319326,48.038179084592095,-181.92576333872384,-13.997413821534757,175.85606071748055
141.96894487553487,-665.6520804104495,48.00587820589017,-181.91969934881587,-14.001602325071502,175.84206199779103
141.96144811210488,-665.7967658914264,48.151355104966015,-181.91373327946218,-14.005868817598387,175.82821671002068
141.95517114360226,-665.943318690499,48.11392093045783,-181.90768254390997,-14.009527376280236,175.81449624591352
141.94963807319272,-666.0881606467153,48.25426453372743,-181.90141509824375,-14.0127368647569,175.80099862623857
141.94474314162542,-666.2348671265385,48.208508361133,-181.89547608066786,-14.015118182204446,175.7880337570314
141.94004545463108,-666.3798600189256,48.340529966316346,-181.88978318948494,-14.016559390837354,175.77523287360654
141.93463269476632,-666.526714739356,48.29758636933077,-181.88427585133795,-14.01747523859852,175.76268273609622
141.92833079069004,-666.6718532249266,48.43242055012298,-181.87906948082895,-14.018005007633509,175.7502085234899
141.92070868485163,-666.8145842717306,48.37967034522514,-181.87408844780606,-14.018251181363494,175.73792018844662
141.91087583083274,-666.9590705447822,48.504697918105094,-181.8692770898579,-14.018619833048716,175.7257790865807
141.89827489443488,-667.1018529472,48.45033653550782,-181.86459443706048,-14.01940864087739,175.71375674780205
141.88324444376778,-667.246530559101,48.57375293068833,-181.8598503303983,-14.020339528715416,175.70195129958856
141.86958630110078,-667.3895295757516,48.5066091939282,-181.85522537455236,-14.02120844777111,175.69019628707682
141.85762886917394,-667.5344257762265,48.617243234945846,-181.8506919070435,-14.0215351506806,175.67872870964635
141.8482367517603,-667.6776406675039,48.54856767734807,-181.84622956073076,-14.0209697157914,175.66760122245543
141.84031438514145,-667.8227491295993,48.657669897528066,-181.84182333649187,-14.019915882458616,175.65661391476215
141.82950975345122,-667.966172541064,48.578472270212956,-181.83746218508426,-14.018670160341278,175.64561828297394
141.8186930012863,-668.1114858094394,48.67705242067562,-181.83329974144306,-14.017284827090482,175.63474720963328
141.80802766327946,-668.2551103716023,48.59752167237349,-181.82928671678044,-14.015633010415817,175.62409625344156
141.79672295957812,-668.3963545320831,48.695768701849126,-181.8255468331685,-14.013787240845138,175.61349707289793
141.78421916074606,-668.5393804730562,48.598716823998956,-181.8218505773347,-14.012129768723668,175.60282439376778
141.77000893024905,-668.6807286234117,48.679442723926556,-181.81802782298783,-14.0109425213735,175.5921073025001
141.75401507003056,-668.8239975975052,48.59375034845305,-181.81411570106857,-14.010266494186602,175.5813671686349
141.73912572987973,-668.9656131331593,48.68536579621191,-181.81030329814908,-14.009800629365822,175.57061968365053
141.72466905324686,-669.1048838935073,48.56943326652964,-181.80656741129863,-14.009489297715591,175.5598763611654
141.7117365153852,-669.2459716257581,48.63127851462515,-181.80289095702048,-14.008797344907453,175.54938564079973
141.7001158458163,-669.3854161713084,48.540117722339126,-181.79926135458805,-14.007661551652678,175.53897037596195
141.68768904387312,-669.5268155348709,48.61059417581884,-181.79566933648908,-14.006201284997708,175.5288579254134
141.67445641886053,-669.6665948488652,48.49128263965294,-181.79210807313962,-14.005163924752953,175.51873830529965
141.66042771545645,-669.8040621804801,48.54974888126482,-181.78841075106277,-14.004437617973686,175.50862242272262
141.64643931571135,-669.9433786913472,48.43555114077136,-181.78445693909435,-14.004436062675136,175.4985182729015
141.6314259228278,-670.0853503143546,48.49913117805568,-181.78031854903833,-14.004965993178265,175.48843170856787
141.61642105512644,-670.2258338078185,48.37252020246679,-181.776048480287,-14.005885208886625,175.47836700609338
141.59998685057988,-670.3640216879111,48.423687004655676,-181.77184564277576,-14.007089083331522,175.46844639316222
141.5830898429068,-670.5040517732571,48.29512587328605,-181.7676958440295,-14.00850063740593,175.4586402642188
141.56675125427307,-670.642458760662,48.344342519694194,-181.76358862908754,-14.01006323516058,175.44868680675873
141.5499353871522,-670.7785726735468,48.20573343154274,-181.75951629312647,-14.011569875971624,175.43875504479314
141.53367388999965,-670.9165587958777,48.24490212116906,-181.7553131549389,-14.013530142454416,175.42872713220078
141.51734387480025,-671.0529568908023,48.10542258403701,-181.75101783124143,-14.015986658637392,175.41875851173776
141.50082173842986,-671.1913641628958,48.14372082468273,-181.74665872290217,-14.01880490769723,175.40872134427667
141.4840854926537,-671.328204811442,47.99296966306203,-181.7424167139219,-14.022216589089826,175.3985237198325
141.46631067382515,-671.4670526238327,48.01999627921909,-181.73826434847956,-14.025895088254094,175.38809838037804
141.44858093780948,-671.6043271445496,47.86459100312997,-181.7340214126232,-14.029931317340553,175.37775353910666
141.43152304126863,-671.7436013248594,47.88696350481863,-181.72987582996177,-14.034226293944098,175.36735781413955
141.41484211381797,-671.8812946487453,47.73397564734926,-181.72564532460564,-14.038872534303191,175.35705312621778
141.3976524867091,-672.0167134962959,47.758765567657676,-181.72151630305592,-14.043935793647146,175.34658613629628
141.38019492769857,-672.1497514916364,47.592189969085915,-181.71746537320564,-14.049465699571693,175.33612854001046
141.3621107342581,-672.2846878872678,47.60339214829194,-181.71363708920592,-14.055332897516742,175.32544890580974
141.343745966905,-672.4180848675527,47.43619750074733,-181.70997548174904,-14.06144222765643,175.31473504792405
141.3255862725717,-672.5535434299378,47.446780630980506,-181.7064393585191,-14.06772369088984,175.3040056160986
141.30772586405072,-672.6874877869666,47.26802943893846,-181.70299840027624,-14.074291134869105,175.29339341176785
141.28935799405778,-672.8234909831798,47.267056024674204,-181.69963028832012,-14.081227793667349,175.28275749622597
141.27156053036595,-672.9579716795505,47.10516260528482,-181.6961568130738,-14.088759710747246,175.2721136466097
141.25330893408457,-673.0945019282709,47.12047470281501,-181.6924491589482,-14.096721455529616,175.2612352176497
141.23358164509912,-673.229500323924,46.934953881169676,-181.68857306933702,-14.105321996853995,175.25019443355222
141.2138397834606,-673.3665390384474,46.92721083730211,-181.68457690578276,-14.114383344050225,175.23928262527315
141.19437578043483,-673.5020368216941,46.772989664796455,-181.68033624014893,-14.124270561021637,175.2282368764238
141.1752441705079,-673.6395660057681,46.7843069936362,-181.6757582646929,-14.135085293857543,175.21698183404413
141.15645113320866,-673.7755454993896,46.60801402095115,-181.67093699801205,-14.14640525856489,175.20558331422433
141.13840375585426,-673.9135477910114,46.60949882604388,-181.66610338111454,-14.158085664453775,175.19408970963272
141.11953018430012,-674.0499919429745,46.4542167580499,-181.66110322616206,-14.170844900181665,175.18229837052365
141.09952602025703,-674.1884505946225,46.476133768443084,-181.65582538788476,-14.184549269581957,175.17041828506987
141.07916957471585,-674.3253429564952,46.302395645553034,-181.65050860658107,-14.19909988868032,175.15836456792815
141.060265964545,-674.4642418134883,46.306435300440754,-181.64516799308583,-14.21425815700696,175.14631334640828
141.04356443945954,-674.601566519095,46.152488136012444,-181.64013642763993,-14.229187227418045,175.13439377831912
141.03165108641457,-674.7408899986112,46.17631874936191,-181.63565774771058,-14.243275393517358,175.12234312902856
141.01963280213215,-674.8786317434229,46.00511232089918,-181.63158849820888,-14.257065040307062,175.1102070652119
141.00653068053424,-675.0140981475898,46.01168367021423,-181.62750133702033,-14.27144840436146,175.09778092946618
140.99134302164703,-675.1514495169907,45.864718985434955,-181.62324467362694,-14.286585042530808,175.08515311975978
140.97472225756172,-675.2872244377403,45.892212650407025,-181.61870571453966,-14.302756626928302,175.0722695294242
140.96462547885932,-675.4250197143311,45.7276081856609,-181.61492732879606,-14.317855908262528,175.0589698187075
140.9563895403084,-675.5612593070454,45.740781498692556,-181.61171005540294,-14.331990079100283,175.04549588612085
140.9469984586916,-675.6995167998879,45.59471858836779,-181.60874712419874,-14.345898160755436,175.0320270565474
140.936688577178,-675.836211543969,45.62643345582081,-181.60581334431637,-14.359958747604098,175.01845305258774
140.92757356511092,-675.9749163019374,45.46213865048517,-181.60306354987435,-14.373953339961915,175.00469487541503
140.91923782932705,-676.1120503727923,45.475621622927314,-181.6004511223503,-14.387721763388791,174.99105386737688
140.91076583481984,-676.2511866216613,45.339941987492885,-181.59778175272393,-14.401312091001044,174.97739001982234
140.90156574582318,-676.3887444794824,45.37517428542969,-181.59507299832885,-14.415090401391362,174.9636024578203
140.89276155030547,-676.5240302806717,45.21903741443465,-181.5924977695517,-14.428663651765246,174.9497364275007
140.88662752648648,-676.6612042724731,45.240678321217395,-181.59034452643107,-14.441580237460082,174.93594429021968
140.8823467764571,-676.7968049834026,45.09943658241917,-181.58866265345245,-14.453838454314107,174.92221860084453
140.87562111851938,-676.93442916138,45.135972621398736,-181.58716794690952,-14.46642786004767,174.90831561832422
140.86850213280178,-677.0705007111245,44.9867421772219,-181.58581182438078,-14.47924894704335,174.89429497903748
140.8564741737695,-677.2085931620707,45.015289510822846,-181.58407675779358,-14.493551203776144,174.8802005209125
140.8432248177139,-677.3451258117325,44.87977497718622,-181.5819035634005,-14.509092271865725,174.86630267960226
140.83156406198415,-677.4836713701201,44.92203822132738,-181.5797327847892,-14.524535987334204,174.85244226648177
140.82408464595667,-677.6206490845335,44.77094058907852,-181.5775657073322,-14.538739027577902,174.83874073217876
140.81960298289755,-677.7553651026583,44.797620734607435,-181.5757250481239,-14.551523614398768,174.82528877703908
140.81455260964006,-677.8877128203786,44.673546436341326,-181.5739636206617,-14.563917971299048,174.8119109150237
140.8082265440959,-678.0219712660327,44.727249915852994,-181.57210186219325,-14.576509364606988,174.79848016828797
140.80296908858216,-678.1547024038242,44.577681261295325,-181.57032818255,-14.588739836708715,174.7851416889766
140.7984107944418,-678.2895070149725,44.60589038451543,-181.56862067064938,-14.600694761728462,174.7720036177581
140.79282338387057,-678.4228090996556,44.49598795597709,-181.56696319954833,-14.612765881176964,174.75902419075982
140.78546694874126,-678.5581814938415,44.5458830638761,-181.56502389834128,-14.62524214665593,174.74605175123597
140.7778613335555,-678.692042653655,44.423115897146104,-181.5631996455465,-14.63833509587681,174.73309596691738
140.77113538444112,-678.827964430099,44.47812650819389,-181.56114138314538,-14.651868641664677,174.71980657933537
140.76509169315065,-678.9623652201595,44.363150393450844,-181.55907334326622,-14.665547928449856,174.70640347326028
140.7584490748122,-679.0988170017071,44.42595205648558,-181.55699997149415,-14.679487265933698,174.69269066527343
140.75342381052494,-679.2380050006587,44.30211017171288,-181.5550845326644,-14.693274250074353,174.67888204282505
140.75084859858447,-679.3757606804396,44.35604606471797,-181.5534483917158,-14.706277697777432,174.6651345418804
140.74962135568316,-679.511270704496,44.25537454153444,-181.55217852356083,-14.718198993472777,174.65156319448377
140.74785982737765,-679.6486710103989,44.33248079612868,-181.55085660644846,-14.729977447655166,174.63789486755337
140.74190805039382,-679.7844952349869,44.224308996477426,-181.54917769513813,-14.743292237213224,174.62416757192213
140.73520287116926,-679.9223391876735,44.29391497460396,-181.5470767026704,-14.757721837344944,174.61052834572862
140.7296743740455,-680.0586266386526,44.20031459939389,-181.54498982934726,-14.772129472252788,174.5969658275461
140.7281576186343,-680.1969311455431,44.28449200196161,-181.54323694283977,-14.784856636987648,174.58370983969883
140.72746478319817,-680.3336720661845,44.17951227905153,-181.5417305381184,-14.796340143893667,174.57069042386445
140.72365947430546,-680.4681555098158,44.25231033391923,-181.5399244479555,-14.808387649719066,174.5577369558758
140.72134090178125,-680.6045414712911,44.17428587173584,-181.53822019388232,-14.820178490302386,174.54472425272337
140.7226397628955,-680.7393682248833,44.272344173321464,-181.53691391227855,-14.830613295627662,174.53191789952027
140.72669874915718,-680.8762322675143,44.17599258707998,-181.53590063829154,-14.839713733047862,174.51927425303842
140.7312520326437,-681.0115572571245,44.25741877861627,-181.5351031372448,-14.847827544726632,174.50688205250458
140.73378430665454,-681.148916480723,44.18505149487515,-181.5346245785774,-14.855706618584641,174.49456437206643
140.7346443642065,-681.2847289977167,44.290461988911794,-181.5340603363737,-14.863406547752883,174.48231228874772
140.7359790798704,-681.4225672842589,44.199804584559146,-181.5335937611253,-14.870968259767146,174.470119200724
140.73780041120057,-681.5588503579688,44.286924957984276,-181.5328774452666,-14.878091224346703,174.4579802142171
140.74092694006288,-681.6971508076197,44.22541875699135,-181.53214040079664,-14.884720775950068,174.44589169236605
140.74591270891,-681.8338877927301,44.341690333776214,-181.53138881049574,-14.89065193176947,174.43397181217097
140.75161186148603,-681.9726340478111,44.25603819119782,-181.53062722133242,-14.895900325208792,174.42218619797262
140.756960191749,-682.1098088768139,44.348163826397204,-181.52985897663814,-14.900808694330776,174.41050952160677
140.76051962574115,-682.2489851563662,44.30393575094901,-181.5292465341053,-14.905794015958604,174.3988022233637
140.76284754630683,-682.3865823300526,44.413756192012514,-181.52858889088427,-14.911162004693713,174.38720376445357
140.76407472265026,-682.5219067449846,44.35883578102943,-181.52773690728583,-14.916971177761955,174.37569543079553
140.76547496364125,-682.6591186609311,44.48169314782412,-181.52674316472937,-14.923098722298432,174.36426341861892
140.76812368080098,-682.7947566187204,44.42182902101236,-181.5258081267082,-14.929123625872029,174.3528975373173
140.77221642255046,-682.9324173783674,44.53974267197837,-181.5247551920467,-14.934737237269669,174.34146936610736
140.7761290946685,-683.068524856471,44.49578257866133,-181.5236167357909,-14.940044244528144,174.32988656289467
140.77953943930126,-683.2023859274661,44.629600263122065,-181.5222565756604,-14.945287024744777,174.31831976981613
140.78197948242445,-683.3381605818078,44.572750176288785,-181.52073504171966,-14.95064337821498,174.30665588798536
140.78254631796568,-683.4766536021791,44.693677867233276,-181.51893651945937,-14.956408924201382,174.29505028674237
140.7819091169962,-683.6137206172444,44.66032852860729,-181.5167746933401,-14.96263475310323,174.28349774068707
140.7798063933606,-683.7528197003677,44.80475696775908,-181.5143483660141,-14.969523255406273,174.27199437069925
140.77785113726122,-683.8903468990314,44.748025358942606,-181.5115702278719,-14.976726261757031,174.26041817726755
140.77924207164475,-684.0298704450889,44.86907152790391,-181.5090183423651,-14.982996168403803,174.24891798103783
140.78333579528027,-684.1678089257479,44.846322136414436,-181.50679464380022,-14.988082006461743,174.23772373848624
140.78791185491895,-684.307735268269,44.98511171343585,-181.50497537005813,-14.9917990068096,174.22676381240308
140.79251930002118,-684.4460691196242,44.94362485947825,-181.5031325138739,-14.995004888836421,174.2161045716644
140.79665682744132,-684.5821170579717,45.07991578329843,-181.50143400199315,-14.997667767754901,174.20567530839233
140.80064152649064,-684.7200395763721,45.04592278074667,-181.49984285238992,-14.999930077390449,174.1954239657187
140.80166254414598,-684.8606421127436,45.18970755597269,-181.49801184947876,-15.002227291943282,174.18519309934408
140.80125497104916,-684.9997809721921,45.146243032938756,-181.49600658169993,-15.00471161702252,174.17498634302547
140.80179947639712,-685.1366482324771,45.28055628768261,-181.49387530214506,-15.007167392643275,174.16480634008693
140.80252665335797,-685.2753812830053,45.24496748786181,-181.49165350842512,-15.009600049082813,174.15465500518525
140.8045138003468,-685.4125143993082,45.38715646581878,-181.48952731257856,-15.011186922428179,174.14465282803053
140.8079566796952,-685.5516438577785,45.34918406857865,-181.48747311179102,-15.012152144283732,174.1347689240477
140.81246485123145,-685.6891938546062,45.48898944911631,-181.48531353333635,-15.012495297071775,174.12521876163893
140.81588818721005,-685.8287383591505,45.45085979561807,-181.48307859755107,-15.012381960852275,174.11580272097325
140.8182245352988,-685.9709637989513,45.590507919897625,-181.48079038633293,-15.01226463343722,174.10661251717755
140.81907647997008,-686.1117026639929,45.54781764571414,-181.47846514042956,-15.012309816769788,174.09759609615656
140.81961942741142,-686.2544092613354,45.68290514930843,-181.47643480264227,-15.012143467820987,174.08859601932235
140.8213266312654,-686.3954798001981,45.644405089679346,-181.47430253555146,-15.011822143064915,174.07961592829344
140.82611885061374,-686.5384834574788,45.783682807828036,-181.47257919343105,-15.010066566116627,174.07077758693598
140.83269191705247,-686.6798399086507,45.73428486059285,-181.47115726148192,-15.007426098073557,174.0621701627521
140.8382956692977,-686.8231231824063,45.86266469113544,-181.4699576275979,-15.004302612532573,174.05386061776147
140.8382836386723,-686.9647540141187,45.81805857207606,-181.46844030085842,-15.001985023924712,174.04553690377477
140.83550417813055,-687.1083067189269,45.95123023079446,-181.46685134809314,-15.000425819813236,174.03732930915896
140.83180009504434,-687.2502021598858,45.90256510646916,-181.46505128197808,-14.999424150291652,174.02921416438812
140.83084021218647,-687.3940147462481,46.03167775992165,-181.46341799946526,-14.9981708965089,174.02117402963228
140.83208726548602,-687.5361654271293,45.984284130453275,-181.4620702545119,-14.996403594937982,174.0131960490072
140.8337579701479,-687.6802286950084,46.11466827876268,-181.4609331017643,-14.99426089592381,174.00527073961638
140.83672164394932,-687.8226255804774,46.0573344217898,-181.46027139410342,-14.99118525451704,173.99739110051678
140.83825909488453,-687.966930655982,46.17777834259469,-181.45963893435732,-14.988087744814727,173.9895519570877
140.83784499083322,-688.1095650306421,46.12744127679358,-181.45886670749076,-14.985307618370975,173.9816303675001
140.83581268748665,-688.2541033540272,46.254881988770265,-181.45799267115973,-14.982928044207004,173.97365535880917
140.8330749814842,-688.3969668110022,46.191876381863366,-181.45688475147594,-14.980844323558575,173.96564826500577
140.82982446454707,-688.5417301255295,46.306648552734245,-181.45576630215098,-14.978979414351008,173.95774387064773
140.82733894833052,-688.6848145555384,46.24809129241392,-181.4546411252663,-14.976780624563814,173.9499218153446
140.82586489293317,-688.8297948967502,46.36731180987137,-181.45351201499508,-14.97400827683137,173.942287983842
140.82502476070977,-688.973092477572,46.302734601197365,-181.45238102389396,-14.970817784248172,173.93455896875443
140.82144691722388,-689.1182821629441,46.41593517030115,-181.451249658843,-14.968315488101162,173.9270070226069
140.8165510830373,-689.2617853492565,46.34733114753908,-181.44995902522,-14.966485426937265,173.91923252874525
140.81104883590788,-689.4071769682182,46.4565049025548,-181.44871274187406,-14.965149964815351,173.91142085499897
140.80550356037133,-689.5508784817957,46.3863156246481,-181.44718008987203,-14.964178395735,173.9035888597139
140.80167298973873,-689.6964648861034,46.49390412451918,-181.44559879654622,-14.962647878502091,173.89586803485176
140.8002949504248,-689.8403577063624,46.418892802443075,-181.44398323851036,-14.960543493083733,173.88835648681078
140.79983768282264,-689.9818653341458,46.521659258144744,-181.44218398907205,-14.958020141560864,173.88100508537022
140.79669462847986,-690.1251500371724,46.44455451946063,-181.4404116319381,-14.955853124540482,173.87353765934904
140.79059334022847,-690.2667523283599,46.5452275585543,-181.43866057125595,-14.954610679059277,173.86587267523632
140.78398717907274,-690.410270904594,46.46340664758148,-181.43692668447014,-14.954047357102786,173.85806962850899
140.7773739976281,-690.552131584753,46.55936351438643,-181.43520693310768,-14.953651893128379,173.85029138301695
140.77208546626179,-690.695909778246,46.475798887563045,-181.4333390763902,-14.953379876531033,173.84265735020455
140.7679601906906,-690.8380266289872,46.570012038517426,-181.4312024916184,-14.95319862980273,173.83489763694195
140.7641262368643,-690.9820566604119,46.48133491188024,-181.42903251657097,-14.952918775419926,173.82705265553875
140.76081574139698,-691.1244209008597,46.57043556302082,-181.42683998418812,-14.952897524183275,173.81903300637148
140.75724635353697,-691.2686939139146,46.481403625061496,-181.42479285867697,-14.952900600810457,173.8108923960876
140.752442174048,-691.4112967986387,46.57014946487994,-181.42237240676107,-14.953417515136337,173.80278942819402
140.74663802900818,-691.5558041944472,46.48101120197459,-181.4193585558834,-14.95497033985075,173.7947212673581
140.7407164386988,-691.7029039428432,46.569650716847015,-181.41655578030122,-14.956621896339229,173.78656669228522
140.73485557750877,-691.8484300764463,46.475894111102704,-181.41391028462513,-14.95834438807848,173.77835599528308
140.7295008832795,-691.9915717820796,46.559915283136185,-181.41138247909856,-14.959952034564527,173.77011144059682
140.725144911427,-692.1364674756387,46.46665395483158,-181.4087814488421,-14.961474032179126,173.76196849654636
140.721463080094,-692.2796532280302,46.55117040430475,-181.40629081025506,-14.962931867734563,173.75378819402354
140.71755599624385,-692.4161939059319,46.446968383790704,-181.4038833394599,-14.964010688592785,173.74558776666768
140.71160609597166,-692.5494636570721,46.52054414105444,-181.4016989983528,-14.965471939721176,173.73737987036967
140.7028664754412,-692.6759171641772,46.422122549488876,-181.3988766717646,-14.96820256304669,173.72917379275523
140.6936932076844,-692.7992089725964,46.50147873570109,-181.3955889978917,-14.971861632096024,173.72097634313332
140.68579567473483,-692.9158482911143,46.38988696910502,-181.3924447694979,-14.975536975503672,173.7127925073278
140.68032072032645,-693.0294982413441,46.456072980286734,-181.3898903071029,-14.978396097579944,173.70474504061946
140.6754081476446,-693.1366672964019,46.34762181205857,-181.3876106104069,-14.980323449238028,173.69668562010835
140.66985658567503,-693.2410159903089,46.41694842160818,-181.38537443495395,-14.982227122721302,173.68862459740456
140.66384373695155,-693.3390498750058,46.30254608634085,-181.38333216279068,-14.984277073388839,173.68045045400186
140.65782414694797,-693.4344265381673,46.36592152885128,-181.38143390172627,-14.986432471813131,173.6722006213252
140.6531225984129,-693.5236486222566,46.24647824956167,-181.37964293614417,-14.988001949349334,173.6640217274767
140.64710708019513,-693.6103708542244,46.30481274804985,-181.37761046810738,-14.989801689809795,173.6560212366745
140.63968232207768,-693.6910930662467,46.18352413865214,-181.37540270490874,-14.992262912200967,173.64803957520917
140.6320813125402,-693.769467225042,46.240013307032214,-181.3732301321587,-14.995207033588093,173.64007881673442
140.6253744892988,-693.8462571184893,46.1184242495348,-181.37092351913566,-14.998337330575463,173.63214046334915
140.6205863336916,-693.9173713692712,46.174612969815165,-181.36868243801285,-15.001272484961245,173.62422559667698
140.61666067649097,-693.9863390888422,46.04674539794186,-181.36681140568902,-15.003565925746408,173.61645410014256
140.61214201720742,-694.0538966279372,46.096655603846344,-181.36505340562425,-15.005717404610419,173.60855642748388
140.60551391177265,-694.1159446459365,45.969754703821266,-181.36273808077175,-15.008587754528818,173.60045413470974
140.59609240571828,-694.1760082990162,46.020631581573966,-181.36001610914147,-15.012974725131619,173.5920881003334
140.58747821429273,-694.2305541738237,45.89729716456535,-181.35715834940447,-15.018304651373555,173.5836569808127
140.57914799873768,-694.2832207294241,45.95174052533451,-181.35420355195342,-15.02432134070531,173.57506473762567
140.5709930525335,-694.3347623857254,45.82103538312946,-181.35102021999867,-15.030836308134637,173.56660197463285
140.5633998083233,-694.3810793586108,45.86810801870219,-181.34767212570299,-15.037380221753356,173.55824168623843
140.55808200842955,-694.4256926645319,45.74289769838643,-181.3445261817744,-15.043278212432192,173.54996397725031
140.55288426166427,-694.4650640700426,45.79546515584845,-181.341531277843,-15.0493586169634,173.54163507334593
140.54490800458973,-694.5028271465928,45.66680923739149,-181.33832979871298,-15.056228720182316,173.53315514108417
140.53402370777624,-694.5397314824845,45.71593109671231,-181.33465789908544,-15.06482738456936,173.52433377018903
140.51942549079183,-694.5716725419118,45.59584223392649,-181.33048428833717,-15.075182017222465,173.51538896329242
140.50675788663702,-694.6021666732009,45.65353114891844,-181.32642824375438,-15.0861538224861,173.50624247648977
140.49794367764056,-694.6276710578843,45.519464156372,-181.32278201973253,-15.096247579392777,173.49719444352206
140.49084683864817,-694.6518147642198,45.56317494160334,-181.31943957187676,-15.105192461942659,173.48810754161815
140.4825517398111,-694.6710762910623,45.44444138500782,-181.3161628642742,-15.113948218957512,173.47900021307385
140.47043540818862,-694.6890874402911,45.503485606190075,-181.31245550104182,-15.124374389907109,173.4697668892853
140.459782262281,-694.7023256887637,45.37720668885018,-181.30859561911495,-15.135520263368006,173.46056848749433
140.4532710427026,-694.7144210797734,45.42870554928807,-181.3046273211516,-15.14586312233856,173.4515229826365
140.4501465901796,-694.7218492092851,45.307649329680686,-181.30074482324855,-15.154615910363775,173.4429567537562
140.44158037217022,-694.7282382419886,45.36437088785108,-181.2967669187212,-15.163682866106388,173.43451138612951
140.42465029838638,-694.7300619224209,45.232656766369075,-181.29240258525118,-15.174954374214431,173.42580304597118
140.4099877922748,-694.7309465956105,45.27872042266485,-181.28807874996406,-15.187171201605473,173.41690960003643
140.40297222200678,-694.7273642186664,45.16891778997408,-181.28459201230908,-15.197922848179699,173.40824742626202
140.39758581590687,-694.7229393810563,45.23151401813473,-181.2810804677956,-15.207425138469082,173.40047899622633
140.39095918263843,-694.7141423156703,45.099645759552665,-181.277232075181,-15.216829454335992,173.39325199464795
140.38294497160942,-694.7045959185479,45.145555278748375,-181.27330008141902,-15.226153562901203,173.38642846460635
140.37723300269627,-694.6907687593928,45.02879986810434,-181.2694720530323,-15.234749231348669,173.38002776794065
140.37534983020865,-694.6762821007612,45.089822235238096,-181.2660436686127,-15.241645736448945,173.37406194970316
140.3759036443481,-694.6618695747129,44.95590053026429,-181.2632331816662,-15.24679583597897,173.36865856748483
140.37734764601194,-694.6476768533294,44.99975660306826,-181.26087831774396,-15.25049532689123,173.36355333024252
140.37935981493476,-694.6294632782495,44.8894820316682,-181.25837789280743,-15.253127749714094,173.35867127063796
140.3826907775736,-694.6107045699428,44.95386965703272,-181.25529116794925,-15.254809982673338,173.35419543646515
140.38541679193142,-694.5878369588421,44.82075763717516,-181.25177723357064,-15.256124581081075,173.35014236835045
140.38592793553997,-694.5644727954293,44.865423395095384,-181.2476331357076,-15.257827967841342,173.34652204251668
140.38434439095624,-694.5370749452117,44.7607350027858,-181.2428706015985,-15.260310951938568,173.3433413902008
140.38030931914588,-694.5092600159471,44.82623553629222,-181.2376587809393,-15.263694100319254,173.34060510348897
140.37584132957818,-694.4774905943117,44.7002462205405,-181.2322821162062,-15.267734361931474,173.33819711714165
140.37135030119953,-694.4453821059765,44.75203468256657,-181.22646934507637,-15.272087581903163,173.33615113593837
140.3656865374623,-694.409395791691,44.6438975367148,-181.22002015171887,-15.277162435142932,173.33461244382403
140.3598687779598,-694.3731457175742,44.70758932423569,-181.21327175912185,-15.282431308465302,173.33344713143455
140.35451362743945,-694.333091781434,44.587333476156466,-181.20518461898703,-15.288993335294181,173.33279488889877
140.3485058275229,-694.2928467288698,44.64485540585502,-181.19580291922685,-15.296828508448431,173.3325194773602
140.3424529419926,-694.2531358271018,44.533903885529995,-181.18564021503008,-15.304765468754038,173.3322824311409
140.33729845815597,-694.2098298660959,44.60073014298275,-181.1745938077613,-15.312935351228147,173.33219284130797
140.32993118509486,-694.1664208002435,44.48295567342519,-181.162427392824,-15.321763003396956,173.33197146579377
140.32222613318353,-694.119341820136,44.542958981645405,-181.14945045352076,-15.33106517320662,173.33165364422487
140.31415244179598,-694.0721984248946,44.43616909899583,-181.13653244251748,-15.34120305402419,173.33114626694615
140.30653051501292,-694.0214459638033,44.50715699412403,-181.1233473504995,-15.351614111464608,173.3307403331489
140.30157311966505,-693.970693502322,44.39634031297874,-181.10981811915255,-15.361556688599613,173.33028826317923
140.303382691338,-693.9163961868813,44.463301409611226,-181.0949249893922,-15.369989542330973,173.33040009518976
140.30446658695135,-693.8621621291353,44.36688096676108,-181.07824135024404,-15.377803769696342,173.33092535591288
140.3029241541707,-693.8044453850827,44.44823830168871,-181.06009950077961,-15.385653391746771,173.33163421968234
140.29882328142193,-693.7468529641286,44.34110425543739,-181.04170797872723,-15.39418154801331,173.33164154002912
140.29426904420305,-693.6901045000035,44.41174798696385,-181.02314971146328,-15.403199715454985,173.3311343886923
140.29133157213062,-693.630065249845,44.317657713456086,-181.00528743839286,-15.411413652720697,173.33036952003312
140.29204811935693,-693.5702217340374,44.40134521772609,-180.98762966086264,-15.4183691865798,173.32965456077636
140.2959510573269,-693.5070018062139,44.29713404622008,-180.9699775425308,-15.423405486355072,173.32909772615628
140.30207843166113,-693.4440057238496,44.37070065249184,-180.9518634872719,-15.426533871091289,173.32901467790052
140.3073315483888,-693.377683688193,44.27134080982829,-180.93262500187114,-15.4289216706791,173.32927914679928
140.31027999149057,-693.3116397086072,44.349758744942505,-180.91241725746445,-15.430929585336225,173.329917337639
140.31231489978748,-693.242323965723,44.24674250736861,-180.89167846333737,-15.432657132897818,173.33070991284353
140.31331682687212,-693.173339694078,44.32150404757249,-180.87088866723232,-15.434506431213743,173.33137677651544
140.31286413030685,-693.1011361596553,44.22400345756365,-180.8502417272733,-15.436608702928787,173.3317108589624
140.3129482806961,-693.0293156673889,44.304280645332575,-180.82971790132356,-15.438563953117216,173.3318006048822
140.3143723814485,-692.9585932305548,44.19626018808334,-180.80914082460367,-15.43991542729707,173.33171109090793
140.31768866284062,-692.8848295683534,44.26601750861189,-180.78838298805388,-15.440822931093589,173.331490199246
140.32380021546976,-692.8115067442742,44.164240634235085,-180.767189267928,-15.440412049938953,173.33141316029457
140.32997323582,-692.7350482346507,44.240241537636074,-180.74569473870864,-15.439365385047829,173.33156079292104
140.3336049778695,-692.6590499978331,44.12947002489274,-180.72335694462447,-15.438680075785406,173.33199216458675
140.33667681281636,-692.5799580127225,44.196476289927176,-180.70042061212308,-15.438260369814488,173.3326312281064
140.33836097802347,-692.5013721417415,44.0935100784437,-180.6764239615224,-15.438364701551535,173.3335411420403
140.34097565671078,-692.4197384926405,44.16832164473799,-180.65134929689387,-15.43868967931288,173.33500798191
140.34415169599723,-692.3386562998137,44.04848026960446,-180.62534637723573,-15.43884550862292,173.3370010413861
140.34739483706701,-692.2545709005398,44.1064166722487,-180.5982040731511,-15.439371379442619,173.33949733474287
140.35019282937603,-692.1710807412105,44.00707221591856,-180.56993034697956,-15.440333479928672,173.3423604473514
140.35162999826449,-692.0846303788029,44.0855055373662,-180.5405302657009,-15.441945293636284,173.3454900157556
140.34989811828908,-691.9945508253782,43.95537212861443,-180.50968854630483,-15.444693464316412,173.3492904254602
140.34878905972278,-691.9050265651766,44.003016497640445,-180.47717526270654,-15.447941853958003,173.35417674064317
140.34782033871568,-691.8126199308758,43.903978479410966,-180.4434650660565,-15.45155418338054,173.359855043119
140.34689346258585,-691.7209510494431,43.96881107784881,-180.40842532000997,-15.455760857682952,173.36634731111852
140.34475613766978,-691.62646678712,43.84038373295258,-180.37211993973585,-15.46073031229789,173.37366893848605
140.34158400939526,-691.5284965581272,43.88973416583413,-180.33540047692173,-15.465758721849026,173.38123492127693
140.3390731462734,-691.4312224901686,43.7670680307906,-180.2984099931008,-15.470825895322658,173.3892115949491
140.33714091290204,-691.3354711078275,43.82217967352484,-180.26125364097155,-15.475751658185258,173.39772057377985
140.33535188613314,-691.2371193933812,43.69012265620381,-180.22368690217368,-15.480734674810556,173.40661234619014
140.33484894462103,-691.1396463924527,43.73584341666056,-180.18553260580887,-15.48542458151372,173.41601693009443
140.33461037310622,-691.0394687502409,43.596533577031806,-180.14698134882508,-15.489895372134695,173.42578921613082
140.33566184638573,-690.9401749284616,43.635001515180825,-180.10785147739355,-15.49403617025929,173.43617979725428
140.3369563743375,-690.8382033829008,43.493533585278605,-180.0683320708083,-15.497931293177096,173.44701455870282
140.33787043549282,-690.7371465545651,43.529843433154156,-180.02840213347176,-15.502138791945107,173.45816542149066
140.3374616255302,-690.6334432556773,43.380443383339646,-179.9880466335285,-15.507067626337697,173.4695381800493
140.33679405553016,-690.5264188873745,43.408821111302906,-179.9475749258959,-15.512521059002186,173.48118266416563
140.33731800562927,-690.4202524295378,43.258032841833426,-179.90705397414231,-15.51818901623703,173.49325606303833
140.33601769690236,-690.3115008100835,43.28502235014173,-179.86605115087931,-15.524505253305929,173.50623060082228
140.33313725191212,-690.199512181338,43.11978890739232,-179.8248914021301,-15.531785503375737,173.52009266310756
140.32916041266466,-690.0884688778987,43.13233324242069,-179.78349316113434,-15.539931558312817,173.53459325486065
140.32419952072394,-689.9791939220584,42.98155384049965,-179.7416350464831,-15.548870629214843,173.54954921214195
140.31828926204108,-689.8675601017765,43.00551520712127,-179.69899512058646,-15.558879299317027,173.56530403218187
140.3135069647999,-689.7570421896057,42.816377124950094,-179.6556597685995,-15.569002112237014,173.58210712507145
140.3090182747412,-689.6440526026971,42.8050168205567,-179.61201295779253,-15.579364965167459,173.59978312641263
140.301775700822,-689.5321756438548,42.6431817877581,-179.56737476323826,-15.591217302680748,173.61844088195045
140.29120891118203,-689.417845682929,42.64902682492985,-179.52204923233114,-15.60448028236589,173.63828022811646
140.27807245051721,-689.3046511476977,42.460134005024095,-179.47658172190384,-15.618765943661778,173.6589684391021
140.26707466308798,-689.1890269087729,42.44901896289612,-179.4305687309488,-15.633788873106619,173.68073720587904
140.25789302328266,-689.0745611627297,42.289218499530044,-179.38403484359873,-15.649173778812298,173.70375725244355
140.24961764076826,-688.9619550725399,42.29275769134493,-179.33716032901435,-15.664481569415294,173.72791266414424
140.24246253737445,-688.8470557556924,42.11117860728806,-179.2902394651378,-15.679553868684678,173.75311920546773
140.23234614016417,-688.7333319171307,42.10737730100896,-179.24284454143708,-15.695926298932285,173.7794315027001
140.21726047295087,-688.6171939132635,41.938817892569716,-179.1948223249086,-15.71455849418148,173.80689041000144
140.19810839233736,-688.5022248168347,41.94803626190824,-179.14702455783225,-15.734831288480505,173.83576309010243
140.18129185863475,-688.384857951265,41.76989170999125,-179.09959565170263,-15.755960279598918,173.86564687231862
140.16846871390476,-688.2686807495106,41.76952493585203,-179.05247940262828,-15.777037033726112,173.8958864549462
140.15868173169432,-688.1501271118333,41.60694399098759,-179.00611609428253,-15.797726079167186,173.9264791893576
140.1496411746237,-688.0327842831516,41.62214082390093,-178.96034615430074,-15.818112414642492,173.95754370820208
140.14046781272606,-687.9130858253882,41.446617657710256,-178.91505203551026,-15.838754641622478,173.98904570050297
140.12893257767664,-687.7946186198742,41.44887226929736,-178.86998533592123,-15.860225729281915,174.02095961601205
140.1142108024509,-687.6738158650664,41.28285037616531,-178.82544724747956,-15.882616229361695,174.0532663517267
140.0998842066598,-687.5542640840239,41.29460626081104,-178.78197817440235,-15.90533039588299,174.08547510516036
140.08912751389573,-687.4323961230646,41.12298283599033,-178.73949168510183,-15.927602171868932,174.11746248602932
140.0821142302564,-687.3117981593447,41.1291371889474,-178.69792530078357,-15.94853773099474,174.1492590937901
140.0788258173649,-687.1889026994453,40.96856296670717,-178.65707060801614,-15.96797878837056,174.1807684265091
140.0742758138285,-687.067295586851,40.98576652224471,-178.6166123598907,-15.987463930189833,174.2128746381239
140.06624931443568,-686.9434090004302,40.812199825968825,-178.57632080072324,-16.007460080474907,174.2456300220742
140.0551758927518,-686.8208284618064,40.81641090747072,-178.536669072622,-16.028143862612428,174.27883234984037
140.0440612419403,-686.6959858337358,40.648171681768574,-178.49832357772766,-16.048652189190953,174.31197381211348
140.0330964203371,-686.5724663273751,40.657710233844206,-178.4609700720694,-16.069013618735926,174.3450411806141
140.0342357309272,-686.446701500558,40.488599785936266,-178.4255025616337,-16.08677100251892,174.37695104268732
140.03819033109426,-686.3180095982976,40.4972671158061,-178.3911278632594,-16.102933635068652,174.4082219246142
140.04141974597434,-686.1905625657807,40.333374808620285,-178.3571033379065,-16.118573749929507,174.43923464698312
140.0395266387854,-686.0609104205638,40.34726027921225,-178.32368762790287,-16.134476338383084,174.47062781881192
140.03540217359597,-685.9326611944279,40.17275363476358,-178.29122986311987,-16.150391938503812,174.50215297075854
140.0325345403114,-685.806516541102,40.17602476809269,-178.2595034428451,-16.166302933313677,174.53350866354538
140.0311910575256,-685.6783201929633,40.02858912809748,-178.22882332091663,-16.182031074455743,174.56387665899925
140.03140528992807,-685.5515367428133,40.0463139645365,-178.1994177556616,-16.197116920115963,174.59349334930187
140.0335724629518,-685.4225723479964,39.88202741657228,-178.17065300358067,-16.21171833944891,174.62289008987997
140.03651006875012,-685.295005924528,39.89551864638584,-178.14190197205147,-16.226280422658007,174.65245851466847
140.0383262040431,-685.1652667066854,39.74073063037491,-178.11318655873268,-16.241296715302315,174.6824838915003
140.03742643797753,-685.036938109955,39.76372039214177,-178.0846827902467,-16.25679808038343,174.71305589949566
140.03599628831319,-684.9064500886006,39.58829643991711,-178.0570013424323,-16.272310719593683,174.74376337300382
140.0365355129465,-684.7773860119584,39.590650265470224,-178.02978753550846,-16.287817837486006,174.7743046701338
140.03499516568905,-684.6461756355709,39.44331415206558,-178.0027808552883,-16.303637788973724,174.804935178989
140.03141814454776,-684.5164021023651,39.47079712503529,-177.97579007392216,-16.32033442291896,174.83608210487927
140.02666155070816,-684.3844949391569,39.30013260011406,-177.94899494352128,-16.337989782547318,174.86769916155
140.02173669166348,-684.2540370629359,39.30724585297062,-177.9223671083886,-16.356332514023627,174.89963287674274
140.01767133312867,-684.1214577783521,39.16056869973319,-177.89620562563942,-16.374667013538232,174.9316513115492
140.01465702646166,-683.9903397841431,39.19166932427353,-177.87040938928945,-16.393309845614688,174.96382252435254
140.010251355863,-683.8571121705934,39.01400772757225,-177.84522570806453,-16.412162216830207,174.99607717772003
140.00686384868212,-683.7253574259016,39.014123908648735,-177.82115539720354,-16.430820825751073,175.02800523892043
140.00413881873132,-683.5915044335725,38.887521125650935,-177.79760295377463,-16.449320756892373,175.05954630758833
140.00199570687477,-683.459135478718,38.89558312415956,-177.77461121530118,-16.467357213278756,175.0913728785603
139.99999945845013,-683.3246792453831,38.75241597029423,-177.7520510975626,-16.485037755772524,175.12338052760322
140.00052675157835,-683.1917178227817,38.786263189119374,-177.73030933291204,-16.501945578707264,175.15525429376572
140.0015512537371,-683.0609463692261,38.62041500778422,-177.7091870198724,-16.518271711456112,175.18700154691265
140.00060551589345,-682.9282061034859,38.63234460422684,-177.68869774673675,-16.53448742595064,175.2183878040676
139.99968984720982,-682.796959936866,38.49458830603631,-177.66869091555128,-16.550938419756893,175.24936232082203
139.99961632631278,-682.6636125355509,38.528336999541125,-177.64905565897922,-16.567051328619474,175.28000736171234
140.0009442806036,-682.531741383671,38.37427479134678,-177.6297103440184,-16.58273665260437,175.3105026580437
140.00130164347092,-682.3977743158382,38.397990360930216,-177.61059484874136,-16.598094471835424,175.34098192365732
140.0002260277817,-682.2652933742241,38.2538504931801,-177.5916648794504,-16.613859802852122,175.37166056295297
139.99846844735987,-682.1307271645788,38.28748840320777,-177.57304778918865,-16.629744628884055,175.40269636193602
139.99906524846858,-681.9976577318646,38.13488508295419,-177.55483846985075,-16.645372298081796,175.433609157313
140.00217954915655,-681.8625135309129,38.16005954047839,-177.5369443685853,-16.660466827672956,175.46440427200514
140.00534239081728,-681.7288764271716,38.025940577506525,-177.51945733310745,-16.675322304192985,175.49520482520427
140.00312773581334,-681.5931746927923,38.069599392312426,-177.50212435657204,-16.691146603592834,175.52622021059457
139.99986907879207,-681.4589900125078,37.91966357997685,-177.48491976368467,-16.707667307060643,175.55736557036028
139.99480352226723,-681.3227504807173,37.94750554541905,-177.46782461177733,-16.724849355108535,175.58857855990368
139.99191440709004,-681.1880376075222,37.825328029029,-177.45130669005704,-16.741839782916895,175.6198133997378
139.99155678093152,-681.0512793157983,37.8759736587155,-177.43506497529322,-16.758178586613766,175.6510364988164
139.99294253881547,-680.9160569471843,37.73402416729302,-177.41936202715505,-16.773529009247817,175.68210412303065
139.995067931618,-680.7787982591013,37.769852453648326,-177.40406813271846,-16.788306307615677,175.7129110055673
139.99566835692883,-680.6430844306885,37.66204528466787,-177.38924780556923,-16.80298084614534,175.7436184047559
139.995132138248,-680.5053430597694,37.716539276179056,-177.3747879347215,-16.817732316759404,175.7744637762455
139.9943762169901,-680.3691551687355,37.591772841355265,-177.36060525171342,-16.832527091817045,175.80538290931457
139.99564221720797,-680.2309482014621,37.644784184309266,-177.34680022439485,-16.846679139222143,175.8360904283125
139.9972945963846,-680.094303029142,37.53575675118363,-177.33344441571734,-16.86067794008435,175.86661546808583
139.99776875084913,-679.9556469471522,37.604507095835764,-177.3204299058732,-16.874717250103227,175.89686044528128
139.9988218501744,-679.8185606808391,37.487473594118896,-177.30767725029338,-16.888443120783645,175.92699226993992
139.9987419832814,-679.6794713823377,37.5482178701798,-177.29528795686792,-16.90209226850859,175.95701433222743
139.9980259923628,-679.5419596363108,37.44445311286632,-177.28349791950538,-16.915507686823762,175.98692921583185
139.99801607073215,-679.4067191233889,37.51846613333063,-177.27231781662218,-16.928574445422157,176.01661979961656
140.00348972628893,-679.2738562777162,37.413722132359965,-177.26223671467082,-16.94005301644283,176.04611950523682
140.0099822497375,-679.1390919037428,37.48675590916709,-177.25297050771567,-16.950356713398925,176.0754530115759
140.01576309754208,-679.0058638729838,37.39342287323012,-177.2443101270528,-16.959789677199264,176.10451945310314
140.02131939371574,-678.8705712428606,37.477867615070934,-177.23610171712045,-16.968575718495337,176.1333642102648
140.02675175668426,-678.7367898547151,37.38190330765134,-177.2283938265326,-16.977044873473794,176.1617807591076
140.03085007273847,-678.6009467169299,37.46371677800953,-177.2210598349224,-16.98543945034824,176.18985802936197
140.03421262558146,-678.4666232205097,37.37539946715914,-177.2140065549994,-16.993937208100306,176.21790153774464
140.0369695361418,-678.3345140309783,37.46485993408653,-177.20716539989587,-17.00250307826684,176.2460144709695
140.0403874421843,-678.2004599224092,37.37629842712438,-177.20048588402005,-17.011111283430505,176.2740342153602
140.04429960377064,-678.0679233773543,37.46551469794,-177.19409084092533,-17.019577549187478,176.30207982594416
140.04825497683427,-677.9375753091987,37.386122035460076,-177.18791009568614,-17.027766867143313,176.33023858674935
140.05257340466534,-677.8052521089477,37.48450715075792,-177.18205199620346,-17.03558047731791,176.3584552943738
140.05813680358742,-677.6744158122368,37.39844473119814,-177.17643571080842,-17.042780956355,176.38645119259232
140.0642807394986,-677.5457376791205,37.490160089416136,-177.171161747998,-17.04969073879877,176.41437938978135
140.06921962460794,-677.4150546010608,37.419139038991304,-177.1661435097166,-17.05654653504527,176.44247133670683
140.07097081319094,-677.2858291377893,37.52589576634424,-177.1611572634127,-17.063852647372663,176.47053928504178
140.07164889000885,-677.1544664040641,37.44437005312202,-177.15619891011124,-17.07131716383731,176.49868379623405
140.07374714515896,-677.0245444862389,37.54062211767757,-177.1517471968812,-17.078560541543528,176.52674032506727
140.08103114968006,-676.892491843314,37.471433333403496,-177.14767097678194,-17.08447975671338,176.5544691721449
140.08637226489995,-676.7618911374018,37.5800223269072,-177.14403374161867,-17.089916880054197,176.5820521825155
140.08960439528755,-676.6291715844873,37.50198377871412,-177.14072166183973,-17.09565696972186,176.60962283884726
140.09154742729876,-676.4979158291472,37.60172300829881,-177.13781275119132,-17.101614132393944,176.63715992830046
140.09320500540164,-676.3645529151756,37.53884628143616,-177.13488030582587,-17.107725186680234,176.66464792462986
140.09601391827871,-676.2326652864765,37.65374733235129,-177.13209320828602,-17.113118773879798,176.6918372633384
140.10065759357195,-676.0986817833289,37.578349252425255,-177.12957695434943,-17.117485424249363,176.71878341815727
140.10683417796645,-675.9661846484474,37.68072895027701,-177.1275815557254,-17.1212604394766,176.74552728598607
140.11364016609207,-675.8358691909154,37.61901329271169,-177.1259698913516,-17.12426756669704,176.77221814880633
140.12006457202168,-675.7035767775825,37.73507541292416,-177.12464106468514,-17.126874236377187,176.79884641607558
140.1238555144055,-675.5727704651903,37.66110492112781,-177.1233608335167,-17.129844475710293,176.82540511036984
140.1254231817885,-675.4398550627624,37.76491220710924,-177.12211737703004,-17.133244025909494,176.85200828786532
140.12570078734632,-675.3084081947173,37.702441905219175,-177.12090199393802,-17.1371207155881,176.8786204391061
140.1265395434823,-675.1748578334501,37.817749381106886,-177.11970827834259,-17.14117852827189,176.90533462695905
140.1274786007577,-675.0427861564542,37.74408730843414,-177.1183715133252,-17.145036668659316,176.93209989571614
140.13047769611313,-674.9086219023853,37.84820301353918,-177.11741281141173,-17.148414286571285,176.95864061023067
140.1334354786173,-674.7759472467375,37.7885966810868,-177.1167322079539,-17.151436519007554,176.9849930598878
140.13593226564444,-674.6411907725432,37.90676812641221,-177.11625614834443,-17.154360782332812,177.0110649131387
140.1378906770496,-674.5079344711613,37.826963155043416,-177.1160905107212,-17.15704526896482,177.03714604293324
140.13971356036814,-674.3726067384061,37.9249359614524,-177.11615266312128,-17.15988219981143,177.06321079229997
140.14107274595105,-674.2387893804644,37.86281389196666,-177.1163818062919,-17.162663068032447,177.08924036068686
140.14231986134746,-674.1029106110203,37.978469600258705,-177.11657320567812,-17.165400351778498,177.11534010340552
140.145992603732,-673.9685520573303,37.89438833086106,-177.11705675615627,-17.167441907101797,177.14111077419616
140.15009823695584,-673.836408423999,37.988084839241196,-177.1177541209459,-17.168971446865903,177.16661721831002
140.15628716823056,-673.7023204841914,37.92603199641038,-177.11876766301745,-17.169628148962367,177.19190722379946
140.16157096098178,-673.5697507115658,38.03906575161863,-177.12017394528058,-17.16997485303403,177.216896916515
140.16495413430917,-673.435103342476,37.952238695715934,-177.12154520921106,-17.170424583706108,177.24188238902505
140.16626640084226,-673.3019554388984,38.04318941759102,-177.1228895741297,-17.171445467457893,177.26696166851997
140.16714582267022,-673.1667344208295,37.98370162168815,-177.12405301811523,-17.172718956015906,177.29208744711087
140.1679261682245,-673.0330219232305,38.093751523711404,-177.1250827525774,-17.17417655610866,177.31734410212457
140.16908626694286,-672.8972461519136,38.00082847919616,-177.1261735180696,-17.175767875682357,177.3426742828216
140.17112715044556,-672.7629887590451,38.08568321245868,-177.12746807008116,-17.17679450836913,177.36767853330358
140.1737258316731,-672.626677813676,38.01187540365004,-177.12891091482734,-17.177406124776436,177.3925406534052
140.17681155786812,-672.4918948023632,38.11457563141095,-177.13062300282803,-17.177382185586435,177.41727644489893
140.1791276960619,-672.3550676251335,38.01909439550414,-177.13253101402603,-17.177388193571026,177.44201671915442
140.17879119824553,-672.2197776012412,38.10139093737511,-177.13441922844763,-17.178406379698774,177.46697651163586
140.17710762564053,-672.0824524661339,38.024295034365785,-177.1362912468204,-17.180165924743836,177.49207509766745
140.17517858222152,-671.9466733773717,38.12497690913425,-177.1381497240744,-17.182467568954884,177.5172531557816
140.17487232436838,-671.8088679115855,38.022775495507766,-177.1403183969726,-17.184339817759472,177.5421097795935
140.17530564596228,-671.6726170703522,38.09835185965907,-177.1428726189673,-17.18573017904483,177.56670859014034
140.1758807206496,-671.5343482771049,38.01469402473204,-177.14538730654652,-17.18660058693938,177.5912155831279
140.1764759671156,-671.3976423829588,38.10866214876045,-177.14803076694326,-17.18741958865144,177.61575257035602
140.17583300443204,-671.2631933302384,37.99801134152825,-177.15092631099694,-17.18836549782815,177.64028974270522
140.17495154427672,-671.126841143442,38.06513831207382,-177.15384414258207,-17.18940363167078,177.66468612887888
140.17444558761596,-670.9877808942648,37.983928989899944,-177.15693572472887,-17.190508474149443,177.68907669729168
140.17320059414885,-670.8501567783775,38.06846471058589,-177.1601519758812,-17.19215725421233,177.71356042995237
140.17182549989417,-670.7147772099074,37.96278662714182,-177.16345679208104,-17.1942034562547,177.73809071974358
140.17126527571142,-670.5775052825613,38.034886321475526,-177.1671453961457,-17.19587794890244,177.76263334672848
140.1704653265092,-670.4375405286289,37.93292302345288,-177.17111216588546,-17.197113032889533,177.7871632053203
140.16880747602505,-670.2990278192129,38.00873750320801,-177.17511939776938,-17.198355452673056,177.81178278499402
140.1645358458248,-670.1585088105675,37.89077851504108,-177.17915273990846,-17.200261703223042,177.836446276057
140.15980221175522,-670.0195870346436,37.95059730465192,-177.1830398665972,-17.20265306855683,177.86112004570222
140.1546328330408,-669.8829604816326,37.84226863198185,-177.1869780911764,-17.20556339240734,177.88589853184587
140.1498604921169,-669.7444694397361,37.91171773708956,-177.1911102868979,-17.208686365548903,177.91061267365623
140.14482476537756,-669.607575150436,37.78350688463416,-177.19505927728306,-17.212127838861118,177.93525766149614
140.13898664736655,-669.4729471526585,37.83307380995653,-177.19887040687462,-17.215799819877756,177.95994914087964
140.13348174877956,-669.3364204558208,37.718898316813394,-177.20257705088008,-17.21963757589451,177.98453365496897
140.12935378596842,-669.2014557321926,37.782500601448035,-177.20636555510552,-17.22326460001711,178.00913698605228
140.12679369689462,-669.0644562348313,37.649087167751,-177.21021072259964,-17.22689741895145,178.0337322466369
140.12376048161292,-668.928998220019,37.69345151183174,-177.2140940252308,-17.230696591575338,178.05841883751305
140.11903311348476,-668.7915083490384,37.574752366318016,-177.21800184180455,-17.234779713195902,178.08315046029998
140.11321103735622,-668.6555675183225,37.63238242012246,-177.2219241616548,-17.239232767972585,178.10801223393457
140.1072528224881,-668.5176032096964,37.48639351469964,-177.22601363073466,-17.243622482126177,178.1329473521698
140.10258589670576,-668.3811963645443,37.5181823870546,-177.23006204083254,-17.247961844521367,178.15767586967368
140.09906493612948,-668.2427743538847,37.3981489539412,-177.23407674242358,-17.25226042508271,178.18223089907016
140.0954125778115,-668.1059179787196,37.446401600358605,-177.2382231558193,-17.256525278005398,178.20663687716174
140.0905538845968,-667.967054465767,37.30062051219666,-177.242302472171,-17.26125760634603,178.23091185676032
140.0842892480396,-667.8297644729965,37.33261720181249,-177.24632895796475,-17.26649387681241,178.25518830414882
140.07783251986714,-667.690475086382,37.19864050913677,-177.2501513444731,-17.272095050375036,178.27956335996336
140.0718398690612,-667.5527668256083,37.242441594238834,-177.25382066049525,-17.27812417405396,178.3039890619074
140.06766970698447,-667.4130666408225,37.094108097789835,-177.25737446321327,-17.284461768597122,178.32843019261134
140.06310201829203,-667.274954918307,37.12355237911861,-177.26084039723918,-17.291185275023356,178.35286091228969
140.0552308980712,-667.1391251438546,36.99192157139044,-177.26407881339398,-17.298516473713683,178.37726228102065
140.04722170303222,-667.0014168935847,37.03806854144005,-177.26714750451782,-17.30628679677662,178.40173954672912
140.0392988015813,-666.8652914654886,36.88981984205049,-177.2700890028935,-17.31437223742564,178.42625071265158
140.03273961789085,-666.727151941249,36.91934892043871,-177.27293461192198,-17.3226815772461,178.4507649510279
140.02695713058722,-666.5905742487921,36.79459587604317,-177.2757073726656,-17.33114772371244,178.47525965210298
140.02100155571367,-666.4519846943177,36.84514674858033,-177.27810246887967,-17.340052002922235,178.49971825275614
140.0150960648355,-666.3149638188814,36.69747069303821,-177.28021848213098,-17.349269664562375,178.52412863878823
140.00928457995994,-666.1802054205922,36.72757241527387,-177.28180795364227,-17.359037835396645,178.54860108042175
140.003985215181,-666.0435494149525,36.609614285629014,-177.28332988168066,-17.368706807932533,178.57297816510373
139.9992743098315,-665.9041907732562,36.660848254782074,-177.28480092501397,-17.378129107074024,178.59726365283487
139.99474809591067,-665.7662735939194,36.52172211196416,-177.2863951230806,-17.38736213701594,178.62146038236853
139.98950185976244,-665.6306061958273,36.56037374692403,-177.28807821755342,-17.396613495740443,178.64568962546443
139.9837755656384,-665.4930515792016,36.438289449525065,-177.2898250066401,-17.406198961031087,178.66992117473436
139.97803470054674,-665.3570758511943,36.493982929903886,-177.29145517463107,-17.416351584056642,178.69425376493254
139.97154945800952,-665.2190831112647,36.36570738547456,-177.292998371447,-17.427241764867333,178.71851793395348
139.96295424121038,-665.0826495323629,36.41520961882301,-177.29447641767075,-17.438993807893066,178.74306947040532
139.9544699393089,-664.9442015076777,36.29955295436144,-177.29574537297466,-17.451202103616033,178.76757169716296
139.94694981934734,-664.8073196324092,36.36167406767764,-177.29685986697712,-17.46356879949855,178.79213509483222
139.9405508219243,-664.6726977514722,36.238258228141504,-177.29786009869716,-17.475875329546174,178.8166024059276
139.93652216808346,-664.5361758250416,36.29262016638314,-177.29877564898192,-17.488126798843723,178.8409775048145
139.93549065714697,-664.4012155346882,36.19581708082039,-177.29962828572496,-17.499336777840732,178.86502331466062
139.93589457850248,-664.264220340124,36.275484933347066,-177.30059402797144,-17.509773032858234,178.88880627182363
139.93657984165708,-664.1287665408182,36.16030296715017,-177.301803633594,-17.519632613619642,178.91225621883487
139.93649029387333,-663.9912808079321,36.22289877873106,-177.30319099715402,-17.529225869188124,178.93556022511527
139.93583639080373,-663.8553440409752,36.13689659227272,-177.3048674833228,-17.538780625610176,178.95861738240967
139.93425758329838,-663.7173837234454,36.22867218359216,-177.30643272475027,-17.548627545096917,178.98171124408566
139.93292691572373,-663.5809807980949,36.13024206898568,-177.3077549953751,-17.55917596468044,179.00493238331998
139.93289680118517,-663.4425626372296,36.20958973215698,-177.30905791205961,-17.569568107961974,179.02798621841774
139.93600366999397,-663.3057100431047,36.1331955361184,-177.31034547770645,-17.57884618893913,179.0506586492953
139.93969374889357,-663.1668502436667,36.23457911785759,-177.31162064142282,-17.58713371037666,179.0730312304728
139.9426266553559,-663.0295638980912,36.14539221410873,-177.31304735468913,-17.594852788132734,179.09528314624254
139.94536641488332,-662.8902780935365,36.23398308813764,-177.31490393610247,-17.602313479119957,179.11742679456592
139.94884991288822,-662.7525733508508,36.17711645312709,-177.31707410386238,-17.60957805475137,179.1395904746301
139.9524326155059,-662.6128766213237,36.29213241725016,-177.3191523059051,-17.616527021721296,179.1616300324775
139.95598420505337,-662.4747682923594,36.219378857910684,-177.3213212191312,-17.62323836547993,179.18355897664782
139.959479060491,-662.3346751841862,36.324403076348986,-177.32371472596887,-17.62976948657806,179.2052682006157
139.96414664227376,-662.1961775554876,36.271394473230025,-177.32627080722676,-17.635335972284174,179.22667788823605
139.96980371927353,-662.0599687667363,36.396163647888834,-177.3289438376539,-17.640024777382184,179.24784888503476
139.97598890577714,-661.9218882709702,36.3329587610533,-177.3315402547781,-17.64390222665194,179.26882602323377
139.98219174708458,-661.7853972452964,36.44753165199553,-177.33407818088716,-17.647181235026068,179.28964235211464
139.98543345672087,-661.6468986526729,36.40806388670544,-177.3367309576508,-17.65100869429152,179.31056047298094
139.985981724597,-661.5099683044212,36.54637389919313,-177.339465600204,-17.655730948691257,179.33177286964025
139.98557283986685,-661.3752990588857,36.492185396151534,-177.34225784687615,-17.661105188630007,179.35318221308407
139.98456767319826,-661.2387306631633,36.61577467088771,-177.34525163234963,-17.666787440861864,179.37471695364235
139.98633399029015,-661.0994580768092,36.584810470631155,-177.34806877402363,-17.672029184551125,179.39608628787073
139.9902739276244,-660.9616254180015,36.731624048152376,-177.35107565056322,-17.67644722931476,179.41707710693788
139.99582455434282,-660.826041031406,36.679473549183875,-177.35453899322508,-17.679597745493147,179.43765257860318
140.00367348780253,-660.6885679438624,36.80510082799316,-177.35833399918315,-17.681650606916858,179.45778428397676
140.01104912000125,-660.5526722889298,36.79148982312042,-177.3622088515531,-17.683392696754765,179.47769355477607
140.01617008295656,-660.4147581920562,36.94083278419842,-177.36613881364525,-17.685234227794336,179.4975411208691
140.01994594725667,-660.2784018517277,36.90547858386558,-177.37010569623402,-17.687147045465316,179.51732579456322
140.02380975731126,-660.1400296862151,37.047902161310525,-177.3742561277358,-17.6889468841614,179.5371658718993
140.0280468712182,-660.003222315353,37.02928201798404,-177.37853747250136,-17.69082582730816,179.5569098318374
140.03229838472004,-659.8644069415844,37.18843965243533,-177.3829110146872,-17.692761110213734,179.57656575549703
140.03731364550438,-659.7271642303281,37.14893566672386,-177.38734828072154,-17.694076433135407,179.59602053617587
140.04364410536965,-659.5879212812455,37.28720945879017,-177.3919901111194,-17.694439949559627,179.61518962997488
140.05096890517746,-659.4502586287623,37.271805472226134,-177.3969378293124,-17.693774484760002,179.63377484753417
140.0579777313765,-659.3106032377676,37.43243061255426,-177.4021054672501,-17.69268569192049,179.65203448010206
140.06359168177005,-659.1725355090758,37.39494700907126,-177.4074297862113,-17.691287426334252,179.67015823066953
140.06925748081915,-659.0324822760972,37.53524118336604,-177.41270427186177,-17.689828790303157,179.6884062244362
140.07526373601286,-658.8940238104636,37.52358120805418,-177.4180975246527,-17.68816184584453,179.70648910944337
140.08125266013943,-658.7535868186991,37.6751858911854,-177.42357307934412,-17.686012956934118,179.7241966187958
140.08715294224274,-658.6147514478135,37.64220813919224,-177.42910412160285,-17.683512552215873,179.74161311265973
140.09377291415151,-658.4782109486008,37.78700816497687,-177.4346709382623,-17.680591258487194,179.75891982494872
140.10085333997642,-658.3398046663781,37.761233913532074,-177.44025904120073,-17.677033242856396,179.77624975811625
140.10669315719508,-658.202993672456,37.91323743986506,-177.44585778687454,-17.673176793844604,179.79346220443188
140.11055735306982,-658.0641808258856,37.86844979890989,-177.45145936055812,-17.669435588308094,179.81093230488162
140.11438213389,-657.9269418359365,38.00143993573251,-177.45705802893892,-17.66578222016949,179.8284549338293
140.11937841259424,-657.7877027940579,37.97440204733354,-177.4626495901702,-17.662031180227697,179.84600050800532
140.12494859935597,-657.6500440303887,38.12514193671235,-177.46807096921523,-17.658211848554625,179.86354731261616
140.1301436806286,-657.5103924692226,38.07888935097192,-177.47352272898672,-17.6543458312401,179.88096031127512
140.13436852186973,-657.3723285040936,38.21041454300927,-177.47899192194893,-17.65061434758168,179.89837881845946
140.13751611736248,-657.2322789678985,38.177439414255836,-177.48446903774615,-17.647150172145434,179.91590677100046
140.13999283123633,-657.0938241331158,38.32224206328018,-177.49010709507502,-17.6437197686725,179.9334994030674
140.14312147774461,-656.9576573740438,38.263839772163706,-177.49585816458722,-17.64031718055353,179.95088382889153
140.147159125585,-656.8196181573542,38.38321525882502,-177.50168699763876,-17.636607348216906,179.96810011731466
140.151321149367,-656.6789010068893,38.347011396164426,-177.50756767610088,-17.632840834416076,179.98529691272068
140.15503818844348,-656.5396495802538,38.483821284957536,-177.513321147261,-17.629201435553764,180.00246412720713
140.15779025491204,-656.4026717631186,38.42123941099201,-177.51897621886974,-17.62598915600091,180.0197152781619
140.15907818635813,-656.2638301301716,38.53643531480426,-177.52439410407717,-17.623258285967925,180.03713175928146
140.15923186244135,-656.1265903706197,38.49173026826149,-177.52963323669232,-17.620882877022876,180.05453489009423
140.15997961294772,-655.9873561734382,38.6248029994965,-177.53489662706636,-17.618604917683598,180.0719127612324
140.1612462103315,-655.8454366417574,38.54805194854127,-177.54017312789438,-17.61606977957463,180.08925666161264
140.16341989659466,-655.7049984542939,38.649078675363825,-177.54577455283234,-17.613348297157323,180.10643934441447
140.16122319709572,-655.5625872121178,38.59497780718716,-177.55128927640655,-17.611649914676047,180.12408586082967
140.15859610683725,-655.4218067633324,38.70632874667627,-177.55657551700418,-17.610207315154508,180.14181861388008
140.1571523014883,-655.2790880173857,38.62967910414417,-177.56168950453844,-17.6087882387808,180.15947973357137
140.15678702057514,-655.1380113897267,38.73080723938984,-177.56667262739285,-17.60738767411672,180.1770726233596
140.15705508409988,-654.9950029422077,38.66006593055585,-177.57155535337284,-17.606167262986066,180.1945998397613
140.15744600405316,-654.8536420286368,38.76710239949965,-177.5765201147774,-17.60508004925649,180.21206331593166
140.15456704665286,-654.7103544215153,38.670825868030015,-177.58138062237205,-17.604752813366574,180.2299409706202
140.15107505895372,-654.5687193438737,38.75232711433816,-177.58616035672156,-17.60498318543542,180.24810646497346
140.14668879568654,-654.4251624710103,38.67931263518892,-177.59071483092745,-17.605951154121072,180.2662286724192
140.14424117082777,-654.2832629368498,38.7757569560025,-177.59510006593985,-17.60713027768689,180.28430302750394
140.14262675098203,-654.1394463304713,38.67495899241378,-177.59935729422367,-17.60813253338832,180.30232622476385
140.14120193277668,-653.9972917013844,38.75193880660283,-177.6035168667036,-17.609334861761916,180.320534107888
140.13901396564722,-653.8532245558139,38.662822661633015,-177.60760112752956,-17.610682841358763,180.33898213141646
140.13629204204327,-653.710823861906,38.75148429444097,-177.61162652935525,-17.612136433648576,180.35734985966496
140.13227003894673,-653.5665150459772,38.633580310591945,-177.6156051897791,-17.61399507205342,180.3756423778386
140.12681322177355,-653.423876997693,38.693454104520704,-177.6193860365879,-17.616810425486257,180.3941034819412
140.11909193874033,-653.2793350662911,38.601558738068114,-177.6230184593263,-17.62082086740324,180.4126718058547
140.11143824300495,-653.1364680657346,38.676009397825496,-177.62637880892615,-17.625538809371335,180.43154047467496
140.1039069172907,-652.9917012709105,38.556745583433795,-177.629536651247,-17.63077139098405,180.45061262427677
140.0997942888797,-652.8486134227594,38.61525954681987,-177.63270318125896,-17.63505583493028,180.4693388178743
140.09765766842233,-652.7036297244498,38.498038832760095,-177.63603326755106,-17.6383105028598,180.4879137760077
140.0938915259355,-652.5603288464846,38.5585958964781,-177.63948033503854,-17.641962664227794,180.5063613170602
140.08779793084707,-652.4151359228526,38.43244206870881,-177.643010124676,-17.64623374108501,180.52481990999465
140.0813255097018,-652.2716295561123,38.484066018717286,-177.64659743963264,-17.650954892788224,180.54327020000434
140.0744587088903,-652.1305014801884,38.357658430929895,-177.65022375109896,-17.656001902799215,180.5618171120559
140.06925513775712,-651.9875895506186,38.40902862092028,-177.65387543661774,-17.660952722671453,180.58041839412743
140.0644582189046,-651.8463533755403,38.27206062782006,-177.6575424838323,-17.665497935713166,180.5989239019629
140.05981085335412,-651.7031943769614,38.31287041249763,-177.66121753669287,-17.669741663556454,180.61734272601828
140.0536150498852,-651.5616868527732,38.182193367640835,-177.6648951936469,-17.674752530051705,180.6358007207913
140.04925278803748,-651.4182555082516,38.22929410056182,-177.66889326901887,-17.679329510788175,180.65403103365082
140.04572994223807,-651.2764793121188,38.07734900325138,-177.6729627640525,-17.683749573540887,180.67207817505124
140.04119130456635,-651.1327838515641,38.10318168371871,-177.67724101617577,-17.688215967494173,180.69009583770037
140.0311718358115,-650.9907482068976,37.971073001411284,-177.68166855394068,-17.694198589755477,180.70855231134288
140.0201986999512,-650.8467979212439,38.01674209688164,-177.68604163225368,-17.701618461556205,180.72743328507065
140.01001400415763,-650.7045120003443,37.85412405534857,-177.69053088645452,-17.709426165355357,180.74648966466205
140.00341895649535,-650.560315907715,37.869283791593276,-177.69510134585832,-17.716519339105528,180.76530040288273
139.99722496802605,-650.413521902946,37.73838151273816,-177.69956729311366,-17.723743552443114,180.78415250566422
139.98873350589804,-650.2682960527058,37.76923698432951,-177.70363085061814,-17.73171699551073,180.80301818503227
139.98031398316635,-650.1211826010192,37.61345749430376,-177.7075557102542,-17.73990389731986,180.82187705107103
139.97367303708162,-649.975783909245,37.635455782055786,-177.711375369356,-17.74774405829338,180.84059504612074
139.96912492200397,-649.8327960619587,37.48262572260349,-177.71511448614677,-17.754992306955483,180.85931220867175
139.9654707240977,-649.6880573218423,37.50757344092897,-177.71895299269454,-17.76196537703484,180.87777390102366
139.96040461377373,-649.545026909686,37.355123004604536,-177.7228609730583,-17.76939178453567,180.89627006039194
139.95183928342416,-649.4001057067615,37.38045034605788,-177.72681642712675,-17.77780359378336,180.91489416565278
139.94023014932333,-649.2568674472359,37.22424095907743,-177.7306414015084,-17.787261220481636,180.93395465425237
139.9298218066017,-649.111736276081,37.245809349874754,-177.73452906858694,-17.797312039864387,180.95319910353274
139.92062298525235,-648.9682906103681,37.090531395860005,-177.7384592546058,-17.807458266487416,180.9725613511352
139.91220934030332,-648.8272221618779,37.11303121962304,-177.7424171276822,-17.81766543955187,180.99187188439822
139.89996216914034,-648.6843687969887,36.9641799526916,-177.74655178649138,-17.828734900297313,181.01112732889385
139.88465669694662,-648.5431901411202,36.99310646353794,-177.750652412919,-17.840592199154816,181.03056525900942
139.86895724237354,-648.400087634606,36.82659224013431,-177.7545626594878,-17.852686039473294,181.05023884486394
139.86162093912293,-648.2586355936111,36.837855794508464,-177.75832981838536,-17.863950593449534,181.06958953507294
139.85729538244973,-648.1195254080806,36.69978198843998,-177.76198869773833,-17.874268102282375,181.08856712341725
139.85322282745358,-647.9785953829485,36.730937990873144,-177.76572669753253,-17.884047273557766,181.10725423476003
139.84720368246388,-647.8350390613645,36.57075105478223,-177.76935761853935,-17.893586526916554,181.12583082998052
139.83882571398203,-647.692999170397,36.58834189646908,-177.77290678761676,-17.903272027800185,181.14454986751554
139.8305058007979,-647.5532826884466,36.44443049811287,-177.7765546282401,-17.913386834201248,181.16311672360342
139.82313715966086,-647.4117513004876,36.47829687753443,-177.7802715854721,-17.92364214037607,181.18179547609134
139.8152422380516,-647.2718698221777,36.327652580856665,-177.78419592425516,-17.933991363890605,181.2001805714926
139.8065330103441,-647.1300410846002,36.354786061956666,-177.78810885454118,-17.94489626081114,181.21845308716777
139.7961403415444,-646.9898400149925,36.21596438337666,-177.791848162658,-17.956198958321036,181.23698591325208
139.78555879137136,-646.8476917830799,36.25492048257443,-177.79561860179908,-17.967783329420893,181.25545316001325
139.77673440252613,-646.7071757824491,36.107361881261404,-177.7994085188565,-17.979067963934636,181.27373678882918
139.7716740594767,-646.5647180111946,36.13758105772615,-177.8030475731263,-17.98929787194344,181.2917504012597
139.76949360602094,-646.4238979518956,36.00458634662166,-177.806734537748,-17.998579887263723,181.3095499895743
139.76545436359973,-646.2811415424976,36.04936941329495,-177.81045335932595,-18.007489197265475,181.32729591612537
139.75822436594427,-646.140028176458,35.91017153773189,-177.8141922370526,-18.016942159535855,181.34510582767072
139.7484039327642,-645.9969836980737,35.94875143994661,-177.81794249917476,-18.0271160641701,181.36294683051273
139.7394370808622,-645.8555874075797,35.82829652854771,-177.82153599850952,-18.0378096164004,181.38079477496973
139.73159158488733,-645.712265057462,35.88561939492658,-177.82485134424522,-18.047882738154705,181.39851283399378
139.72654771826285,-645.5705958577323,35.74623427969719,-177.82795976370096,-18.056667034785058,181.4158816720923
139.7246016902782,-645.4270054722542,35.78462694224559,-177.83107367417855,-18.064498384727507,181.43285986476715
139.72494557353065,-645.2850730239975,35.67887881357963,-177.83435062126284,-18.07112794589888,181.44941738129336
139.72533188157982,-645.1412240913381,35.74586802606772,-177.83774421568353,-18.077200969028198,181.46577079529587
139.72243406931827,-644.9990377132849,35.61143207413678,-177.84122033495586,-18.083191132683893,181.48219821996855
139.72015264632455,-644.854939385752,35.65477389998362,-177.8445921047912,-18.088784541469018,181.49854620586632
139.72131583697808,-644.7082414000924,35.565427386246085,-177.84788435457727,-18.093420691430136,181.51470229400837
139.72479407387175,-644.563109854159,35.631141879593066,-177.8512771409941,-18.097020063898132,181.5304632961623
139.72909651842207,-644.4203556892688,35.526271142688714,-177.85474063846337,-18.099692377873417,181.54580144770082
139.73103861418127,-644.2758406153766,35.59917818356214,-177.85809113426217,-18.10201136245274,181.56093498598668
139.73042590815362,-644.1330286851795,35.49645704835003,-177.86135578395084,-18.104399844155395,181.57602591140875
139.72931095580992,-643.988321820062,35.57151369091571,-177.86423457791457,-18.106506500653648,181.59107217324146
139.7313985224141,-643.8452940211531,35.47618780711906,-177.8671478520854,-18.107910390529565,181.60595141843146
139.73409690297171,-643.7003695419593,35.55863970110019,-177.87008382216436,-18.108797670313656,181.6206949587544
139.73523462490763,-643.5571268748571,35.464763999032684,-177.8731956039359,-18.11046086955949,181.63532587680567
139.73152492307392,-643.4119911325498,35.54866607474296,-177.87627177047597,-18.113022264677934,181.65033942215277
139.72689849669013,-643.2685409279809,35.45781172227131,-177.87931908480937,-18.11624005997397,181.6656202154765
139.72338652346045,-643.1274680116469,35.54473514757744,-177.88218253213404,-18.119605688471083,181.68084518550017
139.72302383336972,-642.9846102566589,35.45887899889716,-177.8850685983658,-18.122250069645883,181.6957756851304
139.72329615816588,-642.8434272886776,35.55080062799466,-177.88780868640387,-18.124363185556607,181.71059785713913
139.72287027954232,-642.7003205469757,35.468171937239724,-177.89043928813277,-18.12625016194842,181.72532741362807
139.72231081717524,-642.5588643464116,35.56332102426256,-177.89298726158896,-18.12780429204735,181.74009507024118
139.72132192819086,-642.4154834089276,35.48028610341446,-177.89563237611318,-18.12911295341586,181.75475842902836
139.72026121808196,-642.2694900529482,35.575028960344135,-177.89818637620775,-18.13057110779417,181.76945137975758
139.71879056273633,-642.1250505632214,35.504167144712724,-177.90067128883157,-18.13197226090912,181.78403385973257
139.7184908343305,-641.9744427639324,35.61108310685909,-177.90342510627676,-18.13283614540594,181.7984014767278
139.71842955411665,-641.824743280321,35.52873692753765,-177.9063736727532,-18.1333052650188,181.81259875632276
139.71965061285977,-641.6730878525007,35.62416852599398,-177.90946243423792,-18.133319140054883,181.826539390909
139.72193210655882,-641.5231981130344,35.5613801810768,-177.91281125982962,-18.13266849006796,181.84039853859144
139.72315946156093,-641.3715266097557,35.6763696139374,-177.91602604458814,-18.131861766753048,181.8541856099687
139.72128208866357,-641.2216558595389,35.59278745669539,-177.91913967514918,-18.13176619564055,181.8681475702143
139.7183998039342,-641.070010088382,35.686983077231154,-177.92217635829383,-18.13202688776193,181.8822253716653
139.7153575293324,-640.9158993862269,35.63209932951284,-177.9251539140592,-18.13254860786182,181.89637560973233
139.71520296910597,-640.7634874945251,35.743332732482486,-177.92776546303017,-18.132601729172528,181.91044727888396
139.71645126105562,-640.613583000707,35.66816100911689,-177.93026628564175,-18.131815164152226,181.92420882268058
139.71919436995498,-640.4620452948221,35.77076706352907,-177.93268368596966,-18.130082861658092,181.9377307087335
139.72342942913994,-640.312336149452,35.702984379639716,-177.93519776115596,-18.127658558174254,181.950945715209
139.7262599797625,-640.1608552462525,35.81297947352814,-177.93794227428265,-18.125224942234397,181.96416215221083
139.72465914973037,-640.006907719888,35.743834811565705,-177.9406915578873,-18.123942215929848,181.97760789032134
139.72507125537223,-639.8546563448211,35.852467927381056,-177.94328189603482,-18.12267972667013,181.99096983081097
139.72588008709087,-639.7006428862369,35.787648707234766,-177.94575337165764,-18.121433200122627,182.00425844243154
139.72840120508485,-639.5484674245823,35.90060726486626,-177.94829548456178,-18.11937282092102,182.01724324522667
139.73451603554466,-639.3945571688796,35.83366774399501,-177.95104891626076,-18.11638678122124,182.0298746017251
139.74003064201997,-639.242488900226,35.944506000901534,-177.9539548675811,-18.11322057808032,182.04247375862244
139.74329166262854,-639.0929517776921,35.882751354185245,-177.95697008355597,-18.110255736152016,182.05527810322837
139.74358980932618,-638.9417809679026,35.998774485246734,-177.95990096897438,-18.107937194528013,182.06810064829207
139.74164669648863,-638.7924334055122,35.928755025599266,-177.96260740675322,-18.106423556275274,182.0811651425403
139.7384616337933,-638.6413078801558,36.03651334372958,-177.96514684387392,-18.105501525951023,182.09451456441786
139.73753925757362,-638.491976103011,35.98287293873745,-177.9675615565679,-18.104685272134617,182.10782284484858
139.7383163146664,-638.3408602385614,36.10701031152309,-177.97004265827096,-18.103451313316242,182.1209682364135
139.7398328736097,-638.1915367600564,36.02160733347714,-177.97257023982363,-18.101746801015377,182.13410338023982
139.74106509741816,-638.0404288037679,36.113982133208964,-177.9751296598602,-18.099533397949394,182.14721933337447
139.74181048479434,-637.8911130428565,36.0682986935129,-177.97771015307825,-18.097279442458383,182.1603095547102
139.73710568159694,-637.7357459896202,36.183762502946216,-177.98046558396874,-18.096649307593903,182.17372660364111
139.7317884197081,-637.5813783426761,36.111403074477344,-177.983185075436,-18.097045201308756,182.187252288765
139.72765806713892,-637.4294060279693,36.21682142378625,-177.98587579400052,-18.097862497409597,182.20072650648805
139.72628961700354,-637.2758074970744,36.15016791679171,-177.98870479846428,-18.09832853988585,182.21403189325696
139.72919078753463,-637.1240682353815,36.26129218757495,-177.99163269791686,-18.09770991544409,182.22708075476015
139.73290462110702,-636.9748588970285,36.18578334735395,-177.99463051778392,-18.096296418484183,182.23992989874716
139.735906834988,-636.8240109650446,36.28805228491073,-177.99799694789286,-18.094466604786042,182.25262116176097
139.7374920267777,-636.6749807071449,36.21972082234638,-178.00163069979683,-18.09249845198093,182.26530625316065
139.73712682475477,-636.524166858841,36.329167137559814,-178.00529725768214,-18.091091933299865,182.27821376529536
139.735966071287,-636.3751412005212,36.24984264698459,-178.00882461412453,-18.090262085437484,182.2911538015139
139.73589471602403,-636.224325989561,36.34829593418714,-178.01240675408084,-18.089361644929127,182.3041061864728
139.73727603301023,-636.0752977955173,36.278101497579804,-178.01602588448964,-18.088079570205284,182.31693700283247
139.7397495723824,-635.9244798502834,36.385684838750244,-178.0198289242254,-18.086518770012063,182.32954637482706
139.74240637700518,-635.7754489211437,36.29617376320152,-178.02376345032124,-18.084754958519245,182.34198214595656
139.74506204901235,-635.6246282795483,36.38444046543058,-178.02763090239122,-18.082678506572492,182.35440044465514
139.74644772493895,-635.4755947001423,36.31208273623765,-178.03160572910707,-18.080870630694587,182.36691400286105
139.74755969425846,-635.3290381218592,36.417502784822496,-178.0356557640506,-18.079261317601286,182.3794862948762
139.747367329804,-635.1807946373582,36.320965751981895,-178.03975735166338,-18.078129714383884,182.39220959409184
139.7465061677781,-635.0300554567266,36.40220649691908,-178.04389309871127,-18.077512993167225,182.40515143343302
139.746344827209,-634.8809609829935,36.32880387487916,-178.04805021979197,-18.076945511392196,182.4181229205646
139.74714885666376,-634.7343159053777,36.42876435763551,-178.05221931994467,-18.076249309635937,182.43098550808728
139.74607941392662,-634.5859796592001,36.335047721622765,-178.05655349888337,-18.076118887628336,182.44399502470782
139.74670559771442,-634.4351481837004,36.4191088633878,-178.06148488299496,-18.07574393114487,182.45662250309647
139.74848333441562,-634.2816961544322,36.34008276938742,-178.06636983411414,-18.07535531600709,182.46895859568986
139.74923232055528,-634.129902443271,36.43883445316484,-178.07089639219345,-18.075122363291822,182.48107003995105
139.74894357100197,-633.9805992396233,36.339830367105996,-178.07499610510297,-18.075167325644365,182.49312686526264
139.74804071430376,-633.8296508941525,36.41860405882493,-178.0786173762543,-18.0757467190801,182.5050120306109
139.74784921013844,-633.6805203412302,36.344083474876804,-178.0818845712086,-18.076717513627127,182.51700074739466
139.74821336676118,-633.5296076480149,36.44233711446247,-178.0847292061118,-18.07813980606061,182.52929296748283
139.74868347642513,-633.3804848406,36.34429072293206,-178.08726143507982,-18.07989193268422,182.54179683024307
139.74875742402654,-633.2338408680507,36.424022109179425,-178.08972231549185,-18.08204971360137,182.55456389419592
139.74751908751622,-633.085511598973,36.346459160321295,-178.09212868618025,-18.084668389639635,182.5676317349665
139.74685723941394,-632.9389548424165,36.44197343569384,-178.0948147218529,-18.087292061054683,182.58067030732275
139.74632010194404,-632.7905702844574,36.340374234716066,-178.09770345759344,-18.08991706359367,182.59367582633303
139.74622621255574,-632.6439305243755,36.41655281151608,-178.1010582722853,-18.092375375621288,182.6066455457616
139.74581164143285,-632.4954586004569,36.3396492689205,-178.10475189615062,-18.09503992944099,182.61969659463523
139.74451749675234,-632.3444651778,36.43574955052881,-178.10837069685527,-18.098184025415936,182.63303568416953
139.74306584297355,-632.1951149174065,36.33528958692829,-178.1119314105304,-18.10167699088608,182.6465741465532
139.7420139997844,-632.0439507153914,36.41260740110555,-178.11560636197166,-18.105092022461175,182.65988767039318
139.7414677449274,-631.894573615925,36.332455745038,-178.11936182115127,-18.108446866929615,182.6730244050577
139.74103037669482,-631.7434117446052,36.430081866748225,-178.1231729811531,-18.1115892587692,182.6859007061183
139.7406210061353,-631.5940427766401,36.32593563992108,-178.12718160072671,-18.114407725443765,182.6988127991573
139.7402230572695,-631.4428900813348,36.39956719087171,-178.13117146076897,-18.117316808360275,182.71185877334221
139.7398330524596,-631.2935303677835,36.32163632201655,-178.13514401727926,-18.120289757336064,182.72499133061262
139.73821818319598,-631.1466534776204,36.41498695116351,-178.13910035337145,-18.12347223213401,182.73817570876147
139.73596886362668,-630.9980954012393,36.31372930479696,-178.14304127774716,-18.12680553033505,182.7511481472184
139.733624644319,-630.8513139135898,36.39024943620818,-178.14680739715357,-18.130411802766627,182.7639536321782
139.7300627850716,-630.7027086359556,36.30708786505324,-178.15028197858746,-18.1347110507251,182.7767444130312
139.72630805538998,-630.5558520976062,36.40170407167607,-178.15353967699136,-18.13934932584956,182.7896321524007
139.7242125966659,-630.4071672667703,36.29752517083686,-178.156955432108,-18.143570764651187,182.80234131669178
139.72412146087962,-630.2602314061425,36.371124047775425,-178.1604840592539,-18.147317437759355,182.8150273400015
139.72032404138983,-630.1114684273516,36.29072638724506,-178.16409232266375,-18.15153928564956,182.82768511679308
139.71583937290325,-629.9601890984045,36.38483893584615,-178.16759577865528,-18.15610584229291,182.8404300392253
139.71292370323573,-629.8105580276599,36.28068400298714,-178.17117926169027,-18.16025979286044,182.85310842852962
139.71159707841176,-629.6591180282287,36.35430684790591,-178.17465824590553,-18.1639421399052,182.8657267571941
139.70978401899845,-629.5094700563853,36.2723950903313,-178.1782175052226,-18.16760603783588,182.8781707139861
139.70748879173448,-629.3580421501036,36.36626663780474,-178.18183246916158,-18.171253149618085,182.8905948478878
139.70595288524368,-629.208411898268,36.26559835066818,-178.18532506985534,-18.174884709680928,182.9028742902176
139.70582268691095,-629.0612692520143,36.34270784130939,-178.18888483296868,-18.17817097042952,182.91491759922368
139.70720925969724,-628.9167168222905,36.255827663027134,-178.19249068428917,-18.18054153500477,182.92665792751774
139.70887946656103,-628.7704716259842,36.34672526252265,-178.19612712842704,-18.18273270410662,182.93852296744225
139.70975953507602,-628.6259678080422,36.24888060531662,-178.19962277490288,-18.1852863688221,182.95046891586028
139.70923705939128,-628.4796007645173,36.328813725888374,-178.20301206251858,-18.18810359373006,182.96246357855273
139.70803083896521,-628.3349427404946,36.23912667812928,-178.20632034093674,-18.190946258579245,182.97460241423514
139.70752635805917,-628.1884172122697,36.32721740814796,-178.20972627191813,-18.193474385905468,182.98671707558958
139.7088138443411,-628.043602101828,36.23811760301568,-178.213200787285,-18.195769605157224,182.99844590718232
139.7079756353669,-627.896922000958,36.32679557566117,-178.21672250940978,-18.198387984959485,183.01023870465505
139.70507976409127,-627.747688352326,36.228060984440724,-178.22027571940401,-18.201241021716733,183.02218703906425
139.7014028794135,-627.6000664282553,36.30710417099805,-178.22384886209366,-18.2042636042083,183.03411970204073
139.69803275219297,-627.4505996942394,36.218780559566405,-178.22727344596643,-18.207738500165043,183.04614937693276
139.69682701827324,-627.3028897473403,36.30823472591255,-178.23058604263227,-18.211046003866507,183.05800127862966
139.69607131122942,-627.1533652548871,36.212774048498034,-178.23381357081598,-18.214227813244143,183.06971227829305
139.6941825796165,-627.0056044238826,36.2950911488613,-178.2369758465322,-18.217314618509306,183.08142865113217
139.69209410505047,-626.8560311458752,36.20298030178294,-178.24024745952718,-18.220329010265083,183.0931385497465
139.68835271797656,-626.7039559761992,36.28864723248235,-178.24343634509282,-18.22361828598797,183.10495240290834
139.683921514795,-626.5535432750468,36.19740195546746,-178.24656172931196,-18.227436886152766,183.1169528770911
139.67941536994826,-626.4013356037934,36.28393445623035,-178.24963776775775,-18.231309596597036,183.12895865071218
139.675781435273,-626.2509336698442,36.192609888699074,-178.25283488504664,-18.23521854550364,183.1408385276781
139.6723736252585,-626.1030319330833,36.27906309894557,-178.25611795160512,-18.239150594661364,183.15261552053963
139.66947017347414,-625.9534670604606,36.188730082888426,-178.2594611293466,-18.24260008884844,183.1643065966198
139.66794088687232,-625.8056967055206,36.27617484460906,-178.2630054169087,-18.24569264317332,183.17592427499272
139.66670818316086,-625.6561202102764,36.17997922577012,-178.2663740345281,-18.24852069266208,183.18735869044397
139.66637543892475,-625.5083097971258,36.261561384708955,-178.26977083319608,-18.25098692478258,183.1988867713834
139.66663808561282,-625.3586881262698,36.16586107124494,-178.27302527858976,-18.252691409737807,183.2103541820533
139.66824807506615,-625.2108321565249,36.2479385355587,-178.27617243874192,-18.253505098340764,183.22164779682717
139.6717490798892,-625.0611655007942,36.14928825378089,-178.27939812557463,-18.25383014633996,183.2326848113975
139.67475716238425,-624.9132653003035,36.22841574978085,-178.28267853136256,-18.25412545785374,183.2436429529167
139.67556876768492,-624.763555193712,36.135890632092,-178.28615614846805,-18.254894700112416,183.25465262473932
139.67264242360463,-624.6156123163055,36.22114329218093,-178.28945529599122,-18.256506807813125,183.26580941018725
139.66859766431955,-624.4701269612144,36.11552734408015,-178.2926206332451,-18.2584049171867,183.27682593959557
139.66438674745888,-624.32293556897,36.187689173757136,-178.29568502933506,-18.260511073912042,183.28772982210424
139.66390204323397,-624.1774963579848,36.09452087790099,-178.2986726779972,-18.26194303766715,183.2985414045465
139.6658139195519,-624.0344760520295,36.17913035982263,-178.30160138952454,-18.26271398705408,183.3091565788668
139.66817792084854,-623.8897069269874,36.074166546978105,-178.30464427718724,-18.262668840616005,183.31973739596492
139.66813294801136,-623.7466469767952,36.146980511911366,-178.30792818922683,-18.262850152925314,183.33040272370712
139.66349659773888,-623.601696825309,36.048765929431454,-178.3113859334432,-18.263858707149538,183.34112054563033
139.65718657784987,-623.4584301468295,36.12832912472932,-178.31480808103882,-18.265803675618727,183.35210733633346
139.65145289987598,-623.3132710668232,36.02524728116951,-178.31820108253692,-18.268268285673358,183.36328160477234
139.64797114703853,-623.1655313245383,36.09994321538749,-178.32172969422882,-18.270285108792823,183.37422431308994
139.64704440860203,-623.0193766372432,35.99528853438489,-178.32519461685246,-18.271806428761504,183.384868372689
139.64746318665908,-622.8756176053879,36.068411631160075,-178.32876975422815,-18.272634138579637,183.39516485073037
139.6497895565047,-622.7301156108514,35.962680832592646,-178.33242253785545,-18.27262179854531,183.4053163943156
139.65123058078126,-622.5863343854786,36.034727811802995,-178.3361290151485,-18.272324099588094,183.41559085126093
139.64425537470993,-622.4406755358107,35.92735794647571,-178.3398715731499,-18.27379962426428,183.42630542293082
139.63405168105533,-622.2924460871455,35.99776585892621,-178.34363726361926,-18.277068423583028,183.43745233244616
139.6262238535272,-622.1458106708398,35.895035469260094,-178.347416570618,-18.2808244964847,183.44866815912854
139.62227141721584,-621.9973128758155,35.97008285737176,-178.35104250368767,-18.283777231282386,183.4598036665542
139.61956093824205,-621.8505545736879,35.85547537306743,-178.35455273949103,-18.286138226817325,183.47087037496271
139.61713739977006,-621.7019647326588,35.918645666540876,-178.35797501042282,-18.28839384823022,183.48175768257346
139.61480571750116,-621.5551218615884,35.82028075615985,-178.36132973176353,-18.29057019029014,183.4925037519924
139.61293623484292,-621.4107168164539,35.89932934348057,-178.36463193476294,-18.292355792964933,183.5031366946756
139.60748622474907,-621.264586430482,35.77635001118375,-178.3680526890205,-18.294679932888258,183.51391722624803
139.59811050931162,-621.1201892751651,35.83114845666472,-178.3713973401969,-18.29838715644724,183.52515374031114
139.58644032964725,-620.9781924144104,35.73796444067518,-178.37468320942386,-18.303436012695876,183.53659554241048
139.57611989969274,-620.8344284568101,35.8063641032411,-178.37792305111526,-18.309133578378034,183.54817771857896
139.57484731023953,-620.6923557227932,35.68550581899972,-178.3812862594213,-18.31282535536417,183.55937431824154
139.57910016571438,-620.5483751568213,35.74242531253611,-178.38473694705957,-18.314216272393676,183.56980176482233
139.58439762511918,-620.4060607480632,35.635949619861535,-178.38824871893024,-18.313918655750964,183.5796558969684
139.58571844144288,-620.2661035978946,35.70725170496473,-178.3921221643297,-18.313869267852308,183.58943817263378
139.5862251442071,-620.1243417344687,35.58725760851444,-178.396257393921,-18.314001958266314,183.59915905819048
139.58245337337567,-619.9842350971154,35.64504128984193,-178.40026092282667,-18.315094721495903,183.60906450576923
139.57746888412137,-619.8421854660413,35.53421907322633,-178.40448431253722,-18.31655990011183,183.6189773828774
139.57765496391855,-619.6975008309761,35.601174634388514,-178.40854517938047,-18.31697599207452,183.6285295635275
139.57887251105782,-619.5543469321448,35.477568998404706,-178.4124832531283,-18.316622383965317,183.63780874261445
139.58151103543952,-619.4135351471213,35.531741140198676,-178.41632777809616,-18.315704643455042,183.64711769461812
139.5831642295896,-619.2709277746908,35.425405246165504,-178.42010028326985,-18.314539354953325,183.65632109435893
139.57966529004324,-619.1257228118536,35.496847129910115,-178.42397662058985,-18.31418378929211,183.66567713052942
139.57271990867557,-618.9820634681843,35.369960372777335,-178.42760565585067,-18.315249003105624,183.6753767836051
139.5639502399231,-618.8364897367918,35.42085139342234,-178.43089011045896,-18.317685841677218,183.6854389116085
139.5569955489826,-618.6926035098122,35.32144761446912,-178.4340789530735,-18.320630372326008,183.6957579104451
139.55050276476453,-618.55110116561,35.39235874172722,-178.43719484569922,-18.323779259804162,183.70613699767156
139.54460537037758,-618.407821409081,35.27069715305693,-178.44025447198413,-18.327075209946095,183.71643003497303
139.54055537245483,-618.2662239266236,35.32681334216442,-178.44327011661798,-18.329980076308004,183.7266508196297
139.53693245379537,-618.1227100631758,35.22282103895371,-178.44625082746802,-18.332595565794463,183.73680953387156
139.53180203249838,-617.9808540095877,35.29660651352078,-178.44888327068918,-18.335823187359384,183.74715369984105
139.52480040999902,-617.8413470262892,35.17866119790032,-178.45141797769963,-18.339662170118228,183.75762466892994
139.51629034811248,-617.7000272897001,35.23849366005764,-178.45419875841603,-18.34427673865683,183.76817931944495
139.5075996303398,-617.5603548831509,35.13914362516823,-178.45699752137836,-18.349290634928554,183.77890506553868
139.49899638270932,-617.4229983946141,35.21689090915401,-178.45996698353173,-18.354592914741215,183.78962763661582
139.49217743085134,-617.2837919375168,35.10001927619235,-178.46289898556995,-18.35977129601295,183.80033834817317
139.48663365212988,-617.1461953118747,35.160925421008464,-178.46548091063303,-18.36468888201577,183.81103084211685
139.48060241955528,-617.0066109156442,35.05981170132798,-178.4678038175365,-18.369410846967156,183.82170047203812
139.47538080707335,-616.8686141655977,35.13647575942527,-178.46993471298345,-18.373985159178645,183.83210385089413
139.47614827043193,-616.7286308985665,35.023575249137224,-178.47208290589967,-18.37696090443669,183.84194539818773
139.48056841170194,-616.5902412012696,35.08845251662697,-178.47440187412187,-18.378431055488644,183.85112796540466
139.48565622432284,-616.449871760281,34.991222191249705,-178.47684401626339,-18.378630463988532,183.8599382293945
139.48505232232333,-616.3111027359371,35.07176964365023,-178.4793743151527,-18.379218706253795,183.86882497300533
139.48126355511707,-616.1703607321572,34.959561642040754,-178.4819670131692,-18.38075290373165,183.87787901345507
139.47565969955858,-616.0269591298771,35.02513141820906,-178.48460316592514,-18.383144771300984,183.88740680132847
139.4734703033865,-615.8850650973518,34.937850471884985,-178.48694884224312,-18.385171470832894,183.89679531261223
139.47487138161503,-615.74549062724,35.02566132216338,-178.48923941746096,-18.386597912293333,183.90583512016465
139.4786150727222,-615.6040984620745,34.91736582518119,-178.49164754913855,-18.386923340997836,183.91449206515185
139.48195270946493,-615.464353668692,34.98684810597678,-178.49397974832507,-18.387100626633586,183.92309877141787
139.48516166672331,-615.3269258311718,34.90398703218622,-178.4962541906189,-18.387169116431686,183.93166098554948
139.48336769402601,-615.1876492474022,34.99611278248219,-178.49880425613162,-18.388149761735686,183.94030207236995
139.48059864961598,-615.0499837369074,34.892251154368985,-178.50155417861328,-18.389798449392632,183.9489933181962
139.478084639495,-614.9103316838836,34.96616730403355,-178.5042882184966,-18.3917702359416,183.95783273285258
139.47688939104242,-614.7722684848858,34.89277575663593,-178.5070081808835,-18.39381187564556,183.96665383628252
139.47679800512375,-614.6322199555234,34.98913399924213,-178.50971540202866,-18.395902926205668,183.9754536704989
139.47733935808938,-614.4937661613947,34.901550746510665,-178.51257087317774,-18.398028352682008,183.98423008521712
139.47841022625636,-614.3533337682735,34.99174527155698,-178.5156925227998,-18.400177098895607,183.99286241326809
139.4791611006719,-614.2145029160561,34.91909992094893,-178.51868659516904,-18.402175702919894,184.00138140458253
139.48189240834543,-614.0737001885842,35.02423234811866,-178.52174444948855,-18.403897092801778,184.0098097098535
139.48498095740592,-613.9345056137411,34.948716041770744,-178.52484635914556,-18.405413662188224,184.018164020199
139.48809702871267,-613.7976123255993,35.05097751320061,-178.52797781879698,-18.406778681816338,184.02657575265664
139.48541962034344,-613.6588595548958,34.9833798455801,-178.53112816492467,-18.409354018270896,184.03526211756767
139.48121092806915,-613.5174415937521,35.093559955737376,-178.53412956082727,-18.41281463121022,184.04426126950904
139.47716650263732,-613.37750187219,35.02541023089246,-178.5370190586573,-18.416756037471316,184.0534817993598
139.47691200684676,-613.2398480523619,35.13503828382533,-178.53982392945832,-18.420054522029478,184.06249736587313
139.47741911648015,-613.1003424894294,35.07593662383474,-178.54256424721953,-18.42287859868588,184.07135461210214
139.48012644608357,-612.9624506569933,35.19461274162194,-178.5452547902469,-18.424856265923967,184.07973055034822
139.48405664877106,-612.8225760322733,35.13884558590757,-178.54774644020898,-18.42654214166219,184.0879843063506
139.48817552985938,-612.6842941770925,35.260856207970974,-178.55025002045653,-18.428177871744296,184.09614112536892
139.49227356698572,-612.5482975510932,35.21114141407689,-178.55276012417545,-18.429775374362958,184.10421960675978
139.49507715212494,-612.4104254785,35.339204397960586,-178.55527278057005,-18.43200475683943,184.11235257079596
139.49634819587814,-612.2741391638426,35.29857194955906,-178.55778507545446,-18.434695536204984,184.12051825947069
139.4972946542874,-612.1401082950254,35.435717278935314,-178.56029487208042,-18.43772228148532,184.12870068782374
139.49775206821937,-612.0041680655105,35.396972838975564,-178.56264060571982,-18.44099271132958,184.13688811867124
139.5018029455911,-611.8697793360092,35.536006176793585,-178.56486394140586,-18.443942936138633,184.14507194029835
139.50980379206146,-611.733345546219,35.50730332726649,-178.56683554229437,-18.44632505483315,184.15312672954465
139.5184808425351,-611.5984431360481,35.656378255517176,-178.56894078513056,-18.447957778271498,184.16096062412123
139.52593594909155,-611.4614989471901,35.628946314610836,-178.5709821607348,-18.449204827212267,184.16850645470038
139.53262997201577,-611.3260940532806,35.77929215148228,-178.57281488581276,-18.450498606366864,184.17595344205424
139.53784457433193,-611.1886561101854,35.75790073636131,-178.57433119363813,-18.45232150431902,184.18344043594303
139.54227668484913,-611.0527662302216,35.91428709901812,-178.5757758920935,-18.454530802368986,184.19118833507397
139.54813370699026,-610.9148519522878,35.90246148800707,-178.5770050150567,-18.457021496670187,184.19888245547216
139.55953463380797,-610.7742275756018,36.0684136547738,-178.57871673454966,-18.457899445382917,184.20617296558152
139.57270352837955,-610.6350611703006,36.05348013243817,-178.580780836636,-18.457759266931912,184.21316101435897
139.5852173922236,-610.4938989481516,36.21632438788032,-178.58294151786674,-18.45753214205279,184.2200401576719
139.5949564971919,-610.3543452031258,36.20444312060144,-178.58501110319787,-18.457902791681832,184.22719065551678
139.60071502755883,-610.2170979178985,36.37033963110034,-178.58669026746006,-18.45920747981719,184.234533790687
139.60641687724026,-610.077997219354,36.34560180809048,-178.58792163034792,-18.46103063646773,184.2418925548868
139.6128476311447,-609.940504159192,36.4986417628584,-178.5888235110165,-18.462736382779042,184.24925623925117
139.6222109285048,-609.8010214168955,36.48894474745476,-178.589804747497,-18.46352962306709,184.25637876401683
139.63325956766033,-609.6631244927293,36.6570255098289,-178.59100330602936,-18.463487653835596,184.26331810727697
139.6432561389736,-609.5232392662216,36.624641712471536,-178.59236016868107,-18.462833234929093,184.27011694912792
139.65084501214864,-609.3849458580228,36.77003569289196,-178.59351013714237,-18.462389823522166,184.2770449354194
139.6557893039442,-609.2446709864022,36.76383362619326,-178.594669138781,-18.462432211758397,184.2842996916461
139.66013436064722,-609.1059948424937,36.929440412896234,-178.59599373452596,-18.463161482054517,184.29178763048645
139.66511910730307,-608.9653440603965,36.900330499077306,-178.59743858853045,-18.464228484287624,184.2993208028534
139.6713946755526,-608.8262987173404,37.04899836303616,-178.59897034761062,-18.465542208161423,184.30664222809773
139.67948182226132,-608.6895519958603,37.034385450549465,-178.60040447551597,-18.46637436015051,184.31380186418525
139.68863937857535,-608.5509431742898,37.19755031584054,-178.6017657324461,-18.466852619733483,184.32095560188128
139.69829144267618,-608.4139332581636,37.16650746851065,-178.60339234065492,-18.466742044210125,184.32786043299004
139.70872646786717,-608.2791917086,37.31324239895855,-178.60553209392748,-18.46586908789814,184.33445748386268
139.71958034269568,-608.1425534899428,37.29611970000649,-178.60804625157718,-18.464272494969,184.34094207629474
139.72707651012084,-608.0074792365765,37.45677477883221,-178.61051273763002,-18.462971543269877,184.34733843512154
139.73091807946193,-607.8703721656498,37.414004978385286,-178.61278207207977,-18.462384551540946,184.3537835147633
139.73479542686667,-607.7348084984419,37.54901295571614,-178.61506481150107,-18.462156318893918,184.36049681626525
139.7402692298322,-607.601481528578,37.540441959185614,-178.61735535213313,-18.462026045780412,184.36716262419668
139.74721647426767,-607.4662314373098,37.68946171080909,-178.61996957761696,-18.461142836567593,184.373668567236
139.75559337952072,-607.3325202786145,37.65468892563582,-178.6231388482361,-18.459212259290133,184.3799323818495
139.76372641206262,-607.1967519095796,37.79769391824032,-178.62655233482505,-18.45684599483396,184.38601306778222
139.77128433359943,-607.0625030263918,37.77251972662189,-178.63030187891488,-18.454492996459578,184.39195405429484
139.7765646313845,-606.9262006911567,37.92512331278123,-178.63429453224393,-18.45248248476596,184.3980255359114
139.78008052907293,-606.7914261876133,37.876811159578416,-178.63846191665658,-18.451053805981957,184.40430642817606
139.7819615428638,-606.6546073766807,38.006276784153386,-178.6424337328555,-18.450053074601705,184.4109735274562
139.7838994943457,-606.5193255718036,37.9742783207462,-178.64609860186104,-18.44903817196765,184.41756058557058
139.78582127138915,-606.3862751760292,38.120057635116794,-178.6495351185968,-18.448013779216485,184.42408309166728
139.7897675927159,-606.2512966677042,38.057784723274565,-178.65296112231982,-18.44615667095077,184.43031423961227
139.79652847521814,-606.1178522312097,38.17328958921011,-178.65653637116353,-18.443690555403958,184.4362052972256
139.80375611518218,-605.9866124855114,38.142935896705374,-178.6603778884301,-18.440614693287046,184.44184171876674
139.81056364687018,-605.8534135321333,38.27457905932185,-178.66441125452477,-18.437755751118388,184.44728639703578
139.81349078311894,-605.721717122334,38.219316275023175,-178.6684217245457,-18.43588331374927,184.45318295719127
139.81354509878656,-605.5879275701899,38.341831268502276,-178.67225183925038,-18.435066644288582,184.45952476712114
139.8113814111818,-605.4556221743184,38.2846584536704,-178.67594628884336,-18.43552093055582,184.4663083452767
139.80839422870181,-605.321228619776,38.405263416616314,-178.67937796673257,-18.436741513880193,184.47340985695052
139.80898260939762,-605.1883288084974,38.33658703638873,-178.68261389499202,-18.43720207452795,184.48049820741628
139.81397551242534,-605.0533512098541,38.445688433938926,-178.6861833971423,-18.436608875825613,184.48733238335123
139.81977830974304,-604.9198777351409,38.385782050048704,-178.6901561250328,-18.435243447554274,184.4939740898072
139.8211414461347,-604.7843367079652,38.50365344393625,-178.69425924270803,-18.434468486868578,184.50082608157288
139.81872081906798,-604.6503098649057,38.41966941975258,-178.698294332343,-18.434953891266296,184.5079470807952
139.81393342156125,-604.5142253515484,38.513463173346686,-178.70211594800213,-18.436693798587942,184.5153781334864
139.80791942406435,-604.3796647283216,38.44638918594004,-178.70577761908726,-18.439517461469514,184.5230299533413
139.8025669723116,-604.2430559675402,38.5564429938898,-178.70915874266606,-18.442637368505807,184.53071775638747
139.79988873124375,-604.107980459401,38.460562989324515,-178.7121711259637,-18.44547574800486,184.53818511350454
139.80148120063026,-603.9708660090173,38.542460762537004,-178.71523042204777,-18.446618928750382,184.5452459504006
139.80390516365415,-603.835293842368,38.462472441785074,-178.7184814014676,-18.446683280915988,184.5520023961685
139.8056396179314,-603.7019582699465,38.55982596085949,-178.72203005890754,-18.446452434921063,184.558410504935
139.80433505822074,-603.5666996778452,38.45006299479737,-178.7257938592,-18.446499537693743,184.56491480380384
139.79915413833945,-603.4329801595624,38.51807780651303,-178.72987386309518,-18.447742427693537,184.57184297159316
139.79121651950683,-603.2972035780809,38.42930724212417,-178.73402034518446,-18.45002645686877,184.57907581821945
139.78325111812953,-603.1629466286741,38.506927215098216,-178.73789189218755,-18.452906624524502,184.5867638890181
139.77703789039623,-603.0266363711851,38.38937213461652,-178.7415583787523,-18.455890733583573,184.59442162370243
139.7753719077417,-602.8918540868525,38.44959483191261,-178.74507122856312,-18.457792858241483,184.60181030502764
139.77463906807847,-602.7550276340842,38.34325888608816,-178.7484682888879,-18.458899836894403,184.60899511283944
139.7745139462887,-602.6197383238457,38.41438984691143,-178.7519374173137,-18.459257391162637,184.6159049158011
139.7736908142502,-602.4866805567478,38.27779253575617,-178.75529631201059,-18.459230383056088,184.6227260176034
139.7715077869287,-602.3516948087434,38.31897300237868,-178.7585713829554,-18.45925027543746,184.62959511979835
139.76785005027253,-602.2182432618625,38.207351762428715,-178.76178207197452,-18.459965877161185,184.63661420530147
139.7602516151152,-602.0827298660954,38.257136189927564,-178.76494269363567,-18.46201769631222,184.64409437271016
139.75032866244655,-601.9487314021799,38.117395083206645,-178.76806378979285,-18.465376473292924,184.65202512892301
139.73926059938023,-601.8126750138991,38.15543175426351,-178.77115312627274,-18.46985603376918,184.6600410451423
139.7281209266869,-601.6781420649341,38.009695971510176,-178.77421642624574,-18.474659298088415,184.66799317566296
139.72000180741315,-601.5458271613288,38.04173796653461,-178.77693790984708,-18.479199675657554,184.6760105725553
139.71465738185296,-601.411571012091,37.887247705506915,-178.77972630901263,-18.482716567052115,184.6838304826563
139.71035457131012,-601.2788360345161,37.910535222256996,-178.78240130101491,-18.485645109126303,184.69149861807912
139.70344483485403,-601.1440264109546,37.750418258829136,-178.78515074999345,-18.48847025855037,184.699167747062
139.6928230961338,-601.0107191506198,37.76807907317905,-178.78795235679993,-18.492209075453758,184.70694989876318
139.6799673550225,-600.8796082884107,37.603961083582476,-178.7907897223631,-18.49677814733806,184.71504623854514
139.66602453952882,-600.7465347269781,37.617620871763684,-178.79381078891174,-18.502613344811135,184.7234866750621
139.65370705142342,-600.6149612274635,37.44859951182499,-178.79680388412396,-18.50887584754045,184.7320510576856
139.6439449219599,-600.4812923412144,37.45735592966406,-178.7997738064937,-18.515117251899685,184.74046049911377
139.63154559228818,-600.3491054462229,37.281163545001995,-178.80288409551463,-18.52166652509477,184.74886795305076
139.6183827241524,-600.2190949408783,37.282748938117706,-178.8059345553784,-18.52827041385997,184.75726647620186
139.60525435355953,-600.0871020850948,37.10808460369768,-178.80893842900704,-18.53490848391991,184.76565098475604
139.59519781930143,-599.9565899909501,37.11119804705542,-178.81222546928672,-18.541071497533714,184.77401776304265
139.58589867857532,-599.823963554472,36.93950236680553,-178.8153972432969,-18.54688065818603,184.7824832131079
139.57153927100146,-599.6928004921795,36.945584464333415,-178.81880166935477,-18.553580718523783,184.79113438652186
139.5514422549658,-599.5595288682765,36.77522475380181,-178.82253545853555,-18.562250816355004,184.80015228934855
139.537057763688,-599.4277309507028,36.78264282104798,-178.82586568397164,-18.570539234927807,184.80907200005313
139.5277199123489,-599.2938355670002,36.61076901150231,-178.82889700246125,-18.57755016567237,184.81767355234757
139.52075619399434,-599.1614249799735,36.61667297973443,-178.8315464280181,-18.583287373404453,184.8260341426503
139.51436634178663,-599.0269278584085,36.44651514907137,-178.83391344371267,-18.588250751187175,184.83421059585658
139.50612702959523,-598.8939262778871,36.45413509618608,-178.83623125482762,-18.593138241782338,184.84236385834487
139.49804567340271,-598.7631153836084,36.28719906723385,-178.8386709223076,-18.598459959559428,184.8504928669622
139.49052328769804,-598.6303363815191,36.2980408160594,-178.84103778252867,-18.603766491298575,184.85871597473317
139.48280723668762,-598.4990521703419,36.126983722945994,-178.8433491468841,-18.608561169692795,184.867000779121
139.47228574756377,-598.365667403906,36.133704407610374,-178.84529775972527,-18.613966449253272,184.875563463424
139.45847636532918,-598.2337595542076,35.967317853879635,-178.84713862268904,-18.620145364976064,184.88444142616757
139.443384471242,-598.0997564439415,35.978709077926666,-178.84889883275343,-18.627216788181688,184.8934235904674
139.43153782616693,-597.9629734369079,35.816900179562246,-178.8505983327271,-18.634275097831875,184.90247418509574
139.4205087165131,-597.827579808843,35.8328690589756,-178.8522518013009,-18.641317516821715,184.911566916992
139.41062130572527,-597.6943896548376,35.66540210675157,-178.854190043765,-18.647847800510423,184.92044246712302
139.40028152233072,-597.5592677889455,35.67571293230532,-178.8563353975331,-18.65432560250391,184.92915086124833
139.38958765244533,-597.4256813138799,35.51465844112218,-178.858470725943,-18.660759159874686,184.937728933508
139.37774127807793,-597.2943018135138,35.53138172771681,-178.86059680435386,-18.667319885804478,184.9463247003353
139.36706666236066,-597.1609655498706,35.36776022513178,-178.86255420958463,-18.673639148032276,184.95480491360837
139.3588333262414,-597.029134271544,35.38191650032452,-178.86390440345644,-18.6796103864233,184.96295462741875
139.35243734237767,-596.89521225735,35.226355566217194,-178.86496988660383,-18.684990432899895,184.97073561965533
139.34732290518002,-596.7627767646288,35.248572409887636,-178.86582563479047,-18.689766823042376,184.97835841074468
139.3425375159779,-596.6325221032099,35.0847778537278,-178.8665268166742,-18.694096286193048,184.9858584118451
139.33747355079913,-596.500289452125,35.09876107534574,-178.8669522488852,-18.697432821138037,184.99326170028598
139.33078322459647,-596.3695418452556,34.93908906862319,-178.8673368642854,-18.70069957625668,185.00058748540906
139.32262899971724,-596.2366841020826,34.957194839678415,-178.86785120547728,-18.70473714460924,185.00784992295672
139.3126552996343,-596.1052938639962,34.807968832482494,-178.86878022172422,-18.709667053717016,185.01529767233794
139.30287021935624,-595.9717991214243,34.83652060306435,-178.87001250721934,-18.715081630570527,185.02275558573098
139.29326202862535,-595.8397820698497,34.668836774182694,-178.87114609479823,-18.720187261924817,185.0300952123652
139.28423653229427,-595.709938132319,34.67893072307881,-178.87220629627183,-18.724565794907363,185.03710334904156
139.27710038190207,-595.5781088202646,34.53917802544099,-178.8728899610891,-18.728076563721313,185.0441003858495
139.27126492594772,-595.4477573390765,34.57064246054163,-178.87329689132304,-18.7311131847949,185.0509639520546
139.2665939353656,-595.3152886451276,34.419792722983125,-178.87350052114675,-18.734130064973492,185.05772353886982
139.26222226972396,-595.1842805078294,34.4467207632024,-178.87355488299866,-18.737129786824482,185.06440086561088
139.2542748660929,-595.0511610420361,34.30144391762055,-178.8738215111274,-18.74027959281581,185.0711310440071
139.2453146779378,-594.9195125651686,34.33394484981648,-178.8744035641897,-18.744032660682503,185.077893997903
139.23627936666503,-594.7857639533128,34.19312468221664,-178.87521641148942,-18.747728784530803,185.08467497565076
139.2281788663068,-594.6534975169388,34.230082292394584,-178.8761977853657,-18.751049197322196,185.09146314335408
139.21832542413657,-594.5191419716455,34.090753445304024,-178.87714187306574,-18.754917803860486,185.09836966087576
139.20826153144813,-594.3862794389901,34.12920237599124,-178.87805777838082,-18.759184980385136,185.10535682913755
139.19994312401874,-594.25133844266,33.99472558787906,-178.87863042469777,-18.763079315187312,185.11227781934807
139.19373478654683,-594.1179009144317,34.038026577544656,-178.87895083873047,-18.76636610442874,185.11902501588526
139.18885987053264,-593.9866618580031,33.9045930114792,-178.8790859976089,-18.768873772001854,185.1255196551095
139.1843209709489,-593.8534623402925,33.94893722319153,-178.87908518256634,-18.77064252131369,185.131823312625
139.17991382788978,-593.7217651234662,33.810052538806445,-178.87914643181728,-18.771373602790092,185.13798131363623
139.1755957155035,-593.5922413939005,33.84894563219914,-178.8792531404397,-18.771506633559195,185.14390613721014
139.17258882240577,-593.4607278103853,33.73030181524297,-178.8793930910824,-18.77120097556004,185.1496546974868
139.17194204897868,-593.3306866714902,33.78943577606457,-178.87971729480608,-18.77024499527127,185.15503066595858
139.17054449804112,-593.1985228288277,33.65486422046675,-178.88001632927475,-18.768812961730376,185.1603668440237
139.16696155677036,-593.0678141089519,33.6980704426467,-178.8802966404813,-18.767692650945516,185.1656690991879
139.16134805037547,-592.9349887154273,33.594202768620534,-178.88040119435234,-18.766967266013555,185.17094176444238
139.1562296008245,-592.8036290594363,33.65558951029464,-178.8803767665739,-18.766366804826994,185.17618804361615
139.15292740281367,-592.6701641105038,33.53342906973066,-178.88041955174387,-18.76519893257478,185.18129119852702
139.15784341970482,-592.5381762711457,33.58904640694445,-178.88051158837808,-18.762458663649756,185.18592752617408
139.1631011628917,-592.4040943474179,33.50205466921326,-178.8806396609424,-18.758733072959274,185.19009828153645
139.16177647454575,-592.2715005497313,33.567739705308604,-178.8806322682354,-18.75528022461029,185.1942812432186
139.1575096954608,-592.1368234890423,33.46601204217832,-178.8805255409007,-18.7521957898436,185.19870766023598
139.15600407019724,-592.0036451828381,33.542062156825814,-178.8805078408189,-18.74905360009039,185.20318956546186
139.15630408903507,-591.8683940523302,33.442646071336426,-178.88055544312263,-18.745541183071293,185.20758906701374
139.1569609697586,-591.7346519285957,33.52100776362482,-178.88065089152926,-18.741760388205666,185.21192422853667
139.15603721388894,-591.5988470497532,33.429273045697975,-178.88078134223497,-18.737951476959136,185.21620835389479
139.15481046856192,-591.4645610670549,33.515316105548905,-178.88093734533717,-18.733794666065496,185.2203321335095
139.1535405723881,-591.3282220420061,33.41954072660674,-178.88111194819405,-18.729386423706988,185.22433466066383
139.15433344012382,-591.1934114523989,33.501543125442346,-178.88130003566846,-18.72446705004523,185.2283638226564
139.15593825096698,-591.0565571893767,33.419239251206434,-178.88165784467355,-18.719342552871016,185.2324089353864
139.1576826264552,-590.9212405634122,33.5147131547483,-178.88213979808202,-18.71407218689626,185.23646214966803
139.1581981059766,-590.7838893013176,33.431200241845296,-178.8825523623166,-18.70919553523753,185.24063681334152
139.15804980837365,-590.6438178855021,33.52546510672007,-178.88275189665546,-18.70461194221203,185.24489682909024
139.15777086446732,-590.5051945657452,33.45315390430643,-178.88279503170693,-18.700247333155808,185.2492156496801
139.1611675362803,-590.3688323968589,33.55862047967058,-178.88288521338316,-18.695385858662885,185.25321642153517
139.16566168968248,-590.2305951645486,33.483915160924546,-178.88316981575605,-18.689999004160374,185.25686129029864
139.1703114225541,-590.0939489601907,33.5869876199563,-178.8835967403266,-18.68439699263261,185.26036103468937
139.17451547511874,-589.9595643741076,33.520130210831425,-178.88396765502029,-18.6784768455188,185.26375124365617
139.1777492673189,-589.8232766924592,33.63105057948433,-178.8844571661023,-18.672328661328212,185.26717722423746
139.1827981268459,-589.6885467053924,33.5641909616777,-178.88487321274812,-18.665853381667265,185.27038816979774
139.18854886050286,-589.5517777503912,33.67510912164885,-178.88539501565484,-18.659309321132202,185.27343856883547
139.19312440299598,-589.4165461602744,33.61197360701488,-178.88599390932808,-18.653051304898817,185.27660674451306
139.19370205509642,-589.2792786701938,33.72661587015869,-178.88664880388015,-18.64783528383442,185.27997758468152
139.19265058028847,-589.1435562488683,33.67238219415127,-178.8871841836149,-18.643222695690458,185.28361316028534
139.19169890107392,-589.0058064490637,33.79592629592162,-178.88779144325716,-18.638891391766492,185.28732053247455
139.1940678270824,-588.8696102818272,33.73955622502633,-178.88829087504524,-18.63410887965179,185.29095814894
139.19706718274335,-588.731395186594,33.86096393190882,-178.88871078913425,-18.62899973265243,185.29454137777117
139.20138374460987,-588.5947420315603,33.81496746410866,-178.88939201698696,-18.62365559486832,185.29796242613378
139.20466857883758,-588.456078109438,33.94674877408629,-178.8902642693972,-18.61830921418676,185.30138061233203
139.2060559054508,-588.3189841430127,33.886606933889425,-178.89127583114745,-18.61329660771878,185.3049127723331
139.2070439996737,-588.1798872819159,34.004242871470346,-178.8922286539144,-18.60886389132429,185.30864448453625
139.20835063896735,-588.0423681083538,33.970435031100855,-178.89313755447336,-18.604695034509376,185.3124001068323
139.2105237372941,-587.9028536338781,34.111064539075166,-178.89401343750148,-18.60088871370332,185.3162890359767
139.21242855447346,-587.7649243050789,34.057269496704286,-178.89486432911102,-18.597516969366698,185.3202722666506
139.21795040246795,-587.6250070003135,34.18125223211118,-178.89585613733212,-18.593309578213738,185.32396377779665
139.22494023478728,-587.486682035356,34.14722522087225,-178.89711040279442,-18.588162452632044,185.32731896883462
139.22924603080085,-587.346376160084,34.289436455831925,-178.89855602199762,-18.58299209702535,185.33078187606793
139.23295378156553,-587.2076695640862,34.233771989544294,-178.90014068228263,-18.577809301938643,185.33432069703807
139.23772296860287,-587.0669888733086,34.35588530103444,-178.90182589744072,-18.572621991495556,185.33791204246324
139.24674683667908,-586.9279141556215,34.320139814678946,-178.90342335487003,-18.566774647400408,185.34141960240396
139.25649330150603,-586.7868719174264,34.46217210610123,-178.90495503666943,-18.560448476266277,185.344862601825
139.26583322484998,-586.6474421091841,34.40475346471154,-178.90627712151195,-18.55394212190012,185.34837430753217
139.27085056098755,-586.5060511219829,34.52511260109962,-178.9072843267329,-18.547805416589917,185.35193327633294
139.27493202201438,-586.3662787930299,34.48751802430424,-178.90805972493783,-18.541945242103242,185.355642852319
139.27835759390663,-586.2288180688496,34.627701225286636,-178.90882444208816,-18.536127732597812,185.35934046506225
139.28242460206064,-586.0895079959233,34.56666088639547,-178.90958064671656,-18.530346681864856,185.36302601799392
139.2873833889066,-585.9518093520627,34.68339832528209,-178.91048993664697,-18.524597506276805,185.3665803399056
139.29203933985576,-585.8121247080613,34.647951361210595,-178.91167068087447,-18.518876816173325,185.36991615522757
139.29533650565654,-585.6740294900798,34.784490809380515,-178.91304944203608,-18.513512767149727,185.37344610054794
139.2974919102918,-585.5339495115135,34.725623079232385,-178.91441219005057,-18.508911022961623,185.37711527013795
139.30062208582805,-585.3911981627476,34.844533126862025,-178.91560198375893,-18.504376392758825,185.3807641649305
139.30472403082575,-585.2499427813466,34.79855631732621,-178.91682388671506,-18.499564343594322,185.3842758369651
139.30978332427577,-585.1109955588428,34.93035728556817,-178.9179082503169,-18.494387797901602,185.38780286860205
139.3161959107983,-584.9702194397275,34.86080152156062,-178.91905078784688,-18.488948556128808,185.39109980658594
139.321554176927,-584.8310796905395,34.96902353533084,-178.92007497066854,-18.483486838778866,185.39434418972382
139.3249827058587,-584.6942460917697,34.92145174194681,-178.92117144965272,-18.47834416086555,185.3976662598563
139.3259214149395,-584.5555531342663,35.05165772634056,-178.92247997117477,-18.47377068314168,185.40116145861134
139.32675947618762,-584.4184608270783,34.97490196624987,-178.92394282742765,-18.469949350870273,185.40489962262407
139.3275654887759,-584.2793717405444,35.07592398393695,-178.9253575621665,-18.466682988670467,185.40881263834663
139.3279429616754,-584.1418614540389,35.027504541669366,-178.92673575025307,-18.463826507956234,185.41285040042018
139.3286400248004,-584.0023559627249,35.14561262068374,-178.9280859124052,-18.461273146092058,185.4169760540293
139.32856975885045,-583.8644355085478,35.067449597800774,-178.92941432206132,-18.459109674372915,185.42128338307242
139.32875769309013,-583.7245269304798,35.16706435269559,-178.93056559907842,-18.456903378512767,185.42559922314132
139.3294052611919,-583.5862105385216,35.10371145270369,-178.93158595546956,-18.45450230610109,185.4299174683268
139.32890354620866,-583.4459130835821,35.21657913936118,-178.9325093964182,-18.452291198504884,185.4341145277132
139.32858977677702,-583.3072147576278,35.131117538927136,-178.93352094520594,-18.45038669720233,185.43845898679416
139.32831805895432,-583.1665421892174,35.223433716270875,-178.93443620725455,-18.44854340007183,185.44278678835414
139.32887994921796,-583.0274754488443,35.14853884861464,-178.93528004546152,-18.44674662448718,185.44709852746405
139.33042190310405,-582.8864410454972,35.25142175873619,-178.93607075610623,-18.444820228503335,185.4513946547869
139.3309059397038,-582.7470189321808,35.15652317170955,-178.9369818036847,-18.44280048991207,185.45567551468608
139.33199284210352,-582.6099021691488,35.23940236246069,-178.93814028852785,-18.44054876206522,185.45994137326574
139.33318485949576,-582.4709299145811,35.15914656849829,-178.9393191976008,-18.438128910300136,185.46419243900348
139.33438094675026,-582.3335630559936,35.256668552313656,-178.9405120365231,-18.435587918641033,185.46830976682094
139.3355608369585,-582.1984709385908,35.14614932621179,-178.941714030367,-18.433125683052232,185.47232536031657
139.33672070709673,-582.0614884128727,35.2134078778877,-178.94276166938107,-18.430888723902175,185.47638189033754
139.3366280772901,-581.9260760014126,35.12774934154389,-178.9438551836186,-18.428818955881997,185.4804648346726
139.33546315378513,-581.7929034782118,35.21067790495576,-178.94482136767402,-18.427038967817527,185.48468440910972
139.33368967267472,-581.6578062752147,35.09735211086675,-178.9458533174323,-18.42547306726552,185.48887953933328
139.3330534806635,-581.5242455187013,35.16180409455552,-178.94709257808398,-18.423734889467593,185.4929339036845
139.33265379453624,-581.3928915822438,35.05904046859714,-178.94848276515913,-18.421871920069584,185.4968814358499
139.3327177606774,-581.2595804880049,35.134054620416535,-178.94998239588966,-18.419919092804317,185.50074711549487
139.33205221419823,-581.1277739422165,35.014583115021225,-178.9514009522957,-18.418232772282852,185.50478933379853
139.33083778630046,-580.9938762214364,35.07288938740369,-178.95275879325808,-18.416743388991748,185.50895742070227
139.32870952064908,-580.8614645887977,34.963855700925784,-178.95407090259206,-18.415563305788055,185.51321410627995
139.32683942278067,-580.7312333614516,35.03259979222566,-178.9555083090791,-18.414611091611313,185.517531980498
139.32628133319412,-580.5990237259529,34.90840537764136,-178.95687632245043,-18.413663272244715,185.52176999938635
139.32517047142693,-580.4682987236396,34.96198874083484,-178.958352231525,-18.412883073800547,185.52606657946058
139.32067774303542,-580.3354631813297,34.84272119588223,-178.9599059521961,-18.412557157542558,185.5308787296666
139.31475120456727,-580.2040947476221,34.90123142870739,-178.9613553536196,-18.412730004591104,185.53582646494687
139.310677303742,-580.0706214200256,34.77351858706109,-178.96272696590475,-18.413268457755958,185.54086923129466
139.30703187036818,-579.9386254009771,34.82358352319256,-178.96404031361084,-18.414074543447736,185.545977204633
139.30434530998153,-579.8045354536869,34.698353306688006,-178.96530976653875,-18.41524150980531,185.55100934489923
139.30147806638445,-579.6719337777764,34.75090086796122,-178.96654590156007,-18.4165067513477,185.55621962345455
139.29697102027646,-579.5415156466437,34.61670803185157,-178.9677565046632,-18.418008270033145,185.5617959053965
139.2909681138776,-579.4091223934428,34.6602929735197,-178.96894730826804,-18.419847057273554,185.5676356331269
139.28475141008934,-579.2782170420959,34.52494221740694,-178.97012253374868,-18.421931540310055,185.57342336356643
139.27858036216597,-579.1452043694502,34.567369239071944,-178.9712852906267,-18.42419434738988,185.5790487068989
139.2725062114305,-579.0136619683333,34.43093897007382,-178.97243787030112,-18.426916580717403,185.5845499660477
139.26653782805417,-578.8800177801158,34.472286478853476,-178.97358196217766,-18.429973306863616,185.59007445123143
139.26108614849102,-578.747853951822,34.330460635569864,-178.9747188126985,-18.433272610653628,185.5956110581873
139.25581534468876,-578.6135991921817,34.36641257006403,-178.97600934235808,-18.43641620533461,185.60115163301433
139.2510663452483,-578.4808356472982,34.22925317763731,-178.97741142291522,-18.43927748569592,185.60669019265814
139.2468999146722,-578.3459918713378,34.269871562988364,-178.9785740611701,-18.442094525529154,185.61222235133678
139.24290925377053,-578.2126498273091,34.12221463736828,-178.97988007494706,-18.445041951606388,185.61774489849995
139.23818916953655,-578.0772378831815,34.152335489525974,-178.98145006987244,-18.448247707661597,185.62337459939872
139.23092455294525,-577.9390711511286,34.01183692374725,-178.98305225542228,-18.451474722806385,185.629077875525
139.22366501554066,-577.8023184994577,34.04911613574632,-178.9845166232651,-18.45471445949229,185.63471092612826
139.21815418517204,-577.6635269237978,33.901406451036266,-178.98587862312917,-18.457960645542407,185.64028747085854
139.2159479169092,-577.5263014879719,33.93147454410399,-178.98716434247558,-18.461043342294232,185.64569850990887
139.21196816132723,-577.3870742640889,33.800359860849454,-178.9883929799141,-18.46416874005242,185.65110247942584
139.2027587536942,-577.2494268031121,33.847022955372694,-178.98957866516463,-18.46798400708393,185.65661557220105
139.18852594944838,-577.1097862808281,33.69236175935747,-178.99105179820154,-18.473126675789633,185.6623246770609
139.17595488798483,-576.9717331448218,33.71547834112002,-178.9930544168302,-18.479072867795335,185.6681724493563
139.168826519063,-576.831694241783,33.586524704011346,-178.99480354478737,-18.48461280249481,185.67375760197348
139.16576451434088,-576.6932498497367,33.63459855940117,-178.99652522480505,-18.48902322411665,185.67902609113546
139.16232733097024,-576.5528266801311,33.47685156773715,-178.99822524595152,-18.492766749106785,185.68405767732878
139.1576302184779,-576.4140048845372,33.49688235385091,-178.99974787279587,-18.4963485556559,185.6891492843796
139.15357103464996,-576.2774777181718,33.38122008514421,-179.00113905703924,-18.49997391818689,185.69428038085297
139.151339833836,-576.1390845306846,33.41509367856735,-179.00243261343368,-18.50313199922678,185.69931676415047
139.14950596225867,-576.0022863976398,33.280414183798904,-179.0036534262443,-18.505944599990055,185.70427921433384
139.14613497159107,-575.8634861822643,33.323512466808225,-179.00481980859323,-18.508832015127577,185.70918303583335
139.1392156111949,-575.7219929312638,33.184920546064326,-179.0061052384859,-18.51259839421498,185.71439861512334
139.132918763312,-575.5819734215969,33.224106403098205,-179.00715682730632,-18.51634466563977,185.7197172918337
139.12930175087945,-575.4442400487786,33.08755994290425,-179.00787599792812,-18.519246194759607,185.72486862338408
139.12791659193599,-575.304656111299,33.12879126048808,-179.0083507559415,-18.521525667052146,185.72989265618915
139.12617439261754,-575.1666872546647,33.00210936722641,-179.00912585603493,-18.52367760480707,185.7346997596629
139.12315356316995,-575.0267369712715,33.05320525174252,-179.0101205180092,-18.52606477106752,185.7393435086462
139.11909685949314,-574.888380806557,32.92000556040204,-179.01127530788543,-18.528622316306457,185.74398244767067
139.11406934297833,-574.7480445310321,32.96458364683934,-179.0122264984099,-18.531302532756072,185.74885195811294
139.11015294413076,-574.6093081270412,32.83873239332151,-179.01286753724034,-18.533904992345562,185.75400711469672
139.1065144687114,-574.4685981706585,32.89065891758146,-179.0134405616829,-18.536448116940214,185.75912716275622
139.1021602140725,-574.3294947120661,32.77054236786463,-179.0141231995526,-18.538780135316788,185.7642169134107
139.09854784187792,-574.1926909133316,32.82820359592557,-179.01488561381302,-18.541285936228217,185.76927992174544
139.09472277768782,-574.0540260339285,32.70765989301205,-179.01554585305837,-18.543751616953283,185.7744379297049
139.08967757601158,-573.916961061121,32.76489396787631,-179.01613057708002,-18.546351017825486,185.77966101915987
139.08404943415084,-573.777898771468,32.6518466385857,-179.01681940351628,-18.5492115028937,185.7848080811876
139.07838474893745,-573.6404147932321,32.71657708707288,-179.01758395943307,-18.552260907052265,185.78989481460243
139.07320398613209,-573.5009351383035,32.60204613434297,-179.018243370697,-18.55511547462894,185.79505189660478
139.06860435643492,-573.3630400586841,32.66529295939084,-179.01898508973883,-18.557824624652167,185.8001368723873
139.06377570364842,-573.2231564019256,32.56462620211437,-179.01994650851196,-18.560590060336175,185.8051644502968
139.05979125375035,-573.0848644861911,32.64173722261567,-179.0209081858269,-18.56322898067304,185.8100263563635
139.05767675660627,-572.9445910703517,32.52860962160308,-179.0215491979149,-18.56461722182614,185.81452422582896
139.05596632286128,-572.8059163541834,32.59325979836827,-179.02195448571462,-18.565087064252346,185.81875113701403
139.05477169463157,-572.6652669739125,32.50643724247883,-179.02202477100266,-18.565048329974452,185.82277558820573
139.05616299555086,-572.5262230075627,32.59502493915353,-179.0220111030841,-18.564306007210686,185.82664799144567
139.05764102824244,-572.3852109715186,32.48902554958888,-179.02193588163,-18.56321371273307,185.83028456182925
139.05623894193465,-572.2458108260483,32.560803937802,-179.0216538100022,-18.56219463214928,185.83386584450002
139.05387010594333,-572.1044489718728,32.482277497827134,-179.02122029897737,-18.5612301476037,185.8374033994857
139.05134161012722,-571.9647052556599,32.57830772979865,-179.02067611773785,-18.5603065574724,185.8410248541201
139.0512829209533,-571.8230059665591,32.48588484467537,-179.01989126205754,-18.55891955532503,185.84458550498167
139.0529510277983,-571.6829308416591,32.57123973732987,-179.0192523872146,-18.55719395059,185.84809840138684
139.05370876966083,-571.5409060624867,32.500277347876995,-179.0185593550967,-18.55571579338379,185.85157315528272
139.0542736617537,-571.4005112604302,32.60709273620189,-179.01782722367238,-18.554420411616228,185.85501684933502
139.0547919498718,-571.2624391798706,32.516473340544785,-179.01722884798463,-18.552104661065247,185.85819470510728
139.05529354598613,-571.1225286687561,32.60363172266545,-179.0167290917265,-18.549042698518026,185.86117478804684
139.05989311433277,-570.984240309911,32.54418235626203,-179.01614032283345,-18.54477490225138,185.86400718861316
139.06524686104268,-570.8439764826234,32.6550996381859,-179.01564857913604,-18.53995728818717,185.8666096599719
139.0690308568054,-570.7053124249685,32.57714591867217,-179.01538842435426,-18.535236756728363,185.86904120327057
139.0716257522167,-570.5689404322825,32.67696997693623,-179.01513833269263,-18.530922281874812,185.87134523795334
139.0735352557119,-570.4306996987084,32.6200109775703,-179.01489584295615,-18.526744083620542,185.87355371828696
139.07692496788528,-570.2940513073899,32.73978015462946,-179.0146591435112,-18.522008202159746,185.87569016233758
139.08302829033224,-570.1553981616432,32.668169042851304,-179.01442690067958,-18.516867562686578,185.87765276960818
139.0904088653591,-570.0183160208618,32.77433570885093,-179.01403635469134,-18.51060978123942,185.87936704092252
139.09670614494604,-569.8792310270757,32.72609313182913,-179.01385184465136,-18.504528547039293,185.88101678651665
139.10269720413532,-569.7417235603777,32.85562833258511,-179.013818591649,-18.49858218636183,185.8826177468088
139.10648847973658,-569.6064872608463,32.78415332728388,-179.01389629003248,-18.492905351921593,185.88453884147032
139.10855210047836,-569.4693618887858,32.890456099760435,-179.01405528370034,-18.48759654946371,185.88669299369636
139.11024084097548,-569.3338089297333,32.8466829131759,-179.01427375258237,-18.482562356061738,185.88901614000105
139.11265192111435,-569.1962316509222,32.975326835749485,-179.0145356424269,-18.47773401747268,185.89110381694448
139.11599628937518,-569.0602061627912,32.91089572349942,-179.0148291415196,-18.47306093093629,185.8931360717546
139.11783530646736,-568.92215895085,33.02424238902714,-179.0153055598396,-18.46867118309321,185.89512587721825
139.11975776508268,-568.7856707322719,32.97663972365129,-179.01591569544325,-18.46449311895665,185.89708278444516
139.121669570369,-568.6471688114751,33.10681483605321,-179.01662334804556,-18.460474003372987,185.8990138268254
139.12396272153657,-568.5102339553304,33.043391841997696,-179.01724188408897,-18.45674035594197,185.9010432962804
139.12671197261932,-568.3712933634035,33.157746625719966,-179.0179545181794,-18.453054037287277,185.90314314161736
139.12951334322528,-568.2339276682943,33.120675737501394,-179.01873552405178,-18.449405703129578,185.90529272940526
139.13105151824286,-568.0945639313234,33.252381144149105,-179.01956597500347,-18.446284467233372,185.9075959953569
139.13272584454245,-567.9567826480172,33.19466772772615,-179.02027194750139,-18.443387211160836,185.91000991128112
139.13522669956888,-567.8170107448063,33.31473208908096,-179.02088600826875,-18.440326115631056,185.91238371370443
139.13949995929138,-567.6788285846826,33.26782323510106,-179.02175212126858,-18.436982258806434,185.91460687840265
139.14489003581488,-567.538662963898,33.39869215889893,-179.02280230269398,-18.433434016016108,185.91695582151166
139.15124815016574,-567.400094117588,33.34137991192801,-179.0241465341369,-18.42957371084452,185.91915669195026
139.15647566778912,-567.2595487164315,33.46184544273487,-179.0255452073869,-18.425322657975713,185.92148524165682
139.16181516359413,-567.1206068722332,33.41252495226487,-179.02698256136367,-18.420623502175943,185.9239053530046
139.16710111553957,-566.979695134544,33.54098223957266,-179.02860700355876,-18.415765247920845,185.92627134723477
139.17230118072987,-566.8403934962039,33.48209598062383,-179.030207199832,-18.4112906399134,185.9288355524727
139.17658700097533,-566.6991283899232,33.60098749945279,-179.03162819336586,-18.406936016583572,185.93154283315607
139.1802183516772,-566.5594796937883,33.54632342255775,-179.03307650845215,-18.402673252793623,185.9342317404722
139.1849009403715,-566.4178737278053,33.66943712344049,-179.03438357195236,-18.398316308456288,185.93678567273471
139.19219295762508,-566.2778902593689,33.60712924021783,-179.0357458891219,-18.39323283789028,185.93911924201814
139.20072448523402,-566.1359554997706,33.72259913477295,-179.03730751470033,-18.38762110006375,185.94105091527751
139.20897191096583,-565.995649109632,33.666095565388254,-179.039013911667,-18.381792287790905,185.94280525885415
139.21170299737844,-565.8533971953785,33.78736977378134,-179.0408249575211,-18.377132135423892,185.94490622346913
139.21164752936494,-565.712779314638,33.7162588264914,-179.04255113607408,-18.373662031567708,185.9474977315437
139.21144620601126,-565.5702214726819,33.82292565697923,-179.0443735442253,-18.371067714489556,185.95044666792592
139.21286301929948,-565.4293031277904,33.75893044909302,-179.04594490083022,-18.36862372488603,185.9536550971236
139.21869175412706,-565.2864501876613,33.872713018984584,-179.04733075620643,-18.365465481199106,185.95657274689336
139.22614308681167,-565.1452420147443,33.80014486199636,-179.0488993454768,-18.361786258512073,185.95915545383838
139.23381296455835,-565.0063710892847,33.905354482785924,-179.0504405453013,-18.357893588311793,185.96149024030575
139.23607524638953,-564.8656759998119,33.83259300144664,-179.0519602895768,-18.355003405641977,185.96435758750155
139.23763450102933,-564.7266170743644,33.93760929788514,-179.0534629488992,-18.352850949545765,185.96749381936738
139.24067364083155,-564.5855964419952,33.864088428588175,-179.05511174355883,-18.351077850675612,185.97070533445176
139.2439655343446,-564.4461890950131,33.96834533706898,-179.05670623853717,-18.34941918985912,185.9740883136608
139.24808427166985,-564.3048204207098,33.88530572967962,-179.05809949642037,-18.347515257980486,185.97723491502416
139.2527204668267,-564.1650700576436,33.98004390006803,-179.05934394198235,-18.345433153040172,185.98044537565505
139.25780488321877,-564.0276309175439,33.90164321807228,-179.06031815233493,-18.343222238614572,185.98358070156158
139.26290663215806,-563.8926087120301,34.0010203138543,-179.06125332423585,-18.341249495823696,185.98653725282497
139.2679392893997,-563.7557235425785,33.91638369419024,-179.061999036675,-18.3396184991141,185.98936007463783
139.27083144162097,-563.6204125916383,34.00952485230395,-179.06292514931997,-18.338733788194517,185.99256054123424
139.27078858222885,-563.483074240147,33.92721678421952,-179.064142732238,-18.33839713993065,185.99615421359053
139.26974866340316,-563.3472836651,34.022686493912865,-179.065092977727,-18.33862803685721,186.00003304246195
139.26934545598075,-563.2137338890759,33.927360022927076,-179.06600633110543,-18.3389442616817,186.003879316041
139.27113043645565,-563.078264980782,34.00981132971906,-179.0668918183997,-18.339157445875944,186.00769829682918
139.2737383347877,-562.9443389149523,33.927790515354815,-179.06791608346583,-18.339131321888722,186.01149386825443
139.27606305991492,-562.8083594772181,34.02354747876834,-179.06936120844014,-18.339423950678636,186.0153880100834
139.27583230986602,-562.6739032948842,33.921238031344124,-179.07095367945823,-18.34061140472397,186.01959097541567
139.2734510798937,-562.537397362668,33.996706361697676,-179.072652788712,-18.342950008441903,186.02389578645898
139.27026295365187,-562.4024228981781,33.90748136507476,-179.07442858901922,-18.345965376494217,186.02827145785832
139.26860145706266,-562.265407697395,33.99603414622962,-179.07609905094318,-18.348978358064585,186.03257609292197
139.27014536102214,-562.1299330099866,33.885831127587444,-179.07769077986435,-18.351160244675686,186.0367056972194
139.2739528317906,-561.9924265096963,33.95340588672305,-179.07938335638,-18.352730722195226,186.04058416375108
139.27733753189216,-561.8564692948337,33.865999470813804,-179.0811483832858,-18.35401677040094,186.0443941261732
139.27688998434778,-561.7184888841125,33.951868964399836,-179.08312497156493,-18.356085093955883,186.04838868783725
139.27403968572818,-561.5820662222832,33.838989671669005,-179.08509494788376,-18.35889058092377,186.05263596044614
139.27033693002946,-561.4436286769782,33.90388815671595,-179.0868983243417,-18.362234160628287,186.05718389017227
139.27062656655153,-561.3024903778446,33.81003716255163,-179.08857792456698,-18.365308036268818,186.06158914806906
139.27294256224278,-561.1628192281997,33.89396394616509,-179.09016526257702,-18.367850729928524,186.06576675306175
139.27480955782912,-561.0254279425809,33.77427874695872,-179.0918435306621,-18.370001629963483,186.0698928102759
139.27532820056837,-560.8861799724962,33.83237132553013,-179.09358698900834,-18.372359302762487,186.07409650929046
139.27269335204147,-560.744274414426,33.74286658092698,-179.09521670380536,-18.375527846545967,186.078593409004
139.26905283421817,-560.5995888844735,33.81873942481055,-179.0967615580309,-18.379288212568035,186.08318221420814
139.26526295878907,-560.4564051099039,33.705755001742496,-179.09808280796693,-18.383809905684156,186.08795344894523
139.26149711228936,-560.3155580778715,33.770548356452224,-179.09923890697962,-18.388720552719814,186.09273511313114
139.25820207472574,-560.1729148854687,33.66726202111454,-179.1004328676716,-18.393581400943546,186.09752017521134
139.25586939503916,-560.0319411641726,33.74175346355462,-179.10165353229667,-18.39823607595122,186.1023034756922
139.25376236281684,-559.8890396300231,33.624617295455856,-179.1028926947708,-18.402735419778228,186.10708123251086
139.25131976010118,-559.7435182440107,33.685258905134866,-179.10414432085645,-18.407116854656007,186.11208889930455
139.2467896714144,-559.595275858449,33.58613103638754,-179.1052439743674,-18.412069261695574,186.1171416043761
139.24190651346137,-559.4485976091277,33.664780945418,-179.10623120385378,-18.41743597951419,186.12234195733578
139.23784352434598,-559.3043182777114,33.54379513740571,-179.10713511151815,-18.422936421488277,186.12752685176636
139.23646813150998,-559.158304035923,33.60058710717119,-179.10797711303954,-18.428034038561282,186.13281491225834
139.23647115240573,-559.0140194590545,33.503395141436975,-179.10893296827697,-18.43266638615832,186.13793570514156
139.23716225752844,-558.8678661958187,33.580229058157975,-179.1099714665904,-18.436953418497342,186.14292928329579
139.23674737266813,-558.7234178194979,33.46451488587417,-179.11058964671662,-18.441314075618404,186.14794424302374
139.23488519039591,-558.5813647974676,33.526578491368156,-179.11105904401208,-18.445890181439967,186.15297042483044
139.23152625523363,-558.4375444892754,33.41769467180831,-179.1114189166563,-18.450785548658946,186.1578812573333
139.2283264076823,-558.2954161682339,33.486588630026255,-179.11169815133616,-18.4555800227985,186.1625822462733
139.2252038865961,-558.151380958522,33.37368569960148,-179.1119180033002,-18.46029624692502,186.16712517127706
139.22460701776947,-558.0090128718363,33.43856054695449,-179.11241411251532,-18.464785562176086,186.17142903346092
139.2245237681959,-557.8647363336553,33.34051518662108,-179.1127923693953,-18.46893915374938,186.1757937572549
139.22331242646683,-557.7221300381627,33.42024760406545,-179.11308386500116,-18.47333885587757,186.1801992331418
139.21696113872235,-557.577619302966,33.302975042072944,-179.11379147656544,-18.479070683788578,186.18498801125162
139.20926152453387,-557.434782943618,33.363480257858214,-179.11464361084452,-18.485608975648837,186.1901727320777
139.20468886179168,-557.2900462432169,33.26937025774602,-179.1156009709951,-18.491742640368006,186.19528586892167
139.2012172894311,-557.1427212854555,33.3457711912065,-179.11647464579798,-18.497574126370626,186.20046107694597
139.19965975306485,-556.9969739645102,33.23407768884017,-179.11696617474604,-18.50268283110466,186.20543898142873
139.1985071755258,-556.8536150217149,33.300161964251615,-179.11717702648596,-18.50725695517086,186.2102677718437
139.19909464863275,-556.7085059706249,33.2057628076742,-179.11750186084947,-18.51126965419259,186.21474291968414
139.2000217766958,-556.5651106710469,33.289141428874565,-179.11790999372863,-18.51486707467146,186.21907386283854
139.2001823165954,-556.4198308549209,33.177453835958595,-179.11853884940115,-18.518487426511815,186.22341609505145
139.20018725562818,-556.2762403373147,33.24354402082041,-179.11932900947264,-18.522121376593397,186.22776274614532
139.19728455979916,-556.1307631889962,33.1542318557548,-179.12007675707218,-18.52592740187403,186.23210877406203
139.19589673089396,-555.9869777228669,33.23726279838472,-179.12063273752779,-18.529360232500384,186.23645048184622
139.19729739116244,-555.8413088753604,33.13106293007081,-179.12104759453965,-18.532185668975266,186.24066427334856
139.19841271765293,-555.6973350862984,33.20264083953469,-179.12167859226432,-18.534728504906646,186.24478051398506
139.19616800385552,-555.551481269481,33.112202942142304,-179.1224675322915,-18.53788850680752,186.2490615584394
139.19246187348563,-555.4073258125072,33.19954282252769,-179.12337159539385,-18.541332954862106,186.25357876476508
139.189748169211,-555.2655602384458,33.094963313646474,-179.124199278473,-18.544817601697815,186.25814603005745
139.1872715450606,-555.1220221957979,33.168161582543036,-179.12497021381682,-18.548328630175828,186.26274594546737
139.188166448923,-554.975904422706,33.08803163334915,-179.12585884887892,-18.55119455094399,186.267006604372
139.18972293086637,-554.8313488229647,33.18353464243555,-179.1266730071699,-18.553584845239804,186.2710146879204
139.19056648068272,-554.6848948930899,33.082317987693195,-179.1274318254658,-18.555458888749854,186.27483398679996
139.19207855803185,-554.5401441975243,33.158879110728606,-179.1281493865935,-18.55695268253389,186.2785114486567
139.19493483578742,-554.39779282538,33.08379197128847,-179.1288360546324,-18.557835632035488,186.28208162784173
139.19637488656292,-554.2536792041013,33.182903884876175,-179.1296594573679,-18.558765844219295,186.285689070686
139.1950472112202,-554.1112627489429,33.08692122725456,-179.13090240030073,-18.560391222181448,186.28944152248675
139.1915404287032,-553.9712112054818,33.16871634741071,-179.13229190120674,-18.56285561026731,186.29353520089842
139.1872370323249,-553.8293578218673,33.09232098901151,-179.13362764284787,-18.565602415210037,186.29775636222175
139.1857119614784,-553.6891615405669,33.1937034083901,-179.13492277370216,-18.56772721757674,186.3018272588702
139.18805135674586,-553.5470239157299,33.104471599761034,-179.13618697208534,-18.56906332934114,186.30554612062673
139.1919517071701,-553.4065195350722,33.19301756890975,-179.1372673629245,-18.569819880342287,186.30912262891874
139.19405544364182,-553.2640734211086,33.12816627054121,-179.13853200121727,-18.57064674762727,186.31259156555163
139.19494682640436,-553.1232648607713,33.23996627535889,-179.13993063018646,-18.571359111860588,186.31585942169082
139.19476172764803,-552.9847864217953,33.14966209212107,-179.14126627575925,-18.57231754064337,186.3192151362625
139.19354263177019,-552.8444768115568,33.23713568666103,-179.14255454626752,-18.57329023149239,186.32251318638282
139.1917234080539,-552.7057964815226,33.17953352396019,-179.14380692993245,-18.574272516575903,186.32576601763873
139.1902206988405,-552.5694143500009,33.288681575021144,-179.145191883349,-18.575756964289077,186.3292227969885
139.1888026643921,-552.4311648484966,33.21634756159651,-179.14683282351373,-18.577773678421593,186.332826065581
139.1870110658311,-552.2945080881283,33.32179132594965,-179.1486600286803,-18.58017892862684,186.33653355671277
139.18681290162706,-552.1601134388013,33.25972768190497,-179.15030220399916,-18.582040300618576,186.33995507104788
139.18775757596313,-552.0238159355843,33.375441815638084,-179.15164723105167,-18.583335840700855,186.34316382771937
139.18891738263886,-551.8890763149682,33.30264010851834,-179.15277315379592,-18.58421528579168,186.34621370987603
139.19215883186536,-551.7565645676989,33.40761617917638,-179.15389739922722,-18.584623479493136,186.3491443730488
139.19371539787969,-551.622116339949,33.3516463213195,-179.15533941529975,-18.58501639267021,186.35198500393278
139.1940915160905,-551.4891929686754,33.4734542412404,-179.15685318138378,-18.585397750873245,186.3548761972442
139.1942261955038,-551.3541983677551,33.403070331996716,-179.15841821857305,-18.585770296443584,186.35780189971948
139.19472133838377,-551.2207094441186,33.51046420053081,-179.1598594634287,-18.585970714931662,186.36075030829048
139.1981579763694,-551.0851534984083,33.46107826063661,-179.1612086461331,-18.585550506520757,186.36347452496852
139.2025464811915,-550.9468453884001,33.589470098520195,-179.16264911731977,-18.584840878569185,186.36603191273244
139.2070629450901,-550.809953894208,33.526589037807696,-179.1641552529746,-18.583919640401525,186.36858379717023
139.20989632220628,-550.6752926244299,33.641485754872974,-179.1657082037855,-18.582844040287107,186.37101026638268
139.21194211838036,-550.5387259153712,33.59527089775455,-179.16713410531014,-18.581656197500724,186.37358082979057
139.21462263593153,-550.3994537338743,33.72683381841391,-179.16830556989015,-18.580221765948487,186.37625477732988
139.21862575261966,-550.2616212178044,33.66686268611109,-179.16944940607559,-18.57860777768489,186.3788830519455
139.22283645592,-550.1217702528262,33.784669331586045,-179.17057196469506,-18.576863549155867,186.3814754968397
139.2262056798737,-549.9835045895683,33.744950688936655,-179.17151792193627,-18.575190694857557,186.38415847332047
139.22935869010618,-549.8475224316429,33.88092123949485,-179.17265353064923,-18.5732410019767,186.3867863436523
139.23653383700452,-549.7096642765857,33.814467859973334,-179.17408720767816,-18.570098027195648,186.38913324470127
139.24605580914678,-549.5733915714185,33.9257922582296,-179.1757381937592,-18.565917439443147,186.39127201547524
139.2542672782896,-549.4351073902583,33.88911296242806,-179.17738707226863,-18.561806318256252,186.39337536736238
139.25881275038248,-549.294120955587,34.021092075447584,-179.17903293955575,-18.558245793547414,186.39545087575308
139.26173726524007,-549.1545992106179,33.95720534735879,-179.18067513562005,-18.5545962045,186.39750412068338
139.26470666221707,-549.0130880461843,34.071096397047775,-179.18215317972442,-18.551049879016787,186.39965832508054
139.2684659153054,-548.8731916010853,34.02203054073359,-179.18334953190788,-18.54725176576997,186.40176554046062
139.27356167468315,-548.7313410715168,34.15074246219719,-179.18465824659182,-18.543272384263844,186.4037173130367
139.27885226229657,-548.5911171548082,34.08766148453845,-179.18620819714084,-18.539163609928895,186.40567247042537
139.28246390497767,-548.4489461897094,34.202358284657485,-179.1877736762571,-18.53545959976333,186.40774748320334
139.28568839308755,-548.3084078019916,34.142901555633685,-179.18934915145238,-18.53205570910879,186.40990854547766
139.28755581311893,-548.1659280312643,34.261222604387676,-179.19093055668316,-18.529040265109586,186.41213078977174
139.28953592733865,-548.0208196962299,34.193859638022055,-179.19235490491312,-18.52598169571896,186.41451503666315
139.29233352988265,-547.8729827446545,34.30427444943421,-179.19382281192185,-18.522894219769643,186.4168968550176
139.29484239752202,-547.7267026397489,34.24160308538932,-179.19532135722875,-18.520118956767014,186.41927477527307
139.29602583650734,-547.5785476656691,34.35670949912222,-179.19700103858074,-18.517904005714627,186.42188594543794
139.29692735862963,-547.4321248107193,34.283982141336054,-179.19865205998235,-18.51593836338224,186.4245467333851
139.29817034239804,-547.2838641713104,34.38903256132767,-179.20028059651244,-18.513991961348818,186.42724154256115
139.30069771828204,-547.13734457077,34.31215604089273,-179.2017311965487,-18.51156539900311,186.42983979414132
139.3071438054655,-546.9889903456556,34.41305729823557,-179.2027300204006,-18.508458209372698,186.43212670503863
139.31428195722444,-546.8381124557167,34.33849133991369,-179.20355665387385,-18.505019988346508,186.43430237773663
139.32063566818462,-546.6888756516921,34.441703159369574,-179.20425627961745,-18.50167273382655,186.43651365293496
139.324276349318,-546.5378228771743,34.35789954176401,-179.20502214446978,-18.49889116341518,186.4389872932778
139.32526753479885,-546.3885552146844,34.45187370193622,-179.20631590389974,-18.496855789412695,186.44153202482406
139.32448094651122,-546.2375008257999,34.371920409296614,-179.20783563601157,-18.49553476866473,186.44436662793592
139.3245837682811,-546.0839707540563,34.469744894434776,-179.20951973055045,-18.49424455898852,186.44729039499313
139.32650745415285,-545.9321290845388,34.37880887794486,-179.21148286056294,-18.492812757617976,186.45015783892842
139.32999995375704,-545.782784621433,34.46565063923272,-179.21364887158492,-18.491443728383917,186.4528623192908
139.32964632278,-545.631796943085,34.386183220884256,-179.21596173667075,-18.491277504520376,186.45580400016163
139.32729649510506,-545.4826280020027,34.48449358031357,-179.21838023885664,-18.492158819016428,186.45903612435566
139.32458084786188,-545.3316776555356,34.38728957296035,-179.22087405846955,-18.49380754491885,186.46247836732073
139.32100932591035,-545.1825178773635,34.467863343384906,-179.2235826719115,-18.495686906985146,186.46595252650195
139.3181387573293,-545.0315709296956,34.38038142579263,-179.22644639317164,-18.49773373169422,186.46956611387796
139.31544920528665,-544.882413349162,34.47067728597813,-179.22925953685737,-18.50006687627492,186.47327873651915
139.31324477462513,-544.7314683276451,34.37119851110123,-179.2320330897497,-18.502607914855194,186.47694157380133
139.31199005347594,-544.5823125915708,34.449497514002104,-179.234936921791,-18.504803150334187,186.48056464596488
139.31176623026334,-544.4313693719427,34.358406288492226,-179.23793371069078,-18.506577512218485,186.48403444764395
139.31257310323485,-544.2822154036162,34.44509284076012,-179.24099600414112,-18.508206989589443,186.48738876669958
139.31357463991648,-544.1312739197663,34.338816792634276,-179.24394183444548,-18.509728769892956,186.49077630577
139.31377953192955,-543.9821216561375,34.410318522286225,-179.24679963992693,-18.511666219653403,186.4941851950387
139.31299906987806,-543.8354485131912,34.31604305090291,-179.24975213137785,-18.51407210483804,186.49772582210684
139.31162197025174,-543.6870905457478,34.39954535729738,-179.2527714347695,-18.516984704102473,186.5012407985594
139.30973446186067,-543.5405055933865,34.2817598989392,-179.25567527198137,-18.520100971381634,186.5048529512481
139.30859304961376,-543.3920933411416,34.341752218358806,-179.2584918528061,-18.522702491856233,186.50829315570758
139.30967220112544,-543.245426380952,34.25010296746103,-179.26124194198616,-18.524758885544845,186.51160420683945
139.31118011745622,-543.0969277426075,34.32794474070073,-179.26394082610312,-18.526413691684898,186.51481760237453
139.311109674163,-542.950174749266,34.216497753251296,-179.26692153861015,-18.528433862683883,186.51795652745372
139.31072456080514,-542.8015913719416,34.28282854357963,-179.27010627574765,-18.5307201722052,186.5210380507096
139.30904821282437,-542.6547551036315,34.18109862565196,-179.27327780007002,-18.533695617701092,186.52419562905217
139.3087819037569,-542.5060899284957,34.25714648550206,-179.27627503808415,-18.536843118071236,186.5274061743887
139.30797827886778,-542.3549066544856,34.14154522211639,-179.27914180192732,-18.540444660904388,186.53077181948044
139.30584662014607,-542.2053699228198,34.20372173650849,-179.28207211425504,-18.54454130017234,186.53412910159707
139.30183522713742,-542.0582892442511,34.10098266464188,-179.28488464630493,-18.549162702035353,186.53771548883674
139.29586227152748,-541.9095249237304,34.17602137055305,-179.28760830612256,-18.554493710777532,186.5415858097113
139.28834817432156,-541.7625396340443,34.066187459409285,-179.28994437193896,-18.560836359223327,186.5456609082996
139.2806327159567,-541.6137339413119,34.134131326043295,-179.29183412565146,-18.56808057220871,186.55000166601252
139.27627560521233,-541.4666805156003,34.02665929941364,-179.29403668181783,-18.574493271000474,186.55441427085444
139.27717124290044,-541.3178023031251,34.096965050561764,-179.29630489084488,-18.578967825873544,186.5585183079422
139.28198113676123,-541.1706765123191,33.985367688149445,-179.2986192291173,-18.58201709782413,186.56227152508836
139.2854521411439,-541.0259936615383,34.0515481035149,-179.3009653383134,-18.585010451834272,186.56600413808437
139.28449578001306,-540.8795904437516,33.94881812165627,-179.30349443853427,-18.58911569415119,186.56995654571426
139.27896976958226,-540.7349253316609,34.023865917575414,-179.30599370630645,-18.59419800545546,186.57406662282443
139.27260842143983,-540.5883986334148,33.90634739331149,-179.30846887537822,-18.59999231640708,186.57828867081827
139.2669918115953,-540.4435835532015,33.96660664682535,-179.3107641719194,-18.605972943268124,186.58235085563967
139.26283603008372,-540.2969037221801,33.87004047062076,-179.31292552167457,-18.611921330127764,186.58629219663703
139.26026529646467,-540.1519370541494,33.95125207219394,-179.31498672258687,-18.61784078686472,186.59026052652698
139.25886946730222,-540.0051081002176,33.83701207929989,-179.3168126488358,-18.623568433105717,186.59424512086713
139.25896224860145,-539.8599949231173,33.90054986418361,-179.31846441728604,-18.628654327075246,186.59811898949803
139.25770698799232,-539.7130220665684,33.80395157464872,-179.32014700177865,-18.63309974858439,186.6019082158367
139.2553786382635,-539.5677675547565,33.88513106289162,-179.32201068907165,-18.63707153880346,186.60551289184875
139.25245811835129,-539.4249225538377,33.775081065105226,-179.324005528474,-18.641188468929624,186.60909813790929
139.24781625624118,-539.2803243617773,33.84280884509661,-179.3260947728993,-18.646233064383093,186.61278505956443
139.23960903217485,-539.137432039109,33.74514544999526,-179.3279313905686,-18.652284130325075,186.6167814882808
139.23244812734845,-538.992646470019,33.825259832671684,-179.32958111606783,-18.658571895900018,186.62088222534987
139.23217433034975,-538.8495414241831,33.72057055452729,-179.3307723208863,-18.66354142985862,186.624698476778
139.23533696002949,-538.7045410880944,33.79365905416068,-179.33194621835685,-18.667043843268385,186.62818182429038
139.23831878431167,-538.5612239209572,33.69971431013173,-179.3331063803078,-18.669797921685976,186.63141794595566
139.23916692823568,-538.416015009543,33.78354734388056,-179.33409543828935,-18.6724967730396,186.6345907810027
139.2346464958189,-538.2724929426801,33.680677372298554,-179.33495814086402,-18.676142947789558,186.63795260778738
139.22788286095056,-538.1270827807895,33.75558517849432,-179.33588741596023,-18.680480585319266,186.64145004022257
139.2220005572878,-537.983363055529,33.66044184258356,-179.33670468488324,-18.68515788432077,186.6449246968615
139.21925462374048,-537.8377587647984,33.743076284450574,-179.33727908948467,-18.689418777469143,186.64837956266618
139.21799635082672,-537.6938483775531,33.651358850334624,-179.33783488300173,-18.693039852197977,186.65181684420057
139.21828550547667,-537.5480568298457,33.73741919399645,-179.33821653435157,-18.69618850801939,186.65511906413096
139.21970314432875,-537.4039625298353,33.64131062673527,-179.3384701421998,-18.69849192450352,186.65819841468956
139.22214765137983,-537.2579903538535,33.72297983725186,-179.338789626051,-18.69984278465899,186.66111159050837
139.22476276574818,-537.1137186514026,33.63509979866639,-179.3391571349854,-18.700493902742195,186.6639003153617
139.226553475509,-536.9675722412036,33.7249975378587,-179.33955953563952,-18.701292631200776,186.66659529730717
139.22815383647614,-536.823129416178,33.636214233440754,-179.34014716586532,-18.70219889728711,186.6693400278029
139.22804892255078,-536.6768149394761,33.725208706800586,-179.34055010877236,-18.703348552063947,186.6721188008084
139.22801511242278,-536.5322070494411,33.63694065921499,-179.34097725614083,-18.704179669965125,186.6747991794117
139.23046178168715,-536.38573045562,33.72645038940718,-179.34142177376114,-18.7042822331638,186.67740501956132
139.2362461942005,-536.2409633437093,33.64602078407825,-179.34203863443935,-18.703519765080014,186.67971565965365
139.2417945548301,-536.0943303715501,33.74336895652711,-179.34262133170608,-18.702123618471834,186.68180776580166
139.2447510172873,-535.9494096740564,33.65871782775173,-179.3433384578513,-18.700758237520528,186.68397597629615
139.24550260819956,-535.80689252586,33.751844476754144,-179.3441535277286,-18.69958196505622,186.68619806934652
139.24457053550984,-535.6626163314087,33.67193934121808,-179.34471969850284,-18.698710751057895,186.68857858996626
139.2437256529113,-535.5200402558052,33.76981198345979,-179.3452628400053,-18.698064021013742,186.6910731747852
139.24537600221686,-535.3755652859353,33.692950455585844,-179.34610861058263,-18.697417154073793,186.69352830038596
139.24750192626868,-535.2327652923393,33.79386670548968,-179.34717555735216,-18.696441872847544,186.69583319578172
139.24928206323878,-535.0880645605737,33.71210722226533,-179.34840375159885,-18.695226621394653,186.69802587356457
139.2505570586223,-534.9450416471369,33.80812551681876,-179.34974910226722,-18.69383647199907,186.7003743093844
139.2517128924208,-534.800121734357,33.73469891632488,-179.35117917177757,-18.692482855356086,186.70283488026612
139.25323912204385,-534.6568835049126,33.83905009360877,-179.3525100972658,-18.690993677057584,186.70525460746362
139.25522839112162,-534.5117521113983,33.75896142602036,-179.35376713409292,-18.689241077259076,186.70764223175738
139.25728197626344,-534.3683061760001,33.856650536209735,-179.35480886853586,-18.68762574844927,186.7098850804779
139.25808721807383,-534.2229707855286,33.786894077995115,-179.35601178857752,-18.686112520879014,186.71213887791254
139.25863133888998,-534.0793244962625,33.89491539755828,-179.35733184212933,-18.68467551264227,186.71439870102867
139.25870305245567,-533.9337923300182,33.811060479831134,-179.35889662020764,-18.683295675924082,186.71678182313514
139.25909170908943,-533.7899527791869,33.904983339881774,-179.3604794720249,-18.681958991507702,186.71913235728155
139.26035956010912,-533.644230802828,33.84364889849105,-179.362234170938,-18.68049158472102,186.72133779311577
139.26096388501375,-533.5002048316938,33.954023132067206,-179.3641133313223,-18.67909317477992,186.72355397424477
139.26142690985225,-533.3542997643052,33.870715089569785,-179.3657620930874,-18.677746605556642,186.7257760653178
139.26185508943536,-533.2100939719575,33.96518482485014,-179.36740043029906,-18.676275694254635,186.72800051515776
139.26227021030223,-533.0640122947758,33.900803569310185,-179.36902966653847,-18.675043795127156,186.73022471747137
139.2622643710402,-532.9153663800361,34.014200091548,-179.37065078052154,-18.673822933282448,186.73244676119694
139.261763756133,-532.7683216930167,33.92974021078958,-179.3721044971931,-18.6729419173223,186.73478613569685
139.25993930595322,-532.61942188709,34.02305810780894,-179.37343416364365,-18.672476238136127,186.7372094733206
139.25787603645483,-532.4722687435107,33.95708520229812,-179.37467167800637,-18.672315553187925,186.73969222982396
139.25702634737002,-532.3232911104427,34.06889007456506,-179.37600051415856,-18.67171911795641,186.74221635327768
139.2597203477238,-532.1760673724808,33.98098677488474,-179.37755513843538,-18.670472996015114,186.74452856882974
139.26390610462693,-532.027021595591,34.070861252982205,-179.379273958782,-18.668751544817262,186.74668332995117
139.26750934874178,-531.8797311730758,34.01200440002731,-179.38111166173948,-18.66668304901011,186.7486015980358
139.26971106638263,-531.7306199518891,34.121690522265084,-179.38303491176453,-18.664692559152414,186.7504638438774
139.2687247209667,-531.5832652638918,34.03564162817338,-179.38485918675022,-18.66325526520419,186.75252335141113
139.26793612429645,-531.4340909269837,34.12737051185945,-179.3867692584626,-18.661894259184198,186.75460479795683
139.2680214040835,-531.2866742508628,34.05552417701523,-179.38858054993307,-18.66026151853915,186.7565813718255
139.26992291296062,-531.1374390329598,34.16145561994879,-179.39031779252258,-18.658265623827415,186.7584792821098
139.2725712906406,-530.9899625631328,34.07065438462409,-179.39215918838374,-18.656170523595407,186.76031781873417
139.27451004293192,-530.8449352860474,34.157630927077165,-179.3940753265145,-18.65400453495985,186.76211118041982
139.2750472967796,-530.6981937910066,34.08545324563035,-179.39604457240904,-18.651953820151586,186.76398893082893
139.27447349888382,-530.5531964425264,34.1910533419613,-179.39805101355623,-18.649989462340947,186.76604778607933
139.27245365132055,-530.4106101078702,34.089739810564,-179.39992294771878,-18.648584401313286,186.7682376214531
139.269762653878,-530.2662672038493,34.16620405694447,-179.40169457948446,-18.647590740202947,186.77052156239702
139.2673863650899,-530.1236258628127,34.09364235549105,-179.4033910813753,-18.646899655619627,186.77287248392267
139.26633881413989,-529.9790868445566,34.18760730602715,-179.40503098002293,-18.646100408120198,186.77514954594466
139.2655719092599,-529.8362239568941,34.09047262875289,-179.40662791193782,-18.645222551591175,186.7773704202755
139.2661058184633,-529.6957281230858,34.17111572925642,-179.40835191542035,-18.644287828757367,186.77954811618898
139.26606918599697,-529.5534371963515,34.07916981535243,-179.41016757227163,-18.643148679275903,186.78157310108892
139.2650976328584,-529.4128109442122,34.165001679226215,-179.4120488276761,-18.641695296163473,186.7836034090368
139.26436357989672,-529.2702509781335,34.061026189058154,-179.4138165164592,-18.64034165583999,186.78563581583498
139.26286613350138,-529.1293317887844,34.13482847666786,-179.4153393517744,-18.639227696797576,186.78766795520625
139.26123730543475,-528.9864782721409,34.03833752848797,-179.41684127424844,-18.638455827547098,186.78981898100722
139.25960536658857,-528.8452695844974,34.11962435808585,-179.4183265255967,-18.63793551025004,186.79205527816703
139.25881734871675,-528.7021314973227,34.00850195120825,-179.41979823122938,-18.637434793556416,186.79435211983696
139.2582093224051,-528.560643271926,34.07515732210843,-179.42109869515446,-18.63678356238682,186.79669131917728
139.2572352752241,-528.4172306292015,33.97399821286601,-179.42259242585936,-18.635693643918106,186.79905950152093
139.25579121031805,-528.275472749486,34.05061688140136,-179.42406655777555,-18.634611879135345,186.80144683301603
139.25221856856788,-528.1317952677724,33.93154701261685,-179.42552500690715,-18.634198388624313,186.80408430737197
139.2474496890204,-527.9897772787326,33.990254921610116,-179.42697065893086,-18.634440666793,186.8069028754042
139.24168805264486,-527.8501109996273,33.884864891417756,-179.42840564138476,-18.635163626635112,186.80985174007193
139.23580980817658,-527.7086347607005,33.957252639003165,-179.42983152394748,-18.636238443740094,186.81289353439266
139.2336896215666,-527.5688086363186,33.829739769517474,-179.43108946580554,-18.637074334111535,186.81588166219728
139.23235120029346,-527.4270345063925,33.880004677809566,-179.43222313297628,-18.637734268531382,186.81882777844316
139.23200950074576,-527.2868871185386,33.77611582618964,-179.43326465767217,-18.637933915311685,186.82150046744263
139.2302293386034,-527.1447916197266,33.84409510247,-179.43455768542012,-18.638126507025852,186.8240911562934
139.22736369069258,-527.0043274124838,33.714921078241154,-179.43603399938158,-18.638479087165553,186.8267385199784
139.22267903484277,-526.8619205100579,33.76352483179008,-179.43764341095385,-18.639114012079407,186.82942509199628
139.21728653695507,-526.7211504112075,33.65157088887907,-179.4393489968527,-18.63995542544994,186.83213802872763
139.21265049729635,-526.5784430700337,33.71739472374585,-179.44112359451464,-18.64094751576571,186.83498699919397
139.2086423507364,-526.4373778959142,33.58118584423017,-179.4429472233827,-18.642049220649927,186.83793319531446
139.20358478754727,-526.294380748793,33.622754742492276,-179.44480518746516,-18.643230330257776,186.84082896029588
139.19838927081986,-526.1530309442749,33.50929594668411,-179.44668667918123,-18.64446862012108,186.84380427953977
139.19365072184496,-526.0097542499418,33.56399529304448,-179.44858375205817,-18.64574774146962,186.8467161827368
139.18866029245038,-525.8681298906317,33.42527594494718,-179.45033056483277,-18.647055668910575,186.84969810358552
139.1820460175233,-525.7245835447696,33.46433437462766,-179.45228741192096,-18.648879558217132,186.85272872011583
139.17396726539977,-525.5826943496273,33.34236290987867,-179.45439654475283,-18.651576198323525,186.8560305751535
139.16529984897826,-525.4431545642932,33.39816922290746,-179.45661547901196,-18.65474512533637,186.85952840344768
139.16074819184183,-525.30180256009,33.25294802369706,-179.45875118415398,-18.657430912589934,186.86280950294923
139.15913953235278,-525.1620984517281,33.285504602264425,-179.46082395620556,-18.65909867665358,186.86580964035886
139.15773168443928,-525.0247108254091,33.168004835443625,-179.46284873486007,-18.660349074587675,186.8687201832234
139.15556091045568,-524.8854737861841,33.21913959339609,-179.4648365185535,-18.6616229592286,186.87156243627228
139.15080264671022,-524.7478471244913,33.08289637882774,-179.46695718346777,-18.663243601779293,186.8743520836759
139.14395189143016,-524.6124998952713,33.12443094203717,-179.46917340957515,-18.66544775955933,186.87721978503083
139.13719073747382,-524.4752668242502,32.99761941484426,-179.47129596613428,-18.667912535922863,186.8800230657711
139.1321863290829,-524.3396083441012,33.04858566542913,-179.4733479449744,-18.6699049083353,186.88277661292216
139.12842755472445,-524.201927480511,32.91010640365516,-179.47518634283938,-18.6715490801859,186.885491241177
139.12456069863003,-524.0658002680702,32.94940491965898,-179.47686648052454,-18.673267110138397,186.88817491590507
139.11990411036396,-523.9276531506586,32.828811134854654,-179.47842906728872,-18.675037775561215,186.89095261700263
139.11433446936334,-523.7910668112559,32.88599512782811,-179.48022583885597,-18.67701079973745,186.8937968017035
139.10907209715447,-523.6524685220598,32.74650286912487,-179.48187097103744,-18.678799799866923,186.89656810177152
139.1047673546643,-523.5154390185737,32.784788388199395,-179.48324343866292,-18.680121592139766,186.89916437861982
139.10030469445547,-523.3764054696123,32.67325662213715,-179.48425473230947,-18.681430257057947,186.90186821952759
139.09423125298144,-523.2389484775858,32.72726817922992,-179.48532026611042,-18.683224131991675,186.90464853733147
139.08668825531092,-523.099495074166,32.60492583674701,-179.48642462888347,-18.686033566381305,186.9074824667989
139.07936929125682,-522.9616257257608,32.66036127204187,-179.48755648458027,-18.688262580430248,186.91023408132676
139.07343300363704,-522.826033996869,32.52367560092991,-179.4885474956605,-18.689404415994648,186.9128037745749
139.07073412295023,-522.688559540913,32.564767707595735,-179.48943433978985,-18.68958263903877,186.91511688582392
139.06954244106427,-522.5526637318069,32.4546403867078,-179.490244006516,-18.689382943369754,186.91723978084136
139.06373759174747,-522.4147497258,32.51164548371413,-179.49115635677606,-18.689732951485038,186.91958040804894
139.0579157779126,-522.2741268573874,32.38015472932919,-179.4919831973163,-18.69032043125715,186.92195951386068
139.05463914808198,-522.1349621861777,32.42644175272203,-179.49258659575932,-18.690585534706692,186.92412472255475
139.0543839337876,-521.9938017186214,32.31881085954348,-179.49302560031018,-18.689789104316617,186.92601203762146
139.0547366323148,-521.8542497073342,32.38748124959027,-179.49334365911386,-18.688214923715613,186.92769388641472
139.05438278613846,-521.7127374603505,32.2483335630928,-179.4935727416507,-18.686237125564908,186.92934267607518
139.054303330167,-521.5728457848511,32.286963654373096,-179.49357637129623,-18.68413043258722,186.93096575678078
139.05222654894368,-521.4352677941446,32.189343950922094,-179.49341466559514,-18.68242531157462,186.93268943040331
139.05019050578068,-521.2958425384867,32.24236112594434,-179.4932918577116,-18.68035663677731,186.9343644511217
139.04901290062145,-521.1537641001413,32.13591837203024,-179.4928776840568,-18.678353861359927,186.9360023041364
139.0467917312252,-521.0131756963814,32.207253395893915,-179.49241021032412,-18.67673008128819,186.93785144496573
139.04315966116852,-520.8748847790589,32.08377236884842,-179.49174406539987,-18.67588167449666,186.93997299762282
139.03929706708723,-520.7347534965146,32.138069119580706,-179.4909328203973,-18.675106628916655,186.9421733220179
139.03626463620571,-520.5962471191665,32.03291964652856,-179.49017588977728,-18.67389184826561,186.9444294565103
139.03549647698117,-520.4600355913356,32.105547951254195,-179.48945946253167,-18.671859675034167,186.9463654018434
139.0360152081303,-520.3219535973594,31.987575072565146,-179.48877337458487,-18.66939522028663,186.94818393206378
139.0334950509556,-520.1854613429575,32.04737997165387,-179.48827014531312,-18.667440838609295,186.95003563028578
139.02876029168485,-520.0512282596441,31.95377281935331,-179.48790145971802,-18.666192914411596,186.951910005755
139.02323750634895,-519.9150894366222,32.03730376973839,-179.4874717672063,-18.665133501631583,186.95379934509398
139.01804810652482,-519.7805056622526,31.91817882596864,-179.48699771823797,-18.664047938924792,186.9556979785247
139.01423118860055,-519.6481469779601,31.976831659976668,-179.48633156257833,-18.6627806089941,186.95760173994856
139.01156438544447,-519.5138490796375,31.896204492545348,-179.48584512081675,-18.66138110961471,186.95938668077943
139.0099886442203,-519.3810733530627,31.98139954896751,-179.48565090163973,-18.660049485527942,186.9610828998947
139.00824285925765,-519.2462237600599,31.877233418355722,-179.485511151664,-18.65843993143273,186.9625934375571
139.00566478337788,-519.1128772546497,31.95084506552171,-179.48525146999145,-18.656956881601637,186.9642064661206
139.00213558194946,-518.9774611837239,31.866819065400254,-179.48506406923605,-18.655567919830744,186.96589322087505
138.99887701516494,-518.8435571171482,31.959549687760124,-179.48476984106497,-18.654414523936683,186.96763254216532
138.99654025270348,-518.707593198167,31.859927693530043,-179.48423753432525,-18.65277534603754,186.96928797729626
138.99483352950605,-518.5731510177748,31.938083477077743,-179.4835311097967,-18.650781385048358,186.97088042441246
138.99327708755806,-518.4366585849992,31.855881322390353,-179.48253762682262,-18.648694355536247,186.97230615369818
138.9925941712565,-518.297430660791,31.95145694548074,-179.4814945174178,-18.646210264244665,186.97372746703778
138.9937401171161,-518.1596357687737,31.859814883756084,-179.48041594250543,-18.643271869062623,186.974906056405
138.99523553751126,-518.0240872327701,31.9459505998092,-179.47931231828747,-18.64000292960107,186.97590560055747
138.9951351401679,-517.8866491027035,31.871079277171226,-179.47835130557803,-18.636990496725176,186.97689206751323
138.99307256270575,-517.7507877294519,31.97398573231103,-179.47749572887506,-18.634497735285763,186.97810806766523
138.99105755032147,-517.6129072915382,31.8866497942637,-179.47671823242277,-18.63238828202105,186.9794913112721
138.9894931533512,-517.4765840069206,31.97709163399415,-179.47599868592894,-18.630067574265134,186.98087508164048
138.9896837953317,-517.3382443063431,31.90478394896631,-179.4751622756682,-18.627428676067,186.98237889717137
138.99145651152753,-517.2014688205376,32.010254041716244,-179.4742409087875,-18.6243934505652,186.98384852020766
138.9918759861583,-517.0626847623734,31.931216914377426,-179.4737380593783,-18.621566283018932,186.9851726513052
138.99078684661464,-516.9254728074536,32.02995756481639,-179.47354256975876,-18.61922309323343,186.98650802242
138.9889990297763,-516.7905267320971,31.96508936098557,-179.47341265108687,-18.617402236641187,186.9879713381065
138.98792001531848,-516.6536863990584,32.07799893493252,-179.47317093325987,-18.615306487374305,186.98928717908714
138.98699810732015,-516.5184133881087,31.997974306681535,-179.47284744424604,-18.61301101303426,186.99049370231378
138.98940784330526,-516.3811110577325,32.095727456208316,-179.47246427724102,-18.61024044739553,186.99161898672236
138.99327096961972,-516.2410889410585,32.037542153411295,-179.47203768696866,-18.607123944196108,186.99280280685602
138.99695916509248,-516.1025142927843,32.15713462839204,-179.47173963215832,-18.603756523677248,186.99390938979238
139.00179369783905,-515.9619333109656,32.08403062341385,-179.47121610162435,-18.600208090386815,186.994839237377
139.0067887402413,-515.8229504364016,32.18870439621345,-179.4705276875869,-18.596530068560153,186.99575776361695
139.01174484397166,-515.6862638286157,32.138580431485025,-179.46971897090378,-18.592760284492993,186.9966671710697
139.01744400649235,-515.5477137948294,32.266234244534374,-179.46914275113983,-18.58826522570197,186.99733086082745
139.02485517045972,-515.4107615652126,32.19660845641178,-179.4690575413119,-18.583076961054598,186.9978137676624
139.03168022038443,-515.2718099948064,32.30476044606696,-179.46869248117915,-18.57755029057003,186.99828278221455
139.03829098012392,-515.1344347563547,32.25249788001331,-179.46812252198742,-18.57178036840084,186.9987411921908
139.04188841768783,-514.9950618987963,32.378013091737444,-179.4670810323384,-18.5666638571493,186.99942964022478
139.04360002726017,-514.8572717091685,32.314494607338986,-179.46585645723368,-18.56252706191404,187.0002861708806
139.04367635056468,-514.7174910691572,32.428753900718306,-179.4644987079727,-18.559441291130923,187.0015052007652
139.04383519779535,-514.5793003303938,32.38265416822175,-179.463044504552,-18.556963681186744,187.00298897983544
139.04729717953947,-514.439126284609,32.51433221350297,-179.4620008607061,-18.55427470262218,187.00418736717154
139.0517812177793,-514.3005491638488,32.45785371773981,-179.46141922156514,-18.551267777272503,187.00517540200275
139.05640589432997,-514.1642623027,32.57915299975443,-179.46117690288705,-18.54803036376961,187.00600830007718
139.06099292536518,-514.026105128832,32.540039235693406,-179.46118363460943,-18.544792136655246,187.0067266908428
139.0646840784115,-513.8852721277818,32.67870324941017,-179.46137299730842,-18.541556191316577,187.00747958212352
139.06814355946113,-513.7459069195323,32.61611070053117,-179.46185612106785,-18.538324795675937,187.00825710454527
139.0723306157143,-513.6045506861382,32.73129592942995,-179.4627142401616,-18.534768942165535,187.00905199867273
139.07701430443032,-513.4648066474789,32.69856458112245,-179.4638465930613,-18.531308980309316,187.0100989254785
139.08132004051052,-513.3273725185386,32.829222420315396,-179.46517904421614,-18.52775708118781,187.01120885675786
139.0854889489282,-513.1880883235981,32.77562673589672,-179.46665704969038,-18.52397558531543,187.01224489360115
139.09080320067142,-513.05041504623,32.89980882925582,-179.46808048121622,-18.519698413155403,187.0129875980475
139.09668160727716,-512.9107553056547,32.854454012337726,-179.46946262657409,-18.51506154698191,187.01363364299874
139.1021785741837,-512.7726845443038,32.98687697319741,-179.4711350446129,-18.510495693524035,187.0142082300581
139.10505529628776,-512.6326285851815,32.92274321755644,-179.47285706491283,-18.506481974594013,187.01496812614158
139.1065457227169,-512.4941674934789,33.03638723969324,-179.4746139295195,-18.502711388734582,187.01598412893512
139.10979280394633,-512.3537279330092,32.986447214604866,-179.4760747849604,-18.498791785425457,187.01694704020244
139.11540014653607,-512.2148900414236,33.11428496729427,-179.47715726847485,-18.49460105341172,187.01787016176274
139.12345312585887,-512.0740804002953,33.04916040313517,-179.47812131703571,-18.49004988544306,187.01864417254095
139.12859359015565,-511.93487903526557,33.16181361675384,-179.4791576563652,-18.48589977659009,187.01942725851382
139.1330784426217,-511.79371241153603,33.104928952430456,-179.48024608773449,-18.482047466740948,187.020216303553
139.1365470548198,-511.65416043915957,33.22582206588484,-179.48153175243843,-18.47825163377003,187.02100901720084
139.1409950875909,-511.5126494695497,33.14968951508097,-179.48264091210805,-18.474169924583556,187.02180371652727
139.14763085467715,-511.37275930094984,33.25133474205489,-179.48361964883279,-18.469716867691627,187.02236094339642
139.15419912660568,-511.23091617494987,33.19650801815113,-179.4846618720764,-18.46549144742182,187.02286263959522
139.15942670630187,-511.09069978192855,33.316646749686505,-179.48574972567988,-18.461767383270697,187.02344227846137
139.16349046641815,-510.948536257537,33.23095138727974,-179.48703007456626,-18.458414290552522,187.02407856004902
139.16685300025236,-510.8080051881072,33.323033802650755,-179.48845044857222,-18.455170890745368,187.0247558140488
139.17002746612673,-510.6697992737683,33.262986620785824,-179.48981224511118,-18.451845482095017,187.0255816235917
139.17311917045004,-510.52975731900705,33.36687689356608,-179.49128987435523,-18.448297556211784,187.0263965287022
139.17656101822385,-510.39133986396246,33.28635876219291,-179.49253113413477,-18.444920271403003,187.02732182397995
139.18002394396387,-510.2552159126662,33.38361840859751,-179.49391795296498,-18.441836458746426,187.0283272495623
139.18344183479772,-510.11721998053804,33.30869676489451,-179.49541028237115,-18.439301266834942,187.0293905436564
139.18598077531402,-509.9808122610561,33.41155289896929,-179.4969786596847,-18.43717065030711,187.03049532950885
139.18748470527947,-509.8423955383359,33.31990919146232,-179.49844141135046,-18.435338616275317,187.03162956061885
139.18834957724195,-509.7055456083579,33.406043261733124,-179.49982540398415,-18.433727171215313,187.0327843767123
139.18907433720253,-509.5666886803769,33.32203567098177,-179.50131040977865,-18.43194825713023,187.03407415084598
139.18976076706554,-509.42940520688217,33.41580585800819,-179.50270817188593,-18.430213447017053,187.03558085885436
139.1912528794621,-509.29438890035215,33.31511591271158,-179.50420071283403,-18.42884141075893,187.0371262012971
139.1928849072113,-509.1574795924635,33.39220374519276,-179.50560143156235,-18.4279019615823,187.03869850202062
139.19287726252526,-509.02213883890425,33.307558957269656,-179.50709356891284,-18.42777657799803,187.0404082856605
139.1933631254099,-508.884769975817,33.40069194712433,-179.50865142024193,-18.4275869539669,187.04209825918696
139.19311944642544,-508.7489491813214,33.28607704751125,-179.51041785484307,-18.42718683327388,187.0438913142093
139.19355465805717,-508.6111030073992,33.349239925675946,-179.5121739025685,-18.426467370691643,187.04575836850194
139.19453012480227,-508.4748122365097,33.25492253042262,-179.5139207723204,-18.425514363579612,187.0475589182112
139.19477843593185,-508.3407709038571,33.33838291294707,-179.5154993587853,-18.424719826485383,187.04942820851514
139.19446711773566,-508.2048191578052,33.21632425719714,-179.5169531343184,-18.424372873659408,187.05134624699713
139.19158252353307,-508.07041886501736,33.27204337922499,-179.51831408958998,-18.42501579103266,187.05353655144214
139.18863496613562,-507.9339736670464,33.17339672981565,-179.5196057669317,-18.42621870840324,187.0559245706561
139.18571673691554,-507.7990600419655,33.24591875470178,-179.5208454923006,-18.42783122317864,187.05845545801685
139.18407965481316,-507.6621048363527,33.120200726497494,-179.52204601757796,-18.429246676037774,187.06085064345206
139.18354341841314,-507.52668912200215,33.17226047607098,-179.52321672898796,-18.43051635864466,187.06314418508813
139.1832349776268,-507.3935072182859,33.06640182655436,-179.52436453626285,-18.431843347793137,187.06536114923452
139.1821551493433,-507.2583995526605,33.1357381626732,-179.52549452689888,-18.43321118219287,187.06763909703145
139.18011329000703,-507.1248282658978,33.0032106706274,-179.5266104475636,-18.43510375392406,187.0700788524407
139.1762653975708,-506.9891972687637,33.04846095635939,-179.5277150583199,-18.437710117412333,187.07287332031643
139.17128791298478,-506.8550833037369,32.93614227697425,-179.52881039326712,-18.441168278088256,187.07592542669613
139.16533396752735,-506.71891347707856,32.9934559802774,-179.5297379523233,-18.44524801611452,187.0791637549953
139.159269408231,-506.5842691156286,32.859907027644944,-179.5307016512291,-18.4496146177639,187.08241665641026
139.15367964434358,-506.44757812258314,32.904135852790255,-179.53169099607004,-18.453857037979876,187.08555824219775
139.14949811617987,-506.3124218528975,32.77785802873668,-179.53269826851243,-18.457839287437835,187.0886154040044
139.14647903911703,-506.1794947503859,32.82935798246088,-179.5337177925093,-18.46146187189595,187.0914888263035
139.1445567235926,-506.04463733343385,32.68775083490679,-179.53458539473587,-18.464486815279102,187.0942249521439
139.14288109997435,-505.9113118257459,32.723921465130466,-179.53550081646227,-18.46740146636872,187.09685796180273
139.14004664582885,-505.78018888490897,32.59870906198807,-179.53661049211365,-18.47039797897545,187.0995321235865
139.13496562670352,-505.64710465037854,32.65127443662345,-179.537701634265,-18.473947859794624,187.1022340865625
139.12704178018757,-505.5155209106672,32.502742478703354,-179.53877821527888,-18.478065721853312,187.10507314644576
139.11866206289946,-505.3818420164401,32.53198829856103,-179.53984316116436,-18.482596443165814,187.1080102204522
139.1103103496584,-505.2496453022499,32.40514632494455,-179.5407386280038,-18.48742590062328,187.11089744963874
139.1029043504817,-505.11962515511334,32.45283442837656,-179.54166901423892,-18.49230480506931,187.11374555953142
139.09990304610616,-504.98762283014673,32.300352355598065,-179.5424641810209,-18.496388967169672,187.11644333917758
139.09782536590868,-504.8571014360137,32.32564806059734,-179.5431594800557,-18.499886687850232,187.1190284786166
139.0934961819985,-504.7244658656528,32.19897568382038,-179.54378092469892,-18.503777909071218,187.12164782844644
139.08549115685022,-504.5932938326025,32.23746393305649,-179.54434765705977,-18.50795423849188,187.12440904869638
139.07686481270093,-504.46001339815115,32.08687076170001,-179.54487376331812,-18.51233593496615,187.12727185283637
139.070292001646,-504.3282068273762,32.11405536812131,-179.5452096094513,-18.517029672438422,187.1303257182254
139.06586604385603,-504.1943029450098,31.98798570306606,-179.54540563296277,-18.52145206776481,187.13339786953895
139.06111107034098,-504.0576173444299,32.02524403457312,-179.5456589456419,-18.52550621449948,187.13636158861817
139.05553658663757,-503.9223193731933,31.882078547754002,-179.54611404521046,-18.529121375247573,187.13924315630862
139.0498774824425,-503.7892231656386,31.91669083871266,-179.54671671729832,-18.532742066129288,187.14194280714267
139.04510327251984,-503.65419356799424,31.77977610895951,-179.54694707352516,-18.536528927383763,187.14462576370352
139.04057394132616,-503.5206977132762,31.82063915698414,-179.5469041933595,-18.540434280812704,187.14729409294705
139.0382131141441,-503.3851405481884,31.67143134700067,-179.546660977955,-18.543761723744318,187.14983021253192
139.03590889730654,-503.25109904515233,31.70000131479498,-179.54627106623354,-18.546662407917506,187.1523862351497
139.03241499584402,-503.11500037590304,31.569387706850318,-179.54577392380114,-18.549247557281916,187.15495458130482
139.02708840405506,-502.9804258989294,31.616551876683435,-179.54535858741843,-18.551929683209345,187.1575296817463
139.02106036350625,-502.8438035418612,31.4652964842059,-179.54516361132676,-18.554845874504384,187.16022655746406
139.01538843200439,-502.70871468229683,31.491818869506144,-179.5451304060939,-18.5577657882323,187.1628912267171
139.00986838978218,-502.57158711934704,31.370029677276978,-179.54521586233994,-18.56101650293212,187.16564902041227
139.00569101046085,-502.43600207439323,31.417247828470032,-179.54522826104275,-18.563845582153824,187.1683535428817
139.00225224200335,-502.29838718701126,31.2743152571179,-179.54502707319276,-18.56636294728783,187.1708974846545
138.99859943598113,-502.16232352065305,31.309160463543552,-179.5446694340377,-18.568649484432953,187.17332140596818
138.99454510679828,-502.02423855953225,31.188202918483373,-179.54419738182708,-18.57059938190877,187.1757742687929
138.98923435677617,-501.8877132144616,31.235341825107135,-179.543641846311,-18.57213534371823,187.1782461750699
138.9829265199198,-501.7491748197308,31.09853284204465,-179.5431855835136,-18.573862387406304,187.18084896040628
138.97774097715413,-501.6122041389042,31.139501636759945,-179.54296252627682,-18.575728022655422,187.1834262990215
138.97326608759258,-501.47322836165233,31.02280829163817,-179.54291068472426,-18.577693633373524,187.1859826857402
138.96776319376787,-501.33582810950304,31.08389272429417,-179.54298444742153,-18.579896145559356,187.18852143539104
138.96090096246934,-501.1964304326271,30.95094387839515,-179.54331025433515,-18.58227042769958,187.19116410563686
138.9538644598545,-501.0586158155436,30.995772810273905,-179.54366060406795,-18.584603230666676,187.19364241305655
138.94812517768025,-500.92307784052815,30.88308864303354,-179.54370864044617,-18.586738208637513,187.19587887368607
138.94437140938507,-500.78565617845993,30.948182253570952,-179.54353493766536,-18.588230217186226,187.19817421425998
138.94558901968142,-500.6498122203973,30.82283402829522,-179.5428787805704,-18.588259166373337,187.20015335982373
138.94737114412746,-500.5119491394281,30.875263580797263,-179.5421894068958,-18.587215179629332,187.2017779809173
138.9480088256335,-500.3713762865848,30.775510621294945,-179.54163628717274,-18.58604663452406,187.20314117329178
138.9438876604146,-500.2322607377182,30.853535439570404,-179.54134357867613,-18.58594334088284,187.2046705506568
138.93764133797825,-500.09541518189747,30.73883317885822,-179.54124209859756,-18.58629065679849,187.20632043756834
138.93023570957308,-499.95670320592427,30.80190869592381,-179.54112094289675,-18.58663744433059,187.20793812047006
138.9239373222448,-499.81959073846775,30.69847288769392,-179.54098546610024,-18.586652869459172,187.20941163804648
138.9245241824183,-499.6804815500295,30.772814857241805,-179.5406796075907,-18.585765726225056,187.21053812459093
138.9285348567475,-499.54295145918604,30.689000802865312,-179.54040907436587,-18.584382821430058,187.21129000927942
138.9327625865396,-499.4034265047091,30.7829645262666,-179.54000468682378,-18.582637587405788,187.2118856287094
138.93450782193392,-499.2654869324135,30.67405630641181,-179.53950249890462,-18.580462863265854,187.21236612417698
138.93121084843415,-499.125559577138,30.7429258643348,-179.53908903709822,-18.578634668351445,187.2128808794095
138.93065187900092,-498.98722474320823,30.676986409799856,-179.53858100862942,-18.57656799770901,187.21354118979832
138.93064846016847,-498.8469091756301,30.763344813828347,-179.53816408285576,-18.574328281906592,187.21418676480363
138.93116686674625,-498.70819306050566,30.68694644481828,-179.53765433632586,-18.571798323845346,187.21470184890546
138.93096093217918,-498.57176968728703,30.78832585358599,-179.53691697434942,-18.568892436979237,187.21523989293667
138.93102372489702,-498.4334784393132,30.699098879204808,-179.53585334981173,-18.56538278533344,187.21555607376584
138.93524781446425,-498.29678042524836,30.7876496826014,-179.53471141150646,-18.560606825872895,187.21547105164166
138.941067198572,-498.158078540832,30.721384194307486,-179.53351305816128,-18.555071819312165,187.2152110007047
138.94588909923607,-498.02094853136816,30.832896483791348,-179.53227439898976,-18.54948109821713,187.21470371535028
138.94510070284645,-497.88181652369605,30.743859889042973,-179.53116728324267,-18.544681155993466,187.21449202012118
138.942790793128,-497.74426288271366,30.83260107207238,-179.53015761677636,-18.540300051557452,187.2143781680464
138.9422645439043,-497.60898123351876,30.77638399797239,-179.52906031059726,-18.535899322480766,187.21433616881998
138.944157622324,-497.4718113216921,30.887724059730157,-179.52805971067872,-18.530992113760103,187.21422778790387
138.9493840869349,-497.3362146183073,30.81243714529358,-179.52697091810674,-18.52555251526383,187.21383260119836
138.95479045239847,-497.19859437639235,30.914928008634778,-179.52597841873788,-18.51972733279744,187.21334655263547
138.95892390750154,-497.0625266924342,30.850571874625864,-179.52505741660627,-18.513624566692936,187.2126751929759
138.9619226602821,-496.92443803823915,30.96399351839473,-179.52434966445057,-18.507488997268126,187.21198764638734
138.96382871255867,-496.78790911752316,30.89191121101224,-179.52347892472352,-18.50216149258125,187.21140795164783
138.96548911643535,-496.6493672214864,30.99760668140753,-179.52248943476837,-18.497431304261916,187.2109078635485
138.96707677599917,-496.5123931040181,30.93894274829287,-179.52157374085925,-18.492978019223948,187.21058570928585
138.96986108443107,-496.3734139519341,31.058056592955985,-179.5207129780007,-18.488235755067905,187.21039432619608
138.97325579025,-496.2360103853121,30.988847213448896,-179.52005326303507,-18.483285788237858,187.21029901208476
138.97631362861912,-496.09660945317455,31.097415611719583,-179.51938156960426,-18.478353239417387,187.21027423328127
138.97843927090813,-495.9587916389687,31.044819782568357,-179.51854168902645,-18.474099181625117,187.21030120239578
138.97829313151303,-495.81898385726237,31.170001731194912,-179.51757921776803,-18.47051179863823,187.21048520712208
138.97892671420803,-495.6807664593957,31.092898278307043,-179.51684770220717,-18.467251165960167,187.21078420773725
138.9805303414783,-495.54056623017783,31.193572603196948,-179.51644620439393,-18.463902381848737,187.21116727289262
138.98353717052024,-495.40196339350524,31.151256723877275,-179.51628707648254,-18.46049193004982,187.211492533764
138.98719254279231,-495.26565127568546,31.27191729821735,-179.51630582794618,-18.457204620126127,187.2118942268174
138.99133630286036,-495.1274692962008,31.209262158409715,-179.5164550076169,-18.454010536297528,187.21223250196607
138.99469747367775,-494.99087859920246,31.324384796379853,-179.51669970203534,-18.450887657457624,187.21252396996223
138.99703298999336,-494.85654878194765,31.26561736223592,-179.51717422309594,-18.447489104835064,187.21278085363056
139.00118349250988,-494.7203149424869,31.384627705869757,-179.51749686189763,-18.44372607904089,187.21289303600634
139.00605040734195,-494.5856378465239,31.322355894195844,-179.51802783358607,-18.439864451166013,187.21301811549435
139.01016827518174,-494.44892084018096,31.43786186029972,-179.51871111074996,-18.435933947656736,187.2131525416829
139.01407776839153,-494.31374027140765,31.374822832048668,-179.51966547123837,-18.43195642912979,187.21317459151743
139.0183006516608,-494.18078955823756,31.489561581575398,-179.52081777784431,-18.42778263516192,187.21299510131476
139.02293859860217,-494.04590900410875,31.432994198778445,-179.52195422066393,-18.42346861590978,187.21266797463161
139.0284149296992,-493.9125607830025,31.554204593759266,-179.52307801986885,-18.41905559946629,187.21223287197543
139.03439171869624,-493.78141553653427,31.486503923892116,-179.52387154815702,-18.414739241097095,187.21171897369692
139.03873915160753,-493.64830939516565,31.59658103180274,-179.5244221724144,-18.41066293541204,187.2112668598716
139.04228821647806,-493.5167041399386,31.540989642837364,-179.52479417760546,-18.406931625078194,187.2110986787465
139.04562713215114,-493.38300411445863,31.66317603164977,-179.52519486480992,-18.403125961388856,187.21078153109588
139.0501103089618,-493.2507866464016,31.592412257662378,-179.52577622932446,-18.39910382138433,187.21023631212444
139.05434791059648,-493.1164794493749,31.699426261452764,-179.5268113515424,-18.395257173984223,187.2097625477124
139.0584761290838,-492.98366445335637,31.65004985715699,-179.52817830930084,-18.39154264040283,187.20934160443446
139.0600579807232,-492.8487701552606,31.77319627091442,-179.52978739804877,-18.388424292096115,187.20919799304892
139.06151872821414,-492.71537849343343,31.700797624211553,-179.5315726192212,-18.385745918189325,187.20925788603904
139.06334514646662,-492.57991781805043,31.806176755286465,-179.53332363953058,-18.38322723961929,187.2094669623331
139.06562938981182,-492.44596989178393,31.74729534006823,-179.53488802274452,-18.380497243121603,187.2097852538711
139.06920648893686,-492.3099628858476,31.866191702627777,-179.53631414819233,-18.377780040140525,187.21006424255108
139.0729912849192,-492.17547838583954,31.78396160283807,-179.53779761694454,-18.3747439676965,187.21031416114525
139.0767637920635,-492.038944388795,31.87950928082614,-179.53932181881444,-18.371476756377373,187.2105425395266
139.08006774356076,-491.90394230919003,31.81947222355077,-179.5407145367912,-18.36837361407101,187.21087402986004
139.0828203277296,-491.76689997598294,31.937212944053176,-179.54216959527477,-18.36572421405606,187.2112808409669
139.0850128239023,-491.63139863857214,31.85292546081711,-179.5438308545225,-18.363738802299267,187.21174252569776
139.08665145364137,-491.493865963786,31.946415755358824,-179.54532007321126,-18.361913191186687,187.21224404069974
139.0881560051374,-491.35788304178834,31.88111288821155,-179.54684180507348,-18.360041056645297,187.21277431877613
139.0904336762524,-491.21987738301686,31.993406182089576,-179.54822602727904,-18.35813646904237,187.21332521841546
139.09406735552426,-491.0834299240376,31.902054404583374,-179.54934817864998,-18.35620977549441,187.2137716397346
139.09545477965563,-490.9449680244333,31.988480404854947,-179.55043714727432,-18.354599250203243,187.2145001579111
139.09637322050457,-490.8038058059429,31.92170604899161,-179.55150081391238,-18.353222013211763,187.2154348995446
139.09923991353833,-490.65984449744934,32.02618934119228,-179.55238498027904,-18.35152107851738,187.21628004083178
139.10245548626364,-490.5173708206759,31.934211210031517,-179.55313672718768,-18.34958427744948,187.21705872396166
139.10610576900407,-490.37295429587175,32.02001085664853,-179.55379069827427,-18.347641562641957,187.21778797894672
139.10938041194854,-490.23020312536977,31.944468679371465,-179.55437238578375,-18.345696237949646,187.2184803383989
139.1129440209008,-490.0898152645976,32.04670427987218,-179.55474054828113,-18.343585395185997,187.21914502569638
139.1169254072829,-489.9476300264579,31.94262535486026,-179.55495179851405,-18.341355048808044,187.21966971813615
139.12093372498907,-489.80710750289825,32.01632420762612,-179.55472779197507,-18.33887371564305,187.22009128128695
139.12571175510823,-489.66891606481187,31.943608441158144,-179.55434479625362,-18.336375864463704,187.22043684156975
139.12975444017053,-489.5288895664952,32.0391602653774,-179.55384554890566,-18.33403345371933,187.2209663592513
139.1327712269228,-489.3904875441085,31.936938953484464,-179.55326149414034,-18.33197244810348,187.22163030834287
139.13471681749036,-489.2501121345596,32.01249541936931,-179.55261576642877,-18.330284971586874,187.22239225029148
139.1368311648662,-489.11133849784727,31.928666713588704,-179.55208538587013,-18.328542249722176,187.22322537638686
139.13977230399664,-488.97059221853556,32.02261578558588,-179.55180006467302,-18.32659523035498,187.22410996363337
139.14242630527698,-488.8314531355653,31.908032792877968,-179.5515347072932,-18.324665456836495,187.22503150275756
139.14251935541355,-488.6903476921545,31.971227577947833,-179.5514442259193,-18.32340960118353,187.22609843189065
139.14127578083054,-488.5508558096285,31.8909909993131,-179.55164206737763,-18.322979734948085,187.22727103198213
139.13896123436436,-488.40940385716425,31.970940543988025,-179.5522111697205,-18.323321309722136,187.22852008179856
139.13564407818237,-488.2695716518141,31.861805904467555,-179.55305202417662,-18.324062970947796,187.22982408448013
139.13299491072294,-488.1277854539184,31.930449042724867,-179.55409141608962,-18.324601369650217,187.23128633792706
139.1321614625008,-487.98762497232815,31.827979352699916,-179.55527547823374,-18.324826675036746,187.23286334215445
139.1317030116119,-487.84551636084825,31.903287440452747,-179.556564579381,-18.325151067275726,187.23428487295038
139.1309154137134,-487.7050392236426,31.787115163221767,-179.55792956326286,-18.325218945968956,187.23571023742477
139.13007318780535,-487.5711529450209,31.848720663768564,-179.55934898116445,-18.32509865439202,187.23713714627272
139.12964268128604,-487.44048899852305,31.747099496482196,-179.56080705564236,-18.325004033765026,187.23844480818676
139.12971130807057,-487.3165945168002,31.823256106973606,-179.5624539599878,-18.324764767052997,187.2396638599831
139.12987878549046,-487.1958159828835,31.69993479286112,-179.5639160978767,-18.32458319478235,187.2410550696471
139.1296529844697,-487.0773783776771,31.754391256526418,-179.565401440686,-18.324609426499624,187.24245218067213
139.12852862804198,-486.96536007082017,31.650924597705757,-179.5669024801322,-18.32478802449096,187.24373326637433
139.1264192180465,-486.8562187728861,31.7188975665914,-179.5684136961882,-18.325408865662837,187.24504723920805
139.12332146450186,-486.7534717751962,31.58973282407656,-179.5699310317882,-18.326022799974957,187.2465032724068
139.12253587696443,-486.6534649281889,31.638345859339502,-179.57129150631107,-18.326302234648313,187.24770307784377
139.1226345620957,-486.55969509758665,31.535314374930394,-179.57253574006666,-18.326336121200196,187.24895391642835
139.12290869823883,-486.468506285634,31.597076812816276,-179.57385362460738,-18.326353464563844,187.25000106746467
139.12239269242582,-486.37913058495906,31.470173427656725,-179.57506434827093,-18.32668932750646,187.2511379168313
139.1200815525265,-486.2956552942826,31.521047820274955,-179.57651718887018,-18.327093139595487,187.25222042332967
139.11538914424403,-486.21881395640656,31.40691586419652,-179.57814629047508,-18.3282077554478,187.25326211616328
139.11069788542497,-486.1443922636737,31.470561685895863,-179.58006320206047,-18.330007969956874,187.25439206413802
139.106073576624,-486.07151294182165,31.338626732414387,-179.58186769259905,-18.332144023290233,187.25570483926248
139.1007070924407,-486.0042452667233,31.38446955671069,-179.583588137045,-18.33485512638066,187.25726963182996
139.09526849651158,-485.9390566167992,31.27549320028599,-179.5852454184058,-18.337985522756856,187.25901784626225
139.08989282715314,-485.8794775660423,31.336318848678427,-179.5868549070318,-18.34108995163473,187.2607799049826
139.08501686373972,-485.82186778161844,31.198572447167003,-179.58826791699573,-18.34367657818816,187.26255054990642
139.08113152188386,-485.7654711896175,31.238603823433355,-179.58969558659862,-18.345881183813397,187.26420680636176
139.07832267364589,-485.7101193209651,31.125325952553712,-179.59081273756377,-18.348299681108514,187.26565859460112
139.07576907219536,-485.66003029022545,31.189069672883978,-179.59138118183813,-18.350872882519504,187.2671973712259
139.0728921713229,-485.61170620439447,31.051229634287456,-179.59170673592214,-18.35372257965866,187.26891768264298
139.06834708204516,-485.56868905009924,31.091167373468714,-179.59185388115182,-18.35660717393434,187.27076959040872
139.0631223296894,-485.52734508163894,30.973688424618846,-179.5920300624259,-18.359514795359676,187.27283546713434
139.0578359523071,-485.4911904201192,31.03318572220425,-179.5923873801936,-18.362436718809047,187.2750564180957
139.05302310062007,-485.4565878196182,30.895851096051903,-179.59287721377422,-18.36536653314409,187.27703178265125
139.04960540351829,-485.42278775719467,30.936294247677335,-179.59314379020998,-18.368134196515882,187.27882529462963
139.04610467791457,-485.3938955810522,30.81910578694629,-179.59308640778266,-18.370615155702737,187.28060296492967
139.03976069026348,-485.36639589311557,30.87969510399303,-179.59295150652906,-18.373214326523584,187.28260566006975
139.03252760913838,-485.34383247615966,30.738695833562282,-179.59275987804838,-18.37639387550196,187.28477159325243
139.02521957980562,-485.3225772153299,30.775474340909312,-179.59236681993764,-18.379334875530102,187.28681708683683
139.01964494169295,-485.30615254943496,30.666122699249343,-179.5918263961498,-18.382098325439156,187.28889155094376
139.0140838211219,-485.29092759777524,30.722836070908418,-179.59101838457548,-18.384894448860962,187.29086630502132
139.0086044955517,-485.2804257882751,30.59696376080591,-179.58985486019023,-18.387877380749075,187.29288529418486
139.00404256827872,-485.2710179662753,30.648869228481182,-179.5884316606542,-18.390829320684137,187.29505403886552
139.00055033474192,-485.2662294085773,30.53075769844921,-179.58665751996278,-18.393425242573684,187.29744978759678
138.9973217072738,-485.2624328076715,30.590423946195017,-179.58494937721576,-18.395592443743734,187.2997716541885
138.99254727483228,-485.2631552608924,30.47146922097199,-179.58329115131042,-18.397939323318443,187.30191816555205
138.98671025110193,-485.2647712500485,30.530292273526747,-179.58167100506756,-18.40041588094139,187.3039341750715
138.97992239122908,-485.26654296343474,30.41648516952025,-179.5799202240405,-18.403150667748495,187.30585269123014
138.97180712480147,-485.27258729063215,30.480455843291526,-179.57807520042152,-18.406237725035705,187.30769800690982
138.96436490529658,-485.27940017682727,30.3706473019063,-179.57680270558944,-18.409415036624072,187.30948800195767
138.95798447340914,-485.2905365471071,30.438616538298852,-179.5759511963076,-18.412490377089654,187.31123583743548
138.9531391429654,-485.30237923027096,30.330348470387296,-179.57492916665979,-18.415157538429224,187.3128320911526
138.94661641084335,-485.31846141340674,30.399858180253517,-179.57394299721435,-18.418018997599635,187.31443487713076
138.93861718835362,-485.33516277215443,30.301556953516243,-179.57314400184572,-18.421516398326737,187.3161601398462
138.92879376784353,-485.35601710225575,30.38103350455675,-179.57312475546263,-18.425477047394768,187.31797368526878
138.91751321859886,-485.3774054317107,30.274218391155287,-179.57399734211018,-18.42977389133586,187.31949302596954
138.90651234475206,-485.40286303812866,30.3451810555316,-179.57536316401428,-18.434148125433694,187.320914377127
138.8998323073018,-485.4287724362034,30.255497324794,-179.57692947770929,-18.437583224105055,187.32250082808503
138.89534344210787,-485.45867037005917,30.343591371834176,-179.57912320421656,-18.439832347820403,187.32408783094039
138.893001097448,-485.48894079601183,30.25231145185531,-179.58113152791813,-18.44170397956915,187.32567382785126
138.88988759246342,-485.5231218743259,30.338809309654224,-179.5823621043856,-18.44362778686973,187.32725767729448
138.88461080304037,-485.55759895222064,30.248363115259902,-179.58382301681337,-18.445257479524045,187.3288385440619
138.87733195995696,-485.5959115560349,30.33569469864336,-179.5856115436899,-18.446670039488744,187.33041581831887
138.8705775607987,-485.63444637466756,30.256486370808776,-179.58876228691608,-18.447922113205532,187.33151083382435
138.86361344632456,-485.6767442521768,30.35505582075197,-179.59274918813801,-18.449055384052773,187.332491219565
138.85629576730423,-485.7191931716478,30.26636279970524,-179.5967039502002,-18.450100525443816,187.33350578313517
138.8486007823652,-485.7610685815454,30.355447556436285,-179.6006316282012,-18.45074944288574,187.33442539750163
138.84381622047263,-485.8065003948097,30.289686254363325,-179.60549773106575,-18.45077833039392,187.33503456501703
138.84050312362518,-485.8519973474032,30.40170273006814,-179.61185124229436,-18.449856503606235,187.3355346411372
138.83794210605302,-485.901126926759,30.31790414649157,-179.6192898720911,-18.448403639069838,187.33595427238876
138.8326914832525,-485.9502842996719,30.411883340692782,-179.62751764338904,-18.44722219384175,187.3365545377311
138.81999450381946,-486.0030147708815,30.36305536504252,-179.6364768048801,-18.44756350627996,187.33740584561528
138.80681016565632,-486.0557099172711,30.476059515223927,-179.6458043554803,-18.448359870951286,187.33820227242313
138.79577097744547,-486.1119152232813,30.410334811685,-179.65571554471558,-18.448333677158303,187.33883685628453
138.78942448767964,-486.1680231968635,30.52238788592385,-179.6662059256706,-18.446546963774864,187.33923308013286
138.78780635434615,-486.22758039055805,30.466163468453153,-179.67759350021478,-18.44264590199254,187.33933504332816
138.78879957241764,-486.28698039263134,30.587716828760232,-179.69011067221368,-18.43703245232818,187.3394593469662
138.78906893500198,-486.34550415635096,30.528677775967765,-179.70312331152644,-18.43132379683891,187.33972081199235
138.78836836222106,-486.4072870010936,30.647416500953078,-179.71568594896777,-18.426046398105147,187.34008262962308
138.78378421051326,-486.4688429726934,30.589648434858614,-179.72903097380345,-18.42092461201318,187.34063682865929
138.77848853984443,-486.5337447736241,30.70965814654193,-179.74389966492845,-18.41575616122395,187.3413316147715
138.7731258815884,-486.59839269258555,30.662161984411952,-179.75987249471797,-18.410558083835202,187.3421288804851
138.7678260947324,-486.6620703980834,30.79244360005975,-179.77696260590164,-18.405342900786714,187.34300058922574
138.76549070134723,-486.7289150890771,30.750655280103356,-179.7954986433422,-18.39962380930601,187.34356700355625
138.76460451225103,-486.7954424971202,30.886644737924737,-179.81475855022674,-18.393046046389667,187.34378992072877
138.76566343425756,-486.8652269476588,30.837412241282728,-179.83421039700855,-18.38534843798756,187.34376074183686
138.7675069849272,-486.93467031673333,30.965957522418496,-179.8536257091845,-18.37650578521447,187.34378494065672
138.76948124194217,-487.00732449715485,30.93734451490907,-179.87283519348318,-18.367657960038457,187.3437291505107
138.77104289523754,-487.0795875359464,31.086509285177424,-179.89203844001912,-18.359143095389346,187.34373386249206
138.77167848427547,-487.1507446054159,31.042949567762182,-179.91154004264322,-18.35104530389521,187.34378293851174
138.77129848764002,-487.2249351360329,31.177167628124714,-179.9317248827519,-18.3430952307516,187.34386450453638
138.77030833382207,-487.3029438713329,31.159439604158287,-179.953196377158,-18.335260551130066,187.34396982406153
138.77003334186634,-487.38060679000074,31.318128342431347,-179.97575233227613,-18.32702323536216,187.3438542469808
138.77154795994642,-487.4570960060544,31.275918794610767,-179.9990835088452,-18.318167308478703,187.34357678179097
138.77750918102097,-487.53652930162366,31.41148702456796,-180.02264066454353,-18.308038938712187,187.34329995640127
138.78509627421693,-487.61542169511455,31.396852452838694,-180.04618259857605,-18.296821113826777,187.34314295737647
138.79248996984504,-487.6973505497046,31.554778745242977,-180.06953244389004,-18.285144993254075,187.34307397057395
138.79850783117732,-487.77872148613807,31.51946708051813,-180.09272066872575,-18.273473834617867,187.34306958738938
138.80210982717813,-487.86309023006646,31.66193319357106,-180.11657153789972,-18.261982022431656,187.34287436186523
138.80723253283622,-487.94685862446914,31.653975598777745,-180.14153070103805,-18.250301279252938,187.34230113660362
138.8125865241675,-488.0335822429129,31.819299272876833,-180.1672804271608,-18.238492369562543,187.34145122106816
138.81996396031226,-488.11966350359154,31.795680708897862,-180.19342523304888,-18.226434634572197,187.3403991548123
138.83010693966122,-488.2086586925652,31.94983992269667,-180.21999830204857,-18.213543812348547,187.33895977986484
138.8406587719447,-488.29697095784366,31.9337039248358,-180.2475035879354,-18.200053517995784,187.33723765798794
138.85032097097817,-488.3881573083879,32.0953457047527,-180.27598805039645,-18.186300935454426,187.33530971913777
138.8588464920865,-488.48288827011095,32.07589995418021,-180.30580881171198,-18.17236823275925,187.33311345045286
138.86661275908742,-488.5769808692808,32.23423198138549,-180.33690301817742,-18.15831582657589,187.33072235879462
138.87534872169167,-488.67387425675184,32.213366794997285,-180.3695452229026,-18.144022795528915,187.32795230014855
138.8853881563929,-488.76994976259465,32.370279386386855,-180.40313361105845,-18.129731344498442,187.3250259057635
138.89513305799778,-488.86876195158425,32.350552849478674,-180.4389913440518,-18.11512486676987,187.32162835529826
138.90468045882722,-488.96671614829313,32.508604090348264,-180.47648138971888,-18.10030035299846,187.31788831041902
138.91405257424535,-489.0631056201927,32.49322761736272,-180.51625869575057,-18.085329123474537,187.31354309412055
138.9228456736064,-489.16207794130776,32.65562892215495,-180.55783974622202,-18.069932943491683,187.30863883675133
138.93386369012063,-489.26015922592126,32.63015188783487,-180.60102658168222,-18.05390815199893,187.30308897527013
138.9451699893862,-489.36093403607543,32.782452631292564,-180.64535260450265,-18.037436622991354,187.29707060398368
138.95637314450138,-489.4608143095934,32.7684228998183,-180.69031463047807,-18.02065212783203,187.2905948973923
138.96698567035818,-489.56336182300515,32.9321709461218,-180.73570309252185,-18.003653043712674,187.2835513455387
138.97691846999555,-489.66498433087156,32.91033809364449,-180.78200570682725,-17.98651170465296,187.27609763476116
138.98698472457195,-489.769243206406,33.066283018944965,-180.82909754157848,-17.96911594871614,187.26823065518226
138.99693450562665,-489.87254656257744,33.0476531702711,-180.87672627858132,-17.95154908329695,187.25994849357537
139.00754081731316,-489.97845627825524,33.20680109937501,-180.92454640724688,-17.9335416859155,187.25101011595825
139.01895070091533,-490.08338099432245,33.18031077972391,-180.9726243830174,-17.915061905003846,187.2413602362693
139.03159102500052,-490.1908831145057,33.33159823785059,-181.02084871068644,-17.896086802641964,187.23119716606513
139.04512077479532,-490.2973717964695,33.31401645197369,-181.068977497012,-17.8764346646409,187.22054767887892
139.05781287551275,-490.4064099517571,33.47421244387456,-181.11699343854232,-17.85646883573822,187.20919184100558
139.0697462698712,-490.5144072368342,33.45217485305357,-181.16552572416361,-17.83645604757782,187.19684988448424
139.08135820357137,-490.62492705314816,33.60791504001036,-181.21439352230885,-17.816426611773455,187.1837957449157
139.09520647541618,-490.7343795383219,33.58481678368155,-181.26378570270666,-17.7955778827509,187.16903805256996
139.10930506169035,-490.84632856636733,33.73949630513053,-181.3135185259293,-17.77414687090525,187.15304420613637
139.12448519762336,-490.9571847390327,33.712899691932805,-181.3634569469362,-17.752142568110965,187.13579895234628
139.14172085933265,-491.0705123861664,33.86408085651286,-181.41350174994398,-17.72990274466795,187.1166966622759
139.1591224967862,-491.18272255721223,33.846619536655474,-181.46342008214972,-17.707509974814478,187.09577308096894
139.17672050610042,-491.2931133550523,34.00693599457586,-181.51255774169425,-17.684859615610986,187.0734133737163
139.19451995143206,-491.40583694245976,33.96878036448831,-181.56011745225652,-17.662040491203438,187.04978216050995
139.2125172029669,-491.51742390787086,34.108402512178536,-181.60615594715574,-17.638952555979056,187.02511862623817
139.23070872149833,-491.63146320093017,34.094621322574056,-181.65103796079546,-17.615853348764748,186.99960086854887
139.24991236960997,-491.7443710673512,34.249507559681355,-181.6947102152772,-17.592435741386467,186.97324114058245
139.26904532508675,-491.8597135143443,34.21321817984864,-181.73745649326136,-17.568805456205606,186.94628739861545
139.28707069555864,-491.9739024515391,34.3547065777937,-181.7791657251224,-17.54537087866746,186.91927933859645
139.30256307709396,-492.09050333300075,34.3326229267893,-181.8197556038426,-17.52259665080289,186.89237634139263
139.316096524749,-492.20592827966834,34.488317053562675,-181.85948854370065,-17.500655812012603,186.8655743040286
139.3298670432614,-492.32374310680234,34.443514554330626,-181.89759418800216,-17.479016739289047,186.83863012791363
139.34431046190414,-492.44036032137694,34.576489832876355,-181.93431261054505,-17.457287529745738,186.81148655598227
139.36032748750785,-492.5593461241658,34.54893616163564,-181.96965932075602,-17.43534620138754,186.78422088807173
139.37643143680626,-492.6771134020689,34.6991602681727,-182.00380868929227,-17.41343415596807,186.75677080814793
139.3915024035647,-492.79722872926476,34.64731908076403,-182.03688965227283,-17.39172839541071,186.7292098928188
139.40491865339902,-492.9161053594434,34.773255671133136,-182.06899771254544,-17.37052209331717,186.70159219678382
139.41452603985087,-493.0373102270339,34.73903100204815,-182.1000419925564,-17.350362244143405,186.6739574106277
139.42323501524115,-493.16152360621214,34.878316382566695,-182.13011857212663,-17.33082238031007,186.64621554485933
139.4324617807691,-493.2845720974263,34.81717784020123,-182.1592969921918,-17.311589207827573,186.6186580357004
139.4433053236593,-493.4099042547281,34.93381707561355,-182.18763082557987,-17.292267371822337,186.59126021695215
139.4543180027453,-493.5339106434547,34.8898463865907,-182.21532010977504,-17.27289769086577,186.56400385812168
139.4656185509679,-493.6601548987155,35.02365347534563,-182.24235211186502,-17.25367547443907,186.5368754644388
139.4764052874431,-493.78505125343054,34.95736437475671,-182.2687163008538,-17.234743818415545,186.50974591488074
139.48652518353893,-493.91216839099155,35.06885305194556,-182.29456732540038,-17.216207401493037,186.48275874394716
139.49554467303665,-494.0379217969432,35.01560286224264,-182.31953727288973,-17.198142636726313,186.45578086149013
139.50380513736414,-494.1658806303549,35.13963734390595,-182.34351890169492,-17.180439807775848,186.42859554870032
139.513030092276,-494.29246069029455,35.058030264687524,-182.36659444646165,-17.162687467605263,186.4009231739445
139.523548745946,-494.4212314124651,35.15420096324688,-182.38882324022705,-17.14458393239785,186.3731564403023
139.53417654073766,-494.5486088612554,35.09379488265739,-182.41025132433037,-17.12623894619473,186.3453451916844
139.54467501289437,-494.67389606498693,35.20565350732548,-182.4309131741623,-17.10756964702693,186.3176469087498
139.55417697558678,-494.8012500239202,35.11708982159053,-182.45083297499534,-17.089173335506523,186.2900560880122
139.5621107195836,-494.93147274425576,35.20630391363337,-182.4701909000729,-17.071324233871106,186.26232859805972
139.5692073177044,-495.0604171604047,35.12738554265149,-182.48895957588527,-17.053892285352806,186.23452553067406
139.5756248905879,-495.1915387062422,35.22624494944739,-182.50727945230244,-17.03694707751907,186.2068108647862
139.58263671960955,-495.3212308382544,35.12413708841204,-182.52493214705078,-17.020208541927648,186.17906655081086
139.59049078717945,-495.44879257717963,35.19980700515447,-182.54207988395774,-17.003471111345558,186.15132515651712
139.59840160016466,-495.578380692756,35.10608189951305,-182.55852207601487,-16.986584035486384,186.12349145122923
139.60662191955936,-495.7065310526856,35.190134571649416,-182.57443225323365,-16.969602230491446,186.0957339033948
139.61478722902677,-495.83257127858906,35.072770698783756,-182.5899381438579,-16.95256605240139,186.06805687773542
139.62241474099636,-495.96066357225214,35.133184603695874,-182.60497377463224,-16.935339810644326,186.04058261458277
139.6298262132961,-496.0873445224018,35.02283248923992,-182.6196511831782,-16.91798950107968,186.01328146550233
139.63338951450027,-496.216208185891,35.09025815256173,-182.63405284883797,-16.901720964286874,185.98613153442955
139.63490050342378,-496.3436756643897,34.96158142301923,-182.6480777237895,-16.886590855115003,185.95899751872335
139.63474576249314,-496.46905103508493,35.010682471254505,-182.66181381899946,-16.872474375184417,185.93189929341105
139.63426007635155,-496.5964915345029,34.882994794365636,-182.67500593253655,-16.858783104679603,185.904851401699
139.6349488864818,-496.7225325725626,34.933084895254545,-182.68778739985706,-16.845250491105244,185.8778644638642
139.63709479945567,-496.85076780136495,34.78261726980267,-182.70041636531445,-16.831184921603064,185.85094621392858
139.6411460577915,-496.97761807839504,34.80992742212857,-182.71276227032516,-16.816741020482265,185.8239831513412
139.64634210063676,-497.1023872722418,34.67818942727032,-182.72472784575936,-16.802197848531026,185.79713030442036
139.6521038677745,-497.2292324209172,34.71916679922077,-182.73640387677045,-16.787594805234757,185.77038215151893
139.65666483463818,-497.35468874066606,34.557330933232485,-182.74769719651033,-16.773456836768396,185.74373455036763
139.6576336632516,-497.4823496936376,34.573272845021975,-182.75853982281157,-16.760168490260384,185.71718437392303
139.65663650754138,-497.60863595081145,34.420031656105,-182.76904230270108,-16.74800923394094,185.69072924242016
139.6552603367365,-497.73711786427924,34.44456824496581,-182.7791242285732,-16.736688785320958,185.6642482151026
139.65382793511972,-497.864211610681,34.26556793314579,-182.78872878645404,-16.725993524968242,185.63789084732292
139.65363843705242,-497.9934868348318,34.26434539910354,-182.79797473708982,-16.715766242909613,185.61152848086468
139.65370021477867,-498.1213597735667,34.10416080435142,-182.80694949045642,-16.705891235850697,185.58518588192342
139.65381136904705,-498.25140028453427,34.117064056181604,-182.81587738826707,-16.69611800824229,185.55876208369367
139.65352015109653,-498.38002484490346,33.9319024152185,-182.82460298942752,-16.686593439544357,185.53230222713967
139.65274015602415,-498.50653688807216,33.924518552033184,-182.83333248362126,-16.67742502033072,185.50583944768707
139.65187349879068,-498.6350938120757,33.76471981919877,-182.84205707315567,-16.66852592711154,185.4793980472461
139.6481253904723,-498.76223134710483,33.782698864142134,-182.85077031074923,-16.660658916593373,185.45287671710295
139.64262229836635,-498.8915434927298,33.604022524317436,-182.85930747848604,-16.654051759620856,185.42655856858278
139.63520203125728,-499.01945145440277,33.60312396227051,-182.86754793973438,-16.648703257165792,185.40029370271813
139.62750386183538,-499.1495261104971,33.44067566592369,-182.87540349137007,-16.64428252224793,185.3739721462372
139.62068093036044,-499.2781841548113,33.45600514735465,-182.8831297932439,-16.640217190843945,185.34763241357675
139.6153638615003,-499.4089957401392,33.275165068399566,-182.89075444413518,-16.635920102311385,185.32118365370258
139.6112449190314,-499.53837760223405,33.27210276722226,-182.8982977735051,-16.631622211518785,185.2946784505471
139.60578151568916,-499.6699000887548,33.12197408633431,-182.90577476191103,-16.627658219416194,185.2681554158326
139.6001269219087,-499.7999801581301,33.138050591340644,-182.9131964540648,-16.62394260990148,185.24164288067234
139.59328073315214,-499.92792171642304,32.965761219000136,-182.92073099857396,-16.62074133927078,185.21504072299422
139.58547226008488,-500.05788262589266,32.9712496244374,-182.92866338188193,-16.618416096062244,185.1885173773876
139.57758238399467,-500.18639907266294,32.815660542719606,-182.936880462635,-16.61657000651282,185.1619545147184
139.57060977220425,-500.31706550409484,32.8378492387796,-182.9454590174427,-16.614911603948563,185.13538628430345
139.56638555708594,-500.4505702321009,32.668033605467166,-182.9542950278417,-16.612898090420156,185.10883773374644
139.56400487680594,-500.5827438855124,32.67599574993252,-182.96331198477625,-16.610625951974505,185.08220810268574
139.56161431761316,-500.71703818760085,32.527474030649564,-182.972613620764,-16.608495063823717,185.05566179448329
139.55802378170188,-500.8498466560173,32.556730089144395,-182.9821157532699,-16.606800320011963,185.0290810753175
139.55301053806875,-500.9847357928151,32.39014744507248,-182.99175647021576,-16.60592292182111,185.00237963764008
139.54737338568955,-501.1181226400103,32.40134257877835,-183.00165202400254,-16.60597635699509,184.9756134076654
139.54128095772836,-501.25357863856937,32.26365138280059,-183.01156388431372,-16.60654702247201,184.94894256665495
139.53682856695954,-501.391788648755,32.29185856046427,-183.0216406699781,-16.606835149579556,184.92200805163247
139.53276750652014,-501.52858380778775,32.1339085591121,-183.03182944375865,-16.606915825769907,184.894904117459
139.5325402472284,-501.6674171321059,32.1537363355377,-183.04192950769217,-16.606513632908815,184.8678191460718
139.53349364696504,-501.8046835710909,32.02404636669979,-183.05211731768102,-16.60592302691476,184.84077215625803
139.53302695237775,-501.94395106587694,32.06708095360498,-183.062360418946,-16.605690776272972,184.8137770613668
139.53187220969315,-502.0816380785641,31.918572244001325,-183.07247318439016,-16.605721526001197,184.78672490728093
139.5301838359517,-502.2170507795398,31.94784131217545,-183.08248138110753,-16.605614448667673,184.7596549561448
139.52923585953656,-502.35434941531497,31.82335592380033,-183.09240399791705,-16.605571726668718,184.7323560160173
139.52886011158455,-502.49007254634125,31.876648313202992,-183.10241681380145,-16.60574156989022,184.705153416354
139.52860415329607,-502.6278169585543,31.744165649657756,-183.1124868753933,-16.606067143301644,184.67804564645303
139.52960779323595,-502.76400659536426,31.789460763890297,-183.12274996600476,-16.606175962787084,184.65103151417327
139.53167218994233,-502.90221502448117,31.6725824788712,-183.13298548848337,-16.605466177109488,184.6241100620444
139.53474071102664,-503.0388615810677,31.733481971629875,-183.14335169608904,-16.604156711899595,184.59728050553917
139.53878774913113,-503.177519012121,31.620030902058936,-183.15380452504778,-16.60240864566843,184.57054218765265
139.5429729327644,-503.3146066012706,31.68435761026577,-183.16431158492858,-16.600340492524982,184.54389454548019
139.54548355622507,-503.45369719854926,31.58014378540914,-183.17468907454347,-16.5986990028931,184.51721797451327
139.54762356100645,-503.59121022007025,31.653707738330283,-183.1849623215281,-16.597371858938256,184.49054390160464
139.5496590064284,-503.7264519856891,31.547916058352985,-183.19482821436438,-16.595945748163427,184.46365537089244
139.55369970253247,-503.86358272834985,31.619902156153472,-183.20438661114267,-16.593788773819075,184.43663347204048
139.55972664776172,-503.9991409625234,31.5341906230907,-183.21371101445905,-16.590767083500932,184.40953778935167
139.5672989040394,-504.1367234223357,31.626256867805708,-183.22301553421156,-16.58694862074896,184.38241208356712
139.57424941710417,-504.2727539989584,31.53748987935092,-183.23197720199965,-16.58287991906796,184.35552847258415
139.5805660631183,-504.41080620852017,31.62650066867391,-183.2406794790869,-16.578796658796055,184.32884629433212
139.58707676564566,-504.5472993354671,31.551497685218962,-183.2490220231917,-16.574541018455506,184.3023355509079
139.59394434948416,-504.68580607697436,31.654272479541792,-183.25709334751463,-16.57016274885603,184.27597409146267
139.60119808172587,-504.8227456677368,31.5833723348648,-183.2647986028203,-16.565698442928543,184.24962465045488
139.60842587945632,-504.961690909726,31.690249967965592,-183.2723885583975,-16.561175011965783,184.2234283335821
139.61472258382793,-505.0990611718523,31.630641628229142,-183.27972721421332,-16.556777576804677,184.19724670446774
139.6207435163989,-505.2384293942781,31.74881106627047,-183.28655506028784,-16.552311114062707,184.17109911893547
139.6274467746799,-505.37621508293364,31.6923470364903,-183.29300224335557,-16.54763266795054,184.144999740995
139.63419116287398,-505.51599131281864,31.813660784487904,-183.29916454272225,-16.54280292598566,184.11895891473552
139.6433136346408,-505.6541777223469,31.769574892312843,-183.3051124497754,-16.537370526832763,184.09298417377659
139.65319264796815,-505.794347516646,31.903266777915558,-183.31073607099236,-16.531170341207897,184.0669618729189
139.66349313475143,-505.93292046193585,31.866264507565813,-183.31611688382168,-16.524743290113033,184.04104693684735
139.67249764263607,-506.0734698888686,32.007040014993855,-183.32115485422202,-16.51848625060781,184.0153546593399
139.67947222396216,-506.212415686947,31.96337995101986,-183.32609692864517,-16.512690114747887,183.98960850235946
139.685941625931,-506.3490646412373,32.09749766482364,-183.3309642863967,-16.50707179368194,183.96372660812727
139.6930393160893,-506.4875774416423,32.080145055846025,-183.33561252538212,-16.50142353086142,183.9376490682609
139.7013954967366,-506.6244930514423,32.240570224646184,-183.33993594550444,-16.49509699809894,183.911570346076
139.71152719869025,-506.7634086455597,32.202293522228224,-183.344017322087,-16.4882786909637,183.8857521601661
139.72351435403297,-506.90074854809086,32.34179459758804,-183.3479175721835,-16.480280921117,183.8601479836898
139.7365234493997,-507.04008670035773,32.32907613440246,-183.35151975152343,-16.471259987743984,183.83472350673281
139.74996258119268,-507.17784280440617,32.494135448994676,-183.35490014370467,-16.461827419725775,183.80957429784723
139.76288591928542,-507.3133233008866,32.472149825790176,-183.35811488717653,-16.452101370806,183.7842901959553
139.77429030005192,-507.4506885087925,32.62794198036346,-183.3612052973784,-16.44266297015745,183.7591678695048
139.78399491593782,-507.58647702047097,32.61935264962485,-183.36404178281765,-16.433278567930593,183.73406739822377
139.79322155764388,-507.72428564518236,32.78854109666402,-183.36668953544392,-16.42394210623718,183.70900526559703
139.80345515894305,-507.8605383476155,32.76476930113074,-183.36903653044948,-16.41448554445647,183.68387441432355
139.8141552742757,-507.9988087160473,32.91877528337523,-183.3711608836487,-16.404949315111097,183.65871550791027
139.82479651299695,-508.13551610577224,32.91221028127592,-183.37312007787602,-16.39536313953328,183.63355839120018
139.8356853010008,-508.26996661687974,33.0824591503218,-183.37495641401793,-16.385583524429965,183.60866317104282
139.84729006943178,-508.40632023388355,33.04761816540313,-183.37686102193175,-16.37534007999915,183.58398213744204
139.85887298835272,-508.5411152206247,33.19055495826223,-183.37881400282683,-16.364765599345443,183.5594801126793
139.86864413585812,-508.6779480637242,33.181967215244136,-183.38080072125848,-16.35428842499997,183.53489291841979
139.87750329498255,-508.81324241099355,33.34557732399797,-183.3824886368006,-16.34405725499107,183.51038423292422
139.88605405950102,-508.9505715394912,33.31402986741029,-183.3837959298543,-16.33417913809122,183.48583579490932
139.8940090897807,-509.08635449885145,33.46026018860039,-183.3848229377116,-16.32473404068636,183.46128002588068
139.9017318350042,-509.2198970889622,33.44887986902939,-183.38564349019563,-16.31544955321996,183.43685981923667
139.90929828861772,-509.355358999497,33.610484408987624,-183.38599191269265,-16.30629109925285,183.41280073185843
139.91754898323566,-509.4892782047223,33.571338997034964,-183.38631379682363,-16.296904321810967,183.3887878511305
139.92787429395324,-509.62098424018933,33.709971362860074,-183.38661593336695,-16.287027784289755,183.36494931117346
139.93682323458273,-509.75464115586675,33.68699014825828,-183.38690331978017,-16.276800868521498,183.34138069981725
139.94619096070568,-509.8867873492301,33.84178671143427,-183.38701963397673,-16.2663260992972,183.31803098597842
139.95591988071135,-510.02101865226933,33.79856749539037,-183.386850391824,-16.255844215111118,183.29486255228684
139.96558267263126,-510.15375790982284,33.93312605712425,-183.38647189211926,-16.245531763850114,183.27184765153322
139.97509481256003,-510.28431091106063,33.909984576048075,-183.38594027332059,-16.23535273002418,183.24896579929032
139.98403087165607,-510.41683657390655,34.05896998793441,-183.3851350619586,-16.224949917014026,183.22655918871283
139.9927246239673,-510.547871959647,34.01097887668545,-183.38429170957141,-16.21439224621368,183.20452100567712
140.00083560377755,-510.6767456755914,34.14076554321427,-183.38358113674562,-16.203565064296793,183.18265348122367
140.00830400626364,-510.8076208536164,34.109324121148276,-183.38312856721848,-16.193045865056146,183.1605714330856
140.01553767600512,-510.9370349881923,34.25566047686006,-183.3828656023944,-16.182596536844063,183.13823258495495
140.02221085367248,-511.06431635749783,34.20025385149782,-183.38274191476572,-16.172207735678008,183.11572527358362
140.02785391439815,-511.1936276164969,34.32262500391335,-183.38256047369157,-16.16269744439119,183.09287620677924
140.03321069487185,-511.3215057599734,34.29528063117574,-183.38233684137168,-16.153839847274728,183.06979682960556
140.03761270063953,-511.4515452356381,34.42067696472281,-183.38192246758922,-16.14431321041397,183.046569073163
140.0429949229395,-511.58016752741986,34.36495756448058,-183.38136858506644,-16.133808412529046,183.0236104854845
140.05013930805103,-511.7066770876086,34.48701594201612,-183.38055111069633,-16.12292630082452,183.00075058475542
140.0579451833588,-511.83523152106727,34.43597875858694,-183.37954106228207,-16.111777165307135,182.97786426325652
140.06371900647926,-511.9666332661261,34.562719352935545,-183.37823069072294,-16.101103456003003,182.95533802103444
140.067770524789,-512.0967356486864,34.49881725711825,-183.3767012469656,-16.09078788033019,182.93297497138622
140.07100929387616,-512.2289944804172,34.61269293907872,-183.3748525097685,-16.081403660943167,182.9107514745585
140.07280567284735,-512.3598035874866,34.55675241063463,-183.3727712673708,-16.072545444360735,182.88865007068526
140.07387735862775,-512.488462353434,34.67858965996831,-183.3706813711526,-16.063915503805298,182.8665387362265
140.07602264179448,-512.6191279042637,34.596670288501244,-183.36858698648493,-16.05480108117237,182.84455888496896
140.08246057818897,-512.7483364575692,34.692528694811955,-183.36649117196285,-16.04500880672496,182.82269499237125
140.09007792791138,-512.8796826452783,34.640481167659814,-183.36423617182714,-16.035224145190885,182.80069734847305
140.09576771354781,-513.0095883251985,34.74664454287669,-183.36202644001932,-16.0257844306035,182.77874028486016
140.09811462052684,-513.1416250227799,34.66972302874201,-183.35985186919135,-16.016934956856662,182.75671338640194
140.0993471290974,-513.2722100686389,34.77057929238512,-183.35786501603377,-16.00803197036955,182.73477396630022
140.10157300675323,-513.4049142412791,34.686004238034045,-183.35585758859287,-15.998932321638675,182.71291819870004
140.10396590129946,-513.5361548910424,34.77920696146075,-183.3536768577241,-15.98986187583902,182.6910240925055
140.10676883361245,-513.6695029692115,34.69903854157715,-183.35137097610237,-15.980986241474083,182.66924044388062
140.10961390955256,-513.8013760270611,34.79664789947133,-183.34897536693435,-15.972261358280708,182.6475571607167
140.1120162842492,-513.9353452195796,34.69264653830238,-183.34651608699608,-15.963158781398205,182.6260858640314
140.1142959515903,-514.067828299405,34.7664229549112,-183.34401230118624,-15.953787320323126,182.60478910969417
140.11569732219147,-514.2023966195565,34.68845519386564,-183.34163810332464,-15.944886563250003,182.58352017241603
140.11566932506275,-514.3354681272199,34.77727518971727,-183.33920104702318,-15.936669567562381,182.56205231781436
140.11412385256943,-514.4706143664989,34.66764968330766,-183.33672006080477,-15.929291967553624,182.54021945082397
140.11229686505646,-514.6042534722535,34.735801954675814,-183.334209064635,-15.92253648224271,182.5181383150747
140.11208222502864,-514.7399571729102,34.63452146934746,-183.33167829316415,-15.91525299703049,182.49577385435632
140.1142482182671,-514.8741437843603,34.71101876179688,-183.3291352693805,-15.907258119433058,182.47369972373673
140.11850397736612,-515.0103852128284,34.59366298590976,-183.32658552103302,-15.898583327311,182.4517390121946
140.12352782995228,-515.1450999488286,34.65408498780042,-183.32403310778173,-15.889417642130548,182.4300001063862
140.12411296199906,-515.2818600700899,34.548800318991006,-183.32131923130166,-15.881386338205212,182.40832407047657
140.12174691694887,-515.4170842355677,34.620957076975,-183.31848936078845,-15.87452471947045,182.38647518452464
140.1188242868978,-515.5543446884241,34.487294617926466,-183.31557694342473,-15.868526969092095,182.3646380742181
140.11706568391836,-515.6900602500934,34.53140993665571,-183.3124465805194,-15.86300272017544,182.34282901014956
140.11556489759565,-515.827803323315,34.42479035320701,-183.30931917342838,-15.857665282774184,182.32105989915692
140.11495835245415,-515.96399288625,34.48475477000442,-183.30635849162968,-15.852304251539685,182.29933943740753
140.11577305974652,-516.0979348288994,34.351675097634015,-183.30352270676252,-15.846434683521906,182.27755484773581
140.11686043057747,-516.2337889620851,34.39637320304139,-183.30078103367615,-15.840197405923515,182.25586170611192
140.11757442484213,-516.368093385706,34.27726415024637,-183.29794903516066,-15.834026685546096,182.23425490918228
140.11697158920842,-516.5001777600559,34.33593287522912,-183.29521509310692,-15.828075592215503,182.21249063773683
140.11529262792405,-516.634206257894,34.19390174247089,-183.29255548929586,-15.82278684857999,182.19039200877663
140.1125992089589,-516.7667173973495,34.229648387490435,-183.2899527642884,-15.818319195826318,182.16806782753133
140.11015187152736,-516.9013071289228,34.10697658980161,-183.28723228615908,-15.814292314299557,182.1458363072159
140.10820100142377,-517.0343984138484,34.160536182737836,-183.284749651721,-15.810592244456112,182.12357338848926
140.10719850382725,-517.1695638222811,34.01622784407679,-183.282283642776,-15.806969792131403,182.10118812241106
140.1068106051424,-517.3032217029398,34.049697283193524,-183.2798320178672,-15.80324214594472,182.07873303295602
140.10572980968786,-517.4389438326299,33.92294889663901,-183.27739312047373,-15.799606004389203,182.05648492199305
140.1032920284147,-517.5731485418373,33.97397828786227,-183.27480394672256,-15.7965361983557,182.0342892602451
140.10020685397816,-517.7094077444171,33.82258977780924,-183.27194687179684,-15.794049767088147,182.0121517907319
140.09662541227874,-517.8441399370128,33.84897904553399,-183.26905587563195,-15.792487576365641,181.98995756216382
140.09258498651977,-517.9809172030945,33.720777164334834,-183.266142573666,-15.791604550656812,181.96774143849197
140.08892089444856,-518.1161582072002,33.76540916302721,-183.26337728149215,-15.790891475314199,181.94552900607619
140.08661618064664,-518.2534351979635,33.61179334228696,-183.26072298787003,-15.789972997418225,181.92321991385475
140.08584989842814,-518.3891670021898,33.635955299324486,-183.2584724525579,-15.788904707407918,181.90085976808007
140.0854022007624,-518.5269260278928,33.50597050357084,-183.25652000714896,-15.787562171438218,181.8784820587181
140.08338014281838,-518.6631312584146,33.55376348559498,-183.2544678965094,-15.78684460401916,181.85611136068937
140.07942930430949,-518.7970885888438,33.399308683745396,-183.25234452213238,-15.787081984708278,181.8336465782588
140.07309378827975,-518.9329578349996,33.42263165967359,-183.25000899734732,-15.788184783005002,181.81101365818458
140.0663714418627,-519.0715437683552,33.29446099806608,-183.24751997161843,-15.789921240615485,181.78839666643398
140.0608993360728,-519.20870203921,33.33702383677682,-183.24492059099802,-15.791955504871513,181.76581145944672
140.05863154835734,-519.3478907488234,33.190769952904645,-183.2422425940177,-15.793545019099382,181.74315052591433
140.05744932168207,-519.4855059734296,33.222293846810246,-183.2396711032597,-15.794643414849508,181.72057331374532
140.0565010211053,-519.6251159733954,33.08851236705056,-183.2370182250565,-15.795544236253068,181.69831578809806
140.05396854824534,-519.7631393639894,33.132508665068656,-183.23446979861853,-15.796630035739009,181.67631248370063
140.04827881387607,-519.9031491000426,32.99019392731481,-183.23167845763192,-15.798842520663598,181.65439605560147
140.0424492145382,-520.0415648556083,33.02565696733876,-183.22903323827938,-15.801548608256596,181.6325628180571
140.03708521873054,-520.1776932354417,32.890154588644954,-183.22649752609794,-15.804448932395232,181.61069088313073
140.03312440934707,-520.3156947587267,32.93242998772894,-183.22388259536393,-15.80715845193477,181.58881001184417
140.030321902093,-520.4521082223708,32.79621920210043,-183.22121189540755,-15.809725639639822,181.56694203689017
140.02779091314574,-520.5905306381594,32.837786194249695,-183.21866444975473,-15.812186168721626,181.54498384633555
140.0265822241471,-520.727386170019,32.71033062536941,-183.21620965498732,-15.814235627676084,181.52321723828766
140.02606762982617,-520.866248601973,32.76065283426691,-183.21366320846457,-15.815816480129197,181.50137224995183
140.02569917311556,-521.0035374815802,32.6274666864053,-183.21121359194035,-15.81721761594581,181.4793683116167
140.02372073975582,-521.1428257644305,32.672058316321476,-183.20867538374088,-15.819147047441595,181.45726736900505
140.02144844878512,-521.2805329390177,32.55566940241648,-183.20607446449793,-15.821462180718557,181.4351149352063
140.01832836998605,-521.4202320565803,32.61705826628926,-183.20342986908466,-15.824058104072135,181.4128253211448
140.01590444140865,-521.5583427308438,32.48817470945566,-183.20091737300908,-15.826692299327805,181.39045492121423
140.0144755498598,-521.6941714757468,32.53706893039983,-183.19850398311098,-15.828856219138116,181.36816427422409
140.0144997655076,-521.8318787148503,32.428888191107546,-183.19600363853405,-15.830673346804222,181.34595192663198
140.01316981374993,-521.9722698165043,32.49848522959304,-183.19328174972117,-15.833061211673318,181.32393763179633
140.0103559433806,-522.1112010172227,32.373383519309485,-183.19039981459196,-15.836030827944723,181.3020881439108
140.00687464211197,-522.2521309940105,32.42605958680371,-183.18740307388424,-15.839424422252248,181.28049804733348
140.0045413665038,-522.3914563885644,32.33184768808803,-183.18416480618845,-15.842795250591319,181.25899825113473
140.00370288039187,-522.5327460166156,32.40784997329913,-183.1807522971616,-15.845981054261667,181.23746289725463
140.00317527731505,-522.6724190388786,32.295154050059885,-183.1772150445,-15.849028341349468,181.21592061027832
140.00436179897784,-522.8097822792228,32.36023590459842,-183.17407123517526,-15.851146452021545,181.19463238773102
140.00587427061384,-522.9489966193206,32.25752784723253,-183.1712187454614,-15.852581283890382,181.1733094019628
140.0070197548701,-523.0866012420877,32.33259756764441,-183.16874242567528,-15.853348435897404,181.1518607658199
140.00807555031875,-523.2261935445316,32.234513040066496,-183.1663841650093,-15.853954162981756,181.13045816263437
140.00868772558172,-523.3641980701649,32.314206290266355,-183.16363279948536,-15.854440973365408,181.10898923037598
140.00920247031493,-523.5041889760715,32.21883411781763,-183.16107738050158,-15.854840145448206,181.08749074029282
140.0109224081282,-523.6425861762599,32.30123972314667,-183.15834614935304,-15.855340027957414,181.06622968424048
140.01244825655303,-523.7829629862354,32.21685221488487,-183.15548841704467,-15.855913320439317,181.04516164519387
140.01350291947816,-523.9217392479819,32.31024248440084,-183.1525404574256,-15.85670527064121,181.0242538790973
140.01526967898613,-524.0624883599155,32.2180705789494,-183.14952895152058,-15.85683197699314,181.0034822311784
140.01756439723104,-524.2016302767391,32.30367645127575,-183.1464735219,-15.856470725227227,180.9827079780546
140.02075518234162,-524.342738513946,32.233915840417005,-183.1430668197143,-15.855917291954245,180.96207116933888
140.02325668965932,-524.4822331425224,32.339751554945806,-183.1394055458273,-15.855717639738987,180.94131349701905
140.0243527644255,-524.6194211257664,32.25642556736872,-183.1357226182694,-15.855942937768031,180.92060475376493
140.02474149739578,-524.7584633286266,32.35087735756941,-183.13186530728848,-15.85631433237798,180.89983118848636
140.02457256669354,-524.8958988863027,32.28464835089751,-183.12788354385157,-15.856792534352051,180.87926855244785
140.02470517249347,-525.0353251425662,32.39619712200339,-183.12413583240328,-15.856854414435835,180.85887887575078
140.02695131075578,-525.173166587347,32.31901393697228,-183.12040309037909,-15.856114936795557,180.83863416006113
140.03040954376635,-525.3129973248389,32.41960852971895,-183.11652286614768,-15.855119120804423,180.8185137444131
140.03406101196825,-525.4512372170507,32.36889874682828,-183.11253793738584,-15.853770875192431,180.79838147805398
140.03646541743842,-525.5914595284063,32.489651256326596,-183.10864154523836,-15.852000046299022,180.77837930541014
140.0385862143733,-525.7300840507179,32.42076072333962,-183.10497354340112,-15.849920897069367,180.75849031453316
140.04103257160034,-525.8706841331257,32.52964796813042,-183.10131628823746,-15.847617494392448,180.7388211138327
140.0439199149163,-526.0096796819363,32.48262713514529,-183.09767016486123,-15.844986353323247,180.71921146521782
140.04726505767846,-526.1463774984443,32.61338407993794,-183.09419544579433,-15.842282542891768,180.6997820300423
140.05065418496613,-526.2849382884348,32.549999986950716,-183.0908495118601,-15.839527844981669,180.68050202199797
140.05523590823748,-526.4219010307752,32.66439367174127,-183.08776099452004,-15.836242278207612,180.6613487316348
140.06081409953018,-526.5608629156945,32.6223364734231,-183.08486399469774,-15.83223966143712,180.64230539271813
140.06774425015095,-526.6982482823221,32.75805705288269,-183.0819500161661,-15.827549432550814,180.62347872338572
140.07484623049518,-526.8376310867435,32.69837159616182,-183.07902617678408,-15.822524457205256,180.60470856878783
140.0810602375081,-526.9754310455054,32.81646391721872,-183.07577592730235,-15.817589134434332,180.58611565402157
140.0853638284217,-527.1152212801662,32.783299375576455,-183.0726109773026,-15.812723943838378,180.56755013105607
140.08799212948907,-527.253421442225,32.924830389437695,-183.06951139354516,-15.808079841451267,180.54890208698708
140.09024799230536,-527.3936047430141,32.87164421817273,-183.0659807224399,-15.803767331841652,180.53044832570362
140.09403995075584,-527.5321909534936,32.996235824685556,-183.06245883676496,-15.799205823610741,180.51203433069512
140.0989083093685,-527.6727534086955,32.96314933730436,-183.05894652430402,-15.79430043773153,180.49366586561715
140.10474404246892,-527.8117120023679,33.10784062770094,-183.0552825764777,-15.78881656858657,180.47546622779055
140.1106902533739,-527.9526401904021,33.05146605414037,-183.0516724640038,-15.78291335293041,180.45740657407077
140.1165739915069,-528.0962246519678,33.17286925835757,-183.0481050397771,-15.776873197135512,180.4394656283882
140.1223615552543,-528.2382982781197,33.146139760244736,-183.04457209130888,-15.770737987599576,180.42162768277353
140.12763690544014,-528.3780491345058,33.28868492477261,-183.04122756546212,-15.764703858839802,180.40376201538254
140.1323241190444,-528.5196145358701,33.23560591608546,-183.03770241133853,-15.758749219652554,180.38601101039325
140.13641637607216,-528.6595294716329,33.36030468517608,-183.03420970772672,-15.752858165831103,180.3682407587252
140.14074210746247,-528.8013910796335,33.33399381354004,-183.0307439057823,-15.747018977770189,180.35059129971643
140.14546367887883,-528.9458911014345,33.474577601394216,-183.02697913466235,-15.74105768165639,180.33304611039912
140.1501972670625,-529.0888636945745,33.421764508492814,-183.0231584659436,-15.734683249678131,180.3157120923572
140.15486593645656,-529.2294974139908,33.546729193369195,-183.01914020180232,-15.728011517561027,180.29866745237769
140.16027655657246,-529.3719299013195,33.51063926162041,-183.01498060614156,-15.721291251326209,180.28173106265726
140.16411594912438,-529.5169631024111,33.65232710764941,-183.0107210647849,-15.715368033641719,180.2647699999177
140.16676338035833,-529.6604537518396,33.60711679326099,-183.00671379395462,-15.710034583309856,180.24756769790875
140.16913476697334,-529.8058618016992,33.73968425665034,-183.00257330575113,-15.704973036547992,180.23020377803738
140.17100655161053,-529.9495853060471,33.696781220364635,-182.99833880524125,-15.699950051556804,180.2128558841068
140.1735731282484,-530.0909278336752,33.8316559618567,-182.99387912637377,-15.694629143406328,180.19577338510516
140.17953104975197,-530.2340506277886,33.77998903261013,-182.98974005864753,-15.688269599079616,180.17878158238386
140.18690383867843,-530.3754939510162,33.90609988114135,-182.9855180071517,-15.681319374485291,180.1619905052039
140.194454743647,-530.5188564083585,33.86197674169485,-182.98156063160397,-15.673776829005465,180.1453615521562
140.20028943673105,-530.6605637597971,33.99563138002614,-182.97763909164087,-15.66564128602781,180.1288662714304
140.20569790513656,-530.804191363279,33.94009994547291,-182.97390909469758,-15.657408776478839,180.11236456843469
140.2101228748335,-530.9461603134754,34.062346288697455,-182.96984110041055,-15.650268031452724,180.09575371284365
140.21387754521973,-531.0900450857231,34.02205607748741,-182.9658488573997,-15.643768927738947,180.07907757722103
140.21662342265384,-531.2322666611758,34.15514373908101,-182.96175571398516,-15.637086582413076,180.06248750391802
140.21912848901846,-531.3763995570853,34.09030714483049,-182.95759221529096,-15.630275799767515,180.04585617860343
140.223603098892,-531.5231314936776,34.203248328357745,-182.95322082361272,-15.623540439338756,180.0293284963251
140.22882042301583,-531.6682963841972,34.16214609813797,-182.94886086276102,-15.616537486633808,180.01289151021314
140.2341120880466,-531.8110832981704,34.289026581275934,-182.944834937814,-15.60934452443984,179.9964165341664
140.23810958424497,-531.9556305362801,34.22362727816402,-182.94089577335257,-15.602347504586982,179.9799283432573
140.24014694895314,-532.098474056275,34.33600575282988,-182.93686373472676,-15.59566572869081,179.96356422872998
140.24053131150967,-532.2432119470293,34.28230321487524,-182.93260717241475,-15.589717071052558,179.94730564942884
140.24263471825728,-532.3905368841558,34.406378454698384,-182.92802974301046,-15.583815321165794,179.93101980358628
140.24587335205825,-532.5362839425621,34.339851227343274,-182.92322107989796,-15.57811854963002,179.91484754969855
140.24723785958918,-532.6796425781714,34.45110177776594,-182.91840711976667,-15.572577159348558,179.89865386080336
140.25067391331453,-532.8247513175149,34.39013995395359,-182.9139135542306,-15.566660418778287,179.88257795840397
140.25324340795913,-532.9724129755347,34.506955907919014,-182.9093389390115,-15.56096790287673,179.86636450023695
140.25313726908598,-533.1184851403755,34.4354178267582,-182.9047089536828,-15.555775545079698,179.85006457980313
140.25249751303988,-533.2621619357918,34.54165752337516,-182.9002024791496,-15.550954585321803,179.8335948536363
140.25340279897856,-533.4075829206772,34.477367022764824,-182.89563058495492,-15.546244936090172,179.81725524302183
140.25460421813636,-533.5512845338936,34.59085429993227,-182.89101478024773,-15.541621100932673,179.80102557457744
140.25626022153224,-533.6925985164994,34.513140985809166,-182.88637087743558,-15.536898972838568,179.78465095676302
140.25633914528294,-533.835691840786,34.61320544946384,-182.88203049726005,-15.532439627371478,179.76830548684865
140.25569086396683,-533.9771059283522,34.54079532398854,-182.8777565584671,-15.528176953026838,179.7518750324787
140.25449569497164,-534.1204396126623,34.64616297629102,-182.8736951424114,-15.524062293215856,179.73539686102296
140.254029479733,-534.262118692811,34.56723412590377,-182.86963318651064,-15.519894501538277,179.71901923319007
140.2537156858624,-534.405718527432,34.666083053294294,-182.86557444535097,-15.51602211786224,179.70260900634977
140.2526155057782,-534.5476602041884,34.58980324669614,-182.86152166943802,-15.512369808839491,179.68618946043904
140.25137369545698,-534.6915181899691,34.691301217875775,-182.8573168705068,-15.50888213439273,179.66989856458412
140.2501212203907,-534.8337134573125,34.60210982831664,-182.8530043256279,-15.505683625456756,179.65359560401086
140.2497057586874,-534.9735538482771,34.69069621653529,-182.84877660042724,-15.502204014347747,179.6374191763869
140.25028494177877,-535.115201089517,34.609988976554156,-182.84461483430195,-15.498356021299497,179.62122902975034
140.25105481655842,-535.2551951622696,34.7070595143508,-182.8403451375129,-15.494075968600736,179.60528321374596
140.25226254701218,-535.3971342411791,34.609648193736824,-182.8361600868565,-15.489648209982889,179.5892907475972
140.25230867198988,-535.5374436321976,34.69001465090062,-182.8318808300757,-15.48544673614315,179.57327828686803
140.25047737542823,-535.6796982409658,34.599279332781656,-182.8276962925875,-15.481580272450769,179.55726539674498
140.2478859729987,-535.8203187166257,34.68632179244046,-182.82342493550271,-15.477962919723067,179.5412664254132
140.24517940489682,-535.9628790966769,34.57999224927159,-182.81909370747567,-15.47453146379411,179.52541277139173
140.24372207485123,-536.1037999322012,34.651440483880506,-182.81472242407142,-15.471404715700613,179.50943977553476
140.24212287444425,-536.2466553180483,34.55992288465707,-182.8101656523091,-15.468669532684759,179.49339346055027
140.2396967108152,-536.3878658929167,34.64618306321141,-182.8054769062147,-15.466223928666302,179.47730764159672
140.23755032664667,-536.5310058440801,34.53125957196093,-182.80069554671772,-15.463992856449508,179.46120715157159
140.2350797580562,-536.6724959023081,34.59411385848823,-182.79601052082285,-15.461755757395904,179.4452293254184
140.23175815622355,-536.8159103455654,34.4939314448684,-182.79140030403698,-15.459681560527798,179.4292365441724
140.22831358830186,-536.9619366604134,34.57152680902636,-182.7865272674571,-15.458059335659607,179.41336612277493
140.22530408323945,-537.1064085308794,34.452246018536236,-182.78146582794966,-15.45693533223568,179.39759953897433
140.222013725932,-537.2527814680891,34.51074300582388,-182.7762707253527,-15.45617769031837,179.3819231174859
140.21830332770168,-537.3974528702071,34.40648802023121,-182.77098222102572,-15.455689386965393,179.36620763851218
140.21497235806166,-537.5439930831435,34.48001081241631,-182.76562992298946,-15.455399032607017,179.35059659780833
140.2129966479301,-537.6930895974373,34.35210755905097,-182.760235600498,-15.454758098937447,179.33507602164968
140.21132008868878,-537.8405768882436,34.401982083463416,-182.75481525502605,-15.453860643491817,179.3196355822252
140.2097272040236,-537.9856447373277,34.2994316669071,-182.7495424218977,-15.452941203148585,179.30414852346306
140.2077630419667,-538.132432177547,34.36679005011537,-182.74454245145077,-15.452502457827416,179.28852193234997
140.20369744806956,-538.281742559066,34.23921570470155,-182.73958702472174,-15.452745501073823,179.27280690781606
140.1988587229176,-538.4294340034186,34.28941913706551,-182.7348286682096,-15.453653639898011,179.25704100101757
140.1943448556057,-538.5747011597961,34.1765482248308,-182.73005905950671,-15.454883374911395,179.24137090580888
140.1903708237525,-538.7216841034658,34.24145509037387,-182.72544543884948,-15.4563478540324,179.22554677918401
140.18615061188848,-538.866919780506,34.11282197609172,-182.72095031042187,-15.458148510406442,179.20962376207763
140.1811198514799,-539.0140070968137,34.16196663958735,-182.7165460719657,-15.460359429515934,179.19364237907774
140.17558786328826,-539.1593728324762,34.05350917651453,-182.71205240103387,-15.463034576036659,179.17751328898532
140.1700343067054,-539.3065934948802,34.117537679108175,-182.70781714066072,-15.465882444750935,179.16140932843845
140.16578742036012,-539.4520913376562,33.990293287279826,-182.7039351460398,-15.468689111634959,179.14533811085658
140.16350671266818,-539.5994419805204,34.04082667322925,-182.70031566363244,-15.4708035134729,179.1293051903091
140.16206234410515,-539.7450675298147,33.92695816915323,-182.69689190749938,-15.472737263697637,179.11331460573848
140.1591613410542,-539.8925436081386,33.990867442855,-182.69345472730623,-15.474702150516935,179.0973692814038
140.154367603149,-540.0382923547099,33.86039106599299,-182.69001075807367,-15.477514790939516,179.08135221041934
140.15049549587874,-540.185889430535,33.90769246690877,-182.68640487151816,-15.480450617213018,179.06529676262147
140.14727345137217,-540.3317570137992,33.795059856982,-182.682843450825,-15.483143503487174,179.04934655444737
140.14422724405134,-540.4794708040337,33.86020502483301,-182.67915780413816,-15.485655840085123,179.03336858884907
140.14084886133847,-540.6254530173121,33.73154147904631,-182.6752243345197,-15.488364207065764,179.01726535933136
140.13704142499017,-540.7732793903883,33.78065571103739,-182.67111262450214,-15.491213922223066,179.00132280581008
140.13279166145398,-540.9193721758959,33.675292648114166,-182.66671208193415,-15.494660759629777,178.9853931414004
140.13139031800605,-541.0673071464959,33.74028420831604,-182.66242541820034,-15.497550422830583,178.96960619981874
140.13098925546038,-541.2135065900881,33.61829857342058,-182.65822607597937,-15.500194256357547,178.95381884337013
140.12956195309582,-541.3615463139697,33.6740907163029,-182.65409450228313,-15.50298613138278,178.9381643270026
140.12712659106776,-541.5078486400586,33.56954335436961,-182.64969452023718,-15.506380088506722,178.92238291959796
140.12329225336697,-541.6559894090623,33.64277377021409,-182.6449416164966,-15.51054322231894,178.9064015977949
140.11923265333448,-541.8023909757119,33.51654445447923,-182.63993412831664,-15.515266718472505,178.8902878777191
140.11518573736944,-541.9463625462763,33.568092916522154,-182.63474439598173,-15.520231615013143,178.8742122777722
140.1120202476894,-542.0920671886199,33.47438883731796,-182.62926563102857,-15.525369125262934,178.85829803311975
140.10948673023069,-542.2360462015172,33.54716528263827,-182.62389977883535,-15.530297985556992,178.84239715056742
140.10711563946455,-542.3818990536752,33.433594822386354,-182.61862149897914,-15.53506945467436,178.82652020100633
140.10440008955004,-542.5260523220102,33.497802139912224,-182.61341213064105,-15.539555928956275,178.81043491514953
140.10206493562688,-542.6720821604308,33.3986054022718,-182.60809792796587,-15.544160085715053,178.7944511473744
140.10025151642444,-542.8164104440556,33.47718644240915,-182.60271157051255,-15.548846450373075,178.77855603398606
140.0989789016837,-542.9626124144652,33.37153201914237,-182.59727708742855,-15.553258268499738,178.76285917391553
140.0982432139116,-543.1071098053193,33.44365537365338,-182.591972142867,-15.557299497553958,178.7473216523759
140.09844670798154,-543.2534778729257,33.34011077187424,-182.58692868650598,-15.560569369084781,178.73191479022248
140.09924581094867,-543.4024050633653,33.41434394787288,-182.58191969345324,-15.56376667187931,178.71649832882977
140.10056511511974,-543.5497260027744,33.31730065951886,-182.57710220370927,-15.566742582220295,178.70120764262728
140.1027910294278,-543.6988971275057,33.39803514894261,-182.57226765416038,-15.569388159508376,178.68590367217422
140.10475594164865,-543.8463167444164,33.2992258387068,-182.56758666924307,-15.571789140933406,178.67072267457783
140.1058175969227,-543.995556091878,33.378194306248766,-182.5628606814866,-15.574173951186488,178.6555262401853
140.10545150171018,-544.1430368702859,33.297329598590096,-182.55810589252607,-15.577040782748805,178.64033199341728
140.10357128531,-544.2923350971457,33.394242668709204,-182.55333420916168,-15.58042388164317,178.62515285690435
140.10141498552778,-544.4398734611361,33.30052305590754,-182.54871615584187,-15.584182569382023,178.60999829381095
140.10252302533272,-544.5892281958204,33.38458122088366,-182.54421486949104,-15.587552014551063,178.59499433305908
140.10550017426675,-544.7368220484167,33.30774232279961,-182.53996321339423,-15.589973464550981,178.58011415087833
140.109631914464,-544.8819646120252,33.40868120249335,-182.53605839873353,-15.591366899026877,178.56545707758943
140.1143464770533,-545.0288193347093,33.31878300550712,-182.53192962762793,-15.592335883510064,178.55085753488638
140.11787677478637,-545.1739278887081,33.406662586298665,-182.5278020695926,-15.593486965567948,178.5361940475398
140.12029867753603,-545.3208901095352,33.34327763917936,-182.5236790700826,-15.594770562663225,178.5214967016656
140.12287512311656,-545.4661329343651,33.450366534803464,-182.51956307837966,-15.59598486314406,178.50678759051192
140.12544583448167,-545.6132328709313,33.36799289754059,-182.5156158843945,-15.596983711173879,178.49232114847433
140.1279788377754,-545.758612141858,33.4633970380555,-182.51179598401924,-15.597658339541368,178.477926411737
140.13005760785245,-545.9058463300258,33.40080834547194,-182.50807282775827,-15.598423496042379,178.4638352764303
140.13201596655617,-546.0513575042991,33.51599743066616,-182.50442392665332,-15.599419693035527,178.44962197429302
140.13392239077254,-546.1987212502039,33.43235753411271,-182.5008327227971,-15.600255545325583,178.43533171719298
140.13579131450263,-546.3443596704931,33.52649541533704,-182.49712702243784,-15.601136624075778,178.42123595112656
140.13762615788684,-546.4875817236818,33.47184563883836,-182.49334065193221,-15.601886530160076,178.40717623027683
140.13983875631817,-546.6325502342495,33.588152896647976,-182.48933671120415,-15.602703131928418,178.3931554401157
140.14291677102568,-546.7758062619205,33.518210360019296,-182.48549855581584,-15.603404362441267,178.37905655093962
140.14612409277927,-546.9166823739519,33.6260456011684,-182.48178538803703,-15.604020364050742,178.36491292149856
140.14807966069932,-547.0593455981509,33.571776861199425,-182.47816717843207,-15.604736872462977,178.350868165756
140.15016773199784,-547.2046039233727,33.69528589900822,-182.4749418210076,-15.605032226745317,178.33678929050856
140.1534863847358,-547.348315372618,33.624155211713806,-182.47200742216654,-15.60485313879526,178.32269790884666
140.15823595514493,-547.4896735505009,33.730802302197176,-182.46912900130783,-15.604326285730734,178.30860988148675
140.1640254929758,-547.6328173133593,33.68861435520492,-182.46629418956584,-15.603379539896098,178.29453683663925
140.1691193508641,-547.7742823708077,33.81790718401837,-182.46317387767544,-15.602291047581902,178.28060639945187
140.17276962678503,-547.9176664063571,33.75095575580757,-182.4601669726201,-15.60126490873142,178.26679292382605
140.17484549349936,-548.05939499791,33.86178210537455,-182.45724590538163,-15.600120074544416,178.25307749865703
140.1765769549347,-548.2030434718059,33.81572095364308,-182.45455038237975,-15.599219881407684,178.2394461686454
140.17862557675156,-548.3450329216528,33.94743757968939,-182.45202265450516,-15.59816922521283,178.22588862515363
140.18153160580113,-548.4889378278477,33.886123181281356,-182.44962022325979,-15.59717449669197,178.21227813181508
140.18415534166186,-548.6311791777574,34.002586560651096,-182.4473118117036,-15.596056332668502,178.1986409068052
140.18709774797483,-548.775331494989,33.957580686254275,-182.44507439984088,-15.594683309866697,178.18523442276967
140.1912940408218,-548.9178158393955,34.09035258963523,-182.4428910432306,-15.592793944425493,178.1721281767678
140.19609209703282,-549.0622068118944,34.0296455880257,-182.44058926790018,-15.590362273818009,178.15925375532044
140.200942266895,-549.2049255495141,34.14671636419395,-182.43820269819753,-15.587535074240238,178.1465607824765
140.2049125459605,-549.345280062556,34.1112862845366,-182.43591606735052,-15.584916333150549,178.13389304347322
140.2074166028977,-549.4874322442747,34.25055148592603,-182.4335447575584,-15.582783456055308,178.12101684727662
140.20959180215505,-549.6321889064778,34.183818746573564,-182.43111345770413,-15.580347441780082,178.10811833909042
140.21290407148697,-549.7754077033596,34.294863784998874,-182.42864032629302,-15.57752595891889,178.09545315634134
140.21680731367002,-549.9205487042883,34.26195567478352,-182.42597871674596,-15.574258973746089,178.08273211463083
140.22118390431217,-550.0640099184576,34.39781579969426,-182.42334125577435,-15.570668190864927,178.06998141727456
140.22518225313485,-550.2093615046734,34.34332614701765,-182.4207238481678,-15.567173814804638,178.05733941750904
140.2282267548548,-550.3530239427391,34.46661427211882,-182.41796347294684,-15.563753243191712,178.0446692555321
140.23103718757417,-550.4943053520556,34.42351421922638,-182.41510070847553,-15.560555168681619,178.0321088147441
140.23335016922812,-550.6373678866897,34.55819194411171,-182.41216540323347,-15.557357768113166,178.01964000099758
140.23553076492988,-550.7787519792281,34.49744483368612,-182.40917951058643,-15.554163703902422,178.00724946380478
140.2372414260801,-550.9220562540312,34.61447550103829,-182.40615917463586,-15.551470925522185,177.9946891210067
140.238833770917,-551.0637064600458,34.572749900261385,-182.40311626500576,-15.54914815033177,177.9820154188472
140.23996913914246,-551.2072779382614,34.70528833669744,-182.4000595061526,-15.546768108836282,177.9695080742246
140.24264140903085,-551.3491917654494,34.639368242069914,-182.39683530832144,-15.543852187642848,177.95701473165758
140.246404386969,-551.4930223991119,34.75122592522017,-182.39332941008232,-15.540876546600868,177.9446618735692
140.25033198860862,-551.6351908028347,34.70588535098322,-182.38994182567578,-15.53736375601755,177.9324230177501
140.2534153224319,-551.7792714766058,34.83727346845176,-182.38632223815483,-15.5339561782511,177.9202786425781
140.2554646174997,-551.9216854570261,34.76693973532075,-182.38253573242778,-15.530794118841703,177.90833345932523
140.25563351484217,-552.0617406554992,34.87438377996751,-182.37863018579912,-15.527980250280285,177.89630674586485
140.2558345972107,-552.2035988680934,34.82832799603451,-182.37480259188405,-15.525093556223885,177.88435004510868
140.25727303452408,-552.3438001444883,34.94963886226969,-182.37087378782022,-15.521825356088105,177.87257442629183
140.25975981838462,-552.4859427266014,34.87936814720315,-182.3668742552509,-15.518280289894232,177.8609420681139
140.26242090396192,-552.6264519864678,34.9868752099144,-182.36282641025096,-15.514700673094374,177.84942510761175
140.2646683366655,-552.7689028946337,34.92798000550832,-182.35874673421966,-15.511264234398395,177.83800300937008
140.2663904086403,-552.9097161639877,35.04686257888002,-182.35464734181073,-15.507770514257434,177.8264224075401
140.26715980566792,-553.0524658946374,34.97080632905877,-182.35053713462923,-15.504568559919166,177.81497408583584
140.2669063918373,-553.1935726991549,35.07252785701529,-182.34658442790982,-15.501583413351176,177.80315472362088
140.26563068660946,-553.3366107327815,35.02199296977568,-182.34242895726854,-15.499090579278336,177.79119466002
140.26457933313213,-553.4780006935296,35.13788557531391,-182.33828848683626,-15.496630323554452,177.7793802687927
140.2635878025877,-553.6213168269269,35.06420106681503,-182.3341626969754,-15.494196145513778,177.76768320565373
140.26344367173087,-553.7629799209567,35.16829433609393,-182.33005134023568,-15.491452588154603,177.75596346939125
140.263060404006,-553.9065643097758,35.104653697577845,-182.32595422232413,-15.488649924679516,177.74423752371484
140.2614009820485,-554.0484908684673,35.218790836839545,-182.32187118810248,-15.48646774130918,177.73251744753108
140.25950992991233,-554.1923340167431,35.140438434565176,-182.31780211128384,-15.484742516400882,177.7208120934874
140.25801189114856,-554.3345147137157,35.23986381006859,-182.31390866462903,-15.482857927897996,177.70888794043896
140.25907953827723,-554.4786074616263,35.17015558449806,-182.31030747426917,-15.480196814615526,177.69705393403413
140.2606451382697,-554.6210333006431,35.27822513670531,-182.30676380625036,-15.476803281928724,177.6854156653959
140.26310939585724,-554.7653668126152,35.19398133309266,-182.3032654712088,-15.472875658152244,177.6739312829142
140.26489700441144,-554.908029115897,35.28751530725778,-182.2996417122039,-15.468890525464467,177.66256995862057
140.2644687482818,-555.0483282024607,35.21453626987064,-182.29592919674502,-15.465693428581906,177.65130897595313
140.2623696321914,-555.1904259475606,35.319335010261284,-182.2923166710114,-15.4632423998204,177.64013158690727
140.25996619820435,-555.3308624786598,35.22885039337412,-182.2887806822103,-15.461340666373234,177.6290254353075
140.25876986058805,-555.473236114072,35.31614355426473,-182.28514218581643,-15.45951277325298,177.61774317441407
140.25906395682532,-555.6139723008655,35.24075974969981,-182.28159352918462,-15.45724465449968,177.60646090649274
140.2612964015757,-555.7523794166119,35.34220326154005,-182.27827390940647,-15.454325053054372,177.5951886621002
140.2647060990367,-555.8926189280583,35.245573503676674,-182.2749652007608,-15.450930292836208,177.58393378806826
140.26337119800925,-556.0354970678153,35.32672152359107,-182.27150565690883,-15.448512767082589,177.57258254552212
140.2611063625432,-556.1768708885801,35.25399501213253,-182.26810035350016,-15.446979362181416,177.5611707227256
140.2586877511827,-556.3201998623177,35.3547003473411,-182.2648978533529,-15.445599675598618,177.5498437293657
140.25709589378266,-556.4618814101345,35.25224976743806,-182.26168692226415,-15.4438379421707,177.53870812380902
140.25651336025774,-556.605485112976,35.32757696531279,-182.25831088486817,-15.442128273708299,177.5278418787352
140.25696230976243,-556.7474308830487,35.25996045216588,-182.2538532148801,-15.440788972592575,177.51742104578884
140.25555605970231,-556.8912929489488,35.35291747817682,-182.2478063100312,-15.440053131354295,177.5066196669208
140.25379876973008,-557.0334922357438,35.26340191536442,-182.24059934131085,-15.439760481440574,177.49554882226923
140.24994293101057,-557.1776032435279,35.35166413032979,-182.23415162083478,-15.439462431964788,177.48441109901603
140.24777555447008,-557.3200470167324,35.2660208200357,-182.22858819148937,-15.438830021076354,177.47299423165344
140.24803180638727,-557.4643981426909,35.358155287519395,-182.22383818757694,-15.43811830729499,177.4612636958261
140.25082425063545,-557.6070777454089,35.2563339132601,-182.21984891787443,-15.436357070693283,177.44967267471196
140.25285221858715,-557.751660489129,35.33229031677858,-182.21642106594336,-15.434158416233638,177.43819426751742
140.25305400462426,-557.8945675731387,35.25017581501319,-182.21356796735753,-15.43213694303769,177.4268086468925
140.25083257332147,-558.0393737355672,35.345839091025574,-182.21097889064583,-15.431072088522406,177.41550119030367
140.24733675890698,-558.1825002482582,35.2488724448782,-182.20842573137668,-15.430875034243622,177.4041402161916
140.24322511945297,-558.327521920599,35.329683576508614,-182.20574118104028,-15.431645208630963,177.39275009453945
140.2386363471966,-558.4708600944188,35.24998100510526,-182.20280088574378,-15.432958666107341,177.38134872257717
140.23401741091854,-558.6160896478398,35.348056211479694,-182.19967565773902,-15.43466936366459,177.36994923494032
140.23192391115208,-558.7596319901993,35.24451888869978,-182.1965793681731,-15.435844961105538,177.35880126202002
140.23242038401796,-558.9050620659217,35.31875934369765,-182.1935070523864,-15.435965773485695,177.34784764253445
140.2350722349073,-559.048801349462,35.23091527247784,-182.19061504831845,-15.434982302765823,177.3372845076739
140.23729611285538,-559.1901581825334,35.32084897903581,-182.18785784351456,-15.433685898635458,177.3268980065471
140.2315947677288,-559.333294783885,35.22646188938122,-182.18472016457525,-15.434308717918848,177.31629115815943
140.2243894637847,-559.4747516183401,35.309852577504415,-182.1813062603179,-15.436338414088517,177.3055321500901
140.2169858435109,-559.6138606688814,35.217201975409246,-182.17753282540892,-15.439398015800418,177.29467112181695
140.210879855904,-559.7547883894767,35.30232915109185,-182.17381908885307,-15.442548828597323,177.28374493297503
140.20676467998754,-559.8940755387234,35.212842618651564,-182.17015243218867,-15.445267728800744,177.27278067188385
140.20515952668887,-560.0353202675776,35.30113386398905,-182.16668533780617,-15.447173254079875,177.2617982371531
140.20531298453844,-560.1749476984319,35.19815205260656,-182.16336767095873,-15.447819277280944,177.25093312613976
140.20663731543937,-560.3165325240029,35.272948019001845,-182.16016253334087,-15.44787175804859,177.24016371039562
140.2057112082444,-560.4564951776647,35.193213212642746,-182.15736276616926,-15.44815026104882,177.22935315510733
140.2022930736215,-560.5984094836482,35.29125618406142,-182.15454275934013,-15.449088488350279,177.21852204020252
140.1971931469832,-560.7386957832996,35.18560641645359,-182.15171041676825,-15.450840346159481,177.20768547590325
140.19182939423177,-560.880927965423,35.257734426623536,-182.14870976784508,-15.453021975800755,177.19673543677186
140.1877211607413,-561.0215264663395,35.18282668176426,-182.14558836150778,-15.455351498892533,177.1858310272428
140.18721134820154,-561.1640652745572,35.269839814826994,-182.14254295209463,-15.456797184271933,177.17496977223064
140.18783913718585,-561.3049649256293,35.17849390846702,-182.1397159807898,-15.457428103608583,177.16414981831306
140.18950685125384,-561.4477995057904,35.26492577988481,-182.13689171029444,-15.457295633696697,177.15336976960168
140.19094816507183,-561.5889896466292,35.16855970338909,-182.13391015307758,-15.456768796086918,177.14274945586257
140.19232370015442,-561.7278428620449,35.24997140467115,-182.13113768031582,-15.45595322379878,177.13213483249314
140.19202207187985,-561.8685205577568,35.162546765440375,-182.1285210005747,-15.45558797103299,177.12153381728223
140.18933596742485,-562.0075624000779,35.252899903987384,-182.12586089498623,-15.456378166141604,177.1109522045122
140.1849773923305,-562.1485662544077,35.166584302523,-182.12300953053693,-15.458180320629129,177.1001560038546
140.17993564506514,-562.2879571229887,35.2580464788364,-182.11986044413587,-15.460722976746087,177.08921203536894
140.17606096821558,-562.429309613178,35.16949547901455,-182.1164958274914,-15.46347574058586,177.07828854289247
140.1745299230755,-562.5690440811619,35.258722256970486,-182.11313614610546,-15.465884136521174,177.06762977592714
140.1767782680304,-562.7107342767156,35.17031608639821,-182.10978307029256,-15.46721296630794,177.05717461546286
140.17975051454275,-562.8508004683353,35.25968769360371,-182.10643781907842,-15.467748933070407,177.04687805990864
140.18241282497172,-562.9928164733318,35.17248911654858,-182.10326305723774,-15.468198990533486,177.03658607822675
140.18250950643568,-563.1332026578215,35.26306831727124,-182.10037614294814,-15.469079870014825,177.02618748803494
140.17839390930362,-563.2755329413637,35.18104335645223,-182.09722110523091,-15.471433235972238,177.01560085034936
140.172673056056,-563.4162277917951,35.276796173411,-182.09387224814475,-15.474864333464588,177.00500483262405
140.16671251483146,-563.5588612288426,35.19168964752439,-182.09038423361653,-15.479082717551453,176.9944113548854
140.16366525259784,-563.6998538187753,35.28436089941557,-182.08679727075486,-15.48337869546622,176.98359093400603
140.16329909611417,-563.842779678006,35.205998725050016,-182.08346271197118,-15.486572201318857,176.97297103964206
140.1642957016727,-563.984059467765,35.30541432846224,-182.08015443578583,-15.488789055654063,176.96238852685102
140.16637201902725,-564.1272673977307,35.21748997792839,-182.07703015197367,-15.4902877283393,176.9519619450026
140.16740274889426,-564.2688242207341,35.30734340517231,-182.0738817952652,-15.491917957883283,176.94142075836265
140.16656525755002,-564.4123042364176,35.24243894318475,-182.07071858363878,-15.493808546697418,176.9308048981526
140.16372158850714,-564.5541282859698,35.35478773343732,-182.0673872901495,-15.496549718452941,176.92002460253352
140.1605171272176,-564.6978707558133,35.26341003781774,-182.064257475555,-15.499416214435033,176.90913330343284
140.15728608203923,-564.839952572366,35.34981011997595,-182.06127819420743,-15.502372066853514,176.89817028293373
140.1569738949479,-564.9839482057585,35.29109287130776,-182.05841195215768,-15.504565931012086,176.88740263387177
140.15807125280148,-565.1262786646219,35.398232864242814,-182.05563115336375,-15.50603372034525,176.87678782844068
140.15984557944344,-565.2662518331643,35.31879225002753,-182.05291548477854,-15.507133083438154,176.8661754326104
140.1596749538642,-565.4080294808012,35.41712941359002,-182.05008821449624,-15.50845551229878,176.8555742370614
140.1566519867378,-565.5481516310463,35.345276717108085,-182.04702161609856,-15.51060168056342,176.8451097894481
140.1526908779456,-565.6902165001204,35.45120179840393,-182.04362223628152,-15.513350016685877,176.83463581427438
140.14941980992305,-565.8306494348224,35.37776172849086,-182.04030183842787,-15.516206832938625,176.8241641624232
140.14879904968853,-565.9730253809121,35.48209943635557,-182.03704231214547,-15.518809995228027,176.81370352247683
140.14912962404605,-566.1137650269349,35.41371030077556,-182.0341521001498,-15.521059497355608,176.80326025627397
