0,1,2
138.3719027777778,-602.06662,10.157299444444442
138.38554607338273,-602.0623533333334,10.130529666666666
138.39942283457117,-602.0572940148149,9.984875622222221
138.41273826382826,-602.0478814540115,10.016999355555555
138.4261627183719,-602.0377321122827,9.74648003111111
138.43900738573046,-602.0233130938956,9.653738484444442
138.4519640826051,-602.0082452106606,9.657922776
138.46475891236076,-601.988995186573,9.448870223466665
138.47733939778053,-601.9691825124354,9.41759544871111
138.48928742520715,-601.9452724218754,9.281852397617778
138.50134970020065,-601.9208829026524,9.323887124302225
138.5128526056854,-601.8924777041922,9.026863170040887
138.52449070705703,-601.8636733549295,8.907616993557326
138.53557966127545,-601.8309321706956,8.965411026265604
138.54640107649212,-601.7978692718656,8.63371659875184
138.5574257460031,-601.7609455913442,8.479799949015856
138.56833427107327,-601.7195082246075,8.503661077057648
138.5790644237876,-601.6777574520657,8.246619039810149
138.58960629541437,-601.6322711204614,8.167354780340428
138.5999605819827,-601.5866845937607,8.132491706729368
138.61013009057484,-601.5417263697536,8.004642913118142
138.62011801056065,-601.4932665454713,8.054571897284692
138.6299275624076,-601.440528940857,7.740180576562724
138.63915126033388,-601.3876858261086,7.603567033618533
138.64853727266106,-601.3313064891876,7.644731268452119
138.6578222579153,-601.2750217472905,7.349622396262673
138.6665443179647,-601.2152897518384,7.232291301851006
138.67544041256355,-601.1557178273887,7.281175265112232
138.6838341251713,-601.0927584956203,6.969082990381981
138.69200798413488,-601.0300171039955,6.834768493429508
138.70043228859765,-600.9682116224137,6.878231774254813
138.70878686983016,-600.9032056674675,6.573368111994697
138.71700868570574,-600.8384841469855,6.446282227512361
138.72508701601748,-600.7704733305765,6.496974120807801
138.73343242407427,-600.7027719199264,6.185604844446721
138.74130189076544,-600.6360952549352,6.0520133458634175
138.7485535812128,-600.5663051627556,6.096199625057893
138.75598924792502,-600.4926182886717,5.789745366385603
138.76335595818585,-600.4192000493049,5.661068885491091
138.77019343949937,-600.3426130407304,5.710170182374357
138.77682783084475,-600.2622148491027,5.392902884786727
138.7829165817418,-600.1821978618123,5.2534133649768755
138.78963094231423,-600.0991284680973,5.291701622944801
138.79637493169358,-600.0166300244747,4.99822301097092
138.80302893231868,-599.931152415402,4.882522176774817
138.8095703005174,-599.8462946547908,4.9278195675618
138.815585442772,-599.7585010631337,4.61422041894155
138.82140979114797,-599.6713689252377,4.478399048099079
138.82711314557127,-599.5813416240552,4.520355455034385
138.8331218534967,-599.4920156784988,4.218806915332267
138.83910617494317,-599.4041004175155,4.095036153407927
138.84500050874436,-599.3134509771586,4.149043169261365
138.85079301449136,-599.2192772707455,3.8209832899393574
138.85648277232355,-599.125738070501,3.6707011883951277
138.8616603929058,-599.0293894401162,3.6981968646286765
138.86666194876761,-598.9295825486687,3.4284619324704253
138.87196782511307,-598.8305034807981,3.336504778089952
138.87684843753613,-598.7287124354971,3.3295660732825487
138.88198525068688,-598.6278266895765,3.1355867794143917
138.88668958041836,-598.5242901563629,3.1193852633240127
138.89124050744314,-598.4216959852741,2.9457841542784022
138.89569602963115,-598.3164827370437,2.9499608230105703
138.9000691034251,-598.2122420395818,2.7315277073553568
138.90436349271295,-598.1054117199709,2.6908723694779204
138.9089917360075,-597.9995828404758,2.571069668363836
138.91362092619875,-597.8954593708456,2.6290447450275285
138.91859513506438,-597.7888911836454,2.2922551319229596
138.92315693669437,-597.6790830227046,2.1332432965961687
138.9275713779207,-597.5701885830825,2.152009239047155
138.93148289723555,-597.4587589419765,1.90147972121054
138.93523820167115,-597.3484070376917,1.8287279811517028
138.93890885435675,-597.2355734634098,1.7795373648367003
138.9429210385208,-597.123848299296,1.678512276285261
138.94735513347243,-597.0096671306611,1.6962199155428723
138.95181054789782,-596.8923520044092,1.457415998065016
138.95579619365725,-596.7760785684294,1.3963898583649377
138.9596312009438,-596.6574004704825,1.3260998101495545
138.9633815382099,-596.5399293064239,1.2761903606678422
138.9670616033419,-596.4201035634766,1.181443593972054
138.970675275343,-596.2972444264287,1.1853389251472324
138.97381360760502,-596.1755259405099,0.9675247521173954
138.97722290452705,-596.0515000255057,0.927488356865336
138.98063790660262,-595.9287765488087,0.8063239819754221
138.98359481412385,-595.8080589603308,0.8629373848632859
138.98641804893833,-595.689459421866,0.5338403429544298
138.98958506320523,-595.5687035757288,0.3825210788233516
138.99236512471523,-595.4492338845354,0.40897959247005117
138.99543892368797,-595.3274538821611,0.14622330689175658
138.9981170872345,-595.20267713314,0.06124479909123979
139.0006780342587,-595.0790756374422,0.04364996069682118
139.0035897822874,-594.9574670803479,-0.12218895039101349
139.00611961232283,-594.8337199882308,-0.11025008370107038
139.00853707895467,-594.7113051477525,-0.3410631459745009
139.0113083578248,-594.586631102,-0.3940984304701536
139.01370031873196,-594.4632783571766,-0.4866652490241621
139.015982397047,-594.3376775560209,-0.49226269264978784
139.01821004261865,-594.2134134661043,-0.6891927611178558
139.02080578623796,-594.0869173632697,-0.7083450518081459
139.02302756555753,-593.9617739135364,-0.8754544567339521
139.02514295337798,-593.8344141457083,-0.8647860838819805
139.02720697738292,-593.7084224531815,-1.0928040597118736
139.02923137361668,-593.5802295908975,-1.143044257763989
139.0312190528831,-593.453419682037,-1.24176026649378
139.03317111953984,-593.324423215898,-1.2338294917326842
139.0354989676155,-593.1925573880442,-1.460521640651539
139.03745819813565,-593.0619931129546,-1.5094360117926164
139.03931584053285,-592.9335460625524,-1.6110688397266908
139.0411267455025,-592.8030825929156,-1.5967210627161714
139.04331321456038,-592.6740713198891,-1.8375306165837582
139.04513303332044,-592.5429186465121,-1.9005623926735673
139.0472643068208,-592.408936308864,-1.9758373741648765
139.04942755982387,-592.2762935649417,-2.019476859328441
139.05115577579585,-592.1415385476781,-2.1327144364130435
139.05277240529006,-592.0082775915474,-2.092836211271362
139.0539330587581,-591.8729440479082,-2.3898127510275065
139.0558073432827,-591.7391207304989,-2.509011513005874
139.05738703086095,-591.6075027232945,-2.460719125542355
139.05888533238215,-591.4739310120112,-2.7762068224065404
139.0603460475147,-591.337601579806,-2.9139167414929483
139.06177847075435,-591.2026595108965,-2.873848882801578
139.06318486337378,-591.0699140907375,-3.175943060811481
139.06497671450745,-590.939495935193,-3.300259461043606
139.0664095065723,-590.8071314018948,-3.2467980834979535
139.06775010933626,-590.671993444186,-3.5736575585428336
139.06946387455628,-590.5382227636603,-3.7227392558099357
139.07081723205104,-590.4023613882498,-3.6940431752992606
139.0720792602497,-590.2680141245348,-3.9664189968671906
139.07371574041034,-590.1316137331318,-4.061017040657343
139.07540383657886,-589.9967426328689,-4.062145788763452
139.0770782474701,-589.8640955575933,-4.268906987374457
139.0787261074621,-589.7295131568302,-4.297890408207683
139.08075588770993,-589.5964577517805,-4.443371326819029
139.0824225173565,-589.4613334227452,-4.411074467652597
139.08358214703898,-589.327717077148,-4.696072446707636
139.08503455088425,-589.1963026495981,-4.8032926479848985
139.08611418648516,-589.0629309441828,-4.78135309406381
139.08751458028647,-588.9310646252268,-5.043565001579092
139.088959209016,-588.797108148988,-5.127999131316596
139.08998147223366,-588.6646388000659,-5.156188934782976
139.091315390161,-588.5300842184582,-5.308116256045829
139.09228200108637,-588.3927595888075,-5.282265799530905
139.093161403256,-588.2568340109477,-5.553081692752627
139.09442152328808,-588.1231214072201,-5.6461198081965716
139.09615053185217,-587.9874864220163,-5.655380843108783
139.097538061112,-587.8533959914181,-5.853651899635252
139.09883756076147,-587.717254868976,-5.874145178383942
139.09969030604944,-587.5826398374622,-6.047705298470156
139.1004415725321,-587.4459778823601,-6.043487640778592
139.1015725252415,-587.310850179235,-6.266711376588922
139.1027633305355,-587.1779511427276,-6.312157334621474
139.1039491704489,-587.0431212925073,-6.426121115838749
139.10470648534076,-586.9098228596364,-6.394046130494078
139.1057779911943,-586.7787265101697,-6.683256431585686
139.10648642937912,-586.6456683921317,-6.794688954899518
139.1075228451316,-586.5141103025028,-6.768182736942423
139.10819944959576,-586.3804566002747,-7.045141749781365
139.10879446898326,-586.2482846281808,-7.144322984842529
139.1097753755241,-586.1182887812723,-7.144769601041301
139.11040884215814,-585.9863103225571,-7.362432378737335
139.1105531448409,-585.8515457017821,-7.402317378655591
139.11141889576194,-585.7181405009796,-7.528515267724316
139.11200595676198,-585.5826378359163,-7.476935379015263
139.1129395971325,-585.4486428270152,-7.809056467508513
139.1135186082696,-585.3168550561396,-7.963399778223985
139.1136077920683,-585.1831163811662,-7.939965311161679
139.11400840867418,-585.0508895865283,-8.210166472032085
139.1144656141831,-584.9165790601479,-8.302589855124713
139.11533830166096,-584.7794953149054,-8.313203301209821
139.1158710073107,-584.6438065613783,-8.508499053155917
139.11632814033663,-584.5060599351333,-8.526017027324238
139.11676365739038,-584.3698607974735,-8.701422373042822
139.11718865722932,-584.2359082119332,-8.69904994098363
139.11801617584987,-584.1043100402554,-8.922914624847188
139.11850176240634,-583.9707877031252,-8.96900153093297
139.11891205643008,-583.8387795172547,-9.08155522643314
139.11930145665445,-583.7046849447241,-9.047881985221652
139.1196811399825,-583.5720802176709,-9.340608449220264
139.12046414665724,-583.441659393609,-9.455557135441097
139.12090601523974,-583.309263557421,-9.41661491464415
139.12168403851726,-583.1783556818112,-9.720933133730767
139.12210756084718,-583.0453405325479,-9.847473575039604
139.12286482622557,-582.9137956995658,-9.796236238570666
139.1232674035505,-582.7844157896867,-10.122903267691221
139.1240039843872,-582.6530422675909,-10.271792519033998
139.12438622344325,-582.5231384464771,-10.242903992598997
139.12469215785438,-582.3911094199044,-10.525104084089334
139.12497848026936,-582.2605330983957,-10.629526397801891
139.1252568081441,-582.1278377366947,-10.618442640967597
139.12552957866987,-581.9923391232104,-10.856771794891932
139.1257973583228,-581.8582069507612,-10.917323171038486
139.12647099804616,-581.7219890574161,-11.002755476849398
139.12721622912971,-581.5872913410417,-11.038150181843172
139.12796517964324,-581.4548133609165,-11.178927164190204
139.12870422230213,-581.3203967926473,-11.14192636875946
139.1290201058945,-581.1875042090537,-11.44197345204043
139.12965753177357,-581.052539783584,-11.564242757543623
139.12993953383085,-580.9148138171237,-11.513895618769933
139.1301464404278,-580.7784943117658,-11.843304657405385
139.13033538526113,-580.6401281982604,-11.994935918263058
139.13092871719297,-580.5033206367395,-11.968789401342955
139.13118382137927,-580.3687704931574,-12.244957071900515
139.131367651868,-580.2365854352049,-12.343346964680299
139.13153461313917,-580.1024866929805,-12.345534533898109
139.13169582600653,-579.9656457293466,-12.559367214952262
139.1322642630546,-579.8302025040248,-12.595422118228639
139.13290606050074,-579.6969651300142,-12.734746664353944
139.13355340224064,-579.5617971911408,-12.69629343270147
139.13337131286784,-579.4281655277589,-12.999535875670244
139.13302592698807,-579.2967416586877,-13.12500054086124
139.13265279396163,-579.1633618212834,-13.072687428274461
139.13310075161996,-579.0314877478999,-13.397020720409824
139.13452788979527,-578.8975237030309,-13.543576234767407
139.13654123366436,-578.760780263614,-13.512353971347213
139.13864318444828,-578.6254257408704,-13.78089006198275
139.14032229553737,-578.4922740435626,-13.87164837484051
139.14230362466313,-578.3571899577038,-13.867126753220106
139.14431721849306,-578.2236405900226,-14.07222098745166
139.14548729415156,-578.0922975347615,-14.099537443905437
139.14606135843314,-577.9589970654372,-14.225187017484904
139.14568672263616,-577.8272009421974,-14.173058813286593
139.14553834164371,-577.697580121927,-14.464085751411766
139.14666932191963,-577.5659711916944,-14.577334911759163
139.14886320050752,-577.4358364109216,-14.51280629432878
139.1520597902623,-577.3035805991452,-14.821716808231177
139.1545901263073,-577.1727815527132,-14.952849544355795
139.15695122460883,-577.0398674457883,-14.906204502702638
139.16047689529694,-576.9084206607299,-15.161669816561808
139.1641853375903,-576.7748701387657,-15.239357352643202
139.16911136969216,-576.6427982546217,-15.21189010659747
139.17421086063246,-576.5129004537272,-15.415763381231411
139.17844940613597,-576.3810182382064,-15.441858878087576
139.1799897032383,-576.2506147979367,-15.513796340559571
139.18055777754603,-576.1223617394234,-15.484881478676737
139.1821571057936,-575.9920961340933,-15.673141285930082
139.18517193882738,-575.863280685787,-15.68362331540565
139.1913034396375,-575.7323206441501,-15.775809072781627
139.19838173710244,-575.6027942266616,-15.690217052379822
139.20431672477886,-575.4711300208292,-15.993765719486012
139.20952797511728,-575.3366441482553,-16.11953660881442
139.21575236242776,-575.2035066302989,-16.067529720365055
139.2208588525131,-575.0682656279655,-16.273692430509218
139.22114824862774,-574.9345273563456,-16.302077362875604
139.2204701100924,-574.802991686287,-16.326677622780668
139.22042944259738,-574.6695005994037,-16.350203273211747
139.22051684769255,-574.5375169690577,-16.36669217559671
139.22186240198883,-574.4077119305399,-16.389261034794234
139.22467244935314,-574.2759220598242,-16.393757100115238
139.22896920799073,-574.1456095674971,-16.428612423075702
139.24048708831575,-574.013179217405,-16.39667737922935
139.2508213831247,-573.8779420829613,-16.51168114235799
139.2591275397487,-573.7440669642262,-16.448907127708857
139.2603339367304,-573.6081015836546,-16.62235573771473
139.26010322413768,-573.4736518805729,-16.618026569942828
139.26123281532028,-573.3371508198774,-16.667596961263236
139.2654948464056,-573.2021808360778,-16.593887878136112
139.27155652769602,-573.0651699740937,-16.78199274990467
139.2778919284491,-572.9296995353988,-16.792319843895456
139.28213685850622,-572.7921972053786,-16.78144734822684
139.2797379887522,-572.656244085787,-16.831311727586684
139.27768892073917,-572.518267697093,-16.752255426328365
139.27573895537492,-572.3818489854401,-16.95682462243
139.27630232115897,-572.2476819864278,-16.983616040753855
139.2785923408593,-572.1158734828183,-16.941222475996923
139.28160756661825,-571.982144621452,-17.041634985128837
139.2851356170448,-571.8499336101181,-16.96426971648297
139.28789294457658,-571.7156398365075,-17.141619974170542
139.29045691220452,-571.5828394663329,-17.14119245408034
139.29212440920097,-571.4522264932214,-17.149279664945457
139.29276756322494,-571.3196419395844,-17.124533134375536
139.2940180349083,-571.1885487168274,-17.176721279407143
139.2966059634152,-571.0553515305256,-17.059653138115387
139.3010672438591,-570.9193612448312,-17.30554793784614
139.30542907870188,-570.7847464233214,-17.37366495979911
139.30929832277337,-570.6480545498879,-17.264004203974306
139.3121926861082,-570.5128913282695,-17.48420186678888
139.31320646457274,-570.3756894917216,-17.526621751825672
139.3142403745473,-570.2400312471965,-17.40754511585584
139.31567427299308,-570.1023444161092,-17.643760826100593
139.31757844257746,-569.9662100804183,-17.702198758567565
139.32078336264433,-569.8323223765809,-17.58285891325676
139.32379218505568,-569.6965215131244,-17.800851906273863
139.32548521801712,-569.5580027411353,-17.841067121513188
139.32689101439763,-569.420910432197,-17.712739425764454
139.32863003658008,-569.2860531731515,-17.95990657863389
139.3320554156074,-569.1492942273243,-18.029295953725555
139.33576934950204,-569.0140999602592,-17.92090755103944
139.33866684064358,-568.8768747251892,-18.081907814726673
139.34053672336051,-568.7369282776392,-18.065130300636127
139.34505271272724,-568.5984279370695,-18.005784831635328
139.35167636268622,-568.4621866005173,-18.035391974548197
139.35945045285314,-568.3283347193328,-17.88722133968329
139.36487828844596,-568.1925977337544,-18.107543403052752
139.36688145501773,-568.0541475422032,-18.150087688644437
139.3677605316385,-567.9171237788482,-18.014854196458344
139.3688129545127,-567.7823340835448,-18.206714545934418
139.3707081899567,-567.645641544185,-18.220797117632713
139.3748001445661,-567.5105125076846,-18.074761237674238
139.3805052463208,-567.3733513402753,-18.285686395805104
139.38604117161296,-567.2377344832875,-18.31883377615819
139.39064319511957,-567.1000885947942,-18.174203378733495
139.39211476504585,-566.9639945304141,-18.396134253067817
139.3921179819282,-566.8301463908833,-18.440287349624363
139.39223814911728,-566.6943843876403,-18.30666266840313
139.3944351084343,-566.5601704490342,-18.476181855978734
139.39907129164442,-566.4239082771489,-18.467923265776555
139.40454004947196,-566.289174409497,-18.371037941999123
139.40804243322273,-566.1523957510316,-18.46913143208725
139.40945906381154,-566.0171534308795,-18.389447144397593
139.41167039613285,-565.8798751580543,-18.43559702175928
139.41441988540765,-565.7441420967971,-18.303969121343187
139.4176485688924,-565.6106485036136,-18.436195835591924
139.42298228327618,-565.4752347129255,-18.390644772062885
139.42866114656857,-565.3413627677597,-18.347603778493436
139.43186249580918,-565.2054364815851,-18.31313840879066
139.42876992305025,-565.0710325010566,-18.264507111025658
139.4248732158151,-564.9345778382693,-18.247040854997554
139.4245706570765,-564.7953870609009,-18.165711951592716
139.42663389776143,-564.6576286627835,-18.22958131686114
139.42873028779692,-564.5221159710671,-18.115672904351786
139.4295714923776,-564.3889797122465,-18.25591763409459
139.42809458495768,-564.2539455667973,-18.21838458605961
139.42535194893208,-564.1204523296462,-18.209401736181004
139.42239517356435,-563.9848991779722,-18.147009339247273
139.42190340002236,-563.8508619104397,-18.211518834723705
139.4239667320692,-563.7147674608736,-18.098250552422364
139.42404596228914,-563.5801971404059,-18.279387440151982
139.42208457864723,-563.44784553476,-18.282746550103823
139.41933052302255,-563.3178200060254,-18.216700508209772
139.41563576845905,-563.1858422779707,-18.31274668926557
139.41303919950607,-563.0553511266286,-18.23101509254359
139.4111098633225,-562.9270131647816,-18.370970383109725
139.40975207980742,-562.7966644251798,-18.33314789589808
139.40852791752494,-562.6635007121014,-18.367102256652583
139.4081692231303,-562.531667888247,-18.24314755188156
139.40223583485573,-562.3977095312878,-18.48069412460004
139.39527189377176,-562.2652312532288,-18.54046291954074
139.38820088484354,-562.1306664597934,-18.42245393670366
139.3910721389179,-561.9933315070115,-18.637519032278565
139.39424656553484,-561.8573957305777,-18.674806350075688
139.39250492370394,-561.7236730982339,-18.534315890095034
139.3877515048673,-561.5880282610349,-18.784738902052474
139.38575044591965,-561.4539281538827,-18.85738413623213
139.39090254067705,-561.3220441942636,-18.752251592634014
139.4015222141611,-561.1882124804661,-18.915489855216542
139.40281059025654,-561.0516279335399,-18.90095034002129
139.4022143833031,-560.9164353557667,-18.850782606784172
139.40987907246097,-560.7791772440412,-18.860198731016936
139.41908693192863,-560.6391914742254,-18.738530368815965
139.42271958034584,-560.5006510815177,-18.919345654546994
139.42600685555325,-560.360103449817,-18.922383162500246
139.42959074820465,-560.2211532699683,-18.795945978336423
139.43235988231604,-560.0844987608258,-18.954353116830166
139.43533734814537,-559.9459802499545,-18.934982477546132
139.43995857858204,-559.8047923131143,-18.85784321730434
139.44525350444067,-559.6650784972932,-18.903094478725166
139.44937586377145,-559.527646546612,-18.770567962368215
139.45156063624177,-559.3926255567018,-18.937671187242394
139.4549712634648,-559.2557403908023,-18.9269966343388
139.45857855494015,-559.1204292009533,-18.840126872948932
139.46176320889828,-558.983090565459,-18.92088657022886
139.46317359805224,-558.8430330347625,-18.823868489731005
139.4642090753774,-558.704423654351,-18.936355377937392
139.46186773243707,-558.5638085707403,-18.871064488366
139.45806121343213,-558.4247922054566,-18.918448445423063
139.45401579637343,-558.2838060388112,-18.78805462470235
139.4540903567466,-558.1444310484858,-18.983365474732366
139.4578642966364,-558.0030938488422,-19.000898546984605
139.46314577195108,-557.8633743363968,-18.889572010251904
139.46660030670182,-557.7259654833456,-19.057036168841623
139.4684065444011,-557.5867063547502,-19.046722549653566
139.46739165619837,-557.4447910786525,-18.996658734089515
139.46459497678077,-557.3043629236478,-19.029344906108214
139.461892380783,-557.1619627266218,-18.8846815498893
139.4608897050568,-557.021193368438,-19.130187155793127
139.46229638477294,-556.8784855644502,-19.197914983919176
139.46457559613273,-556.7374196934028,-19.087865034267445
139.463299120593,-556.5944218124426,-19.252520701279032
139.46091899532553,-556.4530712771405,-19.239398590512838
139.4591733241163,-556.3140605296941,-19.195513456420688
139.45881314882035,-556.1732281148937,-19.22400741809009
139.4616116396446,-556.034034316522,-19.08856692463963
139.46582339626784,-555.8971478865683,-19.30438134356397
139.46861346106778,-555.7626697595242,-19.342417984710533
139.4698475065815,-555.6263192042022,-19.202676848079317
139.46787635292395,-555.4872667044559,-19.432653126445768
139.46816863806197,-555.3496514513768,-19.48485162703444
139.46890945401492,-555.2100141756747,-19.359272349845337
139.46972944008172,-555.0719584478137,-19.562792981883586
139.4701429314806,-554.9319158220949,-19.58853583614406
139.4741670209571,-554.793467534148,-19.43650091262676
139.47926666522102,-554.6530404894064,-19.65122307769816
139.48409822550175,-554.5142148779422,-19.688167464991785
139.48880745346187,-554.3734172951631,-19.547334074507628
139.49095946149356,-554.2342277726318,-19.742113311350543
139.49174808586974,-554.0930727798037,-19.759114770415685
139.4938972619682,-553.953532230592,-19.598338451703047
139.49793064901763,-553.812032480137,-19.813493463981963
139.50515995897484,-553.6721533303286,-19.8508706984831
139.51087230332752,-553.5345876930023,-19.710470155206462
139.51414490121738,-553.39517458057,-19.871397572637292
139.51688300620026,-553.2573747373822,-19.854547212290342
139.52111793733087,-553.1175907013687,-19.75306511616474
139.52723644800386,-552.9751311997467,-19.823671505418844
139.5307682113224,-552.8341626956925,-19.71650011689517
139.53537684009174,-552.695497276543,-19.776124282758367
139.5405459636754,-552.5549979381136,-19.657970670843792
139.5363012253532,-552.4118633619746,-19.76995483927809
139.52735763981707,-552.2702374300433,-19.704161229934606
139.51760148249912,-552.1266607957631,-19.710354281601372
139.51193000950664,-551.984735999812,-19.558176679045587
139.50921124543962,-551.8408933908466,-19.759111404668314
139.5091768011355,-551.6987129808283,-19.78226835251326
139.51461126621408,-551.5546204653195,-19.627647522580432
139.5210622229992,-551.4121948444889,-19.843358237321546
139.52146117562913,-551.2678615447568,-19.88129117428488
139.5189996089906,-551.1251994495074,-19.74144633347044
139.51928805855727,-550.980633900509,-19.938751205484436
139.5205330756378,-550.8377437041244,-19.958278299720654
139.52318547708924,-550.6929541277223,-19.804964914623195
139.52484785459427,-550.5498439048476,-20.022499695170936
139.5250565846077,-550.4091048980705,-20.062256697940903
139.52415028318484,-550.2665750892759,-19.92423592293309
139.5250871984283,-550.1257142106917,-20.103426516839164
139.5280238764327,-549.9829238062007,-20.104839332967465
139.53214007423543,-549.8417782933922,-19.96787513748521
139.5380780789624,-549.7029691617689,-20.13534036754617
139.54429599345144,-549.5623348140326,-20.12502781982936
139.54924945733126,-549.4233355560192,-20.009162535917458
139.54976935960298,-549.2823735276199,-20.120812827190313
139.54857382205407,-549.1387570717695,-20.054685340685392
139.5462290886306,-548.9966522755789,-20.056912477662884
139.546976752241,-548.8568708573102,-19.91345988742351
139.55079803959785,-548.7152754503527,-20.090502697061247
139.55517970450606,-548.5710643803341,-20.089767728921203
139.55796668346807,-548.428381179588,-19.94343088105152
139.55957375487336,-548.2880328248847,-20.122118613031493
139.56092198864064,-548.1458808382125,-20.123028567233685
139.5621992800001,-548.0011231756235,-19.991871112433305
139.563031772512,-547.857903153497,-20.15126195743859
139.56253146536088,-547.7127608997775,-20.1328750246661
139.56012726931218,-547.5692984451259,-20.048871165654468
139.55943159960557,-547.4282123051984,-20.113924988813388
139.55908752913652,-547.2853413199834,-20.001201034194526
139.56005244973943,-547.1441453086119,-20.129439067689354
139.56003166746373,-547.001025746393,-20.0798993234064
139.55734826240464,-546.8552902855562,-20.069132094162228
139.55458116343863,-546.7111043271053,-19.982466220721633
139.55183667998764,-546.5650122472075,-20.06277736451316
139.55036953007095,-546.4206166970456,-19.96531073052691
139.54917871299327,-546.2743474117664,-20.07878443640777
139.54641565410407,-546.1297836537433,-20.014480364510852
139.54337744369005,-545.9833503523967,-20.05029598935074
139.54073807974143,-545.8386257493378,-19.908333836412847
139.54109246715095,-545.6920345247355,-20.129095017320655
139.54204056465557,-545.5471548287967,-20.17207842045068
139.54227258679254,-545.400411283155,-20.03728404580293
139.5423580939855,-545.2553819868886,-20.25637744780576
139.53994730430966,-545.1084915127107,-20.297693072030814
139.53748220871321,-544.9633179119166,-20.161230918478086
139.53545197773664,-544.8205523770107,-20.38399343407186
139.53477137185797,-544.6760322317788,-20.42897817188786
139.53519170406025,-544.5332165621028,-20.296185131926077
139.5350049124874,-544.3885062770621,-20.510875597619773
139.53511001941746,-544.2454751707804,-20.54778828553569
139.5360933445273,-544.1005474537619,-20.406923195673834
139.53888277264932,-543.953034942127,-20.615873504481034
139.54199374950716,-543.8071034272899,-20.647046035510453
139.5434803466635,-543.6592969155789,-20.500440788762095
139.54421025849777,-543.5132175415486,-20.67971899827515
139.5460122300771,-543.3652945017072,-20.681219430010422
139.551700763343,-543.2191065230481,-20.515863369081707
139.55726437202864,-543.0710780078775,-20.745790703124886
139.5619025355858,-542.9247866798427,-20.797940259390284
139.56628964512447,-542.7766567103447,-20.672312037877905
139.5689197049682,-542.6302657498981,-20.805440791871806
139.57033961624407,-542.4863045960325,-20.76079176808793
139.5743737479571,-542.3406101843382,-20.71106584263468
139.58010534943986,-542.1966412193777,-20.663108211965163
139.58773937321106,-542.0507982357101,-20.573660332771432
139.59482219754628,-541.9066546596245,-20.57549100033097
139.59758560404822,-541.7606343403594,-20.41410886503332
139.59985649186882,-541.616315405888,-20.621195784910373
139.60158591221526,-541.4743892843323,-20.65050492700965
139.60153799842192,-541.330693563533,-20.502036291331148
139.60113529924126,-541.1886875953585,-20.661911734268294
139.6002567035937,-541.0447725514787,-20.644009399427663
139.60011675756863,-540.9025224841929,-20.54953853607705
139.6001265318115,-540.762628524294,-20.64702065767062
139.59770033331876,-540.620928722191,-20.56672500148641
139.5927681128797,-540.4808830377216,-20.623620778425
139.58658172407533,-540.338893270958,-20.502738777585815
139.5843427080165,-540.1985340977518,-20.64422406832091
139.58498012140183,-540.0604972626093,-20.60793158127823
139.58700508857453,-539.9248880856238,-20.5727208305499
139.58804676697156,-539.7874264374535,-20.530429815485554
139.58682186152072,-539.6515493051535,-20.51781671529379
139.58433794906668,-539.5136548841314,-20.44930953571567
139.58040556196693,-539.3730515037972,-20.50846977523198
139.5766500738879,-539.2339060241209,-20.38985223697051
139.57462782144344,-539.0927644158428,-20.55925526559019
139.57421297704957,-538.9532309291619,-20.550880516432088
139.5724828476083,-538.8160035430556,-20.496551186802126
139.56886982299852,-538.6769223887776,-20.55272282309915
139.5653422712606,-538.5351818572818,-20.431116681618395
139.56147131705507,-538.3949253156791,-20.649395081764947
139.55799740259363,-538.2526936650913,-20.68989570413372
139.5558860806422,-538.112089842848,-20.552618548724713
139.55366486043835,-537.973811285079,-20.781874512846745
139.5530976957158,-537.8336977419153,-20.833352699191003
139.55492451954333,-537.69520992762,-20.70705310775748
139.55597038180866,-537.5547501969015,-20.916858875577894
139.55520251060935,-537.4116270657354,-20.94888686562053
139.55654859132972,-537.2700067834562,-20.80313707788539
139.56117476261932,-537.1264345594137,-21.041631944236038
139.56598049091997,-536.9845138630935,-21.102349032808906
139.57034311582038,-536.8406752333324,-20.985288343604
139.57578707381987,-536.6942320551728,-21.118366748743686
139.57931476214765,-536.5493507147564,-21.073667376105593
139.5824090249738,-536.4025756098412,-21.056951773687175
139.58619570651717,-536.2575092201849,-20.973971432341024
139.5900670167776,-536.1148477400112,-21.032073072191437
139.5922557497022,-535.9704295383408,-20.912396934264077
139.59325550518022,-535.8277139401283,-21.037131548815385
139.59523524642438,-535.6831019288929,-20.98408838558892
139.5990272729463,-535.5401673392129,-20.96223045579826
139.60312782547987,-535.3996010813414,-20.876461901337716
139.60599798646868,-535.2572409877215,-20.935997165595353
139.60734924908107,-535.116546803839,-20.817754652075212
139.6083775140611,-534.9739201191858,-20.953433070708407
139.6097372219682,-534.8329354027825,-20.911333711563827
139.61114388039275,-534.6942841959956,-20.88889807945969
139.61089547866763,-534.5538049527397,-20.832603136755463
139.6099089310704,-534.4106913625386,-20.86019601070476
139.60961011853132,-534.2690862962313,-20.712636576905194
139.60822110278218,-534.1255302067569,-20.96451355348647
139.60663380128165,-533.9793589325883,-21.038612752289964
139.60544008425222,-533.8347435018246,-20.934934173315682
139.60434206142585,-533.6924959925349,-21.094973713725768
139.60327879376476,-533.5484784765611,-21.077235476358076
139.60100559916563,-533.4061552083664,-21.062304043011444
139.59441252683547,-533.2619282762087,-21.050598529707372
139.58992569154333,-533.1193718387378,-21.008297325642996
139.58592391642742,-532.9749103028706,-21.033306641251283
139.58659695637058,-532.8321223113898,-20.90083192469083
139.58819538720195,-532.6916997913316,-21.114822078901607
139.5903668296391,-532.5494808191769,-21.151034455334607
139.59138999166058,-532.4089252264288,-21.01741167162645
139.59011383485011,-532.26643465577,-21.252725795784386
139.58757285294794,-532.1213169554231,-21.310262142164543
139.58604882221448,-531.977737725321,-21.190020710766923
139.5859818568185,-531.8322415383184,-21.41469763761947
139.5857965902201,-531.6884312390398,-21.461596786694233
139.58559029828396,-531.5427367526734,-21.33071815799122
139.58743784632114,-531.3987375282511,-21.531796030026737
139.593367663892,-531.2571253451872,-21.55509612428448
139.60126337796413,-531.1137379436652,-21.402883028028562
139.6094399767364,-530.9720347859399,-21.636798950902687
139.61180357415506,-530.828417144106,-21.692937095999035
139.6113265112508,-530.6864591674675,-21.571297463317602
139.60987743450994,-530.5468520817583,-21.73795176632786
139.60455500853763,-530.405434030565,-21.72682829156034
139.60305449833285,-530.265665065225,-21.612747047159992
139.60151837853783,-530.1239470756739,-21.711071562618535
139.59999698386184,-529.9838548260209,-21.631618300299305
139.60014461626727,-529.841813480787,-21.644360366290506
139.6022666210948,-529.7014024600135,-21.487172265554307
139.60762976522696,-529.5633144608721,-21.694433198285054
139.61520930583683,-529.4233883176005,-21.72391635323802
139.62312432783133,-529.2808179395404,-21.57562173041321
139.62688365467884,-529.1397463821216,-21.74921567840557
139.62852637651514,-529.0009809398701,-21.745031848620147
139.63013308086084,-528.8603836069418,-21.60158205192585
139.63212039746884,-528.7171528357242,-21.76451738243108
139.636210683582,-528.575432436706,-21.749674935158534
139.63984205730478,-528.436029691136,-21.629674096935915
139.64291933567878,-528.2948064264149,-21.741021718803452
139.64542958480172,-528.1552275665173,-21.674591562893216
139.64368228230913,-528.0136960424808,-21.67748457256241
139.64234032001775,-527.8695202117361,-21.541964395734627
139.64068784478593,-527.7268660203538,-21.715653673644642
139.63899676883594,-527.5865450164546,-21.711565173776876
139.63732202360026,-527.4444196598853,-21.586703873485956
139.63485302977304,-527.3039547711866,-21.732243178570425
139.63308163413973,-527.1658196989234,-21.700004705877117
139.6306536179942,-527.0258485109752,-21.660575568024615
139.62853947619809,-526.8832341345628,-21.636965893522333
139.62651817706626,-526.7421194138112,-21.573852955205126
139.62454419383272,-526.603311589109,-21.59764719728076
139.62466285931816,-526.4626726326791,-21.443663661578615
139.6251983668605,-526.3236676483951,-21.672073662345557
139.62498651559582,-526.1826997516503,-21.722705885334722
139.62462820556553,-526.0433441491667,-21.595560330546107
139.62342436641364,-525.906292951882,-21.783724995525503
139.6220685427054,-525.7673851415541,-21.794111882727123
139.62029093824526,-525.6300815863642,-21.693806508661343
139.61845425912043,-525.4907849772093,-21.841724553828282
139.61622122005463,-525.3530708645914,-21.811864821217444
139.61435133444513,-525.2133651853271,-21.790701121850176
139.61381267345558,-525.0752481179497,-21.745705704902615
139.6168368072352,-524.935146437908,-21.748439622187252
139.6201198233993,-524.7966403925606,-21.650869448605505
139.6225848131438,-524.6604233379082,-21.773968274929796
139.61991958441686,-524.5223347239498,-21.719289323476307
139.61421110635976,-524.3858357250843,-21.75742835000731
139.60756449901345,-524.2515959683324,-21.617789598760535
139.60370123978043,-524.1154505809881,-21.83813974039233
139.60538114985695,-523.9765936908119,-21.88071210424635
139.59951646840761,-523.8391693536187,-21.745506690322586
139.59222627745595,-523.7039860064841,-21.989003045399304
139.5822888895418,-523.5711734649652,-22.05472162269825
139.57278472730772,-523.4364573073819,-21.942662422219414
139.5754206027392,-523.3032763897161,-22.135237107717295
139.58250210880877,-523.1680299819737,-22.1500340154374
139.58009824847517,-523.0342939806818,-22.044727040675394
139.57254439198567,-522.9027620838094,-22.180146385151808
139.57187596889068,-522.7692750170208,-22.137787951850445
139.58368925004743,-522.6330287323101,-22.120622727335668
139.59043352761145,-522.498168328953,-22.038631554601512
139.59401297473153,-522.3655031164922,-22.099257467949986
139.5969085480705,-522.2308970696768,-21.98210560352068
139.60250260961018,-522.0978172531005,-22.115384594154044
139.60814614213697,-521.966935373297,-22.070885807009628
139.6124873052875,-521.8340878453606,-22.04432802761623
139.61527247579798,-521.698469908195,-21.98300047561504
139.61811750313316,-521.5642266776233,-21.998166423350995
139.62052337255565,-521.4321676254273,-21.84974711610967
139.6199307491416,-521.2981569154266,-22.0753167031517
139.61710241113764,-521.1656618039627,-22.123108512415957
139.6175667110229,-521.0353541871249,-21.993122543902434
139.61868293510983,-520.9030706664295,-22.17343834129885
139.62032433551678,-520.7722733305902,-22.175976360917492
139.62204742682636,-520.6393667938319,-22.09293849553426
139.62129657235118,-520.5079286431903,-22.207568466044034
139.61841716309382,-520.378653512359,-22.14442065877603
139.614331661145,-520.2473828984615,-22.224689834765638
139.61006304557452,-520.1133134811262,-22.127181232977467
139.6095180720345,-519.98059106815,-22.26424593468922
139.61177891096867,-519.8500256636968,-22.223532858623198
139.61210298046618,-519.7174819244781,-22.24034784819067
139.6112137537546,-519.5864275848196,-22.135301537808893
139.60927318124777,-519.4532683423485,-22.293649642871024
139.60673927216865,-519.3215819396522,-22.27421997015538
139.6041227335931,-519.1920629781936,-22.234810583463137
139.601937548778,-519.0605528857677,-22.2393565675194
139.60397815734345,-518.9262482662407,-22.142500291484506
139.60560290259656,-518.7932948514377,-22.268728987650167
139.6071213676991,-518.6582359039236,-22.217179906038055
139.6081863141568,-518.5246766882318,-22.253133663362483
139.60914541098032,-518.3890502610832,-22.111309642909138
139.60760391961108,-518.2549393008293,-22.35996959901761
139.60352912292498,-518.1230387898336,-22.430851777348305
139.6022927289506,-517.9891896204014,-22.32395617790122
139.60287537756622,-517.8568543519139,-22.495773607795915
139.60381354814172,-517.7224372985448,-22.489813259912832
139.60563081357213,-517.589515597403,-22.444270025255616
139.6067767190874,-517.4545167420117,-22.462310474834826
139.60571694418567,-517.316755772825,-22.335766374649452
139.605052438888,-517.1761349813298,-22.53670917283505
139.60488710491987,-517.0369421655188,-22.55987419324287
139.60523640107846,-516.9000145760026,-22.426756481679
139.60609432216154,-516.7612207796853,-22.642161224897293
139.6058079889074,-516.6197610315554,-22.679788190337803
139.6032417659699,-516.4797799650363,-22.53963737800054
139.59984539582194,-516.3420854766744,-22.7705149429203
139.5979757446073,-516.2025399588895,-22.823614730062285
139.60013580555218,-516.064608882584,-22.698936739426493
139.60348353250666,-515.9246957143263,-22.905174985491904
139.60455540276857,-515.7863760038489,-22.933635453779537
139.60186796842603,-515.6460755319212,-22.78431814428939
139.59764556111767,-515.5073742921928,-23.007162891834376
139.59276554456454,-515.3709655387584,-23.05222986160158
139.58782341084233,-515.2326886515203,-22.919519053591014
139.5903364751437,-515.0917380754736,-23.08702772010316
139.59512617102413,-514.9522573920798,-23.076758608837526
139.6003030731012,-514.8150544124917,-22.98899687584414
139.6058944560325,-514.6759916382632,-23.05291713287403
139.6069683243552,-514.5385346867846,-22.939059612126144
139.60465763918444,-514.4033538431659,-23.036891935549278
139.600470906393,-514.2662841264505,-22.95694648119463
139.6025445087216,-514.130786071087,-22.989573147441515
139.6087171312855,-513.9975294314478,-22.844422035910622
139.61685376948662,-513.8623496138284,-23.001699370167476
139.6252674897386,-513.7287077180191,-22.981198926646556
139.62663029793495,-513.5930074246456,-22.868945235725917
139.62533154155915,-513.4588254114873,-22.972650022417987
139.62269761013738,-513.3225887541145,-22.898577031332284
139.62147677073105,-513.1836120892482,-22.913583833943058
139.62343235722165,-513.0417973132281,-22.75081285877605
139.62640786055036,-512.901431836236,-22.970356115254575
139.62872191786607,-512.759085861389,-23.012121593955317
139.62963877494178,-512.6183682630578,-22.876109294878283
139.62902937444662,-512.4799776569838,-23.055581686181092
139.62689138946658,-512.3397540046476,-23.057276299706125
139.62324431670925,-512.2011580350033,-22.938493927728835
139.62017040698683,-512.0648587445768,-23.084760923856653
139.62177395880963,-511.92669060212427,-23.053250142206696
139.6214137524267,-511.7858470806259,-23.007519639614387
139.61984458400445,-511.64220492451307,-22.993072523095247
139.6201110513475,-511.50004595214205,-22.914502401659576
139.62074085608583,-511.3602054330153,-22.97700289104027
139.62266637108027,-511.2185507808095,-22.86172560264319
139.6248236430238,-511.0785479459302,-23.00968230378344
139.62699658515618,-510.9365999592791,-22.97986122714591
139.626265312816,-510.7962817580837,-22.939814262415144
139.623731597899,-510.6582851506186,-22.936362029267276
139.62087342952327,-510.51844881365025,-22.852401386637034
139.61963368662825,-510.3802333142404,-22.950259689312453
139.61832459406165,-510.24004104722275,-22.8703402142101
139.6170202497661,-510.10144727225895,-22.95930794832417
139.61491407246587,-509.96087764050526,-22.870497904660464
139.61349881641965,-509.8219120499341,-22.97902488960951
139.61306320604356,-509.6852436671099,-22.909774096780772
139.61282972014905,-509.5467117872796,-22.98937206322621
139.61263997983914,-509.409777439228,-22.891192251893873
139.61081902050833,-509.27084344159323,-23.057932725713904
139.60705327101715,-509.13348546423043,-23.046895421756158
139.60295212082002,-508.9941295599334,-23.0125214904632
139.60212932906228,-508.8563560208884,-23.029488139307713
139.6019739109196,-508.71659173411587,-22.933505511849788
139.60195417789134,-508.57841705654295,-23.095412181146116
139.6003191958668,-508.4382587851133,-23.07954107266466
139.59756130600957,-508.29969715699474,-23.060501955768302
139.59585183568598,-508.1591588451384,-23.05313290182918
139.5939656950693,-508.02022396363645,-23.020089709384134
139.58878215661608,-507.88358573096446,-23.043529621652123
139.57808308225356,-507.74508346070104,-22.94270670355144
139.5688988431001,-507.6081781929852,-23.10586112337294
139.5642566357231,-507.4735394229197,-23.09123776541666
139.56223330165076,-507.3370021482253,-23.078854486253803
139.56117318521282,-507.19776036940067,-23.075644367078755
139.56114212284666,-507.05995801727113,-23.052253295930527
139.55967464640403,-506.9244034061553,-23.06855987467885
139.5616385357,-506.78695956437815,-22.99753162365477
139.56426076727368,-506.65109263332954,-23.118639998129968
139.56821115112052,-506.5174734141126,-23.06197059482739
139.56867142662952,-506.3819374328242,-23.15618994875973
139.56719513433035,-506.2479457219665,-23.072631524914293
139.5645294135156,-506.11190185841605,-23.230707168485363
139.56454016391598,-505.9773824103864,-23.21100503427866
139.5638540556648,-505.8408143442773,-23.22859684064452
139.56262766700067,-505.705778855937,-23.164141977750734
139.56131066422606,-505.5687037212069,-23.270788898339283
139.55917115822436,-505.43317017022605,-23.199658041150055
139.55648691344038,-505.295605857609,-23.33039303807747
139.5533212301591,-505.1595918628887,-23.28335025722711
139.54928294889612,-505.02155568633935,-23.351690597320125
139.54594891470367,-504.8850782546017,-23.242253159635364
139.5452689250783,-504.7465869175223,-23.45726263365295
139.54512941532988,-504.6096624539462,-23.494494329892753
139.54551065236217,-504.4707320685529,-23.358629042609625
139.54434795004613,-504.3291097309438,-23.608277563521398
139.54289299607117,-504.1889631872487,-23.68014830665539
139.54386606222093,-504.0511049976245,-23.574241272011605
139.54202200434375,-503.91139846195586,-23.743883859339046
139.5408745260399,-503.76904252780787,-23.735748668888707
139.54275912778655,-503.6239146650273,-23.69499008787945
139.54727845342956,-503.48029645723545,-23.72600296609981
139.55308178233162,-503.3390227505077,-23.585020856237236
139.55618293120776,-503.19596050337725,-23.803625942379348
139.55746576107248,-503.0545752112366,-23.84445325074368
139.55918979355462,-502.91126945647113,-23.707502781330238
139.56097754698715,-502.76961773547055,-23.950137814039813
139.56316328544986,-502.6260447568106,-24.014995068971615
139.5645762015271,-502.48412945342636,-23.902074546125633
139.56622512498748,-502.34456403607874,-24.0495468074979
139.56871913190196,-502.2031868596518,-24.019241291092385
139.57093601852003,-502.0634580290293,-23.97085920496229
139.57306595202468,-501.92177945538094,-23.957545127781838
139.5755588691857,-501.7817259172861,-23.852980097578836
139.5789102615895,-501.63972259217695,-23.958568052914327
139.58074301812763,-501.4993489125109,-23.886378230472033
139.58265664828855,-501.3570309209333,-23.911339839845073
139.5849699037673,-501.21634814507576,-23.758523671440333
139.5889746291206,-501.0737265673967,-23.96086324193076
139.59243758124376,-500.9327456251247,-23.985425034643406
139.59368959451294,-500.7940978722242,-23.832209049578278
139.59037139137814,-500.6536219696837,-24.058930438943786
139.58659700385158,-500.514778316718,-24.107874050531517
139.58319572629148,-500.3739691122873,-23.97903988434147
139.5819725555611,-500.23476941735987,-24.18032038329291
139.58284684684705,-500.09360468666097,-24.20382310446657
139.58453886283797,-499.95405462497774,-24.04954804786245
139.58431524843135,-499.816812209086,-24.259797616835954
139.58206724379454,-499.677716547823,-24.29226940803168
139.58109077717768,-499.5402284868904,-24.14696342144963
139.58120383902335,-499.4050173317794,-24.35158236970792
139.58112253190413,-499.2679178942609,-24.378423540188432
139.5810035073599,-499.1323906589278,-24.227486932891168
139.58046796545747,-498.99910536248996,-24.44919369116737
139.57903540334604,-498.86389740026937,-24.493122671665798
139.57703314474284,-498.72596119591043,-24.35927387438645
139.57617742340807,-498.5894411024748,-24.50578745062324
139.58049473534155,-498.4508791836637,-24.474523249082257
139.58742969660338,-498.3138795581784,-24.371848492472424
139.59437711272628,-498.17914083047634,-24.43567784590294
139.5954753232365,-498.0425038997915,-24.32172942155568
139.59456674029698,-497.9074306093021,-24.429162621786322
139.59285905406932,-497.7703244225387,-24.358818044239186
139.59430294538814,-497.6304949445101,-24.34682055928733
139.59882239465082,-497.49210949413816,-24.201759026181414
139.60471401222387,-497.35598099792503,-24.344741510125534
139.61079627156465,-497.22223994226766,-24.30994621629188
139.61600882268166,-497.08661180306854,-24.219740307170365
139.61891818698246,-496.9525351806963,-24.260838640571027
139.6205042029611,-496.81640906254097,-24.12415919619391
139.61892654815915,-496.6818090611317,-24.281600640490232
139.6155048191805,-496.54942859420277,-24.26126430700878
139.6121736066231,-496.41937477858846,-24.176848685112425
139.6097309857063,-496.28736928083697,-24.23340749772885
139.60955593372623,-496.15258419151485,-24.112188532567504
139.610658218495,-496.0191601273713,-24.25911558925581
139.60912384923017,-495.88363918828674,-24.228264868166335
139.60502886018813,-495.74962628312545,-24.199880454563175
139.60335643147928,-495.61355427940003,-24.17547105337901
139.60301363382314,-495.479005702237,-24.1564179582064
139.60212030438865,-495.3424087234838,-24.125580989808363
139.59989757372824,-495.2030781103326,-24.12066854250626
139.59744057499202,-495.0651823612445,-24.04932125990422
139.59497166662265,-494.929534768956,-24.124130614962038
139.59253548969016,-494.7919993515622,-24.021162192242073
139.5905511735614,-494.65177576175023,-24.184339833337102
139.58745167320055,-494.5130088285098,-24.169739696654354
139.58458388444288,-494.37650680074523,-24.157305330689734
139.58139255766812,-494.2423991162486,-24.14480671358968
139.5790050221597,-494.10641094302935,-24.13714989343202
139.5755784231873,-493.97198072608484,-24.12354156444555
139.56870563426304,-493.8355073301473,-24.123026554882454
139.56411779812422,-493.7005662533756,-24.093706242587924
139.56457309065647,-493.5678508024178,-24.12305715185811
139.56767320031804,-493.433201318592,-24.023331373685927
139.56879240517915,-493.3000800430737,-24.212274752331396
139.56744617816662,-493.1648910229131,-24.22344035319909
139.56562601111906,-493.03121114211086,-24.17312314240128
139.56537960955143,-492.8954676474849,-24.267465450600906
139.56134302101316,-492.7612420042401,-24.184029981022757
139.55085113767333,-492.624962251531,-24.35593290298358
139.54250630215844,-492.4902098778564,-24.350058047166623
139.54539400275812,-492.35341279152544,-24.332529396630587
139.55459558550547,-492.21815232122435,-24.34063909447653
139.56205263328334,-492.0808562119291,-24.301741759215464
139.55960405161,-491.94510563061164,-24.36156300790092
139.56424916831912,-491.80732816315736,-24.243606478808594
139.5714807386004,-491.6711048202351,-24.482054842811706
139.57748230615212,-491.5371297008741,-24.542725429037038
139.5798654064194,-491.4012429834785,-24.425618237484592
139.58190158691488,-491.26263989090114,-24.62459805889997
139.58219498000008,-491.1254647672708,-24.64580010253757
139.58090364290155,-490.9862595058547,-24.549900495423735
139.58013505878282,-490.848628025044,-24.68342540885195
139.57989262290081,-490.7132687258591,-24.63917254450239
139.57852686464318,-490.57602230636564,-24.677872846071423
139.57859853269449,-490.44035041188766,-24.54347707150843
139.5789566667287,-490.3026563115787,-24.785192219991462
139.57895633383092,-490.16224941953016,-24.84912959069672
139.57888431228133,-490.02329686715393,-24.735289183624197
139.58003275508563,-489.88661139679044,-24.912984301405974
139.58346406846306,-489.7480566472969,-24.912901641409967
139.58689071060928,-489.6110985984145,-24.840329715623398
139.59068012848763,-489.47214107079407,-24.927234174576075
139.59572020756926,-489.3347599322633,-24.836360855750975
139.59929429332234,-489.1953812699651,-24.95412749049953
139.5984159045235,-489.05758537722164,-24.894116347470305
139.59419373567718,-488.9177991355304,-24.948686639912374
139.58853974833386,-488.7796028950425,-24.825479154576666
139.58473492066668,-488.6394234457712,-25.019081400093008
139.581764704706,-488.5008410180216,-25.034905867831565
139.58105876526912,-488.36028227799335,-24.908536483251172
139.58122638783126,-488.2213273331452,-25.085596240439145
139.58238944993897,-488.08466939543763,-25.08487821984934
139.58620083640582,-487.94614777205004,-24.985504976258024
139.59254101469253,-487.8092234968368,-25.089071889936697
139.60053055769646,-487.67456605872815,-25.014861025837597
139.6042154556989,-487.53801044938245,-25.048969371300068
139.6053443505961,-487.4030173300111,-24.905299938984765
139.60635665614484,-487.2745232774435,-25.125116690078432
139.6073312465894,-487.1534231758732,-25.167155663394322
139.60869509983795,-487.03552417705794,-25.031416858932435
139.60847296417887,-486.9242088512213,-25.21968845097081
139.60793679000093,-486.81579341128116,-25.230182265231406
139.60734543370756,-486.7094998569995,-25.08264076274698
139.6100403402806,-486.609409077066,-25.273376068212716
139.61664128297787,-486.51624903198336,-25.286333595900675
139.62187444171497,-486.42580007673433,-25.123971034987168
139.620596060958,-486.34144639126004,-25.370814891219112
139.61638910927297,-486.25951145660076,-25.439880969673276
139.61288827560412,-486.1792255689529,-25.331169270349662
139.6120442329506,-486.1046780011095,-25.408279897750496
139.6117435526624,-486.032338329303,-25.307612747373554
139.61566604341132,-485.9657357342584,-25.371725811536162
139.6216093818326,-485.9012277914735,-25.25806109792099
139.62787236230855,-485.8423228921046,-25.369570578985478
139.62876797547312,-485.7896430266544,-25.303302282272192
139.62693471089932,-485.738957392741,-25.319936979485867
139.624581743874,-485.6893914674839,-25.15879389892177
139.62380096744494,-485.6450210882284,-25.38885356505168
139.62457951128883,-485.6023208635671,-25.441135453403806
139.62648017989704,-485.5605619619087,-25.31563956397816
139.62898890839347,-485.5238518958967,-25.424974965159027
139.63487245806226,-485.48867369573054,-25.35653258856212
139.64011351703692,-485.4585688475804,-25.349751150408654
139.64268576058956,-485.43417349434054,-25.20261520323517
139.6430449913717,-485.4112669962176,-25.364259175905726
139.64131206609528,-485.39325071709146,-25.34812537079851
139.6375409112111,-485.3764687132899,-25.24036640870106
139.63547085571923,-485.36443890860744,-25.35298101420434
139.6345917942284,-485.3577973009709,-25.28781784192984
139.6298549893012,-485.35232779116325,-25.320823043155958
139.62482467024572,-485.35143715617204,-25.1760504666043
139.62268363512447,-485.35147496295275,-25.36539457946239
139.62074024040066,-485.3559645870582,-25.376960914542707
139.61927467981465,-485.3612807221968,-25.210749471845244
139.62080197402898,-485.37095321895345,-25.42376042355744
139.62413989546343,-485.3856260903021,-25.458993597491858
139.62738180301486,-485.4010903557321,-25.316448993648496
139.6276801784378,-485.4207596304256,-25.486793788770555
139.62450915942907,-485.44099016617616,-25.47936080611484
139.6190466938043,-485.4653118976297,-25.371258256846307
139.62142229392305,-485.4901059591543,-25.47053097634819
139.62697438754435,-485.51464186004023,-25.3920259180723
139.62979570564573,-485.54304384043036,-25.397981490723705
139.62750985434127,-485.5760817641113,-25.226159285597333
139.62752396792973,-485.60957700375803,-25.3998125813198
139.6279978737702,-485.646953996523,-25.395688099264486
139.63102277584466,-485.6845757560144,-25.22390862645284
139.63451485633644,-485.7217114038273,-25.43036746663846
139.6355849295891,-485.7582216778689,-25.459048529046306
139.63615538257437,-485.79835428659214,-25.30995181367637
139.63332890950812,-485.838640587372,-25.480609920823557
139.62904191662633,-485.88265133250775,-25.473490250192967
139.63151045701352,-485.92678103591714,-25.303599747802487
139.63406121814674,-485.9745735751995,-25.477703741950435
139.63700459038196,-486.0224189655421,-25.47402995832061
139.6387508457658,-486.0695944583231,-25.292578396913
139.6369457310361,-486.1202316979166,-25.4733184986764
139.6336329039154,-486.1708411127985,-25.476280822662023
139.62965498341336,-486.2249918510596,-25.301465368869863
139.62642373021552,-486.27908071016356,-25.462905589434833
139.62256465496844,-486.33665459632886,-25.44656803222202
139.62110067771502,-486.39410665930313,-25.28755599142354
139.62054720773685,-486.45498392829916,-25.41892914784687
139.62059615523117,-486.5156804284516,-25.372524526492423
139.62035244563342,-486.5797442023887,-25.218561360138875
139.6188216707093,-486.6435703018534,-25.31532477056113
139.6154108092966,-486.71070778412013,-25.23431040320561
139.6112617739485,-486.7818193654217,-25.165886011387755
139.60620277898272,-486.8527144018184,-25.088565451164808
139.60103374224403,-486.9268245109387,-25.03081646143307
139.5963268790066,-487.00052362416284,-24.934710461065112
139.58890294807992,-487.07309237304196,-24.93708766187462
139.58186252174409,-487.1486696268458,-24.761687084906352
139.57171181572323,-487.22804037180265,-24.980812798680986
139.557796308251,-487.31130765328413,-25.022160734677843
139.55113374992808,-487.3941699962894,-24.88573089289692
139.54724853782008,-487.47577286494345,-25.056720989259393
139.54397405130504,-487.55596326459516,-25.04993330784409
139.54127894705013,-487.63899735142917,-24.931010206957758
139.52887493850776,-487.7256859131314,-25.039986806685466
139.5175837838961,-487.8161391324852,-24.971185628635393
139.517360229825,-487.90605883758303,-24.96989399812333
139.51935337529773,-487.9988596484682,-24.820081363027647
139.51641929149912,-488.09518351342274,-25.015813160238153
139.51500726881588,-488.1908420497785,-25.033767179670885
139.51474107378942,-488.2892737101196,-24.873943421325833
139.51142071906798,-488.3911267449774,-25.119902356351606
139.5120558663414,-488.4922154782427,-25.188083513599604
139.51388552525256,-488.5959803114276,-25.078486893069822
139.51592806467568,-488.69880459807996,-25.171645680457566
139.5167503529738,-488.8042450522379,-25.08702669006753
139.51608489628,-488.9087091423267,-25.13933246892561
139.51677402152748,-489.01575891476483,-25.013860470005913
139.5132033733819,-489.1260700046871,-25.11844286762925
139.50965466422025,-489.23546448927175,-25.045247487474803
139.5127350356079,-489.3473864867858,-25.048922657147912
139.51298896893456,-489.4624888740323,-24.874820049043244
139.51144022537505,-489.5765903274955,-25.06289112020685
139.51078675079114,-489.68886881797505,-25.073184413592674
139.50991095719644,-489.8034525328821,-24.905699929200726
139.5090031555307,-489.92113432428494,-25.069810239307465
139.51056764098558,-490.03776203439804,-25.05614277163642
139.51178122229362,-490.1525202230427,-24.93355697829049
139.5071544740604,-490.2695390575996,-25.045891056984868
139.498549018116,-490.3896124201364,-24.980447357901472
139.49337865378058,-490.50858897822417,-24.92946882921828
139.4922577307264,-490.6299207310405,-24.837266036765747
139.49278397127856,-490.754264582318,-24.840457069050206
139.4895219380197,-490.87744240740295,-24.665870323556888
139.49089264336052,-491.0029018315148,-24.85500649697552
139.4894708463898,-491.1312999302891,-24.86636489261637
139.48504499229145,-491.2584596577022,-24.69994551047945
139.48008127224807,-491.3835632169421,-24.908713484514013
139.47631435192298,-491.5107429585937,-24.939703680770805
139.4720172544084,-491.6365291581797,-24.79291609924982
139.46767523573166,-491.76024769006966,-24.986693223040437
139.46297531931037,-491.88605980263344,-25.002692569053277
139.46361288881815,-492.01050130350893,-24.84091413728834
139.46284311007872,-492.1371655140343,-25.04887290939342
139.46180280965416,-492.26247281993994,-25.079053903720727
139.45620408916528,-492.3899932632376,-24.931457120270256
139.4497733109105,-492.5161427099313,-25.089414488305742
139.4494311366155,-492.6444904985067,-25.069594078563444
139.4511328829246,-492.7714525646876,-24.918244313329826
139.4532192107404,-492.8963318036706,-25.05625913017712
139.45576344930635,-493.01901841692626,-25.016496169246633
139.4567204186294,-493.14378829542574,-24.89961912773815
139.45488054609575,-493.26720032203525,-24.94299573016793
139.45291813893343,-493.3928522516661,-24.808594554819933
139.45548002352504,-493.5214317789021,-24.848223807252193
139.45891033077547,-493.64876813904954,-24.710075281906672
139.46082109152115,-493.7783115264349,-24.786147815444593
139.45705854547978,-493.906453924425,-24.684442571204734
139.4501597387358,-494.03249365487585,-24.68974077519909
139.44437624065833,-494.16058695343014,-24.517261201415668
139.4413638362868,-494.2872691942479,-24.682963374850306
139.43853782707419,-494.4118675205379,-24.670887770507168
139.43743195569107,-494.53854366550394,-24.483701211173184
139.43586450648903,-494.6638337579212,-24.681758752819057
139.4325825898897,-494.79133140295886,-24.702038516687157
139.42900445595805,-494.91745725868,-24.54454050277748
139.42500730090921,-495.04578163325647,-24.691381022267663
139.42303830117538,-495.17698732049894,-24.660443763980066
139.4210922693897,-495.3069032338338,-24.519449732212774
139.41794473031234,-495.43471349939756,-24.625281046545265
139.41419098811022,-495.5645515560746,-24.553334583099975
139.41201383628334,-495.6929485852793,-24.511961691568498
139.41018296646862,-495.8234979845742,-24.41272783071552
139.40762428098256,-495.95262115531943,-24.454889435703187
139.40619020033358,-496.0796226619263,-24.319273262913068
139.40582276979907,-496.2086602587226,-24.455573731940213
139.40197611718835,-496.34053653884683,-24.414096423189577
139.39296743922174,-496.47110498187493,-24.30099094688542
139.38264381293726,-496.6038215507385,-24.359568772532345
139.37466979967417,-496.7350802202342,-24.240368820401496
139.37303200609284,-496.86844718655675,-24.364055826200474
139.3800820828455,-497.00033903761266,-24.309965054221678
139.3879481325733,-497.1300600704002,-24.28101097479725
139.3929890597445,-497.2575020181788,-24.196756171753208
139.3936937136624,-497.38694230792055,-24.23416296067232
139.39064464674055,-497.51920800415644,-24.093791971813662
139.3856562001581,-497.6501576695669,-24.259354813969384
139.38815882443936,-497.77898173357084,-24.247139878347333
139.39089029223692,-497.90981517949433,-24.130759403382513
139.39321801452905,-498.0391897594597,-24.248243559416224
139.39461054900306,-498.17069923887396,-24.18794993767216
139.3949731298676,-498.30076534113743,-24.182043016620213
139.39512456330462,-498.42869293896075,-24.05178490960116
139.3898893913139,-498.5586400878381,-24.21859807837641
139.38570646512815,-498.6914096763645,-24.20763346937388
139.38549125638696,-498.82712214089497,-24.08850227584611
139.38607265188122,-498.9614930477974,-24.20733756827387
139.3847517661533,-499.093684590276,-24.148395082923855
139.38101409900023,-499.2278268690435,-24.134815217360558
139.3760249001616,-499.3604514937707,-24.01673714382203
139.37578613025826,-499.4951530374716,-24.1379560167179
139.3793790642028,-499.6326208763457,-24.08139711183599
139.3820427949675,-499.77295354276816,-24.057872924798414
139.38201702314757,-499.91186333233344,-23.966372802947745
139.3806323840099,-500.0485129406312,-24.057319293241434
139.3798169973876,-500.1870337182465,-23.970488005757346
139.37912705787807,-500.32395865644355,-23.999461727111232
139.37682757581965,-500.4628837165248,-23.85065767068734
139.3775277778852,-500.60449964457285,-24.05827192815324
139.37881795834616,-500.7446396530154,-24.088108407841357
139.381439785253,-500.8824913751945,-23.940167109751698
139.37689331991078,-501.022191548961,-24.112983743326723
139.37097785695914,-501.1602745661292,-24.108022599123974
139.3656958366254,-501.3003369712892,-23.98978156081447
139.36431340465998,-501.43880325539635,-24.12545673398426
139.36373055162284,-501.5792476836968,-24.08335412937628
139.36372657050345,-501.7180903089666,-24.009224303958284
139.36424908705465,-501.85890458962655,-23.99615703098898
139.36486947179344,-501.9981105093729,-23.848752142632563
139.36632371803125,-502.13501493941123,-24.00158689701668
139.36627960951125,-502.27377865294744,-23.97664387362301
139.36593645736087,-502.4152073614796,-23.83656385842241
139.36430459909278,-502.55515763848956,-23.987385225197077
139.35997420825205,-502.6928218252554,-23.960428814193964
139.35393192089987,-502.83233756998294,-23.885876918400808
139.34886696677665,-502.97023940237773,-23.90663775581242
139.34817795864674,-503.1101238484674,-23.749620815446253
139.34919527227555,-503.24841534961837,-23.923602084251815
139.34971804846228,-503.38868811598746,-23.919805575279604
139.3476687043437,-503.5316288116118,-23.76140233946292
139.346778526836,-503.6730701587495,-23.93843345825963
139.34777550961945,-503.8122000259194,-23.937686799278563
139.35036952292822,-503.94888886120714,-23.76787344903691
139.35324604970833,-504.0874121377943,-23.97000681956855
139.3561381685796,-504.2243321938188,-23.994362412322413
139.35693716240075,-504.36325096493397,-23.840940227298496
139.35442972329972,-504.50059374543366,-23.988214812128888
139.35129665897037,-504.63993467493196,-23.957711619181506
139.34931502873246,-504.7776934965661,-23.839264865887976
139.3492363129429,-504.91317666005295,-23.90489305646707
139.35077307733425,-505.0505444869187,-23.79274346926839
139.35219863711268,-505.18633557070024,-23.835117005549932
139.3523496813405,-505.3198800548956,-23.699712764053697
139.35100989649592,-505.45107591984294,-23.77444831756764
139.34939100055462,-505.5842028308615,-23.6714060933038
139.3477393066918,-505.7200892572487,-23.684346097795352
139.34733832177963,-505.8545949797565,-23.519508324509125
139.34801451488744,-505.9869115912128,-23.658997647961048
139.3488965266306,-506.11690854420686,-23.620709193635193
139.34898582460048,-506.2488593866216,-23.481790015374298
139.34768153202236,-506.3793243727172,-23.592457540881593
139.3452957379402,-506.50763668552446,-23.525347288611112
139.34354890818418,-506.63796024411414,-23.51093473249506
139.34277782620546,-506.7668325612492,-23.37588680039482
139.34138974917036,-506.89784844602747,-23.50153625101534
139.33948734799733,-507.0274297073064,-23.449407923858082
139.33874291614677,-507.1548811103917,-23.383236910270718
139.33906199896924,-507.28436056632785,-23.352660251274035
139.33999991332618,-507.41240414723853,-23.248472901066737
139.3398162547636,-507.54260615554904,-23.31092951596723
139.33694511587223,-507.6713880874434,-23.195608353089945
139.32946709266818,-507.8023211054676,-23.282559355864414
139.32692693559835,-507.93182218223933,-23.19173258086111
139.32828870065586,-508.0591950776686,-23.271796819201718
139.32958837170247,-508.18859747787224,-23.174083279764545
139.3259255841809,-508.3165653893389,-23.283399733192987
139.31885662014605,-508.44669308165066,-23.214938408843647
139.31490651274143,-508.5754020251741,-23.24579865574552
139.31451280041261,-508.70626335840984,-23.09888112486962
139.31237018878545,-508.8356940306264,-23.288243692796605
139.3074424922195,-508.9672644455232,-23.29982848294581
139.30079586146144,-509.0973915852774,-23.154587277950892
139.28691330705792,-509.2296460395711,-23.373165040050825
139.2734236753657,-509.3604450045338,-23.41396502437298
139.27089070297762,-509.4933592863509,-23.27698723091736
139.27633797583545,-509.62480629508633,-23.458583709853063
139.2841251587507,-509.75835704730343,-23.462402411010984
139.28610601707595,-509.8904291597409,-23.324845712907997
139.28443166049814,-510.02032718529,-23.48421711540124
139.2894474073444,-510.1522096215425,-23.465810740116705
139.29449606203139,-510.28261327862015,-23.330151876853794
139.2961923840866,-510.41513321673983,-23.447748042698862
139.29513900303505,-510.54619168305913,-23.387566430766153
139.29272932944826,-510.67936057905297,-23.320310865907004
139.29008266826762,-510.81105760334975,-23.26861799748602
139.28824758430503,-510.94058722896165,-23.16858941912329
139.28454580364684,-511.07210784238333,-23.17019895818797
139.28257844230777,-511.2064228046428,-22.99403071947487
139.28386238952714,-511.3393863794288,-23.17254484464369
139.28618900454217,-511.470188639212,-23.17328119203473
139.2862252857028,-511.59869833718886,-22.99623976164799
139.28210520631603,-511.7291884959888,-23.214274908498815
139.27680178483774,-511.8624855535837,-23.254532277571858
139.2729815658244,-511.99444821056295,-23.117011868867127
139.27156565264113,-512.1285338518531,-23.219901656906426
139.2706507380558,-512.2611370942184,-23.145013667167945
139.27067214641968,-512.3915579440182,-23.114812577925935
139.27088051489895,-512.5196874409968,-23.00510208536947
139.26578108971623,-512.6498030478984,-23.070312280104805
139.25599307540372,-512.7784653437087,-22.95774469706236
139.24746166169106,-512.9092737802049,-23.01043871308907
139.24793223709335,-513.0386510581858,-22.885354951337995
139.24978585102406,-513.1701687387323,-22.97968589385702
139.2395608212623,-513.3045106927798,-22.89623905859827
139.22953126318532,-513.4417735270699,-22.941269207278634
139.22379366427128,-513.5776683548764,-22.80852157818122
139.22351694748554,-513.7113568549463,-22.95261258441775
139.2288554537641,-513.8469694085788,-22.918925812876505
139.23688552367742,-513.9810380610502,-22.802782488045022
139.24451836754557,-514.1171578457875,-22.872744024896505
139.24579787686966,-514.2517519311506,-22.76492778397021
139.25400896626346,-514.384126649647,-22.84946929178584
139.26513225839977,-514.5184414987735,-22.756233021823686
139.2672273487076,-514.6512341183942,-22.813399037962647
139.26625500180975,-514.7861003526347,-22.692787276323823
139.26673810751555,-514.9194632122453,-22.82427715192923
139.26997121068317,-515.0548953473713,-22.777989249756857
139.2737083314314,-515.1888151916784,-22.736569301202746
139.2713277722007,-515.3205279400361,-22.693837188021792
139.26364908937214,-515.4541926878939,-22.67749405924211
139.2570751008687,-515.5863468259043,-22.626593831446293
139.25163688128896,-515.7205859830937,-22.632920999263757
139.24650315906138,-515.857599631661,-22.513347896732004
139.24273534924254,-515.9932195399465,-22.647253166746303
139.239294308534,-516.1266318837022,-22.60338065898282
139.23596756089313,-516.2619719612186,-22.580145509395813
139.23353409672114,-516.4000394154957,-22.525609505153902
139.23419034295563,-516.5366887191086,-22.530534492263882
139.23627653132493,-516.6711109358263,-22.404645298399707
139.2365639267755,-516.8074426191938,-22.56654730267867
139.23648747624037,-516.9422172563944,-22.550671529179862
139.2371624549157,-517.0790303561882,-22.470544008655025
139.23017011973644,-517.2185720288591,-22.51766899825411
139.22215443499766,-517.3566748234273,-22.387016210075412
139.2140480811966,-517.4925257137412,-22.554697677401876
139.2093259950594,-517.6302607883198,-22.544601366950566
139.20822436545777,-517.7664138009128,-22.44705858327678
139.20704116145095,-517.9003140027074,-22.53719759624799
139.20585847035338,-518.0361259505836,-22.449558831441422
139.20756914677773,-518.1746553666395,-22.508508114015875
139.21188927819733,-518.3117580801919,-22.389679618812554
139.22242274763576,-518.4466255479842,-22.503148530482086
139.23528107533485,-518.5833945181937,-22.43883966437384
139.24513438958104,-518.7185986301992,-22.43706583647865
139.24684923177844,-518.8558335343042,-22.297714924514736
139.2444462129215,-518.995789478193,-22.442231819724235
139.24413024256634,-519.1342991455033,-22.40897093715596
139.24423617571216,-519.274816308896,-22.310688878806168
139.23702942739786,-519.4137365051815,-22.374255184953487
139.2288733054342,-519.5503615541428,-22.260043713323025
139.2235197513642,-519.6845844618318,-22.34455339535448
139.222911294753,-519.8206846599126,-22.251285299608156
139.22490495568317,-519.9552246688102,-22.294419999138956
139.22698001916618,-520.0918058486334,-22.159776920891975
139.2273974067013,-520.2268527747509,-22.289236137479776
139.2258346562019,-520.3596721827336,-22.240917576289792
139.22307499276937,-520.4944237666202,-22.180462855352193
139.22340408418572,-520.6319119853835,-22.146707685859354
139.22475691282725,-520.767992143122,-22.054213503188045
139.22465080423976,-520.9061219930787,-22.090945149509363
139.22302241730642,-521.0426972680575,-21.949899018052903
139.2211127339847,-521.1770192241299,-22.10284584059045
139.21958461799258,-521.3132468263791,-22.07801488535022
139.21856521533826,-521.4479180986317,-22.008187875767618
139.21684072018925,-521.5846294467906,-22.042052630182678
139.21623173269455,-521.7240711376238,-21.89813960681996
139.21873095233062,-521.8620757262777,-22.062094035995713
139.2197611578247,-522.0020968292348,-22.048270687393693
139.21760646423445,-522.1405298238105,-21.954226943207033
139.22347654646953,-522.2809430385649,-22.04136851375102
139.22840232047787,-522.4197553094119,-21.950732306517224
139.22978028849943,-522.5605398391809,-22.044478629098236
139.2267313197784,-522.6997165518666,-21.960447173901475
139.22325099348623,-522.8408589656661,-22.02556170866769
139.22096767143154,-522.984653827581,-21.91289846565613
139.21977755747136,-523.1269340966386,-22.041002933614898
139.2175910111953,-523.2668879055202,-21.991329623795888
139.21523627600308,-523.4086526348626,-21.966754905397714
139.21246894815036,-523.5530300054799,-21.88696328587369
139.21212423709503,-523.6958765373032,-21.933349293270982
139.21473472973418,-523.8363853062485,-21.80195752289049
139.21666713610577,-523.9786948423488,-21.947766084394235
139.21843644211106,-524.1193405740335,-21.915796868120204
139.21932485346875,-524.2619199166509,-21.847576255034188
139.21920311737983,-524.4028581863598,-21.845007381601196
139.22011486093712,-524.5457304527623,-21.702705125376
139.22122033340412,-524.6869575573814,-21.872516755738094
139.2211150516002,-524.8301137330449,-21.86455060832241
139.21994778295,-524.9716197239743,-21.73882279930358
139.21981671808467,-525.1107831483083,-21.876871090256113
139.2235943135655,-525.2517655128437,-21.837141603430872
139.22645547086876,-525.3953732495683,-21.800091363335298
139.22539487074374,-525.537463639586,-21.752446335990008
139.2223312254459,-525.67722971916,-21.732810285038532
139.22096565406892,-525.8188098190691,-21.646854041576223
139.22036978560232,-525.9587391394019,-21.697404888304415
139.22117011006932,-526.1006148645971,-21.57017795725483
139.22223829073064,-526.2408620826732,-21.68802209445281
139.22334485072807,-526.3830556388905,-21.628088453873005
139.2260860155172,-526.5236161543809,-21.640187796481904
139.22870444914324,-526.661850978839,-21.507915909408997
139.23085042992506,-526.801921325365,-21.69326072763606
139.23122695507806,-526.9403666647096,-21.70082776808534
139.23042290074756,-527.0807846689028,-21.53622650131914
139.22857283262638,-527.2238668166726,-21.77389417709367
139.227771873827,-527.3654468470563,-21.833784075090428
139.22801346163936,-527.508979537975,-21.71589619530941
139.2255836784141,-527.6508614071744,-21.874296641938766
139.22101151123158,-527.7903952365567,-21.854919310790347
139.21771856030202,-527.9317416435133,-21.78249521709465
139.2159620634807,-528.0714403059748,-21.826774001002963
139.21576983876915,-528.2130892607821,-21.693275007133497
139.21630386900878,-528.3531137111459,-21.84841990475743
139.21738799958638,-528.4908218017713,-21.82578702460359
139.2202093981522,-528.6303747720491,-21.699426472053155
139.22374879042502,-528.7683119649023,-21.80596368766411
139.22697077674908,-528.9082308955277,-21.73472312549729
139.2300834580779,-529.0508228822499,-21.71529947337541
139.2323086758288,-529.1919215052691,-21.558376396932438
139.23514608665604,-529.3349813862425,-21.694551165106976
139.24053135958906,-529.4763988893885,-21.652948155503733
139.24634961439483,-529.6154766458131,-21.516620554408643
139.25135038372903,-529.7563751248022,-21.593387499040066
139.2503636450273,-529.8956338588251,-21.492376665893705
139.2510698827799,-530.0368507418598,-21.519645832149028
139.25046022710862,-530.1764508368049,-21.36913722062657
139.2491853967444,-530.3137421505594,-21.510001943753753
139.24532988458452,-530.4528857871691,-21.473088889103156
139.23854729223845,-530.5904209566293,-21.387542053778912
139.2337415251685,-530.7299450435826,-21.41839042482559
139.22898880517434,-530.8678825714646,-21.271461018094485
139.22431428883525,-531.0078076760248,-21.442051490680686
139.22136633968177,-531.146140249989,-21.43486418548911
139.21839318590892,-531.2864535878932,-21.293321590243913
139.2232652760659,-531.4294341777796,-21.423861966450016
139.22881578972655,-531.5709147163398,-21.37662456487834
139.23360171411588,-531.7143497436417,-21.318491737224914
139.22830354305967,-531.8561357038594,-21.30313062472912
139.2198301269027,-531.995575339226,-21.188971294442087
139.21947328364422,-532.1368292348081,-21.287467598851347
139.22731905229182,-532.2807037048074,-21.20818612548283
139.23258531461096,-532.4230560750057,-21.220550255782456
139.22945277771146,-532.5673461248675,-21.055136608304306
139.22509569927078,-532.7099715855086,-21.27109285497846
139.22425345763745,-532.8502356773097,-21.309271323874835
139.22535993969103,-532.992299294926,-21.16967201499343
139.2280724298484,-533.132702357366,-21.324136272310298
139.2331226550998,-533.2750431318827,-21.30082275184938
139.2373366019442,-533.4157470466884,-21.204158719085616
139.23639180586324,-533.5541224672078,-21.264165368943683
139.23442869829697,-533.694330849556,-21.14639424102397
139.23228984818573,-533.8329117494986,-21.234034722447333
139.23014626876707,-533.9691962246055,-21.14389742609292
139.23049800772753,-534.1073498133214,-21.18014436696152
139.23134380785416,-534.2439123737197,-21.038613530052345
139.23227639105667,-534.3782145053733,-21.183225815696975
139.2348557341355,-534.5144211431832,-21.15006032356383
139.23978285631023,-534.6490715211532,-21.046871517367858
139.2455201263443,-534.7857622862243,-21.102430890998995
139.24476360699867,-534.920917082279,-20.980212486852356
139.24148531138556,-535.0581091496531,-21.10113919819719
139.23774928516767,-535.1937574952219,-21.044288131764247
139.23602995853503,-535.3314345421815,-21.021406700138947
139.23761486890933,-535.4675592558624,-20.92379207193683
139.23942741907084,-535.6057041736265,-20.985890031759258
139.24043838536522,-535.7422884044877,-20.870210213803908
139.23963021225447,-535.8766179666851,-20.957950257750124
139.23846970528027,-536.0128527969318,-20.867912523918555
139.23972101429922,-536.1475311187583,-20.922742205014664
139.24143689012186,-536.2842493805457,-20.799794108332996
139.24239994240466,-536.4194311928244,-20.945824809921554
139.2411436221248,-536.5566497960934,-20.914077733732338
139.2374061838875,-536.6965908707584,-20.85476574579306
139.23528078784696,-536.8350861666406,-20.860797008148364
139.2355631392117,-536.9713225958916,-20.723073119855588
139.23714435772698,-537.1094363337114,-20.892209674099696
139.2381415278979,-537.2459612489738,-20.88356845056603
139.2390077064242,-537.3844933787076,-20.764026253451213
139.23942292319364,-537.5257233832684,-20.888466198214925
139.23933137563986,-537.6654843582853,-20.83512836520086
139.2387291105645,-537.8072304824154,-20.84681826449847
139.23885460086584,-537.9473576914916,-20.72484448604373
139.23830252415823,-538.0851681972501,-20.896930798644163
139.23556767469532,-538.2248220573745,-20.891239333466817
139.23490094409598,-538.3671250668057,-20.784005890190308
139.23506798632675,-538.5079340410751,-20.900164798731964
139.23581185185625,-538.6464415917893,-20.83854592949584
139.23624805818022,-538.7867856392935,-20.84025144181531
139.2362058621731,-538.9255009819245,-20.702643314712482
139.23606858582076,-539.0619177431522,-20.87152519433871
139.23632491244086,-539.2002013052731,-20.86262929618716
139.23665631412126,-539.3368915280223,-20.753044716565014
139.2369980175454,-539.4755857108404,-20.84147656951151
139.2369262548696,-539.6127081461832,-20.752130644680225
139.23800659737628,-539.7518327129505,-20.796037457086825
139.24176777382604,-539.8893790454977,-20.66216649171565
139.24601162477714,-540.0289201833601,-20.78052972664335
139.2494685425261,-540.1668756972138,-20.721115183793277
139.25271890858218,-540.3068187189576,-20.680371178063446
139.25423907020468,-540.4451689415257,-20.60325243511352
139.2549809041974,-540.5854996233155,-20.59206033627002
139.25555652213623,-540.7242305828086,-20.431129175947948
139.2569120436314,-540.8649352019739,-20.609024839767628
139.25840426730988,-541.0040334207124,-20.609142725809527
139.25866883091052,-541.1408320735878,-20.446828265406232
139.25745209981324,-541.2794918991165,-20.64656541162681
139.25472441439646,-541.4165519083238,-20.668524780069614
139.256252442975,-541.5598759896914,-20.51270637073464
139.25860988239063,-541.7024144985561,-20.702852649049362
139.2602783426131,-541.8427686785718,-20.715221149586313
139.26178527778487,-541.9806898444798,-20.549811872345483
139.26323847597962,-542.1204295287622,-20.756357615608643
139.2646602590713,-542.2585455078763,-20.78512558109403
139.2660555382273,-542.3986390964761,-20.636115768801634
139.26742567262593,-542.5414024314907,-20.77368313362268
139.26836062505052,-542.6826693039125,-20.733472720665947
139.26878457731252,-542.8216277549635,-20.631681406948537
139.26704518888758,-542.9624148904367,-20.65596718601573
139.2657192036273,-543.1015654568673,-20.502475187305144
139.26531609079032,-543.2426763458781,-20.62640469557954
139.26633706337614,-543.3821723889833,-20.572556426076165
139.26803899921416,-543.52362818585,-20.46786884120582
139.2690315890596,-543.6634641176914,-20.47972819458725
139.26863441509542,-543.8009872988303,-20.3138097701909
139.26714360373236,-543.9403587112525,-20.479175192751757
139.26545526753998,-544.0781175987325,-20.46676283753484
139.26498343827427,-544.2178614103801,-20.299115352345392
139.26517406529902,-544.3602814059842,-20.472985153095507
139.26508202799747,-544.5012111095534,-20.469077176067845
139.2653472112501,-544.6441050878203,-20.334421392195367
139.26650140045172,-544.7853596511137,-20.463908561159265
139.26904897570782,-544.92854404429,-20.415617952345382
139.26937321821563,-545.0700780031843,-20.336303513958146
139.26924818272482,-545.2135356144735,-20.325241500632295
139.26944751436125,-545.3553376702145,-20.16872459661584
139.2697088844843,-545.4947918744974,-20.332208452118703
139.26956650059623,-545.6360598264723,-20.31791452984379
139.26934539092122,-545.7756813837798,-20.154406492181934
139.2711667918709,-545.9172546000053,-20.328570397260243
139.2709050127987,-546.0572046622726,-20.324956524560772
139.27023032080223,-546.1991063595294,-20.15205371116627
139.2694826418404,-546.3436468929787,-20.36098390063417
139.26955411025295,-546.4866595060796,-20.392136312324293
139.268554613923,-546.6315992446133,-20.245510946236635
139.26735513970343,-546.7748630430634,-20.42953386274059
139.26736650687263,-546.9157541239189,-20.43577900146677
139.26761988065317,-547.0541668769944,-20.26468502960251
139.26586294110666,-547.1943820942479,-20.48373710103721
139.26496092647938,-547.3372302990249,-20.525011394694136
139.26753161437733,-547.4785734823943,-20.388507910573285
139.26993717077465,-547.6218721139853,-20.503261797861384
139.2710434885142,-547.7677904769046,-20.440237907371706
139.27228489089214,-547.9121575027059,-20.39333668867122
139.27271432136394,-548.0584277078277,-20.31096559203451
139.27338591666555,-548.202998261452,-20.306628226857494
139.27450706002216,-548.3494394369029,-20.124513083902702
139.2773466122843,-548.4984386844461,-20.278510398403245
139.28048946158424,-548.6458304459983,-20.25472993512601
139.28364827199061,-548.7908044719655,-20.08389317655815
139.28594223820357,-548.937499764669,-20.24128071207411
139.28638794361393,-549.0867196443344,-20.2208904698123
139.28604521349794,-549.2343222031037,-20.047295669454954
139.28554967066054,-549.3795020613024,-20.210750896907776
139.2850306129992,-549.5221325991816,-20.196428346582824
139.28369290119318,-549.6664914164579,-20.023582401742164
139.28262115045945,-549.8134094531014,-20.199487924836053
139.2816178346173,-549.9587498326526,-20.197615670152164
139.27941047513428,-550.1017076176098,-20.0179656376905
139.2769937004802,-550.2464223729287,-20.19944282021728
139.27539074803147,-550.3936970235775,-20.203142224966275
139.27356269090305,-550.5393890804831,-20.037648867851814
139.2717156118734,-550.6869592204974,-20.244379586836967
139.27030166469862,-550.8328062018088,-20.273332528044342
139.2681731200324,-550.9805009498677,-20.12450769147394
139.26716392850312,-551.1264647037482,-20.25696766526216
139.26885873832524,-551.2742729965155,-20.2116498612726
139.27024891112237,-551.4203480346741,-20.088195252271852
139.27073705183471,-551.5639989102572,-20.127240725406825
139.2714485103511,-551.7093885853169,-19.988508420764024
139.2758922916849,-551.8530582560044,-20.05646437986708
139.28184244824772,-551.998607290501,-19.946642561192352
139.2838990331852,-552.1424621670466,-19.94629500672119
139.28555832125627,-552.28393227598,-19.768169674472247
139.28793588452373,-552.4271800787304,-19.927490738753253
139.2916570663751,-552.568746118161,-19.90903402525648
139.2951833818014,-552.7122290879222,-19.75468412828271
139.2965654607899,-552.8583214637351,-19.899299234958338
139.28681459181195,-553.0028579625247,-19.866136563856188
139.2766184789328,-553.1450276557046,-19.73943932916981
139.26935655087883,-553.2889686854594,-19.827919023257618
139.26607185165554,-553.435483487884,-19.73862093956765
139.26691642503178,-553.5804292787635,-19.768321168130026
139.26693039677323,-553.7272664827526,-19.62024361891463
139.26801182725632,-553.872393618018,-19.769861338299616
139.27257848025417,-554.019381375837,-19.741701279906827
139.27407945202347,-554.1646507656113,-19.62750051948207
139.274945940393,-554.3117770948998,-19.711986636860974
139.27896031980353,-554.4571823487412,-19.618694976462102
139.28272585069288,-554.6001754016607,-19.647783740450734
139.28720939099424,-554.7449190020877,-19.499094726661585
139.29177276727148,-554.8879541363658,-19.65945500144215
139.29546587605907,-555.0286132999487,-19.64203749844494
139.29728796269043,-555.1710634501771,-19.527701782816585
139.29542281965843,-555.3161125067093,-19.617185246087853
139.29366809050578,-555.459618424587,-19.528890931581348
139.29401551138807,-555.6050414083463,-19.565783756829
139.29354464340256,-555.7487795672906,-19.424898804298874
139.29250614776595,-555.8944031519003,-19.582191477642926
139.2917795629815,-556.038332730662,-19.561706373209205
139.29030436068442,-556.1798765098005,-19.454119380741172
139.28870041553972,-556.3231967286,-19.53815654194862
139.28791486682312,-556.464833903331,-19.444415925378287
139.28730416964055,-556.608386740541,-19.516789281833017
139.28591579490248,-556.7545477365621,-19.411384860509965
139.28357029709403,-556.8991516301796,-19.509418587420676
139.28065606619592,-557.0413875146074,-19.429674536553605
139.27684642440815,-557.1811268868408,-19.461858115127825
139.27414565979234,-557.3226462188969,-19.316263915924267
139.27334774815213,-557.466775490195,-19.47921648750543
139.2729417551837,-557.613643577483,-19.46439128130881
139.27261992007183,-557.7589706373942,-19.32555073494137
139.27149816040847,-557.9019226180891,-19.45954393694974
139.2698217030833,-558.0466331547709,-19.415759361180335
139.26805814917444,-558.1896372972394,-19.340629427873026
139.26753425760438,-558.3302663241725,-19.3344592811491
139.2676781938489,-558.4726869373932,-19.167180270608398
139.27000698189636,-558.6177069969277,-19.335538982686835
139.27315206420778,-558.7611844382117,-19.32611991698749
139.2768263419791,-558.9065794544584,-19.151887194859377
139.27767775800302,-559.0502901454666,-19.387245405763448
139.27795249264952,-559.1958867527107,-19.44482583888974
139.27769553923892,-559.3397898358988,-19.324628494238258
139.27774834710985,-559.4855742593148,-19.412909763582636
139.27580724508067,-559.6296615723099,-19.323413255149237
139.27431630118926,-559.7756268881029,-19.35355001814716
139.27458103790516,-559.9198918532974,-19.205909003367307
139.27478247893146,-560.0617649799783,-19.34986590254965
139.27537906254747,-560.2011419878214,-19.316045023954217
139.27645685660335,-560.3423041877855,-19.176698067975284
139.28008134189838,-560.4818157859966,-19.269508482240052
139.28539561720592,-560.6190130989046,-19.18454111872704
139.28932960304496,-560.7580629707462,-19.16711376290011
139.2904658031917,-560.8955057561974,-18.991701056830472
139.28897117579785,-561.0349390491996,-19.1544552324059
139.28902675092996,-561.1770540591003,-19.139431630203553
139.2881577983876,-561.3219508877955,-18.99633066615983
139.28629496541316,-561.4653433253527,-19.16789945372269
139.28425984997685,-561.6106621922369,-19.16169046350777
139.28386366635658,-561.7542995877686,-19.022696019758367
139.28708801482213,-561.8955578460713,-19.147630462673725
139.29099061230443,-562.0385979372544,-19.0947871278113
139.29538402264814,-562.1799600470501,-19.034889575619744
139.29775800039477,-562.3232427438958,-18.999908634885617
139.29887299504958,-562.4691384264628,-18.88191203783402
139.29972033538428,-562.6134817453556,-18.946549884680874
139.3009127604591,-562.7597283754225,-18.83340995374995
139.30297857688086,-562.9085423823187,-18.87796224624243
139.30601280218292,-563.0557533987051,-18.744736760957135
139.30796377805672,-563.2048168158674,-18.85227905080701
139.3088490234991,-563.352130700141,-18.782043562879107
139.30909786603115,-563.4969995470382,-18.760408747431605
139.30962655555402,-563.6435856961931,-18.636549341416107
139.31020369533513,-563.7884305250116,-18.737584034650205
139.31160365029106,-563.9351337410862,-18.660840950106525
139.31314825781143,-564.0801221888725,-18.686422402769285
139.3114127169822,-564.2269722917436,-18.534226077654264
139.31069027417482,-564.376372857502,-18.730505104018416
139.31141272571395,-564.5241587077915,-18.749006352604795
139.31241388125608,-564.6737864384497,-18.589729823413396
139.31140142783107,-564.8259211730124,-18.81098263207892
139.30876865195026,-564.9763936143531,-18.854457662966666
139.30584925550193,-565.1286602112173,-18.720154916076634
139.30414605524513,-565.2833867364749,-18.886465403679146
139.30394409529694,-565.4364046923855,-18.874998113503885
139.30445592239644,-565.5911713457205,-18.766370151889465
139.30469256092002,-565.7440866128039,-18.8667987785523
139.30404768509163,-565.8944568077275,-18.789449627437357
139.3032356779602,-566.0464460565579,-18.78346487100134
139.30404623755848,-566.200864157964,-18.599702336787548
139.3072248936551,-566.3535718613321,-18.790227023169003
139.31001062816466,-566.5080323088669,-18.802973931772677
139.31185504791046,-566.6606465344255,-18.637943062598573
139.31348497295602,-566.8107210021587,-18.777857197003822
139.3171039290164,-566.9581531258971,-18.73999355363129
139.3210692216825,-567.1072266350764,-18.595439346828634
139.32463671972957,-567.254508264769,-18.718503935127814
139.32478680999168,-567.4036035131642,-18.663790745649212
139.32137483963535,-567.5552076862116,-18.551605095835466
139.31729898295595,-567.7094241626173,-18.565858858759043
139.31807809452914,-567.8619697986967,-18.402334843904843
139.31940645238825,-568.0162783954423,-18.496633454361863
139.31877065619278,-568.1687449731673,-18.413154287041106
139.31857418273228,-568.3229414002051,-18.354852899591215
139.31887903477462,-568.4752907812542,-18.283460840869864
139.31434826068852,-568.6251040063529,-18.26906737005684
139.30891479905264,-568.776545989949,-18.1292770058455
139.30584385358338,-568.9304265503667,-18.260662918221563
139.3049335314608,-569.0826063026228,-18.214271052819846
139.30364516969993,-569.2322815589924,-18.13077937892584
139.30147819004534,-569.383593868094,-18.1477055059371
139.30081075052266,-569.533081590457,-17.98685385517058
139.3004527114996,-569.6800783478653,-18.183372820190257
139.29933853357588,-569.8287529583996,-18.202114007432154
139.29808897395804,-569.9756486562093,-18.043077416896274
139.29806388729375,-570.1243660548829,-18.245004138297432
139.29828405200826,-570.2713327018372,-18.26915308192081
139.2981394691004,-570.4201256728019,-18.115524247766412
139.29463510406939,-570.5671677418705,-18.333753016239424
139.289276622472,-570.7117683655777,-18.374204006934654
139.28567863818844,-570.8580908246754,-18.23687721985211
139.28536036914414,-571.0026766203218,-18.38634192921149
139.2873452363075,-571.1491254186288,-18.358028860793087
139.29058561260155,-571.2981306567809,-18.2253629446469
139.2944416720367,-571.4455279972927,-18.3175728490574
139.29877669303252,-571.5947741072114,-18.232004975690117
139.30314585270855,-571.7422673596703,-18.20650140820925
139.30828103429414,-571.8915790254914,-18.030054590000496
139.31308571990127,-572.0391308302931,-18.185682923393077
139.31611330633967,-572.1884988150003,-18.163533479007885
139.3195637472705,-572.3403723576841,-17.993808923321982
139.3218159083844,-572.4905870326894,-18.148749612497635
139.32338571613238,-572.6383335476701,-18.12591252389551
139.3227416159414,-572.7877518135438,-17.962401229931295
139.32248700580982,-572.9396460364815,-18.108373187763682
139.32395658147865,-573.0898751774391,-18.076567367818296
139.32575009367582,-573.2419013764405,-17.928086838364816
139.32635088544964,-573.3921248366647,-18.036290669829132
139.32506014410023,-573.5441179043659,-17.966716723515667
139.3234094533365,-573.6943032143774,-17.91072340540529
139.3221209158474,-573.8419910039975,-17.82955314969257
139.32174624599085,-573.9870788409758,-17.808472601149447
139.32238101163213,-574.1338498826332,-17.65519469683321
139.3240299699283,-574.2831368215228,-17.79275097521782
139.32380498157076,-574.4350704145057,-17.752529475824655
139.3211532926058,-574.5853725049849,-17.64136166337851
139.31805397642907,-574.733210665232,-17.686275739648913
139.31737499175117,-574.8827201189316,-17.553412038141538
139.31718973004402,-575.0304374746468,-17.678956625902206
139.3171058477642,-575.175695541706,-17.6267234358851
139.31457765658448,-575.3226625251914,-17.60778045392274
139.31036278234376,-575.4678810948636,-17.482699458684372
139.30504918303563,-575.6149513176711,-17.586421648208777
139.3024678543486,-575.7645668723812,-17.512366059955404
139.30252480312714,-575.912563627805,-17.532035020779492
139.2994108196828,-576.0623984472943,-17.373926203825803
139.29570693755844,-576.2104698954975,-17.583212712235028
139.29275908646608,-576.3560827644021,-17.614721442866475
139.29123636657343,-576.5033996455338,-17.468452395720146
139.29166477382586,-576.653228822357,-17.661088743886516
139.28919020249302,-576.8014295544705,-17.67594731427511
139.28534711823545,-576.9471968538962,-17.51410290386465
139.28662721081346,-577.0946709985261,-17.736304606767664
139.28891373299751,-577.2403891021397,-17.780728531892905
139.29342413278727,-577.3879502289653,-17.64737467924036
139.2958493824122,-577.5337813132963,-17.792799377298174
139.2982337762318,-577.6814590137068,-17.76044629757821
139.3063307541782,-577.8274057322607,-17.664867517406577
139.31545509193026,-577.9709305677793,-17.708385278228608
139.31725779995102,-578.1161964512523,-17.57412526127286
139.3179812101781,-578.264011207307,-17.674542631908835
139.32258869456763,-578.4102334835695,-17.597182224767035
139.32831813178944,-578.5540576581669,-17.548921787145666
139.33336736313726,-578.6953567130591,-17.4319409721349
139.33697674201997,-578.8384078241186,-17.470845431825254
139.34024681702113,-578.9797748417208,-17.33197211373783
139.34093674573484,-579.123061154159,-17.428437413530162
139.34110083287158,-579.2646934757876,-17.34712493554472
139.3411574180092,-579.4082473395688,-17.307559053779364
139.34283614242503,-579.5501438568289,-17.176150660329814
139.3472811972826,-579.6896908209839,-17.270294459252156
139.3505718552261,-579.8310498732498,-17.18666048039672
139.35111905554047,-579.9707609032833,-17.194502344989786
139.34864400414676,-580.1081553275545,-17.024566431805077
139.34354459203126,-580.2473990433058,-17.226969440811445
139.3396372771882,-580.3892989289513,-17.251594672040035
139.33890039694398,-580.5297119168687,-17.098442125490845
139.33798675036084,-580.6720972071901,-17.29682483901017
139.33622763348353,-580.8128519227521,-17.317429774751716
139.3330924410985,-580.9555453451854,-17.160256932715487
139.32931595634813,-581.0965970914294,-17.367484296306305
139.32669692313,-581.2395810998224,-17.396933882119345
139.32434662869073,-581.3809180103035,-17.24860569015461
139.32331728619482,-581.5199153762533,-17.39877482358814
139.3237987736253,-581.6607346485365,-17.371166179243897
139.32539691255317,-581.8041822057696,-17.2510518634679
139.32801876380466,-581.9461152769563,-17.32504913595287
139.3291636245253,-582.0899935139215,-17.221268630660056
139.33040747134285,-582.2322145157832,-17.231132408970904
139.33329786955835,-582.3763480385977,-17.06321840950398
139.33770847016774,-582.5188141666117,-17.195374097220107
139.34318349382502,-582.6589206307337,-17.149752007158458
139.34838286842208,-582.8008292034766,-17.00816504973853
139.3522193887684,-582.941079942687,-17.105903467173487
139.3544967744196,-583.0832711046775,-17.025864106830667
139.35725127698032,-583.2280947435868,-16.98819781069598
139.35677491666428,-583.3756518305711,-16.843209439970067
139.35442538089742,-583.5216570174887,-16.94843096667818
139.35296840343796,-583.6652753061791,-16.875874715608514
139.35417643687492,-583.8106403106738,-16.826442467961776
139.35466651379343,-583.9585539115986,-16.730837857229044
139.35459536275874,-584.1048735717076,-16.75091377861883
139.35523431139256,-584.2487934529317,-16.593211922230843
139.35682930380176,-584.3944531845128,-16.768700006284416
139.35859282062953,-584.5383892810937,-16.76641031256021
139.35625473899054,-584.6842002261899,-16.590594305420126
139.3531295903749,-584.8283123853256,-16.79653618779497
139.351123474922,-584.9743018587837,-16.824700292392038
139.3493696975214,-585.1228571670393,-16.67508661921133
139.3497464414543,-585.2698128556482,-16.86098336687556
139.34848882040689,-585.418625250534,-16.86910233676201
139.34486887919604,-585.5656925437258,-16.717384603011816
139.3437044020053,-585.7145858595201,-16.90320983948446
139.34427957907198,-585.8659934526769,-16.91125729817933
139.34519450669404,-586.0157505488701,-16.741526979096413
139.34616437212327,-586.167314333636,-16.9246794588566
139.34055720925005,-586.3170838822886,-16.930054160839006
139.34563083147717,-586.468631194582,-16.757651085043634
139.35646800809715,-586.6226453867179,-16.923184962904564
139.36090643352819,-586.7749625307562,-16.910941062987714
139.36235754000424,-586.9290406435707,-16.72882164280478
139.36360121139717,-587.0812796169807,-16.92982925609612
139.36519815244696,-587.2309855859991,-16.953059091609685
139.3623221464888,-587.3823224692462,-16.798511149345472
139.361879565436,-587.536099855222,-16.915362844548966
139.36480640829478,-587.6881782855874,-16.85443676197468
139.3679548430597,-587.8377540315988,-16.760619921415884
139.36987081846695,-587.9889686079072,-16.73916274842301
139.37110060813018,-588.1426270096341,-16.55381386234067
139.37012233696944,-588.2945888125092,-16.700827633944034
139.37076970016705,-588.444050061084,-16.670063627769615
139.37419876107086,-588.5951521943748,-16.481691108019998
139.3781353926497,-588.7444334964906,-16.658855540358047
139.38006421738115,-588.895494187186,-16.65824219491832
139.3786858263469,-589.0447623368851,-16.479851071700807
139.3746122626098,-589.195815720256,-16.658558653890434
139.3712895994608,-589.3450778355754,-16.659488458302285
139.37186392763869,-589.4961255249776,-16.482640484936358
139.37444148585894,-589.6453820953917,-16.653252693008064
139.3761510314819,-589.7964243485624,-16.646087123301992
139.3760182166032,-589.9456755817948,-16.461143775818147
139.3742850407691,-590.0967125935001,-16.658963140282612
139.3718457756891,-590.245958678956,-16.679004726969296
139.37053376230776,-590.3969906348352,-16.521268535878207
139.37234230345643,-590.54623175476,-16.640433934056382
139.37433856737036,-590.6972588337884,-16.581821554456784
139.37387820675053,-590.846495163958,-16.48761501179813
139.374165068575,-590.9975175387713,-16.4623147389805
139.37624173952014,-591.1467492487382,-16.276019783623727
139.37946817074712,-591.2935004191938,-16.443913129853073
139.38370177811964,-591.4419350206565,-16.43402869830464
139.386432164972,-591.5928619050997,-16.246366488978428
139.38553596444066,-591.7464073971157,-16.436069571718313
139.38351474795124,-591.8982928525377,-16.44799487668042
139.38253105223805,-592.0476861519415,-16.28214240386475
139.38423462879692,-592.1987229821059,-16.447362732948115
139.38645143116582,-592.3522071057265,-16.434805284253706
139.387505573063,-592.5039978027248,-16.244470057781513
139.38831219062556,-592.6575576800412,-16.45415155602033
139.3894702758714,-592.8092874307217,-16.486055276481373
139.38985907299707,-592.9584932218431,-16.340181219164638
139.38926714960624,-593.1093388498012,-16.46614947859479
139.38807683391144,-593.2626337517513,-16.414339960247165
139.3876051020235,-593.4142383143386,-16.33336623394527
139.38810512930604,-593.567615321941,-16.302452431809442
139.38838173025687,-593.7191654566606,-16.152009463174934
139.38902037872782,-593.8681948371097,-16.255129771948624
139.39013479814676,-594.0188672044051,-16.180472302944537
139.3925605222347,-594.1677252731793,-16.112164068086862
139.39398200806937,-594.3183700563823,-16.034587962551523
139.39394865178824,-594.4714963455543,-15.986802061395935
139.392803468151,-594.6229411398075,-15.896976377271566
139.39227353943207,-594.7761624202253,-15.894937771234067
139.39228486512746,-594.9275598507768,-15.71512138741879
139.39322739174028,-595.0764393034539,-15.911062320701289
139.3947534203803,-595.2269644305624,-15.929225476206007
139.39637444590736,-595.3756778907494,-15.76961085393295
139.39511497178208,-595.5261806483406,-15.968108800711454
139.39329731024725,-595.6749007817491,-15.988828969712182
139.3885174179723,-595.8211492595348,-15.83177136093513
139.3823899491284,-595.9690900945118,-16.034044766911308
139.37731388897197,-596.1152653534964,-16.058540395109706
139.3753967478531,-596.2632752269325,-15.905258245530327
139.37413865654875,-596.4095469939477,-16.10862297460496
139.3730302680614,-596.5576574967703,-16.134209925901814
139.3723782505515,-596.7040292862696,-15.982019099420892
139.36853966926387,-596.8479716009869,-16.159484251012255
139.3620632572657,-596.9936475078275,-16.15917162482584
139.36254872142942,-597.1375982979731,-15.981081220861647
139.37304898977962,-597.2834234313199,-16.1779254429162
139.3812944373728,-597.427549475855,-16.196991887192983
139.38321698555993,-597.5778192433276,-16.038280553691987
139.38631338873603,-597.7271805853613,-16.15959126517196
139.3896005251759,-597.8742359921097,-16.103124198874156
139.3871261689947,-598.0230054237937,-16.004197966951548
139.3843560384661,-598.1700018285477,-15.998681899403511
139.38444259492442,-598.3188196790481,-15.815388054077694
139.38509925775494,-598.4658852981572,-15.971978513794488
139.3858606026552,-598.6105088710719,-15.950791195733505
139.3858107226197,-598.7568538328219,-15.751826099894746
139.38600997366868,-598.9014617217717,-15.938196421851128
139.38584555047518,-599.0479322172964,-15.946788966029736
139.38437873089637,-599.1969587648665,-15.777603732430562
139.3843149601412,-599.344377034169,-15.95955702412652
139.38412203944594,-599.4893770324326,-15.9637325380447
139.38308469919033,-599.6360978209573,-15.7901302741851
139.38148256163961,-599.7810760718753,-15.977100588009552
139.38102225058617,-599.9279105690366,-15.986293124056223
139.38244129592266,-600.0730280025981,-15.817707882325116
139.38462669722574,-600.2157381310512,-15.95134030302244
139.38775562179248,-600.3602038099891,-15.907194945941981
139.38897363964034,-600.5029659760346,-15.790561842630096
139.38856015322392,-600.6476237109179,-15.833401781027355
139.38659246887258,-600.7948698717837,-15.698463941646832
139.38722015200057,-600.9405395502248,-15.758072077172868
139.39082375935325,-601.0880888523099,-15.639902434921124
139.39455885580188,-601.2381822668273,-15.629720981208294
139.39621379536464,-601.3866498419358,-15.441761749717687
139.3966060555209,-601.5369473769832,-15.61331650344147
139.39632953431808,-601.6854733390757,-15.607093479387474
139.39592318958944,-601.835799284005,-15.423092677555703
139.39590732594732,-601.9843472565071,-15.581238441585603
139.39473778413875,-602.134693618915,-15.561606427837724
139.39581991795816,-602.2875280665943,-15.405141746971944
139.3973369965555,-602.4386864858496,-15.54030804487666
139.39686437676843,-602.5873598907908,-15.497696565003597
139.39435609456362,-602.7376884933323,-15.382385820724336
139.3947652421111,-602.886210128602,-15.4364143470276
139.39739472328836,-603.0365247293826,-15.312665095553086
139.39590998523704,-603.1893267822763,-15.371160559908127
139.39567863072563,-603.3404531408405,-15.251878246485392
139.39775635440859,-603.4890950078836,-15.32404511379319
139.4002663438825,-603.6393926256245,-15.218434203323211
139.40118264444206,-603.787883827386,-15.274625317468276
139.39765873094416,-603.9339018710822,-15.153038653835564
139.3932968925156,-604.0816152487661,-15.244376424938642
139.39088461524742,-604.2275668807647,-15.157936418263942
139.3905392248214,-604.3710904070825,-15.18604932183717
139.39061212398317,-604.5163537554454,-15.036384447632626
139.38912497760776,-604.659899100596,-15.198891615327073
139.38734697265116,-604.8053259779732,-15.183621005243742
139.38635741649324,-604.9490608684285,-15.059861680760404
139.3859502904493,-605.0946797986131,-15.179477972401527
139.38525477399858,-605.2386045119586,-15.121316486264876
139.384511471256,-605.3844101193464,-15.091917089098846
139.3829478493385,-605.5327848924599,-14.98513976286411
139.38288506843108,-605.6795632797232,-15.053294325024975
139.3831233486097,-605.8239348749753,-14.943671109408063
139.38218645213186,-605.9700384935817,-15.041588850431937
139.3756856228504,-606.1144105987275,-14.961728813678034
139.3681644632469,-606.2563831090192,-14.984766672314398
139.3634226496267,-606.3958565357492,-14.830026753172987
139.35930414433017,-606.5371131903645,-15.01780035306187
139.36317687499593,-606.6767175070246,-15.027796175172979
139.3657163295736,-606.8182725391456,-14.860014219506306
139.35891123446854,-606.9582044872352,-15.090581633084094
139.35033401300174,-607.0958216752568,-15.143371268884103
139.35179813119012,-607.235285355702,-15.018383126906336
139.3552496942953,-607.3731348511766,-15.154804150368536
139.3442549908197,-607.5129676501659,-15.113447396052958
139.34039051425515,-607.6554750433837,-15.03297625554723
139.35362304451726,-607.7964905836324,-15.00565720910428
139.36474455793655,-607.9394688656038,-14.861403555723214
139.36254613979642,-608.0808062270205,-14.974406037606002
139.35483855729132,-608.2240719396307,-14.909630741711013
139.36298853864213,-608.365685765678,-14.819581726013322
139.37542612191828,-608.5092218177756,-14.780434449437129
139.38279144661732,-608.6511009134533,-14.634003791238088
139.38451667942746,-608.7948974484864,-14.737697905942643
139.3850893572154,-608.9370323651144,-14.66361424286942
139.38747849035926,-609.0810801503584,-14.6269431905194
139.38649915801403,-609.2234618297132,-14.517365283467221
139.38486006085324,-609.3677519706727,-14.586980678982018
139.38434432233336,-609.5103716775038,-14.478818296719036
139.38364992382287,-609.6548955950121,-14.568821759919818
139.38375100253754,-609.7977449033848,-14.481047445342822
139.38524351691103,-609.9382276553223,-14.535598048523324
139.38822509154522,-610.0762391190563,-14.412370873926049
139.38653051805898,-610.2160601621098,-14.535516880262277
139.38269281554932,-610.3542545550816,-14.480885108820727
139.37971306789294,-610.494424853337,-14.462522117103248
139.37777040095162,-610.6329967995184,-14.373765143326148
139.3768841125276,-610.7692782742727,-14.435174485635766
139.37622170479796,-610.9074300959894,-14.318806050167606
139.3760241607838,-611.0439911611896,-14.440960608197557
139.377566843472,-611.1825585399373,-14.385337388449733
139.37820185334695,-611.3195564453409,-14.359754694117171
139.37864629740767,-611.4542920414214,-14.268082843871028
139.37904630732336,-611.5909256027148,-14.331208025523654
139.38025485249122,-611.7259955241794,-14.216555429398502
139.38160791651157,-611.8630983899062,-14.339635585318282
139.38255819628083,-611.9986579370618,-14.284937963460283
139.38464818188757,-612.1362475291658,-14.262019398214546
139.3865257177554,-612.272286300505,-14.173887352866277
139.38792339427644,-612.4103468007213,-14.233921852632466
139.38797144308427,-612.5511147862653,-14.116178574620879
139.38651688298864,-612.6904222353028,-14.246058230690817
139.38478248818922,-612.8317229822081,-14.198160108982979
139.38424879339732,-612.9756794447311,-14.179080865629114
139.38478416226616,-613.1181196695773,-14.11070142322984
139.38552572973214,-613.2582308303569,-14.15548286317491
139.3858873235136,-613.4001501529254,-14.022486525342202
139.38575711322434,-613.5404126997087,-14.209425135240824
139.38511972733397,-613.678349046225,-14.21858596736167
139.38438997136714,-613.8181250579819,-14.092778803362478
139.38406278680324,-613.9562810772863,-14.235698564160701
139.3834101031448,-614.0964148791592,-14.200840547181148
139.3839336022795,-614.2349512234746,-14.12957440675839
139.38468489265182,-614.3711977816038,-14.14780702679957
139.385471056253,-614.5093153203356,-13.988261869062974
139.38584234683987,-614.6458427168594,-14.186606993861263
139.38612538224663,-614.7843770286354,-14.207174340881775
139.38679740789158,-614.9256091243611,-14.049963910124509
139.38712700721945,-615.0653721426264,-14.238472191123828
139.38697276698232,-615.2028536046955,-14.24920269434537
139.3871346191378,-615.3421901302869,-14.082155419789132
139.38694672120786,-615.4799159935523,-14.287604312701742
139.38669154558693,-615.6196276231859,-14.315275427836575
139.38683721025882,-615.7620160629161,-14.165168765193627
139.38747163798064,-615.902914784634,-14.314550089674775
139.38901790645147,-616.0415116698182,-14.286153636378144
139.39072455169836,-616.181943698662,-14.163072055852954
139.39326033334578,-616.3207455007165,-14.24359731078615
139.39551521115658,-616.4615138540061,-14.146344787941567
139.40055828327118,-616.6006734787403,-14.141847004866314
139.40074504833203,-616.7417988653227,-13.959571444013285
139.39420500687902,-616.8813102876658,-14.146824789001062
139.38517884026837,-617.0227814213764,-14.156300356211062
139.38523626521794,-617.162632463459,-13.987998145643283
139.38628825843588,-617.304437161284,-14.13980967555906
139.3858797591817,-617.444615812333,-14.113843427697063
139.38312986008918,-617.5824756021007,-13.947815395215684
139.37995079070498,-617.7179109470466,-14.08992328889694
139.384128434027,-617.8552018781221,-14.054253404800418
139.38971800451858,-617.9909113442928,-13.904872927590544
139.3914002421082,-618.1286410939637,-14.015056644118934
139.39310019907168,-618.2690827438948,-13.947462582869544
139.3964221894109,-618.4080693815233,-13.882416628729311
139.4000213403405,-618.5490549845118,-13.811764838948939
139.40403717990824,-618.6884352519965,-13.748745443132426
139.40602413192977,-618.8255121552427,-13.66893478059542
139.40511126979106,-618.9644455141286,-13.630765349287945
139.40198698330408,-619.1060408897047,-13.51038254260883
139.39846484624414,-619.2461548677219,-13.580270050636214
139.39696834279667,-619.3882465007621,-13.47237978088582
139.3991853607874,-619.528712806026,-13.542982818781132
139.4025242188099,-619.6668563027264,-13.435808078898665
139.4052186255247,-619.806837196872,-13.51893828441787
139.40363559930464,-619.9451947311234,-13.424290712159296
139.39834315620382,-620.0812598417976,-13.503359815572601
139.39279654447324,-620.2191979861824,-13.404651141208133
139.38768865082793,-620.3555489503669,-13.49265466925441
139.38356247973155,-620.4896432647986,-13.402880419522912
139.38133578091163,-620.6256457968078,-13.475928657821099
139.38075264515246,-620.7600957140994,-13.371199118341504
139.3805065154918,-620.8965895985127,-13.47244854964105
139.37786550978376,-621.0315510299941,-13.39592020316282
139.37149597872522,-621.1685531860861,-13.43042656541493
139.36447133148275,-621.3040150119912,-13.28715514988926
139.36111334487538,-621.4415088703349,-13.463799375156842
139.36552311509345,-621.5774536669588,-13.462665822646645
139.37676594216686,-621.715421880798,-13.3172058603913
139.38921548262627,-621.8518325634833,-13.489263999575284
139.3906341945208,-621.9859916768953,-13.483544360981488
139.38982656346653,-622.1220591023952,-13.338772899221171
139.3877620390197,-622.25657300915,-13.499915448427204
139.38259905357538,-622.3931297921484,-13.48328021985546
139.3768898050579,-622.528153009482,-13.357822611602186
139.3748520576825,-622.6609491834806,-13.462373349759389
139.37809848072035,-622.7956779587819,-13.389146310138816
139.37947734426882,-622.9288771117616,-13.369392463970744
139.38046308541558,-623.0641426189902,-13.231997592207168
139.379302849319,-623.2021642876325,-13.348712532309257
139.37937258557605,-623.3387742137146,-13.287649694633568
139.38215310227704,-623.4774255612249,-13.231733715297864
139.3866700077182,-623.6187799294117,-13.17389553650308
139.38982550602998,-623.7586645284973,-13.129683529851604
139.3926638447177,-623.9005323705759,-13.064894833373739
139.39539838399705,-624.0450458519433,-13.040674410069489
139.39519682772496,-624.1880331583225,-12.91780645244995
139.39276647447625,-624.3329482991244,-13.026060848101826
139.39074803796728,-624.4761879914748,-12.956537465975924
139.3892513581255,-624.6213220740661,-12.970936017764018
139.38870164906382,-624.764770905531,-12.807556791774335
139.38875981890922,-624.9058425256119,-13.04723642228497
139.3889387372316,-625.044432351486,-13.109138275017827
139.38749659396657,-625.1848214298841,-12.993262349972907
139.38451697108826,-625.3278403807831,-13.151933385071732
139.380040229146,-625.4693512588806,-13.13282664239278
139.3753277326097,-625.6085479232626,-13.059807254064253
139.3743328851053,-625.7495687256747,-13.110096130609234
139.37491704968295,-625.8889487265031,-12.982607229376434
139.37580870855854,-626.0302849403363,-13.143328145421924
139.3746958515897,-626.1700022817292,-13.126271283689636
139.37319791875112,-626.3074087575566,-13.020543046167338
139.37164427467226,-626.4466655015033,-13.109891835383062
139.3717442512834,-626.5843117587157,-13.021462846821008
139.37258419680956,-626.7196782829229,-13.082150621657526
139.37314952356016,-626.8569303144072,-12.965060618716267
139.3720092196863,-626.9926074184548,-13.051202625187036
139.37547556289823,-627.1303065737573,-12.959566853880032
139.37981393642386,-627.2707184179909,-13.013211772977668
139.38303123692205,-627.4096758315595,-12.889078914297526
139.38433412120767,-627.5506327424465,-13.009516981171615
139.38071648122985,-627.6899848322869,-12.952177270267924
139.3765768539457,-627.827034061529,-12.902171745367154
139.37362370389943,-627.9659402407246,-12.84072790014885
139.37382629410135,-628.1032422553623,-12.82795058185134
139.37424648440341,-628.2425373639912,-12.708106904328087
139.37347221868566,-628.3802500054292,-12.828509661545906
139.372470073543,-628.5199542403061,-12.77113464098595
139.371847271913,-628.6580698891971,-12.758806797328965
139.37048786327532,-628.7981701761067,-12.647375164485442
139.3690004670479,-628.9409415198729,-12.753971867852307
139.3683299607155,-629.0822165492324,-12.682790793441395
139.36207947956328,-629.2254497375152,-12.729035379367623
139.35397878806793,-629.3670374633492,-12.597502187516076
139.3497334865608,-629.5105490712594,-12.776521431811705
139.35330630733938,-629.6524044016057,-12.777762898329556
139.36044705023517,-629.7919109784077,-12.655277005323615
139.36532159809988,-629.9332303776307,-12.804991303270018
139.36392069116653,-630.0729024654378,-12.776927823438642
139.36210595061658,-630.2102586434906,-12.714212367956558
139.36105736409783,-630.3494647961716,-12.727731258906033
139.35812181050466,-630.4913277896065,-12.568834143261633
139.35197416914775,-630.6359712108414,-12.784551797679313
139.34075065447072,-630.7791135667563,-12.822491674319215
139.3286715884495,-630.919919907212,-12.68265377318134
139.3235798699873,-631.0582564655117,-12.851744266795777
139.33269759214394,-631.1983982807732,-12.843056982632438
139.344116861487,-631.3369080193878,-12.728313007791785
139.34597092177003,-631.4773880930571,-12.842196863552331
139.3450624602726,-631.616264294912,-12.778302941535104
139.3452588592048,-631.7571112608663,-12.789714014417452
139.3501943258825,-631.8963492227915,-12.635454098520729
139.35395230169442,-632.0375517773413,-12.84096991349352
139.35413422145493,-632.1771390363067,-12.868707950688535
139.35811923159076,-632.3186846618056,-12.718668210105772
139.362808184102,-632.4586088672708,-12.863201861610072
139.36674812665257,-632.6004854222515,-12.829957735336597
139.3671951213614,-632.7407346472421,-12.736339257582689
139.36652650257713,-632.8829304172572,-12.770843908641286
139.36523360367252,-633.0277598231036,-12.627570781922104
139.3650662366394,-633.1710561601219,-12.729018771815415
139.36882591186722,-633.312007891026,-12.652688983930947
139.37454952461067,-633.4547527205344,-12.611558517276775
139.3785294112538,-633.600092687744,-12.497689988360397
139.37963817206682,-633.7438846251824,-12.553246085309762
139.38098004978224,-633.8895885824452,-12.43102440448135
139.3823494663951,-634.033602709614,-12.504957435637191
139.38288180352896,-634.179497336511,-12.401112689015255
139.38282848708332,-634.3236931175487,-12.434616464916848
139.3826587982001,-634.4654983449733,-12.290342463040666
139.3824682481824,-634.6048086762186,-12.426891933834936
139.38145490264915,-634.7459053924058,-12.385663626851429
139.37905763226038,-634.8896193433956,-12.309610346659591
139.37682833807938,-635.0318128095985,-12.296074229748303
139.37466434465713,-635.1716798717692,-12.145000353619803
139.3750099659598,-635.3133590993604,-12.320008214435838
139.3787308169267,-635.4533857665765,-12.317238297474093
139.38225068394598,-635.5953570980062,-12.189476114789931
139.3815718494004,-635.7356982144538,-12.341397361139533
139.37472070685536,-635.8737173253598,-12.31554082971136
139.36138854118218,-636.0135757633581,-12.243269643297788
139.35393645057295,-636.1518129689898,-12.263713364518757
139.35434236026518,-636.2877598878904,-12.10637930796195
139.35590343041318,-636.4255819488205,-12.309260899053593
139.35602888632135,-636.5618189021787,-12.334364712367458
139.3550441017864,-636.7000679084638,-12.181690747903547
139.355493941654,-636.8410197839115,-12.369619691946376
139.36033453090178,-636.9805075842964,-12.379770858211426
139.36105287053405,-637.1219854098413,-12.2121442466987
139.3625809883018,-637.2618491113434,-12.43296901424892
139.36548132846616,-637.4036674820602,-12.476016004021364
139.36902553049418,-637.5438598142365,-12.341285216016031
139.37141609846609,-637.6859997588692,-12.442738282961098
139.37313127377118,-637.826507680114,-12.366413572128389
139.37386386582745,-637.968957528468,-12.315874602627018
139.37562329992474,-638.1140364755116,-12.208607002196702
139.37879507936748,-638.2575778972686,-12.226142389810061
139.3817935514606,-638.4030370026364,-12.065899999645643
139.38553605048065,-638.5468108930058,-12.152979035785142
139.38855279490005,-638.6924696228235,-12.062280294146865
139.39097081692313,-638.8364337297069,-12.01986197019552
139.3932347048204,-638.9822780891499,-11.904126282888479
139.3937911239313,-639.126424268215,-11.959089683852858
139.392355469102,-639.2681807322133,-11.836275307039458
139.3917738176867,-639.4117098279324,-11.90211138047338
139.3917819059965,-639.5535521473013,-11.790169676129526
139.3931416049954,-639.6973064650799,-11.84148675901934
139.39434162152415,-639.8393986766878,-11.715026064131372
139.39220374576823,-639.979137600052,-11.826484037329342
139.38819669689946,-640.1206851344128,-11.760164232749535
139.3838728025476,-640.2648479371511,-11.758114025047332
139.3820128122632,-640.4074834781482,-11.60526981532551
139.38067205598747,-640.547784972436,-11.784172410046851
139.38068621504718,-640.689890925019,-11.785297226990414
139.38056048913398,-640.8303367068241,-11.639569296381241
139.38040857432813,-640.9684530033547,-11.81691741038809
139.37984291564317,-641.1084057488353,-11.81648774661716
139.37920255310593,-641.2467353450589,-11.68827745135765
139.37814569050985,-641.3870396238406,-11.859986323150794
139.3770205588367,-641.5257434005022,-11.853917417166162
139.37795288633197,-641.6621544008051,-11.742813899221241
139.37969411255875,-641.7961667782763,-11.853385638700065
139.37869590998105,-641.9320601440351,-11.786179600401107
139.37962979607912,-642.0706636684715,-11.795479995769922
139.38093681797673,-642.2078379745183,-11.636466237069643
139.38394254494503,-642.3427755134234,-11.814840506210256
139.38724526481056,-642.4796132539022,-11.815436997573093
139.38973907790637,-642.6148848979425,-11.63825571115815
139.39244630875086,-642.7521861259797,-11.84720120793769
139.39474705363975,-642.8879405422399,-11.878368926939451
139.39446800185465,-643.0257215333355,-11.731758868163435
139.39408762613792,-643.1619482875249,-11.868747219692892
139.3973919509784,-643.2959267471623,-11.827957793444572
139.400563109977,-643.4318167431301,-11.718039420079766
139.40489631265706,-643.5704230553102,-11.727305174815672
139.40940029630195,-643.7076013409595,-11.558793151773802
139.41346371281685,-643.8468097079068,-11.69696493579925
139.4173812250931,-643.9844442387837,-11.65735894204692
139.42121384079147,-644.1240732002295,-11.50253657274649
139.42456252441764,-644.262115213671,-11.605890674096328
139.42653479590672,-644.3978765733202,-11.531466997668389
139.42368284599607,-644.5355176406517,-11.523743085809855
139.42114039064867,-644.6715770876732,-11.345781025231963
139.4182835491344,-644.8096518096082,-11.518844225169994
139.41376179435497,-644.9504325238141,-11.514129647330247
139.40938203299046,-645.0940188885388,-11.334247496355468
139.40344851580394,-645.2361242661799,-11.539734006277758
139.3981117463641,-645.3801790588113,-11.56744273842227
139.3942022271945,-645.5225749551678,-11.417373692789004
139.39638664901827,-645.6668805528544,-11.604272259848855
139.40017123615254,-645.8095157445289,-11.613393049130927
139.3947695866652,-645.9497882656082,-11.444736060635222
139.38966262442406,-646.0918599322686,-11.63492810199244
139.39002945420626,-646.2365375198972,-11.647342365571882
139.3918964919251,-646.3796786549176,-11.481978851373546
139.3940370178059,-646.5247433810517,-11.61322391594322
139.39702313161771,-646.6681296826367,-11.566691202735116
139.39972522717486,-646.813407694134,-11.45060983845961
139.4006876448331,-646.9569978714501,-11.487535506532387
139.40128843919382,-647.102474977186,-11.34668339682739
139.40304214204187,-647.2462604608797,-11.405205149289497
139.40623348503578,-647.3919293377304,-11.285949123973829
139.40966696806962,-647.5359031580749,-11.287558601890522
139.41392315846383,-647.6817570061179,-11.111390302029436
139.41787269117785,-647.8259124938616,-11.228805895057157
139.41964961011277,-647.9676780981642,-11.1684437103071
139.42096673455592,-648.1112161705174,-11.054584516757227
139.42135005655308,-648.2573339727852,-11.063119187011393
139.42195361081488,-648.4018896011813,-10.893876079487782
139.42259262764676,-648.5483435591992,-11.047757582706394
139.42322964875325,-648.6930942824051,-11.023861308147225
139.42262343308118,-648.8397123483633,-10.890879334399617
139.4213665251207,-648.9846186481558,-10.98848500997769
139.41917602139358,-649.1271217051183,-10.908312907777985
139.41806195234392,-649.2713840700378,-10.885036421506223
139.42046612587842,-649.4139465651366,-10.745990469081875
139.4235397552395,-649.5584081974522,-10.861637342193218
139.4250608952594,-649.7011950917736,-10.799506437526786
139.4254267923086,-649.8458829582214,-10.750640650015162
139.4243244368945,-649.9888932361051,-10.681992493651848
139.42212277559804,-650.1338007389905,-10.656865548762251
139.41932012119693,-650.2770267801685,-10.53129149418603
139.41643712814857,-650.4221462030862,-10.62670108092038
139.41481284771635,-650.5655803816701,-10.544332889876951
139.41510785512904,-650.710904225292,-10.549390021283605
139.4149594133386,-650.8545391739232,-10.39031055441119
139.4139030595464,-651.0000602020647,-10.592331603752726
139.41185881371885,-651.143888813708,-10.616574875316484
139.4112887298693,-651.2896000462416,-10.463040369102464
139.41020025294128,-651.4378821320905,-10.666960282773308
139.4069684668472,-651.5888361544927,-10.693102418666374
139.40253264876654,-651.7381776625537,-10.541466776781663
139.39832977814572,-651.8850726996316,-10.755310522261361
139.39546527117682,-652.0293892686523,-10.791376489963282
139.39496428770408,-652.1754043084132,-10.649664679887426
139.39494313402886,-652.3239490506458,-10.813476884276533
139.39419691383208,-652.4751537637052,-10.799511310887862
139.39331629324042,-652.6247400038998,-10.677581350120716
139.394065761396,-652.7761417674387,-10.760273486030659
139.39554125486507,-652.9257533661206,-10.665187844162825
139.39714096860078,-653.0771457890943,-10.67472114516095
139.39915344157228,-653.226741240244,-10.506476668381296
139.4024518445531,-653.3781163839459,-10.662861628407645
139.40513918958231,-653.5319612418924,-10.641468810656216
139.40807676966963,-653.6841120269302,-10.46537923193158
139.41225639562956,-653.838026741777,-10.629622527348
139.4170356538615,-653.9901052333075,-10.61608804498664
139.42145620020852,-654.1396535860733,-10.43211101729274
139.42574213418607,-654.2908356678466,-10.62310758933043
139.42911707907317,-654.4401943502585,-10.636326383590346
139.42897471581486,-654.587064140426,-10.47176740007248
139.4281309156494,-654.7356140040179,-10.624741163811784
139.4267481621493,-654.8823871731234,-10.599937149773309
139.4273323949209,-655.0309842293711,-10.431352202880175
139.42912304919193,-655.1820993493584,-10.57908530826729
139.42989752067982,-655.331568889276,-10.549040635876628
139.43086840757218,-655.4828501908341,-10.377883804024975
139.4318647693763,-655.6323422884316,-10.512473278543057
139.43244138901713,-655.7836171020712,-10.469284975283358
139.43251341496816,-655.9373636615694,-10.341145464676915
139.43084083114547,-656.0894179525044,-10.390497721344422
139.42843244656024,-656.2432379064779,-10.262072200234153
139.42673248773653,-656.3952233314916,-10.312053680010079
139.42807483570178,-656.544680280224,-10.18425738200823
139.43082788718706,-656.6957725904296,-10.237555015390079
139.433002591533,-656.8493097711844,-10.113074870994149
139.43462003065596,-657.001152286145,-10.173178299776302
139.43445856871122,-657.154762996623,-10.055503950780679
139.43312228956728,-657.3065426605443,-10.105331518571052
139.43074871850908,-657.4557974710452,-9.977381308583649
139.4290227798564,-657.6024245757793,-10.040418437222602
139.4274509143679,-657.7507074427594,-9.92567778808378
139.4267535522659,-657.8972125503028,-9.98785299396697
139.42624100887994,-658.0455451444293,-9.872250422072382
139.42577271874313,-658.1921336167559,-9.936321858018252
139.42408793938253,-658.3362884508939,-9.822615516186346
139.4221838234836,-658.4821730219753,-9.901313468216541
139.4206735877032,-658.6305954043235,-9.802233642468957
139.42090805129976,-658.7774144528204,-9.853453703558083
139.42272012017835,-658.9260914080795,-9.726895986869433
139.4235899384671,-659.0730254279941,-9.847968296917799
139.4217931581111,-659.2175211325566,-9.791262829188385
139.420309945569,-659.3637407906948,-9.768061080415315
139.418910541168,-659.508225671077,-9.685248927716069
139.41713713436897,-659.654575366498,-9.728882774765518
139.41531414887592,-659.803483273703,-9.594738844037192
139.41391784121552,-659.9507850219178,-9.77480126941729
139.41221606105282,-660.0956705801378,-9.777085917019612
139.41006672281864,-660.238012305753,-9.657005470072281
139.40744599689174,-660.3820875158609,-9.801427786689743
139.4047682659728,-660.5244603532124,-9.768072325529428
139.40211721733962,-660.6687345245479,-9.712298784526567
139.40197498674414,-660.8156037300214,-9.710545463621749
139.4027489870358,-660.9609031358445,-9.566448991834571
139.40369522550074,-661.108088767966,-9.735507451988584
139.40301800954217,-661.2535583385792,-9.726788134364819
139.40161506754805,-661.3966157963307,-9.612114633137102
139.40049759996634,-661.5414229032219,-9.72584344694919
139.399863786806,-661.6887871277543,-9.661794482983499
139.40139082987272,-661.8345669290659,-9.678247092596907
139.4020945484612,-661.9779565330036,-9.536398018114072
139.40057026037854,-662.1230954453216,-9.724010870865197
139.3982096052811,-662.2707866881184,-9.73384594583854
139.39777036165316,-662.4168878993354,-9.565903243034107
139.39813231400626,-662.5605932203437,-9.792123855870525
139.39906180223323,-662.706042220967,-9.840566690929167
139.40050224491355,-662.8497713495044,-9.711231748210029
139.39996928107752,-662.9953790226855,-9.838413955525464
139.39945988253496,-663.1392915401101,-9.787818385063122
139.39937310849706,-663.2850849372467,-9.737073528969166
139.4006058712575,-663.4291810042331,-9.677256212375871
139.4024956754184,-663.5708882389034,-9.623300531103343
139.40407934397797,-663.7143689819952,-9.54704836323624
139.4068112621311,-663.8561638117584,-9.510447576988314
139.40932330958918,-663.9956048212771,-9.396014640067081
139.4117556560111,-664.1368585723891,-9.457512879071572
139.41331613552111,-664.276465929582,-9.341233340298286
139.41344627038458,-664.4180251477995,-9.420895436710627
139.4132884855118,-664.5579614515632,-9.322779755345188
139.4130753607433,-664.695582967227,-9.376579143238041
139.41367731021458,-664.8350509081591,-9.252600753353116
139.41361060236358,-664.9771712567627,-9.391497211099951
139.41217911178197,-665.1178008197205,-9.352615891069007
139.40802924585364,-665.2561321606537,-9.299601906248194
139.40544983628251,-665.3963031447776,-9.282376672853983
139.40322120291893,-665.5348485146543,-9.186416186321248
139.40191575424916,-665.67536500531,-9.277774590026599
139.40245795334366,-665.8142772633655,-9.191355215954173
139.40336197071503,-665.9551597005642,-9.271124061135732
139.40350238349467,-666.0944325122624,-9.173115128539514
139.40184541170754,-666.2356692966498,-9.264279669140084
139.39944008438363,-666.3752901746415,-9.177666431962875
139.39897440616318,-666.5168688188671,-9.257861775974957
139.39890328074253,-666.6568254533993,-9.160279342209261
139.3989120774434,-666.794467191635,-9.259906474271569
139.39893673345992,-666.9339550458899,-9.181755828556097
139.39896421067624,-667.0718282960881,-9.233932582463467
139.40063630578987,-667.2116844281388,-9.108331558593058
139.40096909913026,-667.3499480715709,-9.250797811107956
139.40020796572185,-667.4901934676836,-9.215486285845078
139.3992388719721,-667.6288406131436,-9.159315641423412
139.39988641326522,-667.7651962379596,-9.15373550359552
139.40084807209075,-667.9034209453162,-9.036856251261327
139.40185887749723,-668.0400536066762,-9.160134606396552
139.40286513632077,-668.1786913054309,-9.105635183753998
139.4054988412578,-668.3157582755044,-9.068179246900948
139.408009911614,-668.4548283696008,-9.00262853019988
139.40840563094227,-668.592321202719,-9.008287218053344
139.4075513187234,-668.7318097966815,-8.852584771442395
139.40810359485778,-668.873980371699,-9.047176376208704
139.4089293340689,-669.014665361416,-9.063990203197234
139.40856424427102,-669.1573190475524,-8.903026252407988
139.40714484772627,-669.2983376205477,-9.109193166366554
139.40512411013853,-669.4412902400989,-9.137582302547342
139.40383317705457,-669.5868632317053,-8.98819366095035
139.40311723147522,-669.7308899262866,-9.173595339130395
139.40334779906726,-669.8725589818066,-9.181219239532664
139.40294305677673,-670.0160083273915,-9.016492880869897
139.40241700884445,-670.1577735625189,-9.221536203261316
139.40187418135443,-670.3014524255439,-9.248801747874959
139.40339082927716,-670.4477372480966,-9.098289514710823
139.40529780217867,-670.5924627673007,-9.272061761005256
139.40684505201688,-670.73481810734,-9.268056229521909
139.40706457413359,-670.8789414689321,-9.08661417656305
139.4090705397248,-671.021368680359,-9.267333359739208
139.41140526472253,-671.165697696968,-9.270274765137591
139.41541698106823,-671.3083543952662,-9.095438392758195
139.41888392905108,-671.452914401304,-9.256924634215087
139.42054994899004,-671.5957991043596,-9.240633097894204
139.4218320888144,-671.7363166088197,-9.046563783795541
139.42301921773836,-671.8786288690528,-9.217462941479265
139.42540246087088,-672.0192760838506,-9.21058432138521
139.42881414294277,-672.1618566402842,-9.02592792351338
139.43402565776864,-672.3027960526867,-9.152616443275853
139.43829101982334,-672.4456694313067,-9.101527185260549
139.43901759950788,-672.5868976262296,-8.948469330671996
139.43861542247402,-672.7300548723078,-9.029143277433482
139.4392269917254,-672.8715619144505,-8.93203944641719
139.44167527902667,-673.0149930378734,-8.861411874653031
139.445279200963,-673.1567690682414,-8.718438754756402
139.448652327381,-673.3004643764555,-8.739326285195654
139.45110821023076,-673.4424998736329,-8.58243603785713
139.45293504958855,-673.5821833481989,-8.666840804224108
139.45214432075483,-673.7236764754931,-8.573467792813307
139.44960932420403,-673.8635191866338,-8.522835084583736
139.4463490829496,-674.0053096070964,-8.406372820466574
139.44504527174124,-674.1497396612211,-8.45353380152433
139.44456195630144,-674.292643525753,-8.322917004804308
139.44260694716831,-674.4374764085153,-8.434121068699465
139.44038540387086,-674.5849019161465,-8.367547354816846
139.43855281568966,-674.7307492304208,-8.342553525358612
139.43682408200806,-674.8784732997761,-8.235484839055616
139.43555137232764,-675.0244717556059,-8.308980837811097
139.43397730154066,-675.1723153329142,-8.2046990587888
139.43195467865024,-675.3184252703076,-8.281464750415632
139.42904800042024,-675.4663771383862,-8.180452664264687
139.42559518387938,-675.6125931882558,-8.259425920463434
139.42249291306712,-675.7563825573301,-8.160621398884404
139.42320442814108,-675.9019082525516,-8.230037568580494
139.42548991440006,-676.0457115142261,-8.121675960498807
139.42846835686927,-676.1871250872474,-8.202716831611852
139.43113236384323,-676.330316173944,-8.10597992494712
139.43205292895223,-676.4760929345871,-8.166146897387309
139.4326117132067,-676.6245802272015,-8.048536092049721
139.43267774969198,-676.7714978069373,-8.14052430823686
139.4330567418823,-676.9160119496302,-8.05473474664622
139.4334929351025,-677.0622567593294,-8.104918893256738
139.43352192044728,-677.2067677762476,-7.977325262089478
139.43264771864767,-677.35314343348,-8.11947836176856
139.43119464584476,-677.5020768983169,-8.083853683669865
139.42964646476548,-677.653670426508,-8.023675086598105
139.42727994727298,-677.8036399705247,-8.012814666822646
139.42437097519104,-677.951151817525,-7.898154701439765
139.42427310646082,-678.1003408455201,-8.011853736393213
139.42843662808957,-678.2520101768715,-7.947774993568883
139.42805099103805,-678.4020184939595,-7.950195338893519
139.41730856242188,-678.5495611565741,-7.796916801401542
139.40423689003308,-678.6987789704256,-7.995576694995004
139.39581683267485,-678.850476272283,-8.016458810810686
139.39378907247183,-679.0005119990042,-7.859563148848592
139.39553438873384,-679.1480815692512,-8.06618071627631
139.39800949801315,-679.2973258076489,-8.09502050592625
139.3973082532306,-679.4447823949529,-7.946082517798414
139.4005025997837,-679.594050958352,-8.121091869457434
139.4044306338974,-679.7415589862908,-8.118323443338674
139.40639442903804,-679.8866170151844,-7.962358869688832
139.4067036690754,-680.0333886634137,-8.13872537616293
139.40708826667824,-680.1826822831797,-8.137314104859248
139.40912691040606,-680.3303570102164,-7.9581250557777885
139.41146736931472,-680.4798743625894,-8.15738629709033
139.41547934917733,-680.627633771018,-8.178869760625096
139.4193579072949,-680.7772067901826,-8.022575446382083
139.4219208415702,-680.9250152707772,-8.13856871549449
139.42377353378959,-681.0703686786005,-8.076784206829116
139.42545782819735,-681.2174304900693,-7.966054125892935
139.42708448863343,-681.3627424365042,-7.963004303952534
139.4294978208823,-681.5099044178053,-7.782176704234355
139.43080216454618,-681.6553434356787,-7.947442756947682
139.43227682649427,-681.8026360615014,-7.934931031883232
139.4337645791293,-681.9482045804577,-7.744641529041003
139.4356444574198,-682.0956246368825,-7.911925546405017
139.43634402479464,-682.2413183599982,-7.901431785991253
139.4326873583614,-682.3888613946124,-7.753062058901533
139.43190922886694,-682.5389425683674,-7.893921680721139
139.43171787349084,-682.6873968821459,-7.857003524762967
139.43164659443707,-682.8376811403554,-7.738568356759836
139.4303683443943,-682.9861940113343,-7.8041710597000575
139.43174332415438,-683.1365070884798,-7.691995984862502
139.432808061274,-683.2850424208726,-7.710926927282902
139.43379560693757,-683.4311097018098,-7.552080091925522
139.43146478032716,-683.5746059711269,-7.6595875741562
139.43096920657376,-683.7198138689563,-7.5893172786091
139.43331350932962,-683.8675655801636,-7.539556373257165
139.4353711128592,-684.0137246963759,-7.435277476142532
139.43446566840444,-684.1617532528254,-7.446237716461392
139.4317467140073,-684.3080504022971,-7.279420179002476
139.4311695049731,-684.4519205998031,-7.41856453918987
139.43308396531773,-684.5975259196625,-7.379931121599486
139.43300375387994,-684.7414074327768,-7.279370862520553
139.43088308220385,-684.8871645363556,-7.315049654716429
139.4292058124773,-685.0312237681096,-7.172950669134527
139.42764107764344,-685.1771612497583,-7.31411243741471
139.4265317704613,-685.325665492758,-7.277496427917117
139.42470799228943,-685.4725710276831,-7.195996537700712
139.42276725809805,-685.6170674978298,-7.227342518399026
139.42042006758902,-685.7590270941121,-7.0809107213195635
139.41802496808154,-685.9027270013632,-7.2786055637832705
139.414420572634,-686.0447312387939,-7.2985226284692
139.41062558051146,-686.1843767264393,-7.140661915377351
139.40808022005302,-686.3258310616366,-7.368200817512752
139.40582098660948,-686.4699020380215,-7.417961941870373
139.40406177655564,-686.612447333202,-7.289945288450218
139.40119381327833,-686.7569268479435,-7.4377259259745605
139.3928026659451,-686.899738386832,-7.407728785721125
139.39041288922948,-687.040185233108,-7.316367827612015
139.39583337457287,-687.1824283412699,-7.350606379896501
139.4035601543143,-687.3272743553817,-7.207067154403208
139.40506230095679,-687.470580918483,-7.342000117155117
139.40612126822725,-687.6158081202625,-7.2991553021292495
139.41036364986653,-687.7593539962411,-7.217261006297271
139.40984015606296,-687.9005220657124,-7.2212755682387355
139.40467137686045,-688.0434735168941,-7.047512352402423
139.39947016321568,-688.1847485571122,-7.253638538353423
139.39721287994323,-688.3236790701211,-7.2819869465266445
139.39804226410732,-688.4644314437255,-7.132557576922088
139.39947718607286,-688.6035463779132,-7.280448856718778
139.39690258559736,-688.7446219673758,-7.250562358737691
139.391096919396,-688.88408327951,-7.140159765407195
139.3888378317465,-689.0212382864058,-7.2115894707342845
139.39348374460954,-689.1559813832671,-7.105241398283597
139.39615747125882,-689.2925924185216,-7.172451602119555
139.3938778454419,-689.43190079562,-7.061884028177734
139.39475019269887,-689.5697673663908,-7.105477579738627
139.40034897229856,-689.7096514735562,-6.971293353521744
139.40681341127913,-689.847949625143,-7.08094487342111
139.4043190434482,-689.9882303452359,-7.012818615542699
139.40088972304184,-690.1269124754555,-7.0241434939863145
139.3973221846773,-690.2633025196261,-6.86067587252147
139.39501151882234,-690.4015610437365,-7.077051306410794
139.3946277569392,-690.5382269203808,-7.115648962522339
139.39422416713055,-690.6768972417308,-6.976468840856107
139.39464368501405,-690.813996251896,-7.139411775188485
139.39522185795943,-690.9530978139019,-7.124576931743084
139.3933577612353,-691.0906215529496,-7.009259809545188
139.39185483328626,-691.2301405008949,-7.110303256158338
139.39455395851195,-691.3680742211378,-7.033568924993709
139.3980551068138,-691.5037291718189,-7.016830675778114
139.39920108784392,-691.6412657204002,-6.868101046274646
139.40068284813395,-691.7814891798706,-7.019153342293387
139.40180002368515,-691.9202557323175,-6.992427860534351
139.40241594912519,-692.0610240012804,-6.870370587070897
139.40374597582564,-692.2001905759435,-6.953342810912717
139.40561057350953,-692.337057553796,-6.858537256976759
139.40632178888973,-692.475784726379,-6.923856142302532
139.40432643496823,-692.6086442625647,-6.811397249850527
139.40305192333105,-692.7384407136229,-6.915553479911604
139.40235037320514,-692.8615118870184,-6.841931932194902
139.40341783742772,-692.9814876593042,-6.851245114949424
139.40523458947325,-693.0948713626067,-6.682780519926167
139.40758602749875,-693.2053240838878,-6.872549295643999
139.41042162671275,-693.3136197256174,-6.884540293584053
139.4133137296423,-693.4156770800878,-6.7187535137463295
139.4149440011844,-693.5150352947315,-6.907331540500433
139.41547560925375,-693.6081739201351,-6.918131789476758
139.41454792398045,-693.6987439894626,-6.751154260675307
139.4137522404514,-693.7875122399223,-6.937651490705168
139.4138156069925,-693.8703909781574,-6.946370942957252
139.4140498823346,-693.950913094115,-6.777312617431558
139.4122616741876,-694.0255520155233,-6.954286266921419
139.41009440163643,-694.0936861000285,-6.953482138633502
139.4152794729696,-694.1595501990624,-6.7749002325678065
139.42186126984288,-694.224023567149,-6.972825759245669
139.4265736929353,-694.2830351678111,-6.992973508145754
139.4205714423654,-694.3358484722235,-6.835343479268061
139.40881206684887,-694.386670994834,-6.9730735427989865
139.39812362190597,-694.436372551874,-6.933025828552133
139.39519870985026,-694.4808763825441,-6.802677466561876
139.39510010312125,-694.5194410579039,-6.856889196273775
139.39803393764217,-694.556269426819,-6.733323148207896
139.40441075698877,-694.5922267531981,-6.749115120619496
139.41261748075868,-694.6232318113173,-6.587129315253319
139.41655257867518,-694.6528054549577,-6.753243864836687
139.4228662744729,-694.6774055461042,-6.741580636642278
139.42710011728437,-694.696394392122,-6.552139630670092
139.42592621928972,-694.7139909255263,-6.717556954920014
139.4220430241276,-694.7310587345996,-6.705196501392159
139.42137097497422,-694.7477780566331,-6.518636610264552
139.42628226861058,-694.7599232286786,-6.724712815189732
139.42813193685097,-694.7709808393909,-6.753011242337133
139.4215349736194,-694.7816636740396,-6.6035318917067585
139.4112873964594,-694.7878529531606,-6.732731351982473
139.40579766205553,-694.793055495873,-6.684153034480411
139.41572157242553,-694.7937200329185,-6.633670666318281
139.42447684946947,-694.793467517637,-6.554477654052745
139.42301076924136,-694.7887685165521,-6.491447169925815
139.42445282403318,-694.7789803818772,-6.430459123893949
139.4252239966053,-694.768313629511,-6.411978602941831
139.4242055805013,-694.7533561918623,-6.285880193480936
139.42202239746896,-694.7377533451593,-6.391840694294906
139.42169064409848,-694.7222433237985,-6.3200234173310985
139.42132322826387,-694.7027057878099,-6.330067648873697
139.41972190540608,-694.6826406160743,-6.188215672813313
139.41748590884654,-694.658488621854,-6.389936242368379
139.41885255616438,-694.6338627581656,-6.413879034145668
139.4221540732736,-694.6052256884227,-6.260044048145179
139.4257956094311,-694.5761936602387,-6.478726350679589
139.42904091421738,-694.5474955403228,-6.5196308754362216
139.43010748395022,-694.5150056864327,-6.382757622415076
139.4262022487917,-694.4822195636697,-6.606424556839373
139.42094752711054,-694.4498404786558,-6.652313713485895
139.41549764194428,-694.4137366370675,-6.520425092354638
139.41008623355893,-694.3774013210226,-6.747227169954515
139.40599148278238,-694.3372698123588,-6.796251469776614
139.40756052220527,-694.2969498244058,-6.667497991820936
139.41024000444068,-694.2528989137569,-6.831000976656762
139.41474791149128,-694.208728320409,-6.8167261837148105
139.4248996132713,-694.1608953278491,-6.648475617075992
139.43562502757186,-694.1130101468964,-6.800173530348059
139.44507886737318,-694.0657955619499,-6.774093665842345
139.45414393766416,-694.0151199258572,-6.608315589977135
139.46012588416446,-693.964472799693,-6.796874467991709
139.46458479600085,-693.9102850235311,-6.8076555682285065
139.4694970186028,-693.8561597879639,-6.640658890687526
139.47648515174748,-693.7985501749771,-6.78019735905546
139.48502108021825,-693.7410630232243,-6.741958049645619
139.49374516788262,-693.6801512920989,-6.58882941923616
139.5011508114723,-693.619420945275,-6.702558628359191
139.50736610820485,-693.5595905957994,-6.638510059704445
139.51037849579023,-693.4965244996529,-6.579761799633776
139.51640523647828,-693.4294415275393,-6.523454194011469
139.52294913414153,-693.3625092491693,-6.461777148602765
139.52621628332196,-693.2922923686181,-6.440111981835246
139.52508206112856,-693.218150541043,-6.35391934872379
139.5255494735983,-693.1442781856108,-6.419088030457882
139.5275643431344,-693.0672436869954,-6.306478934414196
139.52903693705036,-692.9906723615017,-6.42506339015475
139.53079257672886,-692.9110160183726,-6.365870068117526
139.53052474535107,-692.8318755619297,-6.418641154377197
139.52862225114163,-692.7496971693158,-6.293634462859091
139.5251878820613,-692.6680799488292,-6.509993184198925
139.52149598236701,-692.5877357410152,-6.54857412776098
139.51821575023448,-692.5045221422466,-6.414440940813346
139.51588583713797,-692.4176514809142,-6.655578396542586
139.51501290216828,-692.331284900919,-6.718938074494048
139.51444377789906,-692.2462474618845,-6.604519974667732
139.51435417664842,-692.1584186057307,-6.792886905396738
139.5143617543304,-692.0712805876627,-6.803476058347965
139.51315488224967,-691.9812533668023,-6.726224366299709
139.51007961795264,-691.8919286925244,-6.837522088805873
139.50667441230456,-691.7997482562639,-6.771042033534259
139.50653875908887,-691.7040410115892,-6.821042155131809
139.50952472342757,-691.6089895749337,-6.693264498951581
139.51350321089546,-691.5111544758702,-6.849920231436971
139.51803428672295,-691.414154076845,-6.828798186144584
139.51767988269953,-691.3187001790579,-6.82131113023228
139.51430008978534,-691.2249131480648,-6.802628875461571
139.5078975094811,-691.1327933504269,-6.817976947068241
139.50057076395206,-691.0380504810265,-6.739656522866901
139.49809316575892,-690.9441304514161,-6.820405900554294
139.49990952287393,-690.8474440746293,-6.72337750046391
139.5074903939716,-690.7473128568771,-6.802983980662756
139.51775901769912,-690.647916759362,-6.704812683083822
139.52677648263733,-690.5458146526146,-6.819836648868586
139.5296608007608,-690.4446234628722,-6.757082836875571
139.52757969033024,-690.3450536201182,-6.803585667704648
139.52371375887054,-690.2429574845256,-6.672310720755947
139.52077784534134,-690.1418081242937,-6.850761826265312
139.51930346839063,-690.0380200211462,-6.851435153996898
139.52307392322783,-689.9351802668824,-6.749000944098519
139.52866105350935,-689.8339927922339,-6.882800650319399
139.53206627969354,-689.7303082175923,-6.838822578762501
139.53005513961915,-689.623332181347,-6.85341966952101
139.52822132917413,-689.5172192897409,-6.739151403185623
139.52644906551467,-689.4127881881876,-6.908386922456807
139.52759253896212,-689.3059120203116,-6.899844663950213
139.53012423043083,-689.2000668557806,-6.836482965998053
139.5328975592251,-689.0916665787032,-6.893724034826138
139.533624661475,-688.9800303052795,-6.773187325876445
139.53105573296176,-688.869334548475,-6.965614307787991
139.5290961341681,-688.7561345679801,-6.980263511921761
139.52975204894565,-688.6440436980254,-6.865880596160802
139.53092173787172,-688.5252354981068,-7.0306678997238
139.52765843494052,-688.4067735488165,-7.017677425509019
139.52273183394627,-688.2900656418196,-6.992300913225981
139.51918708499795,-688.1711017224031,-6.989473240248666
139.51925623177718,-688.0491118651344,-6.9182398985765365
139.5208702853922,-687.9282517871542,-6.9974990280329985
139.52318103161184,-687.8050698972519,-6.898980379711683
139.52559825240618,-687.683175565177,-7.03356673935191
139.52717927875304,-687.5590056862794,-6.99037532121436
139.5261048027246,-687.4318800029615,-7.026740441116971
139.52533761876904,-687.3059711684779,-6.892781621775671
139.5250534709554,-687.182096407185,-7.119437690993195
139.52610197158356,-687.0561235682463,-7.168315982432941
139.52781453433556,-686.9315227274878,-7.039416496094909
139.5316888863976,-686.8089683872117,-7.236140254927468
139.53552982775904,-686.6842996754272,-7.255086235982249
139.53930946025875,-686.560981155464,-7.126549966550619
139.5409679651017,-686.4354198705936,-7.313073759300205
139.5454675456777,-686.3069291265709,-7.321819774272012
139.55334779180995,-686.1796799146329,-7.178123430222925
139.56138142977508,-686.0502221090148,-7.37450072046425
139.5627554899224,-685.9221637623406,-7.393100232927799
139.55579142565077,-685.7919399150524,-7.246527972174659
139.54767122540943,-685.6631350401361,-7.4398313902760105
139.54559884082198,-685.5364458512485,-7.4553570305995835
139.5480526043906,-685.4077149346975,-7.2931048931453795
139.55014469961966,-685.2804065123161,-7.553803595544629
139.5480244847153,-685.1509265307756,-7.6367245201661005
139.54591329528515,-685.0185870638074,-7.541867667009795
139.54095749231064,-684.8875578610619,-7.734197188398113
139.53509258249176,-684.754387570933,-7.748748932008653
139.53406081891032,-684.6226830407873,-7.6204790960654645
139.54140769188064,-684.4931447937333,-7.7641198462515915
139.5536129144124,-684.3616154583672,-7.72998281865994
139.56456111035823,-684.2272918781082,-7.661830946028239
139.57510219331118,-684.0943198286787,-7.668511732484649
139.5792483804858,-683.9635092434515,-7.519958002280547
139.5795908427316,-683.8349913682769,-7.708223319840682
139.5795783560841,-683.7044931782264,-7.718710859623038
139.58278394613478,-683.5754548994591,-7.551420621627618
139.58699822757765,-683.4442771473576,-7.733905367439767
139.59299697751845,-683.3102704730637,-7.738612335474137
139.60132241671525,-683.1776038870323,-7.56554152573073
139.60711834307244,-683.0428254656548,-7.756043084944004
139.60780504702018,-682.905274859201,-7.768766866379499
139.60787080669652,-682.7691260910237,-7.603712870037217
139.6032923311588,-682.6309273618714,-7.88467699532357
139.59867145800808,-682.4942841335609,-7.987863342832146
139.59575226886406,-682.3598953757769,-7.913271912562945
139.5940362672114,-682.2236021522089,-7.962318836932967
139.5921746417472,-682.0845997613304,-7.83358798352521
139.59154236797173,-681.9470324598823,-7.954740749911164
139.59774095687214,-681.8074420223854,-7.898115738519341
139.6023411161545,-681.6694322439008,-7.837136985803576
139.6049117205812,-681.5294347362906,-7.785736464000478
139.60662918766272,-681.3867640918522,-7.717964278633959
139.60774093441006,-681.2455879136581,-7.681509308662525
139.60789261447013,-681.102451801025,-7.571456020377457
139.60949456840967,-680.9566927484393,-7.642117254604607
139.61136379378019,-680.8124821254997,-7.535000711053979
139.6099727777872,-680.666365517349,-7.627403773532027
139.60712638574896,-680.5176791483609,-7.542029058232297
139.6044418449662,-680.3705934777865,-7.610098765225037
139.60182785457016,-680.2259198319874,-7.500390694439999
139.59926515100372,-680.079519505217,-7.6313946723893045
139.5983918188095,-679.934855980233,-7.584620872560831
139.59786878161424,-679.7883305857395,-7.595967676627916
139.59619124217002,-679.6435167340658,-7.498250929902551
139.5926622161703,-679.5011047657354,-7.645174439365022
139.5875810834515,-679.3569319220676,-7.614320171049715
139.5793853499431,-679.2144573615534,-7.614146228010058
139.5698601467089,-679.0743487625306,-7.537074680475082
139.56760185241995,-678.9324393447699,-7.619776973940917
139.57504772455,-678.7879213638698,-7.524701489628975
139.5810414220046,-678.6449370371813,-7.651712888448583
139.58090655193814,-678.500026329537,-7.600946509490411
139.57790344207504,-678.3567912979879,-7.658676987642831
139.57436939514847,-678.21166185544,-7.538629688017474
139.57160075614328,-678.068217593875,-7.758179080526594
139.5649161304771,-677.9228837980046,-7.7999506952579365
139.55713271104372,-677.7792390648143,-7.67759980951565
139.55252734148888,-677.6379750914766,-7.916318424815345
139.55232085827674,-677.4949296910635,-7.977259262337261
139.55299708898326,-677.353562428708,-7.860422322081402
139.54767668941457,-677.2102746839173,-8.068208479533183
139.54082196502915,-677.0686407127877,-8.098216859207186
139.53540053176053,-676.9250851795355,-7.9688455350354905
139.5426717504329,-676.7789203458871,-8.171307781546556
139.5495016421612,-676.6343124409046,-8.195992250279845
139.5540910211517,-676.4878059007485,-8.050130863511056
139.5618665819823,-676.338736615462,-8.25597169218017
139.5701687934269,-676.1912748776514,-8.284034743071507
139.5755818146537,-676.0462318829403,-8.134320016185065
139.57705112375734,-675.9037354705517,-8.358039082001904
139.57853390470683,-675.7595083236039,-8.403980370040964
139.5828747360298,-675.6127195936118,-8.272143880302245
139.58978055227084,-675.4675062089485,-8.41893082439409
139.59710114944232,-675.3246731503775,-8.387939990708158
139.60316680986233,-675.1800808938577,-8.326964269261653
139.60807388242827,-675.0329265542855,-8.341356189777295
139.60774789239136,-674.8873526598211,-8.177970332515159
139.6080243705811,-674.7441652386551,-8.380064551825193
139.611704521393,-674.5992248888055,-8.404380993357448
139.61847884458444,-674.4559953270834,-8.250919657111925
139.62577565632196,-674.3108782989759,-8.449981707963184
139.62567585555735,-674.1631809975466,-8.47126598103667
139.62409815168095,-674.0170682252956,-8.318787246941671
139.61937086119286,-673.8733504071967,-8.557984461950664
139.6116151081805,-673.7321555666745,-8.619403899181881
139.60788485559502,-673.5892067593994,-8.50304555863532
139.6087105333539,-673.4436735418105,-8.634578796726643
139.6124907653202,-673.2996932479202,-8.588334257040191
139.6168081448289,-673.1538045918384,-8.556216244350388
139.6178844400042,-673.0096091242046,-8.507121205601289
139.61624209989253,-672.863536407578,-8.500076068627086
139.61037983489396,-672.7191657197892,-8.400521147748114
139.60334629268687,-672.5771887097721,-8.485685973681854
139.59864430541614,-672.4334429972296,-8.393073021837816
139.59940705739606,-672.2913879276493,-8.472366404783587
139.60084124253132,-672.1474246587621,-8.373882009951581
139.6003342058868,-672.0051272276155,-8.498992123026438
139.5978016916297,-671.8609200830377,-8.44632445832352
139.59284676649736,-671.7141152751633,-8.480038654003275
139.5858333847918,-671.5688788252305,-8.335975071905253
139.57645294653364,-671.421754965285,-8.57546073029868
139.57001961875355,-671.2763460515673,-8.637168610914326
139.5679667648419,-671.1290814983124,-8.521098713752197
139.57421653518182,-670.9835402463519,-8.703698709731105
139.5783383891939,-670.8361469080118,-8.708520927932234
139.5680044824611,-670.6904794132075,-8.653357381223083
139.55122683914175,-670.547228802592,-8.734862961760994
139.53874306387675,-670.4022322441652,-8.638590764521124
139.53469116480417,-670.2589486694517,-8.810535376226612
139.53895926797912,-670.1180455023211,-8.804702210154321
139.54565200302508,-669.9753557061953,-8.754182286624472
139.54903670110235,-669.8343379502597,-8.792572340612365
139.55212232052435,-669.6913935215578,-8.65318461682248
139.55510423985018,-669.5500967457328,-8.87768294249356
139.56172078741525,-669.4111390546285,-8.924403490386862
139.56773815861837,-669.2703588009639,-8.793346260502387
139.56697411415863,-669.1312162428393,-9.018319277359344
139.561988208532,-668.9901134735384,-9.065514516438522
139.55992839688534,-668.8506254569434,-8.934931977739923
139.56300398802253,-668.7091775537922,-9.135358451765732
139.56829491797583,-668.5693493768413,-9.158007148013763
139.5755981113553,-668.4275671458693,-9.011924016268097
139.58155544533636,-668.2874105624891,-9.232354017219672
139.5830486586878,-668.1453057800353,-9.27500624039347
139.5836278111012,-668.0048324035616,-9.139880685789489
139.58524969227042,-667.862416485194,-9.326803128140469
139.5895228302142,-667.7216375292865,-9.335947792713672
139.59590811266213,-667.5831881554661,-9.18667397509707
139.60385878888275,-667.4429070891575,-9.371823040520258
139.61118813424054,-667.2999881261833,-9.379194328165669
139.61705519606957,-667.1585742091271,-9.219724162012433
139.62049124742458,-667.0194725214081,-9.41790430532733
139.62298156173222,-666.8785449480042,-9.438306670864446
139.62401531082688,-666.7392565007295,-9.280931258623786
139.62474304466963,-666.5980102032642,-9.498001609997683
139.62539922546955,-666.4541145053246,-9.5372941835938
139.62685309664508,-666.311735443883,-9.398808979412141
139.62885649528346,-666.1716846563928,-9.536720873056236
139.63135197330044,-666.0298246904481,-9.496854988922554
139.635144153728,-665.8853537861062,-9.4178043784611
139.6358546302938,-665.7424153913908,-9.429660610365188
139.63634932819835,-665.6018164002145,-9.2637390644915
139.63761516800045,-665.4636849198429,-9.44791313208028
139.63901723312708,-665.3237448115751,-9.454309421891285
139.6408372695035,-665.1854332370457,-9.282927933924512
139.64148301516803,-665.0451478005463,-9.497912096340302
139.6394189409741,-664.9021960956385,-9.535118480978316
139.63519781408593,-664.7607442279634,-9.394547087838548
139.62690753268572,-664.6173374209638,-9.588749930523809
139.62161910438525,-664.4755791895768,-9.605174995431295
139.61988270435168,-664.3319001237143,-9.463386519301496
139.6147729609942,-664.1898803265599,-9.650866055675943
139.60577233198856,-664.0459455535956,-9.660567814272609
139.59406820146583,-663.903674857796,-9.500671056471052
139.58322182938488,-663.759493716214,-9.713891034745588
139.5772221573952,-663.6169810617114,-9.749333235242347
139.5755642652032,-663.4768289512665,-9.606997657961326
139.57890853010412,-663.3348755574261,-9.78158303909068
139.5807398857673,-663.1903141329523,-9.778390642442258
139.576487946969,-663.0472870870555,-9.651557915068787
139.5801215990747,-662.9066010793046,-9.782636137512641
139.59062291297565,-662.7641174801819,-9.735936582178715
139.59700618499352,-662.619034129528,-9.671920048357796
139.6008306198772,-662.4754942362216,-9.650701311652709
139.60080178426009,-662.3300378239785,-9.544728310181679
139.60452359353832,-662.1862668213665,-9.620514246751275
139.61140837717477,-662.0406109771624,-9.518522405543097
139.61143050542668,-661.896649714424,-9.604351567312204
139.60843534344434,-661.7508081503823,-9.51240295130353
139.6061130990522,-661.606664717213,-9.580833906522608
139.61053268787614,-661.4606442834897,-9.47148708396391
139.6191142314134,-661.3163251847132,-9.596995871370824
139.62635278394072,-661.1743988912197,-9.544726880999963
139.6307540121857,-661.034969666068,-9.554065326482528
139.63205940255028,-660.8937561813424,-9.432567857532002
139.62779550423136,-660.7541942142625,-9.61300717811205
139.62247839028515,-660.6126807653548,-9.615668720914318
139.6207240321674,-660.4685229891325,-9.532359104527103
139.62217295386415,-660.3258865913759,-9.633485593912308
139.62259925797076,-660.1813164091916,-9.556834305519738
139.62034919778984,-660.0341489127128,-9.652713362205619
139.61718342116285,-659.888555002214,-9.570814641113719
139.61470263673647,-659.7410798111938,-9.664136716404785
139.61239413301763,-659.5953257890083,-9.579681013918073
139.61056358415982,-659.451988946683,-9.67862844827773
139.610909771858,-659.3069074420873,-9.599798104859607
139.61209704997566,-659.1592737197694,-9.695770638157253
139.61302499377732,-659.0132292335136,-9.613965393677121
139.6130647621817,-658.8653130049412,-9.721183153755632
139.61210499657818,-658.7191261253787,-9.650623136056366
139.60931452972838,-658.5710975512384,-9.742502286105863
139.60619760926895,-658.4248059334594,-9.65660365837758
139.6055255054008,-658.2766756321831,-9.768126417157578
139.60576436810592,-658.1302843362702,-9.701871398159795
139.6065926936339,-657.9820561843051,-9.774878662177137
139.60547201998557,-657.8355687948463,-9.670108148416698
139.60397748497167,-657.6915129340945,-9.823149056467438
139.60284009996042,-657.5457255068812,-9.798412186740398
139.60220098775872,-657.4016651875629,-9.770678633473217
139.60454706415914,-657.2557324810316,-9.754238228438792
139.60581414519342,-657.1072341177728,-9.722353786181197
139.60520296200195,-656.9603345998904,-9.724446225814575
139.6046354850152,-656.8115774220043,-9.632987747510029
139.60449548671986,-656.6645643697585,-9.742640844224473
139.60526608636076,-656.5199909949395,-9.67451616316114
139.6062078459496,-656.373695043603,-9.742235794833807
139.60717044361388,-656.2291352304933,-9.632177648728696
139.60647907417086,-656.0827119401488,-9.820350014604385
139.6042347441163,-655.937998418931,-9.830744602702294
139.60047796352237,-655.7956849993959,-9.763321842220225
139.59565078925573,-655.6516089466085,-9.867097248614112
139.59191018939964,-655.5092294488103,-9.793094877230219
139.5892632151792,-655.3692142148675,-9.916045872052559
139.5872832786081,-655.2273964948008,-9.861219089097121
139.58587557533147,-655.0829685739724,-9.951384678265752
139.58460233938254,-654.9400726989768,-9.863772489656604
139.58337410514378,-654.7995155300366,-10.026065971263394
139.5817616728006,-654.6571584709325,-10.010581675092409
139.58009533320774,-654.5121994008582,-10.0094933488908
139.57967391121687,-654.3687815686978,-9.97673388875656
139.57909679963694,-654.2277117043998,-10.018351367718552
139.57849675794836,-654.089117760633,-9.896339580668835
139.57790066416428,-653.9487234481729,-10.139012623289323
139.57731383773935,-653.8056991144178,-10.203907888132036
139.57591587742874,-653.6641829002617,-10.09102537519697
139.57478623910984,-653.5207143184045,-10.294812236987447
139.57537077560096,-653.3788957050601,-10.320821321000148
139.57670050031285,-653.2351573945859,-10.214346225061098
139.57857101769523,-653.0930794228791,-10.413437658349231
139.57928931292003,-652.9533541834122,-10.434751313859586
139.579766947959,-652.8118200271325,-10.324508382847915
139.58101276904029,-652.6676703510462,-10.49428905329581
139.5840371756524,-652.5250476997251,-10.486291945965931
139.5881973966989,-652.384758864398,-10.407629582091667
139.59334694637738,-652.2426653445946,-10.475033449281712
139.5982104570757,-652.1022317735105,-10.36465953869398
139.60294759004807,-651.9598608029593,-10.497128364209214
139.60759207491742,-651.8191271840958,-10.451819411946671
139.61091819749245,-651.6807225803715,-10.455243106924266
139.6127013427542,-651.540485534039,-10.351454977973557
139.6141505322652,-651.397609814955,-10.474135528331784
139.61551231993073,-651.2562383715476,-10.419038300912232
139.61560348180257,-651.1171783993597,-10.443996201235246
139.61379655532463,-650.9762917965755,-10.30693415385795
139.61163570968665,-650.8370435882451,-10.526315991421335
139.61025614557684,-650.6958368111018,-10.567920051206942
139.60823112490667,-650.5519799276929,-10.43174633321477
139.60692714655173,-650.4096389875949,-10.653874290575326
139.60743036657425,-650.2696256406406,-10.6982244701581
139.6086985360319,-650.1278024465828,-10.5647968719631
139.60804654807765,-649.9876343240863,-10.785583810214327
139.60660913469192,-649.8497907180889,-10.828592970687772
139.60421374609916,-649.710105791121,-10.693824353383441
139.6024821635472,-649.5677725633648,-10.898759755897414
139.60296308026636,-649.4269339702455,-10.925917380633607
139.60552232380198,-649.2841306751559,-10.775297227592024
139.60969461234833,-649.142965419869,-11.001008230950173
139.61289639290422,-649.0041354561736,-11.048941456530548
139.61421586876077,-648.8634803547243,-10.919096904333143
139.61308500668747,-648.7244606538338,-11.080299808056322
139.61271216039995,-648.5877452021344,-11.063724934001723
139.6153744421945,-648.449168331142,-10.952235879144062
139.61942721937555,-648.312190047345,-11.04485757760869
139.62287912280289,-648.1732129499121,-10.95970149829554
139.62369597996405,-648.0315459862491,-10.994390650562249
139.6227404325701,-647.8913558683786,-10.851302025051178
139.623088438717,-647.7491882680097,-11.008742334508867
139.62369220615128,-647.6086471103464,-10.988404866188777
139.62351542781732,-647.4661633821331,-10.889893963159642
139.620308610066,-647.3253175750556,-10.97276194982374
139.6157200591726,-647.1825358259059,-10.87785215871006
139.61092042104124,-647.0371308954408,-10.962198588049043
139.60696816031572,-646.8932693099458,-10.86876723961025
139.60406469611277,-646.751762424883,-10.973363317286708
139.60141228492748,-646.6084723556055,-10.900181617185385
139.59884780752702,-646.4668635526924,-10.964925357408292
139.59633738945098,-646.3233383282493,-10.85189131985342
139.59346104251915,-646.1772044004699,-11.004310202474137
139.59137552897252,-646.0326270812184,-10.978951307317077
139.58618895385115,-645.8861506277684,-10.95728665444039
139.58045593103876,-645.7413775681501,-10.927494668546883
139.5705867105682,-645.5947375152571,-10.92028325973482
139.56907061281265,-645.4498096111281,-10.863394581343577
139.57582270187933,-645.3030186669439,-10.911095451582089
139.57796884304372,-645.1579428081772,-10.781018544042821
139.57094282728664,-645.0110066009297,-10.999134407295875
139.55807386125826,-644.865788083378,-11.039472492771152
139.55736955269245,-644.722978433793,-10.90203280046865
139.56362908134102,-644.5784149617064,-11.155145012423041
139.5654376863583,-644.4312900722781,-11.230479446599654
139.56016682871137,-644.2857453422532,-11.128036102998491
139.55643148628474,-644.1425866136029,-11.322958125587718
139.55880926066115,-643.9976744538126,-11.340102370399169
139.55703361894035,-643.8544725807336,-11.257830365147312
139.54787832534905,-643.7093827471917,-11.380172776701396
139.5439515322258,-643.565978821412,-11.324737410477706
139.5514000646984,-643.4206849330183,-11.359840105058716
139.55937506093943,-643.2728127874033,-11.217165021861948
139.56651881665428,-643.1265280608593,-11.434794204894835
139.57175205751594,-642.9783746453517,-11.474645610149945
139.5752949893147,-642.8319545628494,-11.336719237627277
139.5755730264931,-642.6879635658995,-11.553302146066036
139.57519413044088,-642.54223959135,-11.592107276727019
139.57468923648636,-642.3982415400297,-11.453134629610224
139.57581076810987,-642.2523699789741,-11.676719786600506
139.58052874528812,-642.1081983337286,-11.72252716581301
139.58343313367965,-641.9621504461553,-11.590556767247739
139.58593349745675,-641.8178044356287,-11.78463564409134
139.587906828915,-641.6715850548832,-11.800936743157163
139.58974668875098,-641.5228038979535,-11.654720547434572
139.59153368736708,-641.3756263844632,-11.86604240024649
139.59410603198106,-641.2308627909639,-11.899586475280632
139.59762197244902,-641.0843741747925,-11.755352772536996
139.60250862760108,-640.9396239477388,-11.962313140795219
139.60965503770564,-640.7972800684047,-11.991495731275664
139.6146859831903,-640.6531752382315,-11.842900543978331
139.61429072897076,-640.5107677088087,-12.02655662269913
139.60911630064814,-640.3664583243988,-12.032434923642152
139.60716985159664,-640.2238209691253,-11.885646661567506
139.60713045900806,-640.0792799731764,-12.065327504798395
139.60747303796222,-639.9321472765902,-12.067230570251507
139.6070640278798,-639.7865887937837,-11.905689159587995
139.6106207392446,-639.6391486521552,-12.094324707492168
139.6206728994483,-639.493429105221,-12.105182477618566
139.6290047409191,-639.3501261330043,-11.938262469967185
139.633997576898,-639.2093445624472,-12.119932709022445
139.63578582477788,-639.0668028323364,-12.123825170299929
139.63567394440147,-638.9216696638099,-11.9579070888228
139.63436229622803,-638.7780823237748,-12.17027264585026
139.6336506823803,-638.6368462804963,-12.204860425099943
139.63471364057247,-638.4938225202958,-12.061670426571848
139.63693772887834,-638.3482086657447,-12.21933375666699
139.636896633951,-638.2041477449217,-12.199219308984356
139.6359924201716,-638.058179610607,-12.08141598277504
139.63533910921768,-637.9139060248375,-12.183228633768868
139.6343346036958,-637.7677565731082,-12.107263506984918
139.63286347889442,-637.6233105181669,-12.135833897020719
139.63131995290098,-637.4812594864758,-11.986626509278741
139.62937323237216,-637.3374410741077,-12.171629428977758
139.6286055596282,-637.1910479363578,-12.178854570898997
139.6289077255647,-637.0462218892685,-12.015005480894493
139.62736445065508,-636.8995023418698,-12.236920590015513
139.62424025859715,-636.7544907724168,-12.281057921358757
139.62002298272995,-636.6076165186519,-12.14741747492422
139.61729151357994,-636.4624586063002,-12.302873568191309
139.61612805333456,-636.319708430318,-12.280551883680621
139.6161178529714,-636.1794700263347,-12.191106700715247
139.61633844965652,-636.0374618118301,-12.249333214350179
139.61454695726508,-635.8971193076053,-12.129781950207335
139.60991274828348,-635.7548392610521,-12.282440953543816
139.60477590473377,-635.6141952444732,-12.25732217910252
139.59550136937872,-635.4758787043471,-12.202229705095593
139.59210720016546,-635.3357281614155,-12.189577147910832
139.59651159903154,-635.1929374034224,-12.078859884828416
139.60528951561855,-635.0516494043084,-12.179184530276395
139.59879062760268,-634.9084047196243,-12.101731397946596
139.58932880729586,-634.7668059555639,-12.180572733516598
139.5789983019752,-634.6275502247171,-12.081636291308826
139.57480453794963,-634.486476959796,-12.207740908610372
139.57929510016035,-634.3470465633837,-12.156067748134141
139.58381599517799,-634.2056610840885,-12.192294478959626
139.58786799291678,-634.0616287372558,-12.050743432007334
139.59217924945418,-633.9191154769593,-12.284701513080153
139.59524726432497,-633.7746662225611,-12.340881816375196
139.5963803302065,-633.6318841587383,-12.219284341892461
139.5950551804643,-633.487199544605,-12.423445896865589
139.59161278972704,-633.3441921571439,-12.44982967406094
139.5923167981257,-633.2035540978611,-12.342530253120056
139.5942507404543,-633.0611234232794,-12.538734756967775
139.59599249794468,-632.920359906343,-12.557161483037717
139.59726038013866,-632.7776651242876,-12.462667130128292
139.59800478850437,-632.6366135261089,-12.611898706529026
139.59822147051878,-632.4978966318796,-12.583352505151982
139.60161841445208,-632.3573528742692,-12.549898148181478
139.60724576534432,-632.2184425885353,-12.527241733516586
139.61364983086008,-632.0775679434626,-12.485530290223794
139.61888615925767,-631.9383039770299,-12.490440354356826
139.62258246800553,-631.7970761227366,-12.392783102153047
139.62468442532122,-631.657464064799,-12.506676168112469
139.6260269511798,-631.5158940931788,-12.442791456294112
139.62843049704585,-631.3716793117517,-12.487081822294495
139.6293693964833,-631.2289866230324,-12.353594410517102
139.62959134673193,-631.0886277599832,-12.569812494205145
139.62843297273923,-630.9507318770092,-12.608252800115412
139.62701500855061,-630.8110231092746,-12.468915328247899
139.62515462625797,-630.6729387337291,-12.698003544134204
139.6240535524482,-630.5328764366292,-12.74931398224273
139.62435377782919,-630.3944105523326,-12.622846642573478
139.62575132650963,-630.2539665765067,-12.814219678734721
139.6265271302687,-630.115124407809,-12.827814937118188
139.62593377361225,-629.978577244714,-12.725151590896784
139.6238430237229,-629.8401644201701,-12.873556730361647
139.62065941918542,-629.6990803346189,-12.844184092048733
139.62100207720508,-629.5594685260829,-12.798450118559368
139.62327711437763,-629.4178700964492,-12.784010638013747
139.6254956046299,-629.2778881869285,-12.705423717436336
139.6268499003034,-629.135953768588,-12.77266160937331
139.6267783181893,-628.9956474713222,-12.662121723532506
139.6268350230189,-628.8576622656102,-12.78555480571561
139.62896991210192,-628.7178370678014,-12.731210110120935
139.63272385294638,-628.575365829942,-12.731013773762553
139.6351037703178,-628.4343916416776,-12.625792380417657
139.63594303528092,-628.2914551628986,-12.75632655688754
139.63276267799398,-628.1501591003816,-12.709082955579643
139.62882362800514,-628.0069339984506,-12.712065989568126
139.6247888615202,-627.8653600678641,-12.604550425904575
139.62284744619268,-627.7218632007816,-12.74952911040883
139.62176297900356,-627.5800225907318,-12.716730017135305
139.6192226583088,-627.436263854098,-12.734932466781501
139.61642729591833,-627.2941660608464,-12.640931522004312
139.6119762370094,-627.1501547359973,-12.784380711625237
139.60890178719015,-627.0078088658933,-12.750052123468384
139.60778905136402,-626.8635538946686,-12.748120795191237
139.60955026169052,-626.7209687294772,-12.684316384067628
139.61145054625624,-626.5807454033975,-12.770730532984016
139.61047517495595,-626.4387220657777,-12.679366904122626
139.60565143331874,-626.2983586133182,-12.84991355428435
139.60012662193967,-626.1560567514368,-12.842682426668297
139.5965935050407,-626.0153910563733,-12.804635351868058
139.59556408692256,-625.8727865067812,-12.820285583095254
139.59874960472936,-625.7275556732106,-12.713101296617646
139.6031434712457,-625.5838650880331,-12.876152949090605
139.60607207251346,-625.4425261519677,-12.861426823785786
139.60702330284684,-625.2994010328156,-12.844569188345277
139.60468730816189,-625.1579542342962,-12.837101319647733
139.60131642484217,-625.0145881210378,-12.804275519671219
139.5990202830249,-624.8686104628869,-12.817836279619549
139.59984819019175,-624.7241866224513,-12.729346607733222
139.60293357692015,-624.5821275735113,-12.865367885883142
139.60396080072744,-624.4382952115668,-12.823611386255285
139.6037386714341,-624.291887136169,-12.861520129881015
139.6032698306928,-624.1470461662639,-12.728865782793298
139.60358142673024,-624.0003119112515,-12.976150679719611
139.60404467853536,-623.8552858864,-13.045657798868145
139.60494233969052,-623.7126640999343,-12.937387140238904
139.60468033820152,-623.5682848932198,-13.13102792255657
139.60295813042708,-623.4256075956177,-13.14689092709646
139.60055770835055,-623.2810332014041,-13.072138094886482
139.59805578274984,-623.1338688903636,-13.201440547970654
139.59556913938616,-622.9882795994926,-13.152965223277047
139.59435291806435,-622.8450759159033,-13.215056270936314
139.5942294118542,-622.7001193617149,-13.099369540817804
139.59514931631026,-622.552607171066,-13.281126569300747
139.59667548648062,-622.4066818042811,-13.285105820005915
139.59665675981805,-622.2588825185966,-13.189496357343437
139.59591865345703,-622.1128104834174,-13.317682508534224
139.59545783533565,-621.969161367284,-13.268090881947236
139.59505902871993,-621.8237731779448,-13.285636904883056
139.59550140743278,-621.675838250435,-13.141382321090918
139.5969270649363,-621.5294979387047,-13.348388627655845
139.59935043551343,-621.3855578345638,-13.377617156442994
139.60234954965713,-621.2441449200884,-13.229067907452364
139.60501049177964,-621.1052486494409,-13.45492336634286
139.60510017720995,-620.9645644545194,-13.503001047455577
139.60426366910903,-620.8255235166264,-13.373300950790517
139.60202181930595,-620.684522034589,-13.567085607898095
139.6011734519152,-620.545133798134,-13.583092487227892
139.60184962445425,-620.4037839546029,-13.451621352702334
139.60364242163647,-620.2640520985423,-13.63520451532523
139.6060437128541,-620.1223644708176,-13.64100990017035
139.6081218845148,-619.9823008016878,-13.503782942399978
139.60887387604495,-619.8445539409043,-13.67652669393924
139.60852682544723,-619.7049628415882,-13.671492667700722
139.60796490225465,-619.5627215235335,-13.54871152542546
139.60695732967295,-619.4219731493655,-13.684974038431035
139.6058749571346,-619.2835251186299,-13.643458773658834
139.60602679612546,-619.1432395285733,-13.59623946726879
139.60765531793427,-619.0003149328222,-13.556868607993552
139.6087346817743,-618.8588952412941,-13.504931609510184
139.60927819640153,-618.71978783289,-13.490037450618042
139.60929436675593,-618.5788546309192,-13.403049933514085
139.60879417161073,-618.439560653552,-13.479368248920565
139.60655515058545,-618.2983089243392,-13.377908786549266
139.60400020823874,-618.1544078915726,-13.49546627043279
139.60018464080778,-618.0120235905614,-13.435245976538535
139.5978156586523,-617.8677009904045,-13.480875511994784
139.59618035240928,-617.7250433185095,-13.348727269673251
139.59471503903754,-617.5847475413784,-13.571400069447286
139.5937152309191,-617.4426527942526,-13.616295091443542
139.59282274334456,-617.302219156198,-13.48341233566202
139.59155374636876,-617.1598483516989,-13.726499287270256
139.59022749546966,-617.0191149431305,-13.791808461100715
139.58890865602098,-616.8764438888921,-13.679339857153394
139.58761005569005,-616.7354144049581,-13.886916563615275
139.58592330549848,-616.5924523210786,-13.91671549229938
139.5825384702264,-616.4468702890695,-13.797202293638795
139.57886215781767,-616.3028347674453,-14.006175775136525
139.57929005753587,-616.1611570530946,-14.037371478856477
139.5809433806612,-616.021965872136,-13.90068759733925
139.5828182745391,-615.880984939096,-14.133338803343818
139.58471081741013,-615.7416511177987,-14.18821223157061
139.58575864058116,-615.6046283554194,-14.065307882019622
139.5882652841049,-615.4657499063331,-14.230044117698458
139.59267248610237,-615.3242088134036,-14.217002575599519
139.5973971195884,-615.1841482205826,-14.130639745994968
139.60088426680704,-615.046375700659,-14.186781971124981
139.6040743217895,-614.9067535600426,-14.065146418477218
139.6075720330983,-614.7687472323988,-14.18479085652452
139.6123135304449,-614.6287601573425,-14.126657516794046
139.6172363503701,-614.486101193427,-14.101896641978866
139.62171475470544,-614.3449367792261,-14.013117233238926
139.6223410275056,-614.2018122799703,-14.069879043577908
139.62218796700776,-614.0603313121375,-13.94886307613911
139.61982788337744,-613.9211912243537,-14.081242204504465
139.61705996075443,-613.7802315271617,-14.035843555092043
139.6150711696769,-613.640912668226,-14.006565028243816
139.61326648993708,-613.4996367340462,-13.941822231754358
139.6139900767989,-613.3599786425483,-13.96920216180894
139.61315391485678,-613.2183637013326,-13.818804314085746
139.60873058412375,-613.0783714693371,-14.091023579076776
139.60365272922516,-612.9364281131518,-14.185465066290028
139.60057129898533,-612.7961132820833,-14.102128775725504
139.59793297846292,-612.6581197447466,-14.231513059411904
139.59665280266475,-612.5182863742428,-14.183119565320526
139.59730690720053,-612.3758071117085,-14.230929252321557
139.59833856498307,-612.2348250425017,-14.100961161544811
139.59778661650427,-612.0918808236114,-14.31883762792032
139.59528135226267,-611.950577159231,-14.358936316518053
139.59283349973774,-611.8073445912013,-14.221257227338008
139.59248527679202,-611.6657633278539,-14.437296112422997
139.59379571004408,-611.5222592589661,-14.47555721973021
139.59541923726275,-611.3804115757276,-14.336040549259645
139.59708229310985,-611.2409125588918,-14.565523002072664
139.59749582455504,-611.099600594687,-14.617227677107909
139.59642156978376,-610.9599358111661,-14.491154574365376
139.59465436939254,-610.8183201407031,-14.676959844843395
139.59441638006072,-610.6783283823872,-14.684987337543637
139.59654272878905,-610.5406524003968,-14.566373964714217
139.5999348148364,-610.4011309654153,-14.716969607161165
139.6031193609015,-610.2632247446886,-14.689787471830334
139.60539577431504,-610.1233362330632,-14.61573216955816
139.6078688522075,-609.9850407887568,-14.640100945668054
139.61157986811014,-609.8447641597887,-14.48669194400017
139.61507502605534,-609.7018196726115,-14.690335747669515
139.61724352571824,-609.5603746020545,-14.716201773561085
139.6170607417295,-609.4212410780472,-14.564290021674877
139.61641030060494,-609.2802819845801,-14.77874120915787
139.61526491210475,-609.1409625287727,-14.815414618863084
139.615270601877,-608.9996857660909,-14.674310250790523
139.6171490930492,-608.8557601448812,-14.846186971661272
139.62184120596027,-608.7133516941343,-14.840285914754242
139.62620797761326,-608.5732720421128,-14.724112684394152
139.6283924647067,-608.4313837271095,-14.859939124519682
139.629288093294,-608.2911516466565,-14.817987786867436
139.62909010124017,-608.148978558258,-14.781125174146823
139.6286762009451,-608.0041726188608,-14.72836692213217
139.6294587833615,-607.8566329048465,-14.705882187675519
139.63211397670366,-607.710644778508,-14.62149260348015
139.6351059294812,-607.5627765786127,-14.687395022043296
139.6381226819285,-607.4166353784045,-14.575519662828661
139.63740193383057,-607.2686513640922,-14.711291675323075
139.6355332695965,-607.122403448496,-14.669285910039711
139.6346935986932,-606.9785827229981,-14.665442593663112
139.6340716684422,-606.8330262191714,-14.59174322302496
139.6330914648853,-606.6891926966224,-14.676427616206672
139.6295877695622,-606.5434827359828,-14.583334231610603
139.62439720621936,-606.3994698071654,-14.724786788833061
139.61853242395122,-606.2535778019222,-14.688461568277743
139.6130268748014,-606.1093848899129,-14.705024164610556
139.60849280675203,-605.9675825401879,-14.600533119345032
139.6066832972239,-605.8240083807824,-14.771757418929184
139.60544443464664,-605.6778551363747,-14.765203940735557
139.60351598750512,-605.5332646988869,-14.735066926094868
139.5994219391434,-605.3910432201163,-14.756813691637715
139.59289788589214,-605.2470515718983,-14.664416140776787
139.58598061819808,-605.1047537710099,-14.823136086004162
139.57908308653379,-604.9648185305334,-14.804078253453756
139.575164044748,-604.8230793255594,-14.81085170728687
139.57641732730997,-604.6829951741566,-14.765496775520687
139.57909791694507,-604.5452343413992,-14.83012384762851
139.5820258440533,-604.4098974375479,-14.716973141958555
139.5837295970262,-604.2727034443325,-14.926050472210234
139.58351983957417,-604.1370892367034,-14.957350024684136
139.58457480769874,-604.0037197215889,-14.853337231463774
139.58586771694746,-603.8684292891924,-15.047011598770792
139.58513471526732,-603.7346788039334,-15.062908188300034
139.58441762298082,-603.598871870559,-14.99748235800237
139.5837139112189,-603.4645851239472,-15.110965851323895
139.58384421724028,-603.3325122706399,-15.046671566867643
139.58413947357715,-603.198493898796,-15.157665659338065
139.5848759652203,-603.0617257956443,-15.090881974030708
139.5885666738214,-602.9263528925871,-15.174453192818001
139.59279573573613,-602.7889176663922,-15.08024663382752
139.5966616549886,-602.6530246098979,-15.224148174717694
139.59916618596816,-602.5151060219249,-15.19027193783009
139.60013081929696,-602.3744771697964,-15.201446770093927
139.60159508719937,-602.2353063196224,-15.104108361335706
139.6035491235397,-602.0941397219308,-15.24079863838157
139.60639465616188,-601.9503150107918,-15.199711137649656
139.60937801824312,-601.8080041839661,-15.203248528148755
139.611935849511,-601.66375344354,-15.108611157939622
139.6135508632382,-601.5168996198134,-15.23935915017749
139.6133098999287,-601.3716137671419,-15.192329364637581
139.6122905015789,-601.2287077963639,-15.227741559492049
139.61071924766426,-601.084043575771,-15.08537597656874
139.60988130269234,-600.9410851519083,-15.330526925666687
139.6096126036152,-600.7962344071974,-15.39790009698686
139.61069535299282,-600.6487986311307,-15.28749549052925
139.6095672151813,-600.5029427131635,-15.481130513624876
139.60760227789197,-600.3552104954273,-15.496987758942723
139.60344281537076,-600.2049374315006,-15.394048485910124
139.60054804904792,-600.056293415245,-15.547761108804062
139.59959005864133,-599.910089256755,-15.52369595392022
139.59985615928156,-599.7621857511831,-15.489784183553558
139.60118462692202,-599.6160458927186,-15.477534967249099
139.6022960075339,-599.4723371972182,-15.417628132007799
139.60334816443802,-599.3268919246465,-15.462568058427548
139.60478417925793,-599.1789012249816,-15.32973020706952
139.60709787567245,-599.0325061965156,-15.535118368946073
139.60708842472357,-598.8885123649164,-15.562728753044844
139.60291670093775,-598.7427800182957,-15.412561359365839
139.59838252043392,-598.5987726064891,-15.665475403237428
139.5950723347092,-598.452891620391,-15.740611669331237
139.5916433594706,-598.3044440045704,-15.63797015764727
139.58536294953265,-598.1575943177857,-15.800428594463108
139.58106735181835,-598.0088860790203,-15.78510925350117
139.58175069838296,-597.8619210914766,-15.741357581395214
139.5850645595411,-597.7131282562225,-15.736658371139425
139.5884449487037,-597.5618193495276,-15.641343300368826
139.59302434459912,-597.4121591774398,-15.735982233841924
139.59818907932168,-597.260690585832,-15.652843389537246
139.60462942780472,-597.1110145302897,-15.730095513674208
139.60959063630588,-596.9595590414172,-15.62956986003339
139.61007523517864,-596.8099016994981,-15.7497734091543
139.60883628671954,-596.6627324469437,-15.69219918049743
139.60850224939438,-596.5138872194095,-15.722606483542544
139.61040905616017,-596.3668237067823,-15.575236008809878
139.6127369127146,-596.217941440427,-15.803195053221742
139.6147052052669,-596.0665461933366,-15.853376319855828
139.61534159152467,-595.9168015269468,-15.725779808712135
139.6140581012523,-595.7652500119522,-15.919637022117145
139.61199822309115,-595.615492526561,-15.93571645774438
139.60898925228608,-595.4682237313273,-15.822887477142244
139.605422590537,-595.3192804969906,-15.99835745668917
139.6013844497884,-595.1721206786104,-15.996049658458318
139.59772011124173,-595.0231438163942,-15.933073481232858
139.5974715370614,-594.8759223274511,-15.9894664044622
139.5987309843649,-594.7311457298944,-15.868081549913766
139.60027412382576,-594.5846504888912,-16.043572674364768
139.60267338817906,-594.435628340404,-16.04128602103799
139.6035670879734,-594.2882202365321,-15.959461547245787
139.60332385334775,-594.1432314123937,-16.062021167366407
139.6020353578417,-593.996521840812,-15.986803009709252
139.6001454687623,-593.8515546558708,-16.074828734332776
139.598983512724,-593.7089977037768,-15.985076681178521
139.59921744666872,-593.5646836082377,-16.0721774203401
139.6009592315495,-593.422070551146,-15.981500381723901
139.60338848123249,-593.2775593096669,-16.070636088901757
139.6059206745471,-593.1347237023003,-15.981994018301835
139.60802677650537,-592.9899879948388,-16.076053684732774
139.60878570674225,-592.8469307307532,-15.992335573385933
139.60926440896043,-592.7062437475432,-16.075562529460093
139.61009092403216,-592.5637650353807,-15.981011707756474
139.61179658012696,-592.4229543413338,-16.088070626615544
139.61447513953968,-592.2844798918923,-16.017351767696837
139.6156675178821,-592.144175439097,-16.07667725731799
139.61490125729625,-592.0012337600708,-15.95822496916137
139.61293283351975,-591.8597975841225,-16.131964891994823
139.61116263913217,-591.7206740455141,-16.1279270370505
139.60945726672034,-591.5797250135896,-16.059356095705787
139.6086104462224,-591.4404154914558,-16.132757944441934
139.60794737977653,-591.2991484955952,-16.028382015400307
139.60733049441941,-591.1552324689301,-16.175854392625222
139.60755472987182,-591.0128334418167,-16.145548992072364
139.60794400035968,-590.8727630452216,-16.130066206621994
139.60877140822993,-590.7351504870372,-16.081973667946144
139.60967467599804,-590.5957199862515,-16.110323030810783
139.60770382482636,-590.4536422418455,-15.97990109917525
139.60477373530557,-590.3130557099691,-16.198776015440096
139.60210591494376,-590.1747668734965,-16.239873153927164
139.60076049074777,-590.0346376840013,-16.103192514636454
139.6001093473735,-589.8961333723742,-16.321735254409347
139.60001698753598,-589.7599238754194,-16.362500216404467
139.60045014241243,-589.621843876467,-16.225487400621805
139.60056979536228,-589.4853535815445,-16.458862262010324
139.59857171286265,-589.3511224227337,-16.514459345621066
139.59535538933534,-589.2149854898482,-16.392278651454028
139.59317493864822,-589.0761369051934,-16.583621956399288
139.5920540067167,-588.9387207256107,-16.59718748356677
139.59321603179043,-588.8035453904855,-16.46639043490942
139.59481812168636,-588.6664740512402,-16.64849060862225
139.59648543926824,-588.530972970218,-16.652813004557306
139.59855275609277,-588.3934464006595,-16.528249511277966
139.59984933759327,-588.2532040001606,-16.69193541871473
139.60343910953645,-588.1144129920586,-16.67784354837372
139.60743646503394,-587.9778861789957,-16.589090996457283
139.6118691526307,-587.8437539196152,-16.650490610673444
139.61796853064598,-587.7077415631046,-16.534112447111827
139.6243145000354,-587.5690209184605,-16.64689107361405
139.62774308946834,-587.4317315320247,-16.581891922338496
139.6288967740825,-587.2924142907267,-16.595734499589163
139.62957906977394,-587.1546728792212,-16.436125274082137
139.6289236061421,-587.0192056226379,-16.648712681308705
139.62800991279502,-586.8818531757993,-16.68352231075749
139.62705756825474,-586.7460771479314,-16.540554162428496
139.62898748237595,-586.6125474406983,-16.725928533196726
139.63146640056195,-586.4770994200952,-16.733525126187175
139.63401986383562,-586.3389274419999,-16.582956621608187
139.63449858687136,-586.2021757849835,-16.78975222057085
139.633732442243,-586.0633864379718,-16.818770041755734
139.63519399813876,-585.926163445896,-16.67001008516284
139.6370803075666,-585.7912053406949,-16.84932821188943
139.63943540685565,-585.6543529503647,-16.85086856083824
139.64185076937153,-585.5190680481159,-16.71362379315086
139.6442438327103,-585.3817540287596,-16.891107170951983
139.6461877348684,-585.2417204298127,-16.890812770975334
139.64719282484856,-585.1031345039105,-16.734105784257302
139.6488171911134,-584.9625424457856,-16.916806043925863
139.65013164387054,-584.8235486927094,-16.921728525816643
139.65259919726472,-584.6825847340202,-16.762945287879145
139.65484983224914,-584.5432315549541,-16.959614189119424
139.65497174118735,-584.4061824436927,-16.978505312581923
139.65466617110033,-584.2672766222413,-16.81961865826665
139.6538670066495,-584.1299750082125,-17.03061640887137
139.65503560033144,-583.9906803030677,-17.063836381698316
139.65781490341865,-583.8529680599507,-16.91927857674748
139.66128748718748,-583.713264216697,-17.075250636528203
139.66526000590125,-583.57514895252,-17.05344491853115
139.66722090244895,-583.4350490434709,-16.967561498124667
139.668751586257,-583.2965447374874,-17.02264902301893
139.66565356890294,-583.1560627244686,-16.89995877013541
139.66372898311886,-583.0171831364503,-17.012522659812483
139.66412156664657,-582.8763325431282,-16.94730877171177
139.66661644507093,-582.7370909571838,-16.933424658866663
139.67031763309257,-582.5958848308261,-16.80661504045924
139.6725629994707,-582.456294061294,-16.937642423177792
139.67325326742053,-582.3147449874048,-16.890892028118568
139.67197825409605,-582.1748173950283,-16.85988689724886
139.66827320692846,-582.0372041802682,-16.798942629606664
139.66454729144084,-581.9020110067524,-16.799164018419493
139.6629235264206,-581.7649579221755,-16.664820963031268
139.6625663961519,-581.6252153881449,-16.845321462663144
139.66041256090844,-581.4869224135962,-16.848044184517246
139.65546423921572,-581.3466195176932,-16.764599974216
139.6496167296972,-581.2079100564832,-16.87542345910096
139.64243876941558,-581.0672253723268,-16.80846916620815
139.63509680552755,-580.9281464924226,-16.897112610572346
139.62947090440466,-580.791366784105,-16.807978277158767
139.62426822865078,-580.6527255548453,-16.973620477335313
139.61675841380364,-580.515683807769,-16.961484899734078
139.60889397739345,-580.3766443286434,-16.9624302815679
139.60148113309958,-580.2391827534775,-16.92519666375571
139.59303203434783,-580.0997251015061,-16.962555956275864
139.57956429410896,-579.9618516318905,-16.83111040162041
139.57637947787833,-579.8262558658694,-17.061634621862407
139.57529654161345,-579.6887774470172,-17.11438106432663
139.57382804976868,-579.5528777462225,-16.989349729013075
139.56819310980302,-579.4149599181175,-17.21986400003623
139.571257466026,-579.27859996255,-17.272600493281615
139.5825923217538,-579.1402242564135,-17.147559208749218
139.5843249594344,-579.0034134102062,-17.378095368053824
139.58411251154746,-578.8645946235752,-17.43085374958065
139.58474784580582,-578.7230818938248,-17.305834353329697
139.5900628117394,-578.5830430009404,-17.489321469526235
139.5925403356036,-578.4410238730169,-17.495030807944996
139.5972915796034,-578.3006285256827,-17.400315596757057
139.601608661049,-578.1582880016284,-17.512433061370523
139.6057775114921,-578.0175828407944,-17.446772748206214
139.60698098097285,-577.8749392260031,-17.48087165938992
139.61373781380627,-577.7339366296084,-17.337192792795847
139.62191988879883,-577.5910009404862,-17.533531632636144
139.62780486715664,-577.4497114959527,-17.55209269469866
139.63438050649532,-577.306494083548,-17.3928759789834
139.64058831338178,-577.1649279474344,-17.62809853133475
139.64129204274653,-577.0214387849594,-17.685543305908322
139.64088494801152,-576.8796057519671,-17.565210302704116
139.64026147824836,-576.7401211257852,-17.72899002086448
139.6420693783829,-576.5988232956488,-17.71499196124707
139.64598228458388,-576.4591723938612,-17.62603302573871
139.65067120844336,-576.3175703572355,-17.706688461634872
139.65544864891737,-576.1775919892742,-17.609566119753257
139.65976518022757,-576.0356624918346,-17.708181049670586
139.66064102792637,-575.8953613213516,-17.62901820181014
139.66081628240232,-575.7573812106848,-17.67402091154757
139.65879381461443,-575.6175610291106,-17.54124584350722
139.65677123302677,-575.4793613870485,-17.690097659862655
139.65518806095065,-575.3391846922425,-17.661171698440317
139.655770398113,-575.2006062109917,-17.6050541469028
139.65718822166122,-575.060051599741,-17.60875809361867
139.658752977885,-574.9211007614056,-17.480854744177083
139.65909286633317,-574.7844468673541,-17.647187890726343
139.65712783614606,-574.6459292175414,-17.635743259497822
139.65555110266124,-574.5047421787073,-17.559968559311677
139.65407445317086,-574.3650292555101,-17.621019566387854
139.6501730439388,-574.2233315170145,-17.504292795686254
139.64584216946747,-574.0832520721845,-17.688337913451996
139.64148699660745,-573.9412218604142,-17.694605253439963
139.6371889043059,-573.8008214804898,-17.62686154991088
139.63337402320658,-573.6627438723381,-17.707844364341526
139.62971004043445,-573.5228279223012,-17.611049400994393
139.62695145841604,-573.3845342196211,-17.746544098135868
139.62482385638157,-573.2442651435173,-17.704261017499558
139.62244204290613,-573.1055959306998,-17.72453001712166
139.62004326182307,-572.9649522082331,-17.60718444017527
139.61479875877163,-572.8216471834448,-17.801991820568436
139.60494947759216,-572.6798480141006,-17.819021423183827
139.59801709723052,-572.5403667151423,-17.708802519652192
139.60204046866426,-572.3990660576243,-17.87853032964401
139.60244488028556,-572.2551444710789,-17.87048036185805
139.60211974831245,-572.1127455835145,-17.82953429098716
139.6057635539418,-571.9684097977029,-17.837460980236454
139.61055999074495,-571.8257394078622,-17.733167152776897
139.60771073779276,-571.6854311872045,-17.899260684299037
139.6037835362648,-571.5433242284106,-17.8875764380434
139.60257304299904,-571.4028785987367,-17.8546257798058
139.60479955173432,-571.2647626838422,-17.84496256126185
139.6035733505234,-571.1248103604709,-17.784066975391877
139.602084713296,-570.9864811884478,-17.840583042083594
139.60261987170585,-570.8461773282519,-17.71932133099753
139.60355217810135,-570.7074739630999,-17.908642873164645
139.60290621018078,-570.5667967003722,-17.92018663755398
139.60113244116297,-570.4277254014214,-17.81733613367522
139.60326678330733,-570.2909531981444,-17.989651686652937
139.60697550370696,-570.1523193520043,-17.984189461852875
139.60313835351192,-570.0110181919923,-17.956352134190784
139.59332571311185,-569.8711931857039,-17.973039588380715
139.5865659766676,-569.7336520324718,-17.887072078051755
139.59202051504394,-569.5942571240304,-18.022245045219915
139.59696388828303,-569.4564739699114,-17.97964023461029
139.60009027829747,-569.3167060826268,-18.019415262395903
139.60198747412014,-569.1785290586614,-17.882655090156444
139.60155673765274,-569.0383687250342,-18.143673246861034
139.59737942964597,-568.899805120886,-18.226913625787844
139.59210155126743,-568.7592648783371,-18.132376226936877
139.5936635108626,-568.620328102669,-18.28640294885345
139.5978050012938,-568.4751546767418,-18.262651892992245
139.6011697189172,-568.3307986094873,-18.2562482158869
139.60515433932838,-568.1886590780347,-18.188181638851994
139.60838315902907,-568.0447177270788,-18.24637255277323
139.6085384531519,-567.9024631781027,-18.126785688916687
139.6084875001983,-567.7625691653301,-18.32652390051219
139.60962980027142,-567.6208701968687,-18.348484334329918
139.61099450490443,-567.476558844821,-18.208615824375364
139.61238428131682,-567.3337774441741,-18.424770990719825
139.61252552859835,-567.1890660359498,-18.463148379286512
139.6120043945368,-567.0460267440161,-18.323747990075418
139.6130026403355,-566.9053562119367,-18.557675068562045
139.61346923149938,-566.7628934127289,-18.613824369270894
139.61341041132863,-566.6220982976841,-18.492195892201966
139.6136597898889,-566.483639138886,-18.65882565286472
139.61602059481143,-566.3433497015956,-18.647677635749698
139.62000388689194,-566.2004227694927,-18.585348162291638
139.62055546958337,-566.0590010770171,-18.640318337232706
139.61794708788756,-565.9198917632045,-18.517510734395998
139.61474381029842,-565.778956702032,-18.691431460636757
139.61270088903413,-565.6353942344798,-18.68757440909974
139.61297420502612,-565.493348062968,-18.599803922481176
139.6137068813086,-565.3536253628813,-18.69194610415312
139.61534234269757,-565.2120878577031,-18.60631050804729
139.61836887899034,-565.0679337026912,-18.6796545972579
139.61875236396992,-564.9253064101396,-18.57522090869073
139.61736978467826,-564.7850129671295,-18.699321690205167
139.61565365588228,-564.642914911884,-18.64564469394183
139.61512722435052,-564.4982102176436,-18.658080752387843
139.61566933040893,-564.3550422179226,-18.52506809047328
139.6176494340326,-564.2099510575457,-18.707342168907545
139.6202996423622,-564.0665387837631,-18.711838469564032
139.62263551311452,-563.9212352618598,-18.596293274786426
139.62405396174512,-563.7776200293106,-18.744839369963824
139.62526875245976,-563.6321183157172,-18.71560768736344
139.62601486790103,-563.4883086636196,-18.688361833528727
139.62542285909024,-563.3468827166508,-18.66144760085399
139.6245716451099,-563.2036782352869,-18.633803801627298
139.62162558513896,-563.0621547330013,-18.621866382148244
139.6191255666006,-562.9187135385637,-18.561273593891052
139.61798231216792,-562.7726621915723,-18.603022172501323
139.61877111461945,-562.6281659887828,-18.466992973333817
139.62116710992407,-562.4860358719401,-18.67470165594677
139.6226184674216,-562.3421337117262,-18.70463256078195
139.62221581138445,-562.1999237513389,-18.566030792366785
139.61980541263733,-562.0558081059093,-18.812298682880147
139.61620463546373,-561.9090943015393,-18.880788795615732
139.61241699365797,-561.7639474617102,-18.77150113057354
139.60946895872036,-561.6211783254001,-18.957978438110807
139.60796277276438,-561.480915224177,-18.9666779678703
139.60800015569384,-561.3388815162996,-18.88888300239942
139.60998838739877,-561.198513722048,-18.996679037546464
139.6127491784523,-561.0604754524842,-18.926697294915733
139.61480388345836,-560.9205996321361,-19.017304239814454
139.61668814878374,-560.7780789799651,-18.9301334069354
139.61686708328833,-560.637056321816,-19.05385590593599
139.61752551789357,-560.4983389180537,-18.999800627158802
139.61868115478237,-560.3577887682445,-19.04596846269084
139.61991979640322,-560.2146043380233,-18.9143585204451
139.62115742273411,-560.0729294525049,-19.11234483783017
139.62319857754363,-559.9293047409658,-19.13255337743747
139.62496074162493,-559.7873327267865,-19.005939923634756
139.62623137900474,-559.6477104096141,-19.202334855334065
139.62656430642372,-559.5062771047986,-19.220952009255598
139.6283476235495,-559.366493098345,-19.083738270628228
139.63080632255085,-559.2247603241002,-19.289352495608444
139.63254379643038,-559.0803868846419,-19.317188942810887
139.63205720343487,-558.9375386232799,-19.167247612235553
139.631132717498,-558.7970270172542,-19.391465206167958
139.62931246788398,-558.6547144629149,-19.437905022322585
139.63062606464015,-558.5097990530189,-19.30656706069944
139.63624730396097,-558.3664240911746,-19.475755909603702
139.64306079194654,-558.2253963295092,-19.467166980730184
139.6496051600582,-558.0825770693787,-19.356907068696366
139.65517951762638,-557.9371640501437,-19.47032331961522
139.65965926000044,-557.7933003753615,-19.40596179275629
139.6663221452219,-557.6475259639556,-19.40430381851259
139.66634023131192,-557.5034426412982,-19.25999758407095
139.65845487812902,-557.3617467214239,-19.44361529984257
139.65320942878128,-557.2182768462999,-19.449455237836407
139.65103233992463,-557.0764926405723,-19.312152263138845
139.64991055287436,-556.9327953885387,-19.48506325191792
139.64613933604568,-556.7864925548283,-19.480196462919217
139.64271497945614,-556.6417493561955,-19.380549620938584
139.64146203020823,-556.4993766545142,-19.49881978440709
139.64025051548455,-556.3552362417583,-19.43931217009781
139.63906451809737,-556.2127922837689,-19.492774699355994
139.6366684916959,-556.0684468196908,-19.3684594508364
139.63365386964483,-555.9257739676618,-19.55039744202395
139.63302418086633,-555.7854647630494,-19.554557655433722
139.63205732320498,-555.6433571299414,-19.43975185259889
139.63103678263155,-555.5029108974718,-19.586671285502185
139.6349515753861,-555.3605277359918,-19.555812940627703
139.64103153553154,-555.2197821936728,-19.52274841046268
139.64416916972195,-555.0770992228992,-19.50393482127018
139.6433866034795,-554.9360580353522,-19.463170050827006
139.63977601587044,-554.7930844568957,-19.456596545801993
139.64058273012293,-554.6474911355953,-19.360704479079253
139.64308454258943,-554.5034445262958,-19.466013692535952
139.64671112669927,-554.3617559222843,-19.39354512821488
139.65010042038594,-554.2182873794762,-19.461420414165687
139.64969449714445,-554.07223662374,-19.351517922338722
139.64730330364787,-553.9277465917219,-19.520549626580273
139.64372595307447,-553.7856236737916,-19.511803553044043
139.64037469340497,-553.6417288157339,-19.467692025934852
139.63793764760928,-553.495259407632,-19.501384496686175
139.63489677146194,-553.350358209992,-19.363908172144374
139.63177837726056,-553.2078314714776,-19.603003197247446
139.62951016327705,-553.0635400050693,-19.664320444572738
139.6274442443804,-552.9209477383823,-19.547859914120256
139.62462683312543,-552.7807232905435,-19.75481797000461
139.62169919324776,-552.6387000430659,-19.783998248111185
139.61796803407938,-552.4983369218469,-19.675246969610058
139.6128972364277,-552.3560354347147,-19.869945115645876
139.60393107353482,-552.2111034511057,-19.886865483903918
139.5984235785771,-552.0677066230794,-19.800385562625113
139.6023154793569,-551.9266562477237,-19.922588056105152
139.61132079669534,-551.7838145460184,-19.867012771807413
139.61423405505445,-551.6383794388008,-19.921225063929107
139.61095591305443,-551.4944940608943,-19.797659578273024
139.60525233566875,-551.3529649986693,-19.98734898004974
139.60202301097323,-551.2139200573545,-19.999260604048683
139.60673002054472,-551.0730828016093,-19.87210214236212
139.6158355750557,-550.9296234350597,-20.046197424739223
139.622402448446,-550.7876799573402,-20.042514929338545
139.6283681900795,-550.6480584090697,-19.93086175255337
139.63659463703618,-550.506620308709,-20.047343185925204
139.6459793378119,-550.3668304620242,-19.986046841519265
139.65381777360705,-550.2293583883385,-20.005844576990114
139.66123547643033,-550.0900383609674,-19.847864534683186
139.65983420310798,-549.9523301832484,-20.099164627758427
139.6542232859993,-549.8169028917653,-20.172686943055893
139.64826090651002,-549.6795911878969,-20.06843148057558
139.64847658838625,-549.539588812451,-20.1780388313656
139.64992481506,-549.4010394475849,-20.109868404377842
139.6544753981361,-549.2604844980239,-20.158890454862018
139.65752839975562,-549.121527435251,-20.030134727568417
139.65653890906077,-548.9848662280618,-20.221841772058784
139.6547549926596,-548.8506078180473,-20.23577103877138
139.64872734015043,-548.7144727537433,-20.11357109644812
139.64522555592202,-548.5756318350516,-20.2814580806704
139.64474452628102,-548.4382243718815,-20.2715672871149
139.64898293331234,-548.2987911726252,-20.17357236627033
139.65369428144484,-548.1609358760968,-20.26940652546172
139.65596743417967,-548.0210901021089,-20.187462906875332
139.65525484077386,-547.8828351503038,-20.24328375665428
139.65107878835724,-547.746864655583,-20.121326828655445
139.64750321466173,-547.609018188204,-20.26987740358621
139.64656436709188,-547.4684903427183,-20.2406502007392
139.64945332835705,-547.3294248398581,-20.17579449144707
139.6530667639401,-547.1926296260083,-20.1893214963342
139.65512925885844,-547.053967335224,-20.03510697447141
139.65603089904945,-546.9169037149663,-20.254624255902883
139.65709821163452,-546.7778425114132,-20.296363759556574
139.65859414580828,-546.6360928838736,-20.160325485432487
139.6593331954582,-546.4958215662396,-20.344555466283254
139.65908902394168,-546.3535742137707,-20.35100766935624
139.65741790307564,-546.2086880611257,-20.231159489262335
139.6546638260587,-546.0653347515052,-20.384471707691144
139.65419810468472,-545.9200601464487,-20.360006148342176
139.6537860113655,-545.7764674100213,-20.294075712243238
139.65380117120668,-545.6309865884601,-20.319368004994235
139.65390156607333,-545.4871972104454,-20.16688251996745
139.65360691344029,-545.3415244589606,-20.39669725369304
139.6532374419225,-545.1975468230253,-20.44873420964085
139.65285826133385,-545.0516892254664,-20.322993387810882
139.65289319838826,-544.907530054748,-20.4751680847257
139.65301046208873,-544.7614941664924,-20.449565003862737
139.65355319003467,-544.6128932229179,-20.40493889287236
139.65417329203225,-544.4658927039217,-20.402163448162295
139.65356627183397,-544.3170362772223,-20.321414315413328
139.65477757148378,-544.1656590714954,-20.38870862968328
139.65921175217485,-544.0159306302221,-20.278225166175456
139.6634061118377,-543.8686614130044,-20.415635452559336
139.66708218751302,-543.7197118694648,-20.375267961165434
139.67019165775898,-543.5725446541692,-20.353722664454235
139.66821202778672,-543.4235602826952,-20.304866317218874
139.66524273250818,-543.2763313688245,-20.325495170025558
139.6645835119235,-543.1272808021382,-20.193256582739743
139.6643956818592,-542.9799857351707,-20.392625919212982
139.66389413459322,-542.8308699646549,-20.414217477908444
139.66333697700358,-542.6835108110545,-20.265763159889538
139.66318728803495,-542.5343320887995,-20.491409770642242
139.66476388836696,-542.3869111057525,-20.53927860361717
139.66707576824325,-542.241938324528,-20.409369658814324
139.66621293507018,-542.0952503521121,-20.636513337380592
139.66308476402565,-541.9460389037323,-20.685879238169083
139.65872490383953,-541.7984448785367,-20.557467361179796
139.6558251571699,-541.653273453003,-20.76721971277845
139.6553137851562,-541.5106512076758,-20.79919428659932
139.65651936092016,-541.3663005369903,-20.65339108264242
139.6580511802732,-541.2193905018826,-20.89200346468094
139.6596264624688,-541.0740579810566,-20.952838068941684
139.6607773665528,-540.9311079144944,-20.83589489542465
139.66141635993418,-540.7864007397314,-20.982816099384348
139.66194388326917,-540.643400200925,-20.951959525566263
139.66203094337413,-540.5027747747507,-20.867189765743824
139.6632606726449,-540.3603577104973,-20.905729459575415
139.66716722404365,-540.2153411390974,-20.766491375629226
139.67114291335923,-540.0718671241726,-20.948360049199728
139.67178877601012,-539.9264754731996,-20.95245094499245
139.6721701543926,-539.7785014207196,-20.804898085359568
139.6753696563177,-539.6321154077957,-20.990961487663018
139.677855278924,-539.488128937189,-20.999247112188684
139.67975033014503,-539.3424035159611,-20.829754958936576
139.68396609302715,-539.1941361772664,-21.05938436275788
139.68735404072498,-539.0474691461176,-21.111235988801408
139.6884731301298,-538.8989414409209,-20.98530983706716
139.68953319860447,-538.7521539949441,-21.104992704215842
139.6938534974748,-538.6035355778208,-21.046897793586744
139.69671106484034,-538.4523979839562,-21.0455510414152
139.6955358893913,-538.3029060671894,-20.919358340637043
139.69274954565236,-538.1558693931026,-21.067826726793438
139.6909125962553,-538.0114149558058,-21.038517335172056
139.6909360956736,-537.8652647623084,-20.959744663405765
139.6925651284188,-537.7165873314339,-20.975689874624944
139.69490276603034,-537.5695189765454,-20.81385730806635
139.69817021154688,-537.4248640756791,-21.036032954495262
139.70239848164152,-537.2784825130963,-21.0804308231464
139.7030610034771,-537.1338374892824,-20.94705091401976
139.70094584201698,-536.9873302802279,-21.116031602987256
139.69378433730515,-536.8425342922093,-21.10723451417698
139.68283897201002,-536.7001398691165,-21.011533887337368
139.67622405757126,-536.5559842574706,-21.107021044162295
139.67385642319806,-536.4135266212576,-21.024730423209444
139.67401636230463,-536.2691679776239,-21.100116455972383
139.67509020808424,-536.1264822332155,-20.997724710957545
139.67715467383633,-535.9818937103504,-21.11263277221241
139.68226434673662,-535.838981001897,-21.0497630556895
139.68749794571863,-535.6984359926239,-21.063621320928792
139.69186056317594,-535.5560967188743,-20.903977581846792
139.69557627154666,-535.4154229730116,-21.126038252271638
139.6982884191366,-535.2728163593341,-21.170321144918702
139.69952750402686,-535.1318513550438,-21.036826259787986
139.70127746494765,-534.9889528415806,-21.22956211818667
139.70433671274142,-534.8476999606968,-21.244520198807574
139.7072036419412,-534.7045184695236,-21.11535642144159
139.70916999998465,-534.5629876152781,-21.312661620535646
139.70928383337133,-534.4195331050117,-21.33218904185193
139.7106699873074,-534.2777341054652,-21.17417449273389
139.712290891164,-534.1340162382783,-21.402051834126915
139.71393569214987,-533.987691918341,-21.452151397742163
139.7143281020587,-533.8429273648484,-21.324473183579634
139.7144644528112,-533.7005336382944,-21.50441236584831
139.71372631918837,-533.5563725656835,-21.50657377033921
139.7132344532576,-533.4139083146717,-21.37736356934812
139.71485394740287,-533.2695429195497,-21.518372678195185
139.71728334742443,-533.1268504923363,-21.48160400926447
139.71942951048757,-532.9865220621139,-21.395739525356486
139.72148850295105,-532.8443955467416,-21.413185389954048
139.7247327778462,-532.699664102558,-21.25285347677383
139.72652530176254,-532.5564700753739,-21.45762990799253
139.72800198180963,-532.4113534021985,-21.484628561433453
139.72528426918888,-532.267916081399,-21.333849437096596
139.7205325521696,-532.126854628526,-21.52701062174879
139.71873050313488,-531.9840078899012,-21.542394028623203
139.71959912795,-531.8428356921868,-21.37999965771984
139.72222153375995,-531.6997395183552,-21.589313495929463
139.72680184377515,-531.5582936948833,-21.620849556361307
139.73129614800004,-531.4149229487508,-21.47460783901537
139.73324533207347,-531.2732062686978,-21.66718406162087
139.72931377038756,-531.1295692613103,-21.681982506448595
139.7222086417604,-530.9875910258942,-21.520270372272048
139.72032273935218,-530.8436971242206,-21.746881511904895
139.72032883724415,-530.7014665803416,-21.79571487375997
139.72194702624844,-530.5573248757565,-21.66677045783726
139.72222017478708,-530.4105842877178,-21.778992172867213
139.72180976378672,-530.2654109002403,-21.713436110119392
139.72085781116837,-530.1226156410527,-21.709705670386825
139.71857731133028,-529.9780602067648,-21.584056637798476
139.71565286915708,-529.8352086369666,-21.726628509492844
139.7126412305833,-529.6947295068369,-21.691422603409436
139.71253142936692,-529.5524561233806,-21.606820485681823
139.71505866835042,-529.4118473329347,-21.64029092246035
139.7180773724195,-529.2693045638883,-21.495983581461093
139.71909632571445,-529.1241356073928,-21.67490684277056
139.7184688370744,-528.9805060385665,-21.67605232630225
139.71669787321912,-528.8349604122528,-21.54437670697698
139.71472340136225,-528.6911015566826,-21.70490751393702
139.71273630928263,-528.5496260478737,-21.687660543119282
139.71036428735692,-528.4063726378756,-21.61525010114053
139.70671701488493,-528.260534362804,-21.701799295716008
139.70245589795664,-528.1162532590744,-21.61057071251371
139.69977528135558,-527.9700689208662,-21.710320706669876
139.69827200025608,-527.8255830019057,-21.632292923048265
139.69661312181034,-527.6792250109754,-21.731200269238034
139.69453605016653,-527.5345741415223,-21.652329837650026
139.69322799156873,-527.3880552865079,-21.748390564921422
139.68880345019133,-527.2432466580971,-21.666673514415038
139.6813527612909,-527.1008395754999,-21.76899680330686
139.6734028082391,-526.9609381472402,-21.6935423144209
139.67039762391158,-526.8192608923832,-21.786788412192234
139.6733556892838,-526.6749767709424,-21.70225673218579
139.6725327787773,-526.5322233170232,-21.796670872644412
139.6652124878223,-526.3875396012862,-21.713307235325253
139.65916260936004,-526.2445275571429,-21.82395345964962
139.6661924116678,-526.0996171297238,-21.756821906196212
139.67409372627455,-525.9563879739509,-21.831757546015933
139.67342763575556,-525.815532109389,-21.72891540805788
139.66900242638766,-525.6771541864766,-21.87771388934338
139.6671754406721,-525.5369732267977,-21.8487345928511
139.6700043057061,-525.3941586778587,-21.83503482291189
139.66838188592064,-525.2528485513194,-21.78772009455593
139.66589228358603,-525.1138490532817,-21.814358274716824
139.65956509686367,-524.9730218960277,-21.673599611696186
139.65214971325267,-524.8338320820557,-21.896413559230478
139.646266597942,-524.6926826585388,-21.941449728986996
139.64570516282024,-524.5531487715809,-21.80870812096573
139.65690049303578,-524.4159224738825,-22.018584991945843
139.66535639828902,-524.2725760236032,-22.050684085148173
139.65465171234177,-524.1300442478785,-21.907312302325263
139.64560937479902,-523.9854358589861,-22.145276002313448
139.65387788684887,-523.8424688001021,-22.205461924523853
139.665078527757,-523.7018633165018,-22.08787006895648
139.66848762976608,-523.5637298703916,-22.255016595649142
139.66166060565567,-523.4237887296798,-22.24438534456403
139.6590470073309,-523.2854763240488,-22.176218541395727
139.6659443764506,-523.1451901085362,-22.234629952810437
139.6779329542539,-523.006504312779,-22.115263586447366
139.6874821584652,-522.8701110211795,-22.291014481335008
139.68983167705372,-522.7318493794472,-22.288987598444873
139.68002339869776,-522.5951804554821,-22.173692074136504
139.67285461202286,-522.4565071442113,-22.302887116503808
139.68069790198356,-522.3194051981285,-22.25430438109333
139.68855561381415,-522.1803007527609,-22.269630843440822
139.69466178922826,-522.0427741818705,-22.134959737387447
139.6978650361976,-521.9032524526616,-22.316181948482647
139.6959212512989,-521.7653160008265,-22.31962638180007
139.69462014941178,-521.6253917006701,-22.196994406279522
139.69551942202048,-521.4870598653406,-22.351730530202502
139.69849042431795,-521.3510139090789,-22.32868887634771
139.70183351829826,-521.2130933377864,-22.24082762593937
139.70479281772296,-521.0724927138351,-22.304966821282164
139.70722260375584,-520.9333557326705,-22.191328238847174
139.70745681904233,-520.7964903171286,-22.326278897981922
139.7072485891177,-520.6620257450656,-22.283451779338893
139.70613349830975,-520.5256870600566,-22.248515884798003
139.70485289439443,-520.3909125915342,-22.196219297232407
139.70602317866886,-520.2541010920835,-22.182116234321157
139.70766699653825,-520.118827949995,-22.093388306059243
139.70896969793915,-519.9815196973997,-22.168835081568787
139.70977498207085,-519.8457572511844,-22.066504079300554
139.70923732981885,-519.7122348099247,-22.200076728735112
139.70720495912215,-519.5767926888207,-22.155871600391894
139.70161543845305,-519.4428929196922,-22.180369104969195
139.69580464986123,-519.3069393065645,-22.063121706010243
139.69085358334485,-519.1725084871346,-22.26240998371994
139.68655732085622,-519.0402941314317,-22.28392048365187
139.68286378823967,-518.9061367837554,-22.18264182824608
139.6801646651725,-518.7734988532957,-22.351499314583254
139.67605836709885,-518.6387845457349,-22.342579023142655
139.6667992569298,-518.5055708995724,-22.322349442089756
139.663626158353,-518.3702853131017,-22.327000298183915
139.66500427949663,-518.2365094002436,-22.27691419255454
139.66398415575028,-518.1006713462019,-22.31905029160583
139.6600331136748,-517.9663527829144,-22.183408612879344
139.65596274719854,-517.8299817595667,-22.43726563941095
139.65685796105427,-517.690873076539,-22.513344888164777
139.65668022571262,-517.5531952961784,-22.41164635914083
139.64560420610084,-517.4177617803385,-22.59082845632685
139.63250605524726,-517.2847032829613,-22.592232775735095
139.62371065184638,-517.1497455101285,-22.549289050814735
139.62946177700658,-517.0163272816403,-22.608611467861746
139.6396848585434,-516.8808477990483,-22.490156107130982
139.64490404752928,-516.7426162182769,-22.682704567405334
139.64576111842825,-516.6058001781295,-22.69747524990191
139.6453211318126,-516.4712130742334,-22.601626859520554
139.64873821350372,-516.3347192186209,-22.749140429470643
139.6549332214721,-516.1997852586114,-22.718876221642958
139.6578961523604,-516.0628156718205,-22.731501923308315
139.6605829728156,-515.9231203049077,-22.630971601866747
139.66481902529327,-515.7848665605221,-22.74648497570486
139.66889401142907,-515.6488674161177,-22.6842205717652
139.67370016227144,-515.5109867350967,-22.71554892709912
139.6769415252432,-515.374690716438,-22.56917232314227
139.67941316458962,-515.2363833958503,-22.81844707406957
139.68087259589586,-515.0953741856587,-22.889944047219096
139.68293194034882,-514.9515633952022,-22.783663242590844
139.68672464564332,-514.8092375977127,-22.930625901661887
139.68998874907533,-514.6692329879363,-22.899810782955154
139.6922793759971,-514.5231504590416,-22.87604848855441
139.6980405075895,-514.3779299645121,-22.836769980680486
139.70276935957781,-514.2306805683332,-22.822229809114226
139.69695072308372,-514.0851196054591,-22.743864408782223
139.69362623172327,-513.9376998629401,-22.810614956179304
139.6916691843778,-513.7920050008303,-22.6995877257986
139.69083657050865,-513.6487272195077,-22.84289474374725
139.6951722405098,-513.5037039161215,-22.80842398391812
139.70006745997836,-513.3561273953039,-22.778606322208873
139.70377296844126,-513.210139097074,-22.73855184463589
139.7071878341382,-513.0622780547143,-22.739816584185345
139.70433244874764,-512.916145376131,-22.66428037939876
139.6977978452873,-512.768170035065,-22.75770625215147
139.6922630014623,-512.61766403302,-22.6733543471264
139.68906193845427,-512.468792428586,-22.800272538181552
139.68678382450574,-512.322364988715,-22.749412951458922
139.68759914465642,-512.1742422386792,-22.812048931137593
139.6886108892959,-512.0278870612776,-22.696907133038486
139.689647529576,-511.8839668942593,-22.9103648666343
139.6841001834336,-511.73831392724856,-22.946044822452336
139.67978071337407,-511.59438590910344,-22.82769469743043
139.6757682509942,-511.44858319032295,-23.048210750256402
139.67721647850408,-511.30447917008235,-23.090949025304592
139.68055758031178,-511.15849770228215,-22.966471486865238
139.68217462797554,-511.01421692584535,-23.20516829365404
139.68342386679933,-510.86806161427944,-23.26608732266506
139.6780075546807,-510.7236100490078,-23.14922857389831
139.6725671643682,-510.5815536552566,-23.34296493229628
139.6671993328569,-510.43772998674285,-23.358923512916473
139.6680876889318,-510.29559835545103,-23.251060857774274
139.67144664812642,-510.1558265592486,-23.40620403242045
139.67525195608087,-510.01424792894346,-23.383569429288855
139.67950308051863,-509.8743214945598,-23.337109556178373
139.68419357448326,-509.7281822308717,-23.333667943688102
139.68685189977242,-509.5828788264063,-23.21678438005559
139.6878322062557,-509.4355424644267,-23.349473108936014
139.6905180779523,-509.2898949614257,-23.304384060038654
139.69350686362742,-509.14665666137427,-23.269723967612837
139.69610305825753,-509.0059373688468,-23.212120170949635
139.69652869991057,-508.8634565522068,-23.214393412497568
139.69651417739797,-508.7226498245808,-23.084937169981007
139.69682249526136,-508.57991383266176,-23.249986236850773
139.69595899623476,-508.43455534421355,-23.23725752594276
139.6944609702608,-508.2907396771842,-23.150206467718167
139.69244667748896,-508.1450112861474,-23.26426457359005
139.68912577907696,-508.00097293187054,-23.200544901684157
139.68435701231436,-507.8593211304287,-23.282072179877122
139.67813449434223,-507.7158945762855,-23.185821680292307
139.67540750193942,-507.569886249261,-23.33421989049001
139.67341839854237,-507.42543813053345,-23.304840322909936
139.67119449575034,-507.2833564267094,-23.301422038252763
139.66854459525237,-507.13950205676485,-23.240888931165205
139.66543651602032,-506.9973390824132,-23.31070887786895
139.66228100483494,-506.85326959392654,-23.202751046794916
139.6591608856402,-506.70660112422684,-23.38160227515779
139.65855799764992,-506.56149880985356,-23.38267572574289
139.66010979697418,-506.414506737239,-23.321658134455674
139.65713890817096,-506.2692272668977,-23.39724083528754
139.64878662327192,-506.1263565139227,-23.29504575834163
139.63865373609443,-505.981732777352,-23.46591937206708
139.63282972952337,-505.8388153149824,-23.45901520801475
139.6353476627226,-505.6982717113623,-23.420248813374318
139.64031950660373,-505.55593505518794,-23.446878881583274
139.64283497750827,-505.4152641320572,-23.32963673152357
139.6431807315646,-505.2726603419975,-23.524216572766022
139.64431962486026,-505.13169812134396,-23.541018636230696
139.64806672618803,-504.98880234393204,-23.440701207719524
139.65228217701448,-504.84755215066946,-23.59804666155522
139.6491340113289,-504.7086399658742,-23.57761433761313
139.64661300736398,-504.56790435606734,-23.5827112280635
139.64589773446625,-504.4288056343754,-23.53164384685047
139.64637511388543,-504.28774591657054,-23.59473697440802
139.6474949010384,-504.14830018219624,-23.48005232418778
139.6483165772098,-504.0111604727303,-23.659604776894522
139.6486562784571,-503.8721657330029,-23.661379451823482
139.64889475341295,-503.73051013463265,-23.617620944757544
139.64746514702222,-503.5903370219329,-23.669334993635935
139.64449025654199,-503.45245397952567,-23.543271264736546
139.6408361743529,-503.31272328778,-23.7619554683152
139.6387426674354,-503.1703436804492,-23.802861894116074
139.63863549433725,-503.0294592444169,-23.665990542139173
139.63974844557595,-502.8866108657344,-23.899054183155023
139.64108959304215,-502.7454013199076,-23.954340046393096
139.6412253056566,-502.6065278541927,-23.83184813185339
139.6411180011657,-502.4658300271235,-24.037977454951854
139.6417849526954,-502.3267683635463,-24.066329000272535
139.64136349211853,-502.1900116985495,-23.91690276781544
139.64319612100414,-502.051394350282,-24.14468759033216
139.64997439261586,-501.9101096454247,-24.1946946350711
139.65559027957656,-501.7703008517185,-24.066923902032265
139.6596618192147,-501.6285089653085,-24.237665736939928
139.66172213860239,-501.48833705607564,-24.23062979406981
139.6625295782865,-501.34621603165397,-24.121653757272956
139.66471940288767,-501.20145979431965,-24.21344726044826
139.66879722696683,-501.0582352697781,-24.12746298584578
139.67442843299912,-500.9173540588109,-24.159273723304562
139.68070089382513,-500.7746784877811,-24.01330668298556
139.6820808417226,-500.63367320841576,-24.205278616131803
139.68205199444205,-500.49074072913425,-24.219472771500264
139.68133113173164,-500.34945562735265,-24.055889149090948
139.68253545153829,-500.21050938918523,-24.258418451724776
139.6861627908555,-500.06974038135013,-24.283169976580826
139.688991145249,-499.9306088676929,-24.1301437236591
139.69079636606193,-499.78951694551,-24.314147257864676
139.6911392859072,-499.650039582293,-24.320373014292475
139.6911848684767,-499.51286880892377,-24.1488209929425
139.69199166863893,-499.3738435600787,-24.350082551023558
139.6917072378285,-499.23642466412207,-24.373566331326842
139.68997482828397,-499.10128144081887,-24.219272333852345
139.68838812837282,-498.9642487223334,-24.424863128296238
139.6872655812315,-498.8287870145855,-24.45267614496235
139.68707316309238,-498.6912994088286,-24.302711383850685
139.68542506292277,-498.55109533608515,-24.48938052496301
139.68474304377173,-498.41234198342346,-24.498271888297563
139.68508527398566,-498.271585489127,-24.329385473854337
139.6856274867984,-498.1324302366447,-24.54358091896277
139.68620198465985,-497.99130766278284,-24.579998586293428
139.68677476889474,-497.851798701251,-24.438638475846307
139.68939417525078,-497.7103299229714,-24.58757560771886
139.69238565225174,-497.5704811817445,-24.558734961813638
139.69540899793103,-497.43294540780335,-24.436630605027354
139.69757438531855,-497.2935616249932,-24.510305523290516
139.69953738442706,-497.1557905875425,-24.4062026637759
139.70019820989245,-497.01603484280747,-24.477874288041384
139.70058920222263,-496.877869793874,-24.371768134529095
139.70051000047928,-496.7377212314635,-24.452547450033915
139.69787210856825,-496.59490252368965,-24.355548987760958
139.69517066197528,-496.4535809862425,-24.411590938094797
139.69455003613083,-496.3145687891711,-24.28985511065086
139.69558640111472,-496.17372885586656,-24.405019708805302
139.69776253596234,-496.03452643214456,-24.342406529181964
139.69849123086485,-495.8933646114765,-24.346299524353302
139.69892007411747,-495.75381854620207,-24.20387893497636
139.69640640349166,-495.61231362049017,-24.397449564938967
139.69087420229462,-495.4724294371899,-24.413242417123797
139.68810408628923,-495.3305921996455,-24.272844808983837
139.68757022897205,-495.190381591964,-24.485463546891747
139.68708054936323,-495.0524904166755,-24.520304507021876
139.68578355851722,-494.9127575801363,-24.37736768937423
139.68187777373797,-494.7746437228,-24.60497357708794
139.67709511244453,-494.6345512806086,-24.654801687023873
139.67426020703107,-494.4960555472907,-24.52685201918203
139.67349961589284,-494.35984887284354,-24.68858662176742
139.67316470490582,-494.2260371717627,-24.67254344657503
139.6745623597942,-494.09034089843715,-24.59278420977606
139.67710976121037,-493.95619761321666,-24.66260119740046
139.6769744377786,-493.82000607456257,-24.55464040724708
139.67918093842164,-493.68534183154924,-24.6676990344734
139.6822350892038,-493.5486316057869,-24.602979883921943
139.685004666536,-493.41345650668563,-24.64910601513515
139.68644416185614,-493.2805109232148,-24.517454368570583
139.6834887235071,-493.1499020245018,-24.706135102123746
139.67846255354743,-493.01735134485523,-24.71703805789913
139.67679327612726,-492.88629747424375,-24.577997332971062
139.67828489582718,-492.7531401760434,-24.778233594479484
139.6779217030265,-492.61718931834423,-24.80069207821013
139.67678026868998,-492.4826132720548,-24.645372784162994
139.6796096420013,-492.35022615848334,-24.86732056440002
139.68319293686625,-492.2158930037374,-24.911490566859268
139.68605472029267,-492.0830811567352,-24.77788279154074
139.68338927828935,-491.94819578421686,-24.970867008352613
139.67513541081968,-491.8148140763379,-24.986073447386712
139.670402135483,-491.67936341900986,-24.82350210864303
139.67465896293322,-491.5454253811407,-25.04730305387913
139.6802426027282,-491.40942809703523,-25.093326221337453
139.67943619322617,-491.270686480612,-24.961571611017995
139.67736324279988,-491.1333692118255,-25.136377531498574
139.6824637994837,-490.9982897692779,-25.13340567420138
139.68892651633894,-490.86131235516103,-25.0154886491441
139.6918719732554,-490.72590346995327,-25.103450104270117
139.6948934205746,-490.5927341057836,-25.013633781618353
139.7019955387236,-490.4576399434454,-25.025675913674448
139.71145722758044,-490.3240821606711,-24.85994026795277
139.71591404211512,-490.18846447560907,-25.062503577429357
139.71725138486752,-490.05436359494365,-25.087289109128168
139.71671381327766,-489.92247328768264,-24.934296863049198
139.7166302376153,-489.7886342016946,-25.113525137756262
139.71663864977006,-489.65630884918414,-25.11497563468555
139.71872045095984,-489.52616820393825,-24.963830763663342
139.72282998878416,-489.3940487226554,-25.148395702134415
139.72810973828632,-489.2591458401212,-25.155182862827708
139.72984888479778,-489.1256048961106,-24.98419224574322
139.72962317618294,-488.98996892211943,-25.207717381106868
139.72859703995428,-488.8558429870957,-25.253464738692735
139.72989118991808,-488.72392662871897,-25.121434318500828
139.73039721365421,-488.5900616627687,-25.28274568736747
139.7307384153628,-488.4534441659305,-25.266279278456338
139.73104180001937,-488.3182191673142,-25.168649378060834
139.7333884175726,-488.18092920165594,-25.226080492264273
139.7361103075889,-488.0451788109898,-25.105733828689935
139.7388685407731,-487.9074003408782,-25.222542710775702
139.74036281438563,-487.77117577089683,-25.161573815083695
139.7387048219702,-487.6329327303813,-25.16654983005056
139.73561862335242,-487.4962521190018,-25.017049708234566
139.73229067609674,-487.3660945621446,-25.207397087340862
139.72937237658556,-487.2390927458895,-25.21996668866938
139.72698817799412,-487.1145283258082,-25.054758512220126
139.72433404152213,-486.9964896344917,-25.27496316707516
139.72248677630387,-486.8857015280936,-25.31739004415242
139.72041471310834,-486.77793919174786,-25.182039143451902
139.71339560410505,-486.676581295974,-25.397656458326377
139.7054869132682,-486.5779458228322,-25.43549599542307
139.698746563001,-486.4855243165015,-25.295557754741992
139.6948015213849,-486.39566004273416,-25.46956588424037
139.694348093202,-486.3075852851508,-25.465796235960976
139.6978865475732,-486.2253877162455,-25.349634351064537
139.7025837204375,-486.14980128383354,-25.480735386725588
139.69922716609747,-486.07661208575905,-25.434058644608857
139.69266493731163,-486.00494324759126,-25.38409325504344
139.6925397920016,-485.9388644382143,-25.331962000976255
139.6994585098978,-485.87911008877336,-25.27519475992406
139.7101533786696,-485.82147047095606,-25.219229356905558
139.7193962617051,-485.76934022958363,-25.175597687990706
139.7241070710346,-485.71905327137745,-25.123633581825594
139.72743380077912,-485.67411682876565,-25.099401726499952
139.72591551222806,-485.63088958534547,-25.014158919327475
139.71892892456614,-485.5886189692255,-25.091339317329144
139.71464759743992,-485.55140752732825,-24.990741937553036
139.71055754574,-485.51573714967134,-25.13930239528269
139.70697458541613,-485.485148963567,-25.11008507523457
